[2026-05-12T04:47:56.847+0000] {processor.py:161} INFO - Started process (PID=9159) to work on /home/airflow/.local/lib/python3.12/site-packages/airflow/example_dags/example_python_operator.py
[2026-05-12T04:47:56.848+0000] {processor.py:830} INFO - Processing file /home/airflow/.local/lib/python3.12/site-packages/airflow/example_dags/example_python_operator.py for tasks to queue
[2026-05-12T04:47:56.850+0000] {logging_mixin.py:188} INFO - [2026-05-12T04:47:56.849+0000] {dagbag.py:545} INFO - Filling up the DagBag from /home/airflow/.local/lib/python3.12/site-packages/airflow/example_dags/example_python_operator.py
[2026-05-12T04:47:56.869+0000] {processor.py:840} INFO - DAG(s) 'example_python_operator' retrieved from /home/airflow/.local/lib/python3.12/site-packages/airflow/example_dags/example_python_operator.py
[2026-05-12T04:47:56.913+0000] {logging_mixin.py:188} INFO - [2026-05-12T04:47:56.912+0000] {dag.py:3089} INFO - Sync 1 DAGs
[2026-05-12T04:47:56.933+0000] {logging_mixin.py:188} INFO - [2026-05-12T04:47:56.933+0000] {dag.py:3947} INFO - Setting next_dagrun for example_python_operator to None, run_after=None
[2026-05-12T04:47:56.969+0000] {processor.py:183} INFO - Processing /home/airflow/.local/lib/python3.12/site-packages/airflow/example_dags/example_python_operator.py took 0.133 seconds
[2026-05-12T04:48:28.646+0000] {processor.py:161} INFO - Started process (PID=9227) to work on /home/airflow/.local/lib/python3.12/site-packages/airflow/example_dags/example_python_operator.py
[2026-05-12T04:48:28.648+0000] {processor.py:830} INFO - Processing file /home/airflow/.local/lib/python3.12/site-packages/airflow/example_dags/example_python_operator.py for tasks to queue
[2026-05-12T04:48:28.650+0000] {logging_mixin.py:188} INFO - [2026-05-12T04:48:28.649+0000] {dagbag.py:545} INFO - Filling up the DagBag from /home/airflow/.local/lib/python3.12/site-packages/airflow/example_dags/example_python_operator.py
[2026-05-12T04:48:28.666+0000] {processor.py:840} INFO - DAG(s) 'example_python_operator' retrieved from /home/airflow/.local/lib/python3.12/site-packages/airflow/example_dags/example_python_operator.py
[2026-05-12T04:48:28.705+0000] {logging_mixin.py:188} INFO - [2026-05-12T04:48:28.704+0000] {dag.py:3089} INFO - Sync 1 DAGs
[2026-05-12T04:48:28.745+0000] {logging_mixin.py:188} INFO - [2026-05-12T04:48:28.744+0000] {dag.py:3947} INFO - Setting next_dagrun for example_python_operator to None, run_after=None
[2026-05-12T04:48:28.807+0000] {processor.py:183} INFO - Processing /home/airflow/.local/lib/python3.12/site-packages/airflow/example_dags/example_python_operator.py took 0.170 seconds
[2026-05-12T04:48:59.053+0000] {processor.py:161} INFO - Started process (PID=9295) to work on /home/airflow/.local/lib/python3.12/site-packages/airflow/example_dags/example_python_operator.py
[2026-05-12T04:48:59.055+0000] {processor.py:830} INFO - Processing file /home/airflow/.local/lib/python3.12/site-packages/airflow/example_dags/example_python_operator.py for tasks to queue
[2026-05-12T04:48:59.057+0000] {logging_mixin.py:188} INFO - [2026-05-12T04:48:59.057+0000] {dagbag.py:545} INFO - Filling up the DagBag from /home/airflow/.local/lib/python3.12/site-packages/airflow/example_dags/example_python_operator.py
[2026-05-12T04:48:59.076+0000] {processor.py:840} INFO - DAG(s) 'example_python_operator' retrieved from /home/airflow/.local/lib/python3.12/site-packages/airflow/example_dags/example_python_operator.py
[2026-05-12T04:48:59.117+0000] {logging_mixin.py:188} INFO - [2026-05-12T04:48:59.117+0000] {dag.py:3089} INFO - Sync 1 DAGs
[2026-05-12T04:48:59.139+0000] {logging_mixin.py:188} INFO - [2026-05-12T04:48:59.138+0000] {dag.py:3947} INFO - Setting next_dagrun for example_python_operator to None, run_after=None
[2026-05-12T04:48:59.200+0000] {processor.py:183} INFO - Processing /home/airflow/.local/lib/python3.12/site-packages/airflow/example_dags/example_python_operator.py took 0.160 seconds
[2026-05-12T04:49:29.499+0000] {processor.py:161} INFO - Started process (PID=9363) to work on /home/airflow/.local/lib/python3.12/site-packages/airflow/example_dags/example_python_operator.py
[2026-05-12T04:49:29.501+0000] {processor.py:830} INFO - Processing file /home/airflow/.local/lib/python3.12/site-packages/airflow/example_dags/example_python_operator.py for tasks to queue
[2026-05-12T04:49:29.503+0000] {logging_mixin.py:188} INFO - [2026-05-12T04:49:29.502+0000] {dagbag.py:545} INFO - Filling up the DagBag from /home/airflow/.local/lib/python3.12/site-packages/airflow/example_dags/example_python_operator.py
[2026-05-12T04:49:29.523+0000] {processor.py:840} INFO - DAG(s) 'example_python_operator' retrieved from /home/airflow/.local/lib/python3.12/site-packages/airflow/example_dags/example_python_operator.py
[2026-05-12T04:49:29.566+0000] {logging_mixin.py:188} INFO - [2026-05-12T04:49:29.565+0000] {dag.py:3089} INFO - Sync 1 DAGs
[2026-05-12T04:49:29.585+0000] {logging_mixin.py:188} INFO - [2026-05-12T04:49:29.585+0000] {dag.py:3947} INFO - Setting next_dagrun for example_python_operator to None, run_after=None
[2026-05-12T04:49:29.626+0000] {processor.py:183} INFO - Processing /home/airflow/.local/lib/python3.12/site-packages/airflow/example_dags/example_python_operator.py took 0.136 seconds
[2026-05-12T04:50:00.224+0000] {processor.py:161} INFO - Started process (PID=9433) to work on /home/airflow/.local/lib/python3.12/site-packages/airflow/example_dags/example_python_operator.py
[2026-05-12T04:50:00.226+0000] {processor.py:830} INFO - Processing file /home/airflow/.local/lib/python3.12/site-packages/airflow/example_dags/example_python_operator.py for tasks to queue
[2026-05-12T04:50:00.227+0000] {logging_mixin.py:188} INFO - [2026-05-12T04:50:00.227+0000] {dagbag.py:545} INFO - Filling up the DagBag from /home/airflow/.local/lib/python3.12/site-packages/airflow/example_dags/example_python_operator.py
[2026-05-12T04:50:00.243+0000] {processor.py:840} INFO - DAG(s) 'example_python_operator' retrieved from /home/airflow/.local/lib/python3.12/site-packages/airflow/example_dags/example_python_operator.py
[2026-05-12T04:50:00.278+0000] {logging_mixin.py:188} INFO - [2026-05-12T04:50:00.277+0000] {dag.py:3089} INFO - Sync 1 DAGs
[2026-05-12T04:50:00.299+0000] {logging_mixin.py:188} INFO - [2026-05-12T04:50:00.298+0000] {dag.py:3947} INFO - Setting next_dagrun for example_python_operator to None, run_after=None
[2026-05-12T04:50:00.362+0000] {processor.py:183} INFO - Processing /home/airflow/.local/lib/python3.12/site-packages/airflow/example_dags/example_python_operator.py took 0.148 seconds
[2026-05-12T04:50:31.100+0000] {processor.py:161} INFO - Started process (PID=9508) to work on /home/airflow/.local/lib/python3.12/site-packages/airflow/example_dags/example_python_operator.py
[2026-05-12T04:50:31.102+0000] {processor.py:830} INFO - Processing file /home/airflow/.local/lib/python3.12/site-packages/airflow/example_dags/example_python_operator.py for tasks to queue
[2026-05-12T04:50:31.103+0000] {logging_mixin.py:188} INFO - [2026-05-12T04:50:31.103+0000] {dagbag.py:545} INFO - Filling up the DagBag from /home/airflow/.local/lib/python3.12/site-packages/airflow/example_dags/example_python_operator.py
[2026-05-12T04:50:31.120+0000] {processor.py:840} INFO - DAG(s) 'example_python_operator' retrieved from /home/airflow/.local/lib/python3.12/site-packages/airflow/example_dags/example_python_operator.py
[2026-05-12T04:50:31.161+0000] {logging_mixin.py:188} INFO - [2026-05-12T04:50:31.160+0000] {dag.py:3089} INFO - Sync 1 DAGs
[2026-05-12T04:50:31.180+0000] {logging_mixin.py:188} INFO - [2026-05-12T04:50:31.180+0000] {dag.py:3947} INFO - Setting next_dagrun for example_python_operator to None, run_after=None
[2026-05-12T04:50:31.242+0000] {processor.py:183} INFO - Processing /home/airflow/.local/lib/python3.12/site-packages/airflow/example_dags/example_python_operator.py took 0.154 seconds
[2026-05-12T04:51:01.570+0000] {processor.py:161} INFO - Started process (PID=9576) to work on /home/airflow/.local/lib/python3.12/site-packages/airflow/example_dags/example_python_operator.py
[2026-05-12T04:51:01.572+0000] {processor.py:830} INFO - Processing file /home/airflow/.local/lib/python3.12/site-packages/airflow/example_dags/example_python_operator.py for tasks to queue
[2026-05-12T04:51:01.574+0000] {logging_mixin.py:188} INFO - [2026-05-12T04:51:01.573+0000] {dagbag.py:545} INFO - Filling up the DagBag from /home/airflow/.local/lib/python3.12/site-packages/airflow/example_dags/example_python_operator.py
[2026-05-12T04:51:01.595+0000] {processor.py:840} INFO - DAG(s) 'example_python_operator' retrieved from /home/airflow/.local/lib/python3.12/site-packages/airflow/example_dags/example_python_operator.py
[2026-05-12T04:51:01.641+0000] {logging_mixin.py:188} INFO - [2026-05-12T04:51:01.641+0000] {dag.py:3089} INFO - Sync 1 DAGs
[2026-05-12T04:51:01.666+0000] {logging_mixin.py:188} INFO - [2026-05-12T04:51:01.665+0000] {dag.py:3947} INFO - Setting next_dagrun for example_python_operator to None, run_after=None
[2026-05-12T04:51:01.706+0000] {processor.py:183} INFO - Processing /home/airflow/.local/lib/python3.12/site-packages/airflow/example_dags/example_python_operator.py took 0.147 seconds
[2026-05-12T04:51:32.869+0000] {processor.py:161} INFO - Started process (PID=9645) to work on /home/airflow/.local/lib/python3.12/site-packages/airflow/example_dags/example_python_operator.py
[2026-05-12T04:51:32.872+0000] {processor.py:830} INFO - Processing file /home/airflow/.local/lib/python3.12/site-packages/airflow/example_dags/example_python_operator.py for tasks to queue
[2026-05-12T04:51:32.874+0000] {logging_mixin.py:188} INFO - [2026-05-12T04:51:32.873+0000] {dagbag.py:545} INFO - Filling up the DagBag from /home/airflow/.local/lib/python3.12/site-packages/airflow/example_dags/example_python_operator.py
[2026-05-12T04:51:32.893+0000] {processor.py:840} INFO - DAG(s) 'example_python_operator' retrieved from /home/airflow/.local/lib/python3.12/site-packages/airflow/example_dags/example_python_operator.py
[2026-05-12T04:51:32.946+0000] {logging_mixin.py:188} INFO - [2026-05-12T04:51:32.946+0000] {dag.py:3089} INFO - Sync 1 DAGs
[2026-05-12T04:51:32.972+0000] {logging_mixin.py:188} INFO - [2026-05-12T04:51:32.971+0000] {dag.py:3947} INFO - Setting next_dagrun for example_python_operator to None, run_after=None
[2026-05-12T04:51:33.038+0000] {processor.py:183} INFO - Processing /home/airflow/.local/lib/python3.12/site-packages/airflow/example_dags/example_python_operator.py took 0.179 seconds
[2026-05-12T04:52:03.379+0000] {processor.py:161} INFO - Started process (PID=9713) to work on /home/airflow/.local/lib/python3.12/site-packages/airflow/example_dags/example_python_operator.py
[2026-05-12T04:52:03.380+0000] {processor.py:830} INFO - Processing file /home/airflow/.local/lib/python3.12/site-packages/airflow/example_dags/example_python_operator.py for tasks to queue
[2026-05-12T04:52:03.382+0000] {logging_mixin.py:188} INFO - [2026-05-12T04:52:03.381+0000] {dagbag.py:545} INFO - Filling up the DagBag from /home/airflow/.local/lib/python3.12/site-packages/airflow/example_dags/example_python_operator.py
[2026-05-12T04:52:03.394+0000] {processor.py:840} INFO - DAG(s) 'example_python_operator' retrieved from /home/airflow/.local/lib/python3.12/site-packages/airflow/example_dags/example_python_operator.py
[2026-05-12T04:52:03.423+0000] {logging_mixin.py:188} INFO - [2026-05-12T04:52:03.423+0000] {dag.py:3089} INFO - Sync 1 DAGs
[2026-05-12T04:52:03.440+0000] {logging_mixin.py:188} INFO - [2026-05-12T04:52:03.439+0000] {dag.py:3947} INFO - Setting next_dagrun for example_python_operator to None, run_after=None
[2026-05-12T04:52:03.461+0000] {processor.py:183} INFO - Processing /home/airflow/.local/lib/python3.12/site-packages/airflow/example_dags/example_python_operator.py took 0.089 seconds
[2026-05-12T04:52:34.475+0000] {processor.py:161} INFO - Started process (PID=9789) to work on /home/airflow/.local/lib/python3.12/site-packages/airflow/example_dags/example_python_operator.py
[2026-05-12T04:52:34.477+0000] {processor.py:830} INFO - Processing file /home/airflow/.local/lib/python3.12/site-packages/airflow/example_dags/example_python_operator.py for tasks to queue
[2026-05-12T04:52:34.478+0000] {logging_mixin.py:188} INFO - [2026-05-12T04:52:34.478+0000] {dagbag.py:545} INFO - Filling up the DagBag from /home/airflow/.local/lib/python3.12/site-packages/airflow/example_dags/example_python_operator.py
[2026-05-12T04:52:34.487+0000] {processor.py:840} INFO - DAG(s) 'example_python_operator' retrieved from /home/airflow/.local/lib/python3.12/site-packages/airflow/example_dags/example_python_operator.py
[2026-05-12T04:52:34.511+0000] {logging_mixin.py:188} INFO - [2026-05-12T04:52:34.511+0000] {dag.py:3089} INFO - Sync 1 DAGs
[2026-05-12T04:52:34.522+0000] {logging_mixin.py:188} INFO - [2026-05-12T04:52:34.522+0000] {dag.py:3947} INFO - Setting next_dagrun for example_python_operator to None, run_after=None
[2026-05-12T04:52:34.545+0000] {processor.py:183} INFO - Processing /home/airflow/.local/lib/python3.12/site-packages/airflow/example_dags/example_python_operator.py took 0.075 seconds
[2026-05-12T04:53:04.834+0000] {processor.py:161} INFO - Started process (PID=9857) to work on /home/airflow/.local/lib/python3.12/site-packages/airflow/example_dags/example_python_operator.py
[2026-05-12T04:53:04.836+0000] {processor.py:830} INFO - Processing file /home/airflow/.local/lib/python3.12/site-packages/airflow/example_dags/example_python_operator.py for tasks to queue
[2026-05-12T04:53:04.837+0000] {logging_mixin.py:188} INFO - [2026-05-12T04:53:04.837+0000] {dagbag.py:545} INFO - Filling up the DagBag from /home/airflow/.local/lib/python3.12/site-packages/airflow/example_dags/example_python_operator.py
[2026-05-12T04:53:04.847+0000] {processor.py:840} INFO - DAG(s) 'example_python_operator' retrieved from /home/airflow/.local/lib/python3.12/site-packages/airflow/example_dags/example_python_operator.py
[2026-05-12T04:53:04.871+0000] {logging_mixin.py:188} INFO - [2026-05-12T04:53:04.870+0000] {dag.py:3089} INFO - Sync 1 DAGs
[2026-05-12T04:53:04.883+0000] {logging_mixin.py:188} INFO - [2026-05-12T04:53:04.883+0000] {dag.py:3947} INFO - Setting next_dagrun for example_python_operator to None, run_after=None
[2026-05-12T04:53:04.907+0000] {processor.py:183} INFO - Processing /home/airflow/.local/lib/python3.12/site-packages/airflow/example_dags/example_python_operator.py took 0.081 seconds
[2026-05-12T04:53:35.741+0000] {processor.py:161} INFO - Started process (PID=9925) to work on /home/airflow/.local/lib/python3.12/site-packages/airflow/example_dags/example_python_operator.py
[2026-05-12T04:53:35.743+0000] {processor.py:830} INFO - Processing file /home/airflow/.local/lib/python3.12/site-packages/airflow/example_dags/example_python_operator.py for tasks to queue
[2026-05-12T04:53:35.745+0000] {logging_mixin.py:188} INFO - [2026-05-12T04:53:35.744+0000] {dagbag.py:545} INFO - Filling up the DagBag from /home/airflow/.local/lib/python3.12/site-packages/airflow/example_dags/example_python_operator.py
[2026-05-12T04:53:35.762+0000] {processor.py:840} INFO - DAG(s) 'example_python_operator' retrieved from /home/airflow/.local/lib/python3.12/site-packages/airflow/example_dags/example_python_operator.py
[2026-05-12T04:53:35.798+0000] {logging_mixin.py:188} INFO - [2026-05-12T04:53:35.798+0000] {dag.py:3089} INFO - Sync 1 DAGs
[2026-05-12T04:53:35.812+0000] {logging_mixin.py:188} INFO - [2026-05-12T04:53:35.812+0000] {dag.py:3947} INFO - Setting next_dagrun for example_python_operator to None, run_after=None
[2026-05-12T04:53:35.840+0000] {processor.py:183} INFO - Processing /home/airflow/.local/lib/python3.12/site-packages/airflow/example_dags/example_python_operator.py took 0.108 seconds
[2026-05-12T04:54:05.911+0000] {processor.py:161} INFO - Started process (PID=9999) to work on /home/airflow/.local/lib/python3.12/site-packages/airflow/example_dags/example_python_operator.py
[2026-05-12T04:54:05.913+0000] {processor.py:830} INFO - Processing file /home/airflow/.local/lib/python3.12/site-packages/airflow/example_dags/example_python_operator.py for tasks to queue
[2026-05-12T04:54:05.914+0000] {logging_mixin.py:188} INFO - [2026-05-12T04:54:05.914+0000] {dagbag.py:545} INFO - Filling up the DagBag from /home/airflow/.local/lib/python3.12/site-packages/airflow/example_dags/example_python_operator.py
[2026-05-12T04:54:05.928+0000] {processor.py:840} INFO - DAG(s) 'example_python_operator' retrieved from /home/airflow/.local/lib/python3.12/site-packages/airflow/example_dags/example_python_operator.py
[2026-05-12T04:54:05.959+0000] {logging_mixin.py:188} INFO - [2026-05-12T04:54:05.958+0000] {dag.py:3089} INFO - Sync 1 DAGs
[2026-05-12T04:54:05.973+0000] {logging_mixin.py:188} INFO - [2026-05-12T04:54:05.972+0000] {dag.py:3947} INFO - Setting next_dagrun for example_python_operator to None, run_after=None
[2026-05-12T04:54:06.012+0000] {processor.py:183} INFO - Processing /home/airflow/.local/lib/python3.12/site-packages/airflow/example_dags/example_python_operator.py took 0.107 seconds
[2026-05-12T04:54:36.102+0000] {processor.py:161} INFO - Started process (PID=10067) to work on /home/airflow/.local/lib/python3.12/site-packages/airflow/example_dags/example_python_operator.py
[2026-05-12T04:54:36.104+0000] {processor.py:830} INFO - Processing file /home/airflow/.local/lib/python3.12/site-packages/airflow/example_dags/example_python_operator.py for tasks to queue
[2026-05-12T04:54:36.105+0000] {logging_mixin.py:188} INFO - [2026-05-12T04:54:36.105+0000] {dagbag.py:545} INFO - Filling up the DagBag from /home/airflow/.local/lib/python3.12/site-packages/airflow/example_dags/example_python_operator.py
[2026-05-12T04:54:36.116+0000] {processor.py:840} INFO - DAG(s) 'example_python_operator' retrieved from /home/airflow/.local/lib/python3.12/site-packages/airflow/example_dags/example_python_operator.py
[2026-05-12T04:54:36.137+0000] {logging_mixin.py:188} INFO - [2026-05-12T04:54:36.137+0000] {dag.py:3089} INFO - Sync 1 DAGs
[2026-05-12T04:54:36.147+0000] {logging_mixin.py:188} INFO - [2026-05-12T04:54:36.147+0000] {dag.py:3947} INFO - Setting next_dagrun for example_python_operator to None, run_after=None
[2026-05-12T04:54:36.175+0000] {processor.py:183} INFO - Processing /home/airflow/.local/lib/python3.12/site-packages/airflow/example_dags/example_python_operator.py took 0.079 seconds
[2026-05-12T04:55:06.535+0000] {processor.py:161} INFO - Started process (PID=10135) to work on /home/airflow/.local/lib/python3.12/site-packages/airflow/example_dags/example_python_operator.py
[2026-05-12T04:55:06.536+0000] {processor.py:830} INFO - Processing file /home/airflow/.local/lib/python3.12/site-packages/airflow/example_dags/example_python_operator.py for tasks to queue
[2026-05-12T04:55:06.537+0000] {logging_mixin.py:188} INFO - [2026-05-12T04:55:06.537+0000] {dagbag.py:545} INFO - Filling up the DagBag from /home/airflow/.local/lib/python3.12/site-packages/airflow/example_dags/example_python_operator.py
[2026-05-12T04:55:06.558+0000] {processor.py:840} INFO - DAG(s) 'example_python_operator' retrieved from /home/airflow/.local/lib/python3.12/site-packages/airflow/example_dags/example_python_operator.py
[2026-05-12T04:55:06.595+0000] {logging_mixin.py:188} INFO - [2026-05-12T04:55:06.595+0000] {dag.py:3089} INFO - Sync 1 DAGs
[2026-05-12T04:55:06.619+0000] {logging_mixin.py:188} INFO - [2026-05-12T04:55:06.619+0000] {dag.py:3947} INFO - Setting next_dagrun for example_python_operator to None, run_after=None
[2026-05-12T04:55:06.658+0000] {processor.py:183} INFO - Processing /home/airflow/.local/lib/python3.12/site-packages/airflow/example_dags/example_python_operator.py took 0.130 seconds
[2026-05-12T04:55:37.241+0000] {processor.py:161} INFO - Started process (PID=10210) to work on /home/airflow/.local/lib/python3.12/site-packages/airflow/example_dags/example_python_operator.py
[2026-05-12T04:55:37.244+0000] {processor.py:830} INFO - Processing file /home/airflow/.local/lib/python3.12/site-packages/airflow/example_dags/example_python_operator.py for tasks to queue
[2026-05-12T04:55:37.249+0000] {logging_mixin.py:188} INFO - [2026-05-12T04:55:37.249+0000] {dagbag.py:545} INFO - Filling up the DagBag from /home/airflow/.local/lib/python3.12/site-packages/airflow/example_dags/example_python_operator.py
[2026-05-12T04:55:37.264+0000] {processor.py:840} INFO - DAG(s) 'example_python_operator' retrieved from /home/airflow/.local/lib/python3.12/site-packages/airflow/example_dags/example_python_operator.py
[2026-05-12T04:55:37.306+0000] {logging_mixin.py:188} INFO - [2026-05-12T04:55:37.305+0000] {dag.py:3089} INFO - Sync 1 DAGs
[2026-05-12T04:55:37.330+0000] {logging_mixin.py:188} INFO - [2026-05-12T04:55:37.330+0000] {dag.py:3947} INFO - Setting next_dagrun for example_python_operator to None, run_after=None
[2026-05-12T04:55:37.360+0000] {processor.py:183} INFO - Processing /home/airflow/.local/lib/python3.12/site-packages/airflow/example_dags/example_python_operator.py took 0.131 seconds
[2026-05-12T04:56:08.031+0000] {processor.py:161} INFO - Started process (PID=10278) to work on /home/airflow/.local/lib/python3.12/site-packages/airflow/example_dags/example_python_operator.py
[2026-05-12T04:56:08.033+0000] {processor.py:830} INFO - Processing file /home/airflow/.local/lib/python3.12/site-packages/airflow/example_dags/example_python_operator.py for tasks to queue
[2026-05-12T04:56:08.035+0000] {logging_mixin.py:188} INFO - [2026-05-12T04:56:08.034+0000] {dagbag.py:545} INFO - Filling up the DagBag from /home/airflow/.local/lib/python3.12/site-packages/airflow/example_dags/example_python_operator.py
[2026-05-12T04:56:08.052+0000] {processor.py:840} INFO - DAG(s) 'example_python_operator' retrieved from /home/airflow/.local/lib/python3.12/site-packages/airflow/example_dags/example_python_operator.py
[2026-05-12T04:56:08.091+0000] {logging_mixin.py:188} INFO - [2026-05-12T04:56:08.090+0000] {dag.py:3089} INFO - Sync 1 DAGs
[2026-05-12T04:56:08.113+0000] {logging_mixin.py:188} INFO - [2026-05-12T04:56:08.112+0000] {dag.py:3947} INFO - Setting next_dagrun for example_python_operator to None, run_after=None
[2026-05-12T04:56:08.157+0000] {processor.py:183} INFO - Processing /home/airflow/.local/lib/python3.12/site-packages/airflow/example_dags/example_python_operator.py took 0.140 seconds
[2026-05-12T04:56:38.539+0000] {processor.py:161} INFO - Started process (PID=10353) to work on /home/airflow/.local/lib/python3.12/site-packages/airflow/example_dags/example_python_operator.py
[2026-05-12T04:56:38.540+0000] {processor.py:830} INFO - Processing file /home/airflow/.local/lib/python3.12/site-packages/airflow/example_dags/example_python_operator.py for tasks to queue
[2026-05-12T04:56:38.541+0000] {logging_mixin.py:188} INFO - [2026-05-12T04:56:38.541+0000] {dagbag.py:545} INFO - Filling up the DagBag from /home/airflow/.local/lib/python3.12/site-packages/airflow/example_dags/example_python_operator.py
[2026-05-12T04:56:38.550+0000] {processor.py:840} INFO - DAG(s) 'example_python_operator' retrieved from /home/airflow/.local/lib/python3.12/site-packages/airflow/example_dags/example_python_operator.py
[2026-05-12T04:56:38.571+0000] {logging_mixin.py:188} INFO - [2026-05-12T04:56:38.570+0000] {dag.py:3089} INFO - Sync 1 DAGs
[2026-05-12T04:56:38.581+0000] {logging_mixin.py:188} INFO - [2026-05-12T04:56:38.580+0000] {dag.py:3947} INFO - Setting next_dagrun for example_python_operator to None, run_after=None
[2026-05-12T04:56:38.599+0000] {processor.py:183} INFO - Processing /home/airflow/.local/lib/python3.12/site-packages/airflow/example_dags/example_python_operator.py took 0.066 seconds
[2026-05-12T04:57:09.157+0000] {processor.py:161} INFO - Started process (PID=10421) to work on /home/airflow/.local/lib/python3.12/site-packages/airflow/example_dags/example_python_operator.py
[2026-05-12T04:57:09.159+0000] {processor.py:830} INFO - Processing file /home/airflow/.local/lib/python3.12/site-packages/airflow/example_dags/example_python_operator.py for tasks to queue
[2026-05-12T04:57:09.160+0000] {logging_mixin.py:188} INFO - [2026-05-12T04:57:09.160+0000] {dagbag.py:545} INFO - Filling up the DagBag from /home/airflow/.local/lib/python3.12/site-packages/airflow/example_dags/example_python_operator.py
[2026-05-12T04:57:09.173+0000] {processor.py:840} INFO - DAG(s) 'example_python_operator' retrieved from /home/airflow/.local/lib/python3.12/site-packages/airflow/example_dags/example_python_operator.py
[2026-05-12T04:57:09.208+0000] {logging_mixin.py:188} INFO - [2026-05-12T04:57:09.207+0000] {dag.py:3089} INFO - Sync 1 DAGs
[2026-05-12T04:57:09.233+0000] {logging_mixin.py:188} INFO - [2026-05-12T04:57:09.233+0000] {dag.py:3947} INFO - Setting next_dagrun for example_python_operator to None, run_after=None
[2026-05-12T04:57:09.268+0000] {processor.py:183} INFO - Processing /home/airflow/.local/lib/python3.12/site-packages/airflow/example_dags/example_python_operator.py took 0.119 seconds
[2026-05-12T04:57:39.412+0000] {processor.py:161} INFO - Started process (PID=10497) to work on /home/airflow/.local/lib/python3.12/site-packages/airflow/example_dags/example_python_operator.py
[2026-05-12T04:57:39.413+0000] {processor.py:830} INFO - Processing file /home/airflow/.local/lib/python3.12/site-packages/airflow/example_dags/example_python_operator.py for tasks to queue
[2026-05-12T04:57:39.414+0000] {logging_mixin.py:188} INFO - [2026-05-12T04:57:39.414+0000] {dagbag.py:545} INFO - Filling up the DagBag from /home/airflow/.local/lib/python3.12/site-packages/airflow/example_dags/example_python_operator.py
[2026-05-12T04:57:39.424+0000] {processor.py:840} INFO - DAG(s) 'example_python_operator' retrieved from /home/airflow/.local/lib/python3.12/site-packages/airflow/example_dags/example_python_operator.py
[2026-05-12T04:57:39.449+0000] {logging_mixin.py:188} INFO - [2026-05-12T04:57:39.449+0000] {dag.py:3089} INFO - Sync 1 DAGs
[2026-05-12T04:57:39.463+0000] {logging_mixin.py:188} INFO - [2026-05-12T04:57:39.463+0000] {dag.py:3947} INFO - Setting next_dagrun for example_python_operator to None, run_after=None
[2026-05-12T04:57:39.486+0000] {processor.py:183} INFO - Processing /home/airflow/.local/lib/python3.12/site-packages/airflow/example_dags/example_python_operator.py took 0.080 seconds
[2026-05-12T04:58:10.194+0000] {processor.py:161} INFO - Started process (PID=10565) to work on /home/airflow/.local/lib/python3.12/site-packages/airflow/example_dags/example_python_operator.py
[2026-05-12T04:58:10.196+0000] {processor.py:830} INFO - Processing file /home/airflow/.local/lib/python3.12/site-packages/airflow/example_dags/example_python_operator.py for tasks to queue
[2026-05-12T04:58:10.198+0000] {logging_mixin.py:188} INFO - [2026-05-12T04:58:10.197+0000] {dagbag.py:545} INFO - Filling up the DagBag from /home/airflow/.local/lib/python3.12/site-packages/airflow/example_dags/example_python_operator.py
[2026-05-12T04:58:10.220+0000] {processor.py:840} INFO - DAG(s) 'example_python_operator' retrieved from /home/airflow/.local/lib/python3.12/site-packages/airflow/example_dags/example_python_operator.py
[2026-05-12T04:58:10.281+0000] {logging_mixin.py:188} INFO - [2026-05-12T04:58:10.280+0000] {dag.py:3089} INFO - Sync 1 DAGs
[2026-05-12T04:58:10.303+0000] {logging_mixin.py:188} INFO - [2026-05-12T04:58:10.303+0000] {dag.py:3947} INFO - Setting next_dagrun for example_python_operator to None, run_after=None
[2026-05-12T04:58:10.347+0000] {processor.py:183} INFO - Processing /home/airflow/.local/lib/python3.12/site-packages/airflow/example_dags/example_python_operator.py took 0.168 seconds
[2026-05-12T04:58:40.814+0000] {processor.py:161} INFO - Started process (PID=10633) to work on /home/airflow/.local/lib/python3.12/site-packages/airflow/example_dags/example_python_operator.py
[2026-05-12T04:58:40.816+0000] {processor.py:830} INFO - Processing file /home/airflow/.local/lib/python3.12/site-packages/airflow/example_dags/example_python_operator.py for tasks to queue
[2026-05-12T04:58:40.817+0000] {logging_mixin.py:188} INFO - [2026-05-12T04:58:40.816+0000] {dagbag.py:545} INFO - Filling up the DagBag from /home/airflow/.local/lib/python3.12/site-packages/airflow/example_dags/example_python_operator.py
[2026-05-12T04:58:40.827+0000] {processor.py:840} INFO - DAG(s) 'example_python_operator' retrieved from /home/airflow/.local/lib/python3.12/site-packages/airflow/example_dags/example_python_operator.py
[2026-05-12T04:58:40.852+0000] {logging_mixin.py:188} INFO - [2026-05-12T04:58:40.851+0000] {dag.py:3089} INFO - Sync 1 DAGs
[2026-05-12T04:58:40.873+0000] {logging_mixin.py:188} INFO - [2026-05-12T04:58:40.872+0000] {dag.py:3947} INFO - Setting next_dagrun for example_python_operator to None, run_after=None
[2026-05-12T04:58:40.894+0000] {processor.py:183} INFO - Processing /home/airflow/.local/lib/python3.12/site-packages/airflow/example_dags/example_python_operator.py took 0.086 seconds
[2026-05-12T04:59:11.347+0000] {processor.py:161} INFO - Started process (PID=10709) to work on /home/airflow/.local/lib/python3.12/site-packages/airflow/example_dags/example_python_operator.py
[2026-05-12T04:59:11.348+0000] {processor.py:830} INFO - Processing file /home/airflow/.local/lib/python3.12/site-packages/airflow/example_dags/example_python_operator.py for tasks to queue
[2026-05-12T04:59:11.350+0000] {logging_mixin.py:188} INFO - [2026-05-12T04:59:11.349+0000] {dagbag.py:545} INFO - Filling up the DagBag from /home/airflow/.local/lib/python3.12/site-packages/airflow/example_dags/example_python_operator.py
[2026-05-12T04:59:11.360+0000] {processor.py:840} INFO - DAG(s) 'example_python_operator' retrieved from /home/airflow/.local/lib/python3.12/site-packages/airflow/example_dags/example_python_operator.py
[2026-05-12T04:59:11.385+0000] {logging_mixin.py:188} INFO - [2026-05-12T04:59:11.384+0000] {dag.py:3089} INFO - Sync 1 DAGs
[2026-05-12T04:59:11.401+0000] {logging_mixin.py:188} INFO - [2026-05-12T04:59:11.400+0000] {dag.py:3947} INFO - Setting next_dagrun for example_python_operator to None, run_after=None
[2026-05-12T04:59:11.433+0000] {processor.py:183} INFO - Processing /home/airflow/.local/lib/python3.12/site-packages/airflow/example_dags/example_python_operator.py took 0.091 seconds
[2026-05-12T04:59:41.864+0000] {processor.py:161} INFO - Started process (PID=10777) to work on /home/airflow/.local/lib/python3.12/site-packages/airflow/example_dags/example_python_operator.py
[2026-05-12T04:59:41.865+0000] {processor.py:830} INFO - Processing file /home/airflow/.local/lib/python3.12/site-packages/airflow/example_dags/example_python_operator.py for tasks to queue
[2026-05-12T04:59:41.867+0000] {logging_mixin.py:188} INFO - [2026-05-12T04:59:41.866+0000] {dagbag.py:545} INFO - Filling up the DagBag from /home/airflow/.local/lib/python3.12/site-packages/airflow/example_dags/example_python_operator.py
[2026-05-12T04:59:41.882+0000] {processor.py:840} INFO - DAG(s) 'example_python_operator' retrieved from /home/airflow/.local/lib/python3.12/site-packages/airflow/example_dags/example_python_operator.py
[2026-05-12T04:59:41.922+0000] {logging_mixin.py:188} INFO - [2026-05-12T04:59:41.921+0000] {dag.py:3089} INFO - Sync 1 DAGs
[2026-05-12T04:59:41.937+0000] {logging_mixin.py:188} INFO - [2026-05-12T04:59:41.936+0000] {dag.py:3947} INFO - Setting next_dagrun for example_python_operator to None, run_after=None
[2026-05-12T04:59:41.970+0000] {processor.py:183} INFO - Processing /home/airflow/.local/lib/python3.12/site-packages/airflow/example_dags/example_python_operator.py took 0.113 seconds
[2026-05-12T05:00:12.827+0000] {processor.py:161} INFO - Started process (PID=10847) to work on /home/airflow/.local/lib/python3.12/site-packages/airflow/example_dags/example_python_operator.py
[2026-05-12T05:00:12.829+0000] {processor.py:830} INFO - Processing file /home/airflow/.local/lib/python3.12/site-packages/airflow/example_dags/example_python_operator.py for tasks to queue
[2026-05-12T05:00:12.830+0000] {logging_mixin.py:188} INFO - [2026-05-12T05:00:12.830+0000] {dagbag.py:545} INFO - Filling up the DagBag from /home/airflow/.local/lib/python3.12/site-packages/airflow/example_dags/example_python_operator.py
[2026-05-12T05:00:12.844+0000] {processor.py:840} INFO - DAG(s) 'example_python_operator' retrieved from /home/airflow/.local/lib/python3.12/site-packages/airflow/example_dags/example_python_operator.py
[2026-05-12T05:00:12.881+0000] {logging_mixin.py:188} INFO - [2026-05-12T05:00:12.881+0000] {dag.py:3089} INFO - Sync 1 DAGs
[2026-05-12T05:00:12.899+0000] {logging_mixin.py:188} INFO - [2026-05-12T05:00:12.899+0000] {dag.py:3947} INFO - Setting next_dagrun for example_python_operator to None, run_after=None
[2026-05-12T05:00:12.933+0000] {processor.py:183} INFO - Processing /home/airflow/.local/lib/python3.12/site-packages/airflow/example_dags/example_python_operator.py took 0.114 seconds
[2026-05-12T05:00:43.606+0000] {processor.py:161} INFO - Started process (PID=10921) to work on /home/airflow/.local/lib/python3.12/site-packages/airflow/example_dags/example_python_operator.py
[2026-05-12T05:00:43.620+0000] {processor.py:830} INFO - Processing file /home/airflow/.local/lib/python3.12/site-packages/airflow/example_dags/example_python_operator.py for tasks to queue
[2026-05-12T05:00:43.622+0000] {logging_mixin.py:188} INFO - [2026-05-12T05:00:43.621+0000] {dagbag.py:545} INFO - Filling up the DagBag from /home/airflow/.local/lib/python3.12/site-packages/airflow/example_dags/example_python_operator.py
[2026-05-12T05:00:43.636+0000] {processor.py:840} INFO - DAG(s) 'example_python_operator' retrieved from /home/airflow/.local/lib/python3.12/site-packages/airflow/example_dags/example_python_operator.py
[2026-05-12T05:00:43.672+0000] {logging_mixin.py:188} INFO - [2026-05-12T05:00:43.672+0000] {dag.py:3089} INFO - Sync 1 DAGs
[2026-05-12T05:00:43.692+0000] {logging_mixin.py:188} INFO - [2026-05-12T05:00:43.692+0000] {dag.py:3947} INFO - Setting next_dagrun for example_python_operator to None, run_after=None
[2026-05-12T05:00:43.724+0000] {processor.py:183} INFO - Processing /home/airflow/.local/lib/python3.12/site-packages/airflow/example_dags/example_python_operator.py took 0.128 seconds
[2026-05-12T05:01:14.205+0000] {processor.py:161} INFO - Started process (PID=10989) to work on /home/airflow/.local/lib/python3.12/site-packages/airflow/example_dags/example_python_operator.py
[2026-05-12T05:01:14.206+0000] {processor.py:830} INFO - Processing file /home/airflow/.local/lib/python3.12/site-packages/airflow/example_dags/example_python_operator.py for tasks to queue
[2026-05-12T05:01:14.207+0000] {logging_mixin.py:188} INFO - [2026-05-12T05:01:14.207+0000] {dagbag.py:545} INFO - Filling up the DagBag from /home/airflow/.local/lib/python3.12/site-packages/airflow/example_dags/example_python_operator.py
[2026-05-12T05:01:14.218+0000] {processor.py:840} INFO - DAG(s) 'example_python_operator' retrieved from /home/airflow/.local/lib/python3.12/site-packages/airflow/example_dags/example_python_operator.py
[2026-05-12T05:01:14.243+0000] {logging_mixin.py:188} INFO - [2026-05-12T05:01:14.243+0000] {dag.py:3089} INFO - Sync 1 DAGs
[2026-05-12T05:01:14.255+0000] {logging_mixin.py:188} INFO - [2026-05-12T05:01:14.255+0000] {dag.py:3947} INFO - Setting next_dagrun for example_python_operator to None, run_after=None
[2026-05-12T05:01:14.278+0000] {processor.py:183} INFO - Processing /home/airflow/.local/lib/python3.12/site-packages/airflow/example_dags/example_python_operator.py took 0.079 seconds
[2026-05-12T05:01:44.622+0000] {processor.py:161} INFO - Started process (PID=11064) to work on /home/airflow/.local/lib/python3.12/site-packages/airflow/example_dags/example_python_operator.py
[2026-05-12T05:01:44.624+0000] {processor.py:830} INFO - Processing file /home/airflow/.local/lib/python3.12/site-packages/airflow/example_dags/example_python_operator.py for tasks to queue
[2026-05-12T05:01:44.626+0000] {logging_mixin.py:188} INFO - [2026-05-12T05:01:44.625+0000] {dagbag.py:545} INFO - Filling up the DagBag from /home/airflow/.local/lib/python3.12/site-packages/airflow/example_dags/example_python_operator.py
[2026-05-12T05:01:44.642+0000] {processor.py:840} INFO - DAG(s) 'example_python_operator' retrieved from /home/airflow/.local/lib/python3.12/site-packages/airflow/example_dags/example_python_operator.py
[2026-05-12T05:01:44.672+0000] {logging_mixin.py:188} INFO - [2026-05-12T05:01:44.672+0000] {dag.py:3089} INFO - Sync 1 DAGs
[2026-05-12T05:01:44.687+0000] {logging_mixin.py:188} INFO - [2026-05-12T05:01:44.687+0000] {dag.py:3947} INFO - Setting next_dagrun for example_python_operator to None, run_after=None
[2026-05-12T05:01:44.722+0000] {processor.py:183} INFO - Processing /home/airflow/.local/lib/python3.12/site-packages/airflow/example_dags/example_python_operator.py took 0.114 seconds
[2026-05-12T05:02:15.327+0000] {processor.py:161} INFO - Started process (PID=11132) to work on /home/airflow/.local/lib/python3.12/site-packages/airflow/example_dags/example_python_operator.py
[2026-05-12T05:02:15.328+0000] {processor.py:830} INFO - Processing file /home/airflow/.local/lib/python3.12/site-packages/airflow/example_dags/example_python_operator.py for tasks to queue
[2026-05-12T05:02:15.330+0000] {logging_mixin.py:188} INFO - [2026-05-12T05:02:15.330+0000] {dagbag.py:545} INFO - Filling up the DagBag from /home/airflow/.local/lib/python3.12/site-packages/airflow/example_dags/example_python_operator.py
[2026-05-12T05:02:15.341+0000] {processor.py:840} INFO - DAG(s) 'example_python_operator' retrieved from /home/airflow/.local/lib/python3.12/site-packages/airflow/example_dags/example_python_operator.py
[2026-05-12T05:02:15.372+0000] {logging_mixin.py:188} INFO - [2026-05-12T05:02:15.371+0000] {dag.py:3089} INFO - Sync 1 DAGs
[2026-05-12T05:02:15.393+0000] {logging_mixin.py:188} INFO - [2026-05-12T05:02:15.393+0000] {dag.py:3947} INFO - Setting next_dagrun for example_python_operator to None, run_after=None
[2026-05-12T05:02:15.434+0000] {processor.py:183} INFO - Processing /home/airflow/.local/lib/python3.12/site-packages/airflow/example_dags/example_python_operator.py took 0.116 seconds
[2026-05-12T05:02:46.064+0000] {processor.py:161} INFO - Started process (PID=11200) to work on /home/airflow/.local/lib/python3.12/site-packages/airflow/example_dags/example_python_operator.py
[2026-05-12T05:02:46.065+0000] {processor.py:830} INFO - Processing file /home/airflow/.local/lib/python3.12/site-packages/airflow/example_dags/example_python_operator.py for tasks to queue
[2026-05-12T05:02:46.067+0000] {logging_mixin.py:188} INFO - [2026-05-12T05:02:46.066+0000] {dagbag.py:545} INFO - Filling up the DagBag from /home/airflow/.local/lib/python3.12/site-packages/airflow/example_dags/example_python_operator.py
[2026-05-12T05:02:46.079+0000] {processor.py:840} INFO - DAG(s) 'example_python_operator' retrieved from /home/airflow/.local/lib/python3.12/site-packages/airflow/example_dags/example_python_operator.py
[2026-05-12T05:02:46.113+0000] {logging_mixin.py:188} INFO - [2026-05-12T05:02:46.112+0000] {dag.py:3089} INFO - Sync 1 DAGs
[2026-05-12T05:02:46.139+0000] {logging_mixin.py:188} INFO - [2026-05-12T05:02:46.138+0000] {dag.py:3947} INFO - Setting next_dagrun for example_python_operator to None, run_after=None
[2026-05-12T05:02:46.175+0000] {processor.py:183} INFO - Processing /home/airflow/.local/lib/python3.12/site-packages/airflow/example_dags/example_python_operator.py took 0.120 seconds
[2026-05-12T05:03:16.325+0000] {processor.py:161} INFO - Started process (PID=11275) to work on /home/airflow/.local/lib/python3.12/site-packages/airflow/example_dags/example_python_operator.py
[2026-05-12T05:03:16.326+0000] {processor.py:830} INFO - Processing file /home/airflow/.local/lib/python3.12/site-packages/airflow/example_dags/example_python_operator.py for tasks to queue
[2026-05-12T05:03:16.328+0000] {logging_mixin.py:188} INFO - [2026-05-12T05:03:16.327+0000] {dagbag.py:545} INFO - Filling up the DagBag from /home/airflow/.local/lib/python3.12/site-packages/airflow/example_dags/example_python_operator.py
[2026-05-12T05:03:16.340+0000] {processor.py:840} INFO - DAG(s) 'example_python_operator' retrieved from /home/airflow/.local/lib/python3.12/site-packages/airflow/example_dags/example_python_operator.py
[2026-05-12T05:03:16.377+0000] {logging_mixin.py:188} INFO - [2026-05-12T05:03:16.376+0000] {dag.py:3089} INFO - Sync 1 DAGs
[2026-05-12T05:03:16.396+0000] {logging_mixin.py:188} INFO - [2026-05-12T05:03:16.395+0000] {dag.py:3947} INFO - Setting next_dagrun for example_python_operator to None, run_after=None
[2026-05-12T05:03:16.431+0000] {processor.py:183} INFO - Processing /home/airflow/.local/lib/python3.12/site-packages/airflow/example_dags/example_python_operator.py took 0.112 seconds
[2026-05-12T05:03:47.014+0000] {processor.py:161} INFO - Started process (PID=11344) to work on /home/airflow/.local/lib/python3.12/site-packages/airflow/example_dags/example_python_operator.py
[2026-05-12T05:03:47.016+0000] {processor.py:830} INFO - Processing file /home/airflow/.local/lib/python3.12/site-packages/airflow/example_dags/example_python_operator.py for tasks to queue
[2026-05-12T05:03:47.017+0000] {logging_mixin.py:188} INFO - [2026-05-12T05:03:47.017+0000] {dagbag.py:545} INFO - Filling up the DagBag from /home/airflow/.local/lib/python3.12/site-packages/airflow/example_dags/example_python_operator.py
[2026-05-12T05:03:47.032+0000] {processor.py:840} INFO - DAG(s) 'example_python_operator' retrieved from /home/airflow/.local/lib/python3.12/site-packages/airflow/example_dags/example_python_operator.py
[2026-05-12T05:03:47.073+0000] {logging_mixin.py:188} INFO - [2026-05-12T05:03:47.072+0000] {dag.py:3089} INFO - Sync 1 DAGs
[2026-05-12T05:03:47.102+0000] {logging_mixin.py:188} INFO - [2026-05-12T05:03:47.102+0000] {dag.py:3947} INFO - Setting next_dagrun for example_python_operator to None, run_after=None
[2026-05-12T05:03:47.138+0000] {processor.py:183} INFO - Processing /home/airflow/.local/lib/python3.12/site-packages/airflow/example_dags/example_python_operator.py took 0.137 seconds
[2026-05-12T05:04:17.590+0000] {processor.py:161} INFO - Started process (PID=11412) to work on /home/airflow/.local/lib/python3.12/site-packages/airflow/example_dags/example_python_operator.py
[2026-05-12T05:04:17.592+0000] {processor.py:830} INFO - Processing file /home/airflow/.local/lib/python3.12/site-packages/airflow/example_dags/example_python_operator.py for tasks to queue
[2026-05-12T05:04:17.593+0000] {logging_mixin.py:188} INFO - [2026-05-12T05:04:17.593+0000] {dagbag.py:545} INFO - Filling up the DagBag from /home/airflow/.local/lib/python3.12/site-packages/airflow/example_dags/example_python_operator.py
[2026-05-12T05:04:17.610+0000] {processor.py:840} INFO - DAG(s) 'example_python_operator' retrieved from /home/airflow/.local/lib/python3.12/site-packages/airflow/example_dags/example_python_operator.py
[2026-05-12T05:04:17.647+0000] {logging_mixin.py:188} INFO - [2026-05-12T05:04:17.647+0000] {dag.py:3089} INFO - Sync 1 DAGs
[2026-05-12T05:04:17.662+0000] {logging_mixin.py:188} INFO - [2026-05-12T05:04:17.661+0000] {dag.py:3947} INFO - Setting next_dagrun for example_python_operator to None, run_after=None
[2026-05-12T05:04:17.692+0000] {processor.py:183} INFO - Processing /home/airflow/.local/lib/python3.12/site-packages/airflow/example_dags/example_python_operator.py took 0.113 seconds
[2026-05-12T05:04:47.891+0000] {processor.py:161} INFO - Started process (PID=11486) to work on /home/airflow/.local/lib/python3.12/site-packages/airflow/example_dags/example_python_operator.py
[2026-05-12T05:04:47.893+0000] {processor.py:830} INFO - Processing file /home/airflow/.local/lib/python3.12/site-packages/airflow/example_dags/example_python_operator.py for tasks to queue
[2026-05-12T05:04:47.894+0000] {logging_mixin.py:188} INFO - [2026-05-12T05:04:47.893+0000] {dagbag.py:545} INFO - Filling up the DagBag from /home/airflow/.local/lib/python3.12/site-packages/airflow/example_dags/example_python_operator.py
[2026-05-12T05:04:47.915+0000] {processor.py:840} INFO - DAG(s) 'example_python_operator' retrieved from /home/airflow/.local/lib/python3.12/site-packages/airflow/example_dags/example_python_operator.py
[2026-05-12T05:04:47.954+0000] {logging_mixin.py:188} INFO - [2026-05-12T05:04:47.954+0000] {dag.py:3089} INFO - Sync 1 DAGs
[2026-05-12T05:04:47.974+0000] {logging_mixin.py:188} INFO - [2026-05-12T05:04:47.973+0000] {dag.py:3947} INFO - Setting next_dagrun for example_python_operator to None, run_after=None
[2026-05-12T05:04:48.013+0000] {processor.py:183} INFO - Processing /home/airflow/.local/lib/python3.12/site-packages/airflow/example_dags/example_python_operator.py took 0.132 seconds
[2026-05-12T05:05:18.549+0000] {processor.py:161} INFO - Started process (PID=11554) to work on /home/airflow/.local/lib/python3.12/site-packages/airflow/example_dags/example_python_operator.py
[2026-05-12T05:05:18.551+0000] {processor.py:830} INFO - Processing file /home/airflow/.local/lib/python3.12/site-packages/airflow/example_dags/example_python_operator.py for tasks to queue
[2026-05-12T05:05:18.552+0000] {logging_mixin.py:188} INFO - [2026-05-12T05:05:18.552+0000] {dagbag.py:545} INFO - Filling up the DagBag from /home/airflow/.local/lib/python3.12/site-packages/airflow/example_dags/example_python_operator.py
[2026-05-12T05:05:18.562+0000] {processor.py:840} INFO - DAG(s) 'example_python_operator' retrieved from /home/airflow/.local/lib/python3.12/site-packages/airflow/example_dags/example_python_operator.py
[2026-05-12T05:05:18.586+0000] {logging_mixin.py:188} INFO - [2026-05-12T05:05:18.586+0000] {dag.py:3089} INFO - Sync 1 DAGs
[2026-05-12T05:05:18.599+0000] {logging_mixin.py:188} INFO - [2026-05-12T05:05:18.598+0000] {dag.py:3947} INFO - Setting next_dagrun for example_python_operator to None, run_after=None
[2026-05-12T05:05:18.649+0000] {processor.py:183} INFO - Processing /home/airflow/.local/lib/python3.12/site-packages/airflow/example_dags/example_python_operator.py took 0.106 seconds
[2026-05-12T05:05:48.916+0000] {processor.py:161} INFO - Started process (PID=11629) to work on /home/airflow/.local/lib/python3.12/site-packages/airflow/example_dags/example_python_operator.py
[2026-05-12T05:05:48.918+0000] {processor.py:830} INFO - Processing file /home/airflow/.local/lib/python3.12/site-packages/airflow/example_dags/example_python_operator.py for tasks to queue
[2026-05-12T05:05:48.921+0000] {logging_mixin.py:188} INFO - [2026-05-12T05:05:48.920+0000] {dagbag.py:545} INFO - Filling up the DagBag from /home/airflow/.local/lib/python3.12/site-packages/airflow/example_dags/example_python_operator.py
[2026-05-12T05:05:48.936+0000] {processor.py:840} INFO - DAG(s) 'example_python_operator' retrieved from /home/airflow/.local/lib/python3.12/site-packages/airflow/example_dags/example_python_operator.py
[2026-05-12T05:05:48.976+0000] {logging_mixin.py:188} INFO - [2026-05-12T05:05:48.975+0000] {dag.py:3089} INFO - Sync 1 DAGs
[2026-05-12T05:05:49.001+0000] {logging_mixin.py:188} INFO - [2026-05-12T05:05:49.001+0000] {dag.py:3947} INFO - Setting next_dagrun for example_python_operator to None, run_after=None
[2026-05-12T05:05:49.039+0000] {processor.py:183} INFO - Processing /home/airflow/.local/lib/python3.12/site-packages/airflow/example_dags/example_python_operator.py took 0.140 seconds
[2026-05-12T05:06:19.822+0000] {processor.py:161} INFO - Started process (PID=11696) to work on /home/airflow/.local/lib/python3.12/site-packages/airflow/example_dags/example_python_operator.py
[2026-05-12T05:06:19.825+0000] {processor.py:830} INFO - Processing file /home/airflow/.local/lib/python3.12/site-packages/airflow/example_dags/example_python_operator.py for tasks to queue
[2026-05-12T05:06:19.828+0000] {logging_mixin.py:188} INFO - [2026-05-12T05:06:19.827+0000] {dagbag.py:545} INFO - Filling up the DagBag from /home/airflow/.local/lib/python3.12/site-packages/airflow/example_dags/example_python_operator.py
[2026-05-12T05:06:19.850+0000] {processor.py:840} INFO - DAG(s) 'example_python_operator' retrieved from /home/airflow/.local/lib/python3.12/site-packages/airflow/example_dags/example_python_operator.py
[2026-05-12T05:06:19.890+0000] {logging_mixin.py:188} INFO - [2026-05-12T05:06:19.890+0000] {dag.py:3089} INFO - Sync 1 DAGs
[2026-05-12T05:06:19.909+0000] {logging_mixin.py:188} INFO - [2026-05-12T05:06:19.908+0000] {dag.py:3947} INFO - Setting next_dagrun for example_python_operator to None, run_after=None
[2026-05-12T05:06:19.946+0000] {processor.py:183} INFO - Processing /home/airflow/.local/lib/python3.12/site-packages/airflow/example_dags/example_python_operator.py took 0.138 seconds
[2026-05-12T05:06:50.680+0000] {processor.py:161} INFO - Started process (PID=11765) to work on /home/airflow/.local/lib/python3.12/site-packages/airflow/example_dags/example_python_operator.py
[2026-05-12T05:06:50.682+0000] {processor.py:830} INFO - Processing file /home/airflow/.local/lib/python3.12/site-packages/airflow/example_dags/example_python_operator.py for tasks to queue
[2026-05-12T05:06:50.683+0000] {logging_mixin.py:188} INFO - [2026-05-12T05:06:50.683+0000] {dagbag.py:545} INFO - Filling up the DagBag from /home/airflow/.local/lib/python3.12/site-packages/airflow/example_dags/example_python_operator.py
[2026-05-12T05:06:50.693+0000] {processor.py:840} INFO - DAG(s) 'example_python_operator' retrieved from /home/airflow/.local/lib/python3.12/site-packages/airflow/example_dags/example_python_operator.py
[2026-05-12T05:06:50.719+0000] {logging_mixin.py:188} INFO - [2026-05-12T05:06:50.719+0000] {dag.py:3089} INFO - Sync 1 DAGs
[2026-05-12T05:06:50.730+0000] {logging_mixin.py:188} INFO - [2026-05-12T05:06:50.730+0000] {dag.py:3947} INFO - Setting next_dagrun for example_python_operator to None, run_after=None
[2026-05-12T05:06:50.756+0000] {processor.py:183} INFO - Processing /home/airflow/.local/lib/python3.12/site-packages/airflow/example_dags/example_python_operator.py took 0.081 seconds
[2026-05-12T05:07:21.403+0000] {processor.py:161} INFO - Started process (PID=11840) to work on /home/airflow/.local/lib/python3.12/site-packages/airflow/example_dags/example_python_operator.py
[2026-05-12T05:07:21.405+0000] {processor.py:830} INFO - Processing file /home/airflow/.local/lib/python3.12/site-packages/airflow/example_dags/example_python_operator.py for tasks to queue
[2026-05-12T05:07:21.406+0000] {logging_mixin.py:188} INFO - [2026-05-12T05:07:21.406+0000] {dagbag.py:545} INFO - Filling up the DagBag from /home/airflow/.local/lib/python3.12/site-packages/airflow/example_dags/example_python_operator.py
[2026-05-12T05:07:21.424+0000] {processor.py:840} INFO - DAG(s) 'example_python_operator' retrieved from /home/airflow/.local/lib/python3.12/site-packages/airflow/example_dags/example_python_operator.py
[2026-05-12T05:07:21.456+0000] {logging_mixin.py:188} INFO - [2026-05-12T05:07:21.456+0000] {dag.py:3089} INFO - Sync 1 DAGs
[2026-05-12T05:07:21.474+0000] {logging_mixin.py:188} INFO - [2026-05-12T05:07:21.473+0000] {dag.py:3947} INFO - Setting next_dagrun for example_python_operator to None, run_after=None
[2026-05-12T05:07:21.504+0000] {processor.py:183} INFO - Processing /home/airflow/.local/lib/python3.12/site-packages/airflow/example_dags/example_python_operator.py took 0.110 seconds
[2026-05-12T05:07:52.207+0000] {processor.py:161} INFO - Started process (PID=11908) to work on /home/airflow/.local/lib/python3.12/site-packages/airflow/example_dags/example_python_operator.py
[2026-05-12T05:07:52.211+0000] {processor.py:830} INFO - Processing file /home/airflow/.local/lib/python3.12/site-packages/airflow/example_dags/example_python_operator.py for tasks to queue
[2026-05-12T05:07:52.214+0000] {logging_mixin.py:188} INFO - [2026-05-12T05:07:52.213+0000] {dagbag.py:545} INFO - Filling up the DagBag from /home/airflow/.local/lib/python3.12/site-packages/airflow/example_dags/example_python_operator.py
[2026-05-12T05:07:52.233+0000] {processor.py:840} INFO - DAG(s) 'example_python_operator' retrieved from /home/airflow/.local/lib/python3.12/site-packages/airflow/example_dags/example_python_operator.py
[2026-05-12T05:07:52.262+0000] {logging_mixin.py:188} INFO - [2026-05-12T05:07:52.261+0000] {dag.py:3089} INFO - Sync 1 DAGs
[2026-05-12T05:07:52.279+0000] {logging_mixin.py:188} INFO - [2026-05-12T05:07:52.278+0000] {dag.py:3947} INFO - Setting next_dagrun for example_python_operator to None, run_after=None
[2026-05-12T05:07:52.314+0000] {processor.py:183} INFO - Processing /home/airflow/.local/lib/python3.12/site-packages/airflow/example_dags/example_python_operator.py took 0.119 seconds
[2026-05-12T05:08:22.388+0000] {processor.py:161} INFO - Started process (PID=11984) to work on /home/airflow/.local/lib/python3.12/site-packages/airflow/example_dags/example_python_operator.py
[2026-05-12T05:08:22.390+0000] {processor.py:830} INFO - Processing file /home/airflow/.local/lib/python3.12/site-packages/airflow/example_dags/example_python_operator.py for tasks to queue
[2026-05-12T05:08:22.391+0000] {logging_mixin.py:188} INFO - [2026-05-12T05:08:22.391+0000] {dagbag.py:545} INFO - Filling up the DagBag from /home/airflow/.local/lib/python3.12/site-packages/airflow/example_dags/example_python_operator.py
[2026-05-12T05:08:22.413+0000] {processor.py:840} INFO - DAG(s) 'example_python_operator' retrieved from /home/airflow/.local/lib/python3.12/site-packages/airflow/example_dags/example_python_operator.py
[2026-05-12T05:08:22.456+0000] {logging_mixin.py:188} INFO - [2026-05-12T05:08:22.456+0000] {dag.py:3089} INFO - Sync 1 DAGs
[2026-05-12T05:08:22.485+0000] {logging_mixin.py:188} INFO - [2026-05-12T05:08:22.484+0000] {dag.py:3947} INFO - Setting next_dagrun for example_python_operator to None, run_after=None
[2026-05-12T05:08:22.523+0000] {processor.py:183} INFO - Processing /home/airflow/.local/lib/python3.12/site-packages/airflow/example_dags/example_python_operator.py took 0.150 seconds
[2026-05-12T05:08:52.853+0000] {processor.py:161} INFO - Started process (PID=12052) to work on /home/airflow/.local/lib/python3.12/site-packages/airflow/example_dags/example_python_operator.py
[2026-05-12T05:08:52.855+0000] {processor.py:830} INFO - Processing file /home/airflow/.local/lib/python3.12/site-packages/airflow/example_dags/example_python_operator.py for tasks to queue
[2026-05-12T05:08:52.857+0000] {logging_mixin.py:188} INFO - [2026-05-12T05:08:52.857+0000] {dagbag.py:545} INFO - Filling up the DagBag from /home/airflow/.local/lib/python3.12/site-packages/airflow/example_dags/example_python_operator.py
[2026-05-12T05:08:52.872+0000] {processor.py:840} INFO - DAG(s) 'example_python_operator' retrieved from /home/airflow/.local/lib/python3.12/site-packages/airflow/example_dags/example_python_operator.py
[2026-05-12T05:08:52.898+0000] {logging_mixin.py:188} INFO - [2026-05-12T05:08:52.898+0000] {dag.py:3089} INFO - Sync 1 DAGs
[2026-05-12T05:08:52.916+0000] {logging_mixin.py:188} INFO - [2026-05-12T05:08:52.916+0000] {dag.py:3947} INFO - Setting next_dagrun for example_python_operator to None, run_after=None
[2026-05-12T05:08:52.945+0000] {processor.py:183} INFO - Processing /home/airflow/.local/lib/python3.12/site-packages/airflow/example_dags/example_python_operator.py took 0.100 seconds
[2026-05-12T05:09:23.183+0000] {processor.py:161} INFO - Started process (PID=12120) to work on /home/airflow/.local/lib/python3.12/site-packages/airflow/example_dags/example_python_operator.py
[2026-05-12T05:09:23.186+0000] {processor.py:830} INFO - Processing file /home/airflow/.local/lib/python3.12/site-packages/airflow/example_dags/example_python_operator.py for tasks to queue
[2026-05-12T05:09:23.187+0000] {logging_mixin.py:188} INFO - [2026-05-12T05:09:23.187+0000] {dagbag.py:545} INFO - Filling up the DagBag from /home/airflow/.local/lib/python3.12/site-packages/airflow/example_dags/example_python_operator.py
[2026-05-12T05:09:23.203+0000] {processor.py:840} INFO - DAG(s) 'example_python_operator' retrieved from /home/airflow/.local/lib/python3.12/site-packages/airflow/example_dags/example_python_operator.py
[2026-05-12T05:09:23.232+0000] {logging_mixin.py:188} INFO - [2026-05-12T05:09:23.231+0000] {dag.py:3089} INFO - Sync 1 DAGs
[2026-05-12T05:09:23.248+0000] {logging_mixin.py:188} INFO - [2026-05-12T05:09:23.248+0000] {dag.py:3947} INFO - Setting next_dagrun for example_python_operator to None, run_after=None
[2026-05-12T05:09:23.276+0000] {processor.py:183} INFO - Processing /home/airflow/.local/lib/python3.12/site-packages/airflow/example_dags/example_python_operator.py took 0.103 seconds
[2026-05-12T05:09:53.663+0000] {processor.py:161} INFO - Started process (PID=12195) to work on /home/airflow/.local/lib/python3.12/site-packages/airflow/example_dags/example_python_operator.py
[2026-05-12T05:09:53.664+0000] {processor.py:830} INFO - Processing file /home/airflow/.local/lib/python3.12/site-packages/airflow/example_dags/example_python_operator.py for tasks to queue
[2026-05-12T05:09:53.666+0000] {logging_mixin.py:188} INFO - [2026-05-12T05:09:53.666+0000] {dagbag.py:545} INFO - Filling up the DagBag from /home/airflow/.local/lib/python3.12/site-packages/airflow/example_dags/example_python_operator.py
[2026-05-12T05:09:53.677+0000] {processor.py:840} INFO - DAG(s) 'example_python_operator' retrieved from /home/airflow/.local/lib/python3.12/site-packages/airflow/example_dags/example_python_operator.py
[2026-05-12T05:09:53.716+0000] {logging_mixin.py:188} INFO - [2026-05-12T05:09:53.716+0000] {dag.py:3089} INFO - Sync 1 DAGs
[2026-05-12T05:09:53.740+0000] {logging_mixin.py:188} INFO - [2026-05-12T05:09:53.739+0000] {dag.py:3947} INFO - Setting next_dagrun for example_python_operator to None, run_after=None
[2026-05-12T05:09:53.775+0000] {processor.py:183} INFO - Processing /home/airflow/.local/lib/python3.12/site-packages/airflow/example_dags/example_python_operator.py took 0.128 seconds
[2026-05-12T05:10:23.859+0000] {processor.py:161} INFO - Started process (PID=12263) to work on /home/airflow/.local/lib/python3.12/site-packages/airflow/example_dags/example_python_operator.py
[2026-05-12T05:10:23.861+0000] {processor.py:830} INFO - Processing file /home/airflow/.local/lib/python3.12/site-packages/airflow/example_dags/example_python_operator.py for tasks to queue
[2026-05-12T05:10:23.863+0000] {logging_mixin.py:188} INFO - [2026-05-12T05:10:23.862+0000] {dagbag.py:545} INFO - Filling up the DagBag from /home/airflow/.local/lib/python3.12/site-packages/airflow/example_dags/example_python_operator.py
[2026-05-12T05:10:23.885+0000] {processor.py:840} INFO - DAG(s) 'example_python_operator' retrieved from /home/airflow/.local/lib/python3.12/site-packages/airflow/example_dags/example_python_operator.py
[2026-05-12T05:10:23.930+0000] {logging_mixin.py:188} INFO - [2026-05-12T05:10:23.929+0000] {dag.py:3089} INFO - Sync 1 DAGs
[2026-05-12T05:10:23.960+0000] {logging_mixin.py:188} INFO - [2026-05-12T05:10:23.960+0000] {dag.py:3947} INFO - Setting next_dagrun for example_python_operator to None, run_after=None
[2026-05-12T05:10:23.994+0000] {processor.py:183} INFO - Processing /home/airflow/.local/lib/python3.12/site-packages/airflow/example_dags/example_python_operator.py took 0.141 seconds
[2026-05-12T05:10:54.186+0000] {processor.py:161} INFO - Started process (PID=12338) to work on /home/airflow/.local/lib/python3.12/site-packages/airflow/example_dags/example_python_operator.py
[2026-05-12T05:10:54.187+0000] {processor.py:830} INFO - Processing file /home/airflow/.local/lib/python3.12/site-packages/airflow/example_dags/example_python_operator.py for tasks to queue
[2026-05-12T05:10:54.189+0000] {logging_mixin.py:188} INFO - [2026-05-12T05:10:54.188+0000] {dagbag.py:545} INFO - Filling up the DagBag from /home/airflow/.local/lib/python3.12/site-packages/airflow/example_dags/example_python_operator.py
[2026-05-12T05:10:54.199+0000] {processor.py:840} INFO - DAG(s) 'example_python_operator' retrieved from /home/airflow/.local/lib/python3.12/site-packages/airflow/example_dags/example_python_operator.py
[2026-05-12T05:10:54.221+0000] {logging_mixin.py:188} INFO - [2026-05-12T05:10:54.220+0000] {dag.py:3089} INFO - Sync 1 DAGs
[2026-05-12T05:10:54.232+0000] {logging_mixin.py:188} INFO - [2026-05-12T05:10:54.232+0000] {dag.py:3947} INFO - Setting next_dagrun for example_python_operator to None, run_after=None
[2026-05-12T05:10:54.262+0000] {processor.py:183} INFO - Processing /home/airflow/.local/lib/python3.12/site-packages/airflow/example_dags/example_python_operator.py took 0.082 seconds
[2026-05-12T05:11:24.857+0000] {processor.py:161} INFO - Started process (PID=12406) to work on /home/airflow/.local/lib/python3.12/site-packages/airflow/example_dags/example_python_operator.py
[2026-05-12T05:11:24.859+0000] {processor.py:830} INFO - Processing file /home/airflow/.local/lib/python3.12/site-packages/airflow/example_dags/example_python_operator.py for tasks to queue
[2026-05-12T05:11:24.860+0000] {logging_mixin.py:188} INFO - [2026-05-12T05:11:24.860+0000] {dagbag.py:545} INFO - Filling up the DagBag from /home/airflow/.local/lib/python3.12/site-packages/airflow/example_dags/example_python_operator.py
[2026-05-12T05:11:24.873+0000] {processor.py:840} INFO - DAG(s) 'example_python_operator' retrieved from /home/airflow/.local/lib/python3.12/site-packages/airflow/example_dags/example_python_operator.py
[2026-05-12T05:11:24.916+0000] {logging_mixin.py:188} INFO - [2026-05-12T05:11:24.915+0000] {dag.py:3089} INFO - Sync 1 DAGs
[2026-05-12T05:11:24.937+0000] {logging_mixin.py:188} INFO - [2026-05-12T05:11:24.937+0000] {dag.py:3947} INFO - Setting next_dagrun for example_python_operator to None, run_after=None
[2026-05-12T05:11:24.975+0000] {processor.py:183} INFO - Processing /home/airflow/.local/lib/python3.12/site-packages/airflow/example_dags/example_python_operator.py took 0.128 seconds
[2026-05-12T05:11:55.191+0000] {processor.py:161} INFO - Started process (PID=12474) to work on /home/airflow/.local/lib/python3.12/site-packages/airflow/example_dags/example_python_operator.py
[2026-05-12T05:11:55.192+0000] {processor.py:830} INFO - Processing file /home/airflow/.local/lib/python3.12/site-packages/airflow/example_dags/example_python_operator.py for tasks to queue
[2026-05-12T05:11:55.193+0000] {logging_mixin.py:188} INFO - [2026-05-12T05:11:55.193+0000] {dagbag.py:545} INFO - Filling up the DagBag from /home/airflow/.local/lib/python3.12/site-packages/airflow/example_dags/example_python_operator.py
[2026-05-12T05:11:55.202+0000] {processor.py:840} INFO - DAG(s) 'example_python_operator' retrieved from /home/airflow/.local/lib/python3.12/site-packages/airflow/example_dags/example_python_operator.py
[2026-05-12T05:11:55.223+0000] {logging_mixin.py:188} INFO - [2026-05-12T05:11:55.223+0000] {dag.py:3089} INFO - Sync 1 DAGs
[2026-05-12T05:11:55.236+0000] {logging_mixin.py:188} INFO - [2026-05-12T05:11:55.236+0000] {dag.py:3947} INFO - Setting next_dagrun for example_python_operator to None, run_after=None
[2026-05-12T05:11:55.257+0000] {processor.py:183} INFO - Processing /home/airflow/.local/lib/python3.12/site-packages/airflow/example_dags/example_python_operator.py took 0.073 seconds
[2026-05-12T05:12:25.446+0000] {processor.py:161} INFO - Started process (PID=12549) to work on /home/airflow/.local/lib/python3.12/site-packages/airflow/example_dags/example_python_operator.py
[2026-05-12T05:12:25.448+0000] {processor.py:830} INFO - Processing file /home/airflow/.local/lib/python3.12/site-packages/airflow/example_dags/example_python_operator.py for tasks to queue
[2026-05-12T05:12:25.449+0000] {logging_mixin.py:188} INFO - [2026-05-12T05:12:25.449+0000] {dagbag.py:545} INFO - Filling up the DagBag from /home/airflow/.local/lib/python3.12/site-packages/airflow/example_dags/example_python_operator.py
[2026-05-12T05:12:25.470+0000] {processor.py:840} INFO - DAG(s) 'example_python_operator' retrieved from /home/airflow/.local/lib/python3.12/site-packages/airflow/example_dags/example_python_operator.py
[2026-05-12T05:12:25.519+0000] {logging_mixin.py:188} INFO - [2026-05-12T05:12:25.518+0000] {dag.py:3089} INFO - Sync 1 DAGs
[2026-05-12T05:12:25.547+0000] {logging_mixin.py:188} INFO - [2026-05-12T05:12:25.547+0000] {dag.py:3947} INFO - Setting next_dagrun for example_python_operator to None, run_after=None
[2026-05-12T05:12:25.581+0000] {processor.py:183} INFO - Processing /home/airflow/.local/lib/python3.12/site-packages/airflow/example_dags/example_python_operator.py took 0.146 seconds
[2026-05-12T05:12:56.228+0000] {processor.py:161} INFO - Started process (PID=12617) to work on /home/airflow/.local/lib/python3.12/site-packages/airflow/example_dags/example_python_operator.py
[2026-05-12T05:12:56.229+0000] {processor.py:830} INFO - Processing file /home/airflow/.local/lib/python3.12/site-packages/airflow/example_dags/example_python_operator.py for tasks to queue
[2026-05-12T05:12:56.230+0000] {logging_mixin.py:188} INFO - [2026-05-12T05:12:56.230+0000] {dagbag.py:545} INFO - Filling up the DagBag from /home/airflow/.local/lib/python3.12/site-packages/airflow/example_dags/example_python_operator.py
[2026-05-12T05:12:56.244+0000] {processor.py:840} INFO - DAG(s) 'example_python_operator' retrieved from /home/airflow/.local/lib/python3.12/site-packages/airflow/example_dags/example_python_operator.py
[2026-05-12T05:12:56.270+0000] {logging_mixin.py:188} INFO - [2026-05-12T05:12:56.270+0000] {dag.py:3089} INFO - Sync 1 DAGs
[2026-05-12T05:12:56.287+0000] {logging_mixin.py:188} INFO - [2026-05-12T05:12:56.286+0000] {dag.py:3947} INFO - Setting next_dagrun for example_python_operator to None, run_after=None
[2026-05-12T05:12:56.312+0000] {processor.py:183} INFO - Processing /home/airflow/.local/lib/python3.12/site-packages/airflow/example_dags/example_python_operator.py took 0.092 seconds
[2026-05-12T05:13:27.133+0000] {processor.py:161} INFO - Started process (PID=12690) to work on /home/airflow/.local/lib/python3.12/site-packages/airflow/example_dags/example_python_operator.py
[2026-05-12T05:13:27.136+0000] {processor.py:830} INFO - Processing file /home/airflow/.local/lib/python3.12/site-packages/airflow/example_dags/example_python_operator.py for tasks to queue
[2026-05-12T05:13:27.138+0000] {logging_mixin.py:188} INFO - [2026-05-12T05:13:27.137+0000] {dagbag.py:545} INFO - Filling up the DagBag from /home/airflow/.local/lib/python3.12/site-packages/airflow/example_dags/example_python_operator.py
[2026-05-12T05:13:27.151+0000] {processor.py:840} INFO - DAG(s) 'example_python_operator' retrieved from /home/airflow/.local/lib/python3.12/site-packages/airflow/example_dags/example_python_operator.py
[2026-05-12T05:13:27.180+0000] {logging_mixin.py:188} INFO - [2026-05-12T05:13:27.180+0000] {dag.py:3089} INFO - Sync 1 DAGs
[2026-05-12T05:13:27.194+0000] {logging_mixin.py:188} INFO - [2026-05-12T05:13:27.194+0000] {dag.py:3947} INFO - Setting next_dagrun for example_python_operator to None, run_after=None
[2026-05-12T05:13:27.220+0000] {processor.py:183} INFO - Processing /home/airflow/.local/lib/python3.12/site-packages/airflow/example_dags/example_python_operator.py took 0.098 seconds
[2026-05-12T05:13:57.907+0000] {processor.py:161} INFO - Started process (PID=12758) to work on /home/airflow/.local/lib/python3.12/site-packages/airflow/example_dags/example_python_operator.py
[2026-05-12T05:13:57.909+0000] {processor.py:830} INFO - Processing file /home/airflow/.local/lib/python3.12/site-packages/airflow/example_dags/example_python_operator.py for tasks to queue
[2026-05-12T05:13:57.910+0000] {logging_mixin.py:188} INFO - [2026-05-12T05:13:57.910+0000] {dagbag.py:545} INFO - Filling up the DagBag from /home/airflow/.local/lib/python3.12/site-packages/airflow/example_dags/example_python_operator.py
[2026-05-12T05:13:57.931+0000] {processor.py:840} INFO - DAG(s) 'example_python_operator' retrieved from /home/airflow/.local/lib/python3.12/site-packages/airflow/example_dags/example_python_operator.py
[2026-05-12T05:13:57.968+0000] {logging_mixin.py:188} INFO - [2026-05-12T05:13:57.967+0000] {dag.py:3089} INFO - Sync 1 DAGs
[2026-05-12T05:13:57.993+0000] {logging_mixin.py:188} INFO - [2026-05-12T05:13:57.993+0000] {dag.py:3947} INFO - Setting next_dagrun for example_python_operator to None, run_after=None
[2026-05-12T05:13:58.037+0000] {processor.py:183} INFO - Processing /home/airflow/.local/lib/python3.12/site-packages/airflow/example_dags/example_python_operator.py took 0.141 seconds
[2026-05-12T05:14:28.134+0000] {processor.py:161} INFO - Started process (PID=12826) to work on /home/airflow/.local/lib/python3.12/site-packages/airflow/example_dags/example_python_operator.py
[2026-05-12T05:14:28.136+0000] {processor.py:830} INFO - Processing file /home/airflow/.local/lib/python3.12/site-packages/airflow/example_dags/example_python_operator.py for tasks to queue
[2026-05-12T05:14:28.137+0000] {logging_mixin.py:188} INFO - [2026-05-12T05:14:28.136+0000] {dagbag.py:545} INFO - Filling up the DagBag from /home/airflow/.local/lib/python3.12/site-packages/airflow/example_dags/example_python_operator.py
[2026-05-12T05:14:28.147+0000] {processor.py:840} INFO - DAG(s) 'example_python_operator' retrieved from /home/airflow/.local/lib/python3.12/site-packages/airflow/example_dags/example_python_operator.py
[2026-05-12T05:14:28.176+0000] {logging_mixin.py:188} INFO - [2026-05-12T05:14:28.176+0000] {dag.py:3089} INFO - Sync 1 DAGs
[2026-05-12T05:14:28.191+0000] {logging_mixin.py:188} INFO - [2026-05-12T05:14:28.191+0000] {dag.py:3947} INFO - Setting next_dagrun for example_python_operator to None, run_after=None
[2026-05-12T05:14:28.227+0000] {processor.py:183} INFO - Processing /home/airflow/.local/lib/python3.12/site-packages/airflow/example_dags/example_python_operator.py took 0.107 seconds
[2026-05-12T05:14:59.169+0000] {processor.py:161} INFO - Started process (PID=12900) to work on /home/airflow/.local/lib/python3.12/site-packages/airflow/example_dags/example_python_operator.py
[2026-05-12T05:14:59.171+0000] {processor.py:830} INFO - Processing file /home/airflow/.local/lib/python3.12/site-packages/airflow/example_dags/example_python_operator.py for tasks to queue
[2026-05-12T05:14:59.173+0000] {logging_mixin.py:188} INFO - [2026-05-12T05:14:59.172+0000] {dagbag.py:545} INFO - Filling up the DagBag from /home/airflow/.local/lib/python3.12/site-packages/airflow/example_dags/example_python_operator.py
[2026-05-12T05:14:59.187+0000] {processor.py:840} INFO - DAG(s) 'example_python_operator' retrieved from /home/airflow/.local/lib/python3.12/site-packages/airflow/example_dags/example_python_operator.py
[2026-05-12T05:14:59.226+0000] {logging_mixin.py:188} INFO - [2026-05-12T05:14:59.225+0000] {dag.py:3089} INFO - Sync 1 DAGs
[2026-05-12T05:14:59.251+0000] {logging_mixin.py:188} INFO - [2026-05-12T05:14:59.251+0000] {dag.py:3947} INFO - Setting next_dagrun for example_python_operator to None, run_after=None
[2026-05-12T05:14:59.286+0000] {processor.py:183} INFO - Processing /home/airflow/.local/lib/python3.12/site-packages/airflow/example_dags/example_python_operator.py took 0.127 seconds
[2026-05-12T05:15:29.877+0000] {processor.py:161} INFO - Started process (PID=12968) to work on /home/airflow/.local/lib/python3.12/site-packages/airflow/example_dags/example_python_operator.py
[2026-05-12T05:15:29.879+0000] {processor.py:830} INFO - Processing file /home/airflow/.local/lib/python3.12/site-packages/airflow/example_dags/example_python_operator.py for tasks to queue
[2026-05-12T05:15:29.880+0000] {logging_mixin.py:188} INFO - [2026-05-12T05:15:29.880+0000] {dagbag.py:545} INFO - Filling up the DagBag from /home/airflow/.local/lib/python3.12/site-packages/airflow/example_dags/example_python_operator.py
[2026-05-12T05:15:29.894+0000] {processor.py:840} INFO - DAG(s) 'example_python_operator' retrieved from /home/airflow/.local/lib/python3.12/site-packages/airflow/example_dags/example_python_operator.py
[2026-05-12T05:15:29.930+0000] {logging_mixin.py:188} INFO - [2026-05-12T05:15:29.930+0000] {dag.py:3089} INFO - Sync 1 DAGs
[2026-05-12T05:15:29.953+0000] {logging_mixin.py:188} INFO - [2026-05-12T05:15:29.953+0000] {dag.py:3947} INFO - Setting next_dagrun for example_python_operator to None, run_after=None
[2026-05-12T05:15:29.989+0000] {processor.py:183} INFO - Processing /home/airflow/.local/lib/python3.12/site-packages/airflow/example_dags/example_python_operator.py took 0.124 seconds
[2026-05-12T05:16:00.244+0000] {processor.py:161} INFO - Started process (PID=13043) to work on /home/airflow/.local/lib/python3.12/site-packages/airflow/example_dags/example_python_operator.py
[2026-05-12T05:16:00.248+0000] {processor.py:830} INFO - Processing file /home/airflow/.local/lib/python3.12/site-packages/airflow/example_dags/example_python_operator.py for tasks to queue
[2026-05-12T05:16:00.252+0000] {logging_mixin.py:188} INFO - [2026-05-12T05:16:00.251+0000] {dagbag.py:545} INFO - Filling up the DagBag from /home/airflow/.local/lib/python3.12/site-packages/airflow/example_dags/example_python_operator.py
[2026-05-12T05:16:00.268+0000] {processor.py:840} INFO - DAG(s) 'example_python_operator' retrieved from /home/airflow/.local/lib/python3.12/site-packages/airflow/example_dags/example_python_operator.py
[2026-05-12T05:16:00.316+0000] {logging_mixin.py:188} INFO - [2026-05-12T05:16:00.316+0000] {dag.py:3089} INFO - Sync 1 DAGs
[2026-05-12T05:16:00.346+0000] {logging_mixin.py:188} INFO - [2026-05-12T05:16:00.345+0000] {dag.py:3947} INFO - Setting next_dagrun for example_python_operator to None, run_after=None
[2026-05-12T05:16:00.392+0000] {processor.py:183} INFO - Processing /home/airflow/.local/lib/python3.12/site-packages/airflow/example_dags/example_python_operator.py took 0.162 seconds
[2026-05-12T05:16:30.945+0000] {processor.py:161} INFO - Started process (PID=13111) to work on /home/airflow/.local/lib/python3.12/site-packages/airflow/example_dags/example_python_operator.py
[2026-05-12T05:16:30.947+0000] {processor.py:830} INFO - Processing file /home/airflow/.local/lib/python3.12/site-packages/airflow/example_dags/example_python_operator.py for tasks to queue
[2026-05-12T05:16:30.949+0000] {logging_mixin.py:188} INFO - [2026-05-12T05:16:30.949+0000] {dagbag.py:545} INFO - Filling up the DagBag from /home/airflow/.local/lib/python3.12/site-packages/airflow/example_dags/example_python_operator.py
[2026-05-12T05:16:30.966+0000] {processor.py:840} INFO - DAG(s) 'example_python_operator' retrieved from /home/airflow/.local/lib/python3.12/site-packages/airflow/example_dags/example_python_operator.py
[2026-05-12T05:16:30.998+0000] {logging_mixin.py:188} INFO - [2026-05-12T05:16:30.997+0000] {dag.py:3089} INFO - Sync 1 DAGs
[2026-05-12T05:16:31.017+0000] {logging_mixin.py:188} INFO - [2026-05-12T05:16:31.016+0000] {dag.py:3947} INFO - Setting next_dagrun for example_python_operator to None, run_after=None
[2026-05-12T05:16:31.052+0000] {processor.py:183} INFO - Processing /home/airflow/.local/lib/python3.12/site-packages/airflow/example_dags/example_python_operator.py took 0.123 seconds
[2026-05-12T05:17:01.232+0000] {processor.py:161} INFO - Started process (PID=13179) to work on /home/airflow/.local/lib/python3.12/site-packages/airflow/example_dags/example_python_operator.py
[2026-05-12T05:17:01.234+0000] {processor.py:830} INFO - Processing file /home/airflow/.local/lib/python3.12/site-packages/airflow/example_dags/example_python_operator.py for tasks to queue
[2026-05-12T05:17:01.236+0000] {logging_mixin.py:188} INFO - [2026-05-12T05:17:01.236+0000] {dagbag.py:545} INFO - Filling up the DagBag from /home/airflow/.local/lib/python3.12/site-packages/airflow/example_dags/example_python_operator.py
[2026-05-12T05:17:01.249+0000] {processor.py:840} INFO - DAG(s) 'example_python_operator' retrieved from /home/airflow/.local/lib/python3.12/site-packages/airflow/example_dags/example_python_operator.py
[2026-05-12T05:17:01.287+0000] {logging_mixin.py:188} INFO - [2026-05-12T05:17:01.286+0000] {dag.py:3089} INFO - Sync 1 DAGs
[2026-05-12T05:17:01.303+0000] {logging_mixin.py:188} INFO - [2026-05-12T05:17:01.303+0000] {dag.py:3947} INFO - Setting next_dagrun for example_python_operator to None, run_after=None
[2026-05-12T05:17:01.338+0000] {processor.py:183} INFO - Processing /home/airflow/.local/lib/python3.12/site-packages/airflow/example_dags/example_python_operator.py took 0.119 seconds
[2026-05-12T05:17:31.801+0000] {processor.py:161} INFO - Started process (PID=13254) to work on /home/airflow/.local/lib/python3.12/site-packages/airflow/example_dags/example_python_operator.py
[2026-05-12T05:17:31.804+0000] {processor.py:830} INFO - Processing file /home/airflow/.local/lib/python3.12/site-packages/airflow/example_dags/example_python_operator.py for tasks to queue
[2026-05-12T05:17:31.805+0000] {logging_mixin.py:188} INFO - [2026-05-12T05:17:31.805+0000] {dagbag.py:545} INFO - Filling up the DagBag from /home/airflow/.local/lib/python3.12/site-packages/airflow/example_dags/example_python_operator.py
[2026-05-12T05:17:31.827+0000] {processor.py:840} INFO - DAG(s) 'example_python_operator' retrieved from /home/airflow/.local/lib/python3.12/site-packages/airflow/example_dags/example_python_operator.py
[2026-05-12T05:17:31.873+0000] {logging_mixin.py:188} INFO - [2026-05-12T05:17:31.873+0000] {dag.py:3089} INFO - Sync 1 DAGs
[2026-05-12T05:17:31.893+0000] {logging_mixin.py:188} INFO - [2026-05-12T05:17:31.893+0000] {dag.py:3947} INFO - Setting next_dagrun for example_python_operator to None, run_after=None
[2026-05-12T05:17:31.922+0000] {processor.py:183} INFO - Processing /home/airflow/.local/lib/python3.12/site-packages/airflow/example_dags/example_python_operator.py took 0.133 seconds
[2026-05-12T05:18:01.996+0000] {processor.py:161} INFO - Started process (PID=13322) to work on /home/airflow/.local/lib/python3.12/site-packages/airflow/example_dags/example_python_operator.py
[2026-05-12T05:18:01.997+0000] {processor.py:830} INFO - Processing file /home/airflow/.local/lib/python3.12/site-packages/airflow/example_dags/example_python_operator.py for tasks to queue
[2026-05-12T05:18:01.998+0000] {logging_mixin.py:188} INFO - [2026-05-12T05:18:01.998+0000] {dagbag.py:545} INFO - Filling up the DagBag from /home/airflow/.local/lib/python3.12/site-packages/airflow/example_dags/example_python_operator.py
[2026-05-12T05:18:02.010+0000] {processor.py:840} INFO - DAG(s) 'example_python_operator' retrieved from /home/airflow/.local/lib/python3.12/site-packages/airflow/example_dags/example_python_operator.py
[2026-05-12T05:18:02.042+0000] {logging_mixin.py:188} INFO - [2026-05-12T05:18:02.041+0000] {dag.py:3089} INFO - Sync 1 DAGs
[2026-05-12T05:18:02.063+0000] {logging_mixin.py:188} INFO - [2026-05-12T05:18:02.062+0000] {dag.py:3947} INFO - Setting next_dagrun for example_python_operator to None, run_after=None
[2026-05-12T05:18:02.105+0000] {processor.py:183} INFO - Processing /home/airflow/.local/lib/python3.12/site-packages/airflow/example_dags/example_python_operator.py took 0.116 seconds
[2026-05-12T05:18:32.234+0000] {processor.py:161} INFO - Started process (PID=13397) to work on /home/airflow/.local/lib/python3.12/site-packages/airflow/example_dags/example_python_operator.py
[2026-05-12T05:18:32.236+0000] {processor.py:830} INFO - Processing file /home/airflow/.local/lib/python3.12/site-packages/airflow/example_dags/example_python_operator.py for tasks to queue
[2026-05-12T05:18:32.237+0000] {logging_mixin.py:188} INFO - [2026-05-12T05:18:32.237+0000] {dagbag.py:545} INFO - Filling up the DagBag from /home/airflow/.local/lib/python3.12/site-packages/airflow/example_dags/example_python_operator.py
[2026-05-12T05:18:32.260+0000] {processor.py:840} INFO - DAG(s) 'example_python_operator' retrieved from /home/airflow/.local/lib/python3.12/site-packages/airflow/example_dags/example_python_operator.py
[2026-05-12T05:18:32.290+0000] {logging_mixin.py:188} INFO - [2026-05-12T05:18:32.289+0000] {dag.py:3089} INFO - Sync 1 DAGs
[2026-05-12T05:18:32.305+0000] {logging_mixin.py:188} INFO - [2026-05-12T05:18:32.305+0000] {dag.py:3947} INFO - Setting next_dagrun for example_python_operator to None, run_after=None
[2026-05-12T05:18:32.340+0000] {processor.py:183} INFO - Processing /home/airflow/.local/lib/python3.12/site-packages/airflow/example_dags/example_python_operator.py took 0.115 seconds
[2026-05-12T05:19:02.714+0000] {processor.py:161} INFO - Started process (PID=13465) to work on /home/airflow/.local/lib/python3.12/site-packages/airflow/example_dags/example_python_operator.py
[2026-05-12T05:19:02.715+0000] {processor.py:830} INFO - Processing file /home/airflow/.local/lib/python3.12/site-packages/airflow/example_dags/example_python_operator.py for tasks to queue
[2026-05-12T05:19:02.716+0000] {logging_mixin.py:188} INFO - [2026-05-12T05:19:02.715+0000] {dagbag.py:545} INFO - Filling up the DagBag from /home/airflow/.local/lib/python3.12/site-packages/airflow/example_dags/example_python_operator.py
[2026-05-12T05:19:02.725+0000] {processor.py:840} INFO - DAG(s) 'example_python_operator' retrieved from /home/airflow/.local/lib/python3.12/site-packages/airflow/example_dags/example_python_operator.py
[2026-05-12T05:19:02.757+0000] {logging_mixin.py:188} INFO - [2026-05-12T05:19:02.756+0000] {dag.py:3089} INFO - Sync 1 DAGs
[2026-05-12T05:19:02.769+0000] {logging_mixin.py:188} INFO - [2026-05-12T05:19:02.768+0000] {dag.py:3947} INFO - Setting next_dagrun for example_python_operator to None, run_after=None
[2026-05-12T05:19:02.802+0000] {processor.py:183} INFO - Processing /home/airflow/.local/lib/python3.12/site-packages/airflow/example_dags/example_python_operator.py took 0.094 seconds
[2026-05-12T05:19:33.181+0000] {processor.py:161} INFO - Started process (PID=13533) to work on /home/airflow/.local/lib/python3.12/site-packages/airflow/example_dags/example_python_operator.py
[2026-05-12T05:19:33.182+0000] {processor.py:830} INFO - Processing file /home/airflow/.local/lib/python3.12/site-packages/airflow/example_dags/example_python_operator.py for tasks to queue
[2026-05-12T05:19:33.182+0000] {logging_mixin.py:188} INFO - [2026-05-12T05:19:33.182+0000] {dagbag.py:545} INFO - Filling up the DagBag from /home/airflow/.local/lib/python3.12/site-packages/airflow/example_dags/example_python_operator.py
[2026-05-12T05:19:33.192+0000] {processor.py:840} INFO - DAG(s) 'example_python_operator' retrieved from /home/airflow/.local/lib/python3.12/site-packages/airflow/example_dags/example_python_operator.py
[2026-05-12T05:19:33.220+0000] {logging_mixin.py:188} INFO - [2026-05-12T05:19:33.220+0000] {dag.py:3089} INFO - Sync 1 DAGs
[2026-05-12T05:19:33.233+0000] {logging_mixin.py:188} INFO - [2026-05-12T05:19:33.233+0000] {dag.py:3947} INFO - Setting next_dagrun for example_python_operator to None, run_after=None
[2026-05-12T05:19:33.263+0000] {processor.py:183} INFO - Processing /home/airflow/.local/lib/python3.12/site-packages/airflow/example_dags/example_python_operator.py took 0.088 seconds
[2026-05-12T05:20:03.417+0000] {processor.py:161} INFO - Started process (PID=13608) to work on /home/airflow/.local/lib/python3.12/site-packages/airflow/example_dags/example_python_operator.py
[2026-05-12T05:20:03.419+0000] {processor.py:830} INFO - Processing file /home/airflow/.local/lib/python3.12/site-packages/airflow/example_dags/example_python_operator.py for tasks to queue
[2026-05-12T05:20:03.420+0000] {logging_mixin.py:188} INFO - [2026-05-12T05:20:03.420+0000] {dagbag.py:545} INFO - Filling up the DagBag from /home/airflow/.local/lib/python3.12/site-packages/airflow/example_dags/example_python_operator.py
[2026-05-12T05:20:03.438+0000] {processor.py:840} INFO - DAG(s) 'example_python_operator' retrieved from /home/airflow/.local/lib/python3.12/site-packages/airflow/example_dags/example_python_operator.py
[2026-05-12T05:20:03.471+0000] {logging_mixin.py:188} INFO - [2026-05-12T05:20:03.470+0000] {dag.py:3089} INFO - Sync 1 DAGs
[2026-05-12T05:20:03.487+0000] {logging_mixin.py:188} INFO - [2026-05-12T05:20:03.487+0000] {dag.py:3947} INFO - Setting next_dagrun for example_python_operator to None, run_after=None
[2026-05-12T05:20:03.509+0000] {processor.py:183} INFO - Processing /home/airflow/.local/lib/python3.12/site-packages/airflow/example_dags/example_python_operator.py took 0.100 seconds
[2026-05-12T05:20:33.749+0000] {processor.py:161} INFO - Started process (PID=13676) to work on /home/airflow/.local/lib/python3.12/site-packages/airflow/example_dags/example_python_operator.py
[2026-05-12T05:20:33.750+0000] {processor.py:830} INFO - Processing file /home/airflow/.local/lib/python3.12/site-packages/airflow/example_dags/example_python_operator.py for tasks to queue
[2026-05-12T05:20:33.752+0000] {logging_mixin.py:188} INFO - [2026-05-12T05:20:33.751+0000] {dagbag.py:545} INFO - Filling up the DagBag from /home/airflow/.local/lib/python3.12/site-packages/airflow/example_dags/example_python_operator.py
[2026-05-12T05:20:33.765+0000] {processor.py:840} INFO - DAG(s) 'example_python_operator' retrieved from /home/airflow/.local/lib/python3.12/site-packages/airflow/example_dags/example_python_operator.py
[2026-05-12T05:20:33.795+0000] {logging_mixin.py:188} INFO - [2026-05-12T05:20:33.795+0000] {dag.py:3089} INFO - Sync 1 DAGs
[2026-05-12T05:20:33.806+0000] {logging_mixin.py:188} INFO - [2026-05-12T05:20:33.806+0000] {dag.py:3947} INFO - Setting next_dagrun for example_python_operator to None, run_after=None
[2026-05-12T05:20:33.827+0000] {processor.py:183} INFO - Processing /home/airflow/.local/lib/python3.12/site-packages/airflow/example_dags/example_python_operator.py took 0.086 seconds
[2026-05-12T05:21:04.354+0000] {processor.py:161} INFO - Started process (PID=13744) to work on /home/airflow/.local/lib/python3.12/site-packages/airflow/example_dags/example_python_operator.py
[2026-05-12T05:21:04.356+0000] {processor.py:830} INFO - Processing file /home/airflow/.local/lib/python3.12/site-packages/airflow/example_dags/example_python_operator.py for tasks to queue
[2026-05-12T05:21:04.357+0000] {logging_mixin.py:188} INFO - [2026-05-12T05:21:04.357+0000] {dagbag.py:545} INFO - Filling up the DagBag from /home/airflow/.local/lib/python3.12/site-packages/airflow/example_dags/example_python_operator.py
[2026-05-12T05:21:04.374+0000] {processor.py:840} INFO - DAG(s) 'example_python_operator' retrieved from /home/airflow/.local/lib/python3.12/site-packages/airflow/example_dags/example_python_operator.py
[2026-05-12T05:21:04.418+0000] {logging_mixin.py:188} INFO - [2026-05-12T05:21:04.418+0000] {dag.py:3089} INFO - Sync 1 DAGs
[2026-05-12T05:21:04.446+0000] {logging_mixin.py:188} INFO - [2026-05-12T05:21:04.446+0000] {dag.py:3947} INFO - Setting next_dagrun for example_python_operator to None, run_after=None
[2026-05-12T05:21:04.492+0000] {processor.py:183} INFO - Processing /home/airflow/.local/lib/python3.12/site-packages/airflow/example_dags/example_python_operator.py took 0.153 seconds
[2026-05-12T05:21:34.939+0000] {processor.py:161} INFO - Started process (PID=13818) to work on /home/airflow/.local/lib/python3.12/site-packages/airflow/example_dags/example_python_operator.py
[2026-05-12T05:21:34.942+0000] {processor.py:830} INFO - Processing file /home/airflow/.local/lib/python3.12/site-packages/airflow/example_dags/example_python_operator.py for tasks to queue
[2026-05-12T05:21:34.944+0000] {logging_mixin.py:188} INFO - [2026-05-12T05:21:34.943+0000] {dagbag.py:545} INFO - Filling up the DagBag from /home/airflow/.local/lib/python3.12/site-packages/airflow/example_dags/example_python_operator.py
[2026-05-12T05:21:34.955+0000] {processor.py:840} INFO - DAG(s) 'example_python_operator' retrieved from /home/airflow/.local/lib/python3.12/site-packages/airflow/example_dags/example_python_operator.py
[2026-05-12T05:21:34.996+0000] {logging_mixin.py:188} INFO - [2026-05-12T05:21:34.995+0000] {dag.py:3089} INFO - Sync 1 DAGs
[2026-05-12T05:21:35.021+0000] {logging_mixin.py:188} INFO - [2026-05-12T05:21:35.020+0000] {dag.py:3947} INFO - Setting next_dagrun for example_python_operator to None, run_after=None
[2026-05-12T05:21:35.057+0000] {processor.py:183} INFO - Processing /home/airflow/.local/lib/python3.12/site-packages/airflow/example_dags/example_python_operator.py took 0.128 seconds
[2026-05-12T05:22:05.861+0000] {processor.py:161} INFO - Started process (PID=13886) to work on /home/airflow/.local/lib/python3.12/site-packages/airflow/example_dags/example_python_operator.py
[2026-05-12T05:22:05.863+0000] {processor.py:830} INFO - Processing file /home/airflow/.local/lib/python3.12/site-packages/airflow/example_dags/example_python_operator.py for tasks to queue
[2026-05-12T05:22:05.864+0000] {logging_mixin.py:188} INFO - [2026-05-12T05:22:05.863+0000] {dagbag.py:545} INFO - Filling up the DagBag from /home/airflow/.local/lib/python3.12/site-packages/airflow/example_dags/example_python_operator.py
[2026-05-12T05:22:05.873+0000] {processor.py:840} INFO - DAG(s) 'example_python_operator' retrieved from /home/airflow/.local/lib/python3.12/site-packages/airflow/example_dags/example_python_operator.py
[2026-05-12T05:22:05.902+0000] {logging_mixin.py:188} INFO - [2026-05-12T05:22:05.902+0000] {dag.py:3089} INFO - Sync 1 DAGs
[2026-05-12T05:22:05.915+0000] {logging_mixin.py:188} INFO - [2026-05-12T05:22:05.915+0000] {dag.py:3947} INFO - Setting next_dagrun for example_python_operator to None, run_after=None
[2026-05-12T05:22:05.952+0000] {processor.py:183} INFO - Processing /home/airflow/.local/lib/python3.12/site-packages/airflow/example_dags/example_python_operator.py took 0.097 seconds
[2026-05-12T05:22:36.503+0000] {processor.py:161} INFO - Started process (PID=13959) to work on /home/airflow/.local/lib/python3.12/site-packages/airflow/example_dags/example_python_operator.py
[2026-05-12T05:22:36.505+0000] {processor.py:830} INFO - Processing file /home/airflow/.local/lib/python3.12/site-packages/airflow/example_dags/example_python_operator.py for tasks to queue
[2026-05-12T05:22:36.507+0000] {logging_mixin.py:188} INFO - [2026-05-12T05:22:36.506+0000] {dagbag.py:545} INFO - Filling up the DagBag from /home/airflow/.local/lib/python3.12/site-packages/airflow/example_dags/example_python_operator.py
[2026-05-12T05:22:36.529+0000] {processor.py:840} INFO - DAG(s) 'example_python_operator' retrieved from /home/airflow/.local/lib/python3.12/site-packages/airflow/example_dags/example_python_operator.py
[2026-05-12T05:22:36.581+0000] {logging_mixin.py:188} INFO - [2026-05-12T05:22:36.581+0000] {dag.py:3089} INFO - Sync 1 DAGs
[2026-05-12T05:22:36.603+0000] {logging_mixin.py:188} INFO - [2026-05-12T05:22:36.603+0000] {dag.py:3947} INFO - Setting next_dagrun for example_python_operator to None, run_after=None
[2026-05-12T05:22:36.639+0000] {processor.py:183} INFO - Processing /home/airflow/.local/lib/python3.12/site-packages/airflow/example_dags/example_python_operator.py took 0.151 seconds
[2026-05-12T05:23:06.764+0000] {processor.py:161} INFO - Started process (PID=14027) to work on /home/airflow/.local/lib/python3.12/site-packages/airflow/example_dags/example_python_operator.py
[2026-05-12T05:23:06.766+0000] {processor.py:830} INFO - Processing file /home/airflow/.local/lib/python3.12/site-packages/airflow/example_dags/example_python_operator.py for tasks to queue
[2026-05-12T05:23:06.768+0000] {logging_mixin.py:188} INFO - [2026-05-12T05:23:06.767+0000] {dagbag.py:545} INFO - Filling up the DagBag from /home/airflow/.local/lib/python3.12/site-packages/airflow/example_dags/example_python_operator.py
[2026-05-12T05:23:06.794+0000] {processor.py:840} INFO - DAG(s) 'example_python_operator' retrieved from /home/airflow/.local/lib/python3.12/site-packages/airflow/example_dags/example_python_operator.py
[2026-05-12T05:23:06.846+0000] {logging_mixin.py:188} INFO - [2026-05-12T05:23:06.846+0000] {dag.py:3089} INFO - Sync 1 DAGs
[2026-05-12T05:23:06.870+0000] {logging_mixin.py:188} INFO - [2026-05-12T05:23:06.869+0000] {dag.py:3947} INFO - Setting next_dagrun for example_python_operator to None, run_after=None
[2026-05-12T05:23:06.905+0000] {processor.py:183} INFO - Processing /home/airflow/.local/lib/python3.12/site-packages/airflow/example_dags/example_python_operator.py took 0.157 seconds
[2026-05-12T05:23:37.615+0000] {processor.py:161} INFO - Started process (PID=14102) to work on /home/airflow/.local/lib/python3.12/site-packages/airflow/example_dags/example_python_operator.py
[2026-05-12T05:23:37.616+0000] {processor.py:830} INFO - Processing file /home/airflow/.local/lib/python3.12/site-packages/airflow/example_dags/example_python_operator.py for tasks to queue
[2026-05-12T05:23:37.618+0000] {logging_mixin.py:188} INFO - [2026-05-12T05:23:37.617+0000] {dagbag.py:545} INFO - Filling up the DagBag from /home/airflow/.local/lib/python3.12/site-packages/airflow/example_dags/example_python_operator.py
[2026-05-12T05:23:37.636+0000] {processor.py:840} INFO - DAG(s) 'example_python_operator' retrieved from /home/airflow/.local/lib/python3.12/site-packages/airflow/example_dags/example_python_operator.py
[2026-05-12T05:23:37.678+0000] {logging_mixin.py:188} INFO - [2026-05-12T05:23:37.677+0000] {dag.py:3089} INFO - Sync 1 DAGs
[2026-05-12T05:23:37.703+0000] {logging_mixin.py:188} INFO - [2026-05-12T05:23:37.702+0000] {dag.py:3947} INFO - Setting next_dagrun for example_python_operator to None, run_after=None
[2026-05-12T05:23:37.746+0000] {processor.py:183} INFO - Processing /home/airflow/.local/lib/python3.12/site-packages/airflow/example_dags/example_python_operator.py took 0.136 seconds
[2026-05-12T05:24:08.086+0000] {processor.py:161} INFO - Started process (PID=14170) to work on /home/airflow/.local/lib/python3.12/site-packages/airflow/example_dags/example_python_operator.py
[2026-05-12T05:24:08.089+0000] {processor.py:830} INFO - Processing file /home/airflow/.local/lib/python3.12/site-packages/airflow/example_dags/example_python_operator.py for tasks to queue
[2026-05-12T05:24:08.092+0000] {logging_mixin.py:188} INFO - [2026-05-12T05:24:08.091+0000] {dagbag.py:545} INFO - Filling up the DagBag from /home/airflow/.local/lib/python3.12/site-packages/airflow/example_dags/example_python_operator.py
[2026-05-12T05:24:08.106+0000] {processor.py:840} INFO - DAG(s) 'example_python_operator' retrieved from /home/airflow/.local/lib/python3.12/site-packages/airflow/example_dags/example_python_operator.py
[2026-05-12T05:24:08.156+0000] {logging_mixin.py:188} INFO - [2026-05-12T05:24:08.155+0000] {dag.py:3089} INFO - Sync 1 DAGs
[2026-05-12T05:24:08.183+0000] {logging_mixin.py:188} INFO - [2026-05-12T05:24:08.182+0000] {dag.py:3947} INFO - Setting next_dagrun for example_python_operator to None, run_after=None
[2026-05-12T05:24:08.226+0000] {processor.py:183} INFO - Processing /home/airflow/.local/lib/python3.12/site-packages/airflow/example_dags/example_python_operator.py took 0.150 seconds
[2026-05-12T05:24:38.416+0000] {processor.py:161} INFO - Started process (PID=14245) to work on /home/airflow/.local/lib/python3.12/site-packages/airflow/example_dags/example_python_operator.py
[2026-05-12T05:24:38.418+0000] {processor.py:830} INFO - Processing file /home/airflow/.local/lib/python3.12/site-packages/airflow/example_dags/example_python_operator.py for tasks to queue
[2026-05-12T05:24:38.419+0000] {logging_mixin.py:188} INFO - [2026-05-12T05:24:38.418+0000] {dagbag.py:545} INFO - Filling up the DagBag from /home/airflow/.local/lib/python3.12/site-packages/airflow/example_dags/example_python_operator.py
[2026-05-12T05:24:38.429+0000] {processor.py:840} INFO - DAG(s) 'example_python_operator' retrieved from /home/airflow/.local/lib/python3.12/site-packages/airflow/example_dags/example_python_operator.py
[2026-05-12T05:24:38.462+0000] {logging_mixin.py:188} INFO - [2026-05-12T05:24:38.461+0000] {dag.py:3089} INFO - Sync 1 DAGs
[2026-05-12T05:24:38.474+0000] {logging_mixin.py:188} INFO - [2026-05-12T05:24:38.474+0000] {dag.py:3947} INFO - Setting next_dagrun for example_python_operator to None, run_after=None
[2026-05-12T05:24:38.504+0000] {processor.py:183} INFO - Processing /home/airflow/.local/lib/python3.12/site-packages/airflow/example_dags/example_python_operator.py took 0.094 seconds
[2026-05-12T05:25:08.796+0000] {processor.py:161} INFO - Started process (PID=14313) to work on /home/airflow/.local/lib/python3.12/site-packages/airflow/example_dags/example_python_operator.py
[2026-05-12T05:25:08.799+0000] {processor.py:830} INFO - Processing file /home/airflow/.local/lib/python3.12/site-packages/airflow/example_dags/example_python_operator.py for tasks to queue
[2026-05-12T05:25:08.801+0000] {logging_mixin.py:188} INFO - [2026-05-12T05:25:08.800+0000] {dagbag.py:545} INFO - Filling up the DagBag from /home/airflow/.local/lib/python3.12/site-packages/airflow/example_dags/example_python_operator.py
[2026-05-12T05:25:08.821+0000] {processor.py:840} INFO - DAG(s) 'example_python_operator' retrieved from /home/airflow/.local/lib/python3.12/site-packages/airflow/example_dags/example_python_operator.py
[2026-05-12T05:25:08.868+0000] {logging_mixin.py:188} INFO - [2026-05-12T05:25:08.868+0000] {dag.py:3089} INFO - Sync 1 DAGs
[2026-05-12T05:25:08.896+0000] {logging_mixin.py:188} INFO - [2026-05-12T05:25:08.895+0000] {dag.py:3947} INFO - Setting next_dagrun for example_python_operator to None, run_after=None
[2026-05-12T05:25:08.937+0000] {processor.py:183} INFO - Processing /home/airflow/.local/lib/python3.12/site-packages/airflow/example_dags/example_python_operator.py took 0.155 seconds
[2026-05-12T05:25:39.304+0000] {processor.py:161} INFO - Started process (PID=14382) to work on /home/airflow/.local/lib/python3.12/site-packages/airflow/example_dags/example_python_operator.py
[2026-05-12T05:25:39.305+0000] {processor.py:830} INFO - Processing file /home/airflow/.local/lib/python3.12/site-packages/airflow/example_dags/example_python_operator.py for tasks to queue
[2026-05-12T05:25:39.307+0000] {logging_mixin.py:188} INFO - [2026-05-12T05:25:39.306+0000] {dagbag.py:545} INFO - Filling up the DagBag from /home/airflow/.local/lib/python3.12/site-packages/airflow/example_dags/example_python_operator.py
[2026-05-12T05:25:39.532+0000] {processor.py:840} INFO - DAG(s) 'example_python_operator' retrieved from /home/airflow/.local/lib/python3.12/site-packages/airflow/example_dags/example_python_operator.py
[2026-05-12T05:25:39.566+0000] {logging_mixin.py:188} INFO - [2026-05-12T05:25:39.566+0000] {dag.py:3089} INFO - Sync 1 DAGs
[2026-05-12T05:25:39.583+0000] {logging_mixin.py:188} INFO - [2026-05-12T05:25:39.582+0000] {dag.py:3947} INFO - Setting next_dagrun for example_python_operator to None, run_after=None
[2026-05-12T05:25:39.621+0000] {processor.py:183} INFO - Processing /home/airflow/.local/lib/python3.12/site-packages/airflow/example_dags/example_python_operator.py took 0.324 seconds
[2026-05-12T05:26:10.412+0000] {processor.py:161} INFO - Started process (PID=14457) to work on /home/airflow/.local/lib/python3.12/site-packages/airflow/example_dags/example_python_operator.py
[2026-05-12T05:26:10.414+0000] {processor.py:830} INFO - Processing file /home/airflow/.local/lib/python3.12/site-packages/airflow/example_dags/example_python_operator.py for tasks to queue
[2026-05-12T05:26:10.417+0000] {logging_mixin.py:188} INFO - [2026-05-12T05:26:10.416+0000] {dagbag.py:545} INFO - Filling up the DagBag from /home/airflow/.local/lib/python3.12/site-packages/airflow/example_dags/example_python_operator.py
[2026-05-12T05:26:10.433+0000] {processor.py:840} INFO - DAG(s) 'example_python_operator' retrieved from /home/airflow/.local/lib/python3.12/site-packages/airflow/example_dags/example_python_operator.py
[2026-05-12T05:26:10.470+0000] {logging_mixin.py:188} INFO - [2026-05-12T05:26:10.470+0000] {dag.py:3089} INFO - Sync 1 DAGs
[2026-05-12T05:26:10.488+0000] {logging_mixin.py:188} INFO - [2026-05-12T05:26:10.488+0000] {dag.py:3947} INFO - Setting next_dagrun for example_python_operator to None, run_after=None
[2026-05-12T05:26:10.520+0000] {processor.py:183} INFO - Processing /home/airflow/.local/lib/python3.12/site-packages/airflow/example_dags/example_python_operator.py took 0.122 seconds
[2026-05-12T05:26:40.624+0000] {processor.py:161} INFO - Started process (PID=14525) to work on /home/airflow/.local/lib/python3.12/site-packages/airflow/example_dags/example_python_operator.py
[2026-05-12T05:26:40.625+0000] {processor.py:830} INFO - Processing file /home/airflow/.local/lib/python3.12/site-packages/airflow/example_dags/example_python_operator.py for tasks to queue
[2026-05-12T05:26:40.626+0000] {logging_mixin.py:188} INFO - [2026-05-12T05:26:40.626+0000] {dagbag.py:545} INFO - Filling up the DagBag from /home/airflow/.local/lib/python3.12/site-packages/airflow/example_dags/example_python_operator.py
[2026-05-12T05:26:40.650+0000] {processor.py:840} INFO - DAG(s) 'example_python_operator' retrieved from /home/airflow/.local/lib/python3.12/site-packages/airflow/example_dags/example_python_operator.py
[2026-05-12T05:26:40.697+0000] {logging_mixin.py:188} INFO - [2026-05-12T05:26:40.697+0000] {dag.py:3089} INFO - Sync 1 DAGs
[2026-05-12T05:26:40.716+0000] {logging_mixin.py:188} INFO - [2026-05-12T05:26:40.716+0000] {dag.py:3947} INFO - Setting next_dagrun for example_python_operator to None, run_after=None
[2026-05-12T05:26:40.749+0000] {processor.py:183} INFO - Processing /home/airflow/.local/lib/python3.12/site-packages/airflow/example_dags/example_python_operator.py took 0.132 seconds
[2026-05-12T05:27:11.535+0000] {processor.py:161} INFO - Started process (PID=14600) to work on /home/airflow/.local/lib/python3.12/site-packages/airflow/example_dags/example_python_operator.py
[2026-05-12T05:27:11.537+0000] {processor.py:830} INFO - Processing file /home/airflow/.local/lib/python3.12/site-packages/airflow/example_dags/example_python_operator.py for tasks to queue
[2026-05-12T05:27:11.538+0000] {logging_mixin.py:188} INFO - [2026-05-12T05:27:11.538+0000] {dagbag.py:545} INFO - Filling up the DagBag from /home/airflow/.local/lib/python3.12/site-packages/airflow/example_dags/example_python_operator.py
[2026-05-12T05:27:11.559+0000] {processor.py:840} INFO - DAG(s) 'example_python_operator' retrieved from /home/airflow/.local/lib/python3.12/site-packages/airflow/example_dags/example_python_operator.py
[2026-05-12T05:27:11.605+0000] {logging_mixin.py:188} INFO - [2026-05-12T05:27:11.604+0000] {dag.py:3089} INFO - Sync 1 DAGs
[2026-05-12T05:27:11.626+0000] {logging_mixin.py:188} INFO - [2026-05-12T05:27:11.626+0000] {dag.py:3947} INFO - Setting next_dagrun for example_python_operator to None, run_after=None
[2026-05-12T05:27:11.660+0000] {processor.py:183} INFO - Processing /home/airflow/.local/lib/python3.12/site-packages/airflow/example_dags/example_python_operator.py took 0.140 seconds
[2026-05-12T05:27:42.712+0000] {processor.py:161} INFO - Started process (PID=14668) to work on /home/airflow/.local/lib/python3.12/site-packages/airflow/example_dags/example_python_operator.py
[2026-05-12T05:27:42.714+0000] {processor.py:830} INFO - Processing file /home/airflow/.local/lib/python3.12/site-packages/airflow/example_dags/example_python_operator.py for tasks to queue
[2026-05-12T05:27:42.716+0000] {logging_mixin.py:188} INFO - [2026-05-12T05:27:42.715+0000] {dagbag.py:545} INFO - Filling up the DagBag from /home/airflow/.local/lib/python3.12/site-packages/airflow/example_dags/example_python_operator.py
[2026-05-12T05:27:42.738+0000] {processor.py:840} INFO - DAG(s) 'example_python_operator' retrieved from /home/airflow/.local/lib/python3.12/site-packages/airflow/example_dags/example_python_operator.py
[2026-05-12T05:27:42.783+0000] {logging_mixin.py:188} INFO - [2026-05-12T05:27:42.782+0000] {dag.py:3089} INFO - Sync 1 DAGs
[2026-05-12T05:27:42.808+0000] {logging_mixin.py:188} INFO - [2026-05-12T05:27:42.807+0000] {dag.py:3947} INFO - Setting next_dagrun for example_python_operator to None, run_after=None
[2026-05-12T05:27:42.837+0000] {processor.py:183} INFO - Processing /home/airflow/.local/lib/python3.12/site-packages/airflow/example_dags/example_python_operator.py took 0.141 seconds
[2026-05-12T05:28:13.020+0000] {processor.py:161} INFO - Started process (PID=14743) to work on /home/airflow/.local/lib/python3.12/site-packages/airflow/example_dags/example_python_operator.py
[2026-05-12T05:28:13.022+0000] {processor.py:830} INFO - Processing file /home/airflow/.local/lib/python3.12/site-packages/airflow/example_dags/example_python_operator.py for tasks to queue
[2026-05-12T05:28:13.024+0000] {logging_mixin.py:188} INFO - [2026-05-12T05:28:13.023+0000] {dagbag.py:545} INFO - Filling up the DagBag from /home/airflow/.local/lib/python3.12/site-packages/airflow/example_dags/example_python_operator.py
[2026-05-12T05:28:13.044+0000] {processor.py:840} INFO - DAG(s) 'example_python_operator' retrieved from /home/airflow/.local/lib/python3.12/site-packages/airflow/example_dags/example_python_operator.py
[2026-05-12T05:28:13.084+0000] {logging_mixin.py:188} INFO - [2026-05-12T05:28:13.083+0000] {dag.py:3089} INFO - Sync 1 DAGs
[2026-05-12T05:28:13.106+0000] {logging_mixin.py:188} INFO - [2026-05-12T05:28:13.105+0000] {dag.py:3947} INFO - Setting next_dagrun for example_python_operator to None, run_after=None
[2026-05-12T05:28:13.137+0000] {processor.py:183} INFO - Processing /home/airflow/.local/lib/python3.12/site-packages/airflow/example_dags/example_python_operator.py took 0.128 seconds
[2026-05-12T05:28:43.739+0000] {processor.py:161} INFO - Started process (PID=14811) to work on /home/airflow/.local/lib/python3.12/site-packages/airflow/example_dags/example_python_operator.py
[2026-05-12T05:28:43.741+0000] {processor.py:830} INFO - Processing file /home/airflow/.local/lib/python3.12/site-packages/airflow/example_dags/example_python_operator.py for tasks to queue
[2026-05-12T05:28:43.742+0000] {logging_mixin.py:188} INFO - [2026-05-12T05:28:43.742+0000] {dagbag.py:545} INFO - Filling up the DagBag from /home/airflow/.local/lib/python3.12/site-packages/airflow/example_dags/example_python_operator.py
[2026-05-12T05:28:43.756+0000] {processor.py:840} INFO - DAG(s) 'example_python_operator' retrieved from /home/airflow/.local/lib/python3.12/site-packages/airflow/example_dags/example_python_operator.py
[2026-05-12T05:28:43.800+0000] {logging_mixin.py:188} INFO - [2026-05-12T05:28:43.799+0000] {dag.py:3089} INFO - Sync 1 DAGs
[2026-05-12T05:28:43.825+0000] {logging_mixin.py:188} INFO - [2026-05-12T05:28:43.825+0000] {dag.py:3947} INFO - Setting next_dagrun for example_python_operator to None, run_after=None
[2026-05-12T05:28:43.866+0000] {processor.py:183} INFO - Processing /home/airflow/.local/lib/python3.12/site-packages/airflow/example_dags/example_python_operator.py took 0.136 seconds
[2026-05-12T05:29:14.060+0000] {processor.py:161} INFO - Started process (PID=14879) to work on /home/airflow/.local/lib/python3.12/site-packages/airflow/example_dags/example_python_operator.py
[2026-05-12T05:29:14.061+0000] {processor.py:830} INFO - Processing file /home/airflow/.local/lib/python3.12/site-packages/airflow/example_dags/example_python_operator.py for tasks to queue
[2026-05-12T05:29:14.062+0000] {logging_mixin.py:188} INFO - [2026-05-12T05:29:14.062+0000] {dagbag.py:545} INFO - Filling up the DagBag from /home/airflow/.local/lib/python3.12/site-packages/airflow/example_dags/example_python_operator.py
[2026-05-12T05:29:14.074+0000] {processor.py:840} INFO - DAG(s) 'example_python_operator' retrieved from /home/airflow/.local/lib/python3.12/site-packages/airflow/example_dags/example_python_operator.py
[2026-05-12T05:29:14.104+0000] {logging_mixin.py:188} INFO - [2026-05-12T05:29:14.104+0000] {dag.py:3089} INFO - Sync 1 DAGs
[2026-05-12T05:29:14.119+0000] {logging_mixin.py:188} INFO - [2026-05-12T05:29:14.118+0000] {dag.py:3947} INFO - Setting next_dagrun for example_python_operator to None, run_after=None
[2026-05-12T05:29:14.149+0000] {processor.py:183} INFO - Processing /home/airflow/.local/lib/python3.12/site-packages/airflow/example_dags/example_python_operator.py took 0.097 seconds
[2026-05-12T05:29:44.711+0000] {processor.py:161} INFO - Started process (PID=14955) to work on /home/airflow/.local/lib/python3.12/site-packages/airflow/example_dags/example_python_operator.py
[2026-05-12T05:29:44.713+0000] {processor.py:830} INFO - Processing file /home/airflow/.local/lib/python3.12/site-packages/airflow/example_dags/example_python_operator.py for tasks to queue
[2026-05-12T05:29:44.715+0000] {logging_mixin.py:188} INFO - [2026-05-12T05:29:44.714+0000] {dagbag.py:545} INFO - Filling up the DagBag from /home/airflow/.local/lib/python3.12/site-packages/airflow/example_dags/example_python_operator.py
[2026-05-12T05:29:44.732+0000] {processor.py:840} INFO - DAG(s) 'example_python_operator' retrieved from /home/airflow/.local/lib/python3.12/site-packages/airflow/example_dags/example_python_operator.py
[2026-05-12T05:29:44.763+0000] {logging_mixin.py:188} INFO - [2026-05-12T05:29:44.762+0000] {dag.py:3089} INFO - Sync 1 DAGs
[2026-05-12T05:29:44.779+0000] {logging_mixin.py:188} INFO - [2026-05-12T05:29:44.779+0000] {dag.py:3947} INFO - Setting next_dagrun for example_python_operator to None, run_after=None
[2026-05-12T05:29:44.815+0000] {processor.py:183} INFO - Processing /home/airflow/.local/lib/python3.12/site-packages/airflow/example_dags/example_python_operator.py took 0.113 seconds
[2026-05-12T05:30:15.192+0000] {processor.py:161} INFO - Started process (PID=15023) to work on /home/airflow/.local/lib/python3.12/site-packages/airflow/example_dags/example_python_operator.py
[2026-05-12T05:30:15.194+0000] {processor.py:830} INFO - Processing file /home/airflow/.local/lib/python3.12/site-packages/airflow/example_dags/example_python_operator.py for tasks to queue
[2026-05-12T05:30:15.196+0000] {logging_mixin.py:188} INFO - [2026-05-12T05:30:15.195+0000] {dagbag.py:545} INFO - Filling up the DagBag from /home/airflow/.local/lib/python3.12/site-packages/airflow/example_dags/example_python_operator.py
[2026-05-12T05:30:15.216+0000] {processor.py:840} INFO - DAG(s) 'example_python_operator' retrieved from /home/airflow/.local/lib/python3.12/site-packages/airflow/example_dags/example_python_operator.py
[2026-05-12T05:30:15.246+0000] {logging_mixin.py:188} INFO - [2026-05-12T05:30:15.246+0000] {dag.py:3089} INFO - Sync 1 DAGs
[2026-05-12T05:30:15.270+0000] {logging_mixin.py:188} INFO - [2026-05-12T05:30:15.269+0000] {dag.py:3947} INFO - Setting next_dagrun for example_python_operator to None, run_after=None
[2026-05-12T05:30:15.303+0000] {processor.py:183} INFO - Processing /home/airflow/.local/lib/python3.12/site-packages/airflow/example_dags/example_python_operator.py took 0.126 seconds
[2026-05-12T05:30:45.494+0000] {processor.py:161} INFO - Started process (PID=15091) to work on /home/airflow/.local/lib/python3.12/site-packages/airflow/example_dags/example_python_operator.py
[2026-05-12T05:30:45.495+0000] {processor.py:830} INFO - Processing file /home/airflow/.local/lib/python3.12/site-packages/airflow/example_dags/example_python_operator.py for tasks to queue
[2026-05-12T05:30:45.496+0000] {logging_mixin.py:188} INFO - [2026-05-12T05:30:45.496+0000] {dagbag.py:545} INFO - Filling up the DagBag from /home/airflow/.local/lib/python3.12/site-packages/airflow/example_dags/example_python_operator.py
[2026-05-12T05:30:45.506+0000] {processor.py:840} INFO - DAG(s) 'example_python_operator' retrieved from /home/airflow/.local/lib/python3.12/site-packages/airflow/example_dags/example_python_operator.py
[2026-05-12T05:30:45.528+0000] {logging_mixin.py:188} INFO - [2026-05-12T05:30:45.528+0000] {dag.py:3089} INFO - Sync 1 DAGs
[2026-05-12T05:30:45.540+0000] {logging_mixin.py:188} INFO - [2026-05-12T05:30:45.540+0000] {dag.py:3947} INFO - Setting next_dagrun for example_python_operator to None, run_after=None
[2026-05-12T05:30:45.566+0000] {processor.py:183} INFO - Processing /home/airflow/.local/lib/python3.12/site-packages/airflow/example_dags/example_python_operator.py took 0.078 seconds
[2026-05-12T05:31:16.453+0000] {processor.py:161} INFO - Started process (PID=15167) to work on /home/airflow/.local/lib/python3.12/site-packages/airflow/example_dags/example_python_operator.py
[2026-05-12T05:31:16.455+0000] {processor.py:830} INFO - Processing file /home/airflow/.local/lib/python3.12/site-packages/airflow/example_dags/example_python_operator.py for tasks to queue
[2026-05-12T05:31:16.457+0000] {logging_mixin.py:188} INFO - [2026-05-12T05:31:16.456+0000] {dagbag.py:545} INFO - Filling up the DagBag from /home/airflow/.local/lib/python3.12/site-packages/airflow/example_dags/example_python_operator.py
[2026-05-12T05:31:16.474+0000] {processor.py:840} INFO - DAG(s) 'example_python_operator' retrieved from /home/airflow/.local/lib/python3.12/site-packages/airflow/example_dags/example_python_operator.py
[2026-05-12T05:31:16.514+0000] {logging_mixin.py:188} INFO - [2026-05-12T05:31:16.514+0000] {dag.py:3089} INFO - Sync 1 DAGs
[2026-05-12T05:31:16.534+0000] {logging_mixin.py:188} INFO - [2026-05-12T05:31:16.533+0000] {dag.py:3947} INFO - Setting next_dagrun for example_python_operator to None, run_after=None
[2026-05-12T05:31:16.600+0000] {processor.py:183} INFO - Processing /home/airflow/.local/lib/python3.12/site-packages/airflow/example_dags/example_python_operator.py took 0.158 seconds
[2026-05-12T05:31:47.518+0000] {processor.py:161} INFO - Started process (PID=15235) to work on /home/airflow/.local/lib/python3.12/site-packages/airflow/example_dags/example_python_operator.py
[2026-05-12T05:31:47.521+0000] {processor.py:830} INFO - Processing file /home/airflow/.local/lib/python3.12/site-packages/airflow/example_dags/example_python_operator.py for tasks to queue
[2026-05-12T05:31:47.523+0000] {logging_mixin.py:188} INFO - [2026-05-12T05:31:47.522+0000] {dagbag.py:545} INFO - Filling up the DagBag from /home/airflow/.local/lib/python3.12/site-packages/airflow/example_dags/example_python_operator.py
[2026-05-12T05:31:47.551+0000] {processor.py:840} INFO - DAG(s) 'example_python_operator' retrieved from /home/airflow/.local/lib/python3.12/site-packages/airflow/example_dags/example_python_operator.py
[2026-05-12T05:31:47.606+0000] {logging_mixin.py:188} INFO - [2026-05-12T05:31:47.605+0000] {dag.py:3089} INFO - Sync 1 DAGs
[2026-05-12T05:31:47.635+0000] {logging_mixin.py:188} INFO - [2026-05-12T05:31:47.634+0000] {dag.py:3947} INFO - Setting next_dagrun for example_python_operator to None, run_after=None
[2026-05-12T05:31:47.712+0000] {processor.py:183} INFO - Processing /home/airflow/.local/lib/python3.12/site-packages/airflow/example_dags/example_python_operator.py took 0.209 seconds
[2026-05-12T05:32:17.973+0000] {processor.py:161} INFO - Started process (PID=15304) to work on /home/airflow/.local/lib/python3.12/site-packages/airflow/example_dags/example_python_operator.py
[2026-05-12T05:32:17.977+0000] {processor.py:830} INFO - Processing file /home/airflow/.local/lib/python3.12/site-packages/airflow/example_dags/example_python_operator.py for tasks to queue
[2026-05-12T05:32:17.980+0000] {logging_mixin.py:188} INFO - [2026-05-12T05:32:17.979+0000] {dagbag.py:545} INFO - Filling up the DagBag from /home/airflow/.local/lib/python3.12/site-packages/airflow/example_dags/example_python_operator.py
[2026-05-12T05:32:18.009+0000] {processor.py:840} INFO - DAG(s) 'example_python_operator' retrieved from /home/airflow/.local/lib/python3.12/site-packages/airflow/example_dags/example_python_operator.py
[2026-05-12T05:32:18.069+0000] {logging_mixin.py:188} INFO - [2026-05-12T05:32:18.068+0000] {dag.py:3089} INFO - Sync 1 DAGs
[2026-05-12T05:32:18.092+0000] {logging_mixin.py:188} INFO - [2026-05-12T05:32:18.092+0000] {dag.py:3947} INFO - Setting next_dagrun for example_python_operator to None, run_after=None
[2026-05-12T05:32:18.174+0000] {processor.py:183} INFO - Processing /home/airflow/.local/lib/python3.12/site-packages/airflow/example_dags/example_python_operator.py took 0.223 seconds
[2026-05-12T05:32:48.298+0000] {processor.py:161} INFO - Started process (PID=15372) to work on /home/airflow/.local/lib/python3.12/site-packages/airflow/example_dags/example_python_operator.py
[2026-05-12T05:32:48.300+0000] {processor.py:830} INFO - Processing file /home/airflow/.local/lib/python3.12/site-packages/airflow/example_dags/example_python_operator.py for tasks to queue
[2026-05-12T05:32:48.302+0000] {logging_mixin.py:188} INFO - [2026-05-12T05:32:48.301+0000] {dagbag.py:545} INFO - Filling up the DagBag from /home/airflow/.local/lib/python3.12/site-packages/airflow/example_dags/example_python_operator.py
[2026-05-12T05:32:48.321+0000] {processor.py:840} INFO - DAG(s) 'example_python_operator' retrieved from /home/airflow/.local/lib/python3.12/site-packages/airflow/example_dags/example_python_operator.py
[2026-05-12T05:32:48.361+0000] {logging_mixin.py:188} INFO - [2026-05-12T05:32:48.361+0000] {dag.py:3089} INFO - Sync 1 DAGs
[2026-05-12T05:32:48.381+0000] {logging_mixin.py:188} INFO - [2026-05-12T05:32:48.381+0000] {dag.py:3947} INFO - Setting next_dagrun for example_python_operator to None, run_after=None
[2026-05-12T05:32:48.421+0000] {processor.py:183} INFO - Processing /home/airflow/.local/lib/python3.12/site-packages/airflow/example_dags/example_python_operator.py took 0.133 seconds
[2026-05-12T05:33:19.117+0000] {processor.py:161} INFO - Started process (PID=15440) to work on /home/airflow/.local/lib/python3.12/site-packages/airflow/example_dags/example_python_operator.py
[2026-05-12T05:33:19.119+0000] {processor.py:830} INFO - Processing file /home/airflow/.local/lib/python3.12/site-packages/airflow/example_dags/example_python_operator.py for tasks to queue
[2026-05-12T05:33:19.121+0000] {logging_mixin.py:188} INFO - [2026-05-12T05:33:19.120+0000] {dagbag.py:545} INFO - Filling up the DagBag from /home/airflow/.local/lib/python3.12/site-packages/airflow/example_dags/example_python_operator.py
[2026-05-12T05:33:19.138+0000] {processor.py:840} INFO - DAG(s) 'example_python_operator' retrieved from /home/airflow/.local/lib/python3.12/site-packages/airflow/example_dags/example_python_operator.py
[2026-05-12T05:33:19.176+0000] {logging_mixin.py:188} INFO - [2026-05-12T05:33:19.176+0000] {dag.py:3089} INFO - Sync 1 DAGs
[2026-05-12T05:33:19.195+0000] {logging_mixin.py:188} INFO - [2026-05-12T05:33:19.195+0000] {dag.py:3947} INFO - Setting next_dagrun for example_python_operator to None, run_after=None
[2026-05-12T05:33:19.259+0000] {processor.py:183} INFO - Processing /home/airflow/.local/lib/python3.12/site-packages/airflow/example_dags/example_python_operator.py took 0.152 seconds
[2026-05-12T05:33:49.982+0000] {processor.py:161} INFO - Started process (PID=15508) to work on /home/airflow/.local/lib/python3.12/site-packages/airflow/example_dags/example_python_operator.py
[2026-05-12T05:33:49.984+0000] {processor.py:830} INFO - Processing file /home/airflow/.local/lib/python3.12/site-packages/airflow/example_dags/example_python_operator.py for tasks to queue
[2026-05-12T05:33:49.987+0000] {logging_mixin.py:188} INFO - [2026-05-12T05:33:49.986+0000] {dagbag.py:545} INFO - Filling up the DagBag from /home/airflow/.local/lib/python3.12/site-packages/airflow/example_dags/example_python_operator.py
[2026-05-12T05:33:50.012+0000] {processor.py:840} INFO - DAG(s) 'example_python_operator' retrieved from /home/airflow/.local/lib/python3.12/site-packages/airflow/example_dags/example_python_operator.py
[2026-05-12T05:33:50.074+0000] {logging_mixin.py:188} INFO - [2026-05-12T05:33:50.073+0000] {dag.py:3089} INFO - Sync 1 DAGs
[2026-05-12T05:33:50.099+0000] {logging_mixin.py:188} INFO - [2026-05-12T05:33:50.099+0000] {dag.py:3947} INFO - Setting next_dagrun for example_python_operator to None, run_after=None
[2026-05-12T05:33:50.177+0000] {processor.py:183} INFO - Processing /home/airflow/.local/lib/python3.12/site-packages/airflow/example_dags/example_python_operator.py took 0.210 seconds
[2026-05-12T05:34:20.367+0000] {processor.py:161} INFO - Started process (PID=15576) to work on /home/airflow/.local/lib/python3.12/site-packages/airflow/example_dags/example_python_operator.py
[2026-05-12T05:34:20.370+0000] {processor.py:830} INFO - Processing file /home/airflow/.local/lib/python3.12/site-packages/airflow/example_dags/example_python_operator.py for tasks to queue
[2026-05-12T05:34:20.371+0000] {logging_mixin.py:188} INFO - [2026-05-12T05:34:20.371+0000] {dagbag.py:545} INFO - Filling up the DagBag from /home/airflow/.local/lib/python3.12/site-packages/airflow/example_dags/example_python_operator.py
[2026-05-12T05:34:20.394+0000] {processor.py:840} INFO - DAG(s) 'example_python_operator' retrieved from /home/airflow/.local/lib/python3.12/site-packages/airflow/example_dags/example_python_operator.py
[2026-05-12T05:34:20.446+0000] {logging_mixin.py:188} INFO - [2026-05-12T05:34:20.445+0000] {dag.py:3089} INFO - Sync 1 DAGs
[2026-05-12T05:34:20.468+0000] {logging_mixin.py:188} INFO - [2026-05-12T05:34:20.467+0000] {dag.py:3947} INFO - Setting next_dagrun for example_python_operator to None, run_after=None
[2026-05-12T05:34:20.522+0000] {processor.py:183} INFO - Processing /home/airflow/.local/lib/python3.12/site-packages/airflow/example_dags/example_python_operator.py took 0.169 seconds
[2026-05-12T05:34:51.087+0000] {processor.py:161} INFO - Started process (PID=15644) to work on /home/airflow/.local/lib/python3.12/site-packages/airflow/example_dags/example_python_operator.py
[2026-05-12T05:34:51.091+0000] {processor.py:830} INFO - Processing file /home/airflow/.local/lib/python3.12/site-packages/airflow/example_dags/example_python_operator.py for tasks to queue
[2026-05-12T05:34:51.093+0000] {logging_mixin.py:188} INFO - [2026-05-12T05:34:51.093+0000] {dagbag.py:545} INFO - Filling up the DagBag from /home/airflow/.local/lib/python3.12/site-packages/airflow/example_dags/example_python_operator.py
[2026-05-12T05:34:51.120+0000] {processor.py:840} INFO - DAG(s) 'example_python_operator' retrieved from /home/airflow/.local/lib/python3.12/site-packages/airflow/example_dags/example_python_operator.py
[2026-05-12T05:34:51.166+0000] {logging_mixin.py:188} INFO - [2026-05-12T05:34:51.165+0000] {dag.py:3089} INFO - Sync 1 DAGs
[2026-05-12T05:34:51.187+0000] {logging_mixin.py:188} INFO - [2026-05-12T05:34:51.186+0000] {dag.py:3947} INFO - Setting next_dagrun for example_python_operator to None, run_after=None
[2026-05-12T05:34:51.225+0000] {processor.py:183} INFO - Processing /home/airflow/.local/lib/python3.12/site-packages/airflow/example_dags/example_python_operator.py took 0.151 seconds
[2026-05-12T05:35:21.528+0000] {processor.py:161} INFO - Started process (PID=15712) to work on /home/airflow/.local/lib/python3.12/site-packages/airflow/example_dags/example_python_operator.py
[2026-05-12T05:35:21.529+0000] {processor.py:830} INFO - Processing file /home/airflow/.local/lib/python3.12/site-packages/airflow/example_dags/example_python_operator.py for tasks to queue
[2026-05-12T05:35:21.531+0000] {logging_mixin.py:188} INFO - [2026-05-12T05:35:21.531+0000] {dagbag.py:545} INFO - Filling up the DagBag from /home/airflow/.local/lib/python3.12/site-packages/airflow/example_dags/example_python_operator.py
[2026-05-12T05:35:21.551+0000] {processor.py:840} INFO - DAG(s) 'example_python_operator' retrieved from /home/airflow/.local/lib/python3.12/site-packages/airflow/example_dags/example_python_operator.py
[2026-05-12T05:35:21.592+0000] {logging_mixin.py:188} INFO - [2026-05-12T05:35:21.591+0000] {dag.py:3089} INFO - Sync 1 DAGs
[2026-05-12T05:35:21.614+0000] {logging_mixin.py:188} INFO - [2026-05-12T05:35:21.613+0000] {dag.py:3947} INFO - Setting next_dagrun for example_python_operator to None, run_after=None
[2026-05-12T05:35:21.655+0000] {processor.py:183} INFO - Processing /home/airflow/.local/lib/python3.12/site-packages/airflow/example_dags/example_python_operator.py took 0.139 seconds
[2026-05-12T05:35:52.072+0000] {processor.py:161} INFO - Started process (PID=15787) to work on /home/airflow/.local/lib/python3.12/site-packages/airflow/example_dags/example_python_operator.py
[2026-05-12T05:35:52.075+0000] {processor.py:830} INFO - Processing file /home/airflow/.local/lib/python3.12/site-packages/airflow/example_dags/example_python_operator.py for tasks to queue
[2026-05-12T05:35:52.076+0000] {logging_mixin.py:188} INFO - [2026-05-12T05:35:52.076+0000] {dagbag.py:545} INFO - Filling up the DagBag from /home/airflow/.local/lib/python3.12/site-packages/airflow/example_dags/example_python_operator.py
[2026-05-12T05:35:52.105+0000] {processor.py:840} INFO - DAG(s) 'example_python_operator' retrieved from /home/airflow/.local/lib/python3.12/site-packages/airflow/example_dags/example_python_operator.py
[2026-05-12T05:35:52.174+0000] {logging_mixin.py:188} INFO - [2026-05-12T05:35:52.174+0000] {dag.py:3089} INFO - Sync 1 DAGs
[2026-05-12T05:35:52.204+0000] {logging_mixin.py:188} INFO - [2026-05-12T05:35:52.203+0000] {dag.py:3947} INFO - Setting next_dagrun for example_python_operator to None, run_after=None
[2026-05-12T05:35:52.256+0000] {processor.py:183} INFO - Processing /home/airflow/.local/lib/python3.12/site-packages/airflow/example_dags/example_python_operator.py took 0.195 seconds
[2026-05-12T05:36:22.556+0000] {processor.py:161} INFO - Started process (PID=15855) to work on /home/airflow/.local/lib/python3.12/site-packages/airflow/example_dags/example_python_operator.py
[2026-05-12T05:36:22.558+0000] {processor.py:830} INFO - Processing file /home/airflow/.local/lib/python3.12/site-packages/airflow/example_dags/example_python_operator.py for tasks to queue
[2026-05-12T05:36:22.561+0000] {logging_mixin.py:188} INFO - [2026-05-12T05:36:22.560+0000] {dagbag.py:545} INFO - Filling up the DagBag from /home/airflow/.local/lib/python3.12/site-packages/airflow/example_dags/example_python_operator.py
[2026-05-12T05:36:22.580+0000] {processor.py:840} INFO - DAG(s) 'example_python_operator' retrieved from /home/airflow/.local/lib/python3.12/site-packages/airflow/example_dags/example_python_operator.py
[2026-05-12T05:36:22.625+0000] {logging_mixin.py:188} INFO - [2026-05-12T05:36:22.624+0000] {dag.py:3089} INFO - Sync 1 DAGs
[2026-05-12T05:36:22.646+0000] {logging_mixin.py:188} INFO - [2026-05-12T05:36:22.646+0000] {dag.py:3947} INFO - Setting next_dagrun for example_python_operator to None, run_after=None
[2026-05-12T05:36:22.683+0000] {processor.py:183} INFO - Processing /home/airflow/.local/lib/python3.12/site-packages/airflow/example_dags/example_python_operator.py took 0.141 seconds
[2026-05-12T05:36:52.842+0000] {processor.py:161} INFO - Started process (PID=15923) to work on /home/airflow/.local/lib/python3.12/site-packages/airflow/example_dags/example_python_operator.py
[2026-05-12T05:36:52.844+0000] {processor.py:830} INFO - Processing file /home/airflow/.local/lib/python3.12/site-packages/airflow/example_dags/example_python_operator.py for tasks to queue
[2026-05-12T05:36:52.848+0000] {logging_mixin.py:188} INFO - [2026-05-12T05:36:52.847+0000] {dagbag.py:545} INFO - Filling up the DagBag from /home/airflow/.local/lib/python3.12/site-packages/airflow/example_dags/example_python_operator.py
[2026-05-12T05:36:52.866+0000] {processor.py:840} INFO - DAG(s) 'example_python_operator' retrieved from /home/airflow/.local/lib/python3.12/site-packages/airflow/example_dags/example_python_operator.py
[2026-05-12T05:36:52.902+0000] {logging_mixin.py:188} INFO - [2026-05-12T05:36:52.902+0000] {dag.py:3089} INFO - Sync 1 DAGs
[2026-05-12T05:36:52.922+0000] {logging_mixin.py:188} INFO - [2026-05-12T05:36:52.921+0000] {dag.py:3947} INFO - Setting next_dagrun for example_python_operator to None, run_after=None
[2026-05-12T05:36:52.989+0000] {processor.py:183} INFO - Processing /home/airflow/.local/lib/python3.12/site-packages/airflow/example_dags/example_python_operator.py took 0.160 seconds
[2026-05-12T05:37:23.369+0000] {processor.py:161} INFO - Started process (PID=15991) to work on /home/airflow/.local/lib/python3.12/site-packages/airflow/example_dags/example_python_operator.py
[2026-05-12T05:37:23.371+0000] {processor.py:830} INFO - Processing file /home/airflow/.local/lib/python3.12/site-packages/airflow/example_dags/example_python_operator.py for tasks to queue
[2026-05-12T05:37:23.374+0000] {logging_mixin.py:188} INFO - [2026-05-12T05:37:23.373+0000] {dagbag.py:545} INFO - Filling up the DagBag from /home/airflow/.local/lib/python3.12/site-packages/airflow/example_dags/example_python_operator.py
[2026-05-12T05:37:23.391+0000] {processor.py:840} INFO - DAG(s) 'example_python_operator' retrieved from /home/airflow/.local/lib/python3.12/site-packages/airflow/example_dags/example_python_operator.py
[2026-05-12T05:37:23.438+0000] {logging_mixin.py:188} INFO - [2026-05-12T05:37:23.437+0000] {dag.py:3089} INFO - Sync 1 DAGs
[2026-05-12T05:37:23.459+0000] {logging_mixin.py:188} INFO - [2026-05-12T05:37:23.458+0000] {dag.py:3947} INFO - Setting next_dagrun for example_python_operator to None, run_after=None
[2026-05-12T05:37:23.530+0000] {processor.py:183} INFO - Processing /home/airflow/.local/lib/python3.12/site-packages/airflow/example_dags/example_python_operator.py took 0.173 seconds
[2026-05-12T05:37:54.058+0000] {processor.py:161} INFO - Started process (PID=16059) to work on /home/airflow/.local/lib/python3.12/site-packages/airflow/example_dags/example_python_operator.py
[2026-05-12T05:37:54.060+0000] {processor.py:830} INFO - Processing file /home/airflow/.local/lib/python3.12/site-packages/airflow/example_dags/example_python_operator.py for tasks to queue
[2026-05-12T05:37:54.062+0000] {logging_mixin.py:188} INFO - [2026-05-12T05:37:54.062+0000] {dagbag.py:545} INFO - Filling up the DagBag from /home/airflow/.local/lib/python3.12/site-packages/airflow/example_dags/example_python_operator.py
[2026-05-12T05:37:54.089+0000] {processor.py:840} INFO - DAG(s) 'example_python_operator' retrieved from /home/airflow/.local/lib/python3.12/site-packages/airflow/example_dags/example_python_operator.py
[2026-05-12T05:37:54.146+0000] {logging_mixin.py:188} INFO - [2026-05-12T05:37:54.146+0000] {dag.py:3089} INFO - Sync 1 DAGs
[2026-05-12T05:37:54.172+0000] {logging_mixin.py:188} INFO - [2026-05-12T05:37:54.171+0000] {dag.py:3947} INFO - Setting next_dagrun for example_python_operator to None, run_after=None
[2026-05-12T05:37:54.243+0000] {processor.py:183} INFO - Processing /home/airflow/.local/lib/python3.12/site-packages/airflow/example_dags/example_python_operator.py took 0.199 seconds
[2026-05-12T05:38:24.385+0000] {processor.py:161} INFO - Started process (PID=16127) to work on /home/airflow/.local/lib/python3.12/site-packages/airflow/example_dags/example_python_operator.py
[2026-05-12T05:38:24.387+0000] {processor.py:830} INFO - Processing file /home/airflow/.local/lib/python3.12/site-packages/airflow/example_dags/example_python_operator.py for tasks to queue
[2026-05-12T05:38:24.389+0000] {logging_mixin.py:188} INFO - [2026-05-12T05:38:24.388+0000] {dagbag.py:545} INFO - Filling up the DagBag from /home/airflow/.local/lib/python3.12/site-packages/airflow/example_dags/example_python_operator.py
[2026-05-12T05:38:24.409+0000] {processor.py:840} INFO - DAG(s) 'example_python_operator' retrieved from /home/airflow/.local/lib/python3.12/site-packages/airflow/example_dags/example_python_operator.py
[2026-05-12T05:38:24.448+0000] {logging_mixin.py:188} INFO - [2026-05-12T05:38:24.448+0000] {dag.py:3089} INFO - Sync 1 DAGs
[2026-05-12T05:38:24.469+0000] {logging_mixin.py:188} INFO - [2026-05-12T05:38:24.468+0000] {dag.py:3947} INFO - Setting next_dagrun for example_python_operator to None, run_after=None
[2026-05-12T05:38:24.528+0000] {processor.py:183} INFO - Processing /home/airflow/.local/lib/python3.12/site-packages/airflow/example_dags/example_python_operator.py took 0.153 seconds
[2026-05-12T05:38:55.143+0000] {processor.py:161} INFO - Started process (PID=16195) to work on /home/airflow/.local/lib/python3.12/site-packages/airflow/example_dags/example_python_operator.py
[2026-05-12T05:38:55.146+0000] {processor.py:830} INFO - Processing file /home/airflow/.local/lib/python3.12/site-packages/airflow/example_dags/example_python_operator.py for tasks to queue
[2026-05-12T05:38:55.148+0000] {logging_mixin.py:188} INFO - [2026-05-12T05:38:55.148+0000] {dagbag.py:545} INFO - Filling up the DagBag from /home/airflow/.local/lib/python3.12/site-packages/airflow/example_dags/example_python_operator.py
[2026-05-12T05:38:55.172+0000] {processor.py:840} INFO - DAG(s) 'example_python_operator' retrieved from /home/airflow/.local/lib/python3.12/site-packages/airflow/example_dags/example_python_operator.py
[2026-05-12T05:38:55.216+0000] {logging_mixin.py:188} INFO - [2026-05-12T05:38:55.215+0000] {dag.py:3089} INFO - Sync 1 DAGs
[2026-05-12T05:38:55.242+0000] {logging_mixin.py:188} INFO - [2026-05-12T05:38:55.241+0000] {dag.py:3947} INFO - Setting next_dagrun for example_python_operator to None, run_after=None
[2026-05-12T05:38:55.310+0000] {processor.py:183} INFO - Processing /home/airflow/.local/lib/python3.12/site-packages/airflow/example_dags/example_python_operator.py took 0.180 seconds
[2026-05-12T05:39:25.612+0000] {processor.py:161} INFO - Started process (PID=16263) to work on /home/airflow/.local/lib/python3.12/site-packages/airflow/example_dags/example_python_operator.py
[2026-05-12T05:39:25.614+0000] {processor.py:830} INFO - Processing file /home/airflow/.local/lib/python3.12/site-packages/airflow/example_dags/example_python_operator.py for tasks to queue
[2026-05-12T05:39:25.616+0000] {logging_mixin.py:188} INFO - [2026-05-12T05:39:25.615+0000] {dagbag.py:545} INFO - Filling up the DagBag from /home/airflow/.local/lib/python3.12/site-packages/airflow/example_dags/example_python_operator.py
[2026-05-12T05:39:25.635+0000] {processor.py:840} INFO - DAG(s) 'example_python_operator' retrieved from /home/airflow/.local/lib/python3.12/site-packages/airflow/example_dags/example_python_operator.py
[2026-05-12T05:39:25.700+0000] {logging_mixin.py:188} INFO - [2026-05-12T05:39:25.700+0000] {dag.py:3089} INFO - Sync 1 DAGs
[2026-05-12T05:39:25.729+0000] {logging_mixin.py:188} INFO - [2026-05-12T05:39:25.729+0000] {dag.py:3947} INFO - Setting next_dagrun for example_python_operator to None, run_after=None
[2026-05-12T05:39:25.800+0000] {processor.py:183} INFO - Processing /home/airflow/.local/lib/python3.12/site-packages/airflow/example_dags/example_python_operator.py took 0.199 seconds
[2026-05-12T05:39:56.569+0000] {processor.py:161} INFO - Started process (PID=16331) to work on /home/airflow/.local/lib/python3.12/site-packages/airflow/example_dags/example_python_operator.py
[2026-05-12T05:39:56.572+0000] {processor.py:830} INFO - Processing file /home/airflow/.local/lib/python3.12/site-packages/airflow/example_dags/example_python_operator.py for tasks to queue
[2026-05-12T05:39:56.574+0000] {logging_mixin.py:188} INFO - [2026-05-12T05:39:56.573+0000] {dagbag.py:545} INFO - Filling up the DagBag from /home/airflow/.local/lib/python3.12/site-packages/airflow/example_dags/example_python_operator.py
[2026-05-12T05:39:56.593+0000] {processor.py:840} INFO - DAG(s) 'example_python_operator' retrieved from /home/airflow/.local/lib/python3.12/site-packages/airflow/example_dags/example_python_operator.py
[2026-05-12T05:39:56.640+0000] {logging_mixin.py:188} INFO - [2026-05-12T05:39:56.640+0000] {dag.py:3089} INFO - Sync 1 DAGs
[2026-05-12T05:39:56.670+0000] {logging_mixin.py:188} INFO - [2026-05-12T05:39:56.669+0000] {dag.py:3947} INFO - Setting next_dagrun for example_python_operator to None, run_after=None
[2026-05-12T05:39:56.714+0000] {processor.py:183} INFO - Processing /home/airflow/.local/lib/python3.12/site-packages/airflow/example_dags/example_python_operator.py took 0.156 seconds
[2026-05-12T05:40:26.966+0000] {processor.py:161} INFO - Started process (PID=16406) to work on /home/airflow/.local/lib/python3.12/site-packages/airflow/example_dags/example_python_operator.py
[2026-05-12T05:40:26.969+0000] {processor.py:830} INFO - Processing file /home/airflow/.local/lib/python3.12/site-packages/airflow/example_dags/example_python_operator.py for tasks to queue
[2026-05-12T05:40:26.971+0000] {logging_mixin.py:188} INFO - [2026-05-12T05:40:26.971+0000] {dagbag.py:545} INFO - Filling up the DagBag from /home/airflow/.local/lib/python3.12/site-packages/airflow/example_dags/example_python_operator.py
[2026-05-12T05:40:26.989+0000] {processor.py:840} INFO - DAG(s) 'example_python_operator' retrieved from /home/airflow/.local/lib/python3.12/site-packages/airflow/example_dags/example_python_operator.py
[2026-05-12T05:40:27.028+0000] {logging_mixin.py:188} INFO - [2026-05-12T05:40:27.027+0000] {dag.py:3089} INFO - Sync 1 DAGs
[2026-05-12T05:40:27.047+0000] {logging_mixin.py:188} INFO - [2026-05-12T05:40:27.046+0000] {dag.py:3947} INFO - Setting next_dagrun for example_python_operator to None, run_after=None
[2026-05-12T05:40:27.109+0000] {processor.py:183} INFO - Processing /home/airflow/.local/lib/python3.12/site-packages/airflow/example_dags/example_python_operator.py took 0.152 seconds
[2026-05-12T05:40:57.426+0000] {processor.py:161} INFO - Started process (PID=16474) to work on /home/airflow/.local/lib/python3.12/site-packages/airflow/example_dags/example_python_operator.py
[2026-05-12T05:40:57.428+0000] {processor.py:830} INFO - Processing file /home/airflow/.local/lib/python3.12/site-packages/airflow/example_dags/example_python_operator.py for tasks to queue
[2026-05-12T05:40:57.430+0000] {logging_mixin.py:188} INFO - [2026-05-12T05:40:57.429+0000] {dagbag.py:545} INFO - Filling up the DagBag from /home/airflow/.local/lib/python3.12/site-packages/airflow/example_dags/example_python_operator.py
[2026-05-12T05:40:57.445+0000] {processor.py:840} INFO - DAG(s) 'example_python_operator' retrieved from /home/airflow/.local/lib/python3.12/site-packages/airflow/example_dags/example_python_operator.py
[2026-05-12T05:40:57.481+0000] {logging_mixin.py:188} INFO - [2026-05-12T05:40:57.480+0000] {dag.py:3089} INFO - Sync 1 DAGs
[2026-05-12T05:40:57.499+0000] {logging_mixin.py:188} INFO - [2026-05-12T05:40:57.499+0000] {dag.py:3947} INFO - Setting next_dagrun for example_python_operator to None, run_after=None
[2026-05-12T05:40:57.534+0000] {processor.py:183} INFO - Processing /home/airflow/.local/lib/python3.12/site-packages/airflow/example_dags/example_python_operator.py took 0.116 seconds
[2026-05-12T05:41:27.927+0000] {processor.py:161} INFO - Started process (PID=16543) to work on /home/airflow/.local/lib/python3.12/site-packages/airflow/example_dags/example_python_operator.py
[2026-05-12T05:41:27.930+0000] {processor.py:830} INFO - Processing file /home/airflow/.local/lib/python3.12/site-packages/airflow/example_dags/example_python_operator.py for tasks to queue
[2026-05-12T05:41:27.933+0000] {logging_mixin.py:188} INFO - [2026-05-12T05:41:27.932+0000] {dagbag.py:545} INFO - Filling up the DagBag from /home/airflow/.local/lib/python3.12/site-packages/airflow/example_dags/example_python_operator.py
[2026-05-12T05:41:27.949+0000] {processor.py:840} INFO - DAG(s) 'example_python_operator' retrieved from /home/airflow/.local/lib/python3.12/site-packages/airflow/example_dags/example_python_operator.py
[2026-05-12T05:41:27.990+0000] {logging_mixin.py:188} INFO - [2026-05-12T05:41:27.990+0000] {dag.py:3089} INFO - Sync 1 DAGs
[2026-05-12T05:41:28.013+0000] {logging_mixin.py:188} INFO - [2026-05-12T05:41:28.012+0000] {dag.py:3947} INFO - Setting next_dagrun for example_python_operator to None, run_after=None
[2026-05-12T05:41:28.088+0000] {processor.py:183} INFO - Processing /home/airflow/.local/lib/python3.12/site-packages/airflow/example_dags/example_python_operator.py took 0.171 seconds
[2026-05-12T05:41:58.509+0000] {processor.py:161} INFO - Started process (PID=16611) to work on /home/airflow/.local/lib/python3.12/site-packages/airflow/example_dags/example_python_operator.py
[2026-05-12T05:41:58.511+0000] {processor.py:830} INFO - Processing file /home/airflow/.local/lib/python3.12/site-packages/airflow/example_dags/example_python_operator.py for tasks to queue
[2026-05-12T05:41:58.514+0000] {logging_mixin.py:188} INFO - [2026-05-12T05:41:58.513+0000] {dagbag.py:545} INFO - Filling up the DagBag from /home/airflow/.local/lib/python3.12/site-packages/airflow/example_dags/example_python_operator.py
[2026-05-12T05:41:58.533+0000] {processor.py:840} INFO - DAG(s) 'example_python_operator' retrieved from /home/airflow/.local/lib/python3.12/site-packages/airflow/example_dags/example_python_operator.py
[2026-05-12T05:41:58.575+0000] {logging_mixin.py:188} INFO - [2026-05-12T05:41:58.574+0000] {dag.py:3089} INFO - Sync 1 DAGs
[2026-05-12T05:41:58.597+0000] {logging_mixin.py:188} INFO - [2026-05-12T05:41:58.596+0000] {dag.py:3947} INFO - Setting next_dagrun for example_python_operator to None, run_after=None
[2026-05-12T05:41:58.641+0000] {processor.py:183} INFO - Processing /home/airflow/.local/lib/python3.12/site-packages/airflow/example_dags/example_python_operator.py took 0.143 seconds
[2026-05-12T05:42:29.435+0000] {processor.py:161} INFO - Started process (PID=16679) to work on /home/airflow/.local/lib/python3.12/site-packages/airflow/example_dags/example_python_operator.py
[2026-05-12T05:42:29.437+0000] {processor.py:830} INFO - Processing file /home/airflow/.local/lib/python3.12/site-packages/airflow/example_dags/example_python_operator.py for tasks to queue
[2026-05-12T05:42:29.440+0000] {logging_mixin.py:188} INFO - [2026-05-12T05:42:29.439+0000] {dagbag.py:545} INFO - Filling up the DagBag from /home/airflow/.local/lib/python3.12/site-packages/airflow/example_dags/example_python_operator.py
[2026-05-12T05:42:29.469+0000] {processor.py:840} INFO - DAG(s) 'example_python_operator' retrieved from /home/airflow/.local/lib/python3.12/site-packages/airflow/example_dags/example_python_operator.py
[2026-05-12T05:42:29.528+0000] {logging_mixin.py:188} INFO - [2026-05-12T05:42:29.527+0000] {dag.py:3089} INFO - Sync 1 DAGs
[2026-05-12T05:42:29.555+0000] {logging_mixin.py:188} INFO - [2026-05-12T05:42:29.554+0000] {dag.py:3947} INFO - Setting next_dagrun for example_python_operator to None, run_after=None
[2026-05-12T05:42:29.597+0000] {processor.py:183} INFO - Processing /home/airflow/.local/lib/python3.12/site-packages/airflow/example_dags/example_python_operator.py took 0.175 seconds
[2026-05-12T05:42:59.817+0000] {processor.py:161} INFO - Started process (PID=16747) to work on /home/airflow/.local/lib/python3.12/site-packages/airflow/example_dags/example_python_operator.py
[2026-05-12T05:42:59.819+0000] {processor.py:830} INFO - Processing file /home/airflow/.local/lib/python3.12/site-packages/airflow/example_dags/example_python_operator.py for tasks to queue
[2026-05-12T05:42:59.822+0000] {logging_mixin.py:188} INFO - [2026-05-12T05:42:59.821+0000] {dagbag.py:545} INFO - Filling up the DagBag from /home/airflow/.local/lib/python3.12/site-packages/airflow/example_dags/example_python_operator.py
[2026-05-12T05:42:59.842+0000] {processor.py:840} INFO - DAG(s) 'example_python_operator' retrieved from /home/airflow/.local/lib/python3.12/site-packages/airflow/example_dags/example_python_operator.py
[2026-05-12T05:42:59.887+0000] {logging_mixin.py:188} INFO - [2026-05-12T05:42:59.887+0000] {dag.py:3089} INFO - Sync 1 DAGs
[2026-05-12T05:42:59.913+0000] {logging_mixin.py:188} INFO - [2026-05-12T05:42:59.912+0000] {dag.py:3947} INFO - Setting next_dagrun for example_python_operator to None, run_after=None
[2026-05-12T05:42:59.962+0000] {processor.py:183} INFO - Processing /home/airflow/.local/lib/python3.12/site-packages/airflow/example_dags/example_python_operator.py took 0.159 seconds
[2026-05-12T05:43:30.402+0000] {processor.py:161} INFO - Started process (PID=16815) to work on /home/airflow/.local/lib/python3.12/site-packages/airflow/example_dags/example_python_operator.py
[2026-05-12T05:43:30.404+0000] {processor.py:830} INFO - Processing file /home/airflow/.local/lib/python3.12/site-packages/airflow/example_dags/example_python_operator.py for tasks to queue
[2026-05-12T05:43:30.406+0000] {logging_mixin.py:188} INFO - [2026-05-12T05:43:30.406+0000] {dagbag.py:545} INFO - Filling up the DagBag from /home/airflow/.local/lib/python3.12/site-packages/airflow/example_dags/example_python_operator.py
[2026-05-12T05:43:30.428+0000] {processor.py:840} INFO - DAG(s) 'example_python_operator' retrieved from /home/airflow/.local/lib/python3.12/site-packages/airflow/example_dags/example_python_operator.py
[2026-05-12T05:43:30.463+0000] {logging_mixin.py:188} INFO - [2026-05-12T05:43:30.463+0000] {dag.py:3089} INFO - Sync 1 DAGs
[2026-05-12T05:43:30.483+0000] {logging_mixin.py:188} INFO - [2026-05-12T05:43:30.483+0000] {dag.py:3947} INFO - Setting next_dagrun for example_python_operator to None, run_after=None
[2026-05-12T05:43:30.535+0000] {processor.py:183} INFO - Processing /home/airflow/.local/lib/python3.12/site-packages/airflow/example_dags/example_python_operator.py took 0.143 seconds
[2026-05-12T05:44:01.067+0000] {processor.py:161} INFO - Started process (PID=16883) to work on /home/airflow/.local/lib/python3.12/site-packages/airflow/example_dags/example_python_operator.py
[2026-05-12T05:44:01.069+0000] {processor.py:830} INFO - Processing file /home/airflow/.local/lib/python3.12/site-packages/airflow/example_dags/example_python_operator.py for tasks to queue
[2026-05-12T05:44:01.071+0000] {logging_mixin.py:188} INFO - [2026-05-12T05:44:01.070+0000] {dagbag.py:545} INFO - Filling up the DagBag from /home/airflow/.local/lib/python3.12/site-packages/airflow/example_dags/example_python_operator.py
[2026-05-12T05:44:01.096+0000] {processor.py:840} INFO - DAG(s) 'example_python_operator' retrieved from /home/airflow/.local/lib/python3.12/site-packages/airflow/example_dags/example_python_operator.py
[2026-05-12T05:44:01.141+0000] {logging_mixin.py:188} INFO - [2026-05-12T05:44:01.140+0000] {dag.py:3089} INFO - Sync 1 DAGs
[2026-05-12T05:44:01.168+0000] {logging_mixin.py:188} INFO - [2026-05-12T05:44:01.167+0000] {dag.py:3947} INFO - Setting next_dagrun for example_python_operator to None, run_after=None
[2026-05-12T05:44:01.238+0000] {processor.py:183} INFO - Processing /home/airflow/.local/lib/python3.12/site-packages/airflow/example_dags/example_python_operator.py took 0.182 seconds
[2026-05-12T05:44:31.924+0000] {processor.py:161} INFO - Started process (PID=16951) to work on /home/airflow/.local/lib/python3.12/site-packages/airflow/example_dags/example_python_operator.py
[2026-05-12T05:44:31.926+0000] {processor.py:830} INFO - Processing file /home/airflow/.local/lib/python3.12/site-packages/airflow/example_dags/example_python_operator.py for tasks to queue
[2026-05-12T05:44:31.928+0000] {logging_mixin.py:188} INFO - [2026-05-12T05:44:31.928+0000] {dagbag.py:545} INFO - Filling up the DagBag from /home/airflow/.local/lib/python3.12/site-packages/airflow/example_dags/example_python_operator.py
[2026-05-12T05:44:31.946+0000] {processor.py:840} INFO - DAG(s) 'example_python_operator' retrieved from /home/airflow/.local/lib/python3.12/site-packages/airflow/example_dags/example_python_operator.py
[2026-05-12T05:44:31.988+0000] {logging_mixin.py:188} INFO - [2026-05-12T05:44:31.987+0000] {dag.py:3089} INFO - Sync 1 DAGs
[2026-05-12T05:44:32.012+0000] {logging_mixin.py:188} INFO - [2026-05-12T05:44:32.011+0000] {dag.py:3947} INFO - Setting next_dagrun for example_python_operator to None, run_after=None
[2026-05-12T05:44:32.077+0000] {processor.py:183} INFO - Processing /home/airflow/.local/lib/python3.12/site-packages/airflow/example_dags/example_python_operator.py took 0.168 seconds
[2026-05-12T05:45:02.344+0000] {processor.py:161} INFO - Started process (PID=17026) to work on /home/airflow/.local/lib/python3.12/site-packages/airflow/example_dags/example_python_operator.py
[2026-05-12T05:45:02.346+0000] {processor.py:830} INFO - Processing file /home/airflow/.local/lib/python3.12/site-packages/airflow/example_dags/example_python_operator.py for tasks to queue
[2026-05-12T05:45:02.348+0000] {logging_mixin.py:188} INFO - [2026-05-12T05:45:02.347+0000] {dagbag.py:545} INFO - Filling up the DagBag from /home/airflow/.local/lib/python3.12/site-packages/airflow/example_dags/example_python_operator.py
[2026-05-12T05:45:02.367+0000] {processor.py:840} INFO - DAG(s) 'example_python_operator' retrieved from /home/airflow/.local/lib/python3.12/site-packages/airflow/example_dags/example_python_operator.py
[2026-05-12T05:45:02.412+0000] {logging_mixin.py:188} INFO - [2026-05-12T05:45:02.411+0000] {dag.py:3089} INFO - Sync 1 DAGs
[2026-05-12T05:45:02.434+0000] {logging_mixin.py:188} INFO - [2026-05-12T05:45:02.433+0000] {dag.py:3947} INFO - Setting next_dagrun for example_python_operator to None, run_after=None
[2026-05-12T05:45:02.520+0000] {processor.py:183} INFO - Processing /home/airflow/.local/lib/python3.12/site-packages/airflow/example_dags/example_python_operator.py took 0.187 seconds
[2026-05-12T05:45:33.179+0000] {processor.py:161} INFO - Started process (PID=17094) to work on /home/airflow/.local/lib/python3.12/site-packages/airflow/example_dags/example_python_operator.py
[2026-05-12T05:45:33.181+0000] {processor.py:830} INFO - Processing file /home/airflow/.local/lib/python3.12/site-packages/airflow/example_dags/example_python_operator.py for tasks to queue
[2026-05-12T05:45:33.183+0000] {logging_mixin.py:188} INFO - [2026-05-12T05:45:33.182+0000] {dagbag.py:545} INFO - Filling up the DagBag from /home/airflow/.local/lib/python3.12/site-packages/airflow/example_dags/example_python_operator.py
[2026-05-12T05:45:33.200+0000] {processor.py:840} INFO - DAG(s) 'example_python_operator' retrieved from /home/airflow/.local/lib/python3.12/site-packages/airflow/example_dags/example_python_operator.py
[2026-05-12T05:45:33.244+0000] {logging_mixin.py:188} INFO - [2026-05-12T05:45:33.244+0000] {dag.py:3089} INFO - Sync 1 DAGs
[2026-05-12T05:45:33.265+0000] {logging_mixin.py:188} INFO - [2026-05-12T05:45:33.264+0000] {dag.py:3947} INFO - Setting next_dagrun for example_python_operator to None, run_after=None
[2026-05-12T05:45:33.521+0000] {processor.py:183} INFO - Processing /home/airflow/.local/lib/python3.12/site-packages/airflow/example_dags/example_python_operator.py took 0.353 seconds
[2026-05-12T05:46:03.821+0000] {processor.py:161} INFO - Started process (PID=17162) to work on /home/airflow/.local/lib/python3.12/site-packages/airflow/example_dags/example_python_operator.py
[2026-05-12T05:46:03.823+0000] {processor.py:830} INFO - Processing file /home/airflow/.local/lib/python3.12/site-packages/airflow/example_dags/example_python_operator.py for tasks to queue
[2026-05-12T05:46:03.825+0000] {logging_mixin.py:188} INFO - [2026-05-12T05:46:03.825+0000] {dagbag.py:545} INFO - Filling up the DagBag from /home/airflow/.local/lib/python3.12/site-packages/airflow/example_dags/example_python_operator.py
[2026-05-12T05:46:03.846+0000] {processor.py:840} INFO - DAG(s) 'example_python_operator' retrieved from /home/airflow/.local/lib/python3.12/site-packages/airflow/example_dags/example_python_operator.py
[2026-05-12T05:46:03.900+0000] {logging_mixin.py:188} INFO - [2026-05-12T05:46:03.900+0000] {dag.py:3089} INFO - Sync 1 DAGs
[2026-05-12T05:46:03.927+0000] {logging_mixin.py:188} INFO - [2026-05-12T05:46:03.927+0000] {dag.py:3947} INFO - Setting next_dagrun for example_python_operator to None, run_after=None
[2026-05-12T05:46:03.971+0000] {processor.py:183} INFO - Processing /home/airflow/.local/lib/python3.12/site-packages/airflow/example_dags/example_python_operator.py took 0.165 seconds
[2026-05-12T05:46:34.073+0000] {processor.py:161} INFO - Started process (PID=17230) to work on /home/airflow/.local/lib/python3.12/site-packages/airflow/example_dags/example_python_operator.py
[2026-05-12T05:46:34.075+0000] {processor.py:830} INFO - Processing file /home/airflow/.local/lib/python3.12/site-packages/airflow/example_dags/example_python_operator.py for tasks to queue
[2026-05-12T05:46:34.077+0000] {logging_mixin.py:188} INFO - [2026-05-12T05:46:34.076+0000] {dagbag.py:545} INFO - Filling up the DagBag from /home/airflow/.local/lib/python3.12/site-packages/airflow/example_dags/example_python_operator.py
[2026-05-12T05:46:34.102+0000] {processor.py:840} INFO - DAG(s) 'example_python_operator' retrieved from /home/airflow/.local/lib/python3.12/site-packages/airflow/example_dags/example_python_operator.py
[2026-05-12T05:46:34.143+0000] {logging_mixin.py:188} INFO - [2026-05-12T05:46:34.142+0000] {dag.py:3089} INFO - Sync 1 DAGs
[2026-05-12T05:46:34.165+0000] {logging_mixin.py:188} INFO - [2026-05-12T05:46:34.165+0000] {dag.py:3947} INFO - Setting next_dagrun for example_python_operator to None, run_after=None
[2026-05-12T05:46:34.202+0000] {processor.py:183} INFO - Processing /home/airflow/.local/lib/python3.12/site-packages/airflow/example_dags/example_python_operator.py took 0.144 seconds
[2026-05-12T05:47:04.649+0000] {processor.py:161} INFO - Started process (PID=17298) to work on /home/airflow/.local/lib/python3.12/site-packages/airflow/example_dags/example_python_operator.py
[2026-05-12T05:47:04.654+0000] {processor.py:830} INFO - Processing file /home/airflow/.local/lib/python3.12/site-packages/airflow/example_dags/example_python_operator.py for tasks to queue
[2026-05-12T05:47:04.656+0000] {logging_mixin.py:188} INFO - [2026-05-12T05:47:04.655+0000] {dagbag.py:545} INFO - Filling up the DagBag from /home/airflow/.local/lib/python3.12/site-packages/airflow/example_dags/example_python_operator.py
[2026-05-12T05:47:04.678+0000] {processor.py:840} INFO - DAG(s) 'example_python_operator' retrieved from /home/airflow/.local/lib/python3.12/site-packages/airflow/example_dags/example_python_operator.py
[2026-05-12T05:47:04.725+0000] {logging_mixin.py:188} INFO - [2026-05-12T05:47:04.725+0000] {dag.py:3089} INFO - Sync 1 DAGs
[2026-05-12T05:47:04.747+0000] {logging_mixin.py:188} INFO - [2026-05-12T05:47:04.746+0000] {dag.py:3947} INFO - Setting next_dagrun for example_python_operator to None, run_after=None
[2026-05-12T05:47:04.782+0000] {processor.py:183} INFO - Processing /home/airflow/.local/lib/python3.12/site-packages/airflow/example_dags/example_python_operator.py took 0.150 seconds
[2026-05-12T05:47:35.742+0000] {processor.py:161} INFO - Started process (PID=17366) to work on /home/airflow/.local/lib/python3.12/site-packages/airflow/example_dags/example_python_operator.py
[2026-05-12T05:47:35.744+0000] {processor.py:830} INFO - Processing file /home/airflow/.local/lib/python3.12/site-packages/airflow/example_dags/example_python_operator.py for tasks to queue
[2026-05-12T05:47:35.746+0000] {logging_mixin.py:188} INFO - [2026-05-12T05:47:35.745+0000] {dagbag.py:545} INFO - Filling up the DagBag from /home/airflow/.local/lib/python3.12/site-packages/airflow/example_dags/example_python_operator.py
[2026-05-12T05:47:35.771+0000] {processor.py:840} INFO - DAG(s) 'example_python_operator' retrieved from /home/airflow/.local/lib/python3.12/site-packages/airflow/example_dags/example_python_operator.py
[2026-05-12T05:47:35.820+0000] {logging_mixin.py:188} INFO - [2026-05-12T05:47:35.819+0000] {dag.py:3089} INFO - Sync 1 DAGs
[2026-05-12T05:47:35.839+0000] {logging_mixin.py:188} INFO - [2026-05-12T05:47:35.839+0000] {dag.py:3947} INFO - Setting next_dagrun for example_python_operator to None, run_after=None
[2026-05-12T05:47:35.884+0000] {processor.py:183} INFO - Processing /home/airflow/.local/lib/python3.12/site-packages/airflow/example_dags/example_python_operator.py took 0.153 seconds
[2026-05-12T05:48:07.006+0000] {processor.py:161} INFO - Started process (PID=17437) to work on /home/airflow/.local/lib/python3.12/site-packages/airflow/example_dags/example_python_operator.py
[2026-05-12T05:48:07.008+0000] {processor.py:830} INFO - Processing file /home/airflow/.local/lib/python3.12/site-packages/airflow/example_dags/example_python_operator.py for tasks to queue
[2026-05-12T05:48:07.011+0000] {logging_mixin.py:188} INFO - [2026-05-12T05:48:07.010+0000] {dagbag.py:545} INFO - Filling up the DagBag from /home/airflow/.local/lib/python3.12/site-packages/airflow/example_dags/example_python_operator.py
[2026-05-12T05:48:07.030+0000] {processor.py:840} INFO - DAG(s) 'example_python_operator' retrieved from /home/airflow/.local/lib/python3.12/site-packages/airflow/example_dags/example_python_operator.py
[2026-05-12T05:48:07.071+0000] {logging_mixin.py:188} INFO - [2026-05-12T05:48:07.070+0000] {dag.py:3089} INFO - Sync 1 DAGs
[2026-05-12T05:48:07.092+0000] {logging_mixin.py:188} INFO - [2026-05-12T05:48:07.091+0000] {dag.py:3947} INFO - Setting next_dagrun for example_python_operator to None, run_after=None
[2026-05-12T05:48:07.138+0000] {processor.py:183} INFO - Processing /home/airflow/.local/lib/python3.12/site-packages/airflow/example_dags/example_python_operator.py took 0.141 seconds
[2026-05-12T05:48:38.206+0000] {processor.py:161} INFO - Started process (PID=17507) to work on /home/airflow/.local/lib/python3.12/site-packages/airflow/example_dags/example_python_operator.py
[2026-05-12T05:48:38.208+0000] {processor.py:830} INFO - Processing file /home/airflow/.local/lib/python3.12/site-packages/airflow/example_dags/example_python_operator.py for tasks to queue
[2026-05-12T05:48:38.210+0000] {logging_mixin.py:188} INFO - [2026-05-12T05:48:38.209+0000] {dagbag.py:545} INFO - Filling up the DagBag from /home/airflow/.local/lib/python3.12/site-packages/airflow/example_dags/example_python_operator.py
[2026-05-12T05:48:38.229+0000] {processor.py:840} INFO - DAG(s) 'example_python_operator' retrieved from /home/airflow/.local/lib/python3.12/site-packages/airflow/example_dags/example_python_operator.py
[2026-05-12T05:48:38.281+0000] {logging_mixin.py:188} INFO - [2026-05-12T05:48:38.281+0000] {dag.py:3089} INFO - Sync 1 DAGs
[2026-05-12T05:48:38.305+0000] {logging_mixin.py:188} INFO - [2026-05-12T05:48:38.304+0000] {dag.py:3947} INFO - Setting next_dagrun for example_python_operator to None, run_after=None
[2026-05-12T05:48:38.372+0000] {processor.py:183} INFO - Processing /home/airflow/.local/lib/python3.12/site-packages/airflow/example_dags/example_python_operator.py took 0.179 seconds
[2026-05-12T05:49:09.127+0000] {processor.py:161} INFO - Started process (PID=17583) to work on /home/airflow/.local/lib/python3.12/site-packages/airflow/example_dags/example_python_operator.py
[2026-05-12T05:49:09.129+0000] {processor.py:830} INFO - Processing file /home/airflow/.local/lib/python3.12/site-packages/airflow/example_dags/example_python_operator.py for tasks to queue
[2026-05-12T05:49:09.130+0000] {logging_mixin.py:188} INFO - [2026-05-12T05:49:09.130+0000] {dagbag.py:545} INFO - Filling up the DagBag from /home/airflow/.local/lib/python3.12/site-packages/airflow/example_dags/example_python_operator.py
[2026-05-12T05:49:09.150+0000] {processor.py:840} INFO - DAG(s) 'example_python_operator' retrieved from /home/airflow/.local/lib/python3.12/site-packages/airflow/example_dags/example_python_operator.py
[2026-05-12T05:49:09.192+0000] {logging_mixin.py:188} INFO - [2026-05-12T05:49:09.191+0000] {dag.py:3089} INFO - Sync 1 DAGs
[2026-05-12T05:49:09.214+0000] {logging_mixin.py:188} INFO - [2026-05-12T05:49:09.214+0000] {dag.py:3947} INFO - Setting next_dagrun for example_python_operator to None, run_after=None
[2026-05-12T05:49:09.276+0000] {processor.py:183} INFO - Processing /home/airflow/.local/lib/python3.12/site-packages/airflow/example_dags/example_python_operator.py took 0.161 seconds
[2026-05-12T05:49:39.680+0000] {processor.py:161} INFO - Started process (PID=17652) to work on /home/airflow/.local/lib/python3.12/site-packages/airflow/example_dags/example_python_operator.py
[2026-05-12T05:49:39.681+0000] {processor.py:830} INFO - Processing file /home/airflow/.local/lib/python3.12/site-packages/airflow/example_dags/example_python_operator.py for tasks to queue
[2026-05-12T05:49:39.683+0000] {logging_mixin.py:188} INFO - [2026-05-12T05:49:39.683+0000] {dagbag.py:545} INFO - Filling up the DagBag from /home/airflow/.local/lib/python3.12/site-packages/airflow/example_dags/example_python_operator.py
[2026-05-12T05:49:39.699+0000] {processor.py:840} INFO - DAG(s) 'example_python_operator' retrieved from /home/airflow/.local/lib/python3.12/site-packages/airflow/example_dags/example_python_operator.py
[2026-05-12T05:49:39.734+0000] {logging_mixin.py:188} INFO - [2026-05-12T05:49:39.734+0000] {dag.py:3089} INFO - Sync 1 DAGs
[2026-05-12T05:49:39.754+0000] {logging_mixin.py:188} INFO - [2026-05-12T05:49:39.753+0000] {dag.py:3947} INFO - Setting next_dagrun for example_python_operator to None, run_after=None
[2026-05-12T05:49:39.812+0000] {processor.py:183} INFO - Processing /home/airflow/.local/lib/python3.12/site-packages/airflow/example_dags/example_python_operator.py took 0.143 seconds
[2026-05-12T05:50:10.666+0000] {processor.py:161} INFO - Started process (PID=17720) to work on /home/airflow/.local/lib/python3.12/site-packages/airflow/example_dags/example_python_operator.py
[2026-05-12T05:50:10.668+0000] {processor.py:830} INFO - Processing file /home/airflow/.local/lib/python3.12/site-packages/airflow/example_dags/example_python_operator.py for tasks to queue
[2026-05-12T05:50:10.670+0000] {logging_mixin.py:188} INFO - [2026-05-12T05:50:10.670+0000] {dagbag.py:545} INFO - Filling up the DagBag from /home/airflow/.local/lib/python3.12/site-packages/airflow/example_dags/example_python_operator.py
[2026-05-12T05:50:10.688+0000] {processor.py:840} INFO - DAG(s) 'example_python_operator' retrieved from /home/airflow/.local/lib/python3.12/site-packages/airflow/example_dags/example_python_operator.py
[2026-05-12T05:50:10.733+0000] {logging_mixin.py:188} INFO - [2026-05-12T05:50:10.732+0000] {dag.py:3089} INFO - Sync 1 DAGs
[2026-05-12T05:50:10.773+0000] {logging_mixin.py:188} INFO - [2026-05-12T05:50:10.773+0000] {dag.py:3947} INFO - Setting next_dagrun for example_python_operator to None, run_after=None
[2026-05-12T05:50:10.822+0000] {processor.py:183} INFO - Processing /home/airflow/.local/lib/python3.12/site-packages/airflow/example_dags/example_python_operator.py took 0.170 seconds
[2026-05-12T05:50:41.858+0000] {processor.py:161} INFO - Started process (PID=17788) to work on /home/airflow/.local/lib/python3.12/site-packages/airflow/example_dags/example_python_operator.py
[2026-05-12T05:50:41.860+0000] {processor.py:830} INFO - Processing file /home/airflow/.local/lib/python3.12/site-packages/airflow/example_dags/example_python_operator.py for tasks to queue
[2026-05-12T05:50:41.862+0000] {logging_mixin.py:188} INFO - [2026-05-12T05:50:41.861+0000] {dagbag.py:545} INFO - Filling up the DagBag from /home/airflow/.local/lib/python3.12/site-packages/airflow/example_dags/example_python_operator.py
[2026-05-12T05:50:41.886+0000] {processor.py:840} INFO - DAG(s) 'example_python_operator' retrieved from /home/airflow/.local/lib/python3.12/site-packages/airflow/example_dags/example_python_operator.py
[2026-05-12T05:50:41.942+0000] {logging_mixin.py:188} INFO - [2026-05-12T05:50:41.941+0000] {dag.py:3089} INFO - Sync 1 DAGs
[2026-05-12T05:50:41.965+0000] {logging_mixin.py:188} INFO - [2026-05-12T05:50:41.964+0000] {dag.py:3947} INFO - Setting next_dagrun for example_python_operator to None, run_after=None
[2026-05-12T05:50:42.008+0000] {processor.py:183} INFO - Processing /home/airflow/.local/lib/python3.12/site-packages/airflow/example_dags/example_python_operator.py took 0.162 seconds
[2026-05-12T05:51:12.103+0000] {processor.py:161} INFO - Started process (PID=17856) to work on /home/airflow/.local/lib/python3.12/site-packages/airflow/example_dags/example_python_operator.py
[2026-05-12T05:51:12.104+0000] {processor.py:830} INFO - Processing file /home/airflow/.local/lib/python3.12/site-packages/airflow/example_dags/example_python_operator.py for tasks to queue
[2026-05-12T05:51:12.106+0000] {logging_mixin.py:188} INFO - [2026-05-12T05:51:12.105+0000] {dagbag.py:545} INFO - Filling up the DagBag from /home/airflow/.local/lib/python3.12/site-packages/airflow/example_dags/example_python_operator.py
[2026-05-12T05:51:12.122+0000] {processor.py:840} INFO - DAG(s) 'example_python_operator' retrieved from /home/airflow/.local/lib/python3.12/site-packages/airflow/example_dags/example_python_operator.py
[2026-05-12T05:51:12.158+0000] {logging_mixin.py:188} INFO - [2026-05-12T05:51:12.157+0000] {dag.py:3089} INFO - Sync 1 DAGs
[2026-05-12T05:51:12.176+0000] {logging_mixin.py:188} INFO - [2026-05-12T05:51:12.176+0000] {dag.py:3947} INFO - Setting next_dagrun for example_python_operator to None, run_after=None
[2026-05-12T05:51:12.243+0000] {processor.py:183} INFO - Processing /home/airflow/.local/lib/python3.12/site-packages/airflow/example_dags/example_python_operator.py took 0.149 seconds
[2026-05-12T05:51:43.065+0000] {processor.py:161} INFO - Started process (PID=17925) to work on /home/airflow/.local/lib/python3.12/site-packages/airflow/example_dags/example_python_operator.py
[2026-05-12T05:51:43.067+0000] {processor.py:830} INFO - Processing file /home/airflow/.local/lib/python3.12/site-packages/airflow/example_dags/example_python_operator.py for tasks to queue
[2026-05-12T05:51:43.069+0000] {logging_mixin.py:188} INFO - [2026-05-12T05:51:43.069+0000] {dagbag.py:545} INFO - Filling up the DagBag from /home/airflow/.local/lib/python3.12/site-packages/airflow/example_dags/example_python_operator.py
[2026-05-12T05:51:43.090+0000] {processor.py:840} INFO - DAG(s) 'example_python_operator' retrieved from /home/airflow/.local/lib/python3.12/site-packages/airflow/example_dags/example_python_operator.py
[2026-05-12T05:51:43.130+0000] {logging_mixin.py:188} INFO - [2026-05-12T05:51:43.129+0000] {dag.py:3089} INFO - Sync 1 DAGs
[2026-05-12T05:51:43.160+0000] {logging_mixin.py:188} INFO - [2026-05-12T05:51:43.159+0000] {dag.py:3947} INFO - Setting next_dagrun for example_python_operator to None, run_after=None
[2026-05-12T05:51:43.192+0000] {processor.py:183} INFO - Processing /home/airflow/.local/lib/python3.12/site-packages/airflow/example_dags/example_python_operator.py took 0.139 seconds
[2026-05-12T05:52:13.915+0000] {processor.py:161} INFO - Started process (PID=17992) to work on /home/airflow/.local/lib/python3.12/site-packages/airflow/example_dags/example_python_operator.py
[2026-05-12T05:52:13.918+0000] {processor.py:830} INFO - Processing file /home/airflow/.local/lib/python3.12/site-packages/airflow/example_dags/example_python_operator.py for tasks to queue
[2026-05-12T05:52:13.920+0000] {logging_mixin.py:188} INFO - [2026-05-12T05:52:13.919+0000] {dagbag.py:545} INFO - Filling up the DagBag from /home/airflow/.local/lib/python3.12/site-packages/airflow/example_dags/example_python_operator.py
[2026-05-12T05:52:13.942+0000] {processor.py:840} INFO - DAG(s) 'example_python_operator' retrieved from /home/airflow/.local/lib/python3.12/site-packages/airflow/example_dags/example_python_operator.py
[2026-05-12T05:52:13.982+0000] {logging_mixin.py:188} INFO - [2026-05-12T05:52:13.982+0000] {dag.py:3089} INFO - Sync 1 DAGs
[2026-05-12T05:52:14.000+0000] {logging_mixin.py:188} INFO - [2026-05-12T05:52:13.999+0000] {dag.py:3947} INFO - Setting next_dagrun for example_python_operator to None, run_after=None
[2026-05-12T05:52:14.065+0000] {processor.py:183} INFO - Processing /home/airflow/.local/lib/python3.12/site-packages/airflow/example_dags/example_python_operator.py took 0.166 seconds
[2026-05-12T05:52:44.241+0000] {processor.py:161} INFO - Started process (PID=18066) to work on /home/airflow/.local/lib/python3.12/site-packages/airflow/example_dags/example_python_operator.py
[2026-05-12T05:52:44.243+0000] {processor.py:830} INFO - Processing file /home/airflow/.local/lib/python3.12/site-packages/airflow/example_dags/example_python_operator.py for tasks to queue
[2026-05-12T05:52:44.245+0000] {logging_mixin.py:188} INFO - [2026-05-12T05:52:44.244+0000] {dagbag.py:545} INFO - Filling up the DagBag from /home/airflow/.local/lib/python3.12/site-packages/airflow/example_dags/example_python_operator.py
[2026-05-12T05:52:44.260+0000] {processor.py:840} INFO - DAG(s) 'example_python_operator' retrieved from /home/airflow/.local/lib/python3.12/site-packages/airflow/example_dags/example_python_operator.py
[2026-05-12T05:52:44.299+0000] {logging_mixin.py:188} INFO - [2026-05-12T05:52:44.298+0000] {dag.py:3089} INFO - Sync 1 DAGs
[2026-05-12T05:52:44.318+0000] {logging_mixin.py:188} INFO - [2026-05-12T05:52:44.317+0000] {dag.py:3947} INFO - Setting next_dagrun for example_python_operator to None, run_after=None
[2026-05-12T05:52:44.378+0000] {processor.py:183} INFO - Processing /home/airflow/.local/lib/python3.12/site-packages/airflow/example_dags/example_python_operator.py took 0.146 seconds
[2026-05-12T05:53:14.840+0000] {processor.py:161} INFO - Started process (PID=18134) to work on /home/airflow/.local/lib/python3.12/site-packages/airflow/example_dags/example_python_operator.py
[2026-05-12T05:53:14.842+0000] {processor.py:830} INFO - Processing file /home/airflow/.local/lib/python3.12/site-packages/airflow/example_dags/example_python_operator.py for tasks to queue
[2026-05-12T05:53:14.844+0000] {logging_mixin.py:188} INFO - [2026-05-12T05:53:14.844+0000] {dagbag.py:545} INFO - Filling up the DagBag from /home/airflow/.local/lib/python3.12/site-packages/airflow/example_dags/example_python_operator.py
[2026-05-12T05:53:14.867+0000] {processor.py:840} INFO - DAG(s) 'example_python_operator' retrieved from /home/airflow/.local/lib/python3.12/site-packages/airflow/example_dags/example_python_operator.py
[2026-05-12T05:53:14.910+0000] {logging_mixin.py:188} INFO - [2026-05-12T05:53:14.909+0000] {dag.py:3089} INFO - Sync 1 DAGs
[2026-05-12T05:53:14.934+0000] {logging_mixin.py:188} INFO - [2026-05-12T05:53:14.934+0000] {dag.py:3947} INFO - Setting next_dagrun for example_python_operator to None, run_after=None
[2026-05-12T05:53:14.971+0000] {processor.py:183} INFO - Processing /home/airflow/.local/lib/python3.12/site-packages/airflow/example_dags/example_python_operator.py took 0.144 seconds
[2026-05-12T05:53:46.024+0000] {processor.py:161} INFO - Started process (PID=18202) to work on /home/airflow/.local/lib/python3.12/site-packages/airflow/example_dags/example_python_operator.py
[2026-05-12T05:53:46.027+0000] {processor.py:830} INFO - Processing file /home/airflow/.local/lib/python3.12/site-packages/airflow/example_dags/example_python_operator.py for tasks to queue
[2026-05-12T05:53:46.029+0000] {logging_mixin.py:188} INFO - [2026-05-12T05:53:46.028+0000] {dagbag.py:545} INFO - Filling up the DagBag from /home/airflow/.local/lib/python3.12/site-packages/airflow/example_dags/example_python_operator.py
[2026-05-12T05:53:46.048+0000] {processor.py:840} INFO - DAG(s) 'example_python_operator' retrieved from /home/airflow/.local/lib/python3.12/site-packages/airflow/example_dags/example_python_operator.py
[2026-05-12T05:53:46.098+0000] {logging_mixin.py:188} INFO - [2026-05-12T05:53:46.097+0000] {dag.py:3089} INFO - Sync 1 DAGs
[2026-05-12T05:53:46.119+0000] {logging_mixin.py:188} INFO - [2026-05-12T05:53:46.118+0000] {dag.py:3947} INFO - Setting next_dagrun for example_python_operator to None, run_after=None
[2026-05-12T05:53:46.161+0000] {processor.py:183} INFO - Processing /home/airflow/.local/lib/python3.12/site-packages/airflow/example_dags/example_python_operator.py took 0.151 seconds
[2026-05-12T05:54:16.666+0000] {processor.py:161} INFO - Started process (PID=18268) to work on /home/airflow/.local/lib/python3.12/site-packages/airflow/example_dags/example_python_operator.py
[2026-05-12T05:54:16.668+0000] {processor.py:830} INFO - Processing file /home/airflow/.local/lib/python3.12/site-packages/airflow/example_dags/example_python_operator.py for tasks to queue
[2026-05-12T05:54:16.669+0000] {logging_mixin.py:188} INFO - [2026-05-12T05:54:16.669+0000] {dagbag.py:545} INFO - Filling up the DagBag from /home/airflow/.local/lib/python3.12/site-packages/airflow/example_dags/example_python_operator.py
[2026-05-12T05:54:16.686+0000] {processor.py:840} INFO - DAG(s) 'example_python_operator' retrieved from /home/airflow/.local/lib/python3.12/site-packages/airflow/example_dags/example_python_operator.py
[2026-05-12T05:54:16.731+0000] {logging_mixin.py:188} INFO - [2026-05-12T05:54:16.730+0000] {dag.py:3089} INFO - Sync 1 DAGs
[2026-05-12T05:54:16.752+0000] {logging_mixin.py:188} INFO - [2026-05-12T05:54:16.751+0000] {dag.py:3947} INFO - Setting next_dagrun for example_python_operator to None, run_after=None
[2026-05-12T05:54:16.819+0000] {processor.py:183} INFO - Processing /home/airflow/.local/lib/python3.12/site-packages/airflow/example_dags/example_python_operator.py took 0.163 seconds
[2026-05-12T05:54:47.132+0000] {processor.py:161} INFO - Started process (PID=18336) to work on /home/airflow/.local/lib/python3.12/site-packages/airflow/example_dags/example_python_operator.py
[2026-05-12T05:54:47.134+0000] {processor.py:830} INFO - Processing file /home/airflow/.local/lib/python3.12/site-packages/airflow/example_dags/example_python_operator.py for tasks to queue
[2026-05-12T05:54:47.136+0000] {logging_mixin.py:188} INFO - [2026-05-12T05:54:47.135+0000] {dagbag.py:545} INFO - Filling up the DagBag from /home/airflow/.local/lib/python3.12/site-packages/airflow/example_dags/example_python_operator.py
[2026-05-12T05:54:47.154+0000] {processor.py:840} INFO - DAG(s) 'example_python_operator' retrieved from /home/airflow/.local/lib/python3.12/site-packages/airflow/example_dags/example_python_operator.py
[2026-05-12T05:54:47.190+0000] {logging_mixin.py:188} INFO - [2026-05-12T05:54:47.190+0000] {dag.py:3089} INFO - Sync 1 DAGs
[2026-05-12T05:54:47.219+0000] {logging_mixin.py:188} INFO - [2026-05-12T05:54:47.218+0000] {dag.py:3947} INFO - Setting next_dagrun for example_python_operator to None, run_after=None
[2026-05-12T05:54:47.254+0000] {processor.py:183} INFO - Processing /home/airflow/.local/lib/python3.12/site-packages/airflow/example_dags/example_python_operator.py took 0.132 seconds
[2026-05-12T05:55:17.614+0000] {processor.py:161} INFO - Started process (PID=18404) to work on /home/airflow/.local/lib/python3.12/site-packages/airflow/example_dags/example_python_operator.py
[2026-05-12T05:55:17.618+0000] {processor.py:830} INFO - Processing file /home/airflow/.local/lib/python3.12/site-packages/airflow/example_dags/example_python_operator.py for tasks to queue
[2026-05-12T05:55:17.620+0000] {logging_mixin.py:188} INFO - [2026-05-12T05:55:17.619+0000] {dagbag.py:545} INFO - Filling up the DagBag from /home/airflow/.local/lib/python3.12/site-packages/airflow/example_dags/example_python_operator.py
[2026-05-12T05:55:17.638+0000] {processor.py:840} INFO - DAG(s) 'example_python_operator' retrieved from /home/airflow/.local/lib/python3.12/site-packages/airflow/example_dags/example_python_operator.py
[2026-05-12T05:55:17.681+0000] {logging_mixin.py:188} INFO - [2026-05-12T05:55:17.681+0000] {dag.py:3089} INFO - Sync 1 DAGs
[2026-05-12T05:55:17.700+0000] {logging_mixin.py:188} INFO - [2026-05-12T05:55:17.700+0000] {dag.py:3947} INFO - Setting next_dagrun for example_python_operator to None, run_after=None
[2026-05-12T05:55:17.769+0000] {processor.py:183} INFO - Processing /home/airflow/.local/lib/python3.12/site-packages/airflow/example_dags/example_python_operator.py took 0.169 seconds
[2026-05-12T05:55:47.972+0000] {processor.py:161} INFO - Started process (PID=18479) to work on /home/airflow/.local/lib/python3.12/site-packages/airflow/example_dags/example_python_operator.py
[2026-05-12T05:55:47.975+0000] {processor.py:830} INFO - Processing file /home/airflow/.local/lib/python3.12/site-packages/airflow/example_dags/example_python_operator.py for tasks to queue
[2026-05-12T05:55:47.979+0000] {logging_mixin.py:188} INFO - [2026-05-12T05:55:47.978+0000] {dagbag.py:545} INFO - Filling up the DagBag from /home/airflow/.local/lib/python3.12/site-packages/airflow/example_dags/example_python_operator.py
[2026-05-12T05:55:48.004+0000] {processor.py:840} INFO - DAG(s) 'example_python_operator' retrieved from /home/airflow/.local/lib/python3.12/site-packages/airflow/example_dags/example_python_operator.py
[2026-05-12T05:55:48.060+0000] {logging_mixin.py:188} INFO - [2026-05-12T05:55:48.059+0000] {dag.py:3089} INFO - Sync 1 DAGs
[2026-05-12T05:55:48.084+0000] {logging_mixin.py:188} INFO - [2026-05-12T05:55:48.084+0000] {dag.py:3947} INFO - Setting next_dagrun for example_python_operator to None, run_after=None
[2026-05-12T05:55:48.154+0000] {processor.py:183} INFO - Processing /home/airflow/.local/lib/python3.12/site-packages/airflow/example_dags/example_python_operator.py took 0.197 seconds
[2026-05-12T05:56:18.317+0000] {processor.py:161} INFO - Started process (PID=18546) to work on /home/airflow/.local/lib/python3.12/site-packages/airflow/example_dags/example_python_operator.py
[2026-05-12T05:56:18.347+0000] {processor.py:830} INFO - Processing file /home/airflow/.local/lib/python3.12/site-packages/airflow/example_dags/example_python_operator.py for tasks to queue
[2026-05-12T05:56:18.349+0000] {logging_mixin.py:188} INFO - [2026-05-12T05:56:18.349+0000] {dagbag.py:545} INFO - Filling up the DagBag from /home/airflow/.local/lib/python3.12/site-packages/airflow/example_dags/example_python_operator.py
[2026-05-12T05:56:18.373+0000] {processor.py:840} INFO - DAG(s) 'example_python_operator' retrieved from /home/airflow/.local/lib/python3.12/site-packages/airflow/example_dags/example_python_operator.py
[2026-05-12T05:56:18.424+0000] {logging_mixin.py:188} INFO - [2026-05-12T05:56:18.424+0000] {dag.py:3089} INFO - Sync 1 DAGs
[2026-05-12T05:56:18.445+0000] {logging_mixin.py:188} INFO - [2026-05-12T05:56:18.445+0000] {dag.py:3947} INFO - Setting next_dagrun for example_python_operator to None, run_after=None
[2026-05-12T05:56:18.507+0000] {processor.py:183} INFO - Processing /home/airflow/.local/lib/python3.12/site-packages/airflow/example_dags/example_python_operator.py took 0.203 seconds
[2026-05-12T05:56:49.224+0000] {processor.py:161} INFO - Started process (PID=18614) to work on /home/airflow/.local/lib/python3.12/site-packages/airflow/example_dags/example_python_operator.py
[2026-05-12T05:56:49.226+0000] {processor.py:830} INFO - Processing file /home/airflow/.local/lib/python3.12/site-packages/airflow/example_dags/example_python_operator.py for tasks to queue
[2026-05-12T05:56:49.228+0000] {logging_mixin.py:188} INFO - [2026-05-12T05:56:49.228+0000] {dagbag.py:545} INFO - Filling up the DagBag from /home/airflow/.local/lib/python3.12/site-packages/airflow/example_dags/example_python_operator.py
[2026-05-12T05:56:49.254+0000] {processor.py:840} INFO - DAG(s) 'example_python_operator' retrieved from /home/airflow/.local/lib/python3.12/site-packages/airflow/example_dags/example_python_operator.py
[2026-05-12T05:56:49.307+0000] {logging_mixin.py:188} INFO - [2026-05-12T05:56:49.306+0000] {dag.py:3089} INFO - Sync 1 DAGs
[2026-05-12T05:56:49.327+0000] {logging_mixin.py:188} INFO - [2026-05-12T05:56:49.326+0000] {dag.py:3947} INFO - Setting next_dagrun for example_python_operator to None, run_after=None
[2026-05-12T05:56:49.401+0000] {processor.py:183} INFO - Processing /home/airflow/.local/lib/python3.12/site-packages/airflow/example_dags/example_python_operator.py took 0.192 seconds
[2026-05-12T05:57:19.745+0000] {processor.py:161} INFO - Started process (PID=18682) to work on /home/airflow/.local/lib/python3.12/site-packages/airflow/example_dags/example_python_operator.py
[2026-05-12T05:57:19.747+0000] {processor.py:830} INFO - Processing file /home/airflow/.local/lib/python3.12/site-packages/airflow/example_dags/example_python_operator.py for tasks to queue
[2026-05-12T05:57:19.749+0000] {logging_mixin.py:188} INFO - [2026-05-12T05:57:19.749+0000] {dagbag.py:545} INFO - Filling up the DagBag from /home/airflow/.local/lib/python3.12/site-packages/airflow/example_dags/example_python_operator.py
[2026-05-12T05:57:19.767+0000] {processor.py:840} INFO - DAG(s) 'example_python_operator' retrieved from /home/airflow/.local/lib/python3.12/site-packages/airflow/example_dags/example_python_operator.py
[2026-05-12T05:57:19.807+0000] {logging_mixin.py:188} INFO - [2026-05-12T05:57:19.807+0000] {dag.py:3089} INFO - Sync 1 DAGs
[2026-05-12T05:57:19.827+0000] {logging_mixin.py:188} INFO - [2026-05-12T05:57:19.827+0000] {dag.py:3947} INFO - Setting next_dagrun for example_python_operator to None, run_after=None
[2026-05-12T05:57:19.887+0000] {processor.py:183} INFO - Processing /home/airflow/.local/lib/python3.12/site-packages/airflow/example_dags/example_python_operator.py took 0.152 seconds
[2026-05-12T05:57:50.446+0000] {processor.py:161} INFO - Started process (PID=18749) to work on /home/airflow/.local/lib/python3.12/site-packages/airflow/example_dags/example_python_operator.py
[2026-05-12T05:57:50.448+0000] {processor.py:830} INFO - Processing file /home/airflow/.local/lib/python3.12/site-packages/airflow/example_dags/example_python_operator.py for tasks to queue
[2026-05-12T05:57:50.449+0000] {logging_mixin.py:188} INFO - [2026-05-12T05:57:50.449+0000] {dagbag.py:545} INFO - Filling up the DagBag from /home/airflow/.local/lib/python3.12/site-packages/airflow/example_dags/example_python_operator.py
[2026-05-12T05:57:50.464+0000] {processor.py:840} INFO - DAG(s) 'example_python_operator' retrieved from /home/airflow/.local/lib/python3.12/site-packages/airflow/example_dags/example_python_operator.py
[2026-05-12T05:57:50.502+0000] {logging_mixin.py:188} INFO - [2026-05-12T05:57:50.502+0000] {dag.py:3089} INFO - Sync 1 DAGs
[2026-05-12T05:57:50.521+0000] {logging_mixin.py:188} INFO - [2026-05-12T05:57:50.521+0000] {dag.py:3947} INFO - Setting next_dagrun for example_python_operator to None, run_after=None
[2026-05-12T05:57:50.583+0000] {processor.py:183} INFO - Processing /home/airflow/.local/lib/python3.12/site-packages/airflow/example_dags/example_python_operator.py took 0.147 seconds
[2026-05-12T05:58:20.872+0000] {processor.py:161} INFO - Started process (PID=18817) to work on /home/airflow/.local/lib/python3.12/site-packages/airflow/example_dags/example_python_operator.py
[2026-05-12T05:58:20.874+0000] {processor.py:830} INFO - Processing file /home/airflow/.local/lib/python3.12/site-packages/airflow/example_dags/example_python_operator.py for tasks to queue
[2026-05-12T05:58:20.877+0000] {logging_mixin.py:188} INFO - [2026-05-12T05:58:20.876+0000] {dagbag.py:545} INFO - Filling up the DagBag from /home/airflow/.local/lib/python3.12/site-packages/airflow/example_dags/example_python_operator.py
[2026-05-12T05:58:20.899+0000] {processor.py:840} INFO - DAG(s) 'example_python_operator' retrieved from /home/airflow/.local/lib/python3.12/site-packages/airflow/example_dags/example_python_operator.py
[2026-05-12T05:58:20.945+0000] {logging_mixin.py:188} INFO - [2026-05-12T05:58:20.944+0000] {dag.py:3089} INFO - Sync 1 DAGs
[2026-05-12T05:58:20.967+0000] {logging_mixin.py:188} INFO - [2026-05-12T05:58:20.966+0000] {dag.py:3947} INFO - Setting next_dagrun for example_python_operator to None, run_after=None
[2026-05-12T05:58:21.035+0000] {processor.py:183} INFO - Processing /home/airflow/.local/lib/python3.12/site-packages/airflow/example_dags/example_python_operator.py took 0.174 seconds
[2026-05-12T05:58:51.358+0000] {processor.py:161} INFO - Started process (PID=18892) to work on /home/airflow/.local/lib/python3.12/site-packages/airflow/example_dags/example_python_operator.py
[2026-05-12T05:58:51.362+0000] {processor.py:830} INFO - Processing file /home/airflow/.local/lib/python3.12/site-packages/airflow/example_dags/example_python_operator.py for tasks to queue
[2026-05-12T05:58:51.364+0000] {logging_mixin.py:188} INFO - [2026-05-12T05:58:51.364+0000] {dagbag.py:545} INFO - Filling up the DagBag from /home/airflow/.local/lib/python3.12/site-packages/airflow/example_dags/example_python_operator.py
[2026-05-12T05:58:51.380+0000] {processor.py:840} INFO - DAG(s) 'example_python_operator' retrieved from /home/airflow/.local/lib/python3.12/site-packages/airflow/example_dags/example_python_operator.py
[2026-05-12T05:58:51.419+0000] {logging_mixin.py:188} INFO - [2026-05-12T05:58:51.419+0000] {dag.py:3089} INFO - Sync 1 DAGs
[2026-05-12T05:58:51.439+0000] {logging_mixin.py:188} INFO - [2026-05-12T05:58:51.438+0000] {dag.py:3947} INFO - Setting next_dagrun for example_python_operator to None, run_after=None
[2026-05-12T05:58:51.499+0000] {processor.py:183} INFO - Processing /home/airflow/.local/lib/python3.12/site-packages/airflow/example_dags/example_python_operator.py took 0.150 seconds
[2026-05-12T05:59:22.166+0000] {processor.py:161} INFO - Started process (PID=18960) to work on /home/airflow/.local/lib/python3.12/site-packages/airflow/example_dags/example_python_operator.py
[2026-05-12T05:59:22.168+0000] {processor.py:830} INFO - Processing file /home/airflow/.local/lib/python3.12/site-packages/airflow/example_dags/example_python_operator.py for tasks to queue
[2026-05-12T05:59:22.170+0000] {logging_mixin.py:188} INFO - [2026-05-12T05:59:22.170+0000] {dagbag.py:545} INFO - Filling up the DagBag from /home/airflow/.local/lib/python3.12/site-packages/airflow/example_dags/example_python_operator.py
[2026-05-12T05:59:22.196+0000] {processor.py:840} INFO - DAG(s) 'example_python_operator' retrieved from /home/airflow/.local/lib/python3.12/site-packages/airflow/example_dags/example_python_operator.py
[2026-05-12T05:59:22.246+0000] {logging_mixin.py:188} INFO - [2026-05-12T05:59:22.245+0000] {dag.py:3089} INFO - Sync 1 DAGs
[2026-05-12T05:59:22.274+0000] {logging_mixin.py:188} INFO - [2026-05-12T05:59:22.274+0000] {dag.py:3947} INFO - Setting next_dagrun for example_python_operator to None, run_after=None
[2026-05-12T05:59:22.349+0000] {processor.py:183} INFO - Processing /home/airflow/.local/lib/python3.12/site-packages/airflow/example_dags/example_python_operator.py took 0.199 seconds
[2026-05-12T05:59:53.055+0000] {processor.py:161} INFO - Started process (PID=19028) to work on /home/airflow/.local/lib/python3.12/site-packages/airflow/example_dags/example_python_operator.py
[2026-05-12T05:59:53.058+0000] {processor.py:830} INFO - Processing file /home/airflow/.local/lib/python3.12/site-packages/airflow/example_dags/example_python_operator.py for tasks to queue
[2026-05-12T05:59:53.061+0000] {logging_mixin.py:188} INFO - [2026-05-12T05:59:53.060+0000] {dagbag.py:545} INFO - Filling up the DagBag from /home/airflow/.local/lib/python3.12/site-packages/airflow/example_dags/example_python_operator.py
[2026-05-12T05:59:53.086+0000] {processor.py:840} INFO - DAG(s) 'example_python_operator' retrieved from /home/airflow/.local/lib/python3.12/site-packages/airflow/example_dags/example_python_operator.py
[2026-05-12T05:59:53.131+0000] {logging_mixin.py:188} INFO - [2026-05-12T05:59:53.131+0000] {dag.py:3089} INFO - Sync 1 DAGs
[2026-05-12T05:59:53.152+0000] {logging_mixin.py:188} INFO - [2026-05-12T05:59:53.151+0000] {dag.py:3947} INFO - Setting next_dagrun for example_python_operator to None, run_after=None
[2026-05-12T05:59:53.218+0000] {processor.py:183} INFO - Processing /home/airflow/.local/lib/python3.12/site-packages/airflow/example_dags/example_python_operator.py took 0.176 seconds
[2026-05-12T06:00:23.678+0000] {processor.py:161} INFO - Started process (PID=19096) to work on /home/airflow/.local/lib/python3.12/site-packages/airflow/example_dags/example_python_operator.py
[2026-05-12T06:00:23.680+0000] {processor.py:830} INFO - Processing file /home/airflow/.local/lib/python3.12/site-packages/airflow/example_dags/example_python_operator.py for tasks to queue
[2026-05-12T06:00:23.682+0000] {logging_mixin.py:188} INFO - [2026-05-12T06:00:23.681+0000] {dagbag.py:545} INFO - Filling up the DagBag from /home/airflow/.local/lib/python3.12/site-packages/airflow/example_dags/example_python_operator.py
[2026-05-12T06:00:23.702+0000] {processor.py:840} INFO - DAG(s) 'example_python_operator' retrieved from /home/airflow/.local/lib/python3.12/site-packages/airflow/example_dags/example_python_operator.py
[2026-05-12T06:00:23.754+0000] {logging_mixin.py:188} INFO - [2026-05-12T06:00:23.753+0000] {dag.py:3089} INFO - Sync 1 DAGs
[2026-05-12T06:00:23.780+0000] {logging_mixin.py:188} INFO - [2026-05-12T06:00:23.779+0000] {dag.py:3947} INFO - Setting next_dagrun for example_python_operator to None, run_after=None
[2026-05-12T06:00:23.958+0000] {processor.py:183} INFO - Processing /home/airflow/.local/lib/python3.12/site-packages/airflow/example_dags/example_python_operator.py took 0.290 seconds
[2026-05-12T06:00:54.670+0000] {processor.py:161} INFO - Started process (PID=19164) to work on /home/airflow/.local/lib/python3.12/site-packages/airflow/example_dags/example_python_operator.py
[2026-05-12T06:00:54.672+0000] {processor.py:830} INFO - Processing file /home/airflow/.local/lib/python3.12/site-packages/airflow/example_dags/example_python_operator.py for tasks to queue
[2026-05-12T06:00:54.673+0000] {logging_mixin.py:188} INFO - [2026-05-12T06:00:54.673+0000] {dagbag.py:545} INFO - Filling up the DagBag from /home/airflow/.local/lib/python3.12/site-packages/airflow/example_dags/example_python_operator.py
[2026-05-12T06:00:54.695+0000] {processor.py:840} INFO - DAG(s) 'example_python_operator' retrieved from /home/airflow/.local/lib/python3.12/site-packages/airflow/example_dags/example_python_operator.py
[2026-05-12T06:00:54.738+0000] {logging_mixin.py:188} INFO - [2026-05-12T06:00:54.737+0000] {dag.py:3089} INFO - Sync 1 DAGs
[2026-05-12T06:00:54.758+0000] {logging_mixin.py:188} INFO - [2026-05-12T06:00:54.757+0000] {dag.py:3947} INFO - Setting next_dagrun for example_python_operator to None, run_after=None
[2026-05-12T06:00:54.793+0000] {processor.py:183} INFO - Processing /home/airflow/.local/lib/python3.12/site-packages/airflow/example_dags/example_python_operator.py took 0.133 seconds
[2026-05-12T06:01:25.514+0000] {processor.py:161} INFO - Started process (PID=19232) to work on /home/airflow/.local/lib/python3.12/site-packages/airflow/example_dags/example_python_operator.py
[2026-05-12T06:01:25.516+0000] {processor.py:830} INFO - Processing file /home/airflow/.local/lib/python3.12/site-packages/airflow/example_dags/example_python_operator.py for tasks to queue
[2026-05-12T06:01:25.518+0000] {logging_mixin.py:188} INFO - [2026-05-12T06:01:25.517+0000] {dagbag.py:545} INFO - Filling up the DagBag from /home/airflow/.local/lib/python3.12/site-packages/airflow/example_dags/example_python_operator.py
[2026-05-12T06:01:25.537+0000] {processor.py:840} INFO - DAG(s) 'example_python_operator' retrieved from /home/airflow/.local/lib/python3.12/site-packages/airflow/example_dags/example_python_operator.py
[2026-05-12T06:01:25.579+0000] {logging_mixin.py:188} INFO - [2026-05-12T06:01:25.579+0000] {dag.py:3089} INFO - Sync 1 DAGs
[2026-05-12T06:01:25.607+0000] {logging_mixin.py:188} INFO - [2026-05-12T06:01:25.606+0000] {dag.py:3947} INFO - Setting next_dagrun for example_python_operator to None, run_after=None
[2026-05-12T06:01:25.658+0000] {processor.py:183} INFO - Processing /home/airflow/.local/lib/python3.12/site-packages/airflow/example_dags/example_python_operator.py took 0.154 seconds
[2026-05-12T06:01:55.959+0000] {processor.py:161} INFO - Started process (PID=19306) to work on /home/airflow/.local/lib/python3.12/site-packages/airflow/example_dags/example_python_operator.py
[2026-05-12T06:01:55.961+0000] {processor.py:830} INFO - Processing file /home/airflow/.local/lib/python3.12/site-packages/airflow/example_dags/example_python_operator.py for tasks to queue
[2026-05-12T06:01:55.963+0000] {logging_mixin.py:188} INFO - [2026-05-12T06:01:55.962+0000] {dagbag.py:545} INFO - Filling up the DagBag from /home/airflow/.local/lib/python3.12/site-packages/airflow/example_dags/example_python_operator.py
[2026-05-12T06:01:55.979+0000] {processor.py:840} INFO - DAG(s) 'example_python_operator' retrieved from /home/airflow/.local/lib/python3.12/site-packages/airflow/example_dags/example_python_operator.py
[2026-05-12T06:01:56.017+0000] {logging_mixin.py:188} INFO - [2026-05-12T06:01:56.017+0000] {dag.py:3089} INFO - Sync 1 DAGs
[2026-05-12T06:01:56.038+0000] {logging_mixin.py:188} INFO - [2026-05-12T06:01:56.038+0000] {dag.py:3947} INFO - Setting next_dagrun for example_python_operator to None, run_after=None
[2026-05-12T06:01:56.079+0000] {processor.py:183} INFO - Processing /home/airflow/.local/lib/python3.12/site-packages/airflow/example_dags/example_python_operator.py took 0.131 seconds
[2026-05-12T06:02:26.392+0000] {processor.py:161} INFO - Started process (PID=19374) to work on /home/airflow/.local/lib/python3.12/site-packages/airflow/example_dags/example_python_operator.py
[2026-05-12T06:02:26.394+0000] {processor.py:830} INFO - Processing file /home/airflow/.local/lib/python3.12/site-packages/airflow/example_dags/example_python_operator.py for tasks to queue
[2026-05-12T06:02:26.396+0000] {logging_mixin.py:188} INFO - [2026-05-12T06:02:26.396+0000] {dagbag.py:545} INFO - Filling up the DagBag from /home/airflow/.local/lib/python3.12/site-packages/airflow/example_dags/example_python_operator.py
[2026-05-12T06:02:26.414+0000] {processor.py:840} INFO - DAG(s) 'example_python_operator' retrieved from /home/airflow/.local/lib/python3.12/site-packages/airflow/example_dags/example_python_operator.py
[2026-05-12T06:02:26.451+0000] {logging_mixin.py:188} INFO - [2026-05-12T06:02:26.451+0000] {dag.py:3089} INFO - Sync 1 DAGs
[2026-05-12T06:02:26.478+0000] {logging_mixin.py:188} INFO - [2026-05-12T06:02:26.478+0000] {dag.py:3947} INFO - Setting next_dagrun for example_python_operator to None, run_after=None
[2026-05-12T06:02:26.519+0000] {processor.py:183} INFO - Processing /home/airflow/.local/lib/python3.12/site-packages/airflow/example_dags/example_python_operator.py took 0.138 seconds
[2026-05-12T06:02:57.234+0000] {processor.py:161} INFO - Started process (PID=19445) to work on /home/airflow/.local/lib/python3.12/site-packages/airflow/example_dags/example_python_operator.py
[2026-05-12T06:02:57.235+0000] {processor.py:830} INFO - Processing file /home/airflow/.local/lib/python3.12/site-packages/airflow/example_dags/example_python_operator.py for tasks to queue
[2026-05-12T06:02:57.237+0000] {logging_mixin.py:188} INFO - [2026-05-12T06:02:57.236+0000] {dagbag.py:545} INFO - Filling up the DagBag from /home/airflow/.local/lib/python3.12/site-packages/airflow/example_dags/example_python_operator.py
[2026-05-12T06:02:57.256+0000] {processor.py:840} INFO - DAG(s) 'example_python_operator' retrieved from /home/airflow/.local/lib/python3.12/site-packages/airflow/example_dags/example_python_operator.py
[2026-05-12T06:02:57.294+0000] {logging_mixin.py:188} INFO - [2026-05-12T06:02:57.294+0000] {dag.py:3089} INFO - Sync 1 DAGs
[2026-05-12T06:02:57.311+0000] {logging_mixin.py:188} INFO - [2026-05-12T06:02:57.311+0000] {dag.py:3947} INFO - Setting next_dagrun for example_python_operator to None, run_after=None
[2026-05-12T06:02:57.343+0000] {processor.py:183} INFO - Processing /home/airflow/.local/lib/python3.12/site-packages/airflow/example_dags/example_python_operator.py took 0.119 seconds
[2026-05-12T06:03:28.292+0000] {processor.py:161} INFO - Started process (PID=19513) to work on /home/airflow/.local/lib/python3.12/site-packages/airflow/example_dags/example_python_operator.py
[2026-05-12T06:03:28.293+0000] {processor.py:830} INFO - Processing file /home/airflow/.local/lib/python3.12/site-packages/airflow/example_dags/example_python_operator.py for tasks to queue
[2026-05-12T06:03:28.295+0000] {logging_mixin.py:188} INFO - [2026-05-12T06:03:28.295+0000] {dagbag.py:545} INFO - Filling up the DagBag from /home/airflow/.local/lib/python3.12/site-packages/airflow/example_dags/example_python_operator.py
[2026-05-12T06:03:28.311+0000] {processor.py:840} INFO - DAG(s) 'example_python_operator' retrieved from /home/airflow/.local/lib/python3.12/site-packages/airflow/example_dags/example_python_operator.py
[2026-05-12T06:03:28.347+0000] {logging_mixin.py:188} INFO - [2026-05-12T06:03:28.347+0000] {dag.py:3089} INFO - Sync 1 DAGs
[2026-05-12T06:03:28.364+0000] {logging_mixin.py:188} INFO - [2026-05-12T06:03:28.363+0000] {dag.py:3947} INFO - Setting next_dagrun for example_python_operator to None, run_after=None
[2026-05-12T06:03:28.429+0000] {processor.py:183} INFO - Processing /home/airflow/.local/lib/python3.12/site-packages/airflow/example_dags/example_python_operator.py took 0.147 seconds
[2026-05-12T06:03:59.073+0000] {processor.py:161} INFO - Started process (PID=19581) to work on /home/airflow/.local/lib/python3.12/site-packages/airflow/example_dags/example_python_operator.py
[2026-05-12T06:03:59.075+0000] {processor.py:830} INFO - Processing file /home/airflow/.local/lib/python3.12/site-packages/airflow/example_dags/example_python_operator.py for tasks to queue
[2026-05-12T06:03:59.078+0000] {logging_mixin.py:188} INFO - [2026-05-12T06:03:59.077+0000] {dagbag.py:545} INFO - Filling up the DagBag from /home/airflow/.local/lib/python3.12/site-packages/airflow/example_dags/example_python_operator.py
[2026-05-12T06:03:59.101+0000] {processor.py:840} INFO - DAG(s) 'example_python_operator' retrieved from /home/airflow/.local/lib/python3.12/site-packages/airflow/example_dags/example_python_operator.py
[2026-05-12T06:03:59.151+0000] {logging_mixin.py:188} INFO - [2026-05-12T06:03:59.150+0000] {dag.py:3089} INFO - Sync 1 DAGs
[2026-05-12T06:03:59.177+0000] {logging_mixin.py:188} INFO - [2026-05-12T06:03:59.176+0000] {dag.py:3947} INFO - Setting next_dagrun for example_python_operator to None, run_after=None
[2026-05-12T06:03:59.226+0000] {processor.py:183} INFO - Processing /home/airflow/.local/lib/python3.12/site-packages/airflow/example_dags/example_python_operator.py took 0.162 seconds
[2026-05-12T06:04:29.454+0000] {processor.py:161} INFO - Started process (PID=19655) to work on /home/airflow/.local/lib/python3.12/site-packages/airflow/example_dags/example_python_operator.py
[2026-05-12T06:04:29.455+0000] {processor.py:830} INFO - Processing file /home/airflow/.local/lib/python3.12/site-packages/airflow/example_dags/example_python_operator.py for tasks to queue
[2026-05-12T06:04:29.457+0000] {logging_mixin.py:188} INFO - [2026-05-12T06:04:29.457+0000] {dagbag.py:545} INFO - Filling up the DagBag from /home/airflow/.local/lib/python3.12/site-packages/airflow/example_dags/example_python_operator.py
[2026-05-12T06:04:29.473+0000] {processor.py:840} INFO - DAG(s) 'example_python_operator' retrieved from /home/airflow/.local/lib/python3.12/site-packages/airflow/example_dags/example_python_operator.py
[2026-05-12T06:04:29.508+0000] {logging_mixin.py:188} INFO - [2026-05-12T06:04:29.508+0000] {dag.py:3089} INFO - Sync 1 DAGs
[2026-05-12T06:04:29.529+0000] {logging_mixin.py:188} INFO - [2026-05-12T06:04:29.528+0000] {dag.py:3947} INFO - Setting next_dagrun for example_python_operator to None, run_after=None
[2026-05-12T06:04:29.577+0000] {processor.py:183} INFO - Processing /home/airflow/.local/lib/python3.12/site-packages/airflow/example_dags/example_python_operator.py took 0.135 seconds
[2026-05-12T06:04:59.838+0000] {processor.py:161} INFO - Started process (PID=19722) to work on /home/airflow/.local/lib/python3.12/site-packages/airflow/example_dags/example_python_operator.py
[2026-05-12T06:04:59.841+0000] {processor.py:830} INFO - Processing file /home/airflow/.local/lib/python3.12/site-packages/airflow/example_dags/example_python_operator.py for tasks to queue
[2026-05-12T06:04:59.845+0000] {logging_mixin.py:188} INFO - [2026-05-12T06:04:59.843+0000] {dagbag.py:545} INFO - Filling up the DagBag from /home/airflow/.local/lib/python3.12/site-packages/airflow/example_dags/example_python_operator.py
[2026-05-12T06:04:59.872+0000] {processor.py:840} INFO - DAG(s) 'example_python_operator' retrieved from /home/airflow/.local/lib/python3.12/site-packages/airflow/example_dags/example_python_operator.py
[2026-05-12T06:04:59.920+0000] {logging_mixin.py:188} INFO - [2026-05-12T06:04:59.919+0000] {dag.py:3089} INFO - Sync 1 DAGs
[2026-05-12T06:04:59.938+0000] {logging_mixin.py:188} INFO - [2026-05-12T06:04:59.937+0000] {dag.py:3947} INFO - Setting next_dagrun for example_python_operator to None, run_after=None
[2026-05-12T06:04:59.972+0000] {processor.py:183} INFO - Processing /home/airflow/.local/lib/python3.12/site-packages/airflow/example_dags/example_python_operator.py took 0.147 seconds
[2026-05-12T06:05:30.679+0000] {processor.py:161} INFO - Started process (PID=19789) to work on /home/airflow/.local/lib/python3.12/site-packages/airflow/example_dags/example_python_operator.py
[2026-05-12T06:05:30.683+0000] {processor.py:830} INFO - Processing file /home/airflow/.local/lib/python3.12/site-packages/airflow/example_dags/example_python_operator.py for tasks to queue
[2026-05-12T06:05:30.687+0000] {logging_mixin.py:188} INFO - [2026-05-12T06:05:30.686+0000] {dagbag.py:545} INFO - Filling up the DagBag from /home/airflow/.local/lib/python3.12/site-packages/airflow/example_dags/example_python_operator.py
[2026-05-12T06:05:30.708+0000] {processor.py:840} INFO - DAG(s) 'example_python_operator' retrieved from /home/airflow/.local/lib/python3.12/site-packages/airflow/example_dags/example_python_operator.py
[2026-05-12T06:05:30.752+0000] {logging_mixin.py:188} INFO - [2026-05-12T06:05:30.751+0000] {dag.py:3089} INFO - Sync 1 DAGs
[2026-05-12T06:05:30.773+0000] {logging_mixin.py:188} INFO - [2026-05-12T06:05:30.772+0000] {dag.py:3947} INFO - Setting next_dagrun for example_python_operator to None, run_after=None
[2026-05-12T06:05:30.839+0000] {processor.py:183} INFO - Processing /home/airflow/.local/lib/python3.12/site-packages/airflow/example_dags/example_python_operator.py took 0.178 seconds
[2026-05-12T06:06:01.120+0000] {processor.py:161} INFO - Started process (PID=19857) to work on /home/airflow/.local/lib/python3.12/site-packages/airflow/example_dags/example_python_operator.py
[2026-05-12T06:06:01.121+0000] {processor.py:830} INFO - Processing file /home/airflow/.local/lib/python3.12/site-packages/airflow/example_dags/example_python_operator.py for tasks to queue
[2026-05-12T06:06:01.122+0000] {logging_mixin.py:188} INFO - [2026-05-12T06:06:01.122+0000] {dagbag.py:545} INFO - Filling up the DagBag from /home/airflow/.local/lib/python3.12/site-packages/airflow/example_dags/example_python_operator.py
[2026-05-12T06:06:01.138+0000] {processor.py:840} INFO - DAG(s) 'example_python_operator' retrieved from /home/airflow/.local/lib/python3.12/site-packages/airflow/example_dags/example_python_operator.py
[2026-05-12T06:06:01.178+0000] {logging_mixin.py:188} INFO - [2026-05-12T06:06:01.177+0000] {dag.py:3089} INFO - Sync 1 DAGs
[2026-05-12T06:06:01.199+0000] {logging_mixin.py:188} INFO - [2026-05-12T06:06:01.198+0000] {dag.py:3947} INFO - Setting next_dagrun for example_python_operator to None, run_after=None
[2026-05-12T06:06:01.257+0000] {processor.py:183} INFO - Processing /home/airflow/.local/lib/python3.12/site-packages/airflow/example_dags/example_python_operator.py took 0.146 seconds
[2026-05-12T06:06:31.938+0000] {processor.py:161} INFO - Started process (PID=19925) to work on /home/airflow/.local/lib/python3.12/site-packages/airflow/example_dags/example_python_operator.py
[2026-05-12T06:06:31.940+0000] {processor.py:830} INFO - Processing file /home/airflow/.local/lib/python3.12/site-packages/airflow/example_dags/example_python_operator.py for tasks to queue
[2026-05-12T06:06:31.942+0000] {logging_mixin.py:188} INFO - [2026-05-12T06:06:31.942+0000] {dagbag.py:545} INFO - Filling up the DagBag from /home/airflow/.local/lib/python3.12/site-packages/airflow/example_dags/example_python_operator.py
[2026-05-12T06:06:31.964+0000] {processor.py:840} INFO - DAG(s) 'example_python_operator' retrieved from /home/airflow/.local/lib/python3.12/site-packages/airflow/example_dags/example_python_operator.py
[2026-05-12T06:06:32.002+0000] {logging_mixin.py:188} INFO - [2026-05-12T06:06:32.002+0000] {dag.py:3089} INFO - Sync 1 DAGs
[2026-05-12T06:06:32.025+0000] {logging_mixin.py:188} INFO - [2026-05-12T06:06:32.025+0000] {dag.py:3947} INFO - Setting next_dagrun for example_python_operator to None, run_after=None
[2026-05-12T06:06:32.067+0000] {processor.py:183} INFO - Processing /home/airflow/.local/lib/python3.12/site-packages/airflow/example_dags/example_python_operator.py took 0.141 seconds
[2026-05-12T06:07:03.514+0000] {processor.py:161} INFO - Started process (PID=20000) to work on /home/airflow/.local/lib/python3.12/site-packages/airflow/example_dags/example_python_operator.py
[2026-05-12T06:07:03.516+0000] {processor.py:830} INFO - Processing file /home/airflow/.local/lib/python3.12/site-packages/airflow/example_dags/example_python_operator.py for tasks to queue
[2026-05-12T06:07:03.517+0000] {logging_mixin.py:188} INFO - [2026-05-12T06:07:03.517+0000] {dagbag.py:545} INFO - Filling up the DagBag from /home/airflow/.local/lib/python3.12/site-packages/airflow/example_dags/example_python_operator.py
[2026-05-12T06:07:03.534+0000] {processor.py:840} INFO - DAG(s) 'example_python_operator' retrieved from /home/airflow/.local/lib/python3.12/site-packages/airflow/example_dags/example_python_operator.py
[2026-05-12T06:07:03.574+0000] {logging_mixin.py:188} INFO - [2026-05-12T06:07:03.573+0000] {dag.py:3089} INFO - Sync 1 DAGs
[2026-05-12T06:07:03.825+0000] {logging_mixin.py:188} INFO - [2026-05-12T06:07:03.825+0000] {dag.py:3947} INFO - Setting next_dagrun for example_python_operator to None, run_after=None
[2026-05-12T06:07:03.885+0000] {processor.py:183} INFO - Processing /home/airflow/.local/lib/python3.12/site-packages/airflow/example_dags/example_python_operator.py took 0.380 seconds
[2026-05-12T06:07:33.967+0000] {processor.py:161} INFO - Started process (PID=20067) to work on /home/airflow/.local/lib/python3.12/site-packages/airflow/example_dags/example_python_operator.py
[2026-05-12T06:07:33.969+0000] {processor.py:830} INFO - Processing file /home/airflow/.local/lib/python3.12/site-packages/airflow/example_dags/example_python_operator.py for tasks to queue
[2026-05-12T06:07:33.971+0000] {logging_mixin.py:188} INFO - [2026-05-12T06:07:33.971+0000] {dagbag.py:545} INFO - Filling up the DagBag from /home/airflow/.local/lib/python3.12/site-packages/airflow/example_dags/example_python_operator.py
[2026-05-12T06:07:33.990+0000] {processor.py:840} INFO - DAG(s) 'example_python_operator' retrieved from /home/airflow/.local/lib/python3.12/site-packages/airflow/example_dags/example_python_operator.py
[2026-05-12T06:07:34.032+0000] {logging_mixin.py:188} INFO - [2026-05-12T06:07:34.032+0000] {dag.py:3089} INFO - Sync 1 DAGs
[2026-05-12T06:07:34.052+0000] {logging_mixin.py:188} INFO - [2026-05-12T06:07:34.052+0000] {dag.py:3947} INFO - Setting next_dagrun for example_python_operator to None, run_after=None
[2026-05-12T06:07:34.369+0000] {processor.py:183} INFO - Processing /home/airflow/.local/lib/python3.12/site-packages/airflow/example_dags/example_python_operator.py took 0.415 seconds
[2026-05-12T06:08:05.305+0000] {processor.py:161} INFO - Started process (PID=20135) to work on /home/airflow/.local/lib/python3.12/site-packages/airflow/example_dags/example_python_operator.py
[2026-05-12T06:08:05.310+0000] {processor.py:830} INFO - Processing file /home/airflow/.local/lib/python3.12/site-packages/airflow/example_dags/example_python_operator.py for tasks to queue
[2026-05-12T06:08:05.312+0000] {logging_mixin.py:188} INFO - [2026-05-12T06:08:05.311+0000] {dagbag.py:545} INFO - Filling up the DagBag from /home/airflow/.local/lib/python3.12/site-packages/airflow/example_dags/example_python_operator.py
[2026-05-12T06:08:05.350+0000] {processor.py:840} INFO - DAG(s) 'example_python_operator' retrieved from /home/airflow/.local/lib/python3.12/site-packages/airflow/example_dags/example_python_operator.py
[2026-05-12T06:08:05.410+0000] {logging_mixin.py:188} INFO - [2026-05-12T06:08:05.409+0000] {dag.py:3089} INFO - Sync 1 DAGs
[2026-05-12T06:08:05.435+0000] {logging_mixin.py:188} INFO - [2026-05-12T06:08:05.434+0000] {dag.py:3947} INFO - Setting next_dagrun for example_python_operator to None, run_after=None
[2026-05-12T06:08:05.506+0000] {processor.py:183} INFO - Processing /home/airflow/.local/lib/python3.12/site-packages/airflow/example_dags/example_python_operator.py took 0.217 seconds
[2026-05-12T06:08:36.807+0000] {processor.py:161} INFO - Started process (PID=20206) to work on /home/airflow/.local/lib/python3.12/site-packages/airflow/example_dags/example_python_operator.py
[2026-05-12T06:08:36.809+0000] {processor.py:830} INFO - Processing file /home/airflow/.local/lib/python3.12/site-packages/airflow/example_dags/example_python_operator.py for tasks to queue
[2026-05-12T06:08:36.811+0000] {logging_mixin.py:188} INFO - [2026-05-12T06:08:36.810+0000] {dagbag.py:545} INFO - Filling up the DagBag from /home/airflow/.local/lib/python3.12/site-packages/airflow/example_dags/example_python_operator.py
[2026-05-12T06:08:36.833+0000] {processor.py:840} INFO - DAG(s) 'example_python_operator' retrieved from /home/airflow/.local/lib/python3.12/site-packages/airflow/example_dags/example_python_operator.py
[2026-05-12T06:08:36.868+0000] {logging_mixin.py:188} INFO - [2026-05-12T06:08:36.867+0000] {dag.py:3089} INFO - Sync 1 DAGs
[2026-05-12T06:08:36.889+0000] {logging_mixin.py:188} INFO - [2026-05-12T06:08:36.888+0000] {dag.py:3947} INFO - Setting next_dagrun for example_python_operator to None, run_after=None
[2026-05-12T06:08:36.950+0000] {processor.py:183} INFO - Processing /home/airflow/.local/lib/python3.12/site-packages/airflow/example_dags/example_python_operator.py took 0.153 seconds
[2026-05-12T06:09:07.450+0000] {processor.py:161} INFO - Started process (PID=20275) to work on /home/airflow/.local/lib/python3.12/site-packages/airflow/example_dags/example_python_operator.py
[2026-05-12T06:09:07.452+0000] {processor.py:830} INFO - Processing file /home/airflow/.local/lib/python3.12/site-packages/airflow/example_dags/example_python_operator.py for tasks to queue
[2026-05-12T06:09:07.453+0000] {logging_mixin.py:188} INFO - [2026-05-12T06:09:07.453+0000] {dagbag.py:545} INFO - Filling up the DagBag from /home/airflow/.local/lib/python3.12/site-packages/airflow/example_dags/example_python_operator.py
[2026-05-12T06:09:07.469+0000] {processor.py:840} INFO - DAG(s) 'example_python_operator' retrieved from /home/airflow/.local/lib/python3.12/site-packages/airflow/example_dags/example_python_operator.py
[2026-05-12T06:09:07.511+0000] {logging_mixin.py:188} INFO - [2026-05-12T06:09:07.510+0000] {dag.py:3089} INFO - Sync 1 DAGs
[2026-05-12T06:09:07.532+0000] {logging_mixin.py:188} INFO - [2026-05-12T06:09:07.532+0000] {dag.py:3947} INFO - Setting next_dagrun for example_python_operator to None, run_after=None
[2026-05-12T06:09:07.600+0000] {processor.py:183} INFO - Processing /home/airflow/.local/lib/python3.12/site-packages/airflow/example_dags/example_python_operator.py took 0.161 seconds
[2026-05-12T06:09:37.920+0000] {processor.py:161} INFO - Started process (PID=20350) to work on /home/airflow/.local/lib/python3.12/site-packages/airflow/example_dags/example_python_operator.py
[2026-05-12T06:09:37.923+0000] {processor.py:830} INFO - Processing file /home/airflow/.local/lib/python3.12/site-packages/airflow/example_dags/example_python_operator.py for tasks to queue
[2026-05-12T06:09:37.926+0000] {logging_mixin.py:188} INFO - [2026-05-12T06:09:37.926+0000] {dagbag.py:545} INFO - Filling up the DagBag from /home/airflow/.local/lib/python3.12/site-packages/airflow/example_dags/example_python_operator.py
[2026-05-12T06:09:37.948+0000] {processor.py:840} INFO - DAG(s) 'example_python_operator' retrieved from /home/airflow/.local/lib/python3.12/site-packages/airflow/example_dags/example_python_operator.py
[2026-05-12T06:09:37.995+0000] {logging_mixin.py:188} INFO - [2026-05-12T06:09:37.995+0000] {dag.py:3089} INFO - Sync 1 DAGs
[2026-05-12T06:09:38.024+0000] {logging_mixin.py:188} INFO - [2026-05-12T06:09:38.024+0000] {dag.py:3947} INFO - Setting next_dagrun for example_python_operator to None, run_after=None
[2026-05-12T06:09:38.060+0000] {processor.py:183} INFO - Processing /home/airflow/.local/lib/python3.12/site-packages/airflow/example_dags/example_python_operator.py took 0.155 seconds
[2026-05-12T06:10:08.163+0000] {processor.py:161} INFO - Started process (PID=20418) to work on /home/airflow/.local/lib/python3.12/site-packages/airflow/example_dags/example_python_operator.py
[2026-05-12T06:10:08.166+0000] {processor.py:830} INFO - Processing file /home/airflow/.local/lib/python3.12/site-packages/airflow/example_dags/example_python_operator.py for tasks to queue
[2026-05-12T06:10:08.169+0000] {logging_mixin.py:188} INFO - [2026-05-12T06:10:08.168+0000] {dagbag.py:545} INFO - Filling up the DagBag from /home/airflow/.local/lib/python3.12/site-packages/airflow/example_dags/example_python_operator.py
[2026-05-12T06:10:08.188+0000] {processor.py:840} INFO - DAG(s) 'example_python_operator' retrieved from /home/airflow/.local/lib/python3.12/site-packages/airflow/example_dags/example_python_operator.py
[2026-05-12T06:10:08.239+0000] {logging_mixin.py:188} INFO - [2026-05-12T06:10:08.239+0000] {dag.py:3089} INFO - Sync 1 DAGs
[2026-05-12T06:10:08.267+0000] {logging_mixin.py:188} INFO - [2026-05-12T06:10:08.266+0000] {dag.py:3947} INFO - Setting next_dagrun for example_python_operator to None, run_after=None
[2026-05-12T06:10:08.311+0000] {processor.py:183} INFO - Processing /home/airflow/.local/lib/python3.12/site-packages/airflow/example_dags/example_python_operator.py took 0.157 seconds
[2026-05-12T06:10:38.828+0000] {processor.py:161} INFO - Started process (PID=20486) to work on /home/airflow/.local/lib/python3.12/site-packages/airflow/example_dags/example_python_operator.py
[2026-05-12T06:10:38.831+0000] {processor.py:830} INFO - Processing file /home/airflow/.local/lib/python3.12/site-packages/airflow/example_dags/example_python_operator.py for tasks to queue
[2026-05-12T06:10:38.834+0000] {logging_mixin.py:188} INFO - [2026-05-12T06:10:38.833+0000] {dagbag.py:545} INFO - Filling up the DagBag from /home/airflow/.local/lib/python3.12/site-packages/airflow/example_dags/example_python_operator.py
[2026-05-12T06:10:38.855+0000] {processor.py:840} INFO - DAG(s) 'example_python_operator' retrieved from /home/airflow/.local/lib/python3.12/site-packages/airflow/example_dags/example_python_operator.py
[2026-05-12T06:10:38.899+0000] {logging_mixin.py:188} INFO - [2026-05-12T06:10:38.898+0000] {dag.py:3089} INFO - Sync 1 DAGs
[2026-05-12T06:10:38.923+0000] {logging_mixin.py:188} INFO - [2026-05-12T06:10:38.923+0000] {dag.py:3947} INFO - Setting next_dagrun for example_python_operator to None, run_after=None
[2026-05-12T06:10:38.968+0000] {processor.py:183} INFO - Processing /home/airflow/.local/lib/python3.12/site-packages/airflow/example_dags/example_python_operator.py took 0.155 seconds
[2026-05-12T06:11:09.504+0000] {processor.py:161} INFO - Started process (PID=20554) to work on /home/airflow/.local/lib/python3.12/site-packages/airflow/example_dags/example_python_operator.py
[2026-05-12T06:11:09.506+0000] {processor.py:830} INFO - Processing file /home/airflow/.local/lib/python3.12/site-packages/airflow/example_dags/example_python_operator.py for tasks to queue
[2026-05-12T06:11:09.508+0000] {logging_mixin.py:188} INFO - [2026-05-12T06:11:09.508+0000] {dagbag.py:545} INFO - Filling up the DagBag from /home/airflow/.local/lib/python3.12/site-packages/airflow/example_dags/example_python_operator.py
[2026-05-12T06:11:09.523+0000] {processor.py:840} INFO - DAG(s) 'example_python_operator' retrieved from /home/airflow/.local/lib/python3.12/site-packages/airflow/example_dags/example_python_operator.py
[2026-05-12T06:11:09.556+0000] {logging_mixin.py:188} INFO - [2026-05-12T06:11:09.556+0000] {dag.py:3089} INFO - Sync 1 DAGs
[2026-05-12T06:11:09.576+0000] {logging_mixin.py:188} INFO - [2026-05-12T06:11:09.575+0000] {dag.py:3947} INFO - Setting next_dagrun for example_python_operator to None, run_after=None
[2026-05-12T06:11:09.608+0000] {processor.py:183} INFO - Processing /home/airflow/.local/lib/python3.12/site-packages/airflow/example_dags/example_python_operator.py took 0.114 seconds
[2026-05-12T06:11:39.855+0000] {processor.py:161} INFO - Started process (PID=20622) to work on /home/airflow/.local/lib/python3.12/site-packages/airflow/example_dags/example_python_operator.py
[2026-05-12T06:11:39.857+0000] {processor.py:830} INFO - Processing file /home/airflow/.local/lib/python3.12/site-packages/airflow/example_dags/example_python_operator.py for tasks to queue
[2026-05-12T06:11:39.859+0000] {logging_mixin.py:188} INFO - [2026-05-12T06:11:39.859+0000] {dagbag.py:545} INFO - Filling up the DagBag from /home/airflow/.local/lib/python3.12/site-packages/airflow/example_dags/example_python_operator.py
[2026-05-12T06:11:39.880+0000] {processor.py:840} INFO - DAG(s) 'example_python_operator' retrieved from /home/airflow/.local/lib/python3.12/site-packages/airflow/example_dags/example_python_operator.py
[2026-05-12T06:11:39.924+0000] {logging_mixin.py:188} INFO - [2026-05-12T06:11:39.924+0000] {dag.py:3089} INFO - Sync 1 DAGs
[2026-05-12T06:11:39.943+0000] {logging_mixin.py:188} INFO - [2026-05-12T06:11:39.943+0000] {dag.py:3947} INFO - Setting next_dagrun for example_python_operator to None, run_after=None
[2026-05-12T06:11:39.984+0000] {processor.py:183} INFO - Processing /home/airflow/.local/lib/python3.12/site-packages/airflow/example_dags/example_python_operator.py took 0.140 seconds
[2026-05-12T06:12:10.358+0000] {processor.py:161} INFO - Started process (PID=20690) to work on /home/airflow/.local/lib/python3.12/site-packages/airflow/example_dags/example_python_operator.py
[2026-05-12T06:12:10.360+0000] {processor.py:830} INFO - Processing file /home/airflow/.local/lib/python3.12/site-packages/airflow/example_dags/example_python_operator.py for tasks to queue
[2026-05-12T06:12:10.363+0000] {logging_mixin.py:188} INFO - [2026-05-12T06:12:10.362+0000] {dagbag.py:545} INFO - Filling up the DagBag from /home/airflow/.local/lib/python3.12/site-packages/airflow/example_dags/example_python_operator.py
[2026-05-12T06:12:10.388+0000] {processor.py:840} INFO - DAG(s) 'example_python_operator' retrieved from /home/airflow/.local/lib/python3.12/site-packages/airflow/example_dags/example_python_operator.py
[2026-05-12T06:12:10.435+0000] {logging_mixin.py:188} INFO - [2026-05-12T06:12:10.434+0000] {dag.py:3089} INFO - Sync 1 DAGs
[2026-05-12T06:12:10.451+0000] {logging_mixin.py:188} INFO - [2026-05-12T06:12:10.451+0000] {dag.py:3947} INFO - Setting next_dagrun for example_python_operator to None, run_after=None
[2026-05-12T06:12:10.480+0000] {processor.py:183} INFO - Processing /home/airflow/.local/lib/python3.12/site-packages/airflow/example_dags/example_python_operator.py took 0.135 seconds
[2026-05-12T06:12:40.700+0000] {processor.py:161} INFO - Started process (PID=20764) to work on /home/airflow/.local/lib/python3.12/site-packages/airflow/example_dags/example_python_operator.py
[2026-05-12T06:12:40.701+0000] {processor.py:830} INFO - Processing file /home/airflow/.local/lib/python3.12/site-packages/airflow/example_dags/example_python_operator.py for tasks to queue
[2026-05-12T06:12:40.703+0000] {logging_mixin.py:188} INFO - [2026-05-12T06:12:40.703+0000] {dagbag.py:545} INFO - Filling up the DagBag from /home/airflow/.local/lib/python3.12/site-packages/airflow/example_dags/example_python_operator.py
[2026-05-12T06:12:40.721+0000] {processor.py:840} INFO - DAG(s) 'example_python_operator' retrieved from /home/airflow/.local/lib/python3.12/site-packages/airflow/example_dags/example_python_operator.py
[2026-05-12T06:12:40.761+0000] {logging_mixin.py:188} INFO - [2026-05-12T06:12:40.760+0000] {dag.py:3089} INFO - Sync 1 DAGs
[2026-05-12T06:12:40.778+0000] {logging_mixin.py:188} INFO - [2026-05-12T06:12:40.777+0000] {dag.py:3947} INFO - Setting next_dagrun for example_python_operator to None, run_after=None
[2026-05-12T06:12:40.839+0000] {processor.py:183} INFO - Processing /home/airflow/.local/lib/python3.12/site-packages/airflow/example_dags/example_python_operator.py took 0.153 seconds
[2026-05-12T06:13:11.005+0000] {processor.py:161} INFO - Started process (PID=20832) to work on /home/airflow/.local/lib/python3.12/site-packages/airflow/example_dags/example_python_operator.py
[2026-05-12T06:13:11.006+0000] {processor.py:830} INFO - Processing file /home/airflow/.local/lib/python3.12/site-packages/airflow/example_dags/example_python_operator.py for tasks to queue
[2026-05-12T06:13:11.007+0000] {logging_mixin.py:188} INFO - [2026-05-12T06:13:11.007+0000] {dagbag.py:545} INFO - Filling up the DagBag from /home/airflow/.local/lib/python3.12/site-packages/airflow/example_dags/example_python_operator.py
[2026-05-12T06:13:11.025+0000] {processor.py:840} INFO - DAG(s) 'example_python_operator' retrieved from /home/airflow/.local/lib/python3.12/site-packages/airflow/example_dags/example_python_operator.py
[2026-05-12T06:13:11.059+0000] {logging_mixin.py:188} INFO - [2026-05-12T06:13:11.059+0000] {dag.py:3089} INFO - Sync 1 DAGs
[2026-05-12T06:13:11.077+0000] {logging_mixin.py:188} INFO - [2026-05-12T06:13:11.077+0000] {dag.py:3947} INFO - Setting next_dagrun for example_python_operator to None, run_after=None
[2026-05-12T06:13:11.112+0000] {processor.py:183} INFO - Processing /home/airflow/.local/lib/python3.12/site-packages/airflow/example_dags/example_python_operator.py took 0.117 seconds
[2026-05-12T06:13:41.853+0000] {processor.py:161} INFO - Started process (PID=20900) to work on /home/airflow/.local/lib/python3.12/site-packages/airflow/example_dags/example_python_operator.py
[2026-05-12T06:13:41.855+0000] {processor.py:830} INFO - Processing file /home/airflow/.local/lib/python3.12/site-packages/airflow/example_dags/example_python_operator.py for tasks to queue
[2026-05-12T06:13:41.857+0000] {logging_mixin.py:188} INFO - [2026-05-12T06:13:41.856+0000] {dagbag.py:545} INFO - Filling up the DagBag from /home/airflow/.local/lib/python3.12/site-packages/airflow/example_dags/example_python_operator.py
[2026-05-12T06:13:41.872+0000] {processor.py:840} INFO - DAG(s) 'example_python_operator' retrieved from /home/airflow/.local/lib/python3.12/site-packages/airflow/example_dags/example_python_operator.py
[2026-05-12T06:13:41.908+0000] {logging_mixin.py:188} INFO - [2026-05-12T06:13:41.907+0000] {dag.py:3089} INFO - Sync 1 DAGs
[2026-05-12T06:13:41.925+0000] {logging_mixin.py:188} INFO - [2026-05-12T06:13:41.925+0000] {dag.py:3947} INFO - Setting next_dagrun for example_python_operator to None, run_after=None
[2026-05-12T06:13:41.967+0000] {processor.py:183} INFO - Processing /home/airflow/.local/lib/python3.12/site-packages/airflow/example_dags/example_python_operator.py took 0.123 seconds
[2026-05-12T06:14:12.284+0000] {processor.py:161} INFO - Started process (PID=20967) to work on /home/airflow/.local/lib/python3.12/site-packages/airflow/example_dags/example_python_operator.py
[2026-05-12T06:14:12.286+0000] {processor.py:830} INFO - Processing file /home/airflow/.local/lib/python3.12/site-packages/airflow/example_dags/example_python_operator.py for tasks to queue
[2026-05-12T06:14:12.287+0000] {logging_mixin.py:188} INFO - [2026-05-12T06:14:12.287+0000] {dagbag.py:545} INFO - Filling up the DagBag from /home/airflow/.local/lib/python3.12/site-packages/airflow/example_dags/example_python_operator.py
[2026-05-12T06:14:12.307+0000] {processor.py:840} INFO - DAG(s) 'example_python_operator' retrieved from /home/airflow/.local/lib/python3.12/site-packages/airflow/example_dags/example_python_operator.py
[2026-05-12T06:14:12.344+0000] {logging_mixin.py:188} INFO - [2026-05-12T06:14:12.343+0000] {dag.py:3089} INFO - Sync 1 DAGs
[2026-05-12T06:14:12.364+0000] {logging_mixin.py:188} INFO - [2026-05-12T06:14:12.364+0000] {dag.py:3947} INFO - Setting next_dagrun for example_python_operator to None, run_after=None
[2026-05-12T06:14:12.395+0000] {processor.py:183} INFO - Processing /home/airflow/.local/lib/python3.12/site-packages/airflow/example_dags/example_python_operator.py took 0.122 seconds
[2026-05-12T06:14:43.169+0000] {processor.py:161} INFO - Started process (PID=21035) to work on /home/airflow/.local/lib/python3.12/site-packages/airflow/example_dags/example_python_operator.py
[2026-05-12T06:14:43.172+0000] {processor.py:830} INFO - Processing file /home/airflow/.local/lib/python3.12/site-packages/airflow/example_dags/example_python_operator.py for tasks to queue
[2026-05-12T06:14:43.174+0000] {logging_mixin.py:188} INFO - [2026-05-12T06:14:43.174+0000] {dagbag.py:545} INFO - Filling up the DagBag from /home/airflow/.local/lib/python3.12/site-packages/airflow/example_dags/example_python_operator.py
[2026-05-12T06:14:43.195+0000] {processor.py:840} INFO - DAG(s) 'example_python_operator' retrieved from /home/airflow/.local/lib/python3.12/site-packages/airflow/example_dags/example_python_operator.py
[2026-05-12T06:14:43.243+0000] {logging_mixin.py:188} INFO - [2026-05-12T06:14:43.242+0000] {dag.py:3089} INFO - Sync 1 DAGs
[2026-05-12T06:14:43.268+0000] {logging_mixin.py:188} INFO - [2026-05-12T06:14:43.268+0000] {dag.py:3947} INFO - Setting next_dagrun for example_python_operator to None, run_after=None
[2026-05-12T06:14:43.335+0000] {processor.py:183} INFO - Processing /home/airflow/.local/lib/python3.12/site-packages/airflow/example_dags/example_python_operator.py took 0.178 seconds
[2026-05-12T06:15:13.866+0000] {processor.py:161} INFO - Started process (PID=21110) to work on /home/airflow/.local/lib/python3.12/site-packages/airflow/example_dags/example_python_operator.py
[2026-05-12T06:15:13.868+0000] {processor.py:830} INFO - Processing file /home/airflow/.local/lib/python3.12/site-packages/airflow/example_dags/example_python_operator.py for tasks to queue
[2026-05-12T06:15:13.870+0000] {logging_mixin.py:188} INFO - [2026-05-12T06:15:13.869+0000] {dagbag.py:545} INFO - Filling up the DagBag from /home/airflow/.local/lib/python3.12/site-packages/airflow/example_dags/example_python_operator.py
[2026-05-12T06:15:13.890+0000] {processor.py:840} INFO - DAG(s) 'example_python_operator' retrieved from /home/airflow/.local/lib/python3.12/site-packages/airflow/example_dags/example_python_operator.py
[2026-05-12T06:15:13.929+0000] {logging_mixin.py:188} INFO - [2026-05-12T06:15:13.929+0000] {dag.py:3089} INFO - Sync 1 DAGs
[2026-05-12T06:15:13.948+0000] {logging_mixin.py:188} INFO - [2026-05-12T06:15:13.948+0000] {dag.py:3947} INFO - Setting next_dagrun for example_python_operator to None, run_after=None
[2026-05-12T06:15:14.009+0000] {processor.py:183} INFO - Processing /home/airflow/.local/lib/python3.12/site-packages/airflow/example_dags/example_python_operator.py took 0.154 seconds
[2026-05-12T06:15:44.794+0000] {processor.py:161} INFO - Started process (PID=21178) to work on /home/airflow/.local/lib/python3.12/site-packages/airflow/example_dags/example_python_operator.py
[2026-05-12T06:15:44.796+0000] {processor.py:830} INFO - Processing file /home/airflow/.local/lib/python3.12/site-packages/airflow/example_dags/example_python_operator.py for tasks to queue
[2026-05-12T06:15:44.799+0000] {logging_mixin.py:188} INFO - [2026-05-12T06:15:44.798+0000] {dagbag.py:545} INFO - Filling up the DagBag from /home/airflow/.local/lib/python3.12/site-packages/airflow/example_dags/example_python_operator.py
[2026-05-12T06:15:44.821+0000] {processor.py:840} INFO - DAG(s) 'example_python_operator' retrieved from /home/airflow/.local/lib/python3.12/site-packages/airflow/example_dags/example_python_operator.py
[2026-05-12T06:15:44.865+0000] {logging_mixin.py:188} INFO - [2026-05-12T06:15:44.865+0000] {dag.py:3089} INFO - Sync 1 DAGs
[2026-05-12T06:15:44.889+0000] {logging_mixin.py:188} INFO - [2026-05-12T06:15:44.888+0000] {dag.py:3947} INFO - Setting next_dagrun for example_python_operator to None, run_after=None
[2026-05-12T06:15:44.946+0000] {processor.py:183} INFO - Processing /home/airflow/.local/lib/python3.12/site-packages/airflow/example_dags/example_python_operator.py took 0.162 seconds
[2026-05-12T06:16:16.558+0000] {processor.py:161} INFO - Started process (PID=21245) to work on /home/airflow/.local/lib/python3.12/site-packages/airflow/example_dags/example_python_operator.py
[2026-05-12T06:16:16.561+0000] {processor.py:830} INFO - Processing file /home/airflow/.local/lib/python3.12/site-packages/airflow/example_dags/example_python_operator.py for tasks to queue
[2026-05-12T06:16:16.563+0000] {logging_mixin.py:188} INFO - [2026-05-12T06:16:16.562+0000] {dagbag.py:545} INFO - Filling up the DagBag from /home/airflow/.local/lib/python3.12/site-packages/airflow/example_dags/example_python_operator.py
[2026-05-12T06:16:16.580+0000] {processor.py:840} INFO - DAG(s) 'example_python_operator' retrieved from /home/airflow/.local/lib/python3.12/site-packages/airflow/example_dags/example_python_operator.py
[2026-05-12T06:16:16.623+0000] {logging_mixin.py:188} INFO - [2026-05-12T06:16:16.623+0000] {dag.py:3089} INFO - Sync 1 DAGs
[2026-05-12T06:16:16.644+0000] {logging_mixin.py:188} INFO - [2026-05-12T06:16:16.644+0000] {dag.py:3947} INFO - Setting next_dagrun for example_python_operator to None, run_after=None
[2026-05-12T06:16:16.706+0000] {processor.py:183} INFO - Processing /home/airflow/.local/lib/python3.12/site-packages/airflow/example_dags/example_python_operator.py took 0.159 seconds
[2026-05-12T06:16:47.685+0000] {processor.py:161} INFO - Started process (PID=21316) to work on /home/airflow/.local/lib/python3.12/site-packages/airflow/example_dags/example_python_operator.py
[2026-05-12T06:16:47.688+0000] {processor.py:830} INFO - Processing file /home/airflow/.local/lib/python3.12/site-packages/airflow/example_dags/example_python_operator.py for tasks to queue
[2026-05-12T06:16:47.689+0000] {logging_mixin.py:188} INFO - [2026-05-12T06:16:47.688+0000] {dagbag.py:545} INFO - Filling up the DagBag from /home/airflow/.local/lib/python3.12/site-packages/airflow/example_dags/example_python_operator.py
[2026-05-12T06:16:47.705+0000] {processor.py:840} INFO - DAG(s) 'example_python_operator' retrieved from /home/airflow/.local/lib/python3.12/site-packages/airflow/example_dags/example_python_operator.py
[2026-05-12T06:16:47.743+0000] {logging_mixin.py:188} INFO - [2026-05-12T06:16:47.742+0000] {dag.py:3089} INFO - Sync 1 DAGs
[2026-05-12T06:16:47.765+0000] {logging_mixin.py:188} INFO - [2026-05-12T06:16:47.764+0000] {dag.py:3947} INFO - Setting next_dagrun for example_python_operator to None, run_after=None
[2026-05-12T06:16:47.804+0000] {processor.py:183} INFO - Processing /home/airflow/.local/lib/python3.12/site-packages/airflow/example_dags/example_python_operator.py took 0.127 seconds
[2026-05-12T06:17:18.501+0000] {processor.py:161} INFO - Started process (PID=21385) to work on /home/airflow/.local/lib/python3.12/site-packages/airflow/example_dags/example_python_operator.py
[2026-05-12T06:17:18.503+0000] {processor.py:830} INFO - Processing file /home/airflow/.local/lib/python3.12/site-packages/airflow/example_dags/example_python_operator.py for tasks to queue
[2026-05-12T06:17:18.505+0000] {logging_mixin.py:188} INFO - [2026-05-12T06:17:18.505+0000] {dagbag.py:545} INFO - Filling up the DagBag from /home/airflow/.local/lib/python3.12/site-packages/airflow/example_dags/example_python_operator.py
[2026-05-12T06:17:18.521+0000] {processor.py:840} INFO - DAG(s) 'example_python_operator' retrieved from /home/airflow/.local/lib/python3.12/site-packages/airflow/example_dags/example_python_operator.py
[2026-05-12T06:17:18.558+0000] {logging_mixin.py:188} INFO - [2026-05-12T06:17:18.558+0000] {dag.py:3089} INFO - Sync 1 DAGs
[2026-05-12T06:17:18.578+0000] {logging_mixin.py:188} INFO - [2026-05-12T06:17:18.577+0000] {dag.py:3947} INFO - Setting next_dagrun for example_python_operator to None, run_after=None
[2026-05-12T06:17:18.647+0000] {processor.py:183} INFO - Processing /home/airflow/.local/lib/python3.12/site-packages/airflow/example_dags/example_python_operator.py took 0.160 seconds
[2026-05-12T06:17:50.011+0000] {processor.py:161} INFO - Started process (PID=21464) to work on /home/airflow/.local/lib/python3.12/site-packages/airflow/example_dags/example_python_operator.py
[2026-05-12T06:17:50.014+0000] {processor.py:830} INFO - Processing file /home/airflow/.local/lib/python3.12/site-packages/airflow/example_dags/example_python_operator.py for tasks to queue
[2026-05-12T06:17:50.015+0000] {logging_mixin.py:188} INFO - [2026-05-12T06:17:50.015+0000] {dagbag.py:545} INFO - Filling up the DagBag from /home/airflow/.local/lib/python3.12/site-packages/airflow/example_dags/example_python_operator.py
[2026-05-12T06:17:50.036+0000] {processor.py:840} INFO - DAG(s) 'example_python_operator' retrieved from /home/airflow/.local/lib/python3.12/site-packages/airflow/example_dags/example_python_operator.py
[2026-05-12T06:17:50.083+0000] {logging_mixin.py:188} INFO - [2026-05-12T06:17:50.082+0000] {dag.py:3089} INFO - Sync 1 DAGs
[2026-05-12T06:17:50.100+0000] {logging_mixin.py:188} INFO - [2026-05-12T06:17:50.100+0000] {dag.py:3947} INFO - Setting next_dagrun for example_python_operator to None, run_after=None
[2026-05-12T06:17:50.140+0000] {processor.py:183} INFO - Processing /home/airflow/.local/lib/python3.12/site-packages/airflow/example_dags/example_python_operator.py took 0.139 seconds
[2026-05-12T06:18:21.396+0000] {processor.py:161} INFO - Started process (PID=21532) to work on /home/airflow/.local/lib/python3.12/site-packages/airflow/example_dags/example_python_operator.py
[2026-05-12T06:18:21.399+0000] {processor.py:830} INFO - Processing file /home/airflow/.local/lib/python3.12/site-packages/airflow/example_dags/example_python_operator.py for tasks to queue
[2026-05-12T06:18:21.401+0000] {logging_mixin.py:188} INFO - [2026-05-12T06:18:21.400+0000] {dagbag.py:545} INFO - Filling up the DagBag from /home/airflow/.local/lib/python3.12/site-packages/airflow/example_dags/example_python_operator.py
[2026-05-12T06:18:21.425+0000] {processor.py:840} INFO - DAG(s) 'example_python_operator' retrieved from /home/airflow/.local/lib/python3.12/site-packages/airflow/example_dags/example_python_operator.py
[2026-05-12T06:18:21.468+0000] {logging_mixin.py:188} INFO - [2026-05-12T06:18:21.468+0000] {dag.py:3089} INFO - Sync 1 DAGs
[2026-05-12T06:18:21.492+0000] {logging_mixin.py:188} INFO - [2026-05-12T06:18:21.492+0000] {dag.py:3947} INFO - Setting next_dagrun for example_python_operator to None, run_after=None
[2026-05-12T06:18:21.532+0000] {processor.py:183} INFO - Processing /home/airflow/.local/lib/python3.12/site-packages/airflow/example_dags/example_python_operator.py took 0.152 seconds
[2026-05-12T06:18:52.280+0000] {processor.py:161} INFO - Started process (PID=21601) to work on /home/airflow/.local/lib/python3.12/site-packages/airflow/example_dags/example_python_operator.py
[2026-05-12T06:18:52.283+0000] {processor.py:830} INFO - Processing file /home/airflow/.local/lib/python3.12/site-packages/airflow/example_dags/example_python_operator.py for tasks to queue
[2026-05-12T06:18:52.284+0000] {logging_mixin.py:188} INFO - [2026-05-12T06:18:52.284+0000] {dagbag.py:545} INFO - Filling up the DagBag from /home/airflow/.local/lib/python3.12/site-packages/airflow/example_dags/example_python_operator.py
[2026-05-12T06:18:52.302+0000] {processor.py:840} INFO - DAG(s) 'example_python_operator' retrieved from /home/airflow/.local/lib/python3.12/site-packages/airflow/example_dags/example_python_operator.py
[2026-05-12T06:18:52.338+0000] {logging_mixin.py:188} INFO - [2026-05-12T06:18:52.337+0000] {dag.py:3089} INFO - Sync 1 DAGs
[2026-05-12T06:18:52.357+0000] {logging_mixin.py:188} INFO - [2026-05-12T06:18:52.356+0000] {dag.py:3947} INFO - Setting next_dagrun for example_python_operator to None, run_after=None
[2026-05-12T06:18:52.419+0000] {processor.py:183} INFO - Processing /home/airflow/.local/lib/python3.12/site-packages/airflow/example_dags/example_python_operator.py took 0.149 seconds
[2026-05-12T06:19:23.291+0000] {processor.py:161} INFO - Started process (PID=21669) to work on /home/airflow/.local/lib/python3.12/site-packages/airflow/example_dags/example_python_operator.py
[2026-05-12T06:19:23.293+0000] {processor.py:830} INFO - Processing file /home/airflow/.local/lib/python3.12/site-packages/airflow/example_dags/example_python_operator.py for tasks to queue
[2026-05-12T06:19:23.294+0000] {logging_mixin.py:188} INFO - [2026-05-12T06:19:23.294+0000] {dagbag.py:545} INFO - Filling up the DagBag from /home/airflow/.local/lib/python3.12/site-packages/airflow/example_dags/example_python_operator.py
[2026-05-12T06:19:23.310+0000] {processor.py:840} INFO - DAG(s) 'example_python_operator' retrieved from /home/airflow/.local/lib/python3.12/site-packages/airflow/example_dags/example_python_operator.py
[2026-05-12T06:19:23.347+0000] {logging_mixin.py:188} INFO - [2026-05-12T06:19:23.346+0000] {dag.py:3089} INFO - Sync 1 DAGs
[2026-05-12T06:19:23.365+0000] {logging_mixin.py:188} INFO - [2026-05-12T06:19:23.364+0000] {dag.py:3947} INFO - Setting next_dagrun for example_python_operator to None, run_after=None
[2026-05-12T06:19:23.399+0000] {processor.py:183} INFO - Processing /home/airflow/.local/lib/python3.12/site-packages/airflow/example_dags/example_python_operator.py took 0.123 seconds
[2026-05-12T06:19:53.669+0000] {processor.py:161} INFO - Started process (PID=21744) to work on /home/airflow/.local/lib/python3.12/site-packages/airflow/example_dags/example_python_operator.py
[2026-05-12T06:19:53.672+0000] {processor.py:830} INFO - Processing file /home/airflow/.local/lib/python3.12/site-packages/airflow/example_dags/example_python_operator.py for tasks to queue
[2026-05-12T06:19:53.674+0000] {logging_mixin.py:188} INFO - [2026-05-12T06:19:53.674+0000] {dagbag.py:545} INFO - Filling up the DagBag from /home/airflow/.local/lib/python3.12/site-packages/airflow/example_dags/example_python_operator.py
[2026-05-12T06:19:53.698+0000] {processor.py:840} INFO - DAG(s) 'example_python_operator' retrieved from /home/airflow/.local/lib/python3.12/site-packages/airflow/example_dags/example_python_operator.py
[2026-05-12T06:19:53.739+0000] {logging_mixin.py:188} INFO - [2026-05-12T06:19:53.739+0000] {dag.py:3089} INFO - Sync 1 DAGs
[2026-05-12T06:19:53.758+0000] {logging_mixin.py:188} INFO - [2026-05-12T06:19:53.757+0000] {dag.py:3947} INFO - Setting next_dagrun for example_python_operator to None, run_after=None
[2026-05-12T06:19:53.818+0000] {processor.py:183} INFO - Processing /home/airflow/.local/lib/python3.12/site-packages/airflow/example_dags/example_python_operator.py took 0.158 seconds
[2026-05-12T06:20:24.250+0000] {processor.py:161} INFO - Started process (PID=21813) to work on /home/airflow/.local/lib/python3.12/site-packages/airflow/example_dags/example_python_operator.py
[2026-05-12T06:20:24.252+0000] {processor.py:830} INFO - Processing file /home/airflow/.local/lib/python3.12/site-packages/airflow/example_dags/example_python_operator.py for tasks to queue
[2026-05-12T06:20:24.253+0000] {logging_mixin.py:188} INFO - [2026-05-12T06:20:24.253+0000] {dagbag.py:545} INFO - Filling up the DagBag from /home/airflow/.local/lib/python3.12/site-packages/airflow/example_dags/example_python_operator.py
[2026-05-12T06:20:24.268+0000] {processor.py:840} INFO - DAG(s) 'example_python_operator' retrieved from /home/airflow/.local/lib/python3.12/site-packages/airflow/example_dags/example_python_operator.py
[2026-05-12T06:20:24.301+0000] {logging_mixin.py:188} INFO - [2026-05-12T06:20:24.301+0000] {dag.py:3089} INFO - Sync 1 DAGs
[2026-05-12T06:20:24.325+0000] {logging_mixin.py:188} INFO - [2026-05-12T06:20:24.325+0000] {dag.py:3947} INFO - Setting next_dagrun for example_python_operator to None, run_after=None
[2026-05-12T06:20:24.394+0000] {processor.py:183} INFO - Processing /home/airflow/.local/lib/python3.12/site-packages/airflow/example_dags/example_python_operator.py took 0.153 seconds
[2026-05-12T06:20:54.928+0000] {processor.py:161} INFO - Started process (PID=21881) to work on /home/airflow/.local/lib/python3.12/site-packages/airflow/example_dags/example_python_operator.py
[2026-05-12T06:20:54.931+0000] {processor.py:830} INFO - Processing file /home/airflow/.local/lib/python3.12/site-packages/airflow/example_dags/example_python_operator.py for tasks to queue
[2026-05-12T06:20:54.933+0000] {logging_mixin.py:188} INFO - [2026-05-12T06:20:54.932+0000] {dagbag.py:545} INFO - Filling up the DagBag from /home/airflow/.local/lib/python3.12/site-packages/airflow/example_dags/example_python_operator.py
[2026-05-12T06:20:54.950+0000] {processor.py:840} INFO - DAG(s) 'example_python_operator' retrieved from /home/airflow/.local/lib/python3.12/site-packages/airflow/example_dags/example_python_operator.py
[2026-05-12T06:20:54.993+0000] {logging_mixin.py:188} INFO - [2026-05-12T06:20:54.992+0000] {dag.py:3089} INFO - Sync 1 DAGs
[2026-05-12T06:20:55.014+0000] {logging_mixin.py:188} INFO - [2026-05-12T06:20:55.014+0000] {dag.py:3947} INFO - Setting next_dagrun for example_python_operator to None, run_after=None
[2026-05-12T06:20:55.051+0000] {processor.py:183} INFO - Processing /home/airflow/.local/lib/python3.12/site-packages/airflow/example_dags/example_python_operator.py took 0.133 seconds
[2026-05-12T06:21:25.303+0000] {processor.py:161} INFO - Started process (PID=21948) to work on /home/airflow/.local/lib/python3.12/site-packages/airflow/example_dags/example_python_operator.py
[2026-05-12T06:21:25.307+0000] {processor.py:830} INFO - Processing file /home/airflow/.local/lib/python3.12/site-packages/airflow/example_dags/example_python_operator.py for tasks to queue
[2026-05-12T06:21:25.314+0000] {logging_mixin.py:188} INFO - [2026-05-12T06:21:25.314+0000] {dagbag.py:545} INFO - Filling up the DagBag from /home/airflow/.local/lib/python3.12/site-packages/airflow/example_dags/example_python_operator.py
[2026-05-12T06:21:25.331+0000] {processor.py:840} INFO - DAG(s) 'example_python_operator' retrieved from /home/airflow/.local/lib/python3.12/site-packages/airflow/example_dags/example_python_operator.py
[2026-05-12T06:21:25.364+0000] {logging_mixin.py:188} INFO - [2026-05-12T06:21:25.364+0000] {dag.py:3089} INFO - Sync 1 DAGs
[2026-05-12T06:21:25.381+0000] {logging_mixin.py:188} INFO - [2026-05-12T06:21:25.380+0000] {dag.py:3947} INFO - Setting next_dagrun for example_python_operator to None, run_after=None
[2026-05-12T06:21:25.413+0000] {processor.py:183} INFO - Processing /home/airflow/.local/lib/python3.12/site-packages/airflow/example_dags/example_python_operator.py took 0.119 seconds
[2026-05-12T06:21:55.835+0000] {processor.py:161} INFO - Started process (PID=22016) to work on /home/airflow/.local/lib/python3.12/site-packages/airflow/example_dags/example_python_operator.py
[2026-05-12T06:21:55.837+0000] {processor.py:830} INFO - Processing file /home/airflow/.local/lib/python3.12/site-packages/airflow/example_dags/example_python_operator.py for tasks to queue
[2026-05-12T06:21:55.840+0000] {logging_mixin.py:188} INFO - [2026-05-12T06:21:55.839+0000] {dagbag.py:545} INFO - Filling up the DagBag from /home/airflow/.local/lib/python3.12/site-packages/airflow/example_dags/example_python_operator.py
[2026-05-12T06:21:55.869+0000] {processor.py:840} INFO - DAG(s) 'example_python_operator' retrieved from /home/airflow/.local/lib/python3.12/site-packages/airflow/example_dags/example_python_operator.py
[2026-05-12T06:21:55.925+0000] {logging_mixin.py:188} INFO - [2026-05-12T06:21:55.924+0000] {dag.py:3089} INFO - Sync 1 DAGs
[2026-05-12T06:21:55.945+0000] {logging_mixin.py:188} INFO - [2026-05-12T06:21:55.945+0000] {dag.py:3947} INFO - Setting next_dagrun for example_python_operator to None, run_after=None
[2026-05-12T06:21:56.014+0000] {processor.py:183} INFO - Processing /home/airflow/.local/lib/python3.12/site-packages/airflow/example_dags/example_python_operator.py took 0.189 seconds
[2026-05-12T06:22:26.611+0000] {processor.py:161} INFO - Started process (PID=22084) to work on /home/airflow/.local/lib/python3.12/site-packages/airflow/example_dags/example_python_operator.py
[2026-05-12T06:22:26.612+0000] {processor.py:830} INFO - Processing file /home/airflow/.local/lib/python3.12/site-packages/airflow/example_dags/example_python_operator.py for tasks to queue
[2026-05-12T06:22:26.615+0000] {logging_mixin.py:188} INFO - [2026-05-12T06:22:26.614+0000] {dagbag.py:545} INFO - Filling up the DagBag from /home/airflow/.local/lib/python3.12/site-packages/airflow/example_dags/example_python_operator.py
[2026-05-12T06:22:26.636+0000] {processor.py:840} INFO - DAG(s) 'example_python_operator' retrieved from /home/airflow/.local/lib/python3.12/site-packages/airflow/example_dags/example_python_operator.py
[2026-05-12T06:22:26.678+0000] {logging_mixin.py:188} INFO - [2026-05-12T06:22:26.677+0000] {dag.py:3089} INFO - Sync 1 DAGs
[2026-05-12T06:22:26.697+0000] {logging_mixin.py:188} INFO - [2026-05-12T06:22:26.696+0000] {dag.py:3947} INFO - Setting next_dagrun for example_python_operator to None, run_after=None
[2026-05-12T06:22:26.734+0000] {processor.py:183} INFO - Processing /home/airflow/.local/lib/python3.12/site-packages/airflow/example_dags/example_python_operator.py took 0.134 seconds
[2026-05-12T06:22:56.981+0000] {processor.py:161} INFO - Started process (PID=22159) to work on /home/airflow/.local/lib/python3.12/site-packages/airflow/example_dags/example_python_operator.py
[2026-05-12T06:22:56.983+0000] {processor.py:830} INFO - Processing file /home/airflow/.local/lib/python3.12/site-packages/airflow/example_dags/example_python_operator.py for tasks to queue
[2026-05-12T06:22:56.985+0000] {logging_mixin.py:188} INFO - [2026-05-12T06:22:56.984+0000] {dagbag.py:545} INFO - Filling up the DagBag from /home/airflow/.local/lib/python3.12/site-packages/airflow/example_dags/example_python_operator.py
[2026-05-12T06:22:57.008+0000] {processor.py:840} INFO - DAG(s) 'example_python_operator' retrieved from /home/airflow/.local/lib/python3.12/site-packages/airflow/example_dags/example_python_operator.py
[2026-05-12T06:22:57.043+0000] {logging_mixin.py:188} INFO - [2026-05-12T06:22:57.043+0000] {dag.py:3089} INFO - Sync 1 DAGs
[2026-05-12T06:22:57.062+0000] {logging_mixin.py:188} INFO - [2026-05-12T06:22:57.062+0000] {dag.py:3947} INFO - Setting next_dagrun for example_python_operator to None, run_after=None
[2026-05-12T06:22:57.125+0000] {processor.py:183} INFO - Processing /home/airflow/.local/lib/python3.12/site-packages/airflow/example_dags/example_python_operator.py took 0.155 seconds
[2026-05-12T06:23:28.029+0000] {processor.py:161} INFO - Started process (PID=22227) to work on /home/airflow/.local/lib/python3.12/site-packages/airflow/example_dags/example_python_operator.py
[2026-05-12T06:23:28.031+0000] {processor.py:830} INFO - Processing file /home/airflow/.local/lib/python3.12/site-packages/airflow/example_dags/example_python_operator.py for tasks to queue
[2026-05-12T06:23:28.032+0000] {logging_mixin.py:188} INFO - [2026-05-12T06:23:28.032+0000] {dagbag.py:545} INFO - Filling up the DagBag from /home/airflow/.local/lib/python3.12/site-packages/airflow/example_dags/example_python_operator.py
[2026-05-12T06:23:28.050+0000] {processor.py:840} INFO - DAG(s) 'example_python_operator' retrieved from /home/airflow/.local/lib/python3.12/site-packages/airflow/example_dags/example_python_operator.py
[2026-05-12T06:23:28.089+0000] {logging_mixin.py:188} INFO - [2026-05-12T06:23:28.088+0000] {dag.py:3089} INFO - Sync 1 DAGs
[2026-05-12T06:23:28.108+0000] {logging_mixin.py:188} INFO - [2026-05-12T06:23:28.108+0000] {dag.py:3947} INFO - Setting next_dagrun for example_python_operator to None, run_after=None
[2026-05-12T06:23:28.169+0000] {processor.py:183} INFO - Processing /home/airflow/.local/lib/python3.12/site-packages/airflow/example_dags/example_python_operator.py took 0.151 seconds
[2026-05-12T06:23:58.551+0000] {processor.py:161} INFO - Started process (PID=22293) to work on /home/airflow/.local/lib/python3.12/site-packages/airflow/example_dags/example_python_operator.py
[2026-05-12T06:23:58.554+0000] {processor.py:830} INFO - Processing file /home/airflow/.local/lib/python3.12/site-packages/airflow/example_dags/example_python_operator.py for tasks to queue
[2026-05-12T06:23:58.557+0000] {logging_mixin.py:188} INFO - [2026-05-12T06:23:58.556+0000] {dagbag.py:545} INFO - Filling up the DagBag from /home/airflow/.local/lib/python3.12/site-packages/airflow/example_dags/example_python_operator.py
[2026-05-12T06:23:58.578+0000] {processor.py:840} INFO - DAG(s) 'example_python_operator' retrieved from /home/airflow/.local/lib/python3.12/site-packages/airflow/example_dags/example_python_operator.py
[2026-05-12T06:23:58.618+0000] {logging_mixin.py:188} INFO - [2026-05-12T06:23:58.617+0000] {dag.py:3089} INFO - Sync 1 DAGs
[2026-05-12T06:23:58.637+0000] {logging_mixin.py:188} INFO - [2026-05-12T06:23:58.637+0000] {dag.py:3947} INFO - Setting next_dagrun for example_python_operator to None, run_after=None
[2026-05-12T06:23:58.671+0000] {processor.py:183} INFO - Processing /home/airflow/.local/lib/python3.12/site-packages/airflow/example_dags/example_python_operator.py took 0.138 seconds
[2026-05-12T06:24:29.157+0000] {processor.py:161} INFO - Started process (PID=22361) to work on /home/airflow/.local/lib/python3.12/site-packages/airflow/example_dags/example_python_operator.py
[2026-05-12T06:24:29.159+0000] {processor.py:830} INFO - Processing file /home/airflow/.local/lib/python3.12/site-packages/airflow/example_dags/example_python_operator.py for tasks to queue
[2026-05-12T06:24:29.161+0000] {logging_mixin.py:188} INFO - [2026-05-12T06:24:29.160+0000] {dagbag.py:545} INFO - Filling up the DagBag from /home/airflow/.local/lib/python3.12/site-packages/airflow/example_dags/example_python_operator.py
[2026-05-12T06:24:29.183+0000] {processor.py:840} INFO - DAG(s) 'example_python_operator' retrieved from /home/airflow/.local/lib/python3.12/site-packages/airflow/example_dags/example_python_operator.py
[2026-05-12T06:24:29.219+0000] {logging_mixin.py:188} INFO - [2026-05-12T06:24:29.218+0000] {dag.py:3089} INFO - Sync 1 DAGs
[2026-05-12T06:24:29.236+0000] {logging_mixin.py:188} INFO - [2026-05-12T06:24:29.236+0000] {dag.py:3947} INFO - Setting next_dagrun for example_python_operator to None, run_after=None
[2026-05-12T06:24:29.272+0000] {processor.py:183} INFO - Processing /home/airflow/.local/lib/python3.12/site-packages/airflow/example_dags/example_python_operator.py took 0.123 seconds
[2026-05-12T06:24:59.569+0000] {processor.py:161} INFO - Started process (PID=22429) to work on /home/airflow/.local/lib/python3.12/site-packages/airflow/example_dags/example_python_operator.py
[2026-05-12T06:24:59.571+0000] {processor.py:830} INFO - Processing file /home/airflow/.local/lib/python3.12/site-packages/airflow/example_dags/example_python_operator.py for tasks to queue
[2026-05-12T06:24:59.573+0000] {logging_mixin.py:188} INFO - [2026-05-12T06:24:59.572+0000] {dagbag.py:545} INFO - Filling up the DagBag from /home/airflow/.local/lib/python3.12/site-packages/airflow/example_dags/example_python_operator.py
[2026-05-12T06:24:59.597+0000] {processor.py:840} INFO - DAG(s) 'example_python_operator' retrieved from /home/airflow/.local/lib/python3.12/site-packages/airflow/example_dags/example_python_operator.py
[2026-05-12T06:24:59.647+0000] {logging_mixin.py:188} INFO - [2026-05-12T06:24:59.646+0000] {dag.py:3089} INFO - Sync 1 DAGs
[2026-05-12T06:24:59.666+0000] {logging_mixin.py:188} INFO - [2026-05-12T06:24:59.666+0000] {dag.py:3947} INFO - Setting next_dagrun for example_python_operator to None, run_after=None
[2026-05-12T06:24:59.735+0000] {processor.py:183} INFO - Processing /home/airflow/.local/lib/python3.12/site-packages/airflow/example_dags/example_python_operator.py took 0.179 seconds
[2026-05-12T06:25:29.990+0000] {processor.py:161} INFO - Started process (PID=22504) to work on /home/airflow/.local/lib/python3.12/site-packages/airflow/example_dags/example_python_operator.py
[2026-05-12T06:25:29.991+0000] {processor.py:830} INFO - Processing file /home/airflow/.local/lib/python3.12/site-packages/airflow/example_dags/example_python_operator.py for tasks to queue
[2026-05-12T06:25:29.993+0000] {logging_mixin.py:188} INFO - [2026-05-12T06:25:29.993+0000] {dagbag.py:545} INFO - Filling up the DagBag from /home/airflow/.local/lib/python3.12/site-packages/airflow/example_dags/example_python_operator.py
[2026-05-12T06:25:30.010+0000] {processor.py:840} INFO - DAG(s) 'example_python_operator' retrieved from /home/airflow/.local/lib/python3.12/site-packages/airflow/example_dags/example_python_operator.py
[2026-05-12T06:25:30.049+0000] {logging_mixin.py:188} INFO - [2026-05-12T06:25:30.049+0000] {dag.py:3089} INFO - Sync 1 DAGs
[2026-05-12T06:25:30.069+0000] {logging_mixin.py:188} INFO - [2026-05-12T06:25:30.068+0000] {dag.py:3947} INFO - Setting next_dagrun for example_python_operator to None, run_after=None
[2026-05-12T06:25:30.127+0000] {processor.py:183} INFO - Processing /home/airflow/.local/lib/python3.12/site-packages/airflow/example_dags/example_python_operator.py took 0.152 seconds
[2026-05-12T06:26:00.287+0000] {processor.py:161} INFO - Started process (PID=22573) to work on /home/airflow/.local/lib/python3.12/site-packages/airflow/example_dags/example_python_operator.py
[2026-05-12T06:26:00.288+0000] {processor.py:830} INFO - Processing file /home/airflow/.local/lib/python3.12/site-packages/airflow/example_dags/example_python_operator.py for tasks to queue
[2026-05-12T06:26:00.290+0000] {logging_mixin.py:188} INFO - [2026-05-12T06:26:00.289+0000] {dagbag.py:545} INFO - Filling up the DagBag from /home/airflow/.local/lib/python3.12/site-packages/airflow/example_dags/example_python_operator.py
[2026-05-12T06:26:00.310+0000] {processor.py:840} INFO - DAG(s) 'example_python_operator' retrieved from /home/airflow/.local/lib/python3.12/site-packages/airflow/example_dags/example_python_operator.py
[2026-05-12T06:26:00.353+0000] {logging_mixin.py:188} INFO - [2026-05-12T06:26:00.352+0000] {dag.py:3089} INFO - Sync 1 DAGs
[2026-05-12T06:26:00.376+0000] {logging_mixin.py:188} INFO - [2026-05-12T06:26:00.376+0000] {dag.py:3947} INFO - Setting next_dagrun for example_python_operator to None, run_after=None
[2026-05-12T06:26:00.436+0000] {processor.py:183} INFO - Processing /home/airflow/.local/lib/python3.12/site-packages/airflow/example_dags/example_python_operator.py took 0.158 seconds
[2026-05-12T06:26:30.825+0000] {processor.py:161} INFO - Started process (PID=22639) to work on /home/airflow/.local/lib/python3.12/site-packages/airflow/example_dags/example_python_operator.py
[2026-05-12T06:26:30.827+0000] {processor.py:830} INFO - Processing file /home/airflow/.local/lib/python3.12/site-packages/airflow/example_dags/example_python_operator.py for tasks to queue
[2026-05-12T06:26:30.828+0000] {logging_mixin.py:188} INFO - [2026-05-12T06:26:30.828+0000] {dagbag.py:545} INFO - Filling up the DagBag from /home/airflow/.local/lib/python3.12/site-packages/airflow/example_dags/example_python_operator.py
[2026-05-12T06:26:30.845+0000] {processor.py:840} INFO - DAG(s) 'example_python_operator' retrieved from /home/airflow/.local/lib/python3.12/site-packages/airflow/example_dags/example_python_operator.py
[2026-05-12T06:26:30.884+0000] {logging_mixin.py:188} INFO - [2026-05-12T06:26:30.883+0000] {dag.py:3089} INFO - Sync 1 DAGs
[2026-05-12T06:26:30.903+0000] {logging_mixin.py:188} INFO - [2026-05-12T06:26:30.903+0000] {dag.py:3947} INFO - Setting next_dagrun for example_python_operator to None, run_after=None
[2026-05-12T06:26:30.966+0000] {processor.py:183} INFO - Processing /home/airflow/.local/lib/python3.12/site-packages/airflow/example_dags/example_python_operator.py took 0.152 seconds
[2026-05-12T06:27:01.408+0000] {processor.py:161} INFO - Started process (PID=22707) to work on /home/airflow/.local/lib/python3.12/site-packages/airflow/example_dags/example_python_operator.py
[2026-05-12T06:27:01.410+0000] {processor.py:830} INFO - Processing file /home/airflow/.local/lib/python3.12/site-packages/airflow/example_dags/example_python_operator.py for tasks to queue
[2026-05-12T06:27:01.412+0000] {logging_mixin.py:188} INFO - [2026-05-12T06:27:01.412+0000] {dagbag.py:545} INFO - Filling up the DagBag from /home/airflow/.local/lib/python3.12/site-packages/airflow/example_dags/example_python_operator.py
[2026-05-12T06:27:01.434+0000] {processor.py:840} INFO - DAG(s) 'example_python_operator' retrieved from /home/airflow/.local/lib/python3.12/site-packages/airflow/example_dags/example_python_operator.py
[2026-05-12T06:27:01.474+0000] {logging_mixin.py:188} INFO - [2026-05-12T06:27:01.473+0000] {dag.py:3089} INFO - Sync 1 DAGs
[2026-05-12T06:27:01.492+0000] {logging_mixin.py:188} INFO - [2026-05-12T06:27:01.492+0000] {dag.py:3947} INFO - Setting next_dagrun for example_python_operator to None, run_after=None
[2026-05-12T06:27:01.552+0000] {processor.py:183} INFO - Processing /home/airflow/.local/lib/python3.12/site-packages/airflow/example_dags/example_python_operator.py took 0.155 seconds
[2026-05-12T06:27:31.868+0000] {processor.py:161} INFO - Started process (PID=22775) to work on /home/airflow/.local/lib/python3.12/site-packages/airflow/example_dags/example_python_operator.py
[2026-05-12T06:27:31.870+0000] {processor.py:830} INFO - Processing file /home/airflow/.local/lib/python3.12/site-packages/airflow/example_dags/example_python_operator.py for tasks to queue
[2026-05-12T06:27:31.873+0000] {logging_mixin.py:188} INFO - [2026-05-12T06:27:31.872+0000] {dagbag.py:545} INFO - Filling up the DagBag from /home/airflow/.local/lib/python3.12/site-packages/airflow/example_dags/example_python_operator.py
[2026-05-12T06:27:31.889+0000] {processor.py:840} INFO - DAG(s) 'example_python_operator' retrieved from /home/airflow/.local/lib/python3.12/site-packages/airflow/example_dags/example_python_operator.py
[2026-05-12T06:27:31.932+0000] {logging_mixin.py:188} INFO - [2026-05-12T06:27:31.932+0000] {dag.py:3089} INFO - Sync 1 DAGs
[2026-05-12T06:27:31.950+0000] {logging_mixin.py:188} INFO - [2026-05-12T06:27:31.949+0000] {dag.py:3947} INFO - Setting next_dagrun for example_python_operator to None, run_after=None
[2026-05-12T06:27:32.009+0000] {processor.py:183} INFO - Processing /home/airflow/.local/lib/python3.12/site-packages/airflow/example_dags/example_python_operator.py took 0.152 seconds
[2026-05-12T06:28:03.252+0000] {processor.py:161} INFO - Started process (PID=22843) to work on /home/airflow/.local/lib/python3.12/site-packages/airflow/example_dags/example_python_operator.py
[2026-05-12T06:28:03.255+0000] {processor.py:830} INFO - Processing file /home/airflow/.local/lib/python3.12/site-packages/airflow/example_dags/example_python_operator.py for tasks to queue
[2026-05-12T06:28:03.257+0000] {logging_mixin.py:188} INFO - [2026-05-12T06:28:03.257+0000] {dagbag.py:545} INFO - Filling up the DagBag from /home/airflow/.local/lib/python3.12/site-packages/airflow/example_dags/example_python_operator.py
[2026-05-12T06:28:03.275+0000] {processor.py:840} INFO - DAG(s) 'example_python_operator' retrieved from /home/airflow/.local/lib/python3.12/site-packages/airflow/example_dags/example_python_operator.py
[2026-05-12T06:28:03.313+0000] {logging_mixin.py:188} INFO - [2026-05-12T06:28:03.313+0000] {dag.py:3089} INFO - Sync 1 DAGs
[2026-05-12T06:28:03.331+0000] {logging_mixin.py:188} INFO - [2026-05-12T06:28:03.330+0000] {dag.py:3947} INFO - Setting next_dagrun for example_python_operator to None, run_after=None
[2026-05-12T06:28:03.402+0000] {processor.py:183} INFO - Processing /home/airflow/.local/lib/python3.12/site-packages/airflow/example_dags/example_python_operator.py took 0.163 seconds
[2026-05-12T06:28:34.460+0000] {processor.py:161} INFO - Started process (PID=22920) to work on /home/airflow/.local/lib/python3.12/site-packages/airflow/example_dags/example_python_operator.py
[2026-05-12T06:28:34.462+0000] {processor.py:830} INFO - Processing file /home/airflow/.local/lib/python3.12/site-packages/airflow/example_dags/example_python_operator.py for tasks to queue
[2026-05-12T06:28:34.463+0000] {logging_mixin.py:188} INFO - [2026-05-12T06:28:34.463+0000] {dagbag.py:545} INFO - Filling up the DagBag from /home/airflow/.local/lib/python3.12/site-packages/airflow/example_dags/example_python_operator.py
[2026-05-12T06:28:34.481+0000] {processor.py:840} INFO - DAG(s) 'example_python_operator' retrieved from /home/airflow/.local/lib/python3.12/site-packages/airflow/example_dags/example_python_operator.py
[2026-05-12T06:28:34.517+0000] {logging_mixin.py:188} INFO - [2026-05-12T06:28:34.517+0000] {dag.py:3089} INFO - Sync 1 DAGs
[2026-05-12T06:28:34.535+0000] {logging_mixin.py:188} INFO - [2026-05-12T06:28:34.535+0000] {dag.py:3947} INFO - Setting next_dagrun for example_python_operator to None, run_after=None
[2026-05-12T06:28:34.571+0000] {processor.py:183} INFO - Processing /home/airflow/.local/lib/python3.12/site-packages/airflow/example_dags/example_python_operator.py took 0.120 seconds
[2026-05-12T06:29:06.322+0000] {processor.py:161} INFO - Started process (PID=22989) to work on /home/airflow/.local/lib/python3.12/site-packages/airflow/example_dags/example_python_operator.py
[2026-05-12T06:29:06.326+0000] {processor.py:830} INFO - Processing file /home/airflow/.local/lib/python3.12/site-packages/airflow/example_dags/example_python_operator.py for tasks to queue
[2026-05-12T06:29:06.328+0000] {logging_mixin.py:188} INFO - [2026-05-12T06:29:06.327+0000] {dagbag.py:545} INFO - Filling up the DagBag from /home/airflow/.local/lib/python3.12/site-packages/airflow/example_dags/example_python_operator.py
[2026-05-12T06:29:06.349+0000] {processor.py:840} INFO - DAG(s) 'example_python_operator' retrieved from /home/airflow/.local/lib/python3.12/site-packages/airflow/example_dags/example_python_operator.py
[2026-05-12T06:29:06.391+0000] {logging_mixin.py:188} INFO - [2026-05-12T06:29:06.390+0000] {dag.py:3089} INFO - Sync 1 DAGs
[2026-05-12T06:29:06.411+0000] {logging_mixin.py:188} INFO - [2026-05-12T06:29:06.411+0000] {dag.py:3947} INFO - Setting next_dagrun for example_python_operator to None, run_after=None
[2026-05-12T06:29:06.481+0000] {processor.py:183} INFO - Processing /home/airflow/.local/lib/python3.12/site-packages/airflow/example_dags/example_python_operator.py took 0.173 seconds
[2026-05-12T06:29:37.058+0000] {processor.py:161} INFO - Started process (PID=23056) to work on /home/airflow/.local/lib/python3.12/site-packages/airflow/example_dags/example_python_operator.py
[2026-05-12T06:29:37.060+0000] {processor.py:830} INFO - Processing file /home/airflow/.local/lib/python3.12/site-packages/airflow/example_dags/example_python_operator.py for tasks to queue
[2026-05-12T06:29:37.061+0000] {logging_mixin.py:188} INFO - [2026-05-12T06:29:37.061+0000] {dagbag.py:545} INFO - Filling up the DagBag from /home/airflow/.local/lib/python3.12/site-packages/airflow/example_dags/example_python_operator.py
[2026-05-12T06:29:37.077+0000] {processor.py:840} INFO - DAG(s) 'example_python_operator' retrieved from /home/airflow/.local/lib/python3.12/site-packages/airflow/example_dags/example_python_operator.py
[2026-05-12T06:29:37.113+0000] {logging_mixin.py:188} INFO - [2026-05-12T06:29:37.113+0000] {dag.py:3089} INFO - Sync 1 DAGs
[2026-05-12T06:29:37.131+0000] {logging_mixin.py:188} INFO - [2026-05-12T06:29:37.131+0000] {dag.py:3947} INFO - Setting next_dagrun for example_python_operator to None, run_after=None
[2026-05-12T06:29:37.190+0000] {processor.py:183} INFO - Processing /home/airflow/.local/lib/python3.12/site-packages/airflow/example_dags/example_python_operator.py took 0.140 seconds
[2026-05-12T06:30:07.589+0000] {processor.py:161} INFO - Started process (PID=23124) to work on /home/airflow/.local/lib/python3.12/site-packages/airflow/example_dags/example_python_operator.py
[2026-05-12T06:30:07.591+0000] {processor.py:830} INFO - Processing file /home/airflow/.local/lib/python3.12/site-packages/airflow/example_dags/example_python_operator.py for tasks to queue
[2026-05-12T06:30:07.593+0000] {logging_mixin.py:188} INFO - [2026-05-12T06:30:07.592+0000] {dagbag.py:545} INFO - Filling up the DagBag from /home/airflow/.local/lib/python3.12/site-packages/airflow/example_dags/example_python_operator.py
[2026-05-12T06:30:07.610+0000] {processor.py:840} INFO - DAG(s) 'example_python_operator' retrieved from /home/airflow/.local/lib/python3.12/site-packages/airflow/example_dags/example_python_operator.py
[2026-05-12T06:30:07.646+0000] {logging_mixin.py:188} INFO - [2026-05-12T06:30:07.646+0000] {dag.py:3089} INFO - Sync 1 DAGs
[2026-05-12T06:30:07.664+0000] {logging_mixin.py:188} INFO - [2026-05-12T06:30:07.664+0000] {dag.py:3947} INFO - Setting next_dagrun for example_python_operator to None, run_after=None
[2026-05-12T06:30:07.697+0000] {processor.py:183} INFO - Processing /home/airflow/.local/lib/python3.12/site-packages/airflow/example_dags/example_python_operator.py took 0.119 seconds
[2026-05-12T06:30:37.811+0000] {processor.py:161} INFO - Started process (PID=23199) to work on /home/airflow/.local/lib/python3.12/site-packages/airflow/example_dags/example_python_operator.py
[2026-05-12T06:30:37.812+0000] {processor.py:830} INFO - Processing file /home/airflow/.local/lib/python3.12/site-packages/airflow/example_dags/example_python_operator.py for tasks to queue
[2026-05-12T06:30:37.814+0000] {logging_mixin.py:188} INFO - [2026-05-12T06:30:37.813+0000] {dagbag.py:545} INFO - Filling up the DagBag from /home/airflow/.local/lib/python3.12/site-packages/airflow/example_dags/example_python_operator.py
[2026-05-12T06:30:37.829+0000] {processor.py:840} INFO - DAG(s) 'example_python_operator' retrieved from /home/airflow/.local/lib/python3.12/site-packages/airflow/example_dags/example_python_operator.py
[2026-05-12T06:30:37.864+0000] {logging_mixin.py:188} INFO - [2026-05-12T06:30:37.864+0000] {dag.py:3089} INFO - Sync 1 DAGs
[2026-05-12T06:30:37.889+0000] {logging_mixin.py:188} INFO - [2026-05-12T06:30:37.888+0000] {dag.py:3947} INFO - Setting next_dagrun for example_python_operator to None, run_after=None
[2026-05-12T06:30:37.927+0000] {processor.py:183} INFO - Processing /home/airflow/.local/lib/python3.12/site-packages/airflow/example_dags/example_python_operator.py took 0.126 seconds
[2026-05-12T06:31:08.300+0000] {processor.py:161} INFO - Started process (PID=23267) to work on /home/airflow/.local/lib/python3.12/site-packages/airflow/example_dags/example_python_operator.py
[2026-05-12T06:31:08.302+0000] {processor.py:830} INFO - Processing file /home/airflow/.local/lib/python3.12/site-packages/airflow/example_dags/example_python_operator.py for tasks to queue
[2026-05-12T06:31:08.305+0000] {logging_mixin.py:188} INFO - [2026-05-12T06:31:08.304+0000] {dagbag.py:545} INFO - Filling up the DagBag from /home/airflow/.local/lib/python3.12/site-packages/airflow/example_dags/example_python_operator.py
[2026-05-12T06:31:08.324+0000] {processor.py:840} INFO - DAG(s) 'example_python_operator' retrieved from /home/airflow/.local/lib/python3.12/site-packages/airflow/example_dags/example_python_operator.py
[2026-05-12T06:31:08.362+0000] {logging_mixin.py:188} INFO - [2026-05-12T06:31:08.361+0000] {dag.py:3089} INFO - Sync 1 DAGs
[2026-05-12T06:31:08.379+0000] {logging_mixin.py:188} INFO - [2026-05-12T06:31:08.379+0000] {dag.py:3947} INFO - Setting next_dagrun for example_python_operator to None, run_after=None
[2026-05-12T06:31:08.438+0000] {processor.py:183} INFO - Processing /home/airflow/.local/lib/python3.12/site-packages/airflow/example_dags/example_python_operator.py took 0.146 seconds
[2026-05-12T06:31:39.473+0000] {processor.py:161} INFO - Started process (PID=23335) to work on /home/airflow/.local/lib/python3.12/site-packages/airflow/example_dags/example_python_operator.py
[2026-05-12T06:31:39.475+0000] {processor.py:830} INFO - Processing file /home/airflow/.local/lib/python3.12/site-packages/airflow/example_dags/example_python_operator.py for tasks to queue
[2026-05-12T06:31:39.477+0000] {logging_mixin.py:188} INFO - [2026-05-12T06:31:39.477+0000] {dagbag.py:545} INFO - Filling up the DagBag from /home/airflow/.local/lib/python3.12/site-packages/airflow/example_dags/example_python_operator.py
[2026-05-12T06:31:39.497+0000] {processor.py:840} INFO - DAG(s) 'example_python_operator' retrieved from /home/airflow/.local/lib/python3.12/site-packages/airflow/example_dags/example_python_operator.py
[2026-05-12T06:31:39.540+0000] {logging_mixin.py:188} INFO - [2026-05-12T06:31:39.540+0000] {dag.py:3089} INFO - Sync 1 DAGs
[2026-05-12T06:31:39.561+0000] {logging_mixin.py:188} INFO - [2026-05-12T06:31:39.561+0000] {dag.py:3947} INFO - Setting next_dagrun for example_python_operator to None, run_after=None
[2026-05-12T06:31:39.603+0000] {processor.py:183} INFO - Processing /home/airflow/.local/lib/python3.12/site-packages/airflow/example_dags/example_python_operator.py took 0.140 seconds
[2026-05-12T06:32:10.471+0000] {processor.py:161} INFO - Started process (PID=23403) to work on /home/airflow/.local/lib/python3.12/site-packages/airflow/example_dags/example_python_operator.py
[2026-05-12T06:32:10.473+0000] {processor.py:830} INFO - Processing file /home/airflow/.local/lib/python3.12/site-packages/airflow/example_dags/example_python_operator.py for tasks to queue
[2026-05-12T06:32:10.475+0000] {logging_mixin.py:188} INFO - [2026-05-12T06:32:10.474+0000] {dagbag.py:545} INFO - Filling up the DagBag from /home/airflow/.local/lib/python3.12/site-packages/airflow/example_dags/example_python_operator.py
[2026-05-12T06:32:10.491+0000] {processor.py:840} INFO - DAG(s) 'example_python_operator' retrieved from /home/airflow/.local/lib/python3.12/site-packages/airflow/example_dags/example_python_operator.py
[2026-05-12T06:32:10.525+0000] {logging_mixin.py:188} INFO - [2026-05-12T06:32:10.525+0000] {dag.py:3089} INFO - Sync 1 DAGs
[2026-05-12T06:32:10.544+0000] {logging_mixin.py:188} INFO - [2026-05-12T06:32:10.543+0000] {dag.py:3947} INFO - Setting next_dagrun for example_python_operator to None, run_after=None
[2026-05-12T06:32:10.577+0000] {processor.py:183} INFO - Processing /home/airflow/.local/lib/python3.12/site-packages/airflow/example_dags/example_python_operator.py took 0.115 seconds
[2026-05-12T06:32:41.114+0000] {processor.py:161} INFO - Started process (PID=23471) to work on /home/airflow/.local/lib/python3.12/site-packages/airflow/example_dags/example_python_operator.py
[2026-05-12T06:32:41.116+0000] {processor.py:830} INFO - Processing file /home/airflow/.local/lib/python3.12/site-packages/airflow/example_dags/example_python_operator.py for tasks to queue
[2026-05-12T06:32:41.118+0000] {logging_mixin.py:188} INFO - [2026-05-12T06:32:41.118+0000] {dagbag.py:545} INFO - Filling up the DagBag from /home/airflow/.local/lib/python3.12/site-packages/airflow/example_dags/example_python_operator.py
[2026-05-12T06:32:41.137+0000] {processor.py:840} INFO - DAG(s) 'example_python_operator' retrieved from /home/airflow/.local/lib/python3.12/site-packages/airflow/example_dags/example_python_operator.py
[2026-05-12T06:32:41.179+0000] {logging_mixin.py:188} INFO - [2026-05-12T06:32:41.179+0000] {dag.py:3089} INFO - Sync 1 DAGs
[2026-05-12T06:32:41.204+0000] {logging_mixin.py:188} INFO - [2026-05-12T06:32:41.204+0000] {dag.py:3947} INFO - Setting next_dagrun for example_python_operator to None, run_after=None
[2026-05-12T06:32:41.261+0000] {processor.py:183} INFO - Processing /home/airflow/.local/lib/python3.12/site-packages/airflow/example_dags/example_python_operator.py took 0.159 seconds
[2026-05-12T06:33:11.574+0000] {processor.py:161} INFO - Started process (PID=23539) to work on /home/airflow/.local/lib/python3.12/site-packages/airflow/example_dags/example_python_operator.py
[2026-05-12T06:33:11.576+0000] {processor.py:830} INFO - Processing file /home/airflow/.local/lib/python3.12/site-packages/airflow/example_dags/example_python_operator.py for tasks to queue
[2026-05-12T06:33:11.578+0000] {logging_mixin.py:188} INFO - [2026-05-12T06:33:11.577+0000] {dagbag.py:545} INFO - Filling up the DagBag from /home/airflow/.local/lib/python3.12/site-packages/airflow/example_dags/example_python_operator.py
[2026-05-12T06:33:11.598+0000] {processor.py:840} INFO - DAG(s) 'example_python_operator' retrieved from /home/airflow/.local/lib/python3.12/site-packages/airflow/example_dags/example_python_operator.py
[2026-05-12T06:33:11.639+0000] {logging_mixin.py:188} INFO - [2026-05-12T06:33:11.639+0000] {dag.py:3089} INFO - Sync 1 DAGs
[2026-05-12T06:33:11.661+0000] {logging_mixin.py:188} INFO - [2026-05-12T06:33:11.660+0000] {dag.py:3947} INFO - Setting next_dagrun for example_python_operator to None, run_after=None
[2026-05-12T06:33:11.692+0000] {processor.py:183} INFO - Processing /home/airflow/.local/lib/python3.12/site-packages/airflow/example_dags/example_python_operator.py took 0.131 seconds
[2026-05-12T06:33:42.161+0000] {processor.py:161} INFO - Started process (PID=23614) to work on /home/airflow/.local/lib/python3.12/site-packages/airflow/example_dags/example_python_operator.py
[2026-05-12T06:33:42.164+0000] {processor.py:830} INFO - Processing file /home/airflow/.local/lib/python3.12/site-packages/airflow/example_dags/example_python_operator.py for tasks to queue
[2026-05-12T06:33:42.166+0000] {logging_mixin.py:188} INFO - [2026-05-12T06:33:42.165+0000] {dagbag.py:545} INFO - Filling up the DagBag from /home/airflow/.local/lib/python3.12/site-packages/airflow/example_dags/example_python_operator.py
[2026-05-12T06:33:42.184+0000] {processor.py:840} INFO - DAG(s) 'example_python_operator' retrieved from /home/airflow/.local/lib/python3.12/site-packages/airflow/example_dags/example_python_operator.py
[2026-05-12T06:33:42.217+0000] {logging_mixin.py:188} INFO - [2026-05-12T06:33:42.217+0000] {dag.py:3089} INFO - Sync 1 DAGs
[2026-05-12T06:33:42.234+0000] {logging_mixin.py:188} INFO - [2026-05-12T06:33:42.233+0000] {dag.py:3947} INFO - Setting next_dagrun for example_python_operator to None, run_after=None
[2026-05-12T06:33:42.303+0000] {processor.py:183} INFO - Processing /home/airflow/.local/lib/python3.12/site-packages/airflow/example_dags/example_python_operator.py took 0.154 seconds
[2026-05-12T06:34:12.840+0000] {processor.py:161} INFO - Started process (PID=23682) to work on /home/airflow/.local/lib/python3.12/site-packages/airflow/example_dags/example_python_operator.py
[2026-05-12T06:34:12.844+0000] {processor.py:830} INFO - Processing file /home/airflow/.local/lib/python3.12/site-packages/airflow/example_dags/example_python_operator.py for tasks to queue
[2026-05-12T06:34:12.845+0000] {logging_mixin.py:188} INFO - [2026-05-12T06:34:12.845+0000] {dagbag.py:545} INFO - Filling up the DagBag from /home/airflow/.local/lib/python3.12/site-packages/airflow/example_dags/example_python_operator.py
[2026-05-12T06:34:12.865+0000] {processor.py:840} INFO - DAG(s) 'example_python_operator' retrieved from /home/airflow/.local/lib/python3.12/site-packages/airflow/example_dags/example_python_operator.py
[2026-05-12T06:34:12.905+0000] {logging_mixin.py:188} INFO - [2026-05-12T06:34:12.905+0000] {dag.py:3089} INFO - Sync 1 DAGs
[2026-05-12T06:34:12.927+0000] {logging_mixin.py:188} INFO - [2026-05-12T06:34:12.926+0000] {dag.py:3947} INFO - Setting next_dagrun for example_python_operator to None, run_after=None
[2026-05-12T06:34:12.984+0000] {processor.py:183} INFO - Processing /home/airflow/.local/lib/python3.12/site-packages/airflow/example_dags/example_python_operator.py took 0.155 seconds
[2026-05-12T06:34:43.298+0000] {processor.py:161} INFO - Started process (PID=23750) to work on /home/airflow/.local/lib/python3.12/site-packages/airflow/example_dags/example_python_operator.py
[2026-05-12T06:34:43.300+0000] {processor.py:830} INFO - Processing file /home/airflow/.local/lib/python3.12/site-packages/airflow/example_dags/example_python_operator.py for tasks to queue
[2026-05-12T06:34:43.302+0000] {logging_mixin.py:188} INFO - [2026-05-12T06:34:43.301+0000] {dagbag.py:545} INFO - Filling up the DagBag from /home/airflow/.local/lib/python3.12/site-packages/airflow/example_dags/example_python_operator.py
[2026-05-12T06:34:43.319+0000] {processor.py:840} INFO - DAG(s) 'example_python_operator' retrieved from /home/airflow/.local/lib/python3.12/site-packages/airflow/example_dags/example_python_operator.py
[2026-05-12T06:34:43.355+0000] {logging_mixin.py:188} INFO - [2026-05-12T06:34:43.355+0000] {dag.py:3089} INFO - Sync 1 DAGs
[2026-05-12T06:34:43.375+0000] {logging_mixin.py:188} INFO - [2026-05-12T06:34:43.375+0000] {dag.py:3947} INFO - Setting next_dagrun for example_python_operator to None, run_after=None
[2026-05-12T06:34:43.411+0000] {processor.py:183} INFO - Processing /home/airflow/.local/lib/python3.12/site-packages/airflow/example_dags/example_python_operator.py took 0.125 seconds
[2026-05-12T06:35:13.589+0000] {processor.py:161} INFO - Started process (PID=23819) to work on /home/airflow/.local/lib/python3.12/site-packages/airflow/example_dags/example_python_operator.py
[2026-05-12T06:35:13.591+0000] {processor.py:830} INFO - Processing file /home/airflow/.local/lib/python3.12/site-packages/airflow/example_dags/example_python_operator.py for tasks to queue
[2026-05-12T06:35:13.593+0000] {logging_mixin.py:188} INFO - [2026-05-12T06:35:13.592+0000] {dagbag.py:545} INFO - Filling up the DagBag from /home/airflow/.local/lib/python3.12/site-packages/airflow/example_dags/example_python_operator.py
[2026-05-12T06:35:13.612+0000] {processor.py:840} INFO - DAG(s) 'example_python_operator' retrieved from /home/airflow/.local/lib/python3.12/site-packages/airflow/example_dags/example_python_operator.py
[2026-05-12T06:35:13.649+0000] {logging_mixin.py:188} INFO - [2026-05-12T06:35:13.648+0000] {dag.py:3089} INFO - Sync 1 DAGs
[2026-05-12T06:35:13.667+0000] {logging_mixin.py:188} INFO - [2026-05-12T06:35:13.666+0000] {dag.py:3947} INFO - Setting next_dagrun for example_python_operator to None, run_after=None
[2026-05-12T06:35:13.700+0000] {processor.py:183} INFO - Processing /home/airflow/.local/lib/python3.12/site-packages/airflow/example_dags/example_python_operator.py took 0.120 seconds
[2026-05-12T06:35:43.995+0000] {processor.py:161} INFO - Started process (PID=23887) to work on /home/airflow/.local/lib/python3.12/site-packages/airflow/example_dags/example_python_operator.py
[2026-05-12T06:35:43.998+0000] {processor.py:830} INFO - Processing file /home/airflow/.local/lib/python3.12/site-packages/airflow/example_dags/example_python_operator.py for tasks to queue
[2026-05-12T06:35:44.000+0000] {logging_mixin.py:188} INFO - [2026-05-12T06:35:44.000+0000] {dagbag.py:545} INFO - Filling up the DagBag from /home/airflow/.local/lib/python3.12/site-packages/airflow/example_dags/example_python_operator.py
[2026-05-12T06:35:44.027+0000] {processor.py:840} INFO - DAG(s) 'example_python_operator' retrieved from /home/airflow/.local/lib/python3.12/site-packages/airflow/example_dags/example_python_operator.py
[2026-05-12T06:35:44.081+0000] {logging_mixin.py:188} INFO - [2026-05-12T06:35:44.080+0000] {dag.py:3089} INFO - Sync 1 DAGs
[2026-05-12T06:35:44.109+0000] {logging_mixin.py:188} INFO - [2026-05-12T06:35:44.108+0000] {dag.py:3947} INFO - Setting next_dagrun for example_python_operator to None, run_after=None
[2026-05-12T06:35:44.167+0000] {processor.py:183} INFO - Processing /home/airflow/.local/lib/python3.12/site-packages/airflow/example_dags/example_python_operator.py took 0.188 seconds
[2026-05-12T06:36:14.528+0000] {processor.py:161} INFO - Started process (PID=23962) to work on /home/airflow/.local/lib/python3.12/site-packages/airflow/example_dags/example_python_operator.py
[2026-05-12T06:36:14.530+0000] {processor.py:830} INFO - Processing file /home/airflow/.local/lib/python3.12/site-packages/airflow/example_dags/example_python_operator.py for tasks to queue
[2026-05-12T06:36:14.532+0000] {logging_mixin.py:188} INFO - [2026-05-12T06:36:14.531+0000] {dagbag.py:545} INFO - Filling up the DagBag from /home/airflow/.local/lib/python3.12/site-packages/airflow/example_dags/example_python_operator.py
[2026-05-12T06:36:14.547+0000] {processor.py:840} INFO - DAG(s) 'example_python_operator' retrieved from /home/airflow/.local/lib/python3.12/site-packages/airflow/example_dags/example_python_operator.py
[2026-05-12T06:36:14.583+0000] {logging_mixin.py:188} INFO - [2026-05-12T06:36:14.583+0000] {dag.py:3089} INFO - Sync 1 DAGs
[2026-05-12T06:36:14.606+0000] {logging_mixin.py:188} INFO - [2026-05-12T06:36:14.605+0000] {dag.py:3947} INFO - Setting next_dagrun for example_python_operator to None, run_after=None
[2026-05-12T06:36:14.671+0000] {processor.py:183} INFO - Processing /home/airflow/.local/lib/python3.12/site-packages/airflow/example_dags/example_python_operator.py took 0.155 seconds
[2026-05-12T06:36:45.366+0000] {processor.py:161} INFO - Started process (PID=24030) to work on /home/airflow/.local/lib/python3.12/site-packages/airflow/example_dags/example_python_operator.py
[2026-05-12T06:36:45.369+0000] {processor.py:830} INFO - Processing file /home/airflow/.local/lib/python3.12/site-packages/airflow/example_dags/example_python_operator.py for tasks to queue
[2026-05-12T06:36:45.371+0000] {logging_mixin.py:188} INFO - [2026-05-12T06:36:45.370+0000] {dagbag.py:545} INFO - Filling up the DagBag from /home/airflow/.local/lib/python3.12/site-packages/airflow/example_dags/example_python_operator.py
[2026-05-12T06:36:45.388+0000] {processor.py:840} INFO - DAG(s) 'example_python_operator' retrieved from /home/airflow/.local/lib/python3.12/site-packages/airflow/example_dags/example_python_operator.py
[2026-05-12T06:36:45.428+0000] {logging_mixin.py:188} INFO - [2026-05-12T06:36:45.427+0000] {dag.py:3089} INFO - Sync 1 DAGs
[2026-05-12T06:36:45.450+0000] {logging_mixin.py:188} INFO - [2026-05-12T06:36:45.449+0000] {dag.py:3947} INFO - Setting next_dagrun for example_python_operator to None, run_after=None
[2026-05-12T06:36:45.491+0000] {processor.py:183} INFO - Processing /home/airflow/.local/lib/python3.12/site-packages/airflow/example_dags/example_python_operator.py took 0.138 seconds
[2026-05-12T06:37:15.754+0000] {processor.py:161} INFO - Started process (PID=24098) to work on /home/airflow/.local/lib/python3.12/site-packages/airflow/example_dags/example_python_operator.py
[2026-05-12T06:37:15.761+0000] {processor.py:830} INFO - Processing file /home/airflow/.local/lib/python3.12/site-packages/airflow/example_dags/example_python_operator.py for tasks to queue
[2026-05-12T06:37:15.764+0000] {logging_mixin.py:188} INFO - [2026-05-12T06:37:15.763+0000] {dagbag.py:545} INFO - Filling up the DagBag from /home/airflow/.local/lib/python3.12/site-packages/airflow/example_dags/example_python_operator.py
[2026-05-12T06:37:15.786+0000] {processor.py:840} INFO - DAG(s) 'example_python_operator' retrieved from /home/airflow/.local/lib/python3.12/site-packages/airflow/example_dags/example_python_operator.py
[2026-05-12T06:37:15.830+0000] {logging_mixin.py:188} INFO - [2026-05-12T06:37:15.830+0000] {dag.py:3089} INFO - Sync 1 DAGs
[2026-05-12T06:37:15.849+0000] {logging_mixin.py:188} INFO - [2026-05-12T06:37:15.849+0000] {dag.py:3947} INFO - Setting next_dagrun for example_python_operator to None, run_after=None
[2026-05-12T06:37:15.882+0000] {processor.py:183} INFO - Processing /home/airflow/.local/lib/python3.12/site-packages/airflow/example_dags/example_python_operator.py took 0.138 seconds
[2026-05-12T06:37:46.033+0000] {processor.py:161} INFO - Started process (PID=24166) to work on /home/airflow/.local/lib/python3.12/site-packages/airflow/example_dags/example_python_operator.py
[2026-05-12T06:37:46.034+0000] {processor.py:830} INFO - Processing file /home/airflow/.local/lib/python3.12/site-packages/airflow/example_dags/example_python_operator.py for tasks to queue
[2026-05-12T06:37:46.036+0000] {logging_mixin.py:188} INFO - [2026-05-12T06:37:46.035+0000] {dagbag.py:545} INFO - Filling up the DagBag from /home/airflow/.local/lib/python3.12/site-packages/airflow/example_dags/example_python_operator.py
[2026-05-12T06:37:46.053+0000] {processor.py:840} INFO - DAG(s) 'example_python_operator' retrieved from /home/airflow/.local/lib/python3.12/site-packages/airflow/example_dags/example_python_operator.py
[2026-05-12T06:37:46.093+0000] {logging_mixin.py:188} INFO - [2026-05-12T06:37:46.092+0000] {dag.py:3089} INFO - Sync 1 DAGs
[2026-05-12T06:37:46.112+0000] {logging_mixin.py:188} INFO - [2026-05-12T06:37:46.111+0000] {dag.py:3947} INFO - Setting next_dagrun for example_python_operator to None, run_after=None
[2026-05-12T06:37:46.179+0000] {processor.py:183} INFO - Processing /home/airflow/.local/lib/python3.12/site-packages/airflow/example_dags/example_python_operator.py took 0.159 seconds
[2026-05-12T06:38:16.398+0000] {processor.py:161} INFO - Started process (PID=24235) to work on /home/airflow/.local/lib/python3.12/site-packages/airflow/example_dags/example_python_operator.py
[2026-05-12T06:38:16.400+0000] {processor.py:830} INFO - Processing file /home/airflow/.local/lib/python3.12/site-packages/airflow/example_dags/example_python_operator.py for tasks to queue
[2026-05-12T06:38:16.402+0000] {logging_mixin.py:188} INFO - [2026-05-12T06:38:16.401+0000] {dagbag.py:545} INFO - Filling up the DagBag from /home/airflow/.local/lib/python3.12/site-packages/airflow/example_dags/example_python_operator.py
[2026-05-12T06:38:16.424+0000] {processor.py:840} INFO - DAG(s) 'example_python_operator' retrieved from /home/airflow/.local/lib/python3.12/site-packages/airflow/example_dags/example_python_operator.py
[2026-05-12T06:38:16.469+0000] {logging_mixin.py:188} INFO - [2026-05-12T06:38:16.469+0000] {dag.py:3089} INFO - Sync 1 DAGs
[2026-05-12T06:38:16.489+0000] {logging_mixin.py:188} INFO - [2026-05-12T06:38:16.488+0000] {dag.py:3947} INFO - Setting next_dagrun for example_python_operator to None, run_after=None
[2026-05-12T06:38:16.548+0000] {processor.py:183} INFO - Processing /home/airflow/.local/lib/python3.12/site-packages/airflow/example_dags/example_python_operator.py took 0.160 seconds
[2026-05-12T06:38:46.804+0000] {processor.py:161} INFO - Started process (PID=24303) to work on /home/airflow/.local/lib/python3.12/site-packages/airflow/example_dags/example_python_operator.py
[2026-05-12T06:38:46.806+0000] {processor.py:830} INFO - Processing file /home/airflow/.local/lib/python3.12/site-packages/airflow/example_dags/example_python_operator.py for tasks to queue
[2026-05-12T06:38:46.808+0000] {logging_mixin.py:188} INFO - [2026-05-12T06:38:46.807+0000] {dagbag.py:545} INFO - Filling up the DagBag from /home/airflow/.local/lib/python3.12/site-packages/airflow/example_dags/example_python_operator.py
[2026-05-12T06:38:46.825+0000] {processor.py:840} INFO - DAG(s) 'example_python_operator' retrieved from /home/airflow/.local/lib/python3.12/site-packages/airflow/example_dags/example_python_operator.py
[2026-05-12T06:38:46.867+0000] {logging_mixin.py:188} INFO - [2026-05-12T06:38:46.866+0000] {dag.py:3089} INFO - Sync 1 DAGs
[2026-05-12T06:38:46.886+0000] {logging_mixin.py:188} INFO - [2026-05-12T06:38:46.886+0000] {dag.py:3947} INFO - Setting next_dagrun for example_python_operator to None, run_after=None
[2026-05-12T06:38:46.925+0000] {processor.py:183} INFO - Processing /home/airflow/.local/lib/python3.12/site-packages/airflow/example_dags/example_python_operator.py took 0.130 seconds
[2026-05-12T06:39:17.475+0000] {processor.py:161} INFO - Started process (PID=24378) to work on /home/airflow/.local/lib/python3.12/site-packages/airflow/example_dags/example_python_operator.py
[2026-05-12T06:39:17.477+0000] {processor.py:830} INFO - Processing file /home/airflow/.local/lib/python3.12/site-packages/airflow/example_dags/example_python_operator.py for tasks to queue
[2026-05-12T06:39:17.478+0000] {logging_mixin.py:188} INFO - [2026-05-12T06:39:17.478+0000] {dagbag.py:545} INFO - Filling up the DagBag from /home/airflow/.local/lib/python3.12/site-packages/airflow/example_dags/example_python_operator.py
[2026-05-12T06:39:17.496+0000] {processor.py:840} INFO - DAG(s) 'example_python_operator' retrieved from /home/airflow/.local/lib/python3.12/site-packages/airflow/example_dags/example_python_operator.py
[2026-05-12T06:39:17.531+0000] {logging_mixin.py:188} INFO - [2026-05-12T06:39:17.530+0000] {dag.py:3089} INFO - Sync 1 DAGs
[2026-05-12T06:39:17.549+0000] {logging_mixin.py:188} INFO - [2026-05-12T06:39:17.549+0000] {dag.py:3947} INFO - Setting next_dagrun for example_python_operator to None, run_after=None
[2026-05-12T06:39:17.602+0000] {processor.py:183} INFO - Processing /home/airflow/.local/lib/python3.12/site-packages/airflow/example_dags/example_python_operator.py took 0.136 seconds
[2026-05-12T06:39:49.040+0000] {processor.py:161} INFO - Started process (PID=24446) to work on /home/airflow/.local/lib/python3.12/site-packages/airflow/example_dags/example_python_operator.py
[2026-05-12T06:39:49.042+0000] {processor.py:830} INFO - Processing file /home/airflow/.local/lib/python3.12/site-packages/airflow/example_dags/example_python_operator.py for tasks to queue
[2026-05-12T06:39:49.044+0000] {logging_mixin.py:188} INFO - [2026-05-12T06:39:49.044+0000] {dagbag.py:545} INFO - Filling up the DagBag from /home/airflow/.local/lib/python3.12/site-packages/airflow/example_dags/example_python_operator.py
[2026-05-12T06:39:49.063+0000] {processor.py:840} INFO - DAG(s) 'example_python_operator' retrieved from /home/airflow/.local/lib/python3.12/site-packages/airflow/example_dags/example_python_operator.py
[2026-05-12T06:39:49.104+0000] {logging_mixin.py:188} INFO - [2026-05-12T06:39:49.103+0000] {dag.py:3089} INFO - Sync 1 DAGs
[2026-05-12T06:39:49.125+0000] {logging_mixin.py:188} INFO - [2026-05-12T06:39:49.125+0000] {dag.py:3947} INFO - Setting next_dagrun for example_python_operator to None, run_after=None
[2026-05-12T06:39:49.188+0000] {processor.py:183} INFO - Processing /home/airflow/.local/lib/python3.12/site-packages/airflow/example_dags/example_python_operator.py took 0.161 seconds
[2026-05-12T06:40:19.657+0000] {processor.py:161} INFO - Started process (PID=24514) to work on /home/airflow/.local/lib/python3.12/site-packages/airflow/example_dags/example_python_operator.py
[2026-05-12T06:40:19.659+0000] {processor.py:830} INFO - Processing file /home/airflow/.local/lib/python3.12/site-packages/airflow/example_dags/example_python_operator.py for tasks to queue
[2026-05-12T06:40:19.661+0000] {logging_mixin.py:188} INFO - [2026-05-12T06:40:19.661+0000] {dagbag.py:545} INFO - Filling up the DagBag from /home/airflow/.local/lib/python3.12/site-packages/airflow/example_dags/example_python_operator.py
[2026-05-12T06:40:19.680+0000] {processor.py:840} INFO - DAG(s) 'example_python_operator' retrieved from /home/airflow/.local/lib/python3.12/site-packages/airflow/example_dags/example_python_operator.py
[2026-05-12T06:40:19.716+0000] {logging_mixin.py:188} INFO - [2026-05-12T06:40:19.715+0000] {dag.py:3089} INFO - Sync 1 DAGs
[2026-05-12T06:40:19.735+0000] {logging_mixin.py:188} INFO - [2026-05-12T06:40:19.734+0000] {dag.py:3947} INFO - Setting next_dagrun for example_python_operator to None, run_after=None
[2026-05-12T06:40:19.768+0000] {processor.py:183} INFO - Processing /home/airflow/.local/lib/python3.12/site-packages/airflow/example_dags/example_python_operator.py took 0.122 seconds
[2026-05-12T06:40:49.928+0000] {processor.py:161} INFO - Started process (PID=24582) to work on /home/airflow/.local/lib/python3.12/site-packages/airflow/example_dags/example_python_operator.py
[2026-05-12T06:40:49.931+0000] {processor.py:830} INFO - Processing file /home/airflow/.local/lib/python3.12/site-packages/airflow/example_dags/example_python_operator.py for tasks to queue
[2026-05-12T06:40:49.933+0000] {logging_mixin.py:188} INFO - [2026-05-12T06:40:49.933+0000] {dagbag.py:545} INFO - Filling up the DagBag from /home/airflow/.local/lib/python3.12/site-packages/airflow/example_dags/example_python_operator.py
[2026-05-12T06:40:49.959+0000] {processor.py:840} INFO - DAG(s) 'example_python_operator' retrieved from /home/airflow/.local/lib/python3.12/site-packages/airflow/example_dags/example_python_operator.py
[2026-05-12T06:40:50.000+0000] {logging_mixin.py:188} INFO - [2026-05-12T06:40:50.000+0000] {dag.py:3089} INFO - Sync 1 DAGs
[2026-05-12T06:40:50.025+0000] {logging_mixin.py:188} INFO - [2026-05-12T06:40:50.024+0000] {dag.py:3947} INFO - Setting next_dagrun for example_python_operator to None, run_after=None
[2026-05-12T06:40:50.069+0000] {processor.py:183} INFO - Processing /home/airflow/.local/lib/python3.12/site-packages/airflow/example_dags/example_python_operator.py took 0.158 seconds
[2026-05-12T06:41:20.239+0000] {processor.py:161} INFO - Started process (PID=24650) to work on /home/airflow/.local/lib/python3.12/site-packages/airflow/example_dags/example_python_operator.py
[2026-05-12T06:41:20.242+0000] {processor.py:830} INFO - Processing file /home/airflow/.local/lib/python3.12/site-packages/airflow/example_dags/example_python_operator.py for tasks to queue
[2026-05-12T06:41:20.246+0000] {logging_mixin.py:188} INFO - [2026-05-12T06:41:20.245+0000] {dagbag.py:545} INFO - Filling up the DagBag from /home/airflow/.local/lib/python3.12/site-packages/airflow/example_dags/example_python_operator.py
[2026-05-12T06:41:20.268+0000] {processor.py:840} INFO - DAG(s) 'example_python_operator' retrieved from /home/airflow/.local/lib/python3.12/site-packages/airflow/example_dags/example_python_operator.py
[2026-05-12T06:41:20.311+0000] {logging_mixin.py:188} INFO - [2026-05-12T06:41:20.311+0000] {dag.py:3089} INFO - Sync 1 DAGs
[2026-05-12T06:41:20.334+0000] {logging_mixin.py:188} INFO - [2026-05-12T06:41:20.333+0000] {dag.py:3947} INFO - Setting next_dagrun for example_python_operator to None, run_after=None
[2026-05-12T06:41:20.379+0000] {processor.py:183} INFO - Processing /home/airflow/.local/lib/python3.12/site-packages/airflow/example_dags/example_python_operator.py took 0.154 seconds
[2026-05-12T06:41:50.579+0000] {processor.py:161} INFO - Started process (PID=24725) to work on /home/airflow/.local/lib/python3.12/site-packages/airflow/example_dags/example_python_operator.py
[2026-05-12T06:41:50.581+0000] {processor.py:830} INFO - Processing file /home/airflow/.local/lib/python3.12/site-packages/airflow/example_dags/example_python_operator.py for tasks to queue
[2026-05-12T06:41:50.583+0000] {logging_mixin.py:188} INFO - [2026-05-12T06:41:50.582+0000] {dagbag.py:545} INFO - Filling up the DagBag from /home/airflow/.local/lib/python3.12/site-packages/airflow/example_dags/example_python_operator.py
[2026-05-12T06:41:50.600+0000] {processor.py:840} INFO - DAG(s) 'example_python_operator' retrieved from /home/airflow/.local/lib/python3.12/site-packages/airflow/example_dags/example_python_operator.py
[2026-05-12T06:41:50.639+0000] {logging_mixin.py:188} INFO - [2026-05-12T06:41:50.639+0000] {dag.py:3089} INFO - Sync 1 DAGs
[2026-05-12T06:41:50.658+0000] {logging_mixin.py:188} INFO - [2026-05-12T06:41:50.658+0000] {dag.py:3947} INFO - Setting next_dagrun for example_python_operator to None, run_after=None
[2026-05-12T06:41:50.688+0000] {processor.py:183} INFO - Processing /home/airflow/.local/lib/python3.12/site-packages/airflow/example_dags/example_python_operator.py took 0.121 seconds
[2026-05-12T06:42:21.061+0000] {processor.py:161} INFO - Started process (PID=24793) to work on /home/airflow/.local/lib/python3.12/site-packages/airflow/example_dags/example_python_operator.py
[2026-05-12T06:42:21.063+0000] {processor.py:830} INFO - Processing file /home/airflow/.local/lib/python3.12/site-packages/airflow/example_dags/example_python_operator.py for tasks to queue
[2026-05-12T06:42:21.065+0000] {logging_mixin.py:188} INFO - [2026-05-12T06:42:21.065+0000] {dagbag.py:545} INFO - Filling up the DagBag from /home/airflow/.local/lib/python3.12/site-packages/airflow/example_dags/example_python_operator.py
[2026-05-12T06:42:21.082+0000] {processor.py:840} INFO - DAG(s) 'example_python_operator' retrieved from /home/airflow/.local/lib/python3.12/site-packages/airflow/example_dags/example_python_operator.py
[2026-05-12T06:42:21.131+0000] {logging_mixin.py:188} INFO - [2026-05-12T06:42:21.130+0000] {dag.py:3089} INFO - Sync 1 DAGs
[2026-05-12T06:42:21.151+0000] {logging_mixin.py:188} INFO - [2026-05-12T06:42:21.151+0000] {dag.py:3947} INFO - Setting next_dagrun for example_python_operator to None, run_after=None
[2026-05-12T06:42:21.221+0000] {processor.py:183} INFO - Processing /home/airflow/.local/lib/python3.12/site-packages/airflow/example_dags/example_python_operator.py took 0.169 seconds
[2026-05-12T06:42:51.664+0000] {processor.py:161} INFO - Started process (PID=24859) to work on /home/airflow/.local/lib/python3.12/site-packages/airflow/example_dags/example_python_operator.py
[2026-05-12T06:42:51.667+0000] {processor.py:830} INFO - Processing file /home/airflow/.local/lib/python3.12/site-packages/airflow/example_dags/example_python_operator.py for tasks to queue
[2026-05-12T06:42:51.669+0000] {logging_mixin.py:188} INFO - [2026-05-12T06:42:51.668+0000] {dagbag.py:545} INFO - Filling up the DagBag from /home/airflow/.local/lib/python3.12/site-packages/airflow/example_dags/example_python_operator.py
[2026-05-12T06:42:51.687+0000] {processor.py:840} INFO - DAG(s) 'example_python_operator' retrieved from /home/airflow/.local/lib/python3.12/site-packages/airflow/example_dags/example_python_operator.py
[2026-05-12T06:42:51.731+0000] {logging_mixin.py:188} INFO - [2026-05-12T06:42:51.730+0000] {dag.py:3089} INFO - Sync 1 DAGs
[2026-05-12T06:42:51.755+0000] {logging_mixin.py:188} INFO - [2026-05-12T06:42:51.755+0000] {dag.py:3947} INFO - Setting next_dagrun for example_python_operator to None, run_after=None
[2026-05-12T06:42:51.798+0000] {processor.py:183} INFO - Processing /home/airflow/.local/lib/python3.12/site-packages/airflow/example_dags/example_python_operator.py took 0.147 seconds
[2026-05-12T06:43:22.285+0000] {processor.py:161} INFO - Started process (PID=24927) to work on /home/airflow/.local/lib/python3.12/site-packages/airflow/example_dags/example_python_operator.py
[2026-05-12T06:43:22.287+0000] {processor.py:830} INFO - Processing file /home/airflow/.local/lib/python3.12/site-packages/airflow/example_dags/example_python_operator.py for tasks to queue
[2026-05-12T06:43:22.289+0000] {logging_mixin.py:188} INFO - [2026-05-12T06:43:22.288+0000] {dagbag.py:545} INFO - Filling up the DagBag from /home/airflow/.local/lib/python3.12/site-packages/airflow/example_dags/example_python_operator.py
[2026-05-12T06:43:22.308+0000] {processor.py:840} INFO - DAG(s) 'example_python_operator' retrieved from /home/airflow/.local/lib/python3.12/site-packages/airflow/example_dags/example_python_operator.py
[2026-05-12T06:43:22.342+0000] {logging_mixin.py:188} INFO - [2026-05-12T06:43:22.341+0000] {dag.py:3089} INFO - Sync 1 DAGs
[2026-05-12T06:43:22.359+0000] {logging_mixin.py:188} INFO - [2026-05-12T06:43:22.359+0000] {dag.py:3947} INFO - Setting next_dagrun for example_python_operator to None, run_after=None
[2026-05-12T06:43:22.405+0000] {processor.py:183} INFO - Processing /home/airflow/.local/lib/python3.12/site-packages/airflow/example_dags/example_python_operator.py took 0.131 seconds
[2026-05-12T06:43:52.757+0000] {processor.py:161} INFO - Started process (PID=24995) to work on /home/airflow/.local/lib/python3.12/site-packages/airflow/example_dags/example_python_operator.py
[2026-05-12T06:43:52.760+0000] {processor.py:830} INFO - Processing file /home/airflow/.local/lib/python3.12/site-packages/airflow/example_dags/example_python_operator.py for tasks to queue
[2026-05-12T06:43:52.765+0000] {logging_mixin.py:188} INFO - [2026-05-12T06:43:52.764+0000] {dagbag.py:545} INFO - Filling up the DagBag from /home/airflow/.local/lib/python3.12/site-packages/airflow/example_dags/example_python_operator.py
[2026-05-12T06:43:52.786+0000] {processor.py:840} INFO - DAG(s) 'example_python_operator' retrieved from /home/airflow/.local/lib/python3.12/site-packages/airflow/example_dags/example_python_operator.py
[2026-05-12T06:43:52.841+0000] {logging_mixin.py:188} INFO - [2026-05-12T06:43:52.840+0000] {dag.py:3089} INFO - Sync 1 DAGs
[2026-05-12T06:43:52.867+0000] {logging_mixin.py:188} INFO - [2026-05-12T06:43:52.866+0000] {dag.py:3947} INFO - Setting next_dagrun for example_python_operator to None, run_after=None
[2026-05-12T06:43:52.941+0000] {processor.py:183} INFO - Processing /home/airflow/.local/lib/python3.12/site-packages/airflow/example_dags/example_python_operator.py took 0.194 seconds
[2026-05-12T06:44:23.263+0000] {processor.py:161} INFO - Started process (PID=25062) to work on /home/airflow/.local/lib/python3.12/site-packages/airflow/example_dags/example_python_operator.py
[2026-05-12T06:44:23.266+0000] {processor.py:830} INFO - Processing file /home/airflow/.local/lib/python3.12/site-packages/airflow/example_dags/example_python_operator.py for tasks to queue
[2026-05-12T06:44:23.269+0000] {logging_mixin.py:188} INFO - [2026-05-12T06:44:23.268+0000] {dagbag.py:545} INFO - Filling up the DagBag from /home/airflow/.local/lib/python3.12/site-packages/airflow/example_dags/example_python_operator.py
[2026-05-12T06:44:23.287+0000] {processor.py:840} INFO - DAG(s) 'example_python_operator' retrieved from /home/airflow/.local/lib/python3.12/site-packages/airflow/example_dags/example_python_operator.py
[2026-05-12T06:44:23.330+0000] {logging_mixin.py:188} INFO - [2026-05-12T06:44:23.329+0000] {dag.py:3089} INFO - Sync 1 DAGs
[2026-05-12T06:44:23.348+0000] {logging_mixin.py:188} INFO - [2026-05-12T06:44:23.348+0000] {dag.py:3947} INFO - Setting next_dagrun for example_python_operator to None, run_after=None
[2026-05-12T06:44:23.381+0000] {processor.py:183} INFO - Processing /home/airflow/.local/lib/python3.12/site-packages/airflow/example_dags/example_python_operator.py took 0.131 seconds
[2026-05-12T06:44:54.060+0000] {processor.py:161} INFO - Started process (PID=25136) to work on /home/airflow/.local/lib/python3.12/site-packages/airflow/example_dags/example_python_operator.py
[2026-05-12T06:44:54.062+0000] {processor.py:830} INFO - Processing file /home/airflow/.local/lib/python3.12/site-packages/airflow/example_dags/example_python_operator.py for tasks to queue
[2026-05-12T06:44:54.063+0000] {logging_mixin.py:188} INFO - [2026-05-12T06:44:54.063+0000] {dagbag.py:545} INFO - Filling up the DagBag from /home/airflow/.local/lib/python3.12/site-packages/airflow/example_dags/example_python_operator.py
[2026-05-12T06:44:54.081+0000] {processor.py:840} INFO - DAG(s) 'example_python_operator' retrieved from /home/airflow/.local/lib/python3.12/site-packages/airflow/example_dags/example_python_operator.py
[2026-05-12T06:44:54.123+0000] {logging_mixin.py:188} INFO - [2026-05-12T06:44:54.123+0000] {dag.py:3089} INFO - Sync 1 DAGs
[2026-05-12T06:44:54.145+0000] {logging_mixin.py:188} INFO - [2026-05-12T06:44:54.145+0000] {dag.py:3947} INFO - Setting next_dagrun for example_python_operator to None, run_after=None
[2026-05-12T06:44:54.182+0000] {processor.py:183} INFO - Processing /home/airflow/.local/lib/python3.12/site-packages/airflow/example_dags/example_python_operator.py took 0.134 seconds
[2026-05-12T06:45:24.357+0000] {processor.py:161} INFO - Started process (PID=25204) to work on /home/airflow/.local/lib/python3.12/site-packages/airflow/example_dags/example_python_operator.py
[2026-05-12T06:45:24.359+0000] {processor.py:830} INFO - Processing file /home/airflow/.local/lib/python3.12/site-packages/airflow/example_dags/example_python_operator.py for tasks to queue
[2026-05-12T06:45:24.360+0000] {logging_mixin.py:188} INFO - [2026-05-12T06:45:24.360+0000] {dagbag.py:545} INFO - Filling up the DagBag from /home/airflow/.local/lib/python3.12/site-packages/airflow/example_dags/example_python_operator.py
[2026-05-12T06:45:24.376+0000] {processor.py:840} INFO - DAG(s) 'example_python_operator' retrieved from /home/airflow/.local/lib/python3.12/site-packages/airflow/example_dags/example_python_operator.py
[2026-05-12T06:45:24.417+0000] {logging_mixin.py:188} INFO - [2026-05-12T06:45:24.416+0000] {dag.py:3089} INFO - Sync 1 DAGs
[2026-05-12T06:45:24.439+0000] {logging_mixin.py:188} INFO - [2026-05-12T06:45:24.439+0000] {dag.py:3947} INFO - Setting next_dagrun for example_python_operator to None, run_after=None
[2026-05-12T06:45:24.475+0000] {processor.py:183} INFO - Processing /home/airflow/.local/lib/python3.12/site-packages/airflow/example_dags/example_python_operator.py took 0.132 seconds
[2026-05-12T06:45:55.424+0000] {processor.py:161} INFO - Started process (PID=25272) to work on /home/airflow/.local/lib/python3.12/site-packages/airflow/example_dags/example_python_operator.py
[2026-05-12T06:45:55.426+0000] {processor.py:830} INFO - Processing file /home/airflow/.local/lib/python3.12/site-packages/airflow/example_dags/example_python_operator.py for tasks to queue
[2026-05-12T06:45:55.429+0000] {logging_mixin.py:188} INFO - [2026-05-12T06:45:55.429+0000] {dagbag.py:545} INFO - Filling up the DagBag from /home/airflow/.local/lib/python3.12/site-packages/airflow/example_dags/example_python_operator.py
[2026-05-12T06:45:55.451+0000] {processor.py:840} INFO - DAG(s) 'example_python_operator' retrieved from /home/airflow/.local/lib/python3.12/site-packages/airflow/example_dags/example_python_operator.py
[2026-05-12T06:45:55.501+0000] {logging_mixin.py:188} INFO - [2026-05-12T06:45:55.501+0000] {dag.py:3089} INFO - Sync 1 DAGs
[2026-05-12T06:45:55.520+0000] {logging_mixin.py:188} INFO - [2026-05-12T06:45:55.520+0000] {dag.py:3947} INFO - Setting next_dagrun for example_python_operator to None, run_after=None
[2026-05-12T06:45:55.558+0000] {processor.py:183} INFO - Processing /home/airflow/.local/lib/python3.12/site-packages/airflow/example_dags/example_python_operator.py took 0.151 seconds
[2026-05-12T06:46:25.792+0000] {processor.py:161} INFO - Started process (PID=25339) to work on /home/airflow/.local/lib/python3.12/site-packages/airflow/example_dags/example_python_operator.py
[2026-05-12T06:46:25.793+0000] {processor.py:830} INFO - Processing file /home/airflow/.local/lib/python3.12/site-packages/airflow/example_dags/example_python_operator.py for tasks to queue
[2026-05-12T06:46:25.795+0000] {logging_mixin.py:188} INFO - [2026-05-12T06:46:25.795+0000] {dagbag.py:545} INFO - Filling up the DagBag from /home/airflow/.local/lib/python3.12/site-packages/airflow/example_dags/example_python_operator.py
[2026-05-12T06:46:25.811+0000] {processor.py:840} INFO - DAG(s) 'example_python_operator' retrieved from /home/airflow/.local/lib/python3.12/site-packages/airflow/example_dags/example_python_operator.py
[2026-05-12T06:46:25.846+0000] {logging_mixin.py:188} INFO - [2026-05-12T06:46:25.846+0000] {dag.py:3089} INFO - Sync 1 DAGs
[2026-05-12T06:46:25.867+0000] {logging_mixin.py:188} INFO - [2026-05-12T06:46:25.866+0000] {dag.py:3947} INFO - Setting next_dagrun for example_python_operator to None, run_after=None
[2026-05-12T06:46:25.901+0000] {processor.py:183} INFO - Processing /home/airflow/.local/lib/python3.12/site-packages/airflow/example_dags/example_python_operator.py took 0.119 seconds
[2026-05-12T06:46:57.202+0000] {processor.py:161} INFO - Started process (PID=25407) to work on /home/airflow/.local/lib/python3.12/site-packages/airflow/example_dags/example_python_operator.py
[2026-05-12T06:46:57.207+0000] {processor.py:830} INFO - Processing file /home/airflow/.local/lib/python3.12/site-packages/airflow/example_dags/example_python_operator.py for tasks to queue
[2026-05-12T06:46:57.211+0000] {logging_mixin.py:188} INFO - [2026-05-12T06:46:57.210+0000] {dagbag.py:545} INFO - Filling up the DagBag from /home/airflow/.local/lib/python3.12/site-packages/airflow/example_dags/example_python_operator.py
[2026-05-12T06:46:57.230+0000] {processor.py:840} INFO - DAG(s) 'example_python_operator' retrieved from /home/airflow/.local/lib/python3.12/site-packages/airflow/example_dags/example_python_operator.py
[2026-05-12T06:46:57.271+0000] {logging_mixin.py:188} INFO - [2026-05-12T06:46:57.271+0000] {dag.py:3089} INFO - Sync 1 DAGs
[2026-05-12T06:46:57.292+0000] {logging_mixin.py:188} INFO - [2026-05-12T06:46:57.292+0000] {dag.py:3947} INFO - Setting next_dagrun for example_python_operator to None, run_after=None
[2026-05-12T06:46:57.351+0000] {processor.py:183} INFO - Processing /home/airflow/.local/lib/python3.12/site-packages/airflow/example_dags/example_python_operator.py took 0.160 seconds
[2026-05-12T06:47:28.523+0000] {processor.py:161} INFO - Started process (PID=25482) to work on /home/airflow/.local/lib/python3.12/site-packages/airflow/example_dags/example_python_operator.py
[2026-05-12T06:47:28.525+0000] {processor.py:830} INFO - Processing file /home/airflow/.local/lib/python3.12/site-packages/airflow/example_dags/example_python_operator.py for tasks to queue
[2026-05-12T06:47:28.526+0000] {logging_mixin.py:188} INFO - [2026-05-12T06:47:28.526+0000] {dagbag.py:545} INFO - Filling up the DagBag from /home/airflow/.local/lib/python3.12/site-packages/airflow/example_dags/example_python_operator.py
[2026-05-12T06:47:28.542+0000] {processor.py:840} INFO - DAG(s) 'example_python_operator' retrieved from /home/airflow/.local/lib/python3.12/site-packages/airflow/example_dags/example_python_operator.py
[2026-05-12T06:47:28.581+0000] {logging_mixin.py:188} INFO - [2026-05-12T06:47:28.581+0000] {dag.py:3089} INFO - Sync 1 DAGs
[2026-05-12T06:47:28.600+0000] {logging_mixin.py:188} INFO - [2026-05-12T06:47:28.600+0000] {dag.py:3947} INFO - Setting next_dagrun for example_python_operator to None, run_after=None
[2026-05-12T06:47:28.657+0000] {processor.py:183} INFO - Processing /home/airflow/.local/lib/python3.12/site-packages/airflow/example_dags/example_python_operator.py took 0.146 seconds
[2026-05-12T06:47:59.376+0000] {processor.py:161} INFO - Started process (PID=25550) to work on /home/airflow/.local/lib/python3.12/site-packages/airflow/example_dags/example_python_operator.py
[2026-05-12T06:47:59.378+0000] {processor.py:830} INFO - Processing file /home/airflow/.local/lib/python3.12/site-packages/airflow/example_dags/example_python_operator.py for tasks to queue
[2026-05-12T06:47:59.380+0000] {logging_mixin.py:188} INFO - [2026-05-12T06:47:59.379+0000] {dagbag.py:545} INFO - Filling up the DagBag from /home/airflow/.local/lib/python3.12/site-packages/airflow/example_dags/example_python_operator.py
[2026-05-12T06:47:59.404+0000] {processor.py:840} INFO - DAG(s) 'example_python_operator' retrieved from /home/airflow/.local/lib/python3.12/site-packages/airflow/example_dags/example_python_operator.py
[2026-05-12T06:47:59.454+0000] {logging_mixin.py:188} INFO - [2026-05-12T06:47:59.453+0000] {dag.py:3089} INFO - Sync 1 DAGs
[2026-05-12T06:47:59.485+0000] {logging_mixin.py:188} INFO - [2026-05-12T06:47:59.484+0000] {dag.py:3947} INFO - Setting next_dagrun for example_python_operator to None, run_after=None
[2026-05-12T06:47:59.524+0000] {processor.py:183} INFO - Processing /home/airflow/.local/lib/python3.12/site-packages/airflow/example_dags/example_python_operator.py took 0.159 seconds
[2026-05-12T06:48:29.740+0000] {processor.py:161} INFO - Started process (PID=25616) to work on /home/airflow/.local/lib/python3.12/site-packages/airflow/example_dags/example_python_operator.py
[2026-05-12T06:48:29.742+0000] {processor.py:830} INFO - Processing file /home/airflow/.local/lib/python3.12/site-packages/airflow/example_dags/example_python_operator.py for tasks to queue
[2026-05-12T06:48:29.743+0000] {logging_mixin.py:188} INFO - [2026-05-12T06:48:29.743+0000] {dagbag.py:545} INFO - Filling up the DagBag from /home/airflow/.local/lib/python3.12/site-packages/airflow/example_dags/example_python_operator.py
[2026-05-12T06:48:29.766+0000] {processor.py:840} INFO - DAG(s) 'example_python_operator' retrieved from /home/airflow/.local/lib/python3.12/site-packages/airflow/example_dags/example_python_operator.py
[2026-05-12T06:48:29.820+0000] {logging_mixin.py:188} INFO - [2026-05-12T06:48:29.819+0000] {dag.py:3089} INFO - Sync 1 DAGs
[2026-05-12T06:48:29.843+0000] {logging_mixin.py:188} INFO - [2026-05-12T06:48:29.843+0000] {dag.py:3947} INFO - Setting next_dagrun for example_python_operator to None, run_after=None
[2026-05-12T06:48:30.131+0000] {processor.py:183} INFO - Processing /home/airflow/.local/lib/python3.12/site-packages/airflow/example_dags/example_python_operator.py took 0.401 seconds
[2026-05-12T06:49:00.849+0000] {processor.py:161} INFO - Started process (PID=25685) to work on /home/airflow/.local/lib/python3.12/site-packages/airflow/example_dags/example_python_operator.py
[2026-05-12T06:49:00.852+0000] {processor.py:830} INFO - Processing file /home/airflow/.local/lib/python3.12/site-packages/airflow/example_dags/example_python_operator.py for tasks to queue
[2026-05-12T06:49:00.855+0000] {logging_mixin.py:188} INFO - [2026-05-12T06:49:00.854+0000] {dagbag.py:545} INFO - Filling up the DagBag from /home/airflow/.local/lib/python3.12/site-packages/airflow/example_dags/example_python_operator.py
[2026-05-12T06:49:00.877+0000] {processor.py:840} INFO - DAG(s) 'example_python_operator' retrieved from /home/airflow/.local/lib/python3.12/site-packages/airflow/example_dags/example_python_operator.py
[2026-05-12T06:49:00.920+0000] {logging_mixin.py:188} INFO - [2026-05-12T06:49:00.920+0000] {dag.py:3089} INFO - Sync 1 DAGs
[2026-05-12T06:49:00.941+0000] {logging_mixin.py:188} INFO - [2026-05-12T06:49:00.941+0000] {dag.py:3947} INFO - Setting next_dagrun for example_python_operator to None, run_after=None
[2026-05-12T06:49:00.973+0000] {processor.py:183} INFO - Processing /home/airflow/.local/lib/python3.12/site-packages/airflow/example_dags/example_python_operator.py took 0.137 seconds
[2026-05-12T06:49:31.140+0000] {processor.py:161} INFO - Started process (PID=25752) to work on /home/airflow/.local/lib/python3.12/site-packages/airflow/example_dags/example_python_operator.py
[2026-05-12T06:49:31.143+0000] {processor.py:830} INFO - Processing file /home/airflow/.local/lib/python3.12/site-packages/airflow/example_dags/example_python_operator.py for tasks to queue
[2026-05-12T06:49:31.145+0000] {logging_mixin.py:188} INFO - [2026-05-12T06:49:31.144+0000] {dagbag.py:545} INFO - Filling up the DagBag from /home/airflow/.local/lib/python3.12/site-packages/airflow/example_dags/example_python_operator.py
[2026-05-12T06:49:31.163+0000] {processor.py:840} INFO - DAG(s) 'example_python_operator' retrieved from /home/airflow/.local/lib/python3.12/site-packages/airflow/example_dags/example_python_operator.py
[2026-05-12T06:49:31.205+0000] {logging_mixin.py:188} INFO - [2026-05-12T06:49:31.204+0000] {dag.py:3089} INFO - Sync 1 DAGs
[2026-05-12T06:49:31.224+0000] {logging_mixin.py:188} INFO - [2026-05-12T06:49:31.224+0000] {dag.py:3947} INFO - Setting next_dagrun for example_python_operator to None, run_after=None
[2026-05-12T06:49:31.268+0000] {processor.py:183} INFO - Processing /home/airflow/.local/lib/python3.12/site-packages/airflow/example_dags/example_python_operator.py took 0.142 seconds
[2026-05-12T06:50:01.630+0000] {processor.py:161} INFO - Started process (PID=25828) to work on /home/airflow/.local/lib/python3.12/site-packages/airflow/example_dags/example_python_operator.py
[2026-05-12T06:50:01.632+0000] {processor.py:830} INFO - Processing file /home/airflow/.local/lib/python3.12/site-packages/airflow/example_dags/example_python_operator.py for tasks to queue
[2026-05-12T06:50:01.634+0000] {logging_mixin.py:188} INFO - [2026-05-12T06:50:01.634+0000] {dagbag.py:545} INFO - Filling up the DagBag from /home/airflow/.local/lib/python3.12/site-packages/airflow/example_dags/example_python_operator.py
[2026-05-12T06:50:01.655+0000] {processor.py:840} INFO - DAG(s) 'example_python_operator' retrieved from /home/airflow/.local/lib/python3.12/site-packages/airflow/example_dags/example_python_operator.py
[2026-05-12T06:50:01.691+0000] {logging_mixin.py:188} INFO - [2026-05-12T06:50:01.691+0000] {dag.py:3089} INFO - Sync 1 DAGs
[2026-05-12T06:50:01.710+0000] {logging_mixin.py:188} INFO - [2026-05-12T06:50:01.710+0000] {dag.py:3947} INFO - Setting next_dagrun for example_python_operator to None, run_after=None
[2026-05-12T06:50:01.739+0000] {processor.py:183} INFO - Processing /home/airflow/.local/lib/python3.12/site-packages/airflow/example_dags/example_python_operator.py took 0.118 seconds
[2026-05-12T06:50:32.497+0000] {processor.py:161} INFO - Started process (PID=25896) to work on /home/airflow/.local/lib/python3.12/site-packages/airflow/example_dags/example_python_operator.py
[2026-05-12T06:50:32.499+0000] {processor.py:830} INFO - Processing file /home/airflow/.local/lib/python3.12/site-packages/airflow/example_dags/example_python_operator.py for tasks to queue
[2026-05-12T06:50:32.501+0000] {logging_mixin.py:188} INFO - [2026-05-12T06:50:32.500+0000] {dagbag.py:545} INFO - Filling up the DagBag from /home/airflow/.local/lib/python3.12/site-packages/airflow/example_dags/example_python_operator.py
[2026-05-12T06:50:32.518+0000] {processor.py:840} INFO - DAG(s) 'example_python_operator' retrieved from /home/airflow/.local/lib/python3.12/site-packages/airflow/example_dags/example_python_operator.py
[2026-05-12T06:50:32.564+0000] {logging_mixin.py:188} INFO - [2026-05-12T06:50:32.563+0000] {dag.py:3089} INFO - Sync 1 DAGs
[2026-05-12T06:50:32.895+0000] {logging_mixin.py:188} INFO - [2026-05-12T06:50:32.895+0000] {dag.py:3947} INFO - Setting next_dagrun for example_python_operator to None, run_after=None
[2026-05-12T06:50:32.932+0000] {processor.py:183} INFO - Processing /home/airflow/.local/lib/python3.12/site-packages/airflow/example_dags/example_python_operator.py took 0.445 seconds
[2026-05-12T06:51:03.507+0000] {processor.py:161} INFO - Started process (PID=25964) to work on /home/airflow/.local/lib/python3.12/site-packages/airflow/example_dags/example_python_operator.py
[2026-05-12T06:51:03.509+0000] {processor.py:830} INFO - Processing file /home/airflow/.local/lib/python3.12/site-packages/airflow/example_dags/example_python_operator.py for tasks to queue
[2026-05-12T06:51:03.510+0000] {logging_mixin.py:188} INFO - [2026-05-12T06:51:03.510+0000] {dagbag.py:545} INFO - Filling up the DagBag from /home/airflow/.local/lib/python3.12/site-packages/airflow/example_dags/example_python_operator.py
[2026-05-12T06:51:03.531+0000] {processor.py:840} INFO - DAG(s) 'example_python_operator' retrieved from /home/airflow/.local/lib/python3.12/site-packages/airflow/example_dags/example_python_operator.py
[2026-05-12T06:51:03.570+0000] {logging_mixin.py:188} INFO - [2026-05-12T06:51:03.570+0000] {dag.py:3089} INFO - Sync 1 DAGs
[2026-05-12T06:51:03.588+0000] {logging_mixin.py:188} INFO - [2026-05-12T06:51:03.587+0000] {dag.py:3947} INFO - Setting next_dagrun for example_python_operator to None, run_after=None
[2026-05-12T06:51:03.760+0000] {processor.py:183} INFO - Processing /home/airflow/.local/lib/python3.12/site-packages/airflow/example_dags/example_python_operator.py took 0.265 seconds
[2026-05-12T06:51:33.943+0000] {processor.py:161} INFO - Started process (PID=26032) to work on /home/airflow/.local/lib/python3.12/site-packages/airflow/example_dags/example_python_operator.py
[2026-05-12T06:51:33.945+0000] {processor.py:830} INFO - Processing file /home/airflow/.local/lib/python3.12/site-packages/airflow/example_dags/example_python_operator.py for tasks to queue
[2026-05-12T06:51:33.948+0000] {logging_mixin.py:188} INFO - [2026-05-12T06:51:33.947+0000] {dagbag.py:545} INFO - Filling up the DagBag from /home/airflow/.local/lib/python3.12/site-packages/airflow/example_dags/example_python_operator.py
[2026-05-12T06:51:33.971+0000] {processor.py:840} INFO - DAG(s) 'example_python_operator' retrieved from /home/airflow/.local/lib/python3.12/site-packages/airflow/example_dags/example_python_operator.py
[2026-05-12T06:51:34.018+0000] {logging_mixin.py:188} INFO - [2026-05-12T06:51:34.017+0000] {dag.py:3089} INFO - Sync 1 DAGs
[2026-05-12T06:51:34.041+0000] {logging_mixin.py:188} INFO - [2026-05-12T06:51:34.041+0000] {dag.py:3947} INFO - Setting next_dagrun for example_python_operator to None, run_after=None
[2026-05-12T06:51:34.187+0000] {processor.py:183} INFO - Processing /home/airflow/.local/lib/python3.12/site-packages/airflow/example_dags/example_python_operator.py took 0.260 seconds
[2026-05-12T06:52:04.724+0000] {processor.py:161} INFO - Started process (PID=26098) to work on /home/airflow/.local/lib/python3.12/site-packages/airflow/example_dags/example_python_operator.py
[2026-05-12T06:52:04.726+0000] {processor.py:830} INFO - Processing file /home/airflow/.local/lib/python3.12/site-packages/airflow/example_dags/example_python_operator.py for tasks to queue
[2026-05-12T06:52:04.728+0000] {logging_mixin.py:188} INFO - [2026-05-12T06:52:04.727+0000] {dagbag.py:545} INFO - Filling up the DagBag from /home/airflow/.local/lib/python3.12/site-packages/airflow/example_dags/example_python_operator.py
[2026-05-12T06:52:04.753+0000] {processor.py:840} INFO - DAG(s) 'example_python_operator' retrieved from /home/airflow/.local/lib/python3.12/site-packages/airflow/example_dags/example_python_operator.py
[2026-05-12T06:52:04.792+0000] {logging_mixin.py:188} INFO - [2026-05-12T06:52:04.792+0000] {dag.py:3089} INFO - Sync 1 DAGs
[2026-05-12T06:52:04.814+0000] {logging_mixin.py:188} INFO - [2026-05-12T06:52:04.814+0000] {dag.py:3947} INFO - Setting next_dagrun for example_python_operator to None, run_after=None
[2026-05-12T06:52:05.009+0000] {processor.py:183} INFO - Processing /home/airflow/.local/lib/python3.12/site-packages/airflow/example_dags/example_python_operator.py took 0.305 seconds
[2026-05-12T06:52:35.459+0000] {processor.py:161} INFO - Started process (PID=26173) to work on /home/airflow/.local/lib/python3.12/site-packages/airflow/example_dags/example_python_operator.py
[2026-05-12T06:52:35.461+0000] {processor.py:830} INFO - Processing file /home/airflow/.local/lib/python3.12/site-packages/airflow/example_dags/example_python_operator.py for tasks to queue
[2026-05-12T06:52:35.463+0000] {logging_mixin.py:188} INFO - [2026-05-12T06:52:35.463+0000] {dagbag.py:545} INFO - Filling up the DagBag from /home/airflow/.local/lib/python3.12/site-packages/airflow/example_dags/example_python_operator.py
[2026-05-12T06:52:35.487+0000] {processor.py:840} INFO - DAG(s) 'example_python_operator' retrieved from /home/airflow/.local/lib/python3.12/site-packages/airflow/example_dags/example_python_operator.py
[2026-05-12T06:52:35.528+0000] {logging_mixin.py:188} INFO - [2026-05-12T06:52:35.528+0000] {dag.py:3089} INFO - Sync 1 DAGs
[2026-05-12T06:52:35.551+0000] {logging_mixin.py:188} INFO - [2026-05-12T06:52:35.551+0000] {dag.py:3947} INFO - Setting next_dagrun for example_python_operator to None, run_after=None
[2026-05-12T06:52:35.592+0000] {processor.py:183} INFO - Processing /home/airflow/.local/lib/python3.12/site-packages/airflow/example_dags/example_python_operator.py took 0.144 seconds
[2026-05-12T06:53:05.699+0000] {processor.py:161} INFO - Started process (PID=26241) to work on /home/airflow/.local/lib/python3.12/site-packages/airflow/example_dags/example_python_operator.py
[2026-05-12T06:53:05.701+0000] {processor.py:830} INFO - Processing file /home/airflow/.local/lib/python3.12/site-packages/airflow/example_dags/example_python_operator.py for tasks to queue
[2026-05-12T06:53:05.703+0000] {logging_mixin.py:188} INFO - [2026-05-12T06:53:05.702+0000] {dagbag.py:545} INFO - Filling up the DagBag from /home/airflow/.local/lib/python3.12/site-packages/airflow/example_dags/example_python_operator.py
[2026-05-12T06:53:05.722+0000] {processor.py:840} INFO - DAG(s) 'example_python_operator' retrieved from /home/airflow/.local/lib/python3.12/site-packages/airflow/example_dags/example_python_operator.py
[2026-05-12T06:53:05.769+0000] {logging_mixin.py:188} INFO - [2026-05-12T06:53:05.769+0000] {dag.py:3089} INFO - Sync 1 DAGs
[2026-05-12T06:53:05.790+0000] {logging_mixin.py:188} INFO - [2026-05-12T06:53:05.789+0000] {dag.py:3947} INFO - Setting next_dagrun for example_python_operator to None, run_after=None
[2026-05-12T06:53:05.854+0000] {processor.py:183} INFO - Processing /home/airflow/.local/lib/python3.12/site-packages/airflow/example_dags/example_python_operator.py took 0.167 seconds
