[2026-05-03T06:48:37.957+0000] {processor.py:153} INFO - Started process (PID=48) to work on /home/airflow/.local/lib/python3.7/site-packages/airflow/example_dags/example_xcom.py
[2026-05-03T06:48:37.958+0000] {processor.py:743} INFO - Processing file /home/airflow/.local/lib/python3.7/site-packages/airflow/example_dags/example_xcom.py for tasks to queue
[2026-05-03T06:48:37.959+0000] {logging_mixin.py:137} INFO - [2026-05-03T06:48:37.959+0000] {dagbag.py:538} INFO - Filling up the DagBag from /home/airflow/.local/lib/python3.7/site-packages/airflow/example_dags/example_xcom.py
[2026-05-03T06:48:37.979+0000] {processor.py:753} INFO - DAG(s) dict_keys(['example_xcom']) retrieved from /home/airflow/.local/lib/python3.7/site-packages/airflow/example_dags/example_xcom.py
[2026-05-03T06:48:38.000+0000] {logging_mixin.py:137} INFO - [2026-05-03T06:48:38.000+0000] {dag.py:2690} INFO - Sync 1 DAGs
[2026-05-03T06:48:38.021+0000] {logging_mixin.py:137} INFO - [2026-05-03T06:48:38.020+0000] {dag.py:3441} INFO - Setting next_dagrun for example_xcom to 2021-01-01T00:00:00+00:00, run_after=2021-01-01T00:00:00+00:00
[2026-05-03T06:48:38.037+0000] {processor.py:175} INFO - Processing /home/airflow/.local/lib/python3.7/site-packages/airflow/example_dags/example_xcom.py took 0.082 seconds
[2026-05-03T06:49:08.776+0000] {processor.py:153} INFO - Started process (PID=160) to work on /home/airflow/.local/lib/python3.7/site-packages/airflow/example_dags/example_xcom.py
[2026-05-03T06:49:08.777+0000] {processor.py:743} INFO - Processing file /home/airflow/.local/lib/python3.7/site-packages/airflow/example_dags/example_xcom.py for tasks to queue
[2026-05-03T06:49:08.778+0000] {logging_mixin.py:137} INFO - [2026-05-03T06:49:08.778+0000] {dagbag.py:538} INFO - Filling up the DagBag from /home/airflow/.local/lib/python3.7/site-packages/airflow/example_dags/example_xcom.py
[2026-05-03T06:49:08.796+0000] {processor.py:753} INFO - DAG(s) dict_keys(['example_xcom']) retrieved from /home/airflow/.local/lib/python3.7/site-packages/airflow/example_dags/example_xcom.py
[2026-05-03T06:49:08.821+0000] {logging_mixin.py:137} INFO - [2026-05-03T06:49:08.821+0000] {dag.py:2690} INFO - Sync 1 DAGs
[2026-05-03T06:49:08.848+0000] {logging_mixin.py:137} INFO - [2026-05-03T06:49:08.847+0000] {dag.py:3441} INFO - Setting next_dagrun for example_xcom to 2021-01-01T00:00:00+00:00, run_after=2021-01-01T00:00:00+00:00
[2026-05-03T06:49:08.868+0000] {processor.py:175} INFO - Processing /home/airflow/.local/lib/python3.7/site-packages/airflow/example_dags/example_xcom.py took 0.095 seconds
[2026-05-03T06:49:39.797+0000] {processor.py:153} INFO - Started process (PID=247) to work on /home/airflow/.local/lib/python3.7/site-packages/airflow/example_dags/example_xcom.py
[2026-05-03T06:49:39.798+0000] {processor.py:743} INFO - Processing file /home/airflow/.local/lib/python3.7/site-packages/airflow/example_dags/example_xcom.py for tasks to queue
[2026-05-03T06:49:39.799+0000] {logging_mixin.py:137} INFO - [2026-05-03T06:49:39.799+0000] {dagbag.py:538} INFO - Filling up the DagBag from /home/airflow/.local/lib/python3.7/site-packages/airflow/example_dags/example_xcom.py
[2026-05-03T06:49:39.817+0000] {processor.py:753} INFO - DAG(s) dict_keys(['example_xcom']) retrieved from /home/airflow/.local/lib/python3.7/site-packages/airflow/example_dags/example_xcom.py
[2026-05-03T06:49:39.840+0000] {logging_mixin.py:137} INFO - [2026-05-03T06:49:39.840+0000] {dag.py:2690} INFO - Sync 1 DAGs
[2026-05-03T06:49:39.858+0000] {logging_mixin.py:137} INFO - [2026-05-03T06:49:39.858+0000] {dag.py:3441} INFO - Setting next_dagrun for example_xcom to 2021-01-01T00:00:00+00:00, run_after=2021-01-01T00:00:00+00:00
[2026-05-03T06:49:39.877+0000] {processor.py:175} INFO - Processing /home/airflow/.local/lib/python3.7/site-packages/airflow/example_dags/example_xcom.py took 0.082 seconds
[2026-05-03T06:50:10.814+0000] {processor.py:153} INFO - Started process (PID=359) to work on /home/airflow/.local/lib/python3.7/site-packages/airflow/example_dags/example_xcom.py
[2026-05-03T06:50:10.816+0000] {processor.py:743} INFO - Processing file /home/airflow/.local/lib/python3.7/site-packages/airflow/example_dags/example_xcom.py for tasks to queue
[2026-05-03T06:50:10.818+0000] {logging_mixin.py:137} INFO - [2026-05-03T06:50:10.818+0000] {dagbag.py:538} INFO - Filling up the DagBag from /home/airflow/.local/lib/python3.7/site-packages/airflow/example_dags/example_xcom.py
[2026-05-03T06:50:10.863+0000] {processor.py:753} INFO - DAG(s) dict_keys(['example_xcom']) retrieved from /home/airflow/.local/lib/python3.7/site-packages/airflow/example_dags/example_xcom.py
[2026-05-03T06:50:10.903+0000] {logging_mixin.py:137} INFO - [2026-05-03T06:50:10.903+0000] {dag.py:2690} INFO - Sync 1 DAGs
[2026-05-03T06:50:10.922+0000] {logging_mixin.py:137} INFO - [2026-05-03T06:50:10.922+0000] {dag.py:3441} INFO - Setting next_dagrun for example_xcom to 2021-01-01T00:00:00+00:00, run_after=2021-01-01T00:00:00+00:00
[2026-05-03T06:50:10.947+0000] {processor.py:175} INFO - Processing /home/airflow/.local/lib/python3.7/site-packages/airflow/example_dags/example_xcom.py took 0.141 seconds
[2026-05-03T06:50:41.082+0000] {processor.py:153} INFO - Started process (PID=447) to work on /home/airflow/.local/lib/python3.7/site-packages/airflow/example_dags/example_xcom.py
[2026-05-03T06:50:41.084+0000] {processor.py:743} INFO - Processing file /home/airflow/.local/lib/python3.7/site-packages/airflow/example_dags/example_xcom.py for tasks to queue
[2026-05-03T06:50:41.086+0000] {logging_mixin.py:137} INFO - [2026-05-03T06:50:41.086+0000] {dagbag.py:538} INFO - Filling up the DagBag from /home/airflow/.local/lib/python3.7/site-packages/airflow/example_dags/example_xcom.py
[2026-05-03T06:50:41.111+0000] {processor.py:753} INFO - DAG(s) dict_keys(['example_xcom']) retrieved from /home/airflow/.local/lib/python3.7/site-packages/airflow/example_dags/example_xcom.py
[2026-05-03T06:50:41.153+0000] {logging_mixin.py:137} INFO - [2026-05-03T06:50:41.153+0000] {dag.py:2690} INFO - Sync 1 DAGs
[2026-05-03T06:50:41.190+0000] {logging_mixin.py:137} INFO - [2026-05-03T06:50:41.189+0000] {dag.py:3441} INFO - Setting next_dagrun for example_xcom to 2021-01-01T00:00:00+00:00, run_after=2021-01-01T00:00:00+00:00
[2026-05-03T06:50:41.224+0000] {processor.py:175} INFO - Processing /home/airflow/.local/lib/python3.7/site-packages/airflow/example_dags/example_xcom.py took 0.145 seconds
[2026-05-03T06:51:11.476+0000] {processor.py:153} INFO - Started process (PID=559) to work on /home/airflow/.local/lib/python3.7/site-packages/airflow/example_dags/example_xcom.py
[2026-05-03T06:51:11.478+0000] {processor.py:743} INFO - Processing file /home/airflow/.local/lib/python3.7/site-packages/airflow/example_dags/example_xcom.py for tasks to queue
[2026-05-03T06:51:11.479+0000] {logging_mixin.py:137} INFO - [2026-05-03T06:51:11.479+0000] {dagbag.py:538} INFO - Filling up the DagBag from /home/airflow/.local/lib/python3.7/site-packages/airflow/example_dags/example_xcom.py
[2026-05-03T06:51:11.501+0000] {processor.py:753} INFO - DAG(s) dict_keys(['example_xcom']) retrieved from /home/airflow/.local/lib/python3.7/site-packages/airflow/example_dags/example_xcom.py
[2026-05-03T06:51:11.532+0000] {logging_mixin.py:137} INFO - [2026-05-03T06:51:11.532+0000] {dag.py:2690} INFO - Sync 1 DAGs
[2026-05-03T06:51:11.561+0000] {logging_mixin.py:137} INFO - [2026-05-03T06:51:11.561+0000] {dag.py:3441} INFO - Setting next_dagrun for example_xcom to 2021-01-01T00:00:00+00:00, run_after=2021-01-01T00:00:00+00:00
[2026-05-03T06:51:11.594+0000] {processor.py:175} INFO - Processing /home/airflow/.local/lib/python3.7/site-packages/airflow/example_dags/example_xcom.py took 0.122 seconds
[2026-05-03T06:51:42.124+0000] {processor.py:153} INFO - Started process (PID=656) to work on /home/airflow/.local/lib/python3.7/site-packages/airflow/example_dags/example_xcom.py
[2026-05-03T06:51:42.125+0000] {processor.py:743} INFO - Processing file /home/airflow/.local/lib/python3.7/site-packages/airflow/example_dags/example_xcom.py for tasks to queue
[2026-05-03T06:51:42.126+0000] {logging_mixin.py:137} INFO - [2026-05-03T06:51:42.126+0000] {dagbag.py:538} INFO - Filling up the DagBag from /home/airflow/.local/lib/python3.7/site-packages/airflow/example_dags/example_xcom.py
[2026-05-03T06:51:42.145+0000] {processor.py:753} INFO - DAG(s) dict_keys(['example_xcom']) retrieved from /home/airflow/.local/lib/python3.7/site-packages/airflow/example_dags/example_xcom.py
[2026-05-03T06:51:42.170+0000] {logging_mixin.py:137} INFO - [2026-05-03T06:51:42.170+0000] {dag.py:2690} INFO - Sync 1 DAGs
[2026-05-03T06:51:42.188+0000] {logging_mixin.py:137} INFO - [2026-05-03T06:51:42.188+0000] {dag.py:3441} INFO - Setting next_dagrun for example_xcom to 2021-01-01T00:00:00+00:00, run_after=2021-01-01T00:00:00+00:00
[2026-05-03T06:51:42.207+0000] {processor.py:175} INFO - Processing /home/airflow/.local/lib/python3.7/site-packages/airflow/example_dags/example_xcom.py took 0.086 seconds
[2026-05-03T06:52:13.218+0000] {processor.py:153} INFO - Started process (PID=759) to work on /home/airflow/.local/lib/python3.7/site-packages/airflow/example_dags/example_xcom.py
[2026-05-03T06:52:13.220+0000] {processor.py:743} INFO - Processing file /home/airflow/.local/lib/python3.7/site-packages/airflow/example_dags/example_xcom.py for tasks to queue
[2026-05-03T06:52:13.222+0000] {logging_mixin.py:137} INFO - [2026-05-03T06:52:13.221+0000] {dagbag.py:538} INFO - Filling up the DagBag from /home/airflow/.local/lib/python3.7/site-packages/airflow/example_dags/example_xcom.py
[2026-05-03T06:52:13.242+0000] {processor.py:753} INFO - DAG(s) dict_keys(['example_xcom']) retrieved from /home/airflow/.local/lib/python3.7/site-packages/airflow/example_dags/example_xcom.py
[2026-05-03T06:52:13.284+0000] {logging_mixin.py:137} INFO - [2026-05-03T06:52:13.283+0000] {dag.py:2690} INFO - Sync 1 DAGs
[2026-05-03T06:52:13.308+0000] {logging_mixin.py:137} INFO - [2026-05-03T06:52:13.308+0000] {dag.py:3441} INFO - Setting next_dagrun for example_xcom to 2021-01-01T00:00:00+00:00, run_after=2021-01-01T00:00:00+00:00
[2026-05-03T06:52:13.348+0000] {processor.py:175} INFO - Processing /home/airflow/.local/lib/python3.7/site-packages/airflow/example_dags/example_xcom.py took 0.137 seconds
[2026-05-03T06:52:43.984+0000] {processor.py:153} INFO - Started process (PID=872) to work on /home/airflow/.local/lib/python3.7/site-packages/airflow/example_dags/example_xcom.py
[2026-05-03T06:52:43.986+0000] {processor.py:743} INFO - Processing file /home/airflow/.local/lib/python3.7/site-packages/airflow/example_dags/example_xcom.py for tasks to queue
[2026-05-03T06:52:43.988+0000] {logging_mixin.py:137} INFO - [2026-05-03T06:52:43.988+0000] {dagbag.py:538} INFO - Filling up the DagBag from /home/airflow/.local/lib/python3.7/site-packages/airflow/example_dags/example_xcom.py
[2026-05-03T06:52:44.004+0000] {processor.py:753} INFO - DAG(s) dict_keys(['example_xcom']) retrieved from /home/airflow/.local/lib/python3.7/site-packages/airflow/example_dags/example_xcom.py
[2026-05-03T06:52:44.027+0000] {logging_mixin.py:137} INFO - [2026-05-03T06:52:44.027+0000] {dag.py:2690} INFO - Sync 1 DAGs
[2026-05-03T06:52:44.047+0000] {logging_mixin.py:137} INFO - [2026-05-03T06:52:44.047+0000] {dag.py:3441} INFO - Setting next_dagrun for example_xcom to 2021-01-01T00:00:00+00:00, run_after=2021-01-01T00:00:00+00:00
[2026-05-03T06:52:44.066+0000] {processor.py:175} INFO - Processing /home/airflow/.local/lib/python3.7/site-packages/airflow/example_dags/example_xcom.py took 0.084 seconds
[2026-05-03T06:53:15.040+0000] {processor.py:153} INFO - Started process (PID=960) to work on /home/airflow/.local/lib/python3.7/site-packages/airflow/example_dags/example_xcom.py
[2026-05-03T06:53:15.041+0000] {processor.py:743} INFO - Processing file /home/airflow/.local/lib/python3.7/site-packages/airflow/example_dags/example_xcom.py for tasks to queue
[2026-05-03T06:53:15.043+0000] {logging_mixin.py:137} INFO - [2026-05-03T06:53:15.043+0000] {dagbag.py:538} INFO - Filling up the DagBag from /home/airflow/.local/lib/python3.7/site-packages/airflow/example_dags/example_xcom.py
[2026-05-03T06:53:15.071+0000] {processor.py:753} INFO - DAG(s) dict_keys(['example_xcom']) retrieved from /home/airflow/.local/lib/python3.7/site-packages/airflow/example_dags/example_xcom.py
[2026-05-03T06:53:15.097+0000] {logging_mixin.py:137} INFO - [2026-05-03T06:53:15.097+0000] {dag.py:2690} INFO - Sync 1 DAGs
[2026-05-03T06:53:15.137+0000] {logging_mixin.py:137} INFO - [2026-05-03T06:53:15.136+0000] {dag.py:3441} INFO - Setting next_dagrun for example_xcom to 2021-01-01T00:00:00+00:00, run_after=2021-01-01T00:00:00+00:00
[2026-05-03T06:53:15.160+0000] {processor.py:175} INFO - Processing /home/airflow/.local/lib/python3.7/site-packages/airflow/example_dags/example_xcom.py took 0.126 seconds
[2026-05-03T06:53:45.634+0000] {processor.py:153} INFO - Started process (PID=1072) to work on /home/airflow/.local/lib/python3.7/site-packages/airflow/example_dags/example_xcom.py
[2026-05-03T06:53:45.635+0000] {processor.py:743} INFO - Processing file /home/airflow/.local/lib/python3.7/site-packages/airflow/example_dags/example_xcom.py for tasks to queue
[2026-05-03T06:53:45.636+0000] {logging_mixin.py:137} INFO - [2026-05-03T06:53:45.635+0000] {dagbag.py:538} INFO - Filling up the DagBag from /home/airflow/.local/lib/python3.7/site-packages/airflow/example_dags/example_xcom.py
[2026-05-03T06:53:45.652+0000] {processor.py:753} INFO - DAG(s) dict_keys(['example_xcom']) retrieved from /home/airflow/.local/lib/python3.7/site-packages/airflow/example_dags/example_xcom.py
[2026-05-03T06:53:45.681+0000] {logging_mixin.py:137} INFO - [2026-05-03T06:53:45.681+0000] {dag.py:2690} INFO - Sync 1 DAGs
[2026-05-03T06:53:45.702+0000] {logging_mixin.py:137} INFO - [2026-05-03T06:53:45.702+0000] {dag.py:3441} INFO - Setting next_dagrun for example_xcom to 2021-01-01T00:00:00+00:00, run_after=2021-01-01T00:00:00+00:00
[2026-05-03T06:53:45.723+0000] {processor.py:175} INFO - Processing /home/airflow/.local/lib/python3.7/site-packages/airflow/example_dags/example_xcom.py took 0.092 seconds
[2026-05-03T10:29:42.804+0000] {processor.py:153} INFO - Started process (PID=48) to work on /home/airflow/.local/lib/python3.7/site-packages/airflow/example_dags/example_xcom.py
[2026-05-03T10:29:42.805+0000] {processor.py:743} INFO - Processing file /home/airflow/.local/lib/python3.7/site-packages/airflow/example_dags/example_xcom.py for tasks to queue
[2026-05-03T10:29:42.806+0000] {logging_mixin.py:137} INFO - [2026-05-03T10:29:42.806+0000] {dagbag.py:538} INFO - Filling up the DagBag from /home/airflow/.local/lib/python3.7/site-packages/airflow/example_dags/example_xcom.py
[2026-05-03T10:29:42.827+0000] {processor.py:753} INFO - DAG(s) dict_keys(['example_xcom']) retrieved from /home/airflow/.local/lib/python3.7/site-packages/airflow/example_dags/example_xcom.py
[2026-05-03T10:29:42.839+0000] {logging_mixin.py:137} INFO - [2026-05-03T10:29:42.839+0000] {dag.py:2690} INFO - Sync 1 DAGs
[2026-05-03T10:29:42.859+0000] {logging_mixin.py:137} INFO - [2026-05-03T10:29:42.859+0000] {dag.py:3441} INFO - Setting next_dagrun for example_xcom to 2021-01-01T00:00:00+00:00, run_after=2021-01-01T00:00:00+00:00
[2026-05-03T10:29:42.875+0000] {processor.py:175} INFO - Processing /home/airflow/.local/lib/python3.7/site-packages/airflow/example_dags/example_xcom.py took 0.074 seconds
[2026-05-03T10:30:13.042+0000] {processor.py:153} INFO - Started process (PID=160) to work on /home/airflow/.local/lib/python3.7/site-packages/airflow/example_dags/example_xcom.py
[2026-05-03T10:30:13.044+0000] {processor.py:743} INFO - Processing file /home/airflow/.local/lib/python3.7/site-packages/airflow/example_dags/example_xcom.py for tasks to queue
[2026-05-03T10:30:13.046+0000] {logging_mixin.py:137} INFO - [2026-05-03T10:30:13.045+0000] {dagbag.py:538} INFO - Filling up the DagBag from /home/airflow/.local/lib/python3.7/site-packages/airflow/example_dags/example_xcom.py
[2026-05-03T10:30:13.086+0000] {processor.py:753} INFO - DAG(s) dict_keys(['example_xcom']) retrieved from /home/airflow/.local/lib/python3.7/site-packages/airflow/example_dags/example_xcom.py
[2026-05-03T10:30:13.131+0000] {logging_mixin.py:137} INFO - [2026-05-03T10:30:13.131+0000] {dag.py:2690} INFO - Sync 1 DAGs
[2026-05-03T10:30:13.170+0000] {logging_mixin.py:137} INFO - [2026-05-03T10:30:13.170+0000] {dag.py:3441} INFO - Setting next_dagrun for example_xcom to 2021-01-01T00:00:00+00:00, run_after=2021-01-01T00:00:00+00:00
[2026-05-03T10:30:13.208+0000] {processor.py:175} INFO - Processing /home/airflow/.local/lib/python3.7/site-packages/airflow/example_dags/example_xcom.py took 0.170 seconds
[2026-05-03T10:30:43.343+0000] {processor.py:153} INFO - Started process (PID=256) to work on /home/airflow/.local/lib/python3.7/site-packages/airflow/example_dags/example_xcom.py
[2026-05-03T10:30:43.345+0000] {processor.py:743} INFO - Processing file /home/airflow/.local/lib/python3.7/site-packages/airflow/example_dags/example_xcom.py for tasks to queue
[2026-05-03T10:30:43.345+0000] {logging_mixin.py:137} INFO - [2026-05-03T10:30:43.345+0000] {dagbag.py:538} INFO - Filling up the DagBag from /home/airflow/.local/lib/python3.7/site-packages/airflow/example_dags/example_xcom.py
[2026-05-03T10:30:43.363+0000] {processor.py:753} INFO - DAG(s) dict_keys(['example_xcom']) retrieved from /home/airflow/.local/lib/python3.7/site-packages/airflow/example_dags/example_xcom.py
[2026-05-03T10:30:43.384+0000] {logging_mixin.py:137} INFO - [2026-05-03T10:30:43.383+0000] {dag.py:2690} INFO - Sync 1 DAGs
[2026-05-03T10:30:43.402+0000] {logging_mixin.py:137} INFO - [2026-05-03T10:30:43.402+0000] {dag.py:3441} INFO - Setting next_dagrun for example_xcom to 2021-01-01T00:00:00+00:00, run_after=2021-01-01T00:00:00+00:00
[2026-05-03T10:30:43.421+0000] {processor.py:175} INFO - Processing /home/airflow/.local/lib/python3.7/site-packages/airflow/example_dags/example_xcom.py took 0.081 seconds
[2026-05-03T10:31:14.290+0000] {processor.py:153} INFO - Started process (PID=361) to work on /home/airflow/.local/lib/python3.7/site-packages/airflow/example_dags/example_xcom.py
[2026-05-03T10:31:14.292+0000] {processor.py:743} INFO - Processing file /home/airflow/.local/lib/python3.7/site-packages/airflow/example_dags/example_xcom.py for tasks to queue
[2026-05-03T10:31:14.293+0000] {logging_mixin.py:137} INFO - [2026-05-03T10:31:14.293+0000] {dagbag.py:538} INFO - Filling up the DagBag from /home/airflow/.local/lib/python3.7/site-packages/airflow/example_dags/example_xcom.py
[2026-05-03T10:31:14.331+0000] {processor.py:753} INFO - DAG(s) dict_keys(['example_xcom']) retrieved from /home/airflow/.local/lib/python3.7/site-packages/airflow/example_dags/example_xcom.py
[2026-05-03T10:31:14.371+0000] {logging_mixin.py:137} INFO - [2026-05-03T10:31:14.370+0000] {dag.py:2690} INFO - Sync 1 DAGs
[2026-05-03T10:31:14.402+0000] {logging_mixin.py:137} INFO - [2026-05-03T10:31:14.402+0000] {dag.py:3441} INFO - Setting next_dagrun for example_xcom to 2021-01-01T00:00:00+00:00, run_after=2021-01-01T00:00:00+00:00
[2026-05-03T10:31:14.433+0000] {processor.py:175} INFO - Processing /home/airflow/.local/lib/python3.7/site-packages/airflow/example_dags/example_xcom.py took 0.151 seconds
[2026-05-03T10:31:44.882+0000] {processor.py:153} INFO - Started process (PID=456) to work on /home/airflow/.local/lib/python3.7/site-packages/airflow/example_dags/example_xcom.py
[2026-05-03T10:31:44.883+0000] {processor.py:743} INFO - Processing file /home/airflow/.local/lib/python3.7/site-packages/airflow/example_dags/example_xcom.py for tasks to queue
[2026-05-03T10:31:44.884+0000] {logging_mixin.py:137} INFO - [2026-05-03T10:31:44.884+0000] {dagbag.py:538} INFO - Filling up the DagBag from /home/airflow/.local/lib/python3.7/site-packages/airflow/example_dags/example_xcom.py
[2026-05-03T10:31:44.903+0000] {processor.py:753} INFO - DAG(s) dict_keys(['example_xcom']) retrieved from /home/airflow/.local/lib/python3.7/site-packages/airflow/example_dags/example_xcom.py
[2026-05-03T10:31:44.939+0000] {logging_mixin.py:137} INFO - [2026-05-03T10:31:44.939+0000] {dag.py:2690} INFO - Sync 1 DAGs
[2026-05-03T10:31:44.962+0000] {logging_mixin.py:137} INFO - [2026-05-03T10:31:44.961+0000] {dag.py:3441} INFO - Setting next_dagrun for example_xcom to 2021-01-01T00:00:00+00:00, run_after=2021-01-01T00:00:00+00:00
[2026-05-03T10:31:44.990+0000] {processor.py:175} INFO - Processing /home/airflow/.local/lib/python3.7/site-packages/airflow/example_dags/example_xcom.py took 0.110 seconds
[2026-05-03T10:32:15.707+0000] {processor.py:153} INFO - Started process (PID=561) to work on /home/airflow/.local/lib/python3.7/site-packages/airflow/example_dags/example_xcom.py
[2026-05-03T10:32:15.709+0000] {processor.py:743} INFO - Processing file /home/airflow/.local/lib/python3.7/site-packages/airflow/example_dags/example_xcom.py for tasks to queue
[2026-05-03T10:32:15.711+0000] {logging_mixin.py:137} INFO - [2026-05-03T10:32:15.711+0000] {dagbag.py:538} INFO - Filling up the DagBag from /home/airflow/.local/lib/python3.7/site-packages/airflow/example_dags/example_xcom.py
[2026-05-03T10:32:15.735+0000] {processor.py:753} INFO - DAG(s) dict_keys(['example_xcom']) retrieved from /home/airflow/.local/lib/python3.7/site-packages/airflow/example_dags/example_xcom.py
[2026-05-03T10:32:15.762+0000] {logging_mixin.py:137} INFO - [2026-05-03T10:32:15.762+0000] {dag.py:2690} INFO - Sync 1 DAGs
[2026-05-03T10:32:15.786+0000] {logging_mixin.py:137} INFO - [2026-05-03T10:32:15.786+0000] {dag.py:3441} INFO - Setting next_dagrun for example_xcom to 2021-01-01T00:00:00+00:00, run_after=2021-01-01T00:00:00+00:00
[2026-05-03T10:32:15.809+0000] {processor.py:175} INFO - Processing /home/airflow/.local/lib/python3.7/site-packages/airflow/example_dags/example_xcom.py took 0.107 seconds
[2026-05-03T10:32:46.140+0000] {processor.py:153} INFO - Started process (PID=649) to work on /home/airflow/.local/lib/python3.7/site-packages/airflow/example_dags/example_xcom.py
[2026-05-03T10:32:46.188+0000] {processor.py:743} INFO - Processing file /home/airflow/.local/lib/python3.7/site-packages/airflow/example_dags/example_xcom.py for tasks to queue
[2026-05-03T10:32:46.191+0000] {logging_mixin.py:137} INFO - [2026-05-03T10:32:46.191+0000] {dagbag.py:538} INFO - Filling up the DagBag from /home/airflow/.local/lib/python3.7/site-packages/airflow/example_dags/example_xcom.py
[2026-05-03T10:32:46.231+0000] {processor.py:753} INFO - DAG(s) dict_keys(['example_xcom']) retrieved from /home/airflow/.local/lib/python3.7/site-packages/airflow/example_dags/example_xcom.py
[2026-05-03T10:32:46.279+0000] {logging_mixin.py:137} INFO - [2026-05-03T10:32:46.278+0000] {dag.py:2690} INFO - Sync 1 DAGs
[2026-05-03T10:32:46.332+0000] {logging_mixin.py:137} INFO - [2026-05-03T10:32:46.332+0000] {dag.py:3441} INFO - Setting next_dagrun for example_xcom to 2021-01-01T00:00:00+00:00, run_after=2021-01-01T00:00:00+00:00
[2026-05-03T10:32:46.370+0000] {processor.py:175} INFO - Processing /home/airflow/.local/lib/python3.7/site-packages/airflow/example_dags/example_xcom.py took 0.235 seconds
[2026-05-03T10:33:16.857+0000] {processor.py:153} INFO - Started process (PID=761) to work on /home/airflow/.local/lib/python3.7/site-packages/airflow/example_dags/example_xcom.py
[2026-05-03T10:33:16.858+0000] {processor.py:743} INFO - Processing file /home/airflow/.local/lib/python3.7/site-packages/airflow/example_dags/example_xcom.py for tasks to queue
[2026-05-03T10:33:16.860+0000] {logging_mixin.py:137} INFO - [2026-05-03T10:33:16.860+0000] {dagbag.py:538} INFO - Filling up the DagBag from /home/airflow/.local/lib/python3.7/site-packages/airflow/example_dags/example_xcom.py
[2026-05-03T10:33:16.896+0000] {processor.py:753} INFO - DAG(s) dict_keys(['example_xcom']) retrieved from /home/airflow/.local/lib/python3.7/site-packages/airflow/example_dags/example_xcom.py
[2026-05-03T10:33:16.946+0000] {logging_mixin.py:137} INFO - [2026-05-03T10:33:16.946+0000] {dag.py:2690} INFO - Sync 1 DAGs
[2026-05-03T10:33:16.985+0000] {logging_mixin.py:137} INFO - [2026-05-03T10:33:16.984+0000] {dag.py:3441} INFO - Setting next_dagrun for example_xcom to 2021-01-01T00:00:00+00:00, run_after=2021-01-01T00:00:00+00:00
[2026-05-03T10:33:17.029+0000] {processor.py:175} INFO - Processing /home/airflow/.local/lib/python3.7/site-packages/airflow/example_dags/example_xcom.py took 0.178 seconds
[2026-05-03T10:33:47.725+0000] {processor.py:153} INFO - Started process (PID=849) to work on /home/airflow/.local/lib/python3.7/site-packages/airflow/example_dags/example_xcom.py
[2026-05-03T10:33:47.727+0000] {processor.py:743} INFO - Processing file /home/airflow/.local/lib/python3.7/site-packages/airflow/example_dags/example_xcom.py for tasks to queue
[2026-05-03T10:33:47.729+0000] {logging_mixin.py:137} INFO - [2026-05-03T10:33:47.729+0000] {dagbag.py:538} INFO - Filling up the DagBag from /home/airflow/.local/lib/python3.7/site-packages/airflow/example_dags/example_xcom.py
[2026-05-03T10:33:47.774+0000] {processor.py:753} INFO - DAG(s) dict_keys(['example_xcom']) retrieved from /home/airflow/.local/lib/python3.7/site-packages/airflow/example_dags/example_xcom.py
[2026-05-03T10:33:47.818+0000] {logging_mixin.py:137} INFO - [2026-05-03T10:33:47.818+0000] {dag.py:2690} INFO - Sync 1 DAGs
[2026-05-03T10:33:47.869+0000] {logging_mixin.py:137} INFO - [2026-05-03T10:33:47.869+0000] {dag.py:3441} INFO - Setting next_dagrun for example_xcom to 2021-01-01T00:00:00+00:00, run_after=2021-01-01T00:00:00+00:00
[2026-05-03T10:33:47.910+0000] {processor.py:175} INFO - Processing /home/airflow/.local/lib/python3.7/site-packages/airflow/example_dags/example_xcom.py took 0.191 seconds
[2026-05-03T10:34:18.202+0000] {processor.py:153} INFO - Started process (PID=938) to work on /home/airflow/.local/lib/python3.7/site-packages/airflow/example_dags/example_xcom.py
[2026-05-03T10:34:18.204+0000] {processor.py:743} INFO - Processing file /home/airflow/.local/lib/python3.7/site-packages/airflow/example_dags/example_xcom.py for tasks to queue
[2026-05-03T10:34:18.206+0000] {logging_mixin.py:137} INFO - [2026-05-03T10:34:18.205+0000] {dagbag.py:538} INFO - Filling up the DagBag from /home/airflow/.local/lib/python3.7/site-packages/airflow/example_dags/example_xcom.py
[2026-05-03T10:34:18.249+0000] {processor.py:753} INFO - DAG(s) dict_keys(['example_xcom']) retrieved from /home/airflow/.local/lib/python3.7/site-packages/airflow/example_dags/example_xcom.py
[2026-05-03T10:34:18.304+0000] {logging_mixin.py:137} INFO - [2026-05-03T10:34:18.304+0000] {dag.py:2690} INFO - Sync 1 DAGs
[2026-05-03T10:34:18.345+0000] {logging_mixin.py:137} INFO - [2026-05-03T10:34:18.345+0000] {dag.py:3441} INFO - Setting next_dagrun for example_xcom to 2021-01-01T00:00:00+00:00, run_after=2021-01-01T00:00:00+00:00
[2026-05-03T10:34:18.393+0000] {processor.py:175} INFO - Processing /home/airflow/.local/lib/python3.7/site-packages/airflow/example_dags/example_xcom.py took 0.199 seconds
[2026-05-03T10:34:49.349+0000] {processor.py:153} INFO - Started process (PID=1034) to work on /home/airflow/.local/lib/python3.7/site-packages/airflow/example_dags/example_xcom.py
[2026-05-03T10:34:49.351+0000] {processor.py:743} INFO - Processing file /home/airflow/.local/lib/python3.7/site-packages/airflow/example_dags/example_xcom.py for tasks to queue
[2026-05-03T10:34:49.353+0000] {logging_mixin.py:137} INFO - [2026-05-03T10:34:49.353+0000] {dagbag.py:538} INFO - Filling up the DagBag from /home/airflow/.local/lib/python3.7/site-packages/airflow/example_dags/example_xcom.py
[2026-05-03T10:34:49.387+0000] {processor.py:753} INFO - DAG(s) dict_keys(['example_xcom']) retrieved from /home/airflow/.local/lib/python3.7/site-packages/airflow/example_dags/example_xcom.py
[2026-05-03T10:34:49.425+0000] {logging_mixin.py:137} INFO - [2026-05-03T10:34:49.425+0000] {dag.py:2690} INFO - Sync 1 DAGs
[2026-05-03T10:34:49.458+0000] {logging_mixin.py:137} INFO - [2026-05-03T10:34:49.458+0000] {dag.py:3441} INFO - Setting next_dagrun for example_xcom to 2021-01-01T00:00:00+00:00, run_after=2021-01-01T00:00:00+00:00
[2026-05-03T10:34:49.486+0000] {processor.py:175} INFO - Processing /home/airflow/.local/lib/python3.7/site-packages/airflow/example_dags/example_xcom.py took 0.141 seconds
[2026-05-03T10:35:19.908+0000] {processor.py:153} INFO - Started process (PID=1137) to work on /home/airflow/.local/lib/python3.7/site-packages/airflow/example_dags/example_xcom.py
[2026-05-03T10:35:19.909+0000] {processor.py:743} INFO - Processing file /home/airflow/.local/lib/python3.7/site-packages/airflow/example_dags/example_xcom.py for tasks to queue
[2026-05-03T10:35:19.911+0000] {logging_mixin.py:137} INFO - [2026-05-03T10:35:19.911+0000] {dagbag.py:538} INFO - Filling up the DagBag from /home/airflow/.local/lib/python3.7/site-packages/airflow/example_dags/example_xcom.py
[2026-05-03T10:35:19.944+0000] {processor.py:753} INFO - DAG(s) dict_keys(['example_xcom']) retrieved from /home/airflow/.local/lib/python3.7/site-packages/airflow/example_dags/example_xcom.py
[2026-05-03T10:35:19.984+0000] {logging_mixin.py:137} INFO - [2026-05-03T10:35:19.984+0000] {dag.py:2690} INFO - Sync 1 DAGs
[2026-05-03T10:35:20.021+0000] {logging_mixin.py:137} INFO - [2026-05-03T10:35:20.020+0000] {dag.py:3441} INFO - Setting next_dagrun for example_xcom to 2021-01-01T00:00:00+00:00, run_after=2021-01-01T00:00:00+00:00
[2026-05-03T10:35:20.059+0000] {processor.py:175} INFO - Processing /home/airflow/.local/lib/python3.7/site-packages/airflow/example_dags/example_xcom.py took 0.157 seconds
[2026-05-03T10:35:50.683+0000] {processor.py:153} INFO - Started process (PID=1225) to work on /home/airflow/.local/lib/python3.7/site-packages/airflow/example_dags/example_xcom.py
[2026-05-03T10:35:50.685+0000] {processor.py:743} INFO - Processing file /home/airflow/.local/lib/python3.7/site-packages/airflow/example_dags/example_xcom.py for tasks to queue
[2026-05-03T10:35:50.687+0000] {logging_mixin.py:137} INFO - [2026-05-03T10:35:50.687+0000] {dagbag.py:538} INFO - Filling up the DagBag from /home/airflow/.local/lib/python3.7/site-packages/airflow/example_dags/example_xcom.py
[2026-05-03T10:35:50.737+0000] {processor.py:753} INFO - DAG(s) dict_keys(['example_xcom']) retrieved from /home/airflow/.local/lib/python3.7/site-packages/airflow/example_dags/example_xcom.py
[2026-05-03T10:35:50.783+0000] {logging_mixin.py:137} INFO - [2026-05-03T10:35:50.782+0000] {dag.py:2690} INFO - Sync 1 DAGs
[2026-05-03T10:35:50.823+0000] {logging_mixin.py:137} INFO - [2026-05-03T10:35:50.823+0000] {dag.py:3441} INFO - Setting next_dagrun for example_xcom to 2021-01-01T00:00:00+00:00, run_after=2021-01-01T00:00:00+00:00
[2026-05-03T10:35:50.864+0000] {processor.py:175} INFO - Processing /home/airflow/.local/lib/python3.7/site-packages/airflow/example_dags/example_xcom.py took 0.188 seconds
[2026-05-03T10:36:21.619+0000] {processor.py:153} INFO - Started process (PID=1312) to work on /home/airflow/.local/lib/python3.7/site-packages/airflow/example_dags/example_xcom.py
[2026-05-03T10:36:21.621+0000] {processor.py:743} INFO - Processing file /home/airflow/.local/lib/python3.7/site-packages/airflow/example_dags/example_xcom.py for tasks to queue
[2026-05-03T10:36:21.623+0000] {logging_mixin.py:137} INFO - [2026-05-03T10:36:21.623+0000] {dagbag.py:538} INFO - Filling up the DagBag from /home/airflow/.local/lib/python3.7/site-packages/airflow/example_dags/example_xcom.py
[2026-05-03T10:36:21.662+0000] {processor.py:753} INFO - DAG(s) dict_keys(['example_xcom']) retrieved from /home/airflow/.local/lib/python3.7/site-packages/airflow/example_dags/example_xcom.py
[2026-05-03T10:36:21.710+0000] {logging_mixin.py:137} INFO - [2026-05-03T10:36:21.709+0000] {dag.py:2690} INFO - Sync 1 DAGs
[2026-05-03T10:36:21.761+0000] {logging_mixin.py:137} INFO - [2026-05-03T10:36:21.760+0000] {dag.py:3441} INFO - Setting next_dagrun for example_xcom to 2021-01-01T00:00:00+00:00, run_after=2021-01-01T00:00:00+00:00
[2026-05-03T10:36:21.818+0000] {processor.py:175} INFO - Processing /home/airflow/.local/lib/python3.7/site-packages/airflow/example_dags/example_xcom.py took 0.205 seconds
[2026-05-03T10:36:52.549+0000] {processor.py:153} INFO - Started process (PID=1424) to work on /home/airflow/.local/lib/python3.7/site-packages/airflow/example_dags/example_xcom.py
[2026-05-03T10:36:52.550+0000] {processor.py:743} INFO - Processing file /home/airflow/.local/lib/python3.7/site-packages/airflow/example_dags/example_xcom.py for tasks to queue
[2026-05-03T10:36:52.552+0000] {logging_mixin.py:137} INFO - [2026-05-03T10:36:52.551+0000] {dagbag.py:538} INFO - Filling up the DagBag from /home/airflow/.local/lib/python3.7/site-packages/airflow/example_dags/example_xcom.py
[2026-05-03T10:36:52.586+0000] {processor.py:753} INFO - DAG(s) dict_keys(['example_xcom']) retrieved from /home/airflow/.local/lib/python3.7/site-packages/airflow/example_dags/example_xcom.py
[2026-05-03T10:36:52.628+0000] {logging_mixin.py:137} INFO - [2026-05-03T10:36:52.627+0000] {dag.py:2690} INFO - Sync 1 DAGs
[2026-05-03T10:36:52.663+0000] {logging_mixin.py:137} INFO - [2026-05-03T10:36:52.663+0000] {dag.py:3441} INFO - Setting next_dagrun for example_xcom to 2021-01-01T00:00:00+00:00, run_after=2021-01-01T00:00:00+00:00
[2026-05-03T10:36:52.717+0000] {processor.py:175} INFO - Processing /home/airflow/.local/lib/python3.7/site-packages/airflow/example_dags/example_xcom.py took 0.174 seconds
[2026-05-03T10:37:23.548+0000] {processor.py:153} INFO - Started process (PID=1511) to work on /home/airflow/.local/lib/python3.7/site-packages/airflow/example_dags/example_xcom.py
[2026-05-03T10:37:23.552+0000] {processor.py:743} INFO - Processing file /home/airflow/.local/lib/python3.7/site-packages/airflow/example_dags/example_xcom.py for tasks to queue
[2026-05-03T10:37:23.556+0000] {logging_mixin.py:137} INFO - [2026-05-03T10:37:23.555+0000] {dagbag.py:538} INFO - Filling up the DagBag from /home/airflow/.local/lib/python3.7/site-packages/airflow/example_dags/example_xcom.py
[2026-05-03T10:37:23.614+0000] {processor.py:753} INFO - DAG(s) dict_keys(['example_xcom']) retrieved from /home/airflow/.local/lib/python3.7/site-packages/airflow/example_dags/example_xcom.py
[2026-05-03T10:37:23.670+0000] {logging_mixin.py:137} INFO - [2026-05-03T10:37:23.670+0000] {dag.py:2690} INFO - Sync 1 DAGs
[2026-05-03T10:37:23.709+0000] {logging_mixin.py:137} INFO - [2026-05-03T10:37:23.709+0000] {dag.py:3441} INFO - Setting next_dagrun for example_xcom to 2021-01-01T00:00:00+00:00, run_after=2021-01-01T00:00:00+00:00
[2026-05-03T10:37:23.750+0000] {processor.py:175} INFO - Processing /home/airflow/.local/lib/python3.7/site-packages/airflow/example_dags/example_xcom.py took 0.207 seconds
[2026-05-03T10:37:54.404+0000] {processor.py:153} INFO - Started process (PID=1599) to work on /home/airflow/.local/lib/python3.7/site-packages/airflow/example_dags/example_xcom.py
[2026-05-03T10:37:54.406+0000] {processor.py:743} INFO - Processing file /home/airflow/.local/lib/python3.7/site-packages/airflow/example_dags/example_xcom.py for tasks to queue
[2026-05-03T10:37:54.408+0000] {logging_mixin.py:137} INFO - [2026-05-03T10:37:54.408+0000] {dagbag.py:538} INFO - Filling up the DagBag from /home/airflow/.local/lib/python3.7/site-packages/airflow/example_dags/example_xcom.py
[2026-05-03T10:37:54.449+0000] {processor.py:753} INFO - DAG(s) dict_keys(['example_xcom']) retrieved from /home/airflow/.local/lib/python3.7/site-packages/airflow/example_dags/example_xcom.py
[2026-05-03T10:37:54.491+0000] {logging_mixin.py:137} INFO - [2026-05-03T10:37:54.491+0000] {dag.py:2690} INFO - Sync 1 DAGs
[2026-05-03T10:37:54.531+0000] {logging_mixin.py:137} INFO - [2026-05-03T10:37:54.530+0000] {dag.py:3441} INFO - Setting next_dagrun for example_xcom to 2021-01-01T00:00:00+00:00, run_after=2021-01-01T00:00:00+00:00
[2026-05-03T10:37:54.572+0000] {processor.py:175} INFO - Processing /home/airflow/.local/lib/python3.7/site-packages/airflow/example_dags/example_xcom.py took 0.174 seconds
[2026-05-03T10:38:25.204+0000] {processor.py:153} INFO - Started process (PID=1696) to work on /home/airflow/.local/lib/python3.7/site-packages/airflow/example_dags/example_xcom.py
[2026-05-03T10:38:25.207+0000] {processor.py:743} INFO - Processing file /home/airflow/.local/lib/python3.7/site-packages/airflow/example_dags/example_xcom.py for tasks to queue
[2026-05-03T10:38:25.209+0000] {logging_mixin.py:137} INFO - [2026-05-03T10:38:25.209+0000] {dagbag.py:538} INFO - Filling up the DagBag from /home/airflow/.local/lib/python3.7/site-packages/airflow/example_dags/example_xcom.py
[2026-05-03T10:38:25.247+0000] {processor.py:753} INFO - DAG(s) dict_keys(['example_xcom']) retrieved from /home/airflow/.local/lib/python3.7/site-packages/airflow/example_dags/example_xcom.py
[2026-05-03T10:38:25.289+0000] {logging_mixin.py:137} INFO - [2026-05-03T10:38:25.288+0000] {dag.py:2690} INFO - Sync 1 DAGs
[2026-05-03T10:38:25.323+0000] {logging_mixin.py:137} INFO - [2026-05-03T10:38:25.323+0000] {dag.py:3441} INFO - Setting next_dagrun for example_xcom to 2021-01-01T00:00:00+00:00, run_after=2021-01-01T00:00:00+00:00
[2026-05-03T10:38:25.356+0000] {processor.py:175} INFO - Processing /home/airflow/.local/lib/python3.7/site-packages/airflow/example_dags/example_xcom.py took 0.158 seconds
[2026-05-03T10:38:55.899+0000] {processor.py:153} INFO - Started process (PID=1799) to work on /home/airflow/.local/lib/python3.7/site-packages/airflow/example_dags/example_xcom.py
[2026-05-03T10:38:55.901+0000] {processor.py:743} INFO - Processing file /home/airflow/.local/lib/python3.7/site-packages/airflow/example_dags/example_xcom.py for tasks to queue
[2026-05-03T10:38:55.903+0000] {logging_mixin.py:137} INFO - [2026-05-03T10:38:55.902+0000] {dagbag.py:538} INFO - Filling up the DagBag from /home/airflow/.local/lib/python3.7/site-packages/airflow/example_dags/example_xcom.py
[2026-05-03T10:38:55.939+0000] {processor.py:753} INFO - DAG(s) dict_keys(['example_xcom']) retrieved from /home/airflow/.local/lib/python3.7/site-packages/airflow/example_dags/example_xcom.py
[2026-05-03T10:38:55.980+0000] {logging_mixin.py:137} INFO - [2026-05-03T10:38:55.979+0000] {dag.py:2690} INFO - Sync 1 DAGs
[2026-05-03T10:38:56.017+0000] {logging_mixin.py:137} INFO - [2026-05-03T10:38:56.017+0000] {dag.py:3441} INFO - Setting next_dagrun for example_xcom to 2021-01-01T00:00:00+00:00, run_after=2021-01-01T00:00:00+00:00
[2026-05-03T10:38:56.050+0000] {processor.py:175} INFO - Processing /home/airflow/.local/lib/python3.7/site-packages/airflow/example_dags/example_xcom.py took 0.157 seconds
[2026-05-03T10:39:26.724+0000] {processor.py:153} INFO - Started process (PID=1888) to work on /home/airflow/.local/lib/python3.7/site-packages/airflow/example_dags/example_xcom.py
[2026-05-03T10:39:26.729+0000] {processor.py:743} INFO - Processing file /home/airflow/.local/lib/python3.7/site-packages/airflow/example_dags/example_xcom.py for tasks to queue
[2026-05-03T10:39:26.731+0000] {logging_mixin.py:137} INFO - [2026-05-03T10:39:26.731+0000] {dagbag.py:538} INFO - Filling up the DagBag from /home/airflow/.local/lib/python3.7/site-packages/airflow/example_dags/example_xcom.py
[2026-05-03T10:39:26.768+0000] {processor.py:753} INFO - DAG(s) dict_keys(['example_xcom']) retrieved from /home/airflow/.local/lib/python3.7/site-packages/airflow/example_dags/example_xcom.py
[2026-05-03T10:39:26.826+0000] {logging_mixin.py:137} INFO - [2026-05-03T10:39:26.826+0000] {dag.py:2690} INFO - Sync 1 DAGs
[2026-05-03T10:39:26.872+0000] {logging_mixin.py:137} INFO - [2026-05-03T10:39:26.872+0000] {dag.py:3441} INFO - Setting next_dagrun for example_xcom to 2021-01-01T00:00:00+00:00, run_after=2021-01-01T00:00:00+00:00
[2026-05-03T10:39:26.910+0000] {processor.py:175} INFO - Processing /home/airflow/.local/lib/python3.7/site-packages/airflow/example_dags/example_xcom.py took 0.194 seconds
[2026-05-03T10:39:57.711+0000] {processor.py:153} INFO - Started process (PID=1976) to work on /home/airflow/.local/lib/python3.7/site-packages/airflow/example_dags/example_xcom.py
[2026-05-03T10:39:57.713+0000] {processor.py:743} INFO - Processing file /home/airflow/.local/lib/python3.7/site-packages/airflow/example_dags/example_xcom.py for tasks to queue
[2026-05-03T10:39:57.714+0000] {logging_mixin.py:137} INFO - [2026-05-03T10:39:57.714+0000] {dagbag.py:538} INFO - Filling up the DagBag from /home/airflow/.local/lib/python3.7/site-packages/airflow/example_dags/example_xcom.py
[2026-05-03T10:39:57.752+0000] {processor.py:753} INFO - DAG(s) dict_keys(['example_xcom']) retrieved from /home/airflow/.local/lib/python3.7/site-packages/airflow/example_dags/example_xcom.py
[2026-05-03T10:39:57.793+0000] {logging_mixin.py:137} INFO - [2026-05-03T10:39:57.793+0000] {dag.py:2690} INFO - Sync 1 DAGs
[2026-05-03T10:39:57.830+0000] {logging_mixin.py:137} INFO - [2026-05-03T10:39:57.830+0000] {dag.py:3441} INFO - Setting next_dagrun for example_xcom to 2021-01-01T00:00:00+00:00, run_after=2021-01-01T00:00:00+00:00
[2026-05-03T10:39:57.871+0000] {processor.py:175} INFO - Processing /home/airflow/.local/lib/python3.7/site-packages/airflow/example_dags/example_xcom.py took 0.165 seconds
[2026-05-03T10:40:28.119+0000] {processor.py:153} INFO - Started process (PID=2088) to work on /home/airflow/.local/lib/python3.7/site-packages/airflow/example_dags/example_xcom.py
[2026-05-03T10:40:28.122+0000] {processor.py:743} INFO - Processing file /home/airflow/.local/lib/python3.7/site-packages/airflow/example_dags/example_xcom.py for tasks to queue
[2026-05-03T10:40:28.123+0000] {logging_mixin.py:137} INFO - [2026-05-03T10:40:28.123+0000] {dagbag.py:538} INFO - Filling up the DagBag from /home/airflow/.local/lib/python3.7/site-packages/airflow/example_dags/example_xcom.py
[2026-05-03T10:40:28.157+0000] {processor.py:753} INFO - DAG(s) dict_keys(['example_xcom']) retrieved from /home/airflow/.local/lib/python3.7/site-packages/airflow/example_dags/example_xcom.py
[2026-05-03T10:40:28.194+0000] {logging_mixin.py:137} INFO - [2026-05-03T10:40:28.194+0000] {dag.py:2690} INFO - Sync 1 DAGs
[2026-05-03T10:40:28.232+0000] {logging_mixin.py:137} INFO - [2026-05-03T10:40:28.231+0000] {dag.py:3441} INFO - Setting next_dagrun for example_xcom to 2021-01-01T00:00:00+00:00, run_after=2021-01-01T00:00:00+00:00
[2026-05-03T10:40:28.265+0000] {processor.py:175} INFO - Processing /home/airflow/.local/lib/python3.7/site-packages/airflow/example_dags/example_xcom.py took 0.152 seconds
[2026-05-03T10:40:58.958+0000] {processor.py:153} INFO - Started process (PID=2176) to work on /home/airflow/.local/lib/python3.7/site-packages/airflow/example_dags/example_xcom.py
[2026-05-03T10:40:58.960+0000] {processor.py:743} INFO - Processing file /home/airflow/.local/lib/python3.7/site-packages/airflow/example_dags/example_xcom.py for tasks to queue
[2026-05-03T10:40:58.962+0000] {logging_mixin.py:137} INFO - [2026-05-03T10:40:58.961+0000] {dagbag.py:538} INFO - Filling up the DagBag from /home/airflow/.local/lib/python3.7/site-packages/airflow/example_dags/example_xcom.py
[2026-05-03T10:40:58.998+0000] {processor.py:753} INFO - DAG(s) dict_keys(['example_xcom']) retrieved from /home/airflow/.local/lib/python3.7/site-packages/airflow/example_dags/example_xcom.py
[2026-05-03T10:40:59.045+0000] {logging_mixin.py:137} INFO - [2026-05-03T10:40:59.045+0000] {dag.py:2690} INFO - Sync 1 DAGs
[2026-05-03T10:40:59.097+0000] {logging_mixin.py:137} INFO - [2026-05-03T10:40:59.096+0000] {dag.py:3441} INFO - Setting next_dagrun for example_xcom to 2021-01-01T00:00:00+00:00, run_after=2021-01-01T00:00:00+00:00
[2026-05-03T10:40:59.151+0000] {processor.py:175} INFO - Processing /home/airflow/.local/lib/python3.7/site-packages/airflow/example_dags/example_xcom.py took 0.199 seconds
[2026-05-03T10:41:29.495+0000] {processor.py:153} INFO - Started process (PID=2264) to work on /home/airflow/.local/lib/python3.7/site-packages/airflow/example_dags/example_xcom.py
[2026-05-03T10:41:29.504+0000] {processor.py:743} INFO - Processing file /home/airflow/.local/lib/python3.7/site-packages/airflow/example_dags/example_xcom.py for tasks to queue
[2026-05-03T10:41:29.514+0000] {logging_mixin.py:137} INFO - [2026-05-03T10:41:29.514+0000] {dagbag.py:538} INFO - Filling up the DagBag from /home/airflow/.local/lib/python3.7/site-packages/airflow/example_dags/example_xcom.py
[2026-05-03T10:41:29.546+0000] {processor.py:753} INFO - DAG(s) dict_keys(['example_xcom']) retrieved from /home/airflow/.local/lib/python3.7/site-packages/airflow/example_dags/example_xcom.py
[2026-05-03T10:41:29.594+0000] {logging_mixin.py:137} INFO - [2026-05-03T10:41:29.593+0000] {dag.py:2690} INFO - Sync 1 DAGs
[2026-05-03T10:41:29.650+0000] {logging_mixin.py:137} INFO - [2026-05-03T10:41:29.649+0000] {dag.py:3441} INFO - Setting next_dagrun for example_xcom to 2021-01-01T00:00:00+00:00, run_after=2021-01-01T00:00:00+00:00
[2026-05-03T10:41:29.683+0000] {processor.py:175} INFO - Processing /home/airflow/.local/lib/python3.7/site-packages/airflow/example_dags/example_xcom.py took 0.196 seconds
[2026-05-03T10:41:59.892+0000] {processor.py:153} INFO - Started process (PID=2358) to work on /home/airflow/.local/lib/python3.7/site-packages/airflow/example_dags/example_xcom.py
[2026-05-03T10:41:59.894+0000] {processor.py:743} INFO - Processing file /home/airflow/.local/lib/python3.7/site-packages/airflow/example_dags/example_xcom.py for tasks to queue
[2026-05-03T10:41:59.895+0000] {logging_mixin.py:137} INFO - [2026-05-03T10:41:59.895+0000] {dagbag.py:538} INFO - Filling up the DagBag from /home/airflow/.local/lib/python3.7/site-packages/airflow/example_dags/example_xcom.py
[2026-05-03T10:41:59.930+0000] {processor.py:753} INFO - DAG(s) dict_keys(['example_xcom']) retrieved from /home/airflow/.local/lib/python3.7/site-packages/airflow/example_dags/example_xcom.py
[2026-05-03T10:41:59.972+0000] {logging_mixin.py:137} INFO - [2026-05-03T10:41:59.972+0000] {dag.py:2690} INFO - Sync 1 DAGs
[2026-05-03T10:42:00.007+0000] {logging_mixin.py:137} INFO - [2026-05-03T10:42:00.007+0000] {dag.py:3441} INFO - Setting next_dagrun for example_xcom to 2021-01-01T00:00:00+00:00, run_after=2021-01-01T00:00:00+00:00
[2026-05-03T10:42:00.046+0000] {processor.py:175} INFO - Processing /home/airflow/.local/lib/python3.7/site-packages/airflow/example_dags/example_xcom.py took 0.159 seconds
[2026-05-03T10:42:30.606+0000] {processor.py:153} INFO - Started process (PID=2462) to work on /home/airflow/.local/lib/python3.7/site-packages/airflow/example_dags/example_xcom.py
[2026-05-03T10:42:30.609+0000] {processor.py:743} INFO - Processing file /home/airflow/.local/lib/python3.7/site-packages/airflow/example_dags/example_xcom.py for tasks to queue
[2026-05-03T10:42:30.611+0000] {logging_mixin.py:137} INFO - [2026-05-03T10:42:30.611+0000] {dagbag.py:538} INFO - Filling up the DagBag from /home/airflow/.local/lib/python3.7/site-packages/airflow/example_dags/example_xcom.py
[2026-05-03T10:42:30.645+0000] {processor.py:753} INFO - DAG(s) dict_keys(['example_xcom']) retrieved from /home/airflow/.local/lib/python3.7/site-packages/airflow/example_dags/example_xcom.py
[2026-05-03T10:42:30.692+0000] {logging_mixin.py:137} INFO - [2026-05-03T10:42:30.692+0000] {dag.py:2690} INFO - Sync 1 DAGs
[2026-05-03T10:42:30.732+0000] {logging_mixin.py:137} INFO - [2026-05-03T10:42:30.731+0000] {dag.py:3441} INFO - Setting next_dagrun for example_xcom to 2021-01-01T00:00:00+00:00, run_after=2021-01-01T00:00:00+00:00
[2026-05-03T10:42:30.766+0000] {processor.py:175} INFO - Processing /home/airflow/.local/lib/python3.7/site-packages/airflow/example_dags/example_xcom.py took 0.166 seconds
[2026-05-03T10:43:01.050+0000] {processor.py:153} INFO - Started process (PID=2550) to work on /home/airflow/.local/lib/python3.7/site-packages/airflow/example_dags/example_xcom.py
[2026-05-03T10:43:01.052+0000] {processor.py:743} INFO - Processing file /home/airflow/.local/lib/python3.7/site-packages/airflow/example_dags/example_xcom.py for tasks to queue
[2026-05-03T10:43:01.055+0000] {logging_mixin.py:137} INFO - [2026-05-03T10:43:01.054+0000] {dagbag.py:538} INFO - Filling up the DagBag from /home/airflow/.local/lib/python3.7/site-packages/airflow/example_dags/example_xcom.py
[2026-05-03T10:43:01.095+0000] {processor.py:753} INFO - DAG(s) dict_keys(['example_xcom']) retrieved from /home/airflow/.local/lib/python3.7/site-packages/airflow/example_dags/example_xcom.py
[2026-05-03T10:43:01.140+0000] {logging_mixin.py:137} INFO - [2026-05-03T10:43:01.139+0000] {dag.py:2690} INFO - Sync 1 DAGs
[2026-05-03T10:43:01.176+0000] {logging_mixin.py:137} INFO - [2026-05-03T10:43:01.176+0000] {dag.py:3441} INFO - Setting next_dagrun for example_xcom to 2021-01-01T00:00:00+00:00, run_after=2021-01-01T00:00:00+00:00
[2026-05-03T10:43:01.213+0000] {processor.py:175} INFO - Processing /home/airflow/.local/lib/python3.7/site-packages/airflow/example_dags/example_xcom.py took 0.169 seconds
[2026-05-03T10:43:31.735+0000] {processor.py:153} INFO - Started process (PID=2638) to work on /home/airflow/.local/lib/python3.7/site-packages/airflow/example_dags/example_xcom.py
[2026-05-03T10:43:31.740+0000] {processor.py:743} INFO - Processing file /home/airflow/.local/lib/python3.7/site-packages/airflow/example_dags/example_xcom.py for tasks to queue
[2026-05-03T10:43:31.744+0000] {logging_mixin.py:137} INFO - [2026-05-03T10:43:31.744+0000] {dagbag.py:538} INFO - Filling up the DagBag from /home/airflow/.local/lib/python3.7/site-packages/airflow/example_dags/example_xcom.py
[2026-05-03T10:43:31.787+0000] {processor.py:753} INFO - DAG(s) dict_keys(['example_xcom']) retrieved from /home/airflow/.local/lib/python3.7/site-packages/airflow/example_dags/example_xcom.py
[2026-05-03T10:43:31.841+0000] {logging_mixin.py:137} INFO - [2026-05-03T10:43:31.841+0000] {dag.py:2690} INFO - Sync 1 DAGs
[2026-05-03T10:43:31.877+0000] {logging_mixin.py:137} INFO - [2026-05-03T10:43:31.876+0000] {dag.py:3441} INFO - Setting next_dagrun for example_xcom to 2021-01-01T00:00:00+00:00, run_after=2021-01-01T00:00:00+00:00
[2026-05-03T10:43:31.923+0000] {processor.py:175} INFO - Processing /home/airflow/.local/lib/python3.7/site-packages/airflow/example_dags/example_xcom.py took 0.196 seconds
[2026-05-03T10:44:02.438+0000] {processor.py:153} INFO - Started process (PID=2750) to work on /home/airflow/.local/lib/python3.7/site-packages/airflow/example_dags/example_xcom.py
[2026-05-03T10:44:02.441+0000] {processor.py:743} INFO - Processing file /home/airflow/.local/lib/python3.7/site-packages/airflow/example_dags/example_xcom.py for tasks to queue
[2026-05-03T10:44:02.444+0000] {logging_mixin.py:137} INFO - [2026-05-03T10:44:02.443+0000] {dagbag.py:538} INFO - Filling up the DagBag from /home/airflow/.local/lib/python3.7/site-packages/airflow/example_dags/example_xcom.py
[2026-05-03T10:44:02.476+0000] {processor.py:753} INFO - DAG(s) dict_keys(['example_xcom']) retrieved from /home/airflow/.local/lib/python3.7/site-packages/airflow/example_dags/example_xcom.py
[2026-05-03T10:44:02.514+0000] {logging_mixin.py:137} INFO - [2026-05-03T10:44:02.514+0000] {dag.py:2690} INFO - Sync 1 DAGs
[2026-05-03T10:44:02.537+0000] {logging_mixin.py:137} INFO - [2026-05-03T10:44:02.537+0000] {dag.py:3441} INFO - Setting next_dagrun for example_xcom to 2021-01-01T00:00:00+00:00, run_after=2021-01-01T00:00:00+00:00
[2026-05-03T10:44:02.573+0000] {processor.py:175} INFO - Processing /home/airflow/.local/lib/python3.7/site-packages/airflow/example_dags/example_xcom.py took 0.143 seconds
[2026-05-03T10:44:33.038+0000] {processor.py:153} INFO - Started process (PID=2838) to work on /home/airflow/.local/lib/python3.7/site-packages/airflow/example_dags/example_xcom.py
[2026-05-03T10:44:33.040+0000] {processor.py:743} INFO - Processing file /home/airflow/.local/lib/python3.7/site-packages/airflow/example_dags/example_xcom.py for tasks to queue
[2026-05-03T10:44:33.042+0000] {logging_mixin.py:137} INFO - [2026-05-03T10:44:33.042+0000] {dagbag.py:538} INFO - Filling up the DagBag from /home/airflow/.local/lib/python3.7/site-packages/airflow/example_dags/example_xcom.py
[2026-05-03T10:44:33.074+0000] {processor.py:753} INFO - DAG(s) dict_keys(['example_xcom']) retrieved from /home/airflow/.local/lib/python3.7/site-packages/airflow/example_dags/example_xcom.py
[2026-05-03T10:44:33.119+0000] {logging_mixin.py:137} INFO - [2026-05-03T10:44:33.119+0000] {dag.py:2690} INFO - Sync 1 DAGs
[2026-05-03T10:44:33.147+0000] {logging_mixin.py:137} INFO - [2026-05-03T10:44:33.147+0000] {dag.py:3441} INFO - Setting next_dagrun for example_xcom to 2021-01-01T00:00:00+00:00, run_after=2021-01-01T00:00:00+00:00
[2026-05-03T10:44:33.173+0000] {processor.py:175} INFO - Processing /home/airflow/.local/lib/python3.7/site-packages/airflow/example_dags/example_xcom.py took 0.142 seconds
[2026-05-03T10:45:03.451+0000] {processor.py:153} INFO - Started process (PID=2950) to work on /home/airflow/.local/lib/python3.7/site-packages/airflow/example_dags/example_xcom.py
[2026-05-03T10:45:03.456+0000] {processor.py:743} INFO - Processing file /home/airflow/.local/lib/python3.7/site-packages/airflow/example_dags/example_xcom.py for tasks to queue
[2026-05-03T10:45:03.460+0000] {logging_mixin.py:137} INFO - [2026-05-03T10:45:03.459+0000] {dagbag.py:538} INFO - Filling up the DagBag from /home/airflow/.local/lib/python3.7/site-packages/airflow/example_dags/example_xcom.py
[2026-05-03T10:45:03.495+0000] {processor.py:753} INFO - DAG(s) dict_keys(['example_xcom']) retrieved from /home/airflow/.local/lib/python3.7/site-packages/airflow/example_dags/example_xcom.py
[2026-05-03T10:45:03.539+0000] {logging_mixin.py:137} INFO - [2026-05-03T10:45:03.538+0000] {dag.py:2690} INFO - Sync 1 DAGs
[2026-05-03T10:45:03.567+0000] {logging_mixin.py:137} INFO - [2026-05-03T10:45:03.567+0000] {dag.py:3441} INFO - Setting next_dagrun for example_xcom to 2021-01-01T00:00:00+00:00, run_after=2021-01-01T00:00:00+00:00
[2026-05-03T10:45:03.598+0000] {processor.py:175} INFO - Processing /home/airflow/.local/lib/python3.7/site-packages/airflow/example_dags/example_xcom.py took 0.155 seconds
[2026-05-03T10:45:34.442+0000] {processor.py:153} INFO - Started process (PID=3038) to work on /home/airflow/.local/lib/python3.7/site-packages/airflow/example_dags/example_xcom.py
[2026-05-03T10:45:34.445+0000] {processor.py:743} INFO - Processing file /home/airflow/.local/lib/python3.7/site-packages/airflow/example_dags/example_xcom.py for tasks to queue
[2026-05-03T10:45:34.452+0000] {logging_mixin.py:137} INFO - [2026-05-03T10:45:34.451+0000] {dagbag.py:538} INFO - Filling up the DagBag from /home/airflow/.local/lib/python3.7/site-packages/airflow/example_dags/example_xcom.py
[2026-05-03T10:45:34.488+0000] {processor.py:753} INFO - DAG(s) dict_keys(['example_xcom']) retrieved from /home/airflow/.local/lib/python3.7/site-packages/airflow/example_dags/example_xcom.py
[2026-05-03T10:45:34.534+0000] {logging_mixin.py:137} INFO - [2026-05-03T10:45:34.533+0000] {dag.py:2690} INFO - Sync 1 DAGs
[2026-05-03T10:45:34.576+0000] {logging_mixin.py:137} INFO - [2026-05-03T10:45:34.576+0000] {dag.py:3441} INFO - Setting next_dagrun for example_xcom to 2021-01-01T00:00:00+00:00, run_after=2021-01-01T00:00:00+00:00
[2026-05-03T10:45:34.620+0000] {processor.py:175} INFO - Processing /home/airflow/.local/lib/python3.7/site-packages/airflow/example_dags/example_xcom.py took 0.185 seconds
[2026-05-03T10:46:05.169+0000] {processor.py:153} INFO - Started process (PID=3150) to work on /home/airflow/.local/lib/python3.7/site-packages/airflow/example_dags/example_xcom.py
[2026-05-03T10:46:05.170+0000] {processor.py:743} INFO - Processing file /home/airflow/.local/lib/python3.7/site-packages/airflow/example_dags/example_xcom.py for tasks to queue
[2026-05-03T10:46:05.171+0000] {logging_mixin.py:137} INFO - [2026-05-03T10:46:05.171+0000] {dagbag.py:538} INFO - Filling up the DagBag from /home/airflow/.local/lib/python3.7/site-packages/airflow/example_dags/example_xcom.py
[2026-05-03T10:46:05.192+0000] {processor.py:753} INFO - DAG(s) dict_keys(['example_xcom']) retrieved from /home/airflow/.local/lib/python3.7/site-packages/airflow/example_dags/example_xcom.py
[2026-05-03T10:46:05.219+0000] {logging_mixin.py:137} INFO - [2026-05-03T10:46:05.219+0000] {dag.py:2690} INFO - Sync 1 DAGs
[2026-05-03T10:46:05.254+0000] {logging_mixin.py:137} INFO - [2026-05-03T10:46:05.254+0000] {dag.py:3441} INFO - Setting next_dagrun for example_xcom to 2021-01-01T00:00:00+00:00, run_after=2021-01-01T00:00:00+00:00
[2026-05-03T10:46:05.288+0000] {processor.py:175} INFO - Processing /home/airflow/.local/lib/python3.7/site-packages/airflow/example_dags/example_xcom.py took 0.123 seconds
[2026-05-03T10:46:35.513+0000] {processor.py:153} INFO - Started process (PID=3238) to work on /home/airflow/.local/lib/python3.7/site-packages/airflow/example_dags/example_xcom.py
[2026-05-03T10:46:35.514+0000] {processor.py:743} INFO - Processing file /home/airflow/.local/lib/python3.7/site-packages/airflow/example_dags/example_xcom.py for tasks to queue
[2026-05-03T10:46:35.515+0000] {logging_mixin.py:137} INFO - [2026-05-03T10:46:35.515+0000] {dagbag.py:538} INFO - Filling up the DagBag from /home/airflow/.local/lib/python3.7/site-packages/airflow/example_dags/example_xcom.py
[2026-05-03T10:46:35.533+0000] {processor.py:753} INFO - DAG(s) dict_keys(['example_xcom']) retrieved from /home/airflow/.local/lib/python3.7/site-packages/airflow/example_dags/example_xcom.py
[2026-05-03T10:46:35.557+0000] {logging_mixin.py:137} INFO - [2026-05-03T10:46:35.556+0000] {dag.py:2690} INFO - Sync 1 DAGs
[2026-05-03T10:46:35.575+0000] {logging_mixin.py:137} INFO - [2026-05-03T10:46:35.575+0000] {dag.py:3441} INFO - Setting next_dagrun for example_xcom to 2021-01-01T00:00:00+00:00, run_after=2021-01-01T00:00:00+00:00
[2026-05-03T10:46:35.596+0000] {processor.py:175} INFO - Processing /home/airflow/.local/lib/python3.7/site-packages/airflow/example_dags/example_xcom.py took 0.087 seconds
[2026-05-03T10:47:06.266+0000] {processor.py:153} INFO - Started process (PID=3350) to work on /home/airflow/.local/lib/python3.7/site-packages/airflow/example_dags/example_xcom.py
[2026-05-03T10:47:06.267+0000] {processor.py:743} INFO - Processing file /home/airflow/.local/lib/python3.7/site-packages/airflow/example_dags/example_xcom.py for tasks to queue
[2026-05-03T10:47:06.268+0000] {logging_mixin.py:137} INFO - [2026-05-03T10:47:06.268+0000] {dagbag.py:538} INFO - Filling up the DagBag from /home/airflow/.local/lib/python3.7/site-packages/airflow/example_dags/example_xcom.py
[2026-05-03T10:47:06.293+0000] {processor.py:753} INFO - DAG(s) dict_keys(['example_xcom']) retrieved from /home/airflow/.local/lib/python3.7/site-packages/airflow/example_dags/example_xcom.py
[2026-05-03T10:47:06.357+0000] {logging_mixin.py:137} INFO - [2026-05-03T10:47:06.357+0000] {dag.py:2690} INFO - Sync 1 DAGs
[2026-05-03T10:47:06.389+0000] {logging_mixin.py:137} INFO - [2026-05-03T10:47:06.388+0000] {dag.py:3441} INFO - Setting next_dagrun for example_xcom to 2021-01-01T00:00:00+00:00, run_after=2021-01-01T00:00:00+00:00
[2026-05-03T10:47:06.417+0000] {processor.py:175} INFO - Processing /home/airflow/.local/lib/python3.7/site-packages/airflow/example_dags/example_xcom.py took 0.156 seconds
[2026-05-03T10:47:37.086+0000] {processor.py:153} INFO - Started process (PID=3438) to work on /home/airflow/.local/lib/python3.7/site-packages/airflow/example_dags/example_xcom.py
[2026-05-03T10:47:37.087+0000] {processor.py:743} INFO - Processing file /home/airflow/.local/lib/python3.7/site-packages/airflow/example_dags/example_xcom.py for tasks to queue
[2026-05-03T10:47:37.088+0000] {logging_mixin.py:137} INFO - [2026-05-03T10:47:37.088+0000] {dagbag.py:538} INFO - Filling up the DagBag from /home/airflow/.local/lib/python3.7/site-packages/airflow/example_dags/example_xcom.py
[2026-05-03T10:47:37.106+0000] {processor.py:753} INFO - DAG(s) dict_keys(['example_xcom']) retrieved from /home/airflow/.local/lib/python3.7/site-packages/airflow/example_dags/example_xcom.py
[2026-05-03T10:47:37.139+0000] {logging_mixin.py:137} INFO - [2026-05-03T10:47:37.139+0000] {dag.py:2690} INFO - Sync 1 DAGs
[2026-05-03T10:47:37.186+0000] {logging_mixin.py:137} INFO - [2026-05-03T10:47:37.186+0000] {dag.py:3441} INFO - Setting next_dagrun for example_xcom to 2021-01-01T00:00:00+00:00, run_after=2021-01-01T00:00:00+00:00
[2026-05-03T10:47:37.230+0000] {processor.py:175} INFO - Processing /home/airflow/.local/lib/python3.7/site-packages/airflow/example_dags/example_xcom.py took 0.148 seconds
[2026-05-03T10:48:07.327+0000] {processor.py:153} INFO - Started process (PID=3550) to work on /home/airflow/.local/lib/python3.7/site-packages/airflow/example_dags/example_xcom.py
[2026-05-03T10:48:07.329+0000] {processor.py:743} INFO - Processing file /home/airflow/.local/lib/python3.7/site-packages/airflow/example_dags/example_xcom.py for tasks to queue
[2026-05-03T10:48:07.331+0000] {logging_mixin.py:137} INFO - [2026-05-03T10:48:07.330+0000] {dagbag.py:538} INFO - Filling up the DagBag from /home/airflow/.local/lib/python3.7/site-packages/airflow/example_dags/example_xcom.py
[2026-05-03T10:48:07.367+0000] {processor.py:753} INFO - DAG(s) dict_keys(['example_xcom']) retrieved from /home/airflow/.local/lib/python3.7/site-packages/airflow/example_dags/example_xcom.py
[2026-05-03T10:48:07.398+0000] {logging_mixin.py:137} INFO - [2026-05-03T10:48:07.398+0000] {dag.py:2690} INFO - Sync 1 DAGs
[2026-05-03T10:48:07.434+0000] {logging_mixin.py:137} INFO - [2026-05-03T10:48:07.433+0000] {dag.py:3441} INFO - Setting next_dagrun for example_xcom to 2021-01-01T00:00:00+00:00, run_after=2021-01-01T00:00:00+00:00
[2026-05-03T10:48:07.460+0000] {processor.py:175} INFO - Processing /home/airflow/.local/lib/python3.7/site-packages/airflow/example_dags/example_xcom.py took 0.141 seconds
[2026-05-03T10:48:37.875+0000] {processor.py:153} INFO - Started process (PID=3638) to work on /home/airflow/.local/lib/python3.7/site-packages/airflow/example_dags/example_xcom.py
[2026-05-03T10:48:37.877+0000] {processor.py:743} INFO - Processing file /home/airflow/.local/lib/python3.7/site-packages/airflow/example_dags/example_xcom.py for tasks to queue
[2026-05-03T10:48:37.878+0000] {logging_mixin.py:137} INFO - [2026-05-03T10:48:37.878+0000] {dagbag.py:538} INFO - Filling up the DagBag from /home/airflow/.local/lib/python3.7/site-packages/airflow/example_dags/example_xcom.py
[2026-05-03T10:48:37.898+0000] {processor.py:753} INFO - DAG(s) dict_keys(['example_xcom']) retrieved from /home/airflow/.local/lib/python3.7/site-packages/airflow/example_dags/example_xcom.py
[2026-05-03T10:48:37.926+0000] {logging_mixin.py:137} INFO - [2026-05-03T10:48:37.926+0000] {dag.py:2690} INFO - Sync 1 DAGs
[2026-05-03T10:48:37.949+0000] {logging_mixin.py:137} INFO - [2026-05-03T10:48:37.949+0000] {dag.py:3441} INFO - Setting next_dagrun for example_xcom to 2021-01-01T00:00:00+00:00, run_after=2021-01-01T00:00:00+00:00
[2026-05-03T10:48:37.971+0000] {processor.py:175} INFO - Processing /home/airflow/.local/lib/python3.7/site-packages/airflow/example_dags/example_xcom.py took 0.100 seconds
[2026-05-03T10:49:08.866+0000] {processor.py:153} INFO - Started process (PID=3750) to work on /home/airflow/.local/lib/python3.7/site-packages/airflow/example_dags/example_xcom.py
[2026-05-03T10:49:08.870+0000] {processor.py:743} INFO - Processing file /home/airflow/.local/lib/python3.7/site-packages/airflow/example_dags/example_xcom.py for tasks to queue
[2026-05-03T10:49:08.900+0000] {logging_mixin.py:137} INFO - [2026-05-03T10:49:08.900+0000] {dagbag.py:538} INFO - Filling up the DagBag from /home/airflow/.local/lib/python3.7/site-packages/airflow/example_dags/example_xcom.py
[2026-05-03T10:49:08.929+0000] {processor.py:753} INFO - DAG(s) dict_keys(['example_xcom']) retrieved from /home/airflow/.local/lib/python3.7/site-packages/airflow/example_dags/example_xcom.py
[2026-05-03T10:49:08.963+0000] {logging_mixin.py:137} INFO - [2026-05-03T10:49:08.963+0000] {dag.py:2690} INFO - Sync 1 DAGs
[2026-05-03T10:49:08.989+0000] {logging_mixin.py:137} INFO - [2026-05-03T10:49:08.988+0000] {dag.py:3441} INFO - Setting next_dagrun for example_xcom to 2021-01-01T00:00:00+00:00, run_after=2021-01-01T00:00:00+00:00
[2026-05-03T10:49:09.017+0000] {processor.py:175} INFO - Processing /home/airflow/.local/lib/python3.7/site-packages/airflow/example_dags/example_xcom.py took 0.160 seconds
[2026-05-03T10:49:39.539+0000] {processor.py:153} INFO - Started process (PID=3838) to work on /home/airflow/.local/lib/python3.7/site-packages/airflow/example_dags/example_xcom.py
[2026-05-03T10:49:39.542+0000] {processor.py:743} INFO - Processing file /home/airflow/.local/lib/python3.7/site-packages/airflow/example_dags/example_xcom.py for tasks to queue
[2026-05-03T10:49:39.544+0000] {logging_mixin.py:137} INFO - [2026-05-03T10:49:39.544+0000] {dagbag.py:538} INFO - Filling up the DagBag from /home/airflow/.local/lib/python3.7/site-packages/airflow/example_dags/example_xcom.py
[2026-05-03T10:49:39.575+0000] {processor.py:753} INFO - DAG(s) dict_keys(['example_xcom']) retrieved from /home/airflow/.local/lib/python3.7/site-packages/airflow/example_dags/example_xcom.py
[2026-05-03T10:49:39.612+0000] {logging_mixin.py:137} INFO - [2026-05-03T10:49:39.612+0000] {dag.py:2690} INFO - Sync 1 DAGs
[2026-05-03T10:49:39.664+0000] {logging_mixin.py:137} INFO - [2026-05-03T10:49:39.664+0000] {dag.py:3441} INFO - Setting next_dagrun for example_xcom to 2021-01-01T00:00:00+00:00, run_after=2021-01-01T00:00:00+00:00
[2026-05-03T10:49:39.700+0000] {processor.py:175} INFO - Processing /home/airflow/.local/lib/python3.7/site-packages/airflow/example_dags/example_xcom.py took 0.168 seconds
[2026-05-03T10:50:10.442+0000] {processor.py:153} INFO - Started process (PID=3950) to work on /home/airflow/.local/lib/python3.7/site-packages/airflow/example_dags/example_xcom.py
[2026-05-03T10:50:10.443+0000] {processor.py:743} INFO - Processing file /home/airflow/.local/lib/python3.7/site-packages/airflow/example_dags/example_xcom.py for tasks to queue
[2026-05-03T10:50:10.444+0000] {logging_mixin.py:137} INFO - [2026-05-03T10:50:10.444+0000] {dagbag.py:538} INFO - Filling up the DagBag from /home/airflow/.local/lib/python3.7/site-packages/airflow/example_dags/example_xcom.py
[2026-05-03T10:50:10.484+0000] {processor.py:753} INFO - DAG(s) dict_keys(['example_xcom']) retrieved from /home/airflow/.local/lib/python3.7/site-packages/airflow/example_dags/example_xcom.py
[2026-05-03T10:50:10.527+0000] {logging_mixin.py:137} INFO - [2026-05-03T10:50:10.527+0000] {dag.py:2690} INFO - Sync 1 DAGs
[2026-05-03T10:50:10.549+0000] {logging_mixin.py:137} INFO - [2026-05-03T10:50:10.549+0000] {dag.py:3441} INFO - Setting next_dagrun for example_xcom to 2021-01-01T00:00:00+00:00, run_after=2021-01-01T00:00:00+00:00
[2026-05-03T10:50:10.570+0000] {processor.py:175} INFO - Processing /home/airflow/.local/lib/python3.7/site-packages/airflow/example_dags/example_xcom.py took 0.132 seconds
[2026-05-03T10:50:41.070+0000] {processor.py:153} INFO - Started process (PID=4038) to work on /home/airflow/.local/lib/python3.7/site-packages/airflow/example_dags/example_xcom.py
[2026-05-03T10:50:41.072+0000] {processor.py:743} INFO - Processing file /home/airflow/.local/lib/python3.7/site-packages/airflow/example_dags/example_xcom.py for tasks to queue
[2026-05-03T10:50:41.072+0000] {logging_mixin.py:137} INFO - [2026-05-03T10:50:41.072+0000] {dagbag.py:538} INFO - Filling up the DagBag from /home/airflow/.local/lib/python3.7/site-packages/airflow/example_dags/example_xcom.py
[2026-05-03T10:50:41.092+0000] {processor.py:753} INFO - DAG(s) dict_keys(['example_xcom']) retrieved from /home/airflow/.local/lib/python3.7/site-packages/airflow/example_dags/example_xcom.py
[2026-05-03T10:50:41.125+0000] {logging_mixin.py:137} INFO - [2026-05-03T10:50:41.125+0000] {dag.py:2690} INFO - Sync 1 DAGs
[2026-05-03T10:50:41.152+0000] {logging_mixin.py:137} INFO - [2026-05-03T10:50:41.152+0000] {dag.py:3441} INFO - Setting next_dagrun for example_xcom to 2021-01-01T00:00:00+00:00, run_after=2021-01-01T00:00:00+00:00
[2026-05-03T10:50:41.177+0000] {processor.py:175} INFO - Processing /home/airflow/.local/lib/python3.7/site-packages/airflow/example_dags/example_xcom.py took 0.109 seconds
[2026-05-03T10:51:11.417+0000] {processor.py:153} INFO - Started process (PID=4150) to work on /home/airflow/.local/lib/python3.7/site-packages/airflow/example_dags/example_xcom.py
[2026-05-03T10:51:11.418+0000] {processor.py:743} INFO - Processing file /home/airflow/.local/lib/python3.7/site-packages/airflow/example_dags/example_xcom.py for tasks to queue
[2026-05-03T10:51:11.419+0000] {logging_mixin.py:137} INFO - [2026-05-03T10:51:11.419+0000] {dagbag.py:538} INFO - Filling up the DagBag from /home/airflow/.local/lib/python3.7/site-packages/airflow/example_dags/example_xcom.py
[2026-05-03T10:51:11.435+0000] {processor.py:753} INFO - DAG(s) dict_keys(['example_xcom']) retrieved from /home/airflow/.local/lib/python3.7/site-packages/airflow/example_dags/example_xcom.py
[2026-05-03T10:51:11.464+0000] {logging_mixin.py:137} INFO - [2026-05-03T10:51:11.464+0000] {dag.py:2690} INFO - Sync 1 DAGs
[2026-05-03T10:51:11.495+0000] {logging_mixin.py:137} INFO - [2026-05-03T10:51:11.495+0000] {dag.py:3441} INFO - Setting next_dagrun for example_xcom to 2021-01-01T00:00:00+00:00, run_after=2021-01-01T00:00:00+00:00
[2026-05-03T10:51:11.544+0000] {processor.py:175} INFO - Processing /home/airflow/.local/lib/python3.7/site-packages/airflow/example_dags/example_xcom.py took 0.132 seconds
[2026-05-03T10:51:42.172+0000] {processor.py:153} INFO - Started process (PID=4238) to work on /home/airflow/.local/lib/python3.7/site-packages/airflow/example_dags/example_xcom.py
[2026-05-03T10:51:42.173+0000] {processor.py:743} INFO - Processing file /home/airflow/.local/lib/python3.7/site-packages/airflow/example_dags/example_xcom.py for tasks to queue
[2026-05-03T10:51:42.174+0000] {logging_mixin.py:137} INFO - [2026-05-03T10:51:42.174+0000] {dagbag.py:538} INFO - Filling up the DagBag from /home/airflow/.local/lib/python3.7/site-packages/airflow/example_dags/example_xcom.py
[2026-05-03T10:51:42.195+0000] {processor.py:753} INFO - DAG(s) dict_keys(['example_xcom']) retrieved from /home/airflow/.local/lib/python3.7/site-packages/airflow/example_dags/example_xcom.py
[2026-05-03T10:51:42.225+0000] {logging_mixin.py:137} INFO - [2026-05-03T10:51:42.225+0000] {dag.py:2690} INFO - Sync 1 DAGs
[2026-05-03T10:51:42.265+0000] {logging_mixin.py:137} INFO - [2026-05-03T10:51:42.264+0000] {dag.py:3441} INFO - Setting next_dagrun for example_xcom to 2021-01-01T00:00:00+00:00, run_after=2021-01-01T00:00:00+00:00
[2026-05-03T10:51:42.302+0000] {processor.py:175} INFO - Processing /home/airflow/.local/lib/python3.7/site-packages/airflow/example_dags/example_xcom.py took 0.134 seconds
[2026-05-03T10:52:12.515+0000] {processor.py:153} INFO - Started process (PID=4350) to work on /home/airflow/.local/lib/python3.7/site-packages/airflow/example_dags/example_xcom.py
[2026-05-03T10:52:12.516+0000] {processor.py:743} INFO - Processing file /home/airflow/.local/lib/python3.7/site-packages/airflow/example_dags/example_xcom.py for tasks to queue
[2026-05-03T10:52:12.517+0000] {logging_mixin.py:137} INFO - [2026-05-03T10:52:12.517+0000] {dagbag.py:538} INFO - Filling up the DagBag from /home/airflow/.local/lib/python3.7/site-packages/airflow/example_dags/example_xcom.py
[2026-05-03T10:52:12.537+0000] {processor.py:753} INFO - DAG(s) dict_keys(['example_xcom']) retrieved from /home/airflow/.local/lib/python3.7/site-packages/airflow/example_dags/example_xcom.py
[2026-05-03T10:52:12.568+0000] {logging_mixin.py:137} INFO - [2026-05-03T10:52:12.568+0000] {dag.py:2690} INFO - Sync 1 DAGs
[2026-05-03T10:52:12.593+0000] {logging_mixin.py:137} INFO - [2026-05-03T10:52:12.592+0000] {dag.py:3441} INFO - Setting next_dagrun for example_xcom to 2021-01-01T00:00:00+00:00, run_after=2021-01-01T00:00:00+00:00
[2026-05-03T10:52:12.616+0000] {processor.py:175} INFO - Processing /home/airflow/.local/lib/python3.7/site-packages/airflow/example_dags/example_xcom.py took 0.106 seconds
[2026-05-03T10:52:42.978+0000] {processor.py:153} INFO - Started process (PID=4438) to work on /home/airflow/.local/lib/python3.7/site-packages/airflow/example_dags/example_xcom.py
[2026-05-03T10:52:42.979+0000] {processor.py:743} INFO - Processing file /home/airflow/.local/lib/python3.7/site-packages/airflow/example_dags/example_xcom.py for tasks to queue
[2026-05-03T10:52:42.980+0000] {logging_mixin.py:137} INFO - [2026-05-03T10:52:42.980+0000] {dagbag.py:538} INFO - Filling up the DagBag from /home/airflow/.local/lib/python3.7/site-packages/airflow/example_dags/example_xcom.py
[2026-05-03T10:52:42.998+0000] {processor.py:753} INFO - DAG(s) dict_keys(['example_xcom']) retrieved from /home/airflow/.local/lib/python3.7/site-packages/airflow/example_dags/example_xcom.py
[2026-05-03T10:52:43.025+0000] {logging_mixin.py:137} INFO - [2026-05-03T10:52:43.025+0000] {dag.py:2690} INFO - Sync 1 DAGs
[2026-05-03T10:52:43.048+0000] {logging_mixin.py:137} INFO - [2026-05-03T10:52:43.047+0000] {dag.py:3441} INFO - Setting next_dagrun for example_xcom to 2021-01-01T00:00:00+00:00, run_after=2021-01-01T00:00:00+00:00
[2026-05-03T10:52:43.079+0000] {processor.py:175} INFO - Processing /home/airflow/.local/lib/python3.7/site-packages/airflow/example_dags/example_xcom.py took 0.104 seconds
[2026-05-03T10:53:13.429+0000] {processor.py:153} INFO - Started process (PID=4551) to work on /home/airflow/.local/lib/python3.7/site-packages/airflow/example_dags/example_xcom.py
[2026-05-03T10:53:13.431+0000] {processor.py:743} INFO - Processing file /home/airflow/.local/lib/python3.7/site-packages/airflow/example_dags/example_xcom.py for tasks to queue
[2026-05-03T10:53:13.432+0000] {logging_mixin.py:137} INFO - [2026-05-03T10:53:13.432+0000] {dagbag.py:538} INFO - Filling up the DagBag from /home/airflow/.local/lib/python3.7/site-packages/airflow/example_dags/example_xcom.py
[2026-05-03T10:53:13.450+0000] {processor.py:753} INFO - DAG(s) dict_keys(['example_xcom']) retrieved from /home/airflow/.local/lib/python3.7/site-packages/airflow/example_dags/example_xcom.py
[2026-05-03T10:53:13.475+0000] {logging_mixin.py:137} INFO - [2026-05-03T10:53:13.474+0000] {dag.py:2690} INFO - Sync 1 DAGs
[2026-05-03T10:53:13.499+0000] {logging_mixin.py:137} INFO - [2026-05-03T10:53:13.499+0000] {dag.py:3441} INFO - Setting next_dagrun for example_xcom to 2021-01-01T00:00:00+00:00, run_after=2021-01-01T00:00:00+00:00
[2026-05-03T10:53:13.529+0000] {processor.py:175} INFO - Processing /home/airflow/.local/lib/python3.7/site-packages/airflow/example_dags/example_xcom.py took 0.104 seconds
[2026-05-03T10:53:43.639+0000] {processor.py:153} INFO - Started process (PID=4639) to work on /home/airflow/.local/lib/python3.7/site-packages/airflow/example_dags/example_xcom.py
[2026-05-03T10:53:43.640+0000] {processor.py:743} INFO - Processing file /home/airflow/.local/lib/python3.7/site-packages/airflow/example_dags/example_xcom.py for tasks to queue
[2026-05-03T10:53:43.640+0000] {logging_mixin.py:137} INFO - [2026-05-03T10:53:43.640+0000] {dagbag.py:538} INFO - Filling up the DagBag from /home/airflow/.local/lib/python3.7/site-packages/airflow/example_dags/example_xcom.py
[2026-05-03T10:53:43.657+0000] {processor.py:753} INFO - DAG(s) dict_keys(['example_xcom']) retrieved from /home/airflow/.local/lib/python3.7/site-packages/airflow/example_dags/example_xcom.py
[2026-05-03T10:53:43.680+0000] {logging_mixin.py:137} INFO - [2026-05-03T10:53:43.680+0000] {dag.py:2690} INFO - Sync 1 DAGs
[2026-05-03T10:53:43.707+0000] {logging_mixin.py:137} INFO - [2026-05-03T10:53:43.707+0000] {dag.py:3441} INFO - Setting next_dagrun for example_xcom to 2021-01-01T00:00:00+00:00, run_after=2021-01-01T00:00:00+00:00
[2026-05-03T10:53:43.728+0000] {processor.py:175} INFO - Processing /home/airflow/.local/lib/python3.7/site-packages/airflow/example_dags/example_xcom.py took 0.092 seconds
[2026-05-03T10:54:14.539+0000] {processor.py:153} INFO - Started process (PID=4751) to work on /home/airflow/.local/lib/python3.7/site-packages/airflow/example_dags/example_xcom.py
[2026-05-03T10:54:14.542+0000] {processor.py:743} INFO - Processing file /home/airflow/.local/lib/python3.7/site-packages/airflow/example_dags/example_xcom.py for tasks to queue
[2026-05-03T10:54:14.543+0000] {logging_mixin.py:137} INFO - [2026-05-03T10:54:14.543+0000] {dagbag.py:538} INFO - Filling up the DagBag from /home/airflow/.local/lib/python3.7/site-packages/airflow/example_dags/example_xcom.py
[2026-05-03T10:54:14.572+0000] {processor.py:753} INFO - DAG(s) dict_keys(['example_xcom']) retrieved from /home/airflow/.local/lib/python3.7/site-packages/airflow/example_dags/example_xcom.py
[2026-05-03T10:54:14.599+0000] {logging_mixin.py:137} INFO - [2026-05-03T10:54:14.599+0000] {dag.py:2690} INFO - Sync 1 DAGs
[2026-05-03T10:54:14.634+0000] {logging_mixin.py:137} INFO - [2026-05-03T10:54:14.634+0000] {dag.py:3441} INFO - Setting next_dagrun for example_xcom to 2021-01-01T00:00:00+00:00, run_after=2021-01-01T00:00:00+00:00
[2026-05-03T10:54:14.663+0000] {processor.py:175} INFO - Processing /home/airflow/.local/lib/python3.7/site-packages/airflow/example_dags/example_xcom.py took 0.128 seconds
[2026-05-03T10:54:45.872+0000] {processor.py:153} INFO - Started process (PID=4839) to work on /home/airflow/.local/lib/python3.7/site-packages/airflow/example_dags/example_xcom.py
[2026-05-03T10:54:45.873+0000] {processor.py:743} INFO - Processing file /home/airflow/.local/lib/python3.7/site-packages/airflow/example_dags/example_xcom.py for tasks to queue
[2026-05-03T10:54:45.875+0000] {logging_mixin.py:137} INFO - [2026-05-03T10:54:45.874+0000] {dagbag.py:538} INFO - Filling up the DagBag from /home/airflow/.local/lib/python3.7/site-packages/airflow/example_dags/example_xcom.py
[2026-05-03T10:54:45.894+0000] {processor.py:753} INFO - DAG(s) dict_keys(['example_xcom']) retrieved from /home/airflow/.local/lib/python3.7/site-packages/airflow/example_dags/example_xcom.py
[2026-05-03T10:54:45.917+0000] {logging_mixin.py:137} INFO - [2026-05-03T10:54:45.917+0000] {dag.py:2690} INFO - Sync 1 DAGs
[2026-05-03T10:54:45.936+0000] {logging_mixin.py:137} INFO - [2026-05-03T10:54:45.936+0000] {dag.py:3441} INFO - Setting next_dagrun for example_xcom to 2021-01-01T00:00:00+00:00, run_after=2021-01-01T00:00:00+00:00
[2026-05-03T10:54:45.961+0000] {processor.py:175} INFO - Processing /home/airflow/.local/lib/python3.7/site-packages/airflow/example_dags/example_xcom.py took 0.091 seconds
[2026-05-03T11:02:57.405+0000] {processor.py:153} INFO - Started process (PID=49) to work on /home/airflow/.local/lib/python3.7/site-packages/airflow/example_dags/example_xcom.py
[2026-05-03T11:02:57.406+0000] {processor.py:743} INFO - Processing file /home/airflow/.local/lib/python3.7/site-packages/airflow/example_dags/example_xcom.py for tasks to queue
[2026-05-03T11:02:57.407+0000] {logging_mixin.py:137} INFO - [2026-05-03T11:02:57.407+0000] {dagbag.py:538} INFO - Filling up the DagBag from /home/airflow/.local/lib/python3.7/site-packages/airflow/example_dags/example_xcom.py
[2026-05-03T11:02:57.430+0000] {processor.py:753} INFO - DAG(s) dict_keys(['example_xcom']) retrieved from /home/airflow/.local/lib/python3.7/site-packages/airflow/example_dags/example_xcom.py
[2026-05-03T11:02:57.443+0000] {logging_mixin.py:137} INFO - [2026-05-03T11:02:57.443+0000] {dag.py:2690} INFO - Sync 1 DAGs
[2026-05-03T11:02:57.464+0000] {logging_mixin.py:137} INFO - [2026-05-03T11:02:57.464+0000] {dag.py:3441} INFO - Setting next_dagrun for example_xcom to 2021-01-01T00:00:00+00:00, run_after=2021-01-01T00:00:00+00:00
[2026-05-03T11:02:57.484+0000] {processor.py:175} INFO - Processing /home/airflow/.local/lib/python3.7/site-packages/airflow/example_dags/example_xcom.py took 0.082 seconds
[2026-05-03T11:03:28.383+0000] {processor.py:153} INFO - Started process (PID=162) to work on /home/airflow/.local/lib/python3.7/site-packages/airflow/example_dags/example_xcom.py
[2026-05-03T11:03:28.386+0000] {processor.py:743} INFO - Processing file /home/airflow/.local/lib/python3.7/site-packages/airflow/example_dags/example_xcom.py for tasks to queue
[2026-05-03T11:03:28.388+0000] {logging_mixin.py:137} INFO - [2026-05-03T11:03:28.388+0000] {dagbag.py:538} INFO - Filling up the DagBag from /home/airflow/.local/lib/python3.7/site-packages/airflow/example_dags/example_xcom.py
[2026-05-03T11:03:28.421+0000] {processor.py:753} INFO - DAG(s) dict_keys(['example_xcom']) retrieved from /home/airflow/.local/lib/python3.7/site-packages/airflow/example_dags/example_xcom.py
[2026-05-03T11:03:28.448+0000] {logging_mixin.py:137} INFO - [2026-05-03T11:03:28.448+0000] {dag.py:2690} INFO - Sync 1 DAGs
[2026-05-03T11:03:28.475+0000] {logging_mixin.py:137} INFO - [2026-05-03T11:03:28.475+0000] {dag.py:3441} INFO - Setting next_dagrun for example_xcom to 2021-01-01T00:00:00+00:00, run_after=2021-01-01T00:00:00+00:00
[2026-05-03T11:03:28.500+0000] {processor.py:175} INFO - Processing /home/airflow/.local/lib/python3.7/site-packages/airflow/example_dags/example_xcom.py took 0.123 seconds
[2026-05-03T11:03:59.019+0000] {processor.py:153} INFO - Started process (PID=252) to work on /home/airflow/.local/lib/python3.7/site-packages/airflow/example_dags/example_xcom.py
[2026-05-03T11:03:59.022+0000] {processor.py:743} INFO - Processing file /home/airflow/.local/lib/python3.7/site-packages/airflow/example_dags/example_xcom.py for tasks to queue
[2026-05-03T11:03:59.024+0000] {logging_mixin.py:137} INFO - [2026-05-03T11:03:59.023+0000] {dagbag.py:538} INFO - Filling up the DagBag from /home/airflow/.local/lib/python3.7/site-packages/airflow/example_dags/example_xcom.py
[2026-05-03T11:03:59.048+0000] {processor.py:753} INFO - DAG(s) dict_keys(['example_xcom']) retrieved from /home/airflow/.local/lib/python3.7/site-packages/airflow/example_dags/example_xcom.py
[2026-05-03T11:03:59.075+0000] {logging_mixin.py:137} INFO - [2026-05-03T11:03:59.075+0000] {dag.py:2690} INFO - Sync 1 DAGs
[2026-05-03T11:03:59.109+0000] {logging_mixin.py:137} INFO - [2026-05-03T11:03:59.109+0000] {dag.py:3441} INFO - Setting next_dagrun for example_xcom to 2021-01-01T00:00:00+00:00, run_after=2021-01-01T00:00:00+00:00
[2026-05-03T11:03:59.138+0000] {processor.py:175} INFO - Processing /home/airflow/.local/lib/python3.7/site-packages/airflow/example_dags/example_xcom.py took 0.125 seconds
[2026-05-03T11:04:29.284+0000] {processor.py:153} INFO - Started process (PID=365) to work on /home/airflow/.local/lib/python3.7/site-packages/airflow/example_dags/example_xcom.py
[2026-05-03T11:04:29.287+0000] {processor.py:743} INFO - Processing file /home/airflow/.local/lib/python3.7/site-packages/airflow/example_dags/example_xcom.py for tasks to queue
[2026-05-03T11:04:29.289+0000] {logging_mixin.py:137} INFO - [2026-05-03T11:04:29.289+0000] {dagbag.py:538} INFO - Filling up the DagBag from /home/airflow/.local/lib/python3.7/site-packages/airflow/example_dags/example_xcom.py
[2026-05-03T11:04:29.318+0000] {processor.py:753} INFO - DAG(s) dict_keys(['example_xcom']) retrieved from /home/airflow/.local/lib/python3.7/site-packages/airflow/example_dags/example_xcom.py
[2026-05-03T11:04:29.354+0000] {logging_mixin.py:137} INFO - [2026-05-03T11:04:29.354+0000] {dag.py:2690} INFO - Sync 1 DAGs
[2026-05-03T11:04:29.382+0000] {logging_mixin.py:137} INFO - [2026-05-03T11:04:29.382+0000] {dag.py:3441} INFO - Setting next_dagrun for example_xcom to 2021-01-01T00:00:00+00:00, run_after=2021-01-01T00:00:00+00:00
[2026-05-03T11:04:29.406+0000] {processor.py:175} INFO - Processing /home/airflow/.local/lib/python3.7/site-packages/airflow/example_dags/example_xcom.py took 0.129 seconds
[2026-05-03T11:04:59.524+0000] {processor.py:153} INFO - Started process (PID=478) to work on /home/airflow/.local/lib/python3.7/site-packages/airflow/example_dags/example_xcom.py
[2026-05-03T11:04:59.525+0000] {processor.py:743} INFO - Processing file /home/airflow/.local/lib/python3.7/site-packages/airflow/example_dags/example_xcom.py for tasks to queue
[2026-05-03T11:04:59.526+0000] {logging_mixin.py:137} INFO - [2026-05-03T11:04:59.526+0000] {dagbag.py:538} INFO - Filling up the DagBag from /home/airflow/.local/lib/python3.7/site-packages/airflow/example_dags/example_xcom.py
[2026-05-03T11:04:59.544+0000] {processor.py:753} INFO - DAG(s) dict_keys(['example_xcom']) retrieved from /home/airflow/.local/lib/python3.7/site-packages/airflow/example_dags/example_xcom.py
[2026-05-03T11:04:59.569+0000] {logging_mixin.py:137} INFO - [2026-05-03T11:04:59.569+0000] {dag.py:2690} INFO - Sync 1 DAGs
[2026-05-03T11:04:59.590+0000] {logging_mixin.py:137} INFO - [2026-05-03T11:04:59.590+0000] {dag.py:3441} INFO - Setting next_dagrun for example_xcom to 2021-01-01T00:00:00+00:00, run_after=2021-01-01T00:00:00+00:00
[2026-05-03T11:04:59.610+0000] {processor.py:175} INFO - Processing /home/airflow/.local/lib/python3.7/site-packages/airflow/example_dags/example_xcom.py took 0.090 seconds
[2026-05-03T11:05:29.793+0000] {processor.py:153} INFO - Started process (PID=568) to work on /home/airflow/.local/lib/python3.7/site-packages/airflow/example_dags/example_xcom.py
[2026-05-03T11:05:29.795+0000] {processor.py:743} INFO - Processing file /home/airflow/.local/lib/python3.7/site-packages/airflow/example_dags/example_xcom.py for tasks to queue
[2026-05-03T11:05:29.795+0000] {logging_mixin.py:137} INFO - [2026-05-03T11:05:29.795+0000] {dagbag.py:538} INFO - Filling up the DagBag from /home/airflow/.local/lib/python3.7/site-packages/airflow/example_dags/example_xcom.py
[2026-05-03T11:05:29.817+0000] {processor.py:753} INFO - DAG(s) dict_keys(['example_xcom']) retrieved from /home/airflow/.local/lib/python3.7/site-packages/airflow/example_dags/example_xcom.py
[2026-05-03T11:05:29.857+0000] {logging_mixin.py:137} INFO - [2026-05-03T11:05:29.857+0000] {dag.py:2690} INFO - Sync 1 DAGs
[2026-05-03T11:05:29.898+0000] {logging_mixin.py:137} INFO - [2026-05-03T11:05:29.898+0000] {dag.py:3441} INFO - Setting next_dagrun for example_xcom to 2021-01-01T00:00:00+00:00, run_after=2021-01-01T00:00:00+00:00
[2026-05-03T11:05:29.926+0000] {processor.py:175} INFO - Processing /home/airflow/.local/lib/python3.7/site-packages/airflow/example_dags/example_xcom.py took 0.136 seconds
[2026-05-03T11:06:00.580+0000] {processor.py:153} INFO - Started process (PID=681) to work on /home/airflow/.local/lib/python3.7/site-packages/airflow/example_dags/example_xcom.py
[2026-05-03T11:06:00.583+0000] {processor.py:743} INFO - Processing file /home/airflow/.local/lib/python3.7/site-packages/airflow/example_dags/example_xcom.py for tasks to queue
[2026-05-03T11:06:00.584+0000] {logging_mixin.py:137} INFO - [2026-05-03T11:06:00.584+0000] {dagbag.py:538} INFO - Filling up the DagBag from /home/airflow/.local/lib/python3.7/site-packages/airflow/example_dags/example_xcom.py
[2026-05-03T11:06:00.613+0000] {processor.py:753} INFO - DAG(s) dict_keys(['example_xcom']) retrieved from /home/airflow/.local/lib/python3.7/site-packages/airflow/example_dags/example_xcom.py
[2026-05-03T11:06:00.645+0000] {logging_mixin.py:137} INFO - [2026-05-03T11:06:00.644+0000] {dag.py:2690} INFO - Sync 1 DAGs
[2026-05-03T11:06:00.670+0000] {logging_mixin.py:137} INFO - [2026-05-03T11:06:00.670+0000] {dag.py:3441} INFO - Setting next_dagrun for example_xcom to 2021-01-01T00:00:00+00:00, run_after=2021-01-01T00:00:00+00:00
[2026-05-03T11:06:00.690+0000] {processor.py:175} INFO - Processing /home/airflow/.local/lib/python3.7/site-packages/airflow/example_dags/example_xcom.py took 0.117 seconds
[2026-05-03T11:06:31.038+0000] {processor.py:153} INFO - Started process (PID=771) to work on /home/airflow/.local/lib/python3.7/site-packages/airflow/example_dags/example_xcom.py
[2026-05-03T11:06:31.039+0000] {processor.py:743} INFO - Processing file /home/airflow/.local/lib/python3.7/site-packages/airflow/example_dags/example_xcom.py for tasks to queue
[2026-05-03T11:06:31.040+0000] {logging_mixin.py:137} INFO - [2026-05-03T11:06:31.039+0000] {dagbag.py:538} INFO - Filling up the DagBag from /home/airflow/.local/lib/python3.7/site-packages/airflow/example_dags/example_xcom.py
[2026-05-03T11:06:31.056+0000] {processor.py:753} INFO - DAG(s) dict_keys(['example_xcom']) retrieved from /home/airflow/.local/lib/python3.7/site-packages/airflow/example_dags/example_xcom.py
[2026-05-03T11:06:31.081+0000] {logging_mixin.py:137} INFO - [2026-05-03T11:06:31.080+0000] {dag.py:2690} INFO - Sync 1 DAGs
[2026-05-03T11:06:31.099+0000] {logging_mixin.py:137} INFO - [2026-05-03T11:06:31.099+0000] {dag.py:3441} INFO - Setting next_dagrun for example_xcom to 2021-01-01T00:00:00+00:00, run_after=2021-01-01T00:00:00+00:00
[2026-05-03T11:06:31.122+0000] {processor.py:175} INFO - Processing /home/airflow/.local/lib/python3.7/site-packages/airflow/example_dags/example_xcom.py took 0.087 seconds
[2026-05-03T11:07:01.427+0000] {processor.py:153} INFO - Started process (PID=883) to work on /home/airflow/.local/lib/python3.7/site-packages/airflow/example_dags/example_xcom.py
[2026-05-03T11:07:01.429+0000] {processor.py:743} INFO - Processing file /home/airflow/.local/lib/python3.7/site-packages/airflow/example_dags/example_xcom.py for tasks to queue
[2026-05-03T11:07:01.431+0000] {logging_mixin.py:137} INFO - [2026-05-03T11:07:01.431+0000] {dagbag.py:538} INFO - Filling up the DagBag from /home/airflow/.local/lib/python3.7/site-packages/airflow/example_dags/example_xcom.py
[2026-05-03T11:07:01.473+0000] {processor.py:753} INFO - DAG(s) dict_keys(['example_xcom']) retrieved from /home/airflow/.local/lib/python3.7/site-packages/airflow/example_dags/example_xcom.py
[2026-05-03T11:07:01.512+0000] {logging_mixin.py:137} INFO - [2026-05-03T11:07:01.512+0000] {dag.py:2690} INFO - Sync 1 DAGs
[2026-05-03T11:07:01.532+0000] {logging_mixin.py:137} INFO - [2026-05-03T11:07:01.532+0000] {dag.py:3441} INFO - Setting next_dagrun for example_xcom to 2021-01-01T00:00:00+00:00, run_after=2021-01-01T00:00:00+00:00
[2026-05-03T11:07:01.562+0000] {processor.py:175} INFO - Processing /home/airflow/.local/lib/python3.7/site-packages/airflow/example_dags/example_xcom.py took 0.142 seconds
[2026-05-03T11:07:31.598+0000] {processor.py:153} INFO - Started process (PID=972) to work on /home/airflow/.local/lib/python3.7/site-packages/airflow/example_dags/example_xcom.py
[2026-05-03T11:07:31.599+0000] {processor.py:743} INFO - Processing file /home/airflow/.local/lib/python3.7/site-packages/airflow/example_dags/example_xcom.py for tasks to queue
[2026-05-03T11:07:31.600+0000] {logging_mixin.py:137} INFO - [2026-05-03T11:07:31.600+0000] {dagbag.py:538} INFO - Filling up the DagBag from /home/airflow/.local/lib/python3.7/site-packages/airflow/example_dags/example_xcom.py
[2026-05-03T11:07:31.619+0000] {processor.py:753} INFO - DAG(s) dict_keys(['example_xcom']) retrieved from /home/airflow/.local/lib/python3.7/site-packages/airflow/example_dags/example_xcom.py
[2026-05-03T11:07:31.645+0000] {logging_mixin.py:137} INFO - [2026-05-03T11:07:31.645+0000] {dag.py:2690} INFO - Sync 1 DAGs
[2026-05-03T11:07:31.673+0000] {logging_mixin.py:137} INFO - [2026-05-03T11:07:31.673+0000] {dag.py:3441} INFO - Setting next_dagrun for example_xcom to 2021-01-01T00:00:00+00:00, run_after=2021-01-01T00:00:00+00:00
[2026-05-03T11:07:31.706+0000] {processor.py:175} INFO - Processing /home/airflow/.local/lib/python3.7/site-packages/airflow/example_dags/example_xcom.py took 0.110 seconds
[2026-05-03T11:08:02.454+0000] {processor.py:153} INFO - Started process (PID=1084) to work on /home/airflow/.local/lib/python3.7/site-packages/airflow/example_dags/example_xcom.py
[2026-05-03T11:08:02.458+0000] {processor.py:743} INFO - Processing file /home/airflow/.local/lib/python3.7/site-packages/airflow/example_dags/example_xcom.py for tasks to queue
[2026-05-03T11:08:02.460+0000] {logging_mixin.py:137} INFO - [2026-05-03T11:08:02.459+0000] {dagbag.py:538} INFO - Filling up the DagBag from /home/airflow/.local/lib/python3.7/site-packages/airflow/example_dags/example_xcom.py
[2026-05-03T11:08:02.499+0000] {processor.py:753} INFO - DAG(s) dict_keys(['example_xcom']) retrieved from /home/airflow/.local/lib/python3.7/site-packages/airflow/example_dags/example_xcom.py
[2026-05-03T11:08:02.566+0000] {logging_mixin.py:137} INFO - [2026-05-03T11:08:02.565+0000] {dag.py:2690} INFO - Sync 1 DAGs
[2026-05-03T11:08:02.609+0000] {logging_mixin.py:137} INFO - [2026-05-03T11:08:02.608+0000] {dag.py:3441} INFO - Setting next_dagrun for example_xcom to 2021-01-01T00:00:00+00:00, run_after=2021-01-01T00:00:00+00:00
[2026-05-03T11:08:02.651+0000] {processor.py:175} INFO - Processing /home/airflow/.local/lib/python3.7/site-packages/airflow/example_dags/example_xcom.py took 0.203 seconds
[2026-05-03T11:08:32.909+0000] {processor.py:153} INFO - Started process (PID=1174) to work on /home/airflow/.local/lib/python3.7/site-packages/airflow/example_dags/example_xcom.py
[2026-05-03T11:08:32.910+0000] {processor.py:743} INFO - Processing file /home/airflow/.local/lib/python3.7/site-packages/airflow/example_dags/example_xcom.py for tasks to queue
[2026-05-03T11:08:32.911+0000] {logging_mixin.py:137} INFO - [2026-05-03T11:08:32.911+0000] {dagbag.py:538} INFO - Filling up the DagBag from /home/airflow/.local/lib/python3.7/site-packages/airflow/example_dags/example_xcom.py
[2026-05-03T11:08:32.933+0000] {processor.py:753} INFO - DAG(s) dict_keys(['example_xcom']) retrieved from /home/airflow/.local/lib/python3.7/site-packages/airflow/example_dags/example_xcom.py
[2026-05-03T11:08:32.960+0000] {logging_mixin.py:137} INFO - [2026-05-03T11:08:32.960+0000] {dag.py:2690} INFO - Sync 1 DAGs
[2026-05-03T11:08:32.984+0000] {logging_mixin.py:137} INFO - [2026-05-03T11:08:32.984+0000] {dag.py:3441} INFO - Setting next_dagrun for example_xcom to 2021-01-01T00:00:00+00:00, run_after=2021-01-01T00:00:00+00:00
[2026-05-03T11:08:33.010+0000] {processor.py:175} INFO - Processing /home/airflow/.local/lib/python3.7/site-packages/airflow/example_dags/example_xcom.py took 0.104 seconds
[2026-05-03T11:28:22.068+0000] {processor.py:161} INFO - Started process (PID=72) to work on /home/airflow/.local/lib/python3.12/site-packages/airflow/example_dags/example_xcom.py
[2026-05-03T11:28:22.070+0000] {processor.py:830} INFO - Processing file /home/airflow/.local/lib/python3.12/site-packages/airflow/example_dags/example_xcom.py for tasks to queue
[2026-05-03T11:28:22.075+0000] {logging_mixin.py:188} INFO - [2026-05-03T11:28:22.074+0000] {dagbag.py:545} INFO - Filling up the DagBag from /home/airflow/.local/lib/python3.12/site-packages/airflow/example_dags/example_xcom.py
[2026-05-03T11:28:22.090+0000] {processor.py:840} INFO - DAG(s) 'example_xcom' retrieved from /home/airflow/.local/lib/python3.12/site-packages/airflow/example_dags/example_xcom.py
[2026-05-03T11:28:22.276+0000] {logging_mixin.py:188} INFO - [2026-05-03T11:28:22.275+0000] {override.py:1858} INFO - Created Permission View: can edit on DAG:example_xcom
[2026-05-03T11:28:22.302+0000] {logging_mixin.py:188} INFO - [2026-05-03T11:28:22.301+0000] {override.py:1858} INFO - Created Permission View: can read on DAG:example_xcom
[2026-05-03T11:28:22.321+0000] {logging_mixin.py:188} INFO - [2026-05-03T11:28:22.317+0000] {override.py:1858} INFO - Created Permission View: can delete on DAG:example_xcom
[2026-05-03T11:28:22.323+0000] {logging_mixin.py:188} INFO - [2026-05-03T11:28:22.322+0000] {dag.py:3089} INFO - Sync 1 DAGs
[2026-05-03T11:28:22.343+0000] {logging_mixin.py:188} INFO - [2026-05-03T11:28:22.342+0000] {dag.py:3111} INFO - Creating ORM DAG for example_xcom
[2026-05-03T11:28:22.359+0000] {logging_mixin.py:188} INFO - [2026-05-03T11:28:22.358+0000] {dag.py:3947} INFO - Setting next_dagrun for example_xcom to 2021-01-01 00:00:00+00:00, run_after=2021-01-01 00:00:00+00:00
[2026-05-03T11:28:22.392+0000] {processor.py:183} INFO - Processing /home/airflow/.local/lib/python3.12/site-packages/airflow/example_dags/example_xcom.py took 0.333 seconds
[2026-05-03T11:28:53.021+0000] {processor.py:161} INFO - Started process (PID=140) to work on /home/airflow/.local/lib/python3.12/site-packages/airflow/example_dags/example_xcom.py
[2026-05-03T11:28:53.023+0000] {processor.py:830} INFO - Processing file /home/airflow/.local/lib/python3.12/site-packages/airflow/example_dags/example_xcom.py for tasks to queue
[2026-05-03T11:28:53.033+0000] {logging_mixin.py:188} INFO - [2026-05-03T11:28:53.032+0000] {dagbag.py:545} INFO - Filling up the DagBag from /home/airflow/.local/lib/python3.12/site-packages/airflow/example_dags/example_xcom.py
[2026-05-03T11:28:53.052+0000] {processor.py:840} INFO - DAG(s) 'example_xcom' retrieved from /home/airflow/.local/lib/python3.12/site-packages/airflow/example_dags/example_xcom.py
[2026-05-03T11:28:53.133+0000] {logging_mixin.py:188} INFO - [2026-05-03T11:28:53.133+0000] {dag.py:3089} INFO - Sync 1 DAGs
[2026-05-03T11:28:53.168+0000] {logging_mixin.py:188} INFO - [2026-05-03T11:28:53.167+0000] {dag.py:3947} INFO - Setting next_dagrun for example_xcom to 2021-01-01 00:00:00+00:00, run_after=2021-01-01 00:00:00+00:00
[2026-05-03T11:28:53.202+0000] {processor.py:183} INFO - Processing /home/airflow/.local/lib/python3.12/site-packages/airflow/example_dags/example_xcom.py took 0.194 seconds
[2026-05-03T11:29:24.150+0000] {processor.py:161} INFO - Started process (PID=207) to work on /home/airflow/.local/lib/python3.12/site-packages/airflow/example_dags/example_xcom.py
[2026-05-03T11:29:24.158+0000] {processor.py:830} INFO - Processing file /home/airflow/.local/lib/python3.12/site-packages/airflow/example_dags/example_xcom.py for tasks to queue
[2026-05-03T11:29:24.165+0000] {logging_mixin.py:188} INFO - [2026-05-03T11:29:24.165+0000] {dagbag.py:545} INFO - Filling up the DagBag from /home/airflow/.local/lib/python3.12/site-packages/airflow/example_dags/example_xcom.py
[2026-05-03T11:29:24.178+0000] {processor.py:840} INFO - DAG(s) 'example_xcom' retrieved from /home/airflow/.local/lib/python3.12/site-packages/airflow/example_dags/example_xcom.py
[2026-05-03T11:29:24.220+0000] {logging_mixin.py:188} INFO - [2026-05-03T11:29:24.220+0000] {dag.py:3089} INFO - Sync 1 DAGs
[2026-05-03T11:29:24.269+0000] {logging_mixin.py:188} INFO - [2026-05-03T11:29:24.269+0000] {dag.py:3947} INFO - Setting next_dagrun for example_xcom to 2021-01-01 00:00:00+00:00, run_after=2021-01-01 00:00:00+00:00
[2026-05-03T11:29:24.322+0000] {processor.py:183} INFO - Processing /home/airflow/.local/lib/python3.12/site-packages/airflow/example_dags/example_xcom.py took 0.182 seconds
[2026-05-03T11:29:54.614+0000] {processor.py:161} INFO - Started process (PID=282) to work on /home/airflow/.local/lib/python3.12/site-packages/airflow/example_dags/example_xcom.py
[2026-05-03T11:29:54.617+0000] {processor.py:830} INFO - Processing file /home/airflow/.local/lib/python3.12/site-packages/airflow/example_dags/example_xcom.py for tasks to queue
[2026-05-03T11:29:54.622+0000] {logging_mixin.py:188} INFO - [2026-05-03T11:29:54.621+0000] {dagbag.py:545} INFO - Filling up the DagBag from /home/airflow/.local/lib/python3.12/site-packages/airflow/example_dags/example_xcom.py
[2026-05-03T11:29:54.637+0000] {processor.py:840} INFO - DAG(s) 'example_xcom' retrieved from /home/airflow/.local/lib/python3.12/site-packages/airflow/example_dags/example_xcom.py
[2026-05-03T11:29:54.677+0000] {logging_mixin.py:188} INFO - [2026-05-03T11:29:54.676+0000] {dag.py:3089} INFO - Sync 1 DAGs
[2026-05-03T11:29:54.709+0000] {logging_mixin.py:188} INFO - [2026-05-03T11:29:54.709+0000] {dag.py:3947} INFO - Setting next_dagrun for example_xcom to 2021-01-01 00:00:00+00:00, run_after=2021-01-01 00:00:00+00:00
[2026-05-03T11:29:54.741+0000] {processor.py:183} INFO - Processing /home/airflow/.local/lib/python3.12/site-packages/airflow/example_dags/example_xcom.py took 0.135 seconds
[2026-05-03T11:30:25.321+0000] {processor.py:161} INFO - Started process (PID=350) to work on /home/airflow/.local/lib/python3.12/site-packages/airflow/example_dags/example_xcom.py
[2026-05-03T11:30:25.329+0000] {processor.py:830} INFO - Processing file /home/airflow/.local/lib/python3.12/site-packages/airflow/example_dags/example_xcom.py for tasks to queue
[2026-05-03T11:30:25.336+0000] {logging_mixin.py:188} INFO - [2026-05-03T11:30:25.335+0000] {dagbag.py:545} INFO - Filling up the DagBag from /home/airflow/.local/lib/python3.12/site-packages/airflow/example_dags/example_xcom.py
[2026-05-03T11:30:25.349+0000] {processor.py:840} INFO - DAG(s) 'example_xcom' retrieved from /home/airflow/.local/lib/python3.12/site-packages/airflow/example_dags/example_xcom.py
[2026-05-03T11:30:25.409+0000] {logging_mixin.py:188} INFO - [2026-05-03T11:30:25.409+0000] {dag.py:3089} INFO - Sync 1 DAGs
[2026-05-03T11:30:25.445+0000] {logging_mixin.py:188} INFO - [2026-05-03T11:30:25.444+0000] {dag.py:3947} INFO - Setting next_dagrun for example_xcom to 2021-01-01 00:00:00+00:00, run_after=2021-01-01 00:00:00+00:00
[2026-05-03T11:30:25.478+0000] {processor.py:183} INFO - Processing /home/airflow/.local/lib/python3.12/site-packages/airflow/example_dags/example_xcom.py took 0.169 seconds
[2026-05-03T11:30:56.160+0000] {processor.py:161} INFO - Started process (PID=419) to work on /home/airflow/.local/lib/python3.12/site-packages/airflow/example_dags/example_xcom.py
[2026-05-03T11:30:56.169+0000] {processor.py:830} INFO - Processing file /home/airflow/.local/lib/python3.12/site-packages/airflow/example_dags/example_xcom.py for tasks to queue
[2026-05-03T11:30:56.176+0000] {logging_mixin.py:188} INFO - [2026-05-03T11:30:56.175+0000] {dagbag.py:545} INFO - Filling up the DagBag from /home/airflow/.local/lib/python3.12/site-packages/airflow/example_dags/example_xcom.py
[2026-05-03T11:30:56.193+0000] {processor.py:840} INFO - DAG(s) 'example_xcom' retrieved from /home/airflow/.local/lib/python3.12/site-packages/airflow/example_dags/example_xcom.py
[2026-05-03T11:30:56.243+0000] {logging_mixin.py:188} INFO - [2026-05-03T11:30:56.243+0000] {dag.py:3089} INFO - Sync 1 DAGs
[2026-05-03T11:30:56.299+0000] {logging_mixin.py:188} INFO - [2026-05-03T11:30:56.299+0000] {dag.py:3947} INFO - Setting next_dagrun for example_xcom to 2021-01-01 00:00:00+00:00, run_after=2021-01-01 00:00:00+00:00
[2026-05-03T11:30:56.334+0000] {processor.py:183} INFO - Processing /home/airflow/.local/lib/python3.12/site-packages/airflow/example_dags/example_xcom.py took 0.187 seconds
[2026-05-03T11:31:26.487+0000] {processor.py:161} INFO - Started process (PID=487) to work on /home/airflow/.local/lib/python3.12/site-packages/airflow/example_dags/example_xcom.py
[2026-05-03T11:31:26.489+0000] {processor.py:830} INFO - Processing file /home/airflow/.local/lib/python3.12/site-packages/airflow/example_dags/example_xcom.py for tasks to queue
[2026-05-03T11:31:26.494+0000] {logging_mixin.py:188} INFO - [2026-05-03T11:31:26.494+0000] {dagbag.py:545} INFO - Filling up the DagBag from /home/airflow/.local/lib/python3.12/site-packages/airflow/example_dags/example_xcom.py
[2026-05-03T11:31:26.510+0000] {processor.py:840} INFO - DAG(s) 'example_xcom' retrieved from /home/airflow/.local/lib/python3.12/site-packages/airflow/example_dags/example_xcom.py
[2026-05-03T11:31:26.546+0000] {logging_mixin.py:188} INFO - [2026-05-03T11:31:26.546+0000] {dag.py:3089} INFO - Sync 1 DAGs
[2026-05-03T11:31:26.578+0000] {logging_mixin.py:188} INFO - [2026-05-03T11:31:26.578+0000] {dag.py:3947} INFO - Setting next_dagrun for example_xcom to 2021-01-01 00:00:00+00:00, run_after=2021-01-01 00:00:00+00:00
[2026-05-03T11:31:26.614+0000] {processor.py:183} INFO - Processing /home/airflow/.local/lib/python3.12/site-packages/airflow/example_dags/example_xcom.py took 0.140 seconds
[2026-05-03T11:31:57.047+0000] {processor.py:161} INFO - Started process (PID=555) to work on /home/airflow/.local/lib/python3.12/site-packages/airflow/example_dags/example_xcom.py
[2026-05-03T11:31:57.052+0000] {processor.py:830} INFO - Processing file /home/airflow/.local/lib/python3.12/site-packages/airflow/example_dags/example_xcom.py for tasks to queue
[2026-05-03T11:31:57.057+0000] {logging_mixin.py:188} INFO - [2026-05-03T11:31:57.056+0000] {dagbag.py:545} INFO - Filling up the DagBag from /home/airflow/.local/lib/python3.12/site-packages/airflow/example_dags/example_xcom.py
[2026-05-03T11:31:57.071+0000] {processor.py:840} INFO - DAG(s) 'example_xcom' retrieved from /home/airflow/.local/lib/python3.12/site-packages/airflow/example_dags/example_xcom.py
[2026-05-03T11:31:57.117+0000] {logging_mixin.py:188} INFO - [2026-05-03T11:31:57.116+0000] {dag.py:3089} INFO - Sync 1 DAGs
[2026-05-03T11:31:57.157+0000] {logging_mixin.py:188} INFO - [2026-05-03T11:31:57.156+0000] {dag.py:3947} INFO - Setting next_dagrun for example_xcom to 2021-01-01 00:00:00+00:00, run_after=2021-01-01 00:00:00+00:00
[2026-05-03T11:31:57.198+0000] {processor.py:183} INFO - Processing /home/airflow/.local/lib/python3.12/site-packages/airflow/example_dags/example_xcom.py took 0.167 seconds
[2026-05-03T11:32:27.269+0000] {processor.py:161} INFO - Started process (PID=629) to work on /home/airflow/.local/lib/python3.12/site-packages/airflow/example_dags/example_xcom.py
[2026-05-03T11:32:27.271+0000] {processor.py:830} INFO - Processing file /home/airflow/.local/lib/python3.12/site-packages/airflow/example_dags/example_xcom.py for tasks to queue
[2026-05-03T11:32:27.275+0000] {logging_mixin.py:188} INFO - [2026-05-03T11:32:27.274+0000] {dagbag.py:545} INFO - Filling up the DagBag from /home/airflow/.local/lib/python3.12/site-packages/airflow/example_dags/example_xcom.py
[2026-05-03T11:32:27.288+0000] {processor.py:840} INFO - DAG(s) 'example_xcom' retrieved from /home/airflow/.local/lib/python3.12/site-packages/airflow/example_dags/example_xcom.py
[2026-05-03T11:32:27.326+0000] {logging_mixin.py:188} INFO - [2026-05-03T11:32:27.325+0000] {dag.py:3089} INFO - Sync 1 DAGs
[2026-05-03T11:32:27.360+0000] {logging_mixin.py:188} INFO - [2026-05-03T11:32:27.360+0000] {dag.py:3947} INFO - Setting next_dagrun for example_xcom to 2021-01-01 00:00:00+00:00, run_after=2021-01-01 00:00:00+00:00
[2026-05-03T11:32:27.397+0000] {processor.py:183} INFO - Processing /home/airflow/.local/lib/python3.12/site-packages/airflow/example_dags/example_xcom.py took 0.137 seconds
[2026-05-03T11:32:57.643+0000] {processor.py:161} INFO - Started process (PID=698) to work on /home/airflow/.local/lib/python3.12/site-packages/airflow/example_dags/example_xcom.py
[2026-05-03T11:32:57.645+0000] {processor.py:830} INFO - Processing file /home/airflow/.local/lib/python3.12/site-packages/airflow/example_dags/example_xcom.py for tasks to queue
[2026-05-03T11:32:57.648+0000] {logging_mixin.py:188} INFO - [2026-05-03T11:32:57.648+0000] {dagbag.py:545} INFO - Filling up the DagBag from /home/airflow/.local/lib/python3.12/site-packages/airflow/example_dags/example_xcom.py
[2026-05-03T11:32:57.663+0000] {processor.py:840} INFO - DAG(s) 'example_xcom' retrieved from /home/airflow/.local/lib/python3.12/site-packages/airflow/example_dags/example_xcom.py
[2026-05-03T11:32:57.700+0000] {logging_mixin.py:188} INFO - [2026-05-03T11:32:57.699+0000] {dag.py:3089} INFO - Sync 1 DAGs
[2026-05-03T11:32:57.738+0000] {logging_mixin.py:188} INFO - [2026-05-03T11:32:57.737+0000] {dag.py:3947} INFO - Setting next_dagrun for example_xcom to 2021-01-01 00:00:00+00:00, run_after=2021-01-01 00:00:00+00:00
[2026-05-03T11:32:57.773+0000] {processor.py:183} INFO - Processing /home/airflow/.local/lib/python3.12/site-packages/airflow/example_dags/example_xcom.py took 0.138 seconds
[2026-05-03T11:33:27.834+0000] {processor.py:161} INFO - Started process (PID=765) to work on /home/airflow/.local/lib/python3.12/site-packages/airflow/example_dags/example_xcom.py
[2026-05-03T11:33:27.837+0000] {processor.py:830} INFO - Processing file /home/airflow/.local/lib/python3.12/site-packages/airflow/example_dags/example_xcom.py for tasks to queue
[2026-05-03T11:33:27.841+0000] {logging_mixin.py:188} INFO - [2026-05-03T11:33:27.841+0000] {dagbag.py:545} INFO - Filling up the DagBag from /home/airflow/.local/lib/python3.12/site-packages/airflow/example_dags/example_xcom.py
[2026-05-03T11:33:27.855+0000] {processor.py:840} INFO - DAG(s) 'example_xcom' retrieved from /home/airflow/.local/lib/python3.12/site-packages/airflow/example_dags/example_xcom.py
[2026-05-03T11:33:27.888+0000] {logging_mixin.py:188} INFO - [2026-05-03T11:33:27.888+0000] {dag.py:3089} INFO - Sync 1 DAGs
[2026-05-03T11:33:27.920+0000] {logging_mixin.py:188} INFO - [2026-05-03T11:33:27.920+0000] {dag.py:3947} INFO - Setting next_dagrun for example_xcom to 2021-01-01 00:00:00+00:00, run_after=2021-01-01 00:00:00+00:00
[2026-05-03T11:33:27.955+0000] {processor.py:183} INFO - Processing /home/airflow/.local/lib/python3.12/site-packages/airflow/example_dags/example_xcom.py took 0.131 seconds
[2026-05-03T11:33:59.102+0000] {processor.py:161} INFO - Started process (PID=835) to work on /home/airflow/.local/lib/python3.12/site-packages/airflow/example_dags/example_xcom.py
[2026-05-03T11:33:59.104+0000] {processor.py:830} INFO - Processing file /home/airflow/.local/lib/python3.12/site-packages/airflow/example_dags/example_xcom.py for tasks to queue
[2026-05-03T11:33:59.109+0000] {logging_mixin.py:188} INFO - [2026-05-03T11:33:59.108+0000] {dagbag.py:545} INFO - Filling up the DagBag from /home/airflow/.local/lib/python3.12/site-packages/airflow/example_dags/example_xcom.py
[2026-05-03T11:33:59.122+0000] {processor.py:840} INFO - DAG(s) 'example_xcom' retrieved from /home/airflow/.local/lib/python3.12/site-packages/airflow/example_dags/example_xcom.py
[2026-05-03T11:33:59.158+0000] {logging_mixin.py:188} INFO - [2026-05-03T11:33:59.158+0000] {dag.py:3089} INFO - Sync 1 DAGs
[2026-05-03T11:33:59.190+0000] {logging_mixin.py:188} INFO - [2026-05-03T11:33:59.190+0000] {dag.py:3947} INFO - Setting next_dagrun for example_xcom to 2021-01-01 00:00:00+00:00, run_after=2021-01-01 00:00:00+00:00
[2026-05-03T11:33:59.226+0000] {processor.py:183} INFO - Processing /home/airflow/.local/lib/python3.12/site-packages/airflow/example_dags/example_xcom.py took 0.135 seconds
[2026-05-03T11:34:30.074+0000] {processor.py:161} INFO - Started process (PID=903) to work on /home/airflow/.local/lib/python3.12/site-packages/airflow/example_dags/example_xcom.py
[2026-05-03T11:34:30.076+0000] {processor.py:830} INFO - Processing file /home/airflow/.local/lib/python3.12/site-packages/airflow/example_dags/example_xcom.py for tasks to queue
[2026-05-03T11:34:30.079+0000] {logging_mixin.py:188} INFO - [2026-05-03T11:34:30.079+0000] {dagbag.py:545} INFO - Filling up the DagBag from /home/airflow/.local/lib/python3.12/site-packages/airflow/example_dags/example_xcom.py
[2026-05-03T11:34:30.091+0000] {processor.py:840} INFO - DAG(s) 'example_xcom' retrieved from /home/airflow/.local/lib/python3.12/site-packages/airflow/example_dags/example_xcom.py
[2026-05-03T11:34:30.126+0000] {logging_mixin.py:188} INFO - [2026-05-03T11:34:30.126+0000] {dag.py:3089} INFO - Sync 1 DAGs
[2026-05-03T11:34:30.158+0000] {logging_mixin.py:188} INFO - [2026-05-03T11:34:30.158+0000] {dag.py:3947} INFO - Setting next_dagrun for example_xcom to 2021-01-01 00:00:00+00:00, run_after=2021-01-01 00:00:00+00:00
[2026-05-03T11:34:30.196+0000] {processor.py:183} INFO - Processing /home/airflow/.local/lib/python3.12/site-packages/airflow/example_dags/example_xcom.py took 0.132 seconds
[2026-05-03T11:35:00.569+0000] {processor.py:161} INFO - Started process (PID=972) to work on /home/airflow/.local/lib/python3.12/site-packages/airflow/example_dags/example_xcom.py
[2026-05-03T11:35:00.571+0000] {processor.py:830} INFO - Processing file /home/airflow/.local/lib/python3.12/site-packages/airflow/example_dags/example_xcom.py for tasks to queue
[2026-05-03T11:35:00.576+0000] {logging_mixin.py:188} INFO - [2026-05-03T11:35:00.575+0000] {dagbag.py:545} INFO - Filling up the DagBag from /home/airflow/.local/lib/python3.12/site-packages/airflow/example_dags/example_xcom.py
[2026-05-03T11:35:00.593+0000] {processor.py:840} INFO - DAG(s) 'example_xcom' retrieved from /home/airflow/.local/lib/python3.12/site-packages/airflow/example_dags/example_xcom.py
[2026-05-03T11:35:00.642+0000] {logging_mixin.py:188} INFO - [2026-05-03T11:35:00.641+0000] {dag.py:3089} INFO - Sync 1 DAGs
[2026-05-03T11:35:00.692+0000] {logging_mixin.py:188} INFO - [2026-05-03T11:35:00.691+0000] {dag.py:3947} INFO - Setting next_dagrun for example_xcom to 2021-01-01 00:00:00+00:00, run_after=2021-01-01 00:00:00+00:00
[2026-05-03T11:35:00.743+0000] {processor.py:183} INFO - Processing /home/airflow/.local/lib/python3.12/site-packages/airflow/example_dags/example_xcom.py took 0.187 seconds
[2026-05-03T11:38:02.957+0000] {processor.py:161} INFO - Started process (PID=48) to work on /home/airflow/.local/lib/python3.12/site-packages/airflow/example_dags/example_xcom.py
[2026-05-03T11:38:02.960+0000] {processor.py:830} INFO - Processing file /home/airflow/.local/lib/python3.12/site-packages/airflow/example_dags/example_xcom.py for tasks to queue
[2026-05-03T11:38:02.963+0000] {logging_mixin.py:188} INFO - [2026-05-03T11:38:02.962+0000] {dagbag.py:545} INFO - Filling up the DagBag from /home/airflow/.local/lib/python3.12/site-packages/airflow/example_dags/example_xcom.py
[2026-05-03T11:38:02.975+0000] {processor.py:840} INFO - DAG(s) 'example_xcom' retrieved from /home/airflow/.local/lib/python3.12/site-packages/airflow/example_dags/example_xcom.py
[2026-05-03T11:38:03.139+0000] {logging_mixin.py:188} INFO - [2026-05-03T11:38:03.139+0000] {dag.py:3089} INFO - Sync 1 DAGs
[2026-05-03T11:38:03.172+0000] {logging_mixin.py:188} INFO - [2026-05-03T11:38:03.172+0000] {dag.py:3947} INFO - Setting next_dagrun for example_xcom to 2021-01-01 00:00:00+00:00, run_after=2021-01-01 00:00:00+00:00
[2026-05-03T11:38:03.213+0000] {processor.py:183} INFO - Processing /home/airflow/.local/lib/python3.12/site-packages/airflow/example_dags/example_xcom.py took 0.265 seconds
[2026-05-03T11:38:33.973+0000] {processor.py:161} INFO - Started process (PID=123) to work on /home/airflow/.local/lib/python3.12/site-packages/airflow/example_dags/example_xcom.py
[2026-05-03T11:38:33.976+0000] {processor.py:830} INFO - Processing file /home/airflow/.local/lib/python3.12/site-packages/airflow/example_dags/example_xcom.py for tasks to queue
[2026-05-03T11:38:33.980+0000] {logging_mixin.py:188} INFO - [2026-05-03T11:38:33.979+0000] {dagbag.py:545} INFO - Filling up the DagBag from /home/airflow/.local/lib/python3.12/site-packages/airflow/example_dags/example_xcom.py
[2026-05-03T11:38:33.992+0000] {processor.py:840} INFO - DAG(s) 'example_xcom' retrieved from /home/airflow/.local/lib/python3.12/site-packages/airflow/example_dags/example_xcom.py
[2026-05-03T11:38:34.030+0000] {logging_mixin.py:188} INFO - [2026-05-03T11:38:34.030+0000] {dag.py:3089} INFO - Sync 1 DAGs
[2026-05-03T11:38:34.074+0000] {logging_mixin.py:188} INFO - [2026-05-03T11:38:34.073+0000] {dag.py:3947} INFO - Setting next_dagrun for example_xcom to 2021-01-01 00:00:00+00:00, run_after=2021-01-01 00:00:00+00:00
[2026-05-03T11:38:34.110+0000] {processor.py:183} INFO - Processing /home/airflow/.local/lib/python3.12/site-packages/airflow/example_dags/example_xcom.py took 0.146 seconds
[2026-05-03T11:39:04.752+0000] {processor.py:161} INFO - Started process (PID=191) to work on /home/airflow/.local/lib/python3.12/site-packages/airflow/example_dags/example_xcom.py
[2026-05-03T11:39:04.754+0000] {processor.py:830} INFO - Processing file /home/airflow/.local/lib/python3.12/site-packages/airflow/example_dags/example_xcom.py for tasks to queue
[2026-05-03T11:39:04.757+0000] {logging_mixin.py:188} INFO - [2026-05-03T11:39:04.756+0000] {dagbag.py:545} INFO - Filling up the DagBag from /home/airflow/.local/lib/python3.12/site-packages/airflow/example_dags/example_xcom.py
[2026-05-03T11:39:04.770+0000] {processor.py:840} INFO - DAG(s) 'example_xcom' retrieved from /home/airflow/.local/lib/python3.12/site-packages/airflow/example_dags/example_xcom.py
[2026-05-03T11:39:04.809+0000] {logging_mixin.py:188} INFO - [2026-05-03T11:39:04.808+0000] {dag.py:3089} INFO - Sync 1 DAGs
[2026-05-03T11:39:04.844+0000] {logging_mixin.py:188} INFO - [2026-05-03T11:39:04.843+0000] {dag.py:3947} INFO - Setting next_dagrun for example_xcom to 2021-01-01 00:00:00+00:00, run_after=2021-01-01 00:00:00+00:00
[2026-05-03T11:39:04.887+0000] {processor.py:183} INFO - Processing /home/airflow/.local/lib/python3.12/site-packages/airflow/example_dags/example_xcom.py took 0.145 seconds
[2026-05-03T11:39:35.168+0000] {processor.py:161} INFO - Started process (PID=259) to work on /home/airflow/.local/lib/python3.12/site-packages/airflow/example_dags/example_xcom.py
[2026-05-03T11:39:35.171+0000] {processor.py:830} INFO - Processing file /home/airflow/.local/lib/python3.12/site-packages/airflow/example_dags/example_xcom.py for tasks to queue
[2026-05-03T11:39:35.178+0000] {logging_mixin.py:188} INFO - [2026-05-03T11:39:35.177+0000] {dagbag.py:545} INFO - Filling up the DagBag from /home/airflow/.local/lib/python3.12/site-packages/airflow/example_dags/example_xcom.py
[2026-05-03T11:39:35.191+0000] {processor.py:840} INFO - DAG(s) 'example_xcom' retrieved from /home/airflow/.local/lib/python3.12/site-packages/airflow/example_dags/example_xcom.py
[2026-05-03T11:39:35.226+0000] {logging_mixin.py:188} INFO - [2026-05-03T11:39:35.226+0000] {dag.py:3089} INFO - Sync 1 DAGs
[2026-05-03T11:39:35.259+0000] {logging_mixin.py:188} INFO - [2026-05-03T11:39:35.258+0000] {dag.py:3947} INFO - Setting next_dagrun for example_xcom to 2021-01-01 00:00:00+00:00, run_after=2021-01-01 00:00:00+00:00
[2026-05-03T11:39:35.290+0000] {processor.py:183} INFO - Processing /home/airflow/.local/lib/python3.12/site-packages/airflow/example_dags/example_xcom.py took 0.131 seconds
[2026-05-03T11:40:05.954+0000] {processor.py:161} INFO - Started process (PID=328) to work on /home/airflow/.local/lib/python3.12/site-packages/airflow/example_dags/example_xcom.py
[2026-05-03T11:40:05.958+0000] {processor.py:830} INFO - Processing file /home/airflow/.local/lib/python3.12/site-packages/airflow/example_dags/example_xcom.py for tasks to queue
[2026-05-03T11:40:05.964+0000] {logging_mixin.py:188} INFO - [2026-05-03T11:40:05.963+0000] {dagbag.py:545} INFO - Filling up the DagBag from /home/airflow/.local/lib/python3.12/site-packages/airflow/example_dags/example_xcom.py
[2026-05-03T11:40:05.999+0000] {processor.py:840} INFO - DAG(s) 'example_xcom' retrieved from /home/airflow/.local/lib/python3.12/site-packages/airflow/example_dags/example_xcom.py
[2026-05-03T11:40:06.044+0000] {logging_mixin.py:188} INFO - [2026-05-03T11:40:06.043+0000] {dag.py:3089} INFO - Sync 1 DAGs
[2026-05-03T11:40:06.082+0000] {logging_mixin.py:188} INFO - [2026-05-03T11:40:06.081+0000] {dag.py:3947} INFO - Setting next_dagrun for example_xcom to 2021-01-01 00:00:00+00:00, run_after=2021-01-01 00:00:00+00:00
[2026-05-03T11:40:06.128+0000] {processor.py:183} INFO - Processing /home/airflow/.local/lib/python3.12/site-packages/airflow/example_dags/example_xcom.py took 0.189 seconds
[2026-05-03T11:40:36.291+0000] {processor.py:161} INFO - Started process (PID=396) to work on /home/airflow/.local/lib/python3.12/site-packages/airflow/example_dags/example_xcom.py
[2026-05-03T11:40:36.295+0000] {processor.py:830} INFO - Processing file /home/airflow/.local/lib/python3.12/site-packages/airflow/example_dags/example_xcom.py for tasks to queue
[2026-05-03T11:40:36.299+0000] {logging_mixin.py:188} INFO - [2026-05-03T11:40:36.298+0000] {dagbag.py:545} INFO - Filling up the DagBag from /home/airflow/.local/lib/python3.12/site-packages/airflow/example_dags/example_xcom.py
[2026-05-03T11:40:36.313+0000] {processor.py:840} INFO - DAG(s) 'example_xcom' retrieved from /home/airflow/.local/lib/python3.12/site-packages/airflow/example_dags/example_xcom.py
[2026-05-03T11:40:36.350+0000] {logging_mixin.py:188} INFO - [2026-05-03T11:40:36.350+0000] {dag.py:3089} INFO - Sync 1 DAGs
[2026-05-03T11:40:36.385+0000] {logging_mixin.py:188} INFO - [2026-05-03T11:40:36.385+0000] {dag.py:3947} INFO - Setting next_dagrun for example_xcom to 2021-01-01 00:00:00+00:00, run_after=2021-01-01 00:00:00+00:00
[2026-05-03T11:40:36.428+0000] {processor.py:183} INFO - Processing /home/airflow/.local/lib/python3.12/site-packages/airflow/example_dags/example_xcom.py took 0.149 seconds
[2026-05-03T11:41:06.816+0000] {processor.py:161} INFO - Started process (PID=465) to work on /home/airflow/.local/lib/python3.12/site-packages/airflow/example_dags/example_xcom.py
[2026-05-03T11:41:06.818+0000] {processor.py:830} INFO - Processing file /home/airflow/.local/lib/python3.12/site-packages/airflow/example_dags/example_xcom.py for tasks to queue
[2026-05-03T11:41:06.829+0000] {logging_mixin.py:188} INFO - [2026-05-03T11:41:06.828+0000] {dagbag.py:545} INFO - Filling up the DagBag from /home/airflow/.local/lib/python3.12/site-packages/airflow/example_dags/example_xcom.py
[2026-05-03T11:41:06.845+0000] {processor.py:840} INFO - DAG(s) 'example_xcom' retrieved from /home/airflow/.local/lib/python3.12/site-packages/airflow/example_dags/example_xcom.py
[2026-05-03T11:41:06.886+0000] {logging_mixin.py:188} INFO - [2026-05-03T11:41:06.886+0000] {dag.py:3089} INFO - Sync 1 DAGs
[2026-05-03T11:41:06.927+0000] {logging_mixin.py:188} INFO - [2026-05-03T11:41:06.926+0000] {dag.py:3947} INFO - Setting next_dagrun for example_xcom to 2021-01-01 00:00:00+00:00, run_after=2021-01-01 00:00:00+00:00
[2026-05-03T11:41:06.964+0000] {processor.py:183} INFO - Processing /home/airflow/.local/lib/python3.12/site-packages/airflow/example_dags/example_xcom.py took 0.159 seconds
[2026-05-03T11:42:23.744+0000] {processor.py:161} INFO - Started process (PID=49) to work on /home/airflow/.local/lib/python3.12/site-packages/airflow/example_dags/example_xcom.py
[2026-05-03T11:42:23.746+0000] {processor.py:830} INFO - Processing file /home/airflow/.local/lib/python3.12/site-packages/airflow/example_dags/example_xcom.py for tasks to queue
[2026-05-03T11:42:23.750+0000] {logging_mixin.py:188} INFO - [2026-05-03T11:42:23.750+0000] {dagbag.py:545} INFO - Filling up the DagBag from /home/airflow/.local/lib/python3.12/site-packages/airflow/example_dags/example_xcom.py
[2026-05-03T11:42:23.764+0000] {processor.py:840} INFO - DAG(s) 'example_xcom' retrieved from /home/airflow/.local/lib/python3.12/site-packages/airflow/example_dags/example_xcom.py
[2026-05-03T11:42:23.785+0000] {logging_mixin.py:188} INFO - [2026-05-03T11:42:23.785+0000] {dag.py:3089} INFO - Sync 1 DAGs
[2026-05-03T11:42:23.818+0000] {logging_mixin.py:188} INFO - [2026-05-03T11:42:23.817+0000] {dag.py:3947} INFO - Setting next_dagrun for example_xcom to 2021-01-01 00:00:00+00:00, run_after=2021-01-01 00:00:00+00:00
[2026-05-03T11:42:23.849+0000] {processor.py:183} INFO - Processing /home/airflow/.local/lib/python3.12/site-packages/airflow/example_dags/example_xcom.py took 0.116 seconds
[2026-05-03T11:42:54.635+0000] {processor.py:161} INFO - Started process (PID=117) to work on /home/airflow/.local/lib/python3.12/site-packages/airflow/example_dags/example_xcom.py
[2026-05-03T11:42:54.655+0000] {processor.py:830} INFO - Processing file /home/airflow/.local/lib/python3.12/site-packages/airflow/example_dags/example_xcom.py for tasks to queue
[2026-05-03T11:42:54.660+0000] {logging_mixin.py:188} INFO - [2026-05-03T11:42:54.659+0000] {dagbag.py:545} INFO - Filling up the DagBag from /home/airflow/.local/lib/python3.12/site-packages/airflow/example_dags/example_xcom.py
[2026-05-03T11:42:54.676+0000] {processor.py:840} INFO - DAG(s) 'example_xcom' retrieved from /home/airflow/.local/lib/python3.12/site-packages/airflow/example_dags/example_xcom.py
[2026-05-03T11:42:54.842+0000] {logging_mixin.py:188} INFO - [2026-05-03T11:42:54.842+0000] {dag.py:3089} INFO - Sync 1 DAGs
[2026-05-03T11:42:54.878+0000] {logging_mixin.py:188} INFO - [2026-05-03T11:42:54.878+0000] {dag.py:3947} INFO - Setting next_dagrun for example_xcom to 2021-01-01 00:00:00+00:00, run_after=2021-01-01 00:00:00+00:00
[2026-05-03T11:42:54.921+0000] {processor.py:183} INFO - Processing /home/airflow/.local/lib/python3.12/site-packages/airflow/example_dags/example_xcom.py took 0.297 seconds
[2026-05-03T11:43:25.574+0000] {processor.py:161} INFO - Started process (PID=184) to work on /home/airflow/.local/lib/python3.12/site-packages/airflow/example_dags/example_xcom.py
[2026-05-03T11:43:25.576+0000] {processor.py:830} INFO - Processing file /home/airflow/.local/lib/python3.12/site-packages/airflow/example_dags/example_xcom.py for tasks to queue
[2026-05-03T11:43:25.579+0000] {logging_mixin.py:188} INFO - [2026-05-03T11:43:25.579+0000] {dagbag.py:545} INFO - Filling up the DagBag from /home/airflow/.local/lib/python3.12/site-packages/airflow/example_dags/example_xcom.py
[2026-05-03T11:43:25.591+0000] {processor.py:840} INFO - DAG(s) 'example_xcom' retrieved from /home/airflow/.local/lib/python3.12/site-packages/airflow/example_dags/example_xcom.py
[2026-05-03T11:43:25.625+0000] {logging_mixin.py:188} INFO - [2026-05-03T11:43:25.624+0000] {dag.py:3089} INFO - Sync 1 DAGs
[2026-05-03T11:43:25.657+0000] {logging_mixin.py:188} INFO - [2026-05-03T11:43:25.656+0000] {dag.py:3947} INFO - Setting next_dagrun for example_xcom to 2021-01-01 00:00:00+00:00, run_after=2021-01-01 00:00:00+00:00
[2026-05-03T11:43:25.690+0000] {processor.py:183} INFO - Processing /home/airflow/.local/lib/python3.12/site-packages/airflow/example_dags/example_xcom.py took 0.126 seconds
[2026-05-03T11:43:56.280+0000] {processor.py:161} INFO - Started process (PID=259) to work on /home/airflow/.local/lib/python3.12/site-packages/airflow/example_dags/example_xcom.py
[2026-05-03T11:43:56.282+0000] {processor.py:830} INFO - Processing file /home/airflow/.local/lib/python3.12/site-packages/airflow/example_dags/example_xcom.py for tasks to queue
[2026-05-03T11:43:56.286+0000] {logging_mixin.py:188} INFO - [2026-05-03T11:43:56.285+0000] {dagbag.py:545} INFO - Filling up the DagBag from /home/airflow/.local/lib/python3.12/site-packages/airflow/example_dags/example_xcom.py
[2026-05-03T11:43:56.303+0000] {processor.py:840} INFO - DAG(s) 'example_xcom' retrieved from /home/airflow/.local/lib/python3.12/site-packages/airflow/example_dags/example_xcom.py
[2026-05-03T11:43:56.349+0000] {logging_mixin.py:188} INFO - [2026-05-03T11:43:56.348+0000] {dag.py:3089} INFO - Sync 1 DAGs
[2026-05-03T11:43:56.386+0000] {logging_mixin.py:188} INFO - [2026-05-03T11:43:56.385+0000] {dag.py:3947} INFO - Setting next_dagrun for example_xcom to 2021-01-01 00:00:00+00:00, run_after=2021-01-01 00:00:00+00:00
[2026-05-03T11:43:56.423+0000] {processor.py:183} INFO - Processing /home/airflow/.local/lib/python3.12/site-packages/airflow/example_dags/example_xcom.py took 0.153 seconds
[2026-05-03T11:44:27.407+0000] {processor.py:161} INFO - Started process (PID=326) to work on /home/airflow/.local/lib/python3.12/site-packages/airflow/example_dags/example_xcom.py
[2026-05-03T11:44:27.409+0000] {processor.py:830} INFO - Processing file /home/airflow/.local/lib/python3.12/site-packages/airflow/example_dags/example_xcom.py for tasks to queue
[2026-05-03T11:44:27.413+0000] {logging_mixin.py:188} INFO - [2026-05-03T11:44:27.413+0000] {dagbag.py:545} INFO - Filling up the DagBag from /home/airflow/.local/lib/python3.12/site-packages/airflow/example_dags/example_xcom.py
[2026-05-03T11:44:27.428+0000] {processor.py:840} INFO - DAG(s) 'example_xcom' retrieved from /home/airflow/.local/lib/python3.12/site-packages/airflow/example_dags/example_xcom.py
[2026-05-03T11:44:27.470+0000] {logging_mixin.py:188} INFO - [2026-05-03T11:44:27.469+0000] {dag.py:3089} INFO - Sync 1 DAGs
[2026-05-03T11:44:27.520+0000] {logging_mixin.py:188} INFO - [2026-05-03T11:44:27.520+0000] {dag.py:3947} INFO - Setting next_dagrun for example_xcom to 2021-01-01 00:00:00+00:00, run_after=2021-01-01 00:00:00+00:00
[2026-05-03T11:44:27.562+0000] {processor.py:183} INFO - Processing /home/airflow/.local/lib/python3.12/site-packages/airflow/example_dags/example_xcom.py took 0.164 seconds
[2026-05-03T11:44:57.841+0000] {processor.py:161} INFO - Started process (PID=394) to work on /home/airflow/.local/lib/python3.12/site-packages/airflow/example_dags/example_xcom.py
[2026-05-03T11:44:57.843+0000] {processor.py:830} INFO - Processing file /home/airflow/.local/lib/python3.12/site-packages/airflow/example_dags/example_xcom.py for tasks to queue
[2026-05-03T11:44:57.847+0000] {logging_mixin.py:188} INFO - [2026-05-03T11:44:57.847+0000] {dagbag.py:545} INFO - Filling up the DagBag from /home/airflow/.local/lib/python3.12/site-packages/airflow/example_dags/example_xcom.py
[2026-05-03T11:44:57.859+0000] {processor.py:840} INFO - DAG(s) 'example_xcom' retrieved from /home/airflow/.local/lib/python3.12/site-packages/airflow/example_dags/example_xcom.py
[2026-05-03T11:44:57.895+0000] {logging_mixin.py:188} INFO - [2026-05-03T11:44:57.895+0000] {dag.py:3089} INFO - Sync 1 DAGs
[2026-05-03T11:44:57.928+0000] {logging_mixin.py:188} INFO - [2026-05-03T11:44:57.928+0000] {dag.py:3947} INFO - Setting next_dagrun for example_xcom to 2021-01-01 00:00:00+00:00, run_after=2021-01-01 00:00:00+00:00
[2026-05-03T11:44:57.961+0000] {processor.py:183} INFO - Processing /home/airflow/.local/lib/python3.12/site-packages/airflow/example_dags/example_xcom.py took 0.128 seconds
[2026-05-03T11:45:28.863+0000] {processor.py:161} INFO - Started process (PID=461) to work on /home/airflow/.local/lib/python3.12/site-packages/airflow/example_dags/example_xcom.py
[2026-05-03T11:45:28.865+0000] {processor.py:830} INFO - Processing file /home/airflow/.local/lib/python3.12/site-packages/airflow/example_dags/example_xcom.py for tasks to queue
[2026-05-03T11:45:28.869+0000] {logging_mixin.py:188} INFO - [2026-05-03T11:45:28.869+0000] {dagbag.py:545} INFO - Filling up the DagBag from /home/airflow/.local/lib/python3.12/site-packages/airflow/example_dags/example_xcom.py
[2026-05-03T11:45:28.880+0000] {processor.py:840} INFO - DAG(s) 'example_xcom' retrieved from /home/airflow/.local/lib/python3.12/site-packages/airflow/example_dags/example_xcom.py
[2026-05-03T11:45:28.914+0000] {logging_mixin.py:188} INFO - [2026-05-03T11:45:28.913+0000] {dag.py:3089} INFO - Sync 1 DAGs
[2026-05-03T11:45:28.946+0000] {logging_mixin.py:188} INFO - [2026-05-03T11:45:28.946+0000] {dag.py:3947} INFO - Setting next_dagrun for example_xcom to 2021-01-01 00:00:00+00:00, run_after=2021-01-01 00:00:00+00:00
[2026-05-03T11:45:28.985+0000] {processor.py:183} INFO - Processing /home/airflow/.local/lib/python3.12/site-packages/airflow/example_dags/example_xcom.py took 0.133 seconds
[2026-05-03T11:45:59.440+0000] {processor.py:161} INFO - Started process (PID=529) to work on /home/airflow/.local/lib/python3.12/site-packages/airflow/example_dags/example_xcom.py
[2026-05-03T11:45:59.442+0000] {processor.py:830} INFO - Processing file /home/airflow/.local/lib/python3.12/site-packages/airflow/example_dags/example_xcom.py for tasks to queue
[2026-05-03T11:45:59.445+0000] {logging_mixin.py:188} INFO - [2026-05-03T11:45:59.445+0000] {dagbag.py:545} INFO - Filling up the DagBag from /home/airflow/.local/lib/python3.12/site-packages/airflow/example_dags/example_xcom.py
[2026-05-03T11:45:59.458+0000] {processor.py:840} INFO - DAG(s) 'example_xcom' retrieved from /home/airflow/.local/lib/python3.12/site-packages/airflow/example_dags/example_xcom.py
[2026-05-03T11:45:59.490+0000] {logging_mixin.py:188} INFO - [2026-05-03T11:45:59.489+0000] {dag.py:3089} INFO - Sync 1 DAGs
[2026-05-03T11:45:59.521+0000] {logging_mixin.py:188} INFO - [2026-05-03T11:45:59.521+0000] {dag.py:3947} INFO - Setting next_dagrun for example_xcom to 2021-01-01 00:00:00+00:00, run_after=2021-01-01 00:00:00+00:00
[2026-05-03T11:45:59.561+0000] {processor.py:183} INFO - Processing /home/airflow/.local/lib/python3.12/site-packages/airflow/example_dags/example_xcom.py took 0.130 seconds
[2026-05-03T11:46:30.185+0000] {processor.py:161} INFO - Started process (PID=604) to work on /home/airflow/.local/lib/python3.12/site-packages/airflow/example_dags/example_xcom.py
[2026-05-03T11:46:30.187+0000] {processor.py:830} INFO - Processing file /home/airflow/.local/lib/python3.12/site-packages/airflow/example_dags/example_xcom.py for tasks to queue
[2026-05-03T11:46:30.191+0000] {logging_mixin.py:188} INFO - [2026-05-03T11:46:30.190+0000] {dagbag.py:545} INFO - Filling up the DagBag from /home/airflow/.local/lib/python3.12/site-packages/airflow/example_dags/example_xcom.py
[2026-05-03T11:46:30.204+0000] {processor.py:840} INFO - DAG(s) 'example_xcom' retrieved from /home/airflow/.local/lib/python3.12/site-packages/airflow/example_dags/example_xcom.py
[2026-05-03T11:46:30.239+0000] {logging_mixin.py:188} INFO - [2026-05-03T11:46:30.239+0000] {dag.py:3089} INFO - Sync 1 DAGs
[2026-05-03T11:46:30.273+0000] {logging_mixin.py:188} INFO - [2026-05-03T11:46:30.272+0000] {dag.py:3947} INFO - Setting next_dagrun for example_xcom to 2021-01-01 00:00:00+00:00, run_after=2021-01-01 00:00:00+00:00
[2026-05-03T11:46:30.310+0000] {processor.py:183} INFO - Processing /home/airflow/.local/lib/python3.12/site-packages/airflow/example_dags/example_xcom.py took 0.136 seconds
[2026-05-03T11:47:02.952+0000] {processor.py:161} INFO - Started process (PID=665) to work on /home/airflow/.local/lib/python3.12/site-packages/airflow/example_dags/example_xcom.py
[2026-05-03T11:47:02.955+0000] {processor.py:830} INFO - Processing file /home/airflow/.local/lib/python3.12/site-packages/airflow/example_dags/example_xcom.py for tasks to queue
[2026-05-03T11:47:02.967+0000] {logging_mixin.py:188} INFO - [2026-05-03T11:47:02.966+0000] {dagbag.py:545} INFO - Filling up the DagBag from /home/airflow/.local/lib/python3.12/site-packages/airflow/example_dags/example_xcom.py
[2026-05-03T11:47:02.982+0000] {processor.py:840} INFO - DAG(s) 'example_xcom' retrieved from /home/airflow/.local/lib/python3.12/site-packages/airflow/example_dags/example_xcom.py
[2026-05-03T11:47:03.036+0000] {logging_mixin.py:188} INFO - [2026-05-03T11:47:03.035+0000] {dag.py:3089} INFO - Sync 1 DAGs
[2026-05-03T11:47:03.091+0000] {logging_mixin.py:188} INFO - [2026-05-03T11:47:03.090+0000] {dag.py:3947} INFO - Setting next_dagrun for example_xcom to 2021-01-01 00:00:00+00:00, run_after=2021-01-01 00:00:00+00:00
[2026-05-03T11:47:03.150+0000] {processor.py:183} INFO - Processing /home/airflow/.local/lib/python3.12/site-packages/airflow/example_dags/example_xcom.py took 0.249 seconds
[2026-05-03T16:26:22.425+0000] {processor.py:161} INFO - Started process (PID=683) to work on /home/airflow/.local/lib/python3.12/site-packages/airflow/example_dags/example_xcom.py
[2026-05-03T16:26:22.429+0000] {processor.py:830} INFO - Processing file /home/airflow/.local/lib/python3.12/site-packages/airflow/example_dags/example_xcom.py for tasks to queue
[2026-05-03T16:26:22.433+0000] {logging_mixin.py:188} INFO - [2026-05-03T16:26:22.433+0000] {dagbag.py:545} INFO - Filling up the DagBag from /home/airflow/.local/lib/python3.12/site-packages/airflow/example_dags/example_xcom.py
[2026-05-03T16:26:22.453+0000] {processor.py:840} INFO - DAG(s) 'example_xcom' retrieved from /home/airflow/.local/lib/python3.12/site-packages/airflow/example_dags/example_xcom.py
[2026-05-03T16:26:22.520+0000] {logging_mixin.py:188} INFO - [2026-05-03T16:26:22.520+0000] {dag.py:3089} INFO - Sync 1 DAGs
[2026-05-03T16:26:22.595+0000] {logging_mixin.py:188} INFO - [2026-05-03T16:26:22.594+0000] {dag.py:3947} INFO - Setting next_dagrun for example_xcom to 2021-01-01 00:00:00+00:00, run_after=2021-01-01 00:00:00+00:00
[2026-05-03T16:26:22.644+0000] {processor.py:183} INFO - Processing /home/airflow/.local/lib/python3.12/site-packages/airflow/example_dags/example_xcom.py took 0.228 seconds
[2026-05-03T16:26:52.821+0000] {processor.py:161} INFO - Started process (PID=751) to work on /home/airflow/.local/lib/python3.12/site-packages/airflow/example_dags/example_xcom.py
[2026-05-03T16:26:52.823+0000] {processor.py:830} INFO - Processing file /home/airflow/.local/lib/python3.12/site-packages/airflow/example_dags/example_xcom.py for tasks to queue
[2026-05-03T16:26:52.825+0000] {logging_mixin.py:188} INFO - [2026-05-03T16:26:52.824+0000] {dagbag.py:545} INFO - Filling up the DagBag from /home/airflow/.local/lib/python3.12/site-packages/airflow/example_dags/example_xcom.py
[2026-05-03T16:26:52.839+0000] {processor.py:840} INFO - DAG(s) 'example_xcom' retrieved from /home/airflow/.local/lib/python3.12/site-packages/airflow/example_dags/example_xcom.py
[2026-05-03T16:26:52.877+0000] {logging_mixin.py:188} INFO - [2026-05-03T16:26:52.876+0000] {dag.py:3089} INFO - Sync 1 DAGs
[2026-05-03T16:26:52.909+0000] {logging_mixin.py:188} INFO - [2026-05-03T16:26:52.909+0000] {dag.py:3947} INFO - Setting next_dagrun for example_xcom to 2021-01-01 00:00:00+00:00, run_after=2021-01-01 00:00:00+00:00
[2026-05-03T16:26:52.942+0000] {processor.py:183} INFO - Processing /home/airflow/.local/lib/python3.12/site-packages/airflow/example_dags/example_xcom.py took 0.130 seconds
[2026-05-03T16:27:23.931+0000] {processor.py:161} INFO - Started process (PID=823) to work on /home/airflow/.local/lib/python3.12/site-packages/airflow/example_dags/example_xcom.py
[2026-05-03T16:27:23.933+0000] {processor.py:830} INFO - Processing file /home/airflow/.local/lib/python3.12/site-packages/airflow/example_dags/example_xcom.py for tasks to queue
[2026-05-03T16:27:23.935+0000] {logging_mixin.py:188} INFO - [2026-05-03T16:27:23.934+0000] {dagbag.py:545} INFO - Filling up the DagBag from /home/airflow/.local/lib/python3.12/site-packages/airflow/example_dags/example_xcom.py
[2026-05-03T16:27:23.950+0000] {processor.py:840} INFO - DAG(s) 'example_xcom' retrieved from /home/airflow/.local/lib/python3.12/site-packages/airflow/example_dags/example_xcom.py
[2026-05-03T16:27:23.988+0000] {logging_mixin.py:188} INFO - [2026-05-03T16:27:23.988+0000] {dag.py:3089} INFO - Sync 1 DAGs
[2026-05-03T16:27:24.020+0000] {logging_mixin.py:188} INFO - [2026-05-03T16:27:24.020+0000] {dag.py:3947} INFO - Setting next_dagrun for example_xcom to 2021-01-01 00:00:00+00:00, run_after=2021-01-01 00:00:00+00:00
[2026-05-03T16:27:24.054+0000] {processor.py:183} INFO - Processing /home/airflow/.local/lib/python3.12/site-packages/airflow/example_dags/example_xcom.py took 0.133 seconds
[2026-05-03T16:27:54.513+0000] {processor.py:161} INFO - Started process (PID=891) to work on /home/airflow/.local/lib/python3.12/site-packages/airflow/example_dags/example_xcom.py
[2026-05-03T16:27:54.515+0000] {processor.py:830} INFO - Processing file /home/airflow/.local/lib/python3.12/site-packages/airflow/example_dags/example_xcom.py for tasks to queue
[2026-05-03T16:27:54.518+0000] {logging_mixin.py:188} INFO - [2026-05-03T16:27:54.517+0000] {dagbag.py:545} INFO - Filling up the DagBag from /home/airflow/.local/lib/python3.12/site-packages/airflow/example_dags/example_xcom.py
[2026-05-03T16:27:54.534+0000] {processor.py:840} INFO - DAG(s) 'example_xcom' retrieved from /home/airflow/.local/lib/python3.12/site-packages/airflow/example_dags/example_xcom.py
[2026-05-03T16:27:54.580+0000] {logging_mixin.py:188} INFO - [2026-05-03T16:27:54.579+0000] {dag.py:3089} INFO - Sync 1 DAGs
[2026-05-03T16:27:54.621+0000] {logging_mixin.py:188} INFO - [2026-05-03T16:27:54.621+0000] {dag.py:3947} INFO - Setting next_dagrun for example_xcom to 2021-01-01 00:00:00+00:00, run_after=2021-01-01 00:00:00+00:00
[2026-05-03T16:27:54.662+0000] {processor.py:183} INFO - Processing /home/airflow/.local/lib/python3.12/site-packages/airflow/example_dags/example_xcom.py took 0.163 seconds
[2026-05-03T16:28:25.331+0000] {processor.py:161} INFO - Started process (PID=959) to work on /home/airflow/.local/lib/python3.12/site-packages/airflow/example_dags/example_xcom.py
[2026-05-03T16:28:25.333+0000] {processor.py:830} INFO - Processing file /home/airflow/.local/lib/python3.12/site-packages/airflow/example_dags/example_xcom.py for tasks to queue
[2026-05-03T16:28:25.335+0000] {logging_mixin.py:188} INFO - [2026-05-03T16:28:25.334+0000] {dagbag.py:545} INFO - Filling up the DagBag from /home/airflow/.local/lib/python3.12/site-packages/airflow/example_dags/example_xcom.py
[2026-05-03T16:28:25.349+0000] {processor.py:840} INFO - DAG(s) 'example_xcom' retrieved from /home/airflow/.local/lib/python3.12/site-packages/airflow/example_dags/example_xcom.py
[2026-05-03T16:28:25.385+0000] {logging_mixin.py:188} INFO - [2026-05-03T16:28:25.384+0000] {dag.py:3089} INFO - Sync 1 DAGs
[2026-05-03T16:28:25.421+0000] {logging_mixin.py:188} INFO - [2026-05-03T16:28:25.420+0000] {dag.py:3947} INFO - Setting next_dagrun for example_xcom to 2021-01-01 00:00:00+00:00, run_after=2021-01-01 00:00:00+00:00
[2026-05-03T16:28:25.453+0000] {processor.py:183} INFO - Processing /home/airflow/.local/lib/python3.12/site-packages/airflow/example_dags/example_xcom.py took 0.131 seconds
[2026-05-03T16:28:55.759+0000] {processor.py:161} INFO - Started process (PID=1027) to work on /home/airflow/.local/lib/python3.12/site-packages/airflow/example_dags/example_xcom.py
[2026-05-03T16:28:55.761+0000] {processor.py:830} INFO - Processing file /home/airflow/.local/lib/python3.12/site-packages/airflow/example_dags/example_xcom.py for tasks to queue
[2026-05-03T16:28:55.763+0000] {logging_mixin.py:188} INFO - [2026-05-03T16:28:55.763+0000] {dagbag.py:545} INFO - Filling up the DagBag from /home/airflow/.local/lib/python3.12/site-packages/airflow/example_dags/example_xcom.py
[2026-05-03T16:28:55.776+0000] {processor.py:840} INFO - DAG(s) 'example_xcom' retrieved from /home/airflow/.local/lib/python3.12/site-packages/airflow/example_dags/example_xcom.py
[2026-05-03T16:28:55.821+0000] {logging_mixin.py:188} INFO - [2026-05-03T16:28:55.820+0000] {dag.py:3089} INFO - Sync 1 DAGs
[2026-05-03T16:28:55.860+0000] {logging_mixin.py:188} INFO - [2026-05-03T16:28:55.859+0000] {dag.py:3947} INFO - Setting next_dagrun for example_xcom to 2021-01-01 00:00:00+00:00, run_after=2021-01-01 00:00:00+00:00
[2026-05-03T16:28:55.902+0000] {processor.py:183} INFO - Processing /home/airflow/.local/lib/python3.12/site-packages/airflow/example_dags/example_xcom.py took 0.152 seconds
[2026-05-03T16:29:26.346+0000] {processor.py:161} INFO - Started process (PID=1095) to work on /home/airflow/.local/lib/python3.12/site-packages/airflow/example_dags/example_xcom.py
[2026-05-03T16:29:26.348+0000] {processor.py:830} INFO - Processing file /home/airflow/.local/lib/python3.12/site-packages/airflow/example_dags/example_xcom.py for tasks to queue
[2026-05-03T16:29:26.350+0000] {logging_mixin.py:188} INFO - [2026-05-03T16:29:26.350+0000] {dagbag.py:545} INFO - Filling up the DagBag from /home/airflow/.local/lib/python3.12/site-packages/airflow/example_dags/example_xcom.py
[2026-05-03T16:29:26.364+0000] {processor.py:840} INFO - DAG(s) 'example_xcom' retrieved from /home/airflow/.local/lib/python3.12/site-packages/airflow/example_dags/example_xcom.py
[2026-05-03T16:29:26.405+0000] {logging_mixin.py:188} INFO - [2026-05-03T16:29:26.405+0000] {dag.py:3089} INFO - Sync 1 DAGs
[2026-05-03T16:29:26.442+0000] {logging_mixin.py:188} INFO - [2026-05-03T16:29:26.442+0000] {dag.py:3947} INFO - Setting next_dagrun for example_xcom to 2021-01-01 00:00:00+00:00, run_after=2021-01-01 00:00:00+00:00
[2026-05-03T16:29:26.478+0000] {processor.py:183} INFO - Processing /home/airflow/.local/lib/python3.12/site-packages/airflow/example_dags/example_xcom.py took 0.141 seconds
[2026-05-03T16:29:56.993+0000] {processor.py:161} INFO - Started process (PID=1163) to work on /home/airflow/.local/lib/python3.12/site-packages/airflow/example_dags/example_xcom.py
[2026-05-03T16:29:56.995+0000] {processor.py:830} INFO - Processing file /home/airflow/.local/lib/python3.12/site-packages/airflow/example_dags/example_xcom.py for tasks to queue
[2026-05-03T16:29:56.997+0000] {logging_mixin.py:188} INFO - [2026-05-03T16:29:56.996+0000] {dagbag.py:545} INFO - Filling up the DagBag from /home/airflow/.local/lib/python3.12/site-packages/airflow/example_dags/example_xcom.py
[2026-05-03T16:29:57.009+0000] {processor.py:840} INFO - DAG(s) 'example_xcom' retrieved from /home/airflow/.local/lib/python3.12/site-packages/airflow/example_dags/example_xcom.py
[2026-05-03T16:29:57.049+0000] {logging_mixin.py:188} INFO - [2026-05-03T16:29:57.048+0000] {dag.py:3089} INFO - Sync 1 DAGs
[2026-05-03T16:29:57.085+0000] {logging_mixin.py:188} INFO - [2026-05-03T16:29:57.084+0000] {dag.py:3947} INFO - Setting next_dagrun for example_xcom to 2021-01-01 00:00:00+00:00, run_after=2021-01-01 00:00:00+00:00
[2026-05-03T16:29:57.118+0000] {processor.py:183} INFO - Processing /home/airflow/.local/lib/python3.12/site-packages/airflow/example_dags/example_xcom.py took 0.138 seconds
[2026-05-03T16:30:27.676+0000] {processor.py:161} INFO - Started process (PID=1228) to work on /home/airflow/.local/lib/python3.12/site-packages/airflow/example_dags/example_xcom.py
[2026-05-03T16:30:27.678+0000] {processor.py:830} INFO - Processing file /home/airflow/.local/lib/python3.12/site-packages/airflow/example_dags/example_xcom.py for tasks to queue
[2026-05-03T16:30:27.679+0000] {logging_mixin.py:188} INFO - [2026-05-03T16:30:27.679+0000] {dagbag.py:545} INFO - Filling up the DagBag from /home/airflow/.local/lib/python3.12/site-packages/airflow/example_dags/example_xcom.py
[2026-05-03T16:30:27.692+0000] {processor.py:840} INFO - DAG(s) 'example_xcom' retrieved from /home/airflow/.local/lib/python3.12/site-packages/airflow/example_dags/example_xcom.py
[2026-05-03T16:30:27.731+0000] {logging_mixin.py:188} INFO - [2026-05-03T16:30:27.730+0000] {dag.py:3089} INFO - Sync 1 DAGs
[2026-05-03T16:30:27.769+0000] {logging_mixin.py:188} INFO - [2026-05-03T16:30:27.769+0000] {dag.py:3947} INFO - Setting next_dagrun for example_xcom to 2021-01-01 00:00:00+00:00, run_after=2021-01-01 00:00:00+00:00
[2026-05-03T16:30:27.814+0000] {processor.py:183} INFO - Processing /home/airflow/.local/lib/python3.12/site-packages/airflow/example_dags/example_xcom.py took 0.148 seconds
[2026-05-03T16:30:58.355+0000] {processor.py:161} INFO - Started process (PID=1296) to work on /home/airflow/.local/lib/python3.12/site-packages/airflow/example_dags/example_xcom.py
[2026-05-03T16:30:58.357+0000] {processor.py:830} INFO - Processing file /home/airflow/.local/lib/python3.12/site-packages/airflow/example_dags/example_xcom.py for tasks to queue
[2026-05-03T16:30:58.360+0000] {logging_mixin.py:188} INFO - [2026-05-03T16:30:58.359+0000] {dagbag.py:545} INFO - Filling up the DagBag from /home/airflow/.local/lib/python3.12/site-packages/airflow/example_dags/example_xcom.py
[2026-05-03T16:30:58.378+0000] {processor.py:840} INFO - DAG(s) 'example_xcom' retrieved from /home/airflow/.local/lib/python3.12/site-packages/airflow/example_dags/example_xcom.py
[2026-05-03T16:30:58.422+0000] {logging_mixin.py:188} INFO - [2026-05-03T16:30:58.422+0000] {dag.py:3089} INFO - Sync 1 DAGs
[2026-05-03T16:30:58.457+0000] {logging_mixin.py:188} INFO - [2026-05-03T16:30:58.456+0000] {dag.py:3947} INFO - Setting next_dagrun for example_xcom to 2021-01-01 00:00:00+00:00, run_after=2021-01-01 00:00:00+00:00
[2026-05-03T16:30:58.496+0000] {processor.py:183} INFO - Processing /home/airflow/.local/lib/python3.12/site-packages/airflow/example_dags/example_xcom.py took 0.153 seconds
[2026-05-03T16:31:28.619+0000] {processor.py:161} INFO - Started process (PID=1364) to work on /home/airflow/.local/lib/python3.12/site-packages/airflow/example_dags/example_xcom.py
[2026-05-03T16:31:28.621+0000] {processor.py:830} INFO - Processing file /home/airflow/.local/lib/python3.12/site-packages/airflow/example_dags/example_xcom.py for tasks to queue
[2026-05-03T16:31:28.623+0000] {logging_mixin.py:188} INFO - [2026-05-03T16:31:28.623+0000] {dagbag.py:545} INFO - Filling up the DagBag from /home/airflow/.local/lib/python3.12/site-packages/airflow/example_dags/example_xcom.py
[2026-05-03T16:31:28.644+0000] {processor.py:840} INFO - DAG(s) 'example_xcom' retrieved from /home/airflow/.local/lib/python3.12/site-packages/airflow/example_dags/example_xcom.py
[2026-05-03T16:31:28.683+0000] {logging_mixin.py:188} INFO - [2026-05-03T16:31:28.682+0000] {dag.py:3089} INFO - Sync 1 DAGs
[2026-05-03T16:31:28.718+0000] {logging_mixin.py:188} INFO - [2026-05-03T16:31:28.717+0000] {dag.py:3947} INFO - Setting next_dagrun for example_xcom to 2021-01-01 00:00:00+00:00, run_after=2021-01-01 00:00:00+00:00
[2026-05-03T16:31:28.757+0000] {processor.py:183} INFO - Processing /home/airflow/.local/lib/python3.12/site-packages/airflow/example_dags/example_xcom.py took 0.150 seconds
[2026-05-03T16:31:59.658+0000] {processor.py:161} INFO - Started process (PID=1433) to work on /home/airflow/.local/lib/python3.12/site-packages/airflow/example_dags/example_xcom.py
[2026-05-03T16:31:59.660+0000] {processor.py:830} INFO - Processing file /home/airflow/.local/lib/python3.12/site-packages/airflow/example_dags/example_xcom.py for tasks to queue
[2026-05-03T16:31:59.663+0000] {logging_mixin.py:188} INFO - [2026-05-03T16:31:59.662+0000] {dagbag.py:545} INFO - Filling up the DagBag from /home/airflow/.local/lib/python3.12/site-packages/airflow/example_dags/example_xcom.py
[2026-05-03T16:31:59.680+0000] {processor.py:840} INFO - DAG(s) 'example_xcom' retrieved from /home/airflow/.local/lib/python3.12/site-packages/airflow/example_dags/example_xcom.py
[2026-05-03T16:31:59.727+0000] {logging_mixin.py:188} INFO - [2026-05-03T16:31:59.726+0000] {dag.py:3089} INFO - Sync 1 DAGs
[2026-05-03T16:31:59.764+0000] {logging_mixin.py:188} INFO - [2026-05-03T16:31:59.763+0000] {dag.py:3947} INFO - Setting next_dagrun for example_xcom to 2021-01-01 00:00:00+00:00, run_after=2021-01-01 00:00:00+00:00
[2026-05-03T16:31:59.815+0000] {processor.py:183} INFO - Processing /home/airflow/.local/lib/python3.12/site-packages/airflow/example_dags/example_xcom.py took 0.174 seconds
[2026-05-03T16:32:30.089+0000] {processor.py:161} INFO - Started process (PID=1507) to work on /home/airflow/.local/lib/python3.12/site-packages/airflow/example_dags/example_xcom.py
[2026-05-03T16:32:30.092+0000] {processor.py:830} INFO - Processing file /home/airflow/.local/lib/python3.12/site-packages/airflow/example_dags/example_xcom.py for tasks to queue
[2026-05-03T16:32:30.094+0000] {logging_mixin.py:188} INFO - [2026-05-03T16:32:30.093+0000] {dagbag.py:545} INFO - Filling up the DagBag from /home/airflow/.local/lib/python3.12/site-packages/airflow/example_dags/example_xcom.py
[2026-05-03T16:32:30.107+0000] {processor.py:840} INFO - DAG(s) 'example_xcom' retrieved from /home/airflow/.local/lib/python3.12/site-packages/airflow/example_dags/example_xcom.py
[2026-05-03T16:32:30.140+0000] {logging_mixin.py:188} INFO - [2026-05-03T16:32:30.139+0000] {dag.py:3089} INFO - Sync 1 DAGs
[2026-05-03T16:32:30.173+0000] {logging_mixin.py:188} INFO - [2026-05-03T16:32:30.173+0000] {dag.py:3947} INFO - Setting next_dagrun for example_xcom to 2021-01-01 00:00:00+00:00, run_after=2021-01-01 00:00:00+00:00
[2026-05-03T16:32:30.206+0000] {processor.py:183} INFO - Processing /home/airflow/.local/lib/python3.12/site-packages/airflow/example_dags/example_xcom.py took 0.127 seconds
[2026-05-03T16:33:00.729+0000] {processor.py:161} INFO - Started process (PID=1575) to work on /home/airflow/.local/lib/python3.12/site-packages/airflow/example_dags/example_xcom.py
[2026-05-03T16:33:00.731+0000] {processor.py:830} INFO - Processing file /home/airflow/.local/lib/python3.12/site-packages/airflow/example_dags/example_xcom.py for tasks to queue
[2026-05-03T16:33:00.733+0000] {logging_mixin.py:188} INFO - [2026-05-03T16:33:00.732+0000] {dagbag.py:545} INFO - Filling up the DagBag from /home/airflow/.local/lib/python3.12/site-packages/airflow/example_dags/example_xcom.py
[2026-05-03T16:33:00.745+0000] {processor.py:840} INFO - DAG(s) 'example_xcom' retrieved from /home/airflow/.local/lib/python3.12/site-packages/airflow/example_dags/example_xcom.py
[2026-05-03T16:33:00.784+0000] {logging_mixin.py:188} INFO - [2026-05-03T16:33:00.783+0000] {dag.py:3089} INFO - Sync 1 DAGs
[2026-05-03T16:33:00.814+0000] {logging_mixin.py:188} INFO - [2026-05-03T16:33:00.814+0000] {dag.py:3947} INFO - Setting next_dagrun for example_xcom to 2021-01-01 00:00:00+00:00, run_after=2021-01-01 00:00:00+00:00
[2026-05-03T16:33:00.847+0000] {processor.py:183} INFO - Processing /home/airflow/.local/lib/python3.12/site-packages/airflow/example_dags/example_xcom.py took 0.127 seconds
[2026-05-03T16:33:31.426+0000] {processor.py:161} INFO - Started process (PID=1643) to work on /home/airflow/.local/lib/python3.12/site-packages/airflow/example_dags/example_xcom.py
[2026-05-03T16:33:31.428+0000] {processor.py:830} INFO - Processing file /home/airflow/.local/lib/python3.12/site-packages/airflow/example_dags/example_xcom.py for tasks to queue
[2026-05-03T16:33:31.430+0000] {logging_mixin.py:188} INFO - [2026-05-03T16:33:31.429+0000] {dagbag.py:545} INFO - Filling up the DagBag from /home/airflow/.local/lib/python3.12/site-packages/airflow/example_dags/example_xcom.py
[2026-05-03T16:33:31.442+0000] {processor.py:840} INFO - DAG(s) 'example_xcom' retrieved from /home/airflow/.local/lib/python3.12/site-packages/airflow/example_dags/example_xcom.py
[2026-05-03T16:33:31.476+0000] {logging_mixin.py:188} INFO - [2026-05-03T16:33:31.476+0000] {dag.py:3089} INFO - Sync 1 DAGs
[2026-05-03T16:33:31.509+0000] {logging_mixin.py:188} INFO - [2026-05-03T16:33:31.508+0000] {dag.py:3947} INFO - Setting next_dagrun for example_xcom to 2021-01-01 00:00:00+00:00, run_after=2021-01-01 00:00:00+00:00
[2026-05-03T16:33:31.542+0000] {processor.py:183} INFO - Processing /home/airflow/.local/lib/python3.12/site-packages/airflow/example_dags/example_xcom.py took 0.124 seconds
[2026-05-03T16:34:02.778+0000] {processor.py:161} INFO - Started process (PID=1710) to work on /home/airflow/.local/lib/python3.12/site-packages/airflow/example_dags/example_xcom.py
[2026-05-03T16:34:02.781+0000] {processor.py:830} INFO - Processing file /home/airflow/.local/lib/python3.12/site-packages/airflow/example_dags/example_xcom.py for tasks to queue
[2026-05-03T16:34:02.784+0000] {logging_mixin.py:188} INFO - [2026-05-03T16:34:02.783+0000] {dagbag.py:545} INFO - Filling up the DagBag from /home/airflow/.local/lib/python3.12/site-packages/airflow/example_dags/example_xcom.py
[2026-05-03T16:34:02.797+0000] {processor.py:840} INFO - DAG(s) 'example_xcom' retrieved from /home/airflow/.local/lib/python3.12/site-packages/airflow/example_dags/example_xcom.py
[2026-05-03T16:34:02.836+0000] {logging_mixin.py:188} INFO - [2026-05-03T16:34:02.836+0000] {dag.py:3089} INFO - Sync 1 DAGs
[2026-05-03T16:34:02.873+0000] {logging_mixin.py:188} INFO - [2026-05-03T16:34:02.872+0000] {dag.py:3947} INFO - Setting next_dagrun for example_xcom to 2021-01-01 00:00:00+00:00, run_after=2021-01-01 00:00:00+00:00
[2026-05-03T16:34:02.910+0000] {processor.py:183} INFO - Processing /home/airflow/.local/lib/python3.12/site-packages/airflow/example_dags/example_xcom.py took 0.145 seconds
[2026-05-03T16:34:33.194+0000] {processor.py:161} INFO - Started process (PID=1778) to work on /home/airflow/.local/lib/python3.12/site-packages/airflow/example_dags/example_xcom.py
[2026-05-03T16:34:33.197+0000] {processor.py:830} INFO - Processing file /home/airflow/.local/lib/python3.12/site-packages/airflow/example_dags/example_xcom.py for tasks to queue
[2026-05-03T16:34:33.199+0000] {logging_mixin.py:188} INFO - [2026-05-03T16:34:33.198+0000] {dagbag.py:545} INFO - Filling up the DagBag from /home/airflow/.local/lib/python3.12/site-packages/airflow/example_dags/example_xcom.py
[2026-05-03T16:34:33.210+0000] {processor.py:840} INFO - DAG(s) 'example_xcom' retrieved from /home/airflow/.local/lib/python3.12/site-packages/airflow/example_dags/example_xcom.py
[2026-05-03T16:34:33.254+0000] {logging_mixin.py:188} INFO - [2026-05-03T16:34:33.254+0000] {dag.py:3089} INFO - Sync 1 DAGs
[2026-05-03T16:34:33.288+0000] {logging_mixin.py:188} INFO - [2026-05-03T16:34:33.287+0000] {dag.py:3947} INFO - Setting next_dagrun for example_xcom to 2021-01-01 00:00:00+00:00, run_after=2021-01-01 00:00:00+00:00
[2026-05-03T16:34:33.331+0000] {processor.py:183} INFO - Processing /home/airflow/.local/lib/python3.12/site-packages/airflow/example_dags/example_xcom.py took 0.147 seconds
[2026-05-03T16:35:04.057+0000] {processor.py:161} INFO - Started process (PID=1845) to work on /home/airflow/.local/lib/python3.12/site-packages/airflow/example_dags/example_xcom.py
[2026-05-03T16:35:04.063+0000] {processor.py:830} INFO - Processing file /home/airflow/.local/lib/python3.12/site-packages/airflow/example_dags/example_xcom.py for tasks to queue
[2026-05-03T16:35:04.072+0000] {logging_mixin.py:188} INFO - [2026-05-03T16:35:04.071+0000] {dagbag.py:545} INFO - Filling up the DagBag from /home/airflow/.local/lib/python3.12/site-packages/airflow/example_dags/example_xcom.py
[2026-05-03T16:35:04.088+0000] {processor.py:840} INFO - DAG(s) 'example_xcom' retrieved from /home/airflow/.local/lib/python3.12/site-packages/airflow/example_dags/example_xcom.py
[2026-05-03T16:35:04.142+0000] {logging_mixin.py:188} INFO - [2026-05-03T16:35:04.141+0000] {dag.py:3089} INFO - Sync 1 DAGs
[2026-05-03T16:35:04.181+0000] {logging_mixin.py:188} INFO - [2026-05-03T16:35:04.180+0000] {dag.py:3947} INFO - Setting next_dagrun for example_xcom to 2021-01-01 00:00:00+00:00, run_after=2021-01-01 00:00:00+00:00
[2026-05-03T16:35:04.223+0000] {processor.py:183} INFO - Processing /home/airflow/.local/lib/python3.12/site-packages/airflow/example_dags/example_xcom.py took 0.181 seconds
[2026-05-03T16:35:34.409+0000] {processor.py:161} INFO - Started process (PID=1913) to work on /home/airflow/.local/lib/python3.12/site-packages/airflow/example_dags/example_xcom.py
[2026-05-03T16:35:34.411+0000] {processor.py:830} INFO - Processing file /home/airflow/.local/lib/python3.12/site-packages/airflow/example_dags/example_xcom.py for tasks to queue
[2026-05-03T16:35:34.412+0000] {logging_mixin.py:188} INFO - [2026-05-03T16:35:34.411+0000] {dagbag.py:545} INFO - Filling up the DagBag from /home/airflow/.local/lib/python3.12/site-packages/airflow/example_dags/example_xcom.py
[2026-05-03T16:35:34.424+0000] {processor.py:840} INFO - DAG(s) 'example_xcom' retrieved from /home/airflow/.local/lib/python3.12/site-packages/airflow/example_dags/example_xcom.py
[2026-05-03T16:35:34.464+0000] {logging_mixin.py:188} INFO - [2026-05-03T16:35:34.464+0000] {dag.py:3089} INFO - Sync 1 DAGs
[2026-05-03T16:35:34.500+0000] {logging_mixin.py:188} INFO - [2026-05-03T16:35:34.499+0000] {dag.py:3947} INFO - Setting next_dagrun for example_xcom to 2021-01-01 00:00:00+00:00, run_after=2021-01-01 00:00:00+00:00
[2026-05-03T16:35:34.542+0000] {processor.py:183} INFO - Processing /home/airflow/.local/lib/python3.12/site-packages/airflow/example_dags/example_xcom.py took 0.141 seconds
[2026-05-03T16:36:04.817+0000] {processor.py:161} INFO - Started process (PID=1989) to work on /home/airflow/.local/lib/python3.12/site-packages/airflow/example_dags/example_xcom.py
[2026-05-03T16:36:04.820+0000] {processor.py:830} INFO - Processing file /home/airflow/.local/lib/python3.12/site-packages/airflow/example_dags/example_xcom.py for tasks to queue
[2026-05-03T16:36:04.822+0000] {logging_mixin.py:188} INFO - [2026-05-03T16:36:04.821+0000] {dagbag.py:545} INFO - Filling up the DagBag from /home/airflow/.local/lib/python3.12/site-packages/airflow/example_dags/example_xcom.py
[2026-05-03T16:36:04.834+0000] {processor.py:840} INFO - DAG(s) 'example_xcom' retrieved from /home/airflow/.local/lib/python3.12/site-packages/airflow/example_dags/example_xcom.py
[2026-05-03T16:36:04.882+0000] {logging_mixin.py:188} INFO - [2026-05-03T16:36:04.881+0000] {dag.py:3089} INFO - Sync 1 DAGs
[2026-05-03T16:36:04.918+0000] {logging_mixin.py:188} INFO - [2026-05-03T16:36:04.917+0000] {dag.py:3947} INFO - Setting next_dagrun for example_xcom to 2021-01-01 00:00:00+00:00, run_after=2021-01-01 00:00:00+00:00
[2026-05-03T16:36:04.957+0000] {processor.py:183} INFO - Processing /home/airflow/.local/lib/python3.12/site-packages/airflow/example_dags/example_xcom.py took 0.150 seconds
[2026-05-03T16:36:35.184+0000] {processor.py:161} INFO - Started process (PID=2056) to work on /home/airflow/.local/lib/python3.12/site-packages/airflow/example_dags/example_xcom.py
[2026-05-03T16:36:35.186+0000] {processor.py:830} INFO - Processing file /home/airflow/.local/lib/python3.12/site-packages/airflow/example_dags/example_xcom.py for tasks to queue
[2026-05-03T16:36:35.187+0000] {logging_mixin.py:188} INFO - [2026-05-03T16:36:35.187+0000] {dagbag.py:545} INFO - Filling up the DagBag from /home/airflow/.local/lib/python3.12/site-packages/airflow/example_dags/example_xcom.py
[2026-05-03T16:36:35.200+0000] {processor.py:840} INFO - DAG(s) 'example_xcom' retrieved from /home/airflow/.local/lib/python3.12/site-packages/airflow/example_dags/example_xcom.py
[2026-05-03T16:36:35.238+0000] {logging_mixin.py:188} INFO - [2026-05-03T16:36:35.237+0000] {dag.py:3089} INFO - Sync 1 DAGs
[2026-05-03T16:36:35.271+0000] {logging_mixin.py:188} INFO - [2026-05-03T16:36:35.270+0000] {dag.py:3947} INFO - Setting next_dagrun for example_xcom to 2021-01-01 00:00:00+00:00, run_after=2021-01-01 00:00:00+00:00
[2026-05-03T16:36:35.322+0000] {processor.py:183} INFO - Processing /home/airflow/.local/lib/python3.12/site-packages/airflow/example_dags/example_xcom.py took 0.150 seconds
[2026-05-03T16:37:06.011+0000] {processor.py:161} INFO - Started process (PID=2124) to work on /home/airflow/.local/lib/python3.12/site-packages/airflow/example_dags/example_xcom.py
[2026-05-03T16:37:06.018+0000] {processor.py:830} INFO - Processing file /home/airflow/.local/lib/python3.12/site-packages/airflow/example_dags/example_xcom.py for tasks to queue
[2026-05-03T16:37:06.022+0000] {logging_mixin.py:188} INFO - [2026-05-03T16:37:06.021+0000] {dagbag.py:545} INFO - Filling up the DagBag from /home/airflow/.local/lib/python3.12/site-packages/airflow/example_dags/example_xcom.py
[2026-05-03T16:37:06.039+0000] {processor.py:840} INFO - DAG(s) 'example_xcom' retrieved from /home/airflow/.local/lib/python3.12/site-packages/airflow/example_dags/example_xcom.py
[2026-05-03T16:37:06.076+0000] {logging_mixin.py:188} INFO - [2026-05-03T16:37:06.075+0000] {dag.py:3089} INFO - Sync 1 DAGs
[2026-05-03T16:37:06.107+0000] {logging_mixin.py:188} INFO - [2026-05-03T16:37:06.106+0000] {dag.py:3947} INFO - Setting next_dagrun for example_xcom to 2021-01-01 00:00:00+00:00, run_after=2021-01-01 00:00:00+00:00
[2026-05-03T16:37:06.146+0000] {processor.py:183} INFO - Processing /home/airflow/.local/lib/python3.12/site-packages/airflow/example_dags/example_xcom.py took 0.149 seconds
[2026-05-03T16:37:36.629+0000] {processor.py:161} INFO - Started process (PID=2191) to work on /home/airflow/.local/lib/python3.12/site-packages/airflow/example_dags/example_xcom.py
[2026-05-03T16:37:36.650+0000] {processor.py:830} INFO - Processing file /home/airflow/.local/lib/python3.12/site-packages/airflow/example_dags/example_xcom.py for tasks to queue
[2026-05-03T16:37:36.652+0000] {logging_mixin.py:188} INFO - [2026-05-03T16:37:36.651+0000] {dagbag.py:545} INFO - Filling up the DagBag from /home/airflow/.local/lib/python3.12/site-packages/airflow/example_dags/example_xcom.py
[2026-05-03T16:37:36.674+0000] {processor.py:840} INFO - DAG(s) 'example_xcom' retrieved from /home/airflow/.local/lib/python3.12/site-packages/airflow/example_dags/example_xcom.py
[2026-05-03T16:37:36.719+0000] {logging_mixin.py:188} INFO - [2026-05-03T16:37:36.718+0000] {dag.py:3089} INFO - Sync 1 DAGs
[2026-05-03T16:37:36.758+0000] {logging_mixin.py:188} INFO - [2026-05-03T16:37:36.758+0000] {dag.py:3947} INFO - Setting next_dagrun for example_xcom to 2021-01-01 00:00:00+00:00, run_after=2021-01-01 00:00:00+00:00
[2026-05-03T16:37:36.806+0000] {processor.py:183} INFO - Processing /home/airflow/.local/lib/python3.12/site-packages/airflow/example_dags/example_xcom.py took 0.190 seconds
[2026-05-03T16:38:06.967+0000] {processor.py:161} INFO - Started process (PID=2259) to work on /home/airflow/.local/lib/python3.12/site-packages/airflow/example_dags/example_xcom.py
[2026-05-03T16:38:06.970+0000] {processor.py:830} INFO - Processing file /home/airflow/.local/lib/python3.12/site-packages/airflow/example_dags/example_xcom.py for tasks to queue
[2026-05-03T16:38:06.972+0000] {logging_mixin.py:188} INFO - [2026-05-03T16:38:06.971+0000] {dagbag.py:545} INFO - Filling up the DagBag from /home/airflow/.local/lib/python3.12/site-packages/airflow/example_dags/example_xcom.py
[2026-05-03T16:38:06.985+0000] {processor.py:840} INFO - DAG(s) 'example_xcom' retrieved from /home/airflow/.local/lib/python3.12/site-packages/airflow/example_dags/example_xcom.py
[2026-05-03T16:38:07.023+0000] {logging_mixin.py:188} INFO - [2026-05-03T16:38:07.022+0000] {dag.py:3089} INFO - Sync 1 DAGs
[2026-05-03T16:38:07.063+0000] {logging_mixin.py:188} INFO - [2026-05-03T16:38:07.062+0000] {dag.py:3947} INFO - Setting next_dagrun for example_xcom to 2021-01-01 00:00:00+00:00, run_after=2021-01-01 00:00:00+00:00
[2026-05-03T16:38:07.108+0000] {processor.py:183} INFO - Processing /home/airflow/.local/lib/python3.12/site-packages/airflow/example_dags/example_xcom.py took 0.151 seconds
[2026-05-03T16:38:38.003+0000] {processor.py:161} INFO - Started process (PID=2327) to work on /home/airflow/.local/lib/python3.12/site-packages/airflow/example_dags/example_xcom.py
[2026-05-03T16:38:38.005+0000] {processor.py:830} INFO - Processing file /home/airflow/.local/lib/python3.12/site-packages/airflow/example_dags/example_xcom.py for tasks to queue
[2026-05-03T16:38:38.008+0000] {logging_mixin.py:188} INFO - [2026-05-03T16:38:38.007+0000] {dagbag.py:545} INFO - Filling up the DagBag from /home/airflow/.local/lib/python3.12/site-packages/airflow/example_dags/example_xcom.py
[2026-05-03T16:38:38.022+0000] {processor.py:840} INFO - DAG(s) 'example_xcom' retrieved from /home/airflow/.local/lib/python3.12/site-packages/airflow/example_dags/example_xcom.py
[2026-05-03T16:38:38.069+0000] {logging_mixin.py:188} INFO - [2026-05-03T16:38:38.069+0000] {dag.py:3089} INFO - Sync 1 DAGs
[2026-05-03T16:38:38.390+0000] {logging_mixin.py:188} INFO - [2026-05-03T16:38:38.390+0000] {dag.py:3947} INFO - Setting next_dagrun for example_xcom to 2021-01-01 00:00:00+00:00, run_after=2021-01-01 00:00:00+00:00
[2026-05-03T16:38:38.463+0000] {processor.py:183} INFO - Processing /home/airflow/.local/lib/python3.12/site-packages/airflow/example_dags/example_xcom.py took 0.471 seconds
[2026-05-03T16:39:09.016+0000] {processor.py:161} INFO - Started process (PID=2395) to work on /home/airflow/.local/lib/python3.12/site-packages/airflow/example_dags/example_xcom.py
[2026-05-03T16:39:09.019+0000] {processor.py:830} INFO - Processing file /home/airflow/.local/lib/python3.12/site-packages/airflow/example_dags/example_xcom.py for tasks to queue
[2026-05-03T16:39:09.021+0000] {logging_mixin.py:188} INFO - [2026-05-03T16:39:09.020+0000] {dagbag.py:545} INFO - Filling up the DagBag from /home/airflow/.local/lib/python3.12/site-packages/airflow/example_dags/example_xcom.py
[2026-05-03T16:39:09.033+0000] {processor.py:840} INFO - DAG(s) 'example_xcom' retrieved from /home/airflow/.local/lib/python3.12/site-packages/airflow/example_dags/example_xcom.py
[2026-05-03T16:39:09.077+0000] {logging_mixin.py:188} INFO - [2026-05-03T16:39:09.077+0000] {dag.py:3089} INFO - Sync 1 DAGs
[2026-05-03T16:39:09.115+0000] {logging_mixin.py:188} INFO - [2026-05-03T16:39:09.114+0000] {dag.py:3947} INFO - Setting next_dagrun for example_xcom to 2021-01-01 00:00:00+00:00, run_after=2021-01-01 00:00:00+00:00
[2026-05-03T16:39:09.154+0000] {processor.py:183} INFO - Processing /home/airflow/.local/lib/python3.12/site-packages/airflow/example_dags/example_xcom.py took 0.151 seconds
[2026-05-03T16:39:39.572+0000] {processor.py:161} INFO - Started process (PID=2463) to work on /home/airflow/.local/lib/python3.12/site-packages/airflow/example_dags/example_xcom.py
[2026-05-03T16:39:39.574+0000] {processor.py:830} INFO - Processing file /home/airflow/.local/lib/python3.12/site-packages/airflow/example_dags/example_xcom.py for tasks to queue
[2026-05-03T16:39:39.575+0000] {logging_mixin.py:188} INFO - [2026-05-03T16:39:39.575+0000] {dagbag.py:545} INFO - Filling up the DagBag from /home/airflow/.local/lib/python3.12/site-packages/airflow/example_dags/example_xcom.py
[2026-05-03T16:39:39.588+0000] {processor.py:840} INFO - DAG(s) 'example_xcom' retrieved from /home/airflow/.local/lib/python3.12/site-packages/airflow/example_dags/example_xcom.py
[2026-05-03T16:39:39.625+0000] {logging_mixin.py:188} INFO - [2026-05-03T16:39:39.624+0000] {dag.py:3089} INFO - Sync 1 DAGs
[2026-05-03T16:39:39.655+0000] {logging_mixin.py:188} INFO - [2026-05-03T16:39:39.655+0000] {dag.py:3947} INFO - Setting next_dagrun for example_xcom to 2021-01-01 00:00:00+00:00, run_after=2021-01-01 00:00:00+00:00
[2026-05-03T16:39:39.687+0000] {processor.py:183} INFO - Processing /home/airflow/.local/lib/python3.12/site-packages/airflow/example_dags/example_xcom.py took 0.125 seconds
[2026-05-03T16:40:10.001+0000] {processor.py:161} INFO - Started process (PID=2531) to work on /home/airflow/.local/lib/python3.12/site-packages/airflow/example_dags/example_xcom.py
[2026-05-03T16:40:10.004+0000] {processor.py:830} INFO - Processing file /home/airflow/.local/lib/python3.12/site-packages/airflow/example_dags/example_xcom.py for tasks to queue
[2026-05-03T16:40:10.005+0000] {logging_mixin.py:188} INFO - [2026-05-03T16:40:10.005+0000] {dagbag.py:545} INFO - Filling up the DagBag from /home/airflow/.local/lib/python3.12/site-packages/airflow/example_dags/example_xcom.py
[2026-05-03T16:40:10.024+0000] {processor.py:840} INFO - DAG(s) 'example_xcom' retrieved from /home/airflow/.local/lib/python3.12/site-packages/airflow/example_dags/example_xcom.py
[2026-05-03T16:40:10.070+0000] {logging_mixin.py:188} INFO - [2026-05-03T16:40:10.070+0000] {dag.py:3089} INFO - Sync 1 DAGs
[2026-05-03T16:40:10.119+0000] {logging_mixin.py:188} INFO - [2026-05-03T16:40:10.118+0000] {dag.py:3947} INFO - Setting next_dagrun for example_xcom to 2021-01-01 00:00:00+00:00, run_after=2021-01-01 00:00:00+00:00
[2026-05-03T16:40:10.167+0000] {processor.py:183} INFO - Processing /home/airflow/.local/lib/python3.12/site-packages/airflow/example_dags/example_xcom.py took 0.179 seconds
[2026-05-03T16:40:40.454+0000] {processor.py:161} INFO - Started process (PID=2606) to work on /home/airflow/.local/lib/python3.12/site-packages/airflow/example_dags/example_xcom.py
[2026-05-03T16:40:40.457+0000] {processor.py:830} INFO - Processing file /home/airflow/.local/lib/python3.12/site-packages/airflow/example_dags/example_xcom.py for tasks to queue
[2026-05-03T16:40:40.461+0000] {logging_mixin.py:188} INFO - [2026-05-03T16:40:40.460+0000] {dagbag.py:545} INFO - Filling up the DagBag from /home/airflow/.local/lib/python3.12/site-packages/airflow/example_dags/example_xcom.py
[2026-05-03T16:40:40.481+0000] {processor.py:840} INFO - DAG(s) 'example_xcom' retrieved from /home/airflow/.local/lib/python3.12/site-packages/airflow/example_dags/example_xcom.py
[2026-05-03T16:40:40.523+0000] {logging_mixin.py:188} INFO - [2026-05-03T16:40:40.523+0000] {dag.py:3089} INFO - Sync 1 DAGs
[2026-05-03T16:40:40.560+0000] {logging_mixin.py:188} INFO - [2026-05-03T16:40:40.559+0000] {dag.py:3947} INFO - Setting next_dagrun for example_xcom to 2021-01-01 00:00:00+00:00, run_after=2021-01-01 00:00:00+00:00
[2026-05-03T16:40:40.601+0000] {processor.py:183} INFO - Processing /home/airflow/.local/lib/python3.12/site-packages/airflow/example_dags/example_xcom.py took 0.157 seconds
[2026-05-03T16:41:10.922+0000] {processor.py:161} INFO - Started process (PID=2674) to work on /home/airflow/.local/lib/python3.12/site-packages/airflow/example_dags/example_xcom.py
[2026-05-03T16:41:10.958+0000] {processor.py:830} INFO - Processing file /home/airflow/.local/lib/python3.12/site-packages/airflow/example_dags/example_xcom.py for tasks to queue
[2026-05-03T16:41:10.961+0000] {logging_mixin.py:188} INFO - [2026-05-03T16:41:10.960+0000] {dagbag.py:545} INFO - Filling up the DagBag from /home/airflow/.local/lib/python3.12/site-packages/airflow/example_dags/example_xcom.py
[2026-05-03T16:41:10.979+0000] {processor.py:840} INFO - DAG(s) 'example_xcom' retrieved from /home/airflow/.local/lib/python3.12/site-packages/airflow/example_dags/example_xcom.py
[2026-05-03T16:41:11.018+0000] {logging_mixin.py:188} INFO - [2026-05-03T16:41:11.017+0000] {dag.py:3089} INFO - Sync 1 DAGs
[2026-05-03T16:41:11.060+0000] {logging_mixin.py:188} INFO - [2026-05-03T16:41:11.059+0000] {dag.py:3947} INFO - Setting next_dagrun for example_xcom to 2021-01-01 00:00:00+00:00, run_after=2021-01-01 00:00:00+00:00
[2026-05-03T16:41:11.117+0000] {processor.py:183} INFO - Processing /home/airflow/.local/lib/python3.12/site-packages/airflow/example_dags/example_xcom.py took 0.205 seconds
[2026-05-03T16:41:41.177+0000] {processor.py:161} INFO - Started process (PID=2742) to work on /home/airflow/.local/lib/python3.12/site-packages/airflow/example_dags/example_xcom.py
[2026-05-03T16:41:41.179+0000] {processor.py:830} INFO - Processing file /home/airflow/.local/lib/python3.12/site-packages/airflow/example_dags/example_xcom.py for tasks to queue
[2026-05-03T16:41:41.181+0000] {logging_mixin.py:188} INFO - [2026-05-03T16:41:41.181+0000] {dagbag.py:545} INFO - Filling up the DagBag from /home/airflow/.local/lib/python3.12/site-packages/airflow/example_dags/example_xcom.py
[2026-05-03T16:41:41.194+0000] {processor.py:840} INFO - DAG(s) 'example_xcom' retrieved from /home/airflow/.local/lib/python3.12/site-packages/airflow/example_dags/example_xcom.py
[2026-05-03T16:41:41.233+0000] {logging_mixin.py:188} INFO - [2026-05-03T16:41:41.233+0000] {dag.py:3089} INFO - Sync 1 DAGs
[2026-05-03T16:41:41.268+0000] {logging_mixin.py:188} INFO - [2026-05-03T16:41:41.267+0000] {dag.py:3947} INFO - Setting next_dagrun for example_xcom to 2021-01-01 00:00:00+00:00, run_after=2021-01-01 00:00:00+00:00
[2026-05-03T16:41:41.299+0000] {processor.py:183} INFO - Processing /home/airflow/.local/lib/python3.12/site-packages/airflow/example_dags/example_xcom.py took 0.132 seconds
[2026-05-03T16:42:11.717+0000] {processor.py:161} INFO - Started process (PID=2810) to work on /home/airflow/.local/lib/python3.12/site-packages/airflow/example_dags/example_xcom.py
[2026-05-03T16:42:11.719+0000] {processor.py:830} INFO - Processing file /home/airflow/.local/lib/python3.12/site-packages/airflow/example_dags/example_xcom.py for tasks to queue
[2026-05-03T16:42:11.721+0000] {logging_mixin.py:188} INFO - [2026-05-03T16:42:11.721+0000] {dagbag.py:545} INFO - Filling up the DagBag from /home/airflow/.local/lib/python3.12/site-packages/airflow/example_dags/example_xcom.py
[2026-05-03T16:42:11.738+0000] {processor.py:840} INFO - DAG(s) 'example_xcom' retrieved from /home/airflow/.local/lib/python3.12/site-packages/airflow/example_dags/example_xcom.py
[2026-05-03T16:42:11.777+0000] {logging_mixin.py:188} INFO - [2026-05-03T16:42:11.777+0000] {dag.py:3089} INFO - Sync 1 DAGs
[2026-05-03T16:42:11.811+0000] {logging_mixin.py:188} INFO - [2026-05-03T16:42:11.811+0000] {dag.py:3947} INFO - Setting next_dagrun for example_xcom to 2021-01-01 00:00:00+00:00, run_after=2021-01-01 00:00:00+00:00
[2026-05-03T16:42:11.860+0000] {processor.py:183} INFO - Processing /home/airflow/.local/lib/python3.12/site-packages/airflow/example_dags/example_xcom.py took 0.153 seconds
[2026-05-03T16:42:42.070+0000] {processor.py:161} INFO - Started process (PID=2878) to work on /home/airflow/.local/lib/python3.12/site-packages/airflow/example_dags/example_xcom.py
[2026-05-03T16:42:42.072+0000] {processor.py:830} INFO - Processing file /home/airflow/.local/lib/python3.12/site-packages/airflow/example_dags/example_xcom.py for tasks to queue
[2026-05-03T16:42:42.074+0000] {logging_mixin.py:188} INFO - [2026-05-03T16:42:42.073+0000] {dagbag.py:545} INFO - Filling up the DagBag from /home/airflow/.local/lib/python3.12/site-packages/airflow/example_dags/example_xcom.py
[2026-05-03T16:42:42.086+0000] {processor.py:840} INFO - DAG(s) 'example_xcom' retrieved from /home/airflow/.local/lib/python3.12/site-packages/airflow/example_dags/example_xcom.py
[2026-05-03T16:42:42.126+0000] {logging_mixin.py:188} INFO - [2026-05-03T16:42:42.125+0000] {dag.py:3089} INFO - Sync 1 DAGs
[2026-05-03T16:42:42.169+0000] {logging_mixin.py:188} INFO - [2026-05-03T16:42:42.168+0000] {dag.py:3947} INFO - Setting next_dagrun for example_xcom to 2021-01-01 00:00:00+00:00, run_after=2021-01-01 00:00:00+00:00
[2026-05-03T16:42:42.209+0000] {processor.py:183} INFO - Processing /home/airflow/.local/lib/python3.12/site-packages/airflow/example_dags/example_xcom.py took 0.150 seconds
[2026-05-03T16:43:12.784+0000] {processor.py:161} INFO - Started process (PID=2946) to work on /home/airflow/.local/lib/python3.12/site-packages/airflow/example_dags/example_xcom.py
[2026-05-03T16:43:12.787+0000] {processor.py:830} INFO - Processing file /home/airflow/.local/lib/python3.12/site-packages/airflow/example_dags/example_xcom.py for tasks to queue
[2026-05-03T16:43:12.792+0000] {logging_mixin.py:188} INFO - [2026-05-03T16:43:12.791+0000] {dagbag.py:545} INFO - Filling up the DagBag from /home/airflow/.local/lib/python3.12/site-packages/airflow/example_dags/example_xcom.py
[2026-05-03T16:43:12.813+0000] {processor.py:840} INFO - DAG(s) 'example_xcom' retrieved from /home/airflow/.local/lib/python3.12/site-packages/airflow/example_dags/example_xcom.py
[2026-05-03T16:43:12.865+0000] {logging_mixin.py:188} INFO - [2026-05-03T16:43:12.864+0000] {dag.py:3089} INFO - Sync 1 DAGs
[2026-05-03T16:43:12.917+0000] {logging_mixin.py:188} INFO - [2026-05-03T16:43:12.917+0000] {dag.py:3947} INFO - Setting next_dagrun for example_xcom to 2021-01-01 00:00:00+00:00, run_after=2021-01-01 00:00:00+00:00
[2026-05-03T16:43:12.961+0000] {processor.py:183} INFO - Processing /home/airflow/.local/lib/python3.12/site-packages/airflow/example_dags/example_xcom.py took 0.190 seconds
[2026-05-03T16:43:43.108+0000] {processor.py:161} INFO - Started process (PID=3015) to work on /home/airflow/.local/lib/python3.12/site-packages/airflow/example_dags/example_xcom.py
[2026-05-03T16:43:43.113+0000] {processor.py:830} INFO - Processing file /home/airflow/.local/lib/python3.12/site-packages/airflow/example_dags/example_xcom.py for tasks to queue
[2026-05-03T16:43:43.115+0000] {logging_mixin.py:188} INFO - [2026-05-03T16:43:43.115+0000] {dagbag.py:545} INFO - Filling up the DagBag from /home/airflow/.local/lib/python3.12/site-packages/airflow/example_dags/example_xcom.py
[2026-05-03T16:43:43.132+0000] {processor.py:840} INFO - DAG(s) 'example_xcom' retrieved from /home/airflow/.local/lib/python3.12/site-packages/airflow/example_dags/example_xcom.py
[2026-05-03T16:43:43.179+0000] {logging_mixin.py:188} INFO - [2026-05-03T16:43:43.178+0000] {dag.py:3089} INFO - Sync 1 DAGs
[2026-05-03T16:43:43.229+0000] {logging_mixin.py:188} INFO - [2026-05-03T16:43:43.228+0000] {dag.py:3947} INFO - Setting next_dagrun for example_xcom to 2021-01-01 00:00:00+00:00, run_after=2021-01-01 00:00:00+00:00
[2026-05-03T16:43:43.281+0000] {processor.py:183} INFO - Processing /home/airflow/.local/lib/python3.12/site-packages/airflow/example_dags/example_xcom.py took 0.189 seconds
[2026-05-03T16:44:13.621+0000] {processor.py:161} INFO - Started process (PID=3083) to work on /home/airflow/.local/lib/python3.12/site-packages/airflow/example_dags/example_xcom.py
[2026-05-03T16:44:13.637+0000] {processor.py:830} INFO - Processing file /home/airflow/.local/lib/python3.12/site-packages/airflow/example_dags/example_xcom.py for tasks to queue
[2026-05-03T16:44:13.640+0000] {logging_mixin.py:188} INFO - [2026-05-03T16:44:13.640+0000] {dagbag.py:545} INFO - Filling up the DagBag from /home/airflow/.local/lib/python3.12/site-packages/airflow/example_dags/example_xcom.py
[2026-05-03T16:44:13.668+0000] {processor.py:840} INFO - DAG(s) 'example_xcom' retrieved from /home/airflow/.local/lib/python3.12/site-packages/airflow/example_dags/example_xcom.py
[2026-05-03T16:44:13.722+0000] {logging_mixin.py:188} INFO - [2026-05-03T16:44:13.721+0000] {dag.py:3089} INFO - Sync 1 DAGs
[2026-05-03T16:44:13.769+0000] {logging_mixin.py:188} INFO - [2026-05-03T16:44:13.768+0000] {dag.py:3947} INFO - Setting next_dagrun for example_xcom to 2021-01-01 00:00:00+00:00, run_after=2021-01-01 00:00:00+00:00
[2026-05-03T16:44:13.816+0000] {processor.py:183} INFO - Processing /home/airflow/.local/lib/python3.12/site-packages/airflow/example_dags/example_xcom.py took 0.212 seconds
[2026-05-03T16:44:44.653+0000] {processor.py:161} INFO - Started process (PID=3158) to work on /home/airflow/.local/lib/python3.12/site-packages/airflow/example_dags/example_xcom.py
[2026-05-03T16:44:44.656+0000] {processor.py:830} INFO - Processing file /home/airflow/.local/lib/python3.12/site-packages/airflow/example_dags/example_xcom.py for tasks to queue
[2026-05-03T16:44:44.658+0000] {logging_mixin.py:188} INFO - [2026-05-03T16:44:44.657+0000] {dagbag.py:545} INFO - Filling up the DagBag from /home/airflow/.local/lib/python3.12/site-packages/airflow/example_dags/example_xcom.py
[2026-05-03T16:44:44.675+0000] {processor.py:840} INFO - DAG(s) 'example_xcom' retrieved from /home/airflow/.local/lib/python3.12/site-packages/airflow/example_dags/example_xcom.py
[2026-05-03T16:44:44.719+0000] {logging_mixin.py:188} INFO - [2026-05-03T16:44:44.719+0000] {dag.py:3089} INFO - Sync 1 DAGs
[2026-05-03T16:44:44.754+0000] {logging_mixin.py:188} INFO - [2026-05-03T16:44:44.754+0000] {dag.py:3947} INFO - Setting next_dagrun for example_xcom to 2021-01-01 00:00:00+00:00, run_after=2021-01-01 00:00:00+00:00
[2026-05-03T16:44:44.791+0000] {processor.py:183} INFO - Processing /home/airflow/.local/lib/python3.12/site-packages/airflow/example_dags/example_xcom.py took 0.157 seconds
[2026-05-03T16:45:15.371+0000] {processor.py:161} INFO - Started process (PID=3226) to work on /home/airflow/.local/lib/python3.12/site-packages/airflow/example_dags/example_xcom.py
[2026-05-03T16:45:15.373+0000] {processor.py:830} INFO - Processing file /home/airflow/.local/lib/python3.12/site-packages/airflow/example_dags/example_xcom.py for tasks to queue
[2026-05-03T16:45:15.375+0000] {logging_mixin.py:188} INFO - [2026-05-03T16:45:15.374+0000] {dagbag.py:545} INFO - Filling up the DagBag from /home/airflow/.local/lib/python3.12/site-packages/airflow/example_dags/example_xcom.py
[2026-05-03T16:45:15.389+0000] {processor.py:840} INFO - DAG(s) 'example_xcom' retrieved from /home/airflow/.local/lib/python3.12/site-packages/airflow/example_dags/example_xcom.py
[2026-05-03T16:45:15.434+0000] {logging_mixin.py:188} INFO - [2026-05-03T16:45:15.433+0000] {dag.py:3089} INFO - Sync 1 DAGs
[2026-05-03T16:45:15.470+0000] {logging_mixin.py:188} INFO - [2026-05-03T16:45:15.469+0000] {dag.py:3947} INFO - Setting next_dagrun for example_xcom to 2021-01-01 00:00:00+00:00, run_after=2021-01-01 00:00:00+00:00
[2026-05-03T16:45:15.504+0000] {processor.py:183} INFO - Processing /home/airflow/.local/lib/python3.12/site-packages/airflow/example_dags/example_xcom.py took 0.143 seconds
[2026-05-03T16:45:45.790+0000] {processor.py:161} INFO - Started process (PID=3294) to work on /home/airflow/.local/lib/python3.12/site-packages/airflow/example_dags/example_xcom.py
[2026-05-03T16:45:45.792+0000] {processor.py:830} INFO - Processing file /home/airflow/.local/lib/python3.12/site-packages/airflow/example_dags/example_xcom.py for tasks to queue
[2026-05-03T16:45:45.794+0000] {logging_mixin.py:188} INFO - [2026-05-03T16:45:45.793+0000] {dagbag.py:545} INFO - Filling up the DagBag from /home/airflow/.local/lib/python3.12/site-packages/airflow/example_dags/example_xcom.py
[2026-05-03T16:45:45.806+0000] {processor.py:840} INFO - DAG(s) 'example_xcom' retrieved from /home/airflow/.local/lib/python3.12/site-packages/airflow/example_dags/example_xcom.py
[2026-05-03T16:45:45.845+0000] {logging_mixin.py:188} INFO - [2026-05-03T16:45:45.845+0000] {dag.py:3089} INFO - Sync 1 DAGs
[2026-05-03T16:45:45.880+0000] {logging_mixin.py:188} INFO - [2026-05-03T16:45:45.879+0000] {dag.py:3947} INFO - Setting next_dagrun for example_xcom to 2021-01-01 00:00:00+00:00, run_after=2021-01-01 00:00:00+00:00
[2026-05-03T16:45:46.060+0000] {processor.py:183} INFO - Processing /home/airflow/.local/lib/python3.12/site-packages/airflow/example_dags/example_xcom.py took 0.283 seconds
[2026-05-03T16:46:16.509+0000] {processor.py:161} INFO - Started process (PID=3362) to work on /home/airflow/.local/lib/python3.12/site-packages/airflow/example_dags/example_xcom.py
[2026-05-03T16:46:16.511+0000] {processor.py:830} INFO - Processing file /home/airflow/.local/lib/python3.12/site-packages/airflow/example_dags/example_xcom.py for tasks to queue
[2026-05-03T16:46:16.512+0000] {logging_mixin.py:188} INFO - [2026-05-03T16:46:16.512+0000] {dagbag.py:545} INFO - Filling up the DagBag from /home/airflow/.local/lib/python3.12/site-packages/airflow/example_dags/example_xcom.py
[2026-05-03T16:46:16.527+0000] {processor.py:840} INFO - DAG(s) 'example_xcom' retrieved from /home/airflow/.local/lib/python3.12/site-packages/airflow/example_dags/example_xcom.py
[2026-05-03T16:46:16.568+0000] {logging_mixin.py:188} INFO - [2026-05-03T16:46:16.567+0000] {dag.py:3089} INFO - Sync 1 DAGs
[2026-05-03T16:46:16.602+0000] {logging_mixin.py:188} INFO - [2026-05-03T16:46:16.601+0000] {dag.py:3947} INFO - Setting next_dagrun for example_xcom to 2021-01-01 00:00:00+00:00, run_after=2021-01-01 00:00:00+00:00
[2026-05-03T16:46:16.662+0000] {processor.py:183} INFO - Processing /home/airflow/.local/lib/python3.12/site-packages/airflow/example_dags/example_xcom.py took 0.163 seconds
[2026-05-03T16:46:47.309+0000] {processor.py:161} INFO - Started process (PID=3430) to work on /home/airflow/.local/lib/python3.12/site-packages/airflow/example_dags/example_xcom.py
[2026-05-03T16:46:47.311+0000] {processor.py:830} INFO - Processing file /home/airflow/.local/lib/python3.12/site-packages/airflow/example_dags/example_xcom.py for tasks to queue
[2026-05-03T16:46:47.313+0000] {logging_mixin.py:188} INFO - [2026-05-03T16:46:47.313+0000] {dagbag.py:545} INFO - Filling up the DagBag from /home/airflow/.local/lib/python3.12/site-packages/airflow/example_dags/example_xcom.py
[2026-05-03T16:46:47.328+0000] {processor.py:840} INFO - DAG(s) 'example_xcom' retrieved from /home/airflow/.local/lib/python3.12/site-packages/airflow/example_dags/example_xcom.py
[2026-05-03T16:46:47.370+0000] {logging_mixin.py:188} INFO - [2026-05-03T16:46:47.369+0000] {dag.py:3089} INFO - Sync 1 DAGs
[2026-05-03T16:46:47.403+0000] {logging_mixin.py:188} INFO - [2026-05-03T16:46:47.403+0000] {dag.py:3947} INFO - Setting next_dagrun for example_xcom to 2021-01-01 00:00:00+00:00, run_after=2021-01-01 00:00:00+00:00
[2026-05-03T16:46:47.445+0000] {processor.py:183} INFO - Processing /home/airflow/.local/lib/python3.12/site-packages/airflow/example_dags/example_xcom.py took 0.149 seconds
[2026-05-03T16:47:18.095+0000] {processor.py:161} INFO - Started process (PID=3496) to work on /home/airflow/.local/lib/python3.12/site-packages/airflow/example_dags/example_xcom.py
[2026-05-03T16:47:18.099+0000] {processor.py:830} INFO - Processing file /home/airflow/.local/lib/python3.12/site-packages/airflow/example_dags/example_xcom.py for tasks to queue
[2026-05-03T16:47:18.101+0000] {logging_mixin.py:188} INFO - [2026-05-03T16:47:18.100+0000] {dagbag.py:545} INFO - Filling up the DagBag from /home/airflow/.local/lib/python3.12/site-packages/airflow/example_dags/example_xcom.py
[2026-05-03T16:47:18.119+0000] {processor.py:840} INFO - DAG(s) 'example_xcom' retrieved from /home/airflow/.local/lib/python3.12/site-packages/airflow/example_dags/example_xcom.py
[2026-05-03T16:47:18.164+0000] {logging_mixin.py:188} INFO - [2026-05-03T16:47:18.164+0000] {dag.py:3089} INFO - Sync 1 DAGs
[2026-05-03T16:47:18.204+0000] {logging_mixin.py:188} INFO - [2026-05-03T16:47:18.204+0000] {dag.py:3947} INFO - Setting next_dagrun for example_xcom to 2021-01-01 00:00:00+00:00, run_after=2021-01-01 00:00:00+00:00
[2026-05-03T16:47:18.249+0000] {processor.py:183} INFO - Processing /home/airflow/.local/lib/python3.12/site-packages/airflow/example_dags/example_xcom.py took 0.167 seconds
[2026-05-03T16:47:48.412+0000] {processor.py:161} INFO - Started process (PID=3564) to work on /home/airflow/.local/lib/python3.12/site-packages/airflow/example_dags/example_xcom.py
[2026-05-03T16:47:48.415+0000] {processor.py:830} INFO - Processing file /home/airflow/.local/lib/python3.12/site-packages/airflow/example_dags/example_xcom.py for tasks to queue
[2026-05-03T16:47:48.417+0000] {logging_mixin.py:188} INFO - [2026-05-03T16:47:48.417+0000] {dagbag.py:545} INFO - Filling up the DagBag from /home/airflow/.local/lib/python3.12/site-packages/airflow/example_dags/example_xcom.py
[2026-05-03T16:47:48.436+0000] {processor.py:840} INFO - DAG(s) 'example_xcom' retrieved from /home/airflow/.local/lib/python3.12/site-packages/airflow/example_dags/example_xcom.py
[2026-05-03T16:47:48.474+0000] {logging_mixin.py:188} INFO - [2026-05-03T16:47:48.473+0000] {dag.py:3089} INFO - Sync 1 DAGs
[2026-05-03T16:47:48.507+0000] {logging_mixin.py:188} INFO - [2026-05-03T16:47:48.506+0000] {dag.py:3947} INFO - Setting next_dagrun for example_xcom to 2021-01-01 00:00:00+00:00, run_after=2021-01-01 00:00:00+00:00
[2026-05-03T16:47:48.537+0000] {processor.py:183} INFO - Processing /home/airflow/.local/lib/python3.12/site-packages/airflow/example_dags/example_xcom.py took 0.136 seconds
[2026-05-03T16:48:18.762+0000] {processor.py:161} INFO - Started process (PID=3639) to work on /home/airflow/.local/lib/python3.12/site-packages/airflow/example_dags/example_xcom.py
[2026-05-03T16:48:18.764+0000] {processor.py:830} INFO - Processing file /home/airflow/.local/lib/python3.12/site-packages/airflow/example_dags/example_xcom.py for tasks to queue
[2026-05-03T16:48:18.767+0000] {logging_mixin.py:188} INFO - [2026-05-03T16:48:18.766+0000] {dagbag.py:545} INFO - Filling up the DagBag from /home/airflow/.local/lib/python3.12/site-packages/airflow/example_dags/example_xcom.py
[2026-05-03T16:48:18.780+0000] {processor.py:840} INFO - DAG(s) 'example_xcom' retrieved from /home/airflow/.local/lib/python3.12/site-packages/airflow/example_dags/example_xcom.py
[2026-05-03T16:48:18.824+0000] {logging_mixin.py:188} INFO - [2026-05-03T16:48:18.823+0000] {dag.py:3089} INFO - Sync 1 DAGs
[2026-05-03T16:48:18.866+0000] {logging_mixin.py:188} INFO - [2026-05-03T16:48:18.865+0000] {dag.py:3947} INFO - Setting next_dagrun for example_xcom to 2021-01-01 00:00:00+00:00, run_after=2021-01-01 00:00:00+00:00
[2026-05-03T16:48:18.932+0000] {processor.py:183} INFO - Processing /home/airflow/.local/lib/python3.12/site-packages/airflow/example_dags/example_xcom.py took 0.182 seconds
[2026-05-03T16:48:49.391+0000] {processor.py:161} INFO - Started process (PID=3708) to work on /home/airflow/.local/lib/python3.12/site-packages/airflow/example_dags/example_xcom.py
[2026-05-03T16:48:49.393+0000] {processor.py:830} INFO - Processing file /home/airflow/.local/lib/python3.12/site-packages/airflow/example_dags/example_xcom.py for tasks to queue
[2026-05-03T16:48:49.395+0000] {logging_mixin.py:188} INFO - [2026-05-03T16:48:49.394+0000] {dagbag.py:545} INFO - Filling up the DagBag from /home/airflow/.local/lib/python3.12/site-packages/airflow/example_dags/example_xcom.py
[2026-05-03T16:48:49.407+0000] {processor.py:840} INFO - DAG(s) 'example_xcom' retrieved from /home/airflow/.local/lib/python3.12/site-packages/airflow/example_dags/example_xcom.py
[2026-05-03T16:48:49.457+0000] {logging_mixin.py:188} INFO - [2026-05-03T16:48:49.456+0000] {dag.py:3089} INFO - Sync 1 DAGs
[2026-05-03T16:48:49.498+0000] {logging_mixin.py:188} INFO - [2026-05-03T16:48:49.497+0000] {dag.py:3947} INFO - Setting next_dagrun for example_xcom to 2021-01-01 00:00:00+00:00, run_after=2021-01-01 00:00:00+00:00
[2026-05-03T16:48:49.559+0000] {processor.py:183} INFO - Processing /home/airflow/.local/lib/python3.12/site-packages/airflow/example_dags/example_xcom.py took 0.179 seconds
[2026-05-03T16:49:20.075+0000] {processor.py:161} INFO - Started process (PID=3776) to work on /home/airflow/.local/lib/python3.12/site-packages/airflow/example_dags/example_xcom.py
[2026-05-03T16:49:20.078+0000] {processor.py:830} INFO - Processing file /home/airflow/.local/lib/python3.12/site-packages/airflow/example_dags/example_xcom.py for tasks to queue
[2026-05-03T16:49:20.081+0000] {logging_mixin.py:188} INFO - [2026-05-03T16:49:20.080+0000] {dagbag.py:545} INFO - Filling up the DagBag from /home/airflow/.local/lib/python3.12/site-packages/airflow/example_dags/example_xcom.py
[2026-05-03T16:49:20.100+0000] {processor.py:840} INFO - DAG(s) 'example_xcom' retrieved from /home/airflow/.local/lib/python3.12/site-packages/airflow/example_dags/example_xcom.py
[2026-05-03T16:49:20.143+0000] {logging_mixin.py:188} INFO - [2026-05-03T16:49:20.143+0000] {dag.py:3089} INFO - Sync 1 DAGs
[2026-05-03T16:49:20.179+0000] {logging_mixin.py:188} INFO - [2026-05-03T16:49:20.179+0000] {dag.py:3947} INFO - Setting next_dagrun for example_xcom to 2021-01-01 00:00:00+00:00, run_after=2021-01-01 00:00:00+00:00
[2026-05-03T16:49:20.244+0000] {processor.py:183} INFO - Processing /home/airflow/.local/lib/python3.12/site-packages/airflow/example_dags/example_xcom.py took 0.179 seconds
[2026-05-03T16:49:50.456+0000] {processor.py:161} INFO - Started process (PID=3844) to work on /home/airflow/.local/lib/python3.12/site-packages/airflow/example_dags/example_xcom.py
[2026-05-03T16:49:50.458+0000] {processor.py:830} INFO - Processing file /home/airflow/.local/lib/python3.12/site-packages/airflow/example_dags/example_xcom.py for tasks to queue
[2026-05-03T16:49:50.459+0000] {logging_mixin.py:188} INFO - [2026-05-03T16:49:50.459+0000] {dagbag.py:545} INFO - Filling up the DagBag from /home/airflow/.local/lib/python3.12/site-packages/airflow/example_dags/example_xcom.py
[2026-05-03T16:49:50.477+0000] {processor.py:840} INFO - DAG(s) 'example_xcom' retrieved from /home/airflow/.local/lib/python3.12/site-packages/airflow/example_dags/example_xcom.py
[2026-05-03T16:49:50.520+0000] {logging_mixin.py:188} INFO - [2026-05-03T16:49:50.519+0000] {dag.py:3089} INFO - Sync 1 DAGs
[2026-05-03T16:49:50.583+0000] {logging_mixin.py:188} INFO - [2026-05-03T16:49:50.582+0000] {dag.py:3947} INFO - Setting next_dagrun for example_xcom to 2021-01-01 00:00:00+00:00, run_after=2021-01-01 00:00:00+00:00
[2026-05-03T16:49:50.648+0000] {processor.py:183} INFO - Processing /home/airflow/.local/lib/python3.12/site-packages/airflow/example_dags/example_xcom.py took 0.207 seconds
[2026-05-03T16:50:20.748+0000] {processor.py:161} INFO - Started process (PID=3912) to work on /home/airflow/.local/lib/python3.12/site-packages/airflow/example_dags/example_xcom.py
[2026-05-03T16:50:20.751+0000] {processor.py:830} INFO - Processing file /home/airflow/.local/lib/python3.12/site-packages/airflow/example_dags/example_xcom.py for tasks to queue
[2026-05-03T16:50:20.754+0000] {logging_mixin.py:188} INFO - [2026-05-03T16:50:20.753+0000] {dagbag.py:545} INFO - Filling up the DagBag from /home/airflow/.local/lib/python3.12/site-packages/airflow/example_dags/example_xcom.py
[2026-05-03T16:50:20.768+0000] {processor.py:840} INFO - DAG(s) 'example_xcom' retrieved from /home/airflow/.local/lib/python3.12/site-packages/airflow/example_dags/example_xcom.py
[2026-05-03T16:50:20.808+0000] {logging_mixin.py:188} INFO - [2026-05-03T16:50:20.807+0000] {dag.py:3089} INFO - Sync 1 DAGs
[2026-05-03T16:50:20.842+0000] {logging_mixin.py:188} INFO - [2026-05-03T16:50:20.842+0000] {dag.py:3947} INFO - Setting next_dagrun for example_xcom to 2021-01-01 00:00:00+00:00, run_after=2021-01-01 00:00:00+00:00
[2026-05-03T16:50:20.880+0000] {processor.py:183} INFO - Processing /home/airflow/.local/lib/python3.12/site-packages/airflow/example_dags/example_xcom.py took 0.144 seconds
[2026-05-03T16:50:51.444+0000] {processor.py:161} INFO - Started process (PID=3980) to work on /home/airflow/.local/lib/python3.12/site-packages/airflow/example_dags/example_xcom.py
[2026-05-03T16:50:51.447+0000] {processor.py:830} INFO - Processing file /home/airflow/.local/lib/python3.12/site-packages/airflow/example_dags/example_xcom.py for tasks to queue
[2026-05-03T16:50:51.449+0000] {logging_mixin.py:188} INFO - [2026-05-03T16:50:51.448+0000] {dagbag.py:545} INFO - Filling up the DagBag from /home/airflow/.local/lib/python3.12/site-packages/airflow/example_dags/example_xcom.py
[2026-05-03T16:50:51.469+0000] {processor.py:840} INFO - DAG(s) 'example_xcom' retrieved from /home/airflow/.local/lib/python3.12/site-packages/airflow/example_dags/example_xcom.py
[2026-05-03T16:50:51.515+0000] {logging_mixin.py:188} INFO - [2026-05-03T16:50:51.515+0000] {dag.py:3089} INFO - Sync 1 DAGs
[2026-05-03T16:50:51.552+0000] {logging_mixin.py:188} INFO - [2026-05-03T16:50:51.552+0000] {dag.py:3947} INFO - Setting next_dagrun for example_xcom to 2021-01-01 00:00:00+00:00, run_after=2021-01-01 00:00:00+00:00
[2026-05-03T16:50:51.587+0000] {processor.py:183} INFO - Processing /home/airflow/.local/lib/python3.12/site-packages/airflow/example_dags/example_xcom.py took 0.156 seconds
[2026-05-03T16:51:22.043+0000] {processor.py:161} INFO - Started process (PID=4048) to work on /home/airflow/.local/lib/python3.12/site-packages/airflow/example_dags/example_xcom.py
[2026-05-03T16:51:22.046+0000] {processor.py:830} INFO - Processing file /home/airflow/.local/lib/python3.12/site-packages/airflow/example_dags/example_xcom.py for tasks to queue
[2026-05-03T16:51:22.049+0000] {logging_mixin.py:188} INFO - [2026-05-03T16:51:22.048+0000] {dagbag.py:545} INFO - Filling up the DagBag from /home/airflow/.local/lib/python3.12/site-packages/airflow/example_dags/example_xcom.py
[2026-05-03T16:51:22.067+0000] {processor.py:840} INFO - DAG(s) 'example_xcom' retrieved from /home/airflow/.local/lib/python3.12/site-packages/airflow/example_dags/example_xcom.py
[2026-05-03T16:51:22.117+0000] {logging_mixin.py:188} INFO - [2026-05-03T16:51:22.116+0000] {dag.py:3089} INFO - Sync 1 DAGs
[2026-05-03T16:51:22.155+0000] {logging_mixin.py:188} INFO - [2026-05-03T16:51:22.154+0000] {dag.py:3947} INFO - Setting next_dagrun for example_xcom to 2021-01-01 00:00:00+00:00, run_after=2021-01-01 00:00:00+00:00
[2026-05-03T16:51:22.220+0000] {processor.py:183} INFO - Processing /home/airflow/.local/lib/python3.12/site-packages/airflow/example_dags/example_xcom.py took 0.190 seconds
[2026-05-03T16:51:52.833+0000] {processor.py:161} INFO - Started process (PID=4116) to work on /home/airflow/.local/lib/python3.12/site-packages/airflow/example_dags/example_xcom.py
[2026-05-03T16:51:52.835+0000] {processor.py:830} INFO - Processing file /home/airflow/.local/lib/python3.12/site-packages/airflow/example_dags/example_xcom.py for tasks to queue
[2026-05-03T16:51:52.837+0000] {logging_mixin.py:188} INFO - [2026-05-03T16:51:52.836+0000] {dagbag.py:545} INFO - Filling up the DagBag from /home/airflow/.local/lib/python3.12/site-packages/airflow/example_dags/example_xcom.py
[2026-05-03T16:51:52.851+0000] {processor.py:840} INFO - DAG(s) 'example_xcom' retrieved from /home/airflow/.local/lib/python3.12/site-packages/airflow/example_dags/example_xcom.py
[2026-05-03T16:51:52.897+0000] {logging_mixin.py:188} INFO - [2026-05-03T16:51:52.897+0000] {dag.py:3089} INFO - Sync 1 DAGs
[2026-05-03T16:51:52.932+0000] {logging_mixin.py:188} INFO - [2026-05-03T16:51:52.931+0000] {dag.py:3947} INFO - Setting next_dagrun for example_xcom to 2021-01-01 00:00:00+00:00, run_after=2021-01-01 00:00:00+00:00
[2026-05-03T16:51:52.969+0000] {processor.py:183} INFO - Processing /home/airflow/.local/lib/python3.12/site-packages/airflow/example_dags/example_xcom.py took 0.148 seconds
[2026-05-03T16:52:23.368+0000] {processor.py:161} INFO - Started process (PID=4185) to work on /home/airflow/.local/lib/python3.12/site-packages/airflow/example_dags/example_xcom.py
[2026-05-03T16:52:23.371+0000] {processor.py:830} INFO - Processing file /home/airflow/.local/lib/python3.12/site-packages/airflow/example_dags/example_xcom.py for tasks to queue
[2026-05-03T16:52:23.376+0000] {logging_mixin.py:188} INFO - [2026-05-03T16:52:23.374+0000] {dagbag.py:545} INFO - Filling up the DagBag from /home/airflow/.local/lib/python3.12/site-packages/airflow/example_dags/example_xcom.py
[2026-05-03T16:52:23.393+0000] {processor.py:840} INFO - DAG(s) 'example_xcom' retrieved from /home/airflow/.local/lib/python3.12/site-packages/airflow/example_dags/example_xcom.py
[2026-05-03T16:52:23.443+0000] {logging_mixin.py:188} INFO - [2026-05-03T16:52:23.442+0000] {dag.py:3089} INFO - Sync 1 DAGs
[2026-05-03T16:52:23.476+0000] {logging_mixin.py:188} INFO - [2026-05-03T16:52:23.475+0000] {dag.py:3947} INFO - Setting next_dagrun for example_xcom to 2021-01-01 00:00:00+00:00, run_after=2021-01-01 00:00:00+00:00
[2026-05-03T16:52:23.516+0000] {processor.py:183} INFO - Processing /home/airflow/.local/lib/python3.12/site-packages/airflow/example_dags/example_xcom.py took 0.159 seconds
[2026-05-03T16:52:53.781+0000] {processor.py:161} INFO - Started process (PID=4260) to work on /home/airflow/.local/lib/python3.12/site-packages/airflow/example_dags/example_xcom.py
[2026-05-03T16:52:53.783+0000] {processor.py:830} INFO - Processing file /home/airflow/.local/lib/python3.12/site-packages/airflow/example_dags/example_xcom.py for tasks to queue
[2026-05-03T16:52:53.784+0000] {logging_mixin.py:188} INFO - [2026-05-03T16:52:53.784+0000] {dagbag.py:545} INFO - Filling up the DagBag from /home/airflow/.local/lib/python3.12/site-packages/airflow/example_dags/example_xcom.py
[2026-05-03T16:52:53.797+0000] {processor.py:840} INFO - DAG(s) 'example_xcom' retrieved from /home/airflow/.local/lib/python3.12/site-packages/airflow/example_dags/example_xcom.py
[2026-05-03T16:52:53.837+0000] {logging_mixin.py:188} INFO - [2026-05-03T16:52:53.836+0000] {dag.py:3089} INFO - Sync 1 DAGs
[2026-05-03T16:52:53.869+0000] {logging_mixin.py:188} INFO - [2026-05-03T16:52:53.869+0000] {dag.py:3947} INFO - Setting next_dagrun for example_xcom to 2021-01-01 00:00:00+00:00, run_after=2021-01-01 00:00:00+00:00
[2026-05-03T16:52:53.929+0000] {processor.py:183} INFO - Processing /home/airflow/.local/lib/python3.12/site-packages/airflow/example_dags/example_xcom.py took 0.159 seconds
[2026-05-03T16:53:24.152+0000] {processor.py:161} INFO - Started process (PID=4328) to work on /home/airflow/.local/lib/python3.12/site-packages/airflow/example_dags/example_xcom.py
[2026-05-03T16:53:24.155+0000] {processor.py:830} INFO - Processing file /home/airflow/.local/lib/python3.12/site-packages/airflow/example_dags/example_xcom.py for tasks to queue
[2026-05-03T16:53:24.156+0000] {logging_mixin.py:188} INFO - [2026-05-03T16:53:24.156+0000] {dagbag.py:545} INFO - Filling up the DagBag from /home/airflow/.local/lib/python3.12/site-packages/airflow/example_dags/example_xcom.py
[2026-05-03T16:53:24.177+0000] {processor.py:840} INFO - DAG(s) 'example_xcom' retrieved from /home/airflow/.local/lib/python3.12/site-packages/airflow/example_dags/example_xcom.py
[2026-05-03T16:53:24.224+0000] {logging_mixin.py:188} INFO - [2026-05-03T16:53:24.223+0000] {dag.py:3089} INFO - Sync 1 DAGs
[2026-05-03T16:53:24.266+0000] {logging_mixin.py:188} INFO - [2026-05-03T16:53:24.266+0000] {dag.py:3947} INFO - Setting next_dagrun for example_xcom to 2021-01-01 00:00:00+00:00, run_after=2021-01-01 00:00:00+00:00
[2026-05-03T16:53:24.305+0000] {processor.py:183} INFO - Processing /home/airflow/.local/lib/python3.12/site-packages/airflow/example_dags/example_xcom.py took 0.165 seconds
[2026-05-03T16:53:54.419+0000] {processor.py:161} INFO - Started process (PID=4395) to work on /home/airflow/.local/lib/python3.12/site-packages/airflow/example_dags/example_xcom.py
[2026-05-03T16:53:54.422+0000] {processor.py:830} INFO - Processing file /home/airflow/.local/lib/python3.12/site-packages/airflow/example_dags/example_xcom.py for tasks to queue
[2026-05-03T16:53:54.423+0000] {logging_mixin.py:188} INFO - [2026-05-03T16:53:54.423+0000] {dagbag.py:545} INFO - Filling up the DagBag from /home/airflow/.local/lib/python3.12/site-packages/airflow/example_dags/example_xcom.py
[2026-05-03T16:53:54.438+0000] {processor.py:840} INFO - DAG(s) 'example_xcom' retrieved from /home/airflow/.local/lib/python3.12/site-packages/airflow/example_dags/example_xcom.py
[2026-05-03T16:53:54.482+0000] {logging_mixin.py:188} INFO - [2026-05-03T16:53:54.482+0000] {dag.py:3089} INFO - Sync 1 DAGs
[2026-05-03T16:53:54.522+0000] {logging_mixin.py:188} INFO - [2026-05-03T16:53:54.521+0000] {dag.py:3947} INFO - Setting next_dagrun for example_xcom to 2021-01-01 00:00:00+00:00, run_after=2021-01-01 00:00:00+00:00
[2026-05-03T16:53:54.566+0000] {processor.py:183} INFO - Processing /home/airflow/.local/lib/python3.12/site-packages/airflow/example_dags/example_xcom.py took 0.161 seconds
[2026-05-03T16:54:24.917+0000] {processor.py:161} INFO - Started process (PID=4463) to work on /home/airflow/.local/lib/python3.12/site-packages/airflow/example_dags/example_xcom.py
[2026-05-03T16:54:24.918+0000] {processor.py:830} INFO - Processing file /home/airflow/.local/lib/python3.12/site-packages/airflow/example_dags/example_xcom.py for tasks to queue
[2026-05-03T16:54:24.920+0000] {logging_mixin.py:188} INFO - [2026-05-03T16:54:24.920+0000] {dagbag.py:545} INFO - Filling up the DagBag from /home/airflow/.local/lib/python3.12/site-packages/airflow/example_dags/example_xcom.py
[2026-05-03T16:54:24.936+0000] {processor.py:840} INFO - DAG(s) 'example_xcom' retrieved from /home/airflow/.local/lib/python3.12/site-packages/airflow/example_dags/example_xcom.py
[2026-05-03T16:54:24.973+0000] {logging_mixin.py:188} INFO - [2026-05-03T16:54:24.972+0000] {dag.py:3089} INFO - Sync 1 DAGs
[2026-05-03T16:54:25.007+0000] {logging_mixin.py:188} INFO - [2026-05-03T16:54:25.006+0000] {dag.py:3947} INFO - Setting next_dagrun for example_xcom to 2021-01-01 00:00:00+00:00, run_after=2021-01-01 00:00:00+00:00
[2026-05-03T16:54:25.067+0000] {processor.py:183} INFO - Processing /home/airflow/.local/lib/python3.12/site-packages/airflow/example_dags/example_xcom.py took 0.161 seconds
[2026-05-03T16:54:55.297+0000] {processor.py:161} INFO - Started process (PID=4530) to work on /home/airflow/.local/lib/python3.12/site-packages/airflow/example_dags/example_xcom.py
[2026-05-03T16:54:55.300+0000] {processor.py:830} INFO - Processing file /home/airflow/.local/lib/python3.12/site-packages/airflow/example_dags/example_xcom.py for tasks to queue
[2026-05-03T16:54:55.302+0000] {logging_mixin.py:188} INFO - [2026-05-03T16:54:55.301+0000] {dagbag.py:545} INFO - Filling up the DagBag from /home/airflow/.local/lib/python3.12/site-packages/airflow/example_dags/example_xcom.py
[2026-05-03T16:54:55.319+0000] {processor.py:840} INFO - DAG(s) 'example_xcom' retrieved from /home/airflow/.local/lib/python3.12/site-packages/airflow/example_dags/example_xcom.py
[2026-05-03T16:54:55.366+0000] {logging_mixin.py:188} INFO - [2026-05-03T16:54:55.366+0000] {dag.py:3089} INFO - Sync 1 DAGs
[2026-05-03T16:54:55.403+0000] {logging_mixin.py:188} INFO - [2026-05-03T16:54:55.402+0000] {dag.py:3947} INFO - Setting next_dagrun for example_xcom to 2021-01-01 00:00:00+00:00, run_after=2021-01-01 00:00:00+00:00
[2026-05-03T16:54:55.450+0000] {processor.py:183} INFO - Processing /home/airflow/.local/lib/python3.12/site-packages/airflow/example_dags/example_xcom.py took 0.167 seconds
[2026-05-03T16:55:26.032+0000] {processor.py:161} INFO - Started process (PID=4598) to work on /home/airflow/.local/lib/python3.12/site-packages/airflow/example_dags/example_xcom.py
[2026-05-03T16:55:26.034+0000] {processor.py:830} INFO - Processing file /home/airflow/.local/lib/python3.12/site-packages/airflow/example_dags/example_xcom.py for tasks to queue
[2026-05-03T16:55:26.036+0000] {logging_mixin.py:188} INFO - [2026-05-03T16:55:26.035+0000] {dagbag.py:545} INFO - Filling up the DagBag from /home/airflow/.local/lib/python3.12/site-packages/airflow/example_dags/example_xcom.py
[2026-05-03T16:55:26.049+0000] {processor.py:840} INFO - DAG(s) 'example_xcom' retrieved from /home/airflow/.local/lib/python3.12/site-packages/airflow/example_dags/example_xcom.py
[2026-05-03T16:55:26.089+0000] {logging_mixin.py:188} INFO - [2026-05-03T16:55:26.089+0000] {dag.py:3089} INFO - Sync 1 DAGs
[2026-05-03T16:55:26.125+0000] {logging_mixin.py:188} INFO - [2026-05-03T16:55:26.124+0000] {dag.py:3947} INFO - Setting next_dagrun for example_xcom to 2021-01-01 00:00:00+00:00, run_after=2021-01-01 00:00:00+00:00
[2026-05-03T16:55:26.191+0000] {processor.py:183} INFO - Processing /home/airflow/.local/lib/python3.12/site-packages/airflow/example_dags/example_xcom.py took 0.170 seconds
[2026-05-03T16:55:56.435+0000] {processor.py:161} INFO - Started process (PID=4666) to work on /home/airflow/.local/lib/python3.12/site-packages/airflow/example_dags/example_xcom.py
[2026-05-03T16:55:56.438+0000] {processor.py:830} INFO - Processing file /home/airflow/.local/lib/python3.12/site-packages/airflow/example_dags/example_xcom.py for tasks to queue
[2026-05-03T16:55:56.440+0000] {logging_mixin.py:188} INFO - [2026-05-03T16:55:56.439+0000] {dagbag.py:545} INFO - Filling up the DagBag from /home/airflow/.local/lib/python3.12/site-packages/airflow/example_dags/example_xcom.py
[2026-05-03T16:55:56.456+0000] {processor.py:840} INFO - DAG(s) 'example_xcom' retrieved from /home/airflow/.local/lib/python3.12/site-packages/airflow/example_dags/example_xcom.py
[2026-05-03T16:55:56.504+0000] {logging_mixin.py:188} INFO - [2026-05-03T16:55:56.504+0000] {dag.py:3089} INFO - Sync 1 DAGs
[2026-05-03T16:55:56.546+0000] {logging_mixin.py:188} INFO - [2026-05-03T16:55:56.545+0000] {dag.py:3947} INFO - Setting next_dagrun for example_xcom to 2021-01-01 00:00:00+00:00, run_after=2021-01-01 00:00:00+00:00
[2026-05-03T16:55:56.596+0000] {processor.py:183} INFO - Processing /home/airflow/.local/lib/python3.12/site-packages/airflow/example_dags/example_xcom.py took 0.172 seconds
[2026-05-03T16:56:27.206+0000] {processor.py:161} INFO - Started process (PID=4733) to work on /home/airflow/.local/lib/python3.12/site-packages/airflow/example_dags/example_xcom.py
[2026-05-03T16:56:27.234+0000] {processor.py:830} INFO - Processing file /home/airflow/.local/lib/python3.12/site-packages/airflow/example_dags/example_xcom.py for tasks to queue
[2026-05-03T16:56:27.236+0000] {logging_mixin.py:188} INFO - [2026-05-03T16:56:27.235+0000] {dagbag.py:545} INFO - Filling up the DagBag from /home/airflow/.local/lib/python3.12/site-packages/airflow/example_dags/example_xcom.py
[2026-05-03T16:56:27.248+0000] {processor.py:840} INFO - DAG(s) 'example_xcom' retrieved from /home/airflow/.local/lib/python3.12/site-packages/airflow/example_dags/example_xcom.py
[2026-05-03T16:56:27.285+0000] {logging_mixin.py:188} INFO - [2026-05-03T16:56:27.285+0000] {dag.py:3089} INFO - Sync 1 DAGs
[2026-05-03T16:56:27.318+0000] {logging_mixin.py:188} INFO - [2026-05-03T16:56:27.318+0000] {dag.py:3947} INFO - Setting next_dagrun for example_xcom to 2021-01-01 00:00:00+00:00, run_after=2021-01-01 00:00:00+00:00
[2026-05-03T16:56:27.353+0000] {processor.py:183} INFO - Processing /home/airflow/.local/lib/python3.12/site-packages/airflow/example_dags/example_xcom.py took 0.160 seconds
[2026-05-03T16:56:57.549+0000] {processor.py:161} INFO - Started process (PID=4808) to work on /home/airflow/.local/lib/python3.12/site-packages/airflow/example_dags/example_xcom.py
[2026-05-03T16:56:57.552+0000] {processor.py:830} INFO - Processing file /home/airflow/.local/lib/python3.12/site-packages/airflow/example_dags/example_xcom.py for tasks to queue
[2026-05-03T16:56:57.554+0000] {logging_mixin.py:188} INFO - [2026-05-03T16:56:57.553+0000] {dagbag.py:545} INFO - Filling up the DagBag from /home/airflow/.local/lib/python3.12/site-packages/airflow/example_dags/example_xcom.py
[2026-05-03T16:56:57.570+0000] {processor.py:840} INFO - DAG(s) 'example_xcom' retrieved from /home/airflow/.local/lib/python3.12/site-packages/airflow/example_dags/example_xcom.py
[2026-05-03T16:56:57.614+0000] {logging_mixin.py:188} INFO - [2026-05-03T16:56:57.614+0000] {dag.py:3089} INFO - Sync 1 DAGs
[2026-05-03T16:56:57.654+0000] {logging_mixin.py:188} INFO - [2026-05-03T16:56:57.654+0000] {dag.py:3947} INFO - Setting next_dagrun for example_xcom to 2021-01-01 00:00:00+00:00, run_after=2021-01-01 00:00:00+00:00
[2026-05-03T16:56:57.716+0000] {processor.py:183} INFO - Processing /home/airflow/.local/lib/python3.12/site-packages/airflow/example_dags/example_xcom.py took 0.181 seconds
[2026-05-03T16:57:27.959+0000] {processor.py:161} INFO - Started process (PID=4876) to work on /home/airflow/.local/lib/python3.12/site-packages/airflow/example_dags/example_xcom.py
[2026-05-03T16:57:27.961+0000] {processor.py:830} INFO - Processing file /home/airflow/.local/lib/python3.12/site-packages/airflow/example_dags/example_xcom.py for tasks to queue
[2026-05-03T16:57:27.962+0000] {logging_mixin.py:188} INFO - [2026-05-03T16:57:27.962+0000] {dagbag.py:545} INFO - Filling up the DagBag from /home/airflow/.local/lib/python3.12/site-packages/airflow/example_dags/example_xcom.py
[2026-05-03T16:57:27.975+0000] {processor.py:840} INFO - DAG(s) 'example_xcom' retrieved from /home/airflow/.local/lib/python3.12/site-packages/airflow/example_dags/example_xcom.py
[2026-05-03T16:57:28.014+0000] {logging_mixin.py:188} INFO - [2026-05-03T16:57:28.014+0000] {dag.py:3089} INFO - Sync 1 DAGs
[2026-05-03T16:57:28.051+0000] {logging_mixin.py:188} INFO - [2026-05-03T16:57:28.051+0000] {dag.py:3947} INFO - Setting next_dagrun for example_xcom to 2021-01-01 00:00:00+00:00, run_after=2021-01-01 00:00:00+00:00
[2026-05-03T16:57:28.088+0000] {processor.py:183} INFO - Processing /home/airflow/.local/lib/python3.12/site-packages/airflow/example_dags/example_xcom.py took 0.142 seconds
[2026-05-03T16:57:58.284+0000] {processor.py:161} INFO - Started process (PID=4944) to work on /home/airflow/.local/lib/python3.12/site-packages/airflow/example_dags/example_xcom.py
[2026-05-03T16:57:58.287+0000] {processor.py:830} INFO - Processing file /home/airflow/.local/lib/python3.12/site-packages/airflow/example_dags/example_xcom.py for tasks to queue
[2026-05-03T16:57:58.289+0000] {logging_mixin.py:188} INFO - [2026-05-03T16:57:58.288+0000] {dagbag.py:545} INFO - Filling up the DagBag from /home/airflow/.local/lib/python3.12/site-packages/airflow/example_dags/example_xcom.py
[2026-05-03T16:57:58.306+0000] {processor.py:840} INFO - DAG(s) 'example_xcom' retrieved from /home/airflow/.local/lib/python3.12/site-packages/airflow/example_dags/example_xcom.py
[2026-05-03T16:57:58.349+0000] {logging_mixin.py:188} INFO - [2026-05-03T16:57:58.348+0000] {dag.py:3089} INFO - Sync 1 DAGs
[2026-05-03T16:57:58.385+0000] {logging_mixin.py:188} INFO - [2026-05-03T16:57:58.384+0000] {dag.py:3947} INFO - Setting next_dagrun for example_xcom to 2021-01-01 00:00:00+00:00, run_after=2021-01-01 00:00:00+00:00
[2026-05-03T16:57:58.450+0000] {processor.py:183} INFO - Processing /home/airflow/.local/lib/python3.12/site-packages/airflow/example_dags/example_xcom.py took 0.179 seconds
[2026-05-03T16:58:29.188+0000] {processor.py:161} INFO - Started process (PID=5012) to work on /home/airflow/.local/lib/python3.12/site-packages/airflow/example_dags/example_xcom.py
[2026-05-03T16:58:29.190+0000] {processor.py:830} INFO - Processing file /home/airflow/.local/lib/python3.12/site-packages/airflow/example_dags/example_xcom.py for tasks to queue
[2026-05-03T16:58:29.192+0000] {logging_mixin.py:188} INFO - [2026-05-03T16:58:29.191+0000] {dagbag.py:545} INFO - Filling up the DagBag from /home/airflow/.local/lib/python3.12/site-packages/airflow/example_dags/example_xcom.py
[2026-05-03T16:58:29.209+0000] {processor.py:840} INFO - DAG(s) 'example_xcom' retrieved from /home/airflow/.local/lib/python3.12/site-packages/airflow/example_dags/example_xcom.py
[2026-05-03T16:58:29.249+0000] {logging_mixin.py:188} INFO - [2026-05-03T16:58:29.249+0000] {dag.py:3089} INFO - Sync 1 DAGs
[2026-05-03T16:58:29.288+0000] {logging_mixin.py:188} INFO - [2026-05-03T16:58:29.288+0000] {dag.py:3947} INFO - Setting next_dagrun for example_xcom to 2021-01-01 00:00:00+00:00, run_after=2021-01-01 00:00:00+00:00
[2026-05-03T16:58:29.348+0000] {processor.py:183} INFO - Processing /home/airflow/.local/lib/python3.12/site-packages/airflow/example_dags/example_xcom.py took 0.173 seconds
[2026-05-03T16:58:59.958+0000] {processor.py:161} INFO - Started process (PID=5080) to work on /home/airflow/.local/lib/python3.12/site-packages/airflow/example_dags/example_xcom.py
[2026-05-03T16:58:59.961+0000] {processor.py:830} INFO - Processing file /home/airflow/.local/lib/python3.12/site-packages/airflow/example_dags/example_xcom.py for tasks to queue
[2026-05-03T16:58:59.963+0000] {logging_mixin.py:188} INFO - [2026-05-03T16:58:59.962+0000] {dagbag.py:545} INFO - Filling up the DagBag from /home/airflow/.local/lib/python3.12/site-packages/airflow/example_dags/example_xcom.py
[2026-05-03T16:58:59.977+0000] {processor.py:840} INFO - DAG(s) 'example_xcom' retrieved from /home/airflow/.local/lib/python3.12/site-packages/airflow/example_dags/example_xcom.py
[2026-05-03T16:59:00.023+0000] {logging_mixin.py:188} INFO - [2026-05-03T16:59:00.023+0000] {dag.py:3089} INFO - Sync 1 DAGs
[2026-05-03T16:59:00.061+0000] {logging_mixin.py:188} INFO - [2026-05-03T16:59:00.060+0000] {dag.py:3947} INFO - Setting next_dagrun for example_xcom to 2021-01-01 00:00:00+00:00, run_after=2021-01-01 00:00:00+00:00
[2026-05-03T16:59:00.126+0000] {processor.py:183} INFO - Processing /home/airflow/.local/lib/python3.12/site-packages/airflow/example_dags/example_xcom.py took 0.180 seconds
[2026-05-03T16:59:30.711+0000] {processor.py:161} INFO - Started process (PID=5148) to work on /home/airflow/.local/lib/python3.12/site-packages/airflow/example_dags/example_xcom.py
[2026-05-03T16:59:30.713+0000] {processor.py:830} INFO - Processing file /home/airflow/.local/lib/python3.12/site-packages/airflow/example_dags/example_xcom.py for tasks to queue
[2026-05-03T16:59:30.715+0000] {logging_mixin.py:188} INFO - [2026-05-03T16:59:30.714+0000] {dagbag.py:545} INFO - Filling up the DagBag from /home/airflow/.local/lib/python3.12/site-packages/airflow/example_dags/example_xcom.py
[2026-05-03T16:59:30.728+0000] {processor.py:840} INFO - DAG(s) 'example_xcom' retrieved from /home/airflow/.local/lib/python3.12/site-packages/airflow/example_dags/example_xcom.py
[2026-05-03T16:59:30.775+0000] {logging_mixin.py:188} INFO - [2026-05-03T16:59:30.774+0000] {dag.py:3089} INFO - Sync 1 DAGs
[2026-05-03T16:59:30.817+0000] {logging_mixin.py:188} INFO - [2026-05-03T16:59:30.817+0000] {dag.py:3947} INFO - Setting next_dagrun for example_xcom to 2021-01-01 00:00:00+00:00, run_after=2021-01-01 00:00:00+00:00
[2026-05-03T16:59:30.879+0000] {processor.py:183} INFO - Processing /home/airflow/.local/lib/python3.12/site-packages/airflow/example_dags/example_xcom.py took 0.177 seconds
[2026-05-03T17:00:01.345+0000] {processor.py:161} INFO - Started process (PID=5216) to work on /home/airflow/.local/lib/python3.12/site-packages/airflow/example_dags/example_xcom.py
[2026-05-03T17:00:01.348+0000] {processor.py:830} INFO - Processing file /home/airflow/.local/lib/python3.12/site-packages/airflow/example_dags/example_xcom.py for tasks to queue
[2026-05-03T17:00:01.350+0000] {logging_mixin.py:188} INFO - [2026-05-03T17:00:01.350+0000] {dagbag.py:545} INFO - Filling up the DagBag from /home/airflow/.local/lib/python3.12/site-packages/airflow/example_dags/example_xcom.py
[2026-05-03T17:00:01.363+0000] {processor.py:840} INFO - DAG(s) 'example_xcom' retrieved from /home/airflow/.local/lib/python3.12/site-packages/airflow/example_dags/example_xcom.py
[2026-05-03T17:00:01.403+0000] {logging_mixin.py:188} INFO - [2026-05-03T17:00:01.402+0000] {dag.py:3089} INFO - Sync 1 DAGs
[2026-05-03T17:00:01.442+0000] {logging_mixin.py:188} INFO - [2026-05-03T17:00:01.442+0000] {dag.py:3947} INFO - Setting next_dagrun for example_xcom to 2021-01-01 00:00:00+00:00, run_after=2021-01-01 00:00:00+00:00
[2026-05-03T17:00:01.506+0000] {processor.py:183} INFO - Processing /home/airflow/.local/lib/python3.12/site-packages/airflow/example_dags/example_xcom.py took 0.169 seconds
[2026-05-03T17:00:31.832+0000] {processor.py:161} INFO - Started process (PID=5284) to work on /home/airflow/.local/lib/python3.12/site-packages/airflow/example_dags/example_xcom.py
[2026-05-03T17:00:31.835+0000] {processor.py:830} INFO - Processing file /home/airflow/.local/lib/python3.12/site-packages/airflow/example_dags/example_xcom.py for tasks to queue
[2026-05-03T17:00:31.837+0000] {logging_mixin.py:188} INFO - [2026-05-03T17:00:31.836+0000] {dagbag.py:545} INFO - Filling up the DagBag from /home/airflow/.local/lib/python3.12/site-packages/airflow/example_dags/example_xcom.py
[2026-05-03T17:00:31.851+0000] {processor.py:840} INFO - DAG(s) 'example_xcom' retrieved from /home/airflow/.local/lib/python3.12/site-packages/airflow/example_dags/example_xcom.py
[2026-05-03T17:00:31.889+0000] {logging_mixin.py:188} INFO - [2026-05-03T17:00:31.888+0000] {dag.py:3089} INFO - Sync 1 DAGs
[2026-05-03T17:00:31.932+0000] {logging_mixin.py:188} INFO - [2026-05-03T17:00:31.929+0000] {dag.py:3947} INFO - Setting next_dagrun for example_xcom to 2021-01-01 00:00:00+00:00, run_after=2021-01-01 00:00:00+00:00
[2026-05-03T17:00:31.981+0000] {processor.py:183} INFO - Processing /home/airflow/.local/lib/python3.12/site-packages/airflow/example_dags/example_xcom.py took 0.159 seconds
[2026-05-03T17:01:02.226+0000] {processor.py:161} INFO - Started process (PID=5352) to work on /home/airflow/.local/lib/python3.12/site-packages/airflow/example_dags/example_xcom.py
[2026-05-03T17:01:02.230+0000] {processor.py:830} INFO - Processing file /home/airflow/.local/lib/python3.12/site-packages/airflow/example_dags/example_xcom.py for tasks to queue
[2026-05-03T17:01:02.232+0000] {logging_mixin.py:188} INFO - [2026-05-03T17:01:02.231+0000] {dagbag.py:545} INFO - Filling up the DagBag from /home/airflow/.local/lib/python3.12/site-packages/airflow/example_dags/example_xcom.py
[2026-05-03T17:01:02.246+0000] {processor.py:840} INFO - DAG(s) 'example_xcom' retrieved from /home/airflow/.local/lib/python3.12/site-packages/airflow/example_dags/example_xcom.py
[2026-05-03T17:01:02.296+0000] {logging_mixin.py:188} INFO - [2026-05-03T17:01:02.295+0000] {dag.py:3089} INFO - Sync 1 DAGs
[2026-05-03T17:01:02.337+0000] {logging_mixin.py:188} INFO - [2026-05-03T17:01:02.336+0000] {dag.py:3947} INFO - Setting next_dagrun for example_xcom to 2021-01-01 00:00:00+00:00, run_after=2021-01-01 00:00:00+00:00
[2026-05-03T17:01:02.394+0000] {processor.py:183} INFO - Processing /home/airflow/.local/lib/python3.12/site-packages/airflow/example_dags/example_xcom.py took 0.183 seconds
[2026-05-03T17:01:32.543+0000] {processor.py:161} INFO - Started process (PID=5419) to work on /home/airflow/.local/lib/python3.12/site-packages/airflow/example_dags/example_xcom.py
[2026-05-03T17:01:32.545+0000] {processor.py:830} INFO - Processing file /home/airflow/.local/lib/python3.12/site-packages/airflow/example_dags/example_xcom.py for tasks to queue
[2026-05-03T17:01:32.547+0000] {logging_mixin.py:188} INFO - [2026-05-03T17:01:32.547+0000] {dagbag.py:545} INFO - Filling up the DagBag from /home/airflow/.local/lib/python3.12/site-packages/airflow/example_dags/example_xcom.py
[2026-05-03T17:01:32.560+0000] {processor.py:840} INFO - DAG(s) 'example_xcom' retrieved from /home/airflow/.local/lib/python3.12/site-packages/airflow/example_dags/example_xcom.py
[2026-05-03T17:01:32.603+0000] {logging_mixin.py:188} INFO - [2026-05-03T17:01:32.603+0000] {dag.py:3089} INFO - Sync 1 DAGs
[2026-05-03T17:01:32.650+0000] {logging_mixin.py:188} INFO - [2026-05-03T17:01:32.649+0000] {dag.py:3947} INFO - Setting next_dagrun for example_xcom to 2021-01-01 00:00:00+00:00, run_after=2021-01-01 00:00:00+00:00
[2026-05-03T17:01:32.713+0000] {processor.py:183} INFO - Processing /home/airflow/.local/lib/python3.12/site-packages/airflow/example_dags/example_xcom.py took 0.180 seconds
[2026-05-03T17:02:03.389+0000] {processor.py:161} INFO - Started process (PID=5494) to work on /home/airflow/.local/lib/python3.12/site-packages/airflow/example_dags/example_xcom.py
[2026-05-03T17:02:03.392+0000] {processor.py:830} INFO - Processing file /home/airflow/.local/lib/python3.12/site-packages/airflow/example_dags/example_xcom.py for tasks to queue
[2026-05-03T17:02:03.393+0000] {logging_mixin.py:188} INFO - [2026-05-03T17:02:03.393+0000] {dagbag.py:545} INFO - Filling up the DagBag from /home/airflow/.local/lib/python3.12/site-packages/airflow/example_dags/example_xcom.py
[2026-05-03T17:02:03.407+0000] {processor.py:840} INFO - DAG(s) 'example_xcom' retrieved from /home/airflow/.local/lib/python3.12/site-packages/airflow/example_dags/example_xcom.py
[2026-05-03T17:02:03.460+0000] {logging_mixin.py:188} INFO - [2026-05-03T17:02:03.459+0000] {dag.py:3089} INFO - Sync 1 DAGs
[2026-05-03T17:02:03.497+0000] {logging_mixin.py:188} INFO - [2026-05-03T17:02:03.497+0000] {dag.py:3947} INFO - Setting next_dagrun for example_xcom to 2021-01-01 00:00:00+00:00, run_after=2021-01-01 00:00:00+00:00
[2026-05-03T17:02:03.530+0000] {processor.py:183} INFO - Processing /home/airflow/.local/lib/python3.12/site-packages/airflow/example_dags/example_xcom.py took 0.151 seconds
[2026-05-03T17:02:34.401+0000] {processor.py:161} INFO - Started process (PID=5562) to work on /home/airflow/.local/lib/python3.12/site-packages/airflow/example_dags/example_xcom.py
[2026-05-03T17:02:34.408+0000] {processor.py:830} INFO - Processing file /home/airflow/.local/lib/python3.12/site-packages/airflow/example_dags/example_xcom.py for tasks to queue
[2026-05-03T17:02:34.411+0000] {logging_mixin.py:188} INFO - [2026-05-03T17:02:34.410+0000] {dagbag.py:545} INFO - Filling up the DagBag from /home/airflow/.local/lib/python3.12/site-packages/airflow/example_dags/example_xcom.py
[2026-05-03T17:02:34.431+0000] {processor.py:840} INFO - DAG(s) 'example_xcom' retrieved from /home/airflow/.local/lib/python3.12/site-packages/airflow/example_dags/example_xcom.py
[2026-05-03T17:02:34.480+0000] {logging_mixin.py:188} INFO - [2026-05-03T17:02:34.479+0000] {dag.py:3089} INFO - Sync 1 DAGs
[2026-05-03T17:02:34.527+0000] {logging_mixin.py:188} INFO - [2026-05-03T17:02:34.527+0000] {dag.py:3947} INFO - Setting next_dagrun for example_xcom to 2021-01-01 00:00:00+00:00, run_after=2021-01-01 00:00:00+00:00
[2026-05-03T17:02:34.582+0000] {processor.py:183} INFO - Processing /home/airflow/.local/lib/python3.12/site-packages/airflow/example_dags/example_xcom.py took 0.192 seconds
[2026-05-03T23:02:52.177+0000] {processor.py:161} INFO - Started process (PID=5620) to work on /home/airflow/.local/lib/python3.12/site-packages/airflow/example_dags/example_xcom.py
[2026-05-03T23:02:52.179+0000] {processor.py:830} INFO - Processing file /home/airflow/.local/lib/python3.12/site-packages/airflow/example_dags/example_xcom.py for tasks to queue
[2026-05-03T23:02:52.180+0000] {logging_mixin.py:188} INFO - [2026-05-03T23:02:52.179+0000] {dagbag.py:545} INFO - Filling up the DagBag from /home/airflow/.local/lib/python3.12/site-packages/airflow/example_dags/example_xcom.py
[2026-05-03T23:02:52.191+0000] {processor.py:840} INFO - DAG(s) 'example_xcom' retrieved from /home/airflow/.local/lib/python3.12/site-packages/airflow/example_dags/example_xcom.py
[2026-05-03T23:02:52.219+0000] {logging_mixin.py:188} INFO - [2026-05-03T23:02:52.219+0000] {dag.py:3089} INFO - Sync 1 DAGs
[2026-05-03T23:02:52.249+0000] {logging_mixin.py:188} INFO - [2026-05-03T23:02:52.248+0000] {dag.py:3947} INFO - Setting next_dagrun for example_xcom to 2021-01-01 00:00:00+00:00, run_after=2021-01-01 00:00:00+00:00
[2026-05-03T23:02:52.277+0000] {processor.py:183} INFO - Processing /home/airflow/.local/lib/python3.12/site-packages/airflow/example_dags/example_xcom.py took 0.109 seconds
