[2026-05-03T06:48:40.013+0000] {processor.py:153} INFO - Started process (PID=80) to work on /home/airflow/.local/lib/python3.7/site-packages/airflow/example_dags/example_branch_operator.py
[2026-05-03T06:48:40.015+0000] {processor.py:743} INFO - Processing file /home/airflow/.local/lib/python3.7/site-packages/airflow/example_dags/example_branch_operator.py for tasks to queue
[2026-05-03T06:48:40.016+0000] {logging_mixin.py:137} INFO - [2026-05-03T06:48:40.016+0000] {dagbag.py:538} INFO - Filling up the DagBag from /home/airflow/.local/lib/python3.7/site-packages/airflow/example_dags/example_branch_operator.py
[2026-05-03T06:48:40.032+0000] {processor.py:753} INFO - DAG(s) dict_keys(['example_branch_operator']) retrieved from /home/airflow/.local/lib/python3.7/site-packages/airflow/example_dags/example_branch_operator.py
[2026-05-03T06:48:40.055+0000] {logging_mixin.py:137} INFO - [2026-05-03T06:48:40.055+0000] {dag.py:2690} INFO - Sync 1 DAGs
[2026-05-03T06:48:40.076+0000] {logging_mixin.py:137} INFO - [2026-05-03T06:48:40.076+0000] {dag.py:3441} INFO - Setting next_dagrun for example_branch_operator to 2026-05-02T00:00:00+00:00, run_after=2026-05-03T00:00:00+00:00
[2026-05-03T06:48:40.093+0000] {processor.py:175} INFO - Processing /home/airflow/.local/lib/python3.7/site-packages/airflow/example_dags/example_branch_operator.py took 0.083 seconds
[2026-05-03T06:49:11.184+0000] {processor.py:153} INFO - Started process (PID=192) to work on /home/airflow/.local/lib/python3.7/site-packages/airflow/example_dags/example_branch_operator.py
[2026-05-03T06:49:11.185+0000] {processor.py:743} INFO - Processing file /home/airflow/.local/lib/python3.7/site-packages/airflow/example_dags/example_branch_operator.py for tasks to queue
[2026-05-03T06:49:11.186+0000] {logging_mixin.py:137} INFO - [2026-05-03T06:49:11.186+0000] {dagbag.py:538} INFO - Filling up the DagBag from /home/airflow/.local/lib/python3.7/site-packages/airflow/example_dags/example_branch_operator.py
[2026-05-03T06:49:11.202+0000] {processor.py:753} INFO - DAG(s) dict_keys(['example_branch_operator']) retrieved from /home/airflow/.local/lib/python3.7/site-packages/airflow/example_dags/example_branch_operator.py
[2026-05-03T06:49:11.227+0000] {logging_mixin.py:137} INFO - [2026-05-03T06:49:11.227+0000] {dag.py:2690} INFO - Sync 1 DAGs
[2026-05-03T06:49:11.249+0000] {logging_mixin.py:137} INFO - [2026-05-03T06:49:11.249+0000] {dag.py:3441} INFO - Setting next_dagrun for example_branch_operator to 2026-05-02T00:00:00+00:00, run_after=2026-05-03T00:00:00+00:00
[2026-05-03T06:49:11.271+0000] {processor.py:175} INFO - Processing /home/airflow/.local/lib/python3.7/site-packages/airflow/example_dags/example_branch_operator.py took 0.090 seconds
[2026-05-03T06:49:42.020+0000] {processor.py:153} INFO - Started process (PID=288) to work on /home/airflow/.local/lib/python3.7/site-packages/airflow/example_dags/example_branch_operator.py
[2026-05-03T06:49:42.021+0000] {processor.py:743} INFO - Processing file /home/airflow/.local/lib/python3.7/site-packages/airflow/example_dags/example_branch_operator.py for tasks to queue
[2026-05-03T06:49:42.022+0000] {logging_mixin.py:137} INFO - [2026-05-03T06:49:42.022+0000] {dagbag.py:538} INFO - Filling up the DagBag from /home/airflow/.local/lib/python3.7/site-packages/airflow/example_dags/example_branch_operator.py
[2026-05-03T06:49:42.036+0000] {processor.py:753} INFO - DAG(s) dict_keys(['example_branch_operator']) retrieved from /home/airflow/.local/lib/python3.7/site-packages/airflow/example_dags/example_branch_operator.py
[2026-05-03T06:49:42.062+0000] {logging_mixin.py:137} INFO - [2026-05-03T06:49:42.062+0000] {dag.py:2690} INFO - Sync 1 DAGs
[2026-05-03T06:49:42.135+0000] {logging_mixin.py:137} INFO - [2026-05-03T06:49:42.135+0000] {dag.py:3441} INFO - Setting next_dagrun for example_branch_operator to 2026-05-02T00:00:00+00:00, run_after=2026-05-03T00:00:00+00:00
[2026-05-03T06:49:42.161+0000] {processor.py:175} INFO - Processing /home/airflow/.local/lib/python3.7/site-packages/airflow/example_dags/example_branch_operator.py took 0.144 seconds
[2026-05-03T06:50:14.200+0000] {processor.py:153} INFO - Started process (PID=391) to work on /home/airflow/.local/lib/python3.7/site-packages/airflow/example_dags/example_branch_operator.py
[2026-05-03T06:50:14.202+0000] {processor.py:743} INFO - Processing file /home/airflow/.local/lib/python3.7/site-packages/airflow/example_dags/example_branch_operator.py for tasks to queue
[2026-05-03T06:50:14.204+0000] {logging_mixin.py:137} INFO - [2026-05-03T06:50:14.204+0000] {dagbag.py:538} INFO - Filling up the DagBag from /home/airflow/.local/lib/python3.7/site-packages/airflow/example_dags/example_branch_operator.py
[2026-05-03T06:50:14.229+0000] {processor.py:753} INFO - DAG(s) dict_keys(['example_branch_operator']) retrieved from /home/airflow/.local/lib/python3.7/site-packages/airflow/example_dags/example_branch_operator.py
[2026-05-03T06:50:14.266+0000] {logging_mixin.py:137} INFO - [2026-05-03T06:50:14.266+0000] {dag.py:2690} INFO - Sync 1 DAGs
[2026-05-03T06:50:14.294+0000] {logging_mixin.py:137} INFO - [2026-05-03T06:50:14.294+0000] {dag.py:3441} INFO - Setting next_dagrun for example_branch_operator to 2026-05-02T00:00:00+00:00, run_after=2026-05-03T00:00:00+00:00
[2026-05-03T06:50:14.323+0000] {processor.py:175} INFO - Processing /home/airflow/.local/lib/python3.7/site-packages/airflow/example_dags/example_branch_operator.py took 0.129 seconds
[2026-05-03T06:50:44.686+0000] {processor.py:153} INFO - Started process (PID=503) to work on /home/airflow/.local/lib/python3.7/site-packages/airflow/example_dags/example_branch_operator.py
[2026-05-03T06:50:44.687+0000] {processor.py:743} INFO - Processing file /home/airflow/.local/lib/python3.7/site-packages/airflow/example_dags/example_branch_operator.py for tasks to queue
[2026-05-03T06:50:44.688+0000] {logging_mixin.py:137} INFO - [2026-05-03T06:50:44.688+0000] {dagbag.py:538} INFO - Filling up the DagBag from /home/airflow/.local/lib/python3.7/site-packages/airflow/example_dags/example_branch_operator.py
[2026-05-03T06:50:44.703+0000] {processor.py:753} INFO - DAG(s) dict_keys(['example_branch_operator']) retrieved from /home/airflow/.local/lib/python3.7/site-packages/airflow/example_dags/example_branch_operator.py
[2026-05-03T06:50:44.732+0000] {logging_mixin.py:137} INFO - [2026-05-03T06:50:44.731+0000] {dag.py:2690} INFO - Sync 1 DAGs
[2026-05-03T06:50:44.761+0000] {logging_mixin.py:137} INFO - [2026-05-03T06:50:44.761+0000] {dag.py:3441} INFO - Setting next_dagrun for example_branch_operator to 2026-05-02T00:00:00+00:00, run_after=2026-05-03T00:00:00+00:00
[2026-05-03T06:50:44.800+0000] {processor.py:175} INFO - Processing /home/airflow/.local/lib/python3.7/site-packages/airflow/example_dags/example_branch_operator.py took 0.117 seconds
[2026-05-03T06:51:15.376+0000] {processor.py:153} INFO - Started process (PID=591) to work on /home/airflow/.local/lib/python3.7/site-packages/airflow/example_dags/example_branch_operator.py
[2026-05-03T06:51:15.378+0000] {processor.py:743} INFO - Processing file /home/airflow/.local/lib/python3.7/site-packages/airflow/example_dags/example_branch_operator.py for tasks to queue
[2026-05-03T06:51:15.379+0000] {logging_mixin.py:137} INFO - [2026-05-03T06:51:15.379+0000] {dagbag.py:538} INFO - Filling up the DagBag from /home/airflow/.local/lib/python3.7/site-packages/airflow/example_dags/example_branch_operator.py
[2026-05-03T06:51:15.394+0000] {processor.py:753} INFO - DAG(s) dict_keys(['example_branch_operator']) retrieved from /home/airflow/.local/lib/python3.7/site-packages/airflow/example_dags/example_branch_operator.py
[2026-05-03T06:51:15.428+0000] {logging_mixin.py:137} INFO - [2026-05-03T06:51:15.428+0000] {dag.py:2690} INFO - Sync 1 DAGs
[2026-05-03T06:51:15.458+0000] {logging_mixin.py:137} INFO - [2026-05-03T06:51:15.458+0000] {dag.py:3441} INFO - Setting next_dagrun for example_branch_operator to 2026-05-02T00:00:00+00:00, run_after=2026-05-03T00:00:00+00:00
[2026-05-03T06:51:15.487+0000] {processor.py:175} INFO - Processing /home/airflow/.local/lib/python3.7/site-packages/airflow/example_dags/example_branch_operator.py took 0.116 seconds
[2026-05-03T06:51:46.371+0000] {processor.py:153} INFO - Started process (PID=703) to work on /home/airflow/.local/lib/python3.7/site-packages/airflow/example_dags/example_branch_operator.py
[2026-05-03T06:51:46.374+0000] {processor.py:743} INFO - Processing file /home/airflow/.local/lib/python3.7/site-packages/airflow/example_dags/example_branch_operator.py for tasks to queue
[2026-05-03T06:51:46.376+0000] {logging_mixin.py:137} INFO - [2026-05-03T06:51:46.376+0000] {dagbag.py:538} INFO - Filling up the DagBag from /home/airflow/.local/lib/python3.7/site-packages/airflow/example_dags/example_branch_operator.py
[2026-05-03T06:51:46.396+0000] {processor.py:753} INFO - DAG(s) dict_keys(['example_branch_operator']) retrieved from /home/airflow/.local/lib/python3.7/site-packages/airflow/example_dags/example_branch_operator.py
[2026-05-03T06:51:46.439+0000] {logging_mixin.py:137} INFO - [2026-05-03T06:51:46.438+0000] {dag.py:2690} INFO - Sync 1 DAGs
[2026-05-03T06:51:46.469+0000] {logging_mixin.py:137} INFO - [2026-05-03T06:51:46.469+0000] {dag.py:3441} INFO - Setting next_dagrun for example_branch_operator to 2026-05-02T00:00:00+00:00, run_after=2026-05-03T00:00:00+00:00
[2026-05-03T06:51:46.493+0000] {processor.py:175} INFO - Processing /home/airflow/.local/lib/python3.7/site-packages/airflow/example_dags/example_branch_operator.py took 0.129 seconds
[2026-05-03T06:52:17.231+0000] {processor.py:153} INFO - Started process (PID=791) to work on /home/airflow/.local/lib/python3.7/site-packages/airflow/example_dags/example_branch_operator.py
[2026-05-03T06:52:17.233+0000] {processor.py:743} INFO - Processing file /home/airflow/.local/lib/python3.7/site-packages/airflow/example_dags/example_branch_operator.py for tasks to queue
[2026-05-03T06:52:17.234+0000] {logging_mixin.py:137} INFO - [2026-05-03T06:52:17.234+0000] {dagbag.py:538} INFO - Filling up the DagBag from /home/airflow/.local/lib/python3.7/site-packages/airflow/example_dags/example_branch_operator.py
[2026-05-03T06:52:17.264+0000] {processor.py:753} INFO - DAG(s) dict_keys(['example_branch_operator']) retrieved from /home/airflow/.local/lib/python3.7/site-packages/airflow/example_dags/example_branch_operator.py
[2026-05-03T06:52:17.299+0000] {logging_mixin.py:137} INFO - [2026-05-03T06:52:17.299+0000] {dag.py:2690} INFO - Sync 1 DAGs
[2026-05-03T06:52:17.337+0000] {logging_mixin.py:137} INFO - [2026-05-03T06:52:17.337+0000] {dag.py:3441} INFO - Setting next_dagrun for example_branch_operator to 2026-05-02T00:00:00+00:00, run_after=2026-05-03T00:00:00+00:00
[2026-05-03T06:52:17.374+0000] {processor.py:175} INFO - Processing /home/airflow/.local/lib/python3.7/site-packages/airflow/example_dags/example_branch_operator.py took 0.151 seconds
[2026-05-03T06:52:48.288+0000] {processor.py:153} INFO - Started process (PID=904) to work on /home/airflow/.local/lib/python3.7/site-packages/airflow/example_dags/example_branch_operator.py
[2026-05-03T06:52:48.289+0000] {processor.py:743} INFO - Processing file /home/airflow/.local/lib/python3.7/site-packages/airflow/example_dags/example_branch_operator.py for tasks to queue
[2026-05-03T06:52:48.290+0000] {logging_mixin.py:137} INFO - [2026-05-03T06:52:48.290+0000] {dagbag.py:538} INFO - Filling up the DagBag from /home/airflow/.local/lib/python3.7/site-packages/airflow/example_dags/example_branch_operator.py
[2026-05-03T06:52:48.303+0000] {processor.py:753} INFO - DAG(s) dict_keys(['example_branch_operator']) retrieved from /home/airflow/.local/lib/python3.7/site-packages/airflow/example_dags/example_branch_operator.py
[2026-05-03T06:52:48.326+0000] {logging_mixin.py:137} INFO - [2026-05-03T06:52:48.325+0000] {dag.py:2690} INFO - Sync 1 DAGs
[2026-05-03T06:52:48.348+0000] {logging_mixin.py:137} INFO - [2026-05-03T06:52:48.348+0000] {dag.py:3441} INFO - Setting next_dagrun for example_branch_operator to 2026-05-02T00:00:00+00:00, run_after=2026-05-03T00:00:00+00:00
[2026-05-03T06:52:48.367+0000] {processor.py:175} INFO - Processing /home/airflow/.local/lib/python3.7/site-packages/airflow/example_dags/example_branch_operator.py took 0.082 seconds
[2026-05-03T06:53:18.691+0000] {processor.py:153} INFO - Started process (PID=992) to work on /home/airflow/.local/lib/python3.7/site-packages/airflow/example_dags/example_branch_operator.py
[2026-05-03T06:53:18.693+0000] {processor.py:743} INFO - Processing file /home/airflow/.local/lib/python3.7/site-packages/airflow/example_dags/example_branch_operator.py for tasks to queue
[2026-05-03T06:53:18.694+0000] {logging_mixin.py:137} INFO - [2026-05-03T06:53:18.694+0000] {dagbag.py:538} INFO - Filling up the DagBag from /home/airflow/.local/lib/python3.7/site-packages/airflow/example_dags/example_branch_operator.py
[2026-05-03T06:53:18.724+0000] {processor.py:753} INFO - DAG(s) dict_keys(['example_branch_operator']) retrieved from /home/airflow/.local/lib/python3.7/site-packages/airflow/example_dags/example_branch_operator.py
[2026-05-03T06:53:18.767+0000] {logging_mixin.py:137} INFO - [2026-05-03T06:53:18.767+0000] {dag.py:2690} INFO - Sync 1 DAGs
[2026-05-03T06:53:18.807+0000] {logging_mixin.py:137} INFO - [2026-05-03T06:53:18.807+0000] {dag.py:3441} INFO - Setting next_dagrun for example_branch_operator to 2026-05-02T00:00:00+00:00, run_after=2026-05-03T00:00:00+00:00
[2026-05-03T06:53:18.844+0000] {processor.py:175} INFO - Processing /home/airflow/.local/lib/python3.7/site-packages/airflow/example_dags/example_branch_operator.py took 0.161 seconds
[2026-05-03T06:53:49.349+0000] {processor.py:153} INFO - Started process (PID=1104) to work on /home/airflow/.local/lib/python3.7/site-packages/airflow/example_dags/example_branch_operator.py
[2026-05-03T06:53:49.351+0000] {processor.py:743} INFO - Processing file /home/airflow/.local/lib/python3.7/site-packages/airflow/example_dags/example_branch_operator.py for tasks to queue
[2026-05-03T06:53:49.353+0000] {logging_mixin.py:137} INFO - [2026-05-03T06:53:49.353+0000] {dagbag.py:538} INFO - Filling up the DagBag from /home/airflow/.local/lib/python3.7/site-packages/airflow/example_dags/example_branch_operator.py
[2026-05-03T06:53:49.386+0000] {processor.py:753} INFO - DAG(s) dict_keys(['example_branch_operator']) retrieved from /home/airflow/.local/lib/python3.7/site-packages/airflow/example_dags/example_branch_operator.py
[2026-05-03T06:53:49.434+0000] {logging_mixin.py:137} INFO - [2026-05-03T06:53:49.434+0000] {dag.py:2690} INFO - Sync 1 DAGs
[2026-05-03T06:53:49.475+0000] {logging_mixin.py:137} INFO - [2026-05-03T06:53:49.475+0000] {dag.py:3441} INFO - Setting next_dagrun for example_branch_operator to 2026-05-02T00:00:00+00:00, run_after=2026-05-03T00:00:00+00:00
[2026-05-03T06:53:49.523+0000] {processor.py:175} INFO - Processing /home/airflow/.local/lib/python3.7/site-packages/airflow/example_dags/example_branch_operator.py took 0.179 seconds
[2026-05-03T10:29:45.387+0000] {processor.py:153} INFO - Started process (PID=105) to work on /home/airflow/.local/lib/python3.7/site-packages/airflow/example_dags/example_branch_operator.py
[2026-05-03T10:29:45.389+0000] {processor.py:743} INFO - Processing file /home/airflow/.local/lib/python3.7/site-packages/airflow/example_dags/example_branch_operator.py for tasks to queue
[2026-05-03T10:29:45.390+0000] {logging_mixin.py:137} INFO - [2026-05-03T10:29:45.390+0000] {dagbag.py:538} INFO - Filling up the DagBag from /home/airflow/.local/lib/python3.7/site-packages/airflow/example_dags/example_branch_operator.py
[2026-05-03T10:29:45.406+0000] {processor.py:753} INFO - DAG(s) dict_keys(['example_branch_operator']) retrieved from /home/airflow/.local/lib/python3.7/site-packages/airflow/example_dags/example_branch_operator.py
[2026-05-03T10:29:45.422+0000] {logging_mixin.py:137} INFO - [2026-05-03T10:29:45.421+0000] {dag.py:2690} INFO - Sync 1 DAGs
[2026-05-03T10:29:45.450+0000] {logging_mixin.py:137} INFO - [2026-05-03T10:29:45.450+0000] {dag.py:3441} INFO - Setting next_dagrun for example_branch_operator to 2026-05-02T00:00:00+00:00, run_after=2026-05-03T00:00:00+00:00
[2026-05-03T10:29:45.472+0000] {processor.py:175} INFO - Processing /home/airflow/.local/lib/python3.7/site-packages/airflow/example_dags/example_branch_operator.py took 0.089 seconds
[2026-05-03T10:30:17.436+0000] {processor.py:153} INFO - Started process (PID=193) to work on /home/airflow/.local/lib/python3.7/site-packages/airflow/example_dags/example_branch_operator.py
[2026-05-03T10:30:17.438+0000] {processor.py:743} INFO - Processing file /home/airflow/.local/lib/python3.7/site-packages/airflow/example_dags/example_branch_operator.py for tasks to queue
[2026-05-03T10:30:17.440+0000] {logging_mixin.py:137} INFO - [2026-05-03T10:30:17.440+0000] {dagbag.py:538} INFO - Filling up the DagBag from /home/airflow/.local/lib/python3.7/site-packages/airflow/example_dags/example_branch_operator.py
[2026-05-03T10:30:17.466+0000] {processor.py:753} INFO - DAG(s) dict_keys(['example_branch_operator']) retrieved from /home/airflow/.local/lib/python3.7/site-packages/airflow/example_dags/example_branch_operator.py
[2026-05-03T10:30:17.506+0000] {logging_mixin.py:137} INFO - [2026-05-03T10:30:17.506+0000] {dag.py:2690} INFO - Sync 1 DAGs
[2026-05-03T10:30:17.545+0000] {logging_mixin.py:137} INFO - [2026-05-03T10:30:17.545+0000] {dag.py:3441} INFO - Setting next_dagrun for example_branch_operator to 2026-05-02T00:00:00+00:00, run_after=2026-05-03T00:00:00+00:00
[2026-05-03T10:30:17.581+0000] {processor.py:175} INFO - Processing /home/airflow/.local/lib/python3.7/site-packages/airflow/example_dags/example_branch_operator.py took 0.153 seconds
[2026-05-03T10:30:47.661+0000] {processor.py:153} INFO - Started process (PID=306) to work on /home/airflow/.local/lib/python3.7/site-packages/airflow/example_dags/example_branch_operator.py
[2026-05-03T10:30:47.662+0000] {processor.py:743} INFO - Processing file /home/airflow/.local/lib/python3.7/site-packages/airflow/example_dags/example_branch_operator.py for tasks to queue
[2026-05-03T10:30:47.663+0000] {logging_mixin.py:137} INFO - [2026-05-03T10:30:47.663+0000] {dagbag.py:538} INFO - Filling up the DagBag from /home/airflow/.local/lib/python3.7/site-packages/airflow/example_dags/example_branch_operator.py
[2026-05-03T10:30:47.683+0000] {processor.py:753} INFO - DAG(s) dict_keys(['example_branch_operator']) retrieved from /home/airflow/.local/lib/python3.7/site-packages/airflow/example_dags/example_branch_operator.py
[2026-05-03T10:30:47.705+0000] {logging_mixin.py:137} INFO - [2026-05-03T10:30:47.705+0000] {dag.py:2690} INFO - Sync 1 DAGs
[2026-05-03T10:30:47.734+0000] {logging_mixin.py:137} INFO - [2026-05-03T10:30:47.733+0000] {dag.py:3441} INFO - Setting next_dagrun for example_branch_operator to 2026-05-02T00:00:00+00:00, run_after=2026-05-03T00:00:00+00:00
[2026-05-03T10:30:47.758+0000] {processor.py:175} INFO - Processing /home/airflow/.local/lib/python3.7/site-packages/airflow/example_dags/example_branch_operator.py took 0.100 seconds
[2026-05-03T10:31:18.242+0000] {processor.py:153} INFO - Started process (PID=394) to work on /home/airflow/.local/lib/python3.7/site-packages/airflow/example_dags/example_branch_operator.py
[2026-05-03T10:31:18.244+0000] {processor.py:743} INFO - Processing file /home/airflow/.local/lib/python3.7/site-packages/airflow/example_dags/example_branch_operator.py for tasks to queue
[2026-05-03T10:31:18.246+0000] {logging_mixin.py:137} INFO - [2026-05-03T10:31:18.246+0000] {dagbag.py:538} INFO - Filling up the DagBag from /home/airflow/.local/lib/python3.7/site-packages/airflow/example_dags/example_branch_operator.py
[2026-05-03T10:31:18.275+0000] {processor.py:753} INFO - DAG(s) dict_keys(['example_branch_operator']) retrieved from /home/airflow/.local/lib/python3.7/site-packages/airflow/example_dags/example_branch_operator.py
[2026-05-03T10:31:18.305+0000] {logging_mixin.py:137} INFO - [2026-05-03T10:31:18.304+0000] {dag.py:2690} INFO - Sync 1 DAGs
[2026-05-03T10:31:18.338+0000] {logging_mixin.py:137} INFO - [2026-05-03T10:31:18.337+0000] {dag.py:3441} INFO - Setting next_dagrun for example_branch_operator to 2026-05-02T00:00:00+00:00, run_after=2026-05-03T00:00:00+00:00
[2026-05-03T10:31:18.370+0000] {processor.py:175} INFO - Processing /home/airflow/.local/lib/python3.7/site-packages/airflow/example_dags/example_branch_operator.py took 0.135 seconds
[2026-05-03T10:31:48.907+0000] {processor.py:153} INFO - Started process (PID=506) to work on /home/airflow/.local/lib/python3.7/site-packages/airflow/example_dags/example_branch_operator.py
[2026-05-03T10:31:48.908+0000] {processor.py:743} INFO - Processing file /home/airflow/.local/lib/python3.7/site-packages/airflow/example_dags/example_branch_operator.py for tasks to queue
[2026-05-03T10:31:48.909+0000] {logging_mixin.py:137} INFO - [2026-05-03T10:31:48.909+0000] {dagbag.py:538} INFO - Filling up the DagBag from /home/airflow/.local/lib/python3.7/site-packages/airflow/example_dags/example_branch_operator.py
[2026-05-03T10:31:48.927+0000] {processor.py:753} INFO - DAG(s) dict_keys(['example_branch_operator']) retrieved from /home/airflow/.local/lib/python3.7/site-packages/airflow/example_dags/example_branch_operator.py
[2026-05-03T10:31:48.960+0000] {logging_mixin.py:137} INFO - [2026-05-03T10:31:48.960+0000] {dag.py:2690} INFO - Sync 1 DAGs
[2026-05-03T10:31:48.991+0000] {logging_mixin.py:137} INFO - [2026-05-03T10:31:48.990+0000] {dag.py:3441} INFO - Setting next_dagrun for example_branch_operator to 2026-05-02T00:00:00+00:00, run_after=2026-05-03T00:00:00+00:00
[2026-05-03T10:31:49.027+0000] {processor.py:175} INFO - Processing /home/airflow/.local/lib/python3.7/site-packages/airflow/example_dags/example_branch_operator.py took 0.127 seconds
[2026-05-03T10:32:20.095+0000] {processor.py:153} INFO - Started process (PID=594) to work on /home/airflow/.local/lib/python3.7/site-packages/airflow/example_dags/example_branch_operator.py
[2026-05-03T10:32:20.097+0000] {processor.py:743} INFO - Processing file /home/airflow/.local/lib/python3.7/site-packages/airflow/example_dags/example_branch_operator.py for tasks to queue
[2026-05-03T10:32:20.098+0000] {logging_mixin.py:137} INFO - [2026-05-03T10:32:20.097+0000] {dagbag.py:538} INFO - Filling up the DagBag from /home/airflow/.local/lib/python3.7/site-packages/airflow/example_dags/example_branch_operator.py
[2026-05-03T10:32:20.111+0000] {processor.py:753} INFO - DAG(s) dict_keys(['example_branch_operator']) retrieved from /home/airflow/.local/lib/python3.7/site-packages/airflow/example_dags/example_branch_operator.py
[2026-05-03T10:32:20.136+0000] {logging_mixin.py:137} INFO - [2026-05-03T10:32:20.136+0000] {dag.py:2690} INFO - Sync 1 DAGs
[2026-05-03T10:32:20.160+0000] {logging_mixin.py:137} INFO - [2026-05-03T10:32:20.159+0000] {dag.py:3441} INFO - Setting next_dagrun for example_branch_operator to 2026-05-02T00:00:00+00:00, run_after=2026-05-03T00:00:00+00:00
[2026-05-03T10:32:20.182+0000] {processor.py:175} INFO - Processing /home/airflow/.local/lib/python3.7/site-packages/airflow/example_dags/example_branch_operator.py took 0.089 seconds
[2026-05-03T10:32:50.815+0000] {processor.py:153} INFO - Started process (PID=706) to work on /home/airflow/.local/lib/python3.7/site-packages/airflow/example_dags/example_branch_operator.py
[2026-05-03T10:32:50.819+0000] {processor.py:743} INFO - Processing file /home/airflow/.local/lib/python3.7/site-packages/airflow/example_dags/example_branch_operator.py for tasks to queue
[2026-05-03T10:32:50.822+0000] {logging_mixin.py:137} INFO - [2026-05-03T10:32:50.822+0000] {dagbag.py:538} INFO - Filling up the DagBag from /home/airflow/.local/lib/python3.7/site-packages/airflow/example_dags/example_branch_operator.py
[2026-05-03T10:32:50.851+0000] {processor.py:753} INFO - DAG(s) dict_keys(['example_branch_operator']) retrieved from /home/airflow/.local/lib/python3.7/site-packages/airflow/example_dags/example_branch_operator.py
[2026-05-03T10:32:50.900+0000] {logging_mixin.py:137} INFO - [2026-05-03T10:32:50.900+0000] {dag.py:2690} INFO - Sync 1 DAGs
[2026-05-03T10:32:50.945+0000] {logging_mixin.py:137} INFO - [2026-05-03T10:32:50.945+0000] {dag.py:3441} INFO - Setting next_dagrun for example_branch_operator to 2026-05-02T00:00:00+00:00, run_after=2026-05-03T00:00:00+00:00
[2026-05-03T10:32:50.978+0000] {processor.py:175} INFO - Processing /home/airflow/.local/lib/python3.7/site-packages/airflow/example_dags/example_branch_operator.py took 0.171 seconds
[2026-05-03T10:33:21.657+0000] {processor.py:153} INFO - Started process (PID=794) to work on /home/airflow/.local/lib/python3.7/site-packages/airflow/example_dags/example_branch_operator.py
[2026-05-03T10:33:21.660+0000] {processor.py:743} INFO - Processing file /home/airflow/.local/lib/python3.7/site-packages/airflow/example_dags/example_branch_operator.py for tasks to queue
[2026-05-03T10:33:21.663+0000] {logging_mixin.py:137} INFO - [2026-05-03T10:33:21.663+0000] {dagbag.py:538} INFO - Filling up the DagBag from /home/airflow/.local/lib/python3.7/site-packages/airflow/example_dags/example_branch_operator.py
[2026-05-03T10:33:21.700+0000] {processor.py:753} INFO - DAG(s) dict_keys(['example_branch_operator']) retrieved from /home/airflow/.local/lib/python3.7/site-packages/airflow/example_dags/example_branch_operator.py
[2026-05-03T10:33:21.748+0000] {logging_mixin.py:137} INFO - [2026-05-03T10:33:21.748+0000] {dag.py:2690} INFO - Sync 1 DAGs
[2026-05-03T10:33:21.793+0000] {logging_mixin.py:137} INFO - [2026-05-03T10:33:21.792+0000] {dag.py:3441} INFO - Setting next_dagrun for example_branch_operator to 2026-05-02T00:00:00+00:00, run_after=2026-05-03T00:00:00+00:00
[2026-05-03T10:33:21.845+0000] {processor.py:175} INFO - Processing /home/airflow/.local/lib/python3.7/site-packages/airflow/example_dags/example_branch_operator.py took 0.196 seconds
[2026-05-03T10:33:52.869+0000] {processor.py:153} INFO - Started process (PID=882) to work on /home/airflow/.local/lib/python3.7/site-packages/airflow/example_dags/example_branch_operator.py
[2026-05-03T10:33:52.909+0000] {processor.py:743} INFO - Processing file /home/airflow/.local/lib/python3.7/site-packages/airflow/example_dags/example_branch_operator.py for tasks to queue
[2026-05-03T10:33:52.913+0000] {logging_mixin.py:137} INFO - [2026-05-03T10:33:52.912+0000] {dagbag.py:538} INFO - Filling up the DagBag from /home/airflow/.local/lib/python3.7/site-packages/airflow/example_dags/example_branch_operator.py
[2026-05-03T10:33:52.954+0000] {processor.py:753} INFO - DAG(s) dict_keys(['example_branch_operator']) retrieved from /home/airflow/.local/lib/python3.7/site-packages/airflow/example_dags/example_branch_operator.py
[2026-05-03T10:33:53.012+0000] {logging_mixin.py:137} INFO - [2026-05-03T10:33:53.011+0000] {dag.py:2690} INFO - Sync 1 DAGs
[2026-05-03T10:33:53.072+0000] {logging_mixin.py:137} INFO - [2026-05-03T10:33:53.071+0000] {dag.py:3441} INFO - Setting next_dagrun for example_branch_operator to 2026-05-02T00:00:00+00:00, run_after=2026-05-03T00:00:00+00:00
[2026-05-03T10:33:53.131+0000] {processor.py:175} INFO - Processing /home/airflow/.local/lib/python3.7/site-packages/airflow/example_dags/example_branch_operator.py took 0.270 seconds
[2026-05-03T10:34:23.189+0000] {processor.py:153} INFO - Started process (PID=995) to work on /home/airflow/.local/lib/python3.7/site-packages/airflow/example_dags/example_branch_operator.py
[2026-05-03T10:34:23.191+0000] {processor.py:743} INFO - Processing file /home/airflow/.local/lib/python3.7/site-packages/airflow/example_dags/example_branch_operator.py for tasks to queue
[2026-05-03T10:34:23.193+0000] {logging_mixin.py:137} INFO - [2026-05-03T10:34:23.192+0000] {dagbag.py:538} INFO - Filling up the DagBag from /home/airflow/.local/lib/python3.7/site-packages/airflow/example_dags/example_branch_operator.py
[2026-05-03T10:34:23.221+0000] {processor.py:753} INFO - DAG(s) dict_keys(['example_branch_operator']) retrieved from /home/airflow/.local/lib/python3.7/site-packages/airflow/example_dags/example_branch_operator.py
[2026-05-03T10:34:23.263+0000] {logging_mixin.py:137} INFO - [2026-05-03T10:34:23.262+0000] {dag.py:2690} INFO - Sync 1 DAGs
[2026-05-03T10:34:23.310+0000] {logging_mixin.py:137} INFO - [2026-05-03T10:34:23.310+0000] {dag.py:3441} INFO - Setting next_dagrun for example_branch_operator to 2026-05-02T00:00:00+00:00, run_after=2026-05-03T00:00:00+00:00
[2026-05-03T10:34:23.346+0000] {processor.py:175} INFO - Processing /home/airflow/.local/lib/python3.7/site-packages/airflow/example_dags/example_branch_operator.py took 0.163 seconds
[2026-05-03T10:34:53.830+0000] {processor.py:153} INFO - Started process (PID=1082) to work on /home/airflow/.local/lib/python3.7/site-packages/airflow/example_dags/example_branch_operator.py
[2026-05-03T10:34:53.832+0000] {processor.py:743} INFO - Processing file /home/airflow/.local/lib/python3.7/site-packages/airflow/example_dags/example_branch_operator.py for tasks to queue
[2026-05-03T10:34:53.833+0000] {logging_mixin.py:137} INFO - [2026-05-03T10:34:53.833+0000] {dagbag.py:538} INFO - Filling up the DagBag from /home/airflow/.local/lib/python3.7/site-packages/airflow/example_dags/example_branch_operator.py
[2026-05-03T10:34:53.856+0000] {processor.py:753} INFO - DAG(s) dict_keys(['example_branch_operator']) retrieved from /home/airflow/.local/lib/python3.7/site-packages/airflow/example_dags/example_branch_operator.py
[2026-05-03T10:34:53.896+0000] {logging_mixin.py:137} INFO - [2026-05-03T10:34:53.896+0000] {dag.py:2690} INFO - Sync 1 DAGs
[2026-05-03T10:34:53.933+0000] {logging_mixin.py:137} INFO - [2026-05-03T10:34:53.933+0000] {dag.py:3441} INFO - Setting next_dagrun for example_branch_operator to 2026-05-02T00:00:00+00:00, run_after=2026-05-03T00:00:00+00:00
[2026-05-03T10:34:53.970+0000] {processor.py:175} INFO - Processing /home/airflow/.local/lib/python3.7/site-packages/airflow/example_dags/example_branch_operator.py took 0.147 seconds
[2026-05-03T10:35:24.659+0000] {processor.py:153} INFO - Started process (PID=1170) to work on /home/airflow/.local/lib/python3.7/site-packages/airflow/example_dags/example_branch_operator.py
[2026-05-03T10:35:24.665+0000] {processor.py:743} INFO - Processing file /home/airflow/.local/lib/python3.7/site-packages/airflow/example_dags/example_branch_operator.py for tasks to queue
[2026-05-03T10:35:24.669+0000] {logging_mixin.py:137} INFO - [2026-05-03T10:35:24.669+0000] {dagbag.py:538} INFO - Filling up the DagBag from /home/airflow/.local/lib/python3.7/site-packages/airflow/example_dags/example_branch_operator.py
[2026-05-03T10:35:24.700+0000] {processor.py:753} INFO - DAG(s) dict_keys(['example_branch_operator']) retrieved from /home/airflow/.local/lib/python3.7/site-packages/airflow/example_dags/example_branch_operator.py
[2026-05-03T10:35:24.753+0000] {logging_mixin.py:137} INFO - [2026-05-03T10:35:24.752+0000] {dag.py:2690} INFO - Sync 1 DAGs
[2026-05-03T10:35:24.810+0000] {logging_mixin.py:137} INFO - [2026-05-03T10:35:24.810+0000] {dag.py:3441} INFO - Setting next_dagrun for example_branch_operator to 2026-05-02T00:00:00+00:00, run_after=2026-05-03T00:00:00+00:00
[2026-05-03T10:35:24.852+0000] {processor.py:175} INFO - Processing /home/airflow/.local/lib/python3.7/site-packages/airflow/example_dags/example_branch_operator.py took 0.200 seconds
[2026-05-03T10:35:56.336+0000] {processor.py:153} INFO - Started process (PID=1267) to work on /home/airflow/.local/lib/python3.7/site-packages/airflow/example_dags/example_branch_operator.py
[2026-05-03T10:35:56.339+0000] {processor.py:743} INFO - Processing file /home/airflow/.local/lib/python3.7/site-packages/airflow/example_dags/example_branch_operator.py for tasks to queue
[2026-05-03T10:35:56.341+0000] {logging_mixin.py:137} INFO - [2026-05-03T10:35:56.341+0000] {dagbag.py:538} INFO - Filling up the DagBag from /home/airflow/.local/lib/python3.7/site-packages/airflow/example_dags/example_branch_operator.py
[2026-05-03T10:35:56.379+0000] {processor.py:753} INFO - DAG(s) dict_keys(['example_branch_operator']) retrieved from /home/airflow/.local/lib/python3.7/site-packages/airflow/example_dags/example_branch_operator.py
[2026-05-03T10:35:56.444+0000] {logging_mixin.py:137} INFO - [2026-05-03T10:35:56.443+0000] {dag.py:2690} INFO - Sync 1 DAGs
[2026-05-03T10:35:56.502+0000] {logging_mixin.py:137} INFO - [2026-05-03T10:35:56.502+0000] {dag.py:3441} INFO - Setting next_dagrun for example_branch_operator to 2026-05-02T00:00:00+00:00, run_after=2026-05-03T00:00:00+00:00
[2026-05-03T10:35:56.539+0000] {processor.py:175} INFO - Processing /home/airflow/.local/lib/python3.7/site-packages/airflow/example_dags/example_branch_operator.py took 0.211 seconds
[2026-05-03T10:36:26.595+0000] {processor.py:153} INFO - Started process (PID=1369) to work on /home/airflow/.local/lib/python3.7/site-packages/airflow/example_dags/example_branch_operator.py
[2026-05-03T10:36:26.597+0000] {processor.py:743} INFO - Processing file /home/airflow/.local/lib/python3.7/site-packages/airflow/example_dags/example_branch_operator.py for tasks to queue
[2026-05-03T10:36:26.598+0000] {logging_mixin.py:137} INFO - [2026-05-03T10:36:26.598+0000] {dagbag.py:538} INFO - Filling up the DagBag from /home/airflow/.local/lib/python3.7/site-packages/airflow/example_dags/example_branch_operator.py
[2026-05-03T10:36:26.623+0000] {processor.py:753} INFO - DAG(s) dict_keys(['example_branch_operator']) retrieved from /home/airflow/.local/lib/python3.7/site-packages/airflow/example_dags/example_branch_operator.py
[2026-05-03T10:36:26.664+0000] {logging_mixin.py:137} INFO - [2026-05-03T10:36:26.664+0000] {dag.py:2690} INFO - Sync 1 DAGs
[2026-05-03T10:36:26.703+0000] {logging_mixin.py:137} INFO - [2026-05-03T10:36:26.703+0000] {dag.py:3441} INFO - Setting next_dagrun for example_branch_operator to 2026-05-02T00:00:00+00:00, run_after=2026-05-03T00:00:00+00:00
[2026-05-03T10:36:26.741+0000] {processor.py:175} INFO - Processing /home/airflow/.local/lib/python3.7/site-packages/airflow/example_dags/example_branch_operator.py took 0.151 seconds
[2026-05-03T10:36:57.694+0000] {processor.py:153} INFO - Started process (PID=1457) to work on /home/airflow/.local/lib/python3.7/site-packages/airflow/example_dags/example_branch_operator.py
[2026-05-03T10:36:57.697+0000] {processor.py:743} INFO - Processing file /home/airflow/.local/lib/python3.7/site-packages/airflow/example_dags/example_branch_operator.py for tasks to queue
[2026-05-03T10:36:57.698+0000] {logging_mixin.py:137} INFO - [2026-05-03T10:36:57.698+0000] {dagbag.py:538} INFO - Filling up the DagBag from /home/airflow/.local/lib/python3.7/site-packages/airflow/example_dags/example_branch_operator.py
[2026-05-03T10:36:57.727+0000] {processor.py:753} INFO - DAG(s) dict_keys(['example_branch_operator']) retrieved from /home/airflow/.local/lib/python3.7/site-packages/airflow/example_dags/example_branch_operator.py
[2026-05-03T10:36:57.774+0000] {logging_mixin.py:137} INFO - [2026-05-03T10:36:57.774+0000] {dag.py:2690} INFO - Sync 1 DAGs
[2026-05-03T10:36:57.824+0000] {logging_mixin.py:137} INFO - [2026-05-03T10:36:57.824+0000] {dag.py:3441} INFO - Setting next_dagrun for example_branch_operator to 2026-05-02T00:00:00+00:00, run_after=2026-05-03T00:00:00+00:00
[2026-05-03T10:36:57.876+0000] {processor.py:175} INFO - Processing /home/airflow/.local/lib/python3.7/site-packages/airflow/example_dags/example_branch_operator.py took 0.187 seconds
[2026-05-03T10:37:28.521+0000] {processor.py:153} INFO - Started process (PID=1544) to work on /home/airflow/.local/lib/python3.7/site-packages/airflow/example_dags/example_branch_operator.py
[2026-05-03T10:37:28.523+0000] {processor.py:743} INFO - Processing file /home/airflow/.local/lib/python3.7/site-packages/airflow/example_dags/example_branch_operator.py for tasks to queue
[2026-05-03T10:37:28.526+0000] {logging_mixin.py:137} INFO - [2026-05-03T10:37:28.525+0000] {dagbag.py:538} INFO - Filling up the DagBag from /home/airflow/.local/lib/python3.7/site-packages/airflow/example_dags/example_branch_operator.py
[2026-05-03T10:37:28.551+0000] {processor.py:753} INFO - DAG(s) dict_keys(['example_branch_operator']) retrieved from /home/airflow/.local/lib/python3.7/site-packages/airflow/example_dags/example_branch_operator.py
[2026-05-03T10:37:28.603+0000] {logging_mixin.py:137} INFO - [2026-05-03T10:37:28.602+0000] {dag.py:2690} INFO - Sync 1 DAGs
[2026-05-03T10:37:28.652+0000] {logging_mixin.py:137} INFO - [2026-05-03T10:37:28.652+0000] {dag.py:3441} INFO - Setting next_dagrun for example_branch_operator to 2026-05-02T00:00:00+00:00, run_after=2026-05-03T00:00:00+00:00
[2026-05-03T10:37:28.699+0000] {processor.py:175} INFO - Processing /home/airflow/.local/lib/python3.7/site-packages/airflow/example_dags/example_branch_operator.py took 0.185 seconds
[2026-05-03T10:37:59.193+0000] {processor.py:153} INFO - Started process (PID=1656) to work on /home/airflow/.local/lib/python3.7/site-packages/airflow/example_dags/example_branch_operator.py
[2026-05-03T10:37:59.205+0000] {processor.py:743} INFO - Processing file /home/airflow/.local/lib/python3.7/site-packages/airflow/example_dags/example_branch_operator.py for tasks to queue
[2026-05-03T10:37:59.207+0000] {logging_mixin.py:137} INFO - [2026-05-03T10:37:59.206+0000] {dagbag.py:538} INFO - Filling up the DagBag from /home/airflow/.local/lib/python3.7/site-packages/airflow/example_dags/example_branch_operator.py
[2026-05-03T10:37:59.240+0000] {processor.py:753} INFO - DAG(s) dict_keys(['example_branch_operator']) retrieved from /home/airflow/.local/lib/python3.7/site-packages/airflow/example_dags/example_branch_operator.py
[2026-05-03T10:37:59.292+0000] {logging_mixin.py:137} INFO - [2026-05-03T10:37:59.292+0000] {dag.py:2690} INFO - Sync 1 DAGs
[2026-05-03T10:37:59.329+0000] {logging_mixin.py:137} INFO - [2026-05-03T10:37:59.329+0000] {dag.py:3441} INFO - Setting next_dagrun for example_branch_operator to 2026-05-02T00:00:00+00:00, run_after=2026-05-03T00:00:00+00:00
[2026-05-03T10:37:59.362+0000] {processor.py:175} INFO - Processing /home/airflow/.local/lib/python3.7/site-packages/airflow/example_dags/example_branch_operator.py took 0.179 seconds
[2026-05-03T10:38:30.032+0000] {processor.py:153} INFO - Started process (PID=1744) to work on /home/airflow/.local/lib/python3.7/site-packages/airflow/example_dags/example_branch_operator.py
[2026-05-03T10:38:30.033+0000] {processor.py:743} INFO - Processing file /home/airflow/.local/lib/python3.7/site-packages/airflow/example_dags/example_branch_operator.py for tasks to queue
[2026-05-03T10:38:30.035+0000] {logging_mixin.py:137} INFO - [2026-05-03T10:38:30.035+0000] {dagbag.py:538} INFO - Filling up the DagBag from /home/airflow/.local/lib/python3.7/site-packages/airflow/example_dags/example_branch_operator.py
[2026-05-03T10:38:30.061+0000] {processor.py:753} INFO - DAG(s) dict_keys(['example_branch_operator']) retrieved from /home/airflow/.local/lib/python3.7/site-packages/airflow/example_dags/example_branch_operator.py
[2026-05-03T10:38:30.106+0000] {logging_mixin.py:137} INFO - [2026-05-03T10:38:30.106+0000] {dag.py:2690} INFO - Sync 1 DAGs
[2026-05-03T10:38:30.150+0000] {logging_mixin.py:137} INFO - [2026-05-03T10:38:30.150+0000] {dag.py:3441} INFO - Setting next_dagrun for example_branch_operator to 2026-05-02T00:00:00+00:00, run_after=2026-05-03T00:00:00+00:00
[2026-05-03T10:38:30.199+0000] {processor.py:175} INFO - Processing /home/airflow/.local/lib/python3.7/site-packages/airflow/example_dags/example_branch_operator.py took 0.172 seconds
[2026-05-03T10:39:00.693+0000] {processor.py:153} INFO - Started process (PID=1832) to work on /home/airflow/.local/lib/python3.7/site-packages/airflow/example_dags/example_branch_operator.py
[2026-05-03T10:39:00.695+0000] {processor.py:743} INFO - Processing file /home/airflow/.local/lib/python3.7/site-packages/airflow/example_dags/example_branch_operator.py for tasks to queue
[2026-05-03T10:39:00.697+0000] {logging_mixin.py:137} INFO - [2026-05-03T10:39:00.697+0000] {dagbag.py:538} INFO - Filling up the DagBag from /home/airflow/.local/lib/python3.7/site-packages/airflow/example_dags/example_branch_operator.py
[2026-05-03T10:39:00.724+0000] {processor.py:753} INFO - DAG(s) dict_keys(['example_branch_operator']) retrieved from /home/airflow/.local/lib/python3.7/site-packages/airflow/example_dags/example_branch_operator.py
[2026-05-03T10:39:00.775+0000] {logging_mixin.py:137} INFO - [2026-05-03T10:39:00.775+0000] {dag.py:2690} INFO - Sync 1 DAGs
[2026-05-03T10:39:00.816+0000] {logging_mixin.py:137} INFO - [2026-05-03T10:39:00.816+0000] {dag.py:3441} INFO - Setting next_dagrun for example_branch_operator to 2026-05-02T00:00:00+00:00, run_after=2026-05-03T00:00:00+00:00
[2026-05-03T10:39:00.869+0000] {processor.py:175} INFO - Processing /home/airflow/.local/lib/python3.7/site-packages/airflow/example_dags/example_branch_operator.py took 0.181 seconds
[2026-05-03T10:39:31.608+0000] {processor.py:153} INFO - Started process (PID=1927) to work on /home/airflow/.local/lib/python3.7/site-packages/airflow/example_dags/example_branch_operator.py
[2026-05-03T10:39:31.609+0000] {processor.py:743} INFO - Processing file /home/airflow/.local/lib/python3.7/site-packages/airflow/example_dags/example_branch_operator.py for tasks to queue
[2026-05-03T10:39:31.611+0000] {logging_mixin.py:137} INFO - [2026-05-03T10:39:31.610+0000] {dagbag.py:538} INFO - Filling up the DagBag from /home/airflow/.local/lib/python3.7/site-packages/airflow/example_dags/example_branch_operator.py
[2026-05-03T10:39:31.634+0000] {processor.py:753} INFO - DAG(s) dict_keys(['example_branch_operator']) retrieved from /home/airflow/.local/lib/python3.7/site-packages/airflow/example_dags/example_branch_operator.py
[2026-05-03T10:39:31.678+0000] {logging_mixin.py:137} INFO - [2026-05-03T10:39:31.678+0000] {dag.py:2690} INFO - Sync 1 DAGs
[2026-05-03T10:39:31.715+0000] {logging_mixin.py:137} INFO - [2026-05-03T10:39:31.715+0000] {dag.py:3441} INFO - Setting next_dagrun for example_branch_operator to 2026-05-02T00:00:00+00:00, run_after=2026-05-03T00:00:00+00:00
[2026-05-03T10:39:31.752+0000] {processor.py:175} INFO - Processing /home/airflow/.local/lib/python3.7/site-packages/airflow/example_dags/example_branch_operator.py took 0.150 seconds
[2026-05-03T10:40:02.155+0000] {processor.py:153} INFO - Started process (PID=2032) to work on /home/airflow/.local/lib/python3.7/site-packages/airflow/example_dags/example_branch_operator.py
[2026-05-03T10:40:02.160+0000] {processor.py:743} INFO - Processing file /home/airflow/.local/lib/python3.7/site-packages/airflow/example_dags/example_branch_operator.py for tasks to queue
[2026-05-03T10:40:02.162+0000] {logging_mixin.py:137} INFO - [2026-05-03T10:40:02.162+0000] {dagbag.py:538} INFO - Filling up the DagBag from /home/airflow/.local/lib/python3.7/site-packages/airflow/example_dags/example_branch_operator.py
[2026-05-03T10:40:02.196+0000] {processor.py:753} INFO - DAG(s) dict_keys(['example_branch_operator']) retrieved from /home/airflow/.local/lib/python3.7/site-packages/airflow/example_dags/example_branch_operator.py
[2026-05-03T10:40:02.252+0000] {logging_mixin.py:137} INFO - [2026-05-03T10:40:02.252+0000] {dag.py:2690} INFO - Sync 1 DAGs
[2026-05-03T10:40:02.298+0000] {logging_mixin.py:137} INFO - [2026-05-03T10:40:02.297+0000] {dag.py:3441} INFO - Setting next_dagrun for example_branch_operator to 2026-05-02T00:00:00+00:00, run_after=2026-05-03T00:00:00+00:00
[2026-05-03T10:40:02.339+0000] {processor.py:175} INFO - Processing /home/airflow/.local/lib/python3.7/site-packages/airflow/example_dags/example_branch_operator.py took 0.192 seconds
[2026-05-03T10:40:32.744+0000] {processor.py:153} INFO - Started process (PID=2120) to work on /home/airflow/.local/lib/python3.7/site-packages/airflow/example_dags/example_branch_operator.py
[2026-05-03T10:40:32.747+0000] {processor.py:743} INFO - Processing file /home/airflow/.local/lib/python3.7/site-packages/airflow/example_dags/example_branch_operator.py for tasks to queue
[2026-05-03T10:40:32.748+0000] {logging_mixin.py:137} INFO - [2026-05-03T10:40:32.748+0000] {dagbag.py:538} INFO - Filling up the DagBag from /home/airflow/.local/lib/python3.7/site-packages/airflow/example_dags/example_branch_operator.py
[2026-05-03T10:40:32.770+0000] {processor.py:753} INFO - DAG(s) dict_keys(['example_branch_operator']) retrieved from /home/airflow/.local/lib/python3.7/site-packages/airflow/example_dags/example_branch_operator.py
[2026-05-03T10:40:32.827+0000] {logging_mixin.py:137} INFO - [2026-05-03T10:40:32.826+0000] {dag.py:2690} INFO - Sync 1 DAGs
[2026-05-03T10:40:32.866+0000] {logging_mixin.py:137} INFO - [2026-05-03T10:40:32.866+0000] {dag.py:3441} INFO - Setting next_dagrun for example_branch_operator to 2026-05-02T00:00:00+00:00, run_after=2026-05-03T00:00:00+00:00
[2026-05-03T10:40:32.909+0000] {processor.py:175} INFO - Processing /home/airflow/.local/lib/python3.7/site-packages/airflow/example_dags/example_branch_operator.py took 0.170 seconds
[2026-05-03T10:41:03.571+0000] {processor.py:153} INFO - Started process (PID=2208) to work on /home/airflow/.local/lib/python3.7/site-packages/airflow/example_dags/example_branch_operator.py
[2026-05-03T10:41:03.573+0000] {processor.py:743} INFO - Processing file /home/airflow/.local/lib/python3.7/site-packages/airflow/example_dags/example_branch_operator.py for tasks to queue
[2026-05-03T10:41:03.574+0000] {logging_mixin.py:137} INFO - [2026-05-03T10:41:03.574+0000] {dagbag.py:538} INFO - Filling up the DagBag from /home/airflow/.local/lib/python3.7/site-packages/airflow/example_dags/example_branch_operator.py
[2026-05-03T10:41:03.603+0000] {processor.py:753} INFO - DAG(s) dict_keys(['example_branch_operator']) retrieved from /home/airflow/.local/lib/python3.7/site-packages/airflow/example_dags/example_branch_operator.py
[2026-05-03T10:41:03.646+0000] {logging_mixin.py:137} INFO - [2026-05-03T10:41:03.646+0000] {dag.py:2690} INFO - Sync 1 DAGs
[2026-05-03T10:41:03.688+0000] {logging_mixin.py:137} INFO - [2026-05-03T10:41:03.687+0000] {dag.py:3441} INFO - Setting next_dagrun for example_branch_operator to 2026-05-02T00:00:00+00:00, run_after=2026-05-03T00:00:00+00:00
[2026-05-03T10:41:03.722+0000] {processor.py:175} INFO - Processing /home/airflow/.local/lib/python3.7/site-packages/airflow/example_dags/example_branch_operator.py took 0.156 seconds
[2026-05-03T10:41:33.818+0000] {processor.py:153} INFO - Started process (PID=2305) to work on /home/airflow/.local/lib/python3.7/site-packages/airflow/example_dags/example_branch_operator.py
[2026-05-03T10:41:33.820+0000] {processor.py:743} INFO - Processing file /home/airflow/.local/lib/python3.7/site-packages/airflow/example_dags/example_branch_operator.py for tasks to queue
[2026-05-03T10:41:33.822+0000] {logging_mixin.py:137} INFO - [2026-05-03T10:41:33.822+0000] {dagbag.py:538} INFO - Filling up the DagBag from /home/airflow/.local/lib/python3.7/site-packages/airflow/example_dags/example_branch_operator.py
[2026-05-03T10:41:33.850+0000] {processor.py:753} INFO - DAG(s) dict_keys(['example_branch_operator']) retrieved from /home/airflow/.local/lib/python3.7/site-packages/airflow/example_dags/example_branch_operator.py
[2026-05-03T10:41:33.898+0000] {logging_mixin.py:137} INFO - [2026-05-03T10:41:33.898+0000] {dag.py:2690} INFO - Sync 1 DAGs
[2026-05-03T10:41:33.945+0000] {logging_mixin.py:137} INFO - [2026-05-03T10:41:33.945+0000] {dag.py:3441} INFO - Setting next_dagrun for example_branch_operator to 2026-05-02T00:00:00+00:00, run_after=2026-05-03T00:00:00+00:00
[2026-05-03T10:41:33.986+0000] {processor.py:175} INFO - Processing /home/airflow/.local/lib/python3.7/site-packages/airflow/example_dags/example_branch_operator.py took 0.172 seconds
[2026-05-03T10:42:04.230+0000] {processor.py:153} INFO - Started process (PID=2407) to work on /home/airflow/.local/lib/python3.7/site-packages/airflow/example_dags/example_branch_operator.py
[2026-05-03T10:42:04.235+0000] {processor.py:743} INFO - Processing file /home/airflow/.local/lib/python3.7/site-packages/airflow/example_dags/example_branch_operator.py for tasks to queue
[2026-05-03T10:42:04.239+0000] {logging_mixin.py:137} INFO - [2026-05-03T10:42:04.239+0000] {dagbag.py:538} INFO - Filling up the DagBag from /home/airflow/.local/lib/python3.7/site-packages/airflow/example_dags/example_branch_operator.py
[2026-05-03T10:42:04.270+0000] {processor.py:753} INFO - DAG(s) dict_keys(['example_branch_operator']) retrieved from /home/airflow/.local/lib/python3.7/site-packages/airflow/example_dags/example_branch_operator.py
[2026-05-03T10:42:04.334+0000] {logging_mixin.py:137} INFO - [2026-05-03T10:42:04.334+0000] {dag.py:2690} INFO - Sync 1 DAGs
[2026-05-03T10:42:04.385+0000] {logging_mixin.py:137} INFO - [2026-05-03T10:42:04.384+0000] {dag.py:3441} INFO - Setting next_dagrun for example_branch_operator to 2026-05-02T00:00:00+00:00, run_after=2026-05-03T00:00:00+00:00
[2026-05-03T10:42:04.445+0000] {processor.py:175} INFO - Processing /home/airflow/.local/lib/python3.7/site-packages/airflow/example_dags/example_branch_operator.py took 0.223 seconds
[2026-05-03T10:42:34.713+0000] {processor.py:153} INFO - Started process (PID=2494) to work on /home/airflow/.local/lib/python3.7/site-packages/airflow/example_dags/example_branch_operator.py
[2026-05-03T10:42:34.718+0000] {processor.py:743} INFO - Processing file /home/airflow/.local/lib/python3.7/site-packages/airflow/example_dags/example_branch_operator.py for tasks to queue
[2026-05-03T10:42:34.720+0000] {logging_mixin.py:137} INFO - [2026-05-03T10:42:34.720+0000] {dagbag.py:538} INFO - Filling up the DagBag from /home/airflow/.local/lib/python3.7/site-packages/airflow/example_dags/example_branch_operator.py
[2026-05-03T10:42:34.761+0000] {processor.py:753} INFO - DAG(s) dict_keys(['example_branch_operator']) retrieved from /home/airflow/.local/lib/python3.7/site-packages/airflow/example_dags/example_branch_operator.py
[2026-05-03T10:42:34.828+0000] {logging_mixin.py:137} INFO - [2026-05-03T10:42:34.828+0000] {dag.py:2690} INFO - Sync 1 DAGs
[2026-05-03T10:42:34.882+0000] {logging_mixin.py:137} INFO - [2026-05-03T10:42:34.882+0000] {dag.py:3441} INFO - Setting next_dagrun for example_branch_operator to 2026-05-02T00:00:00+00:00, run_after=2026-05-03T00:00:00+00:00
[2026-05-03T10:42:34.929+0000] {processor.py:175} INFO - Processing /home/airflow/.local/lib/python3.7/site-packages/airflow/example_dags/example_branch_operator.py took 0.224 seconds
[2026-05-03T10:43:05.305+0000] {processor.py:153} INFO - Started process (PID=2582) to work on /home/airflow/.local/lib/python3.7/site-packages/airflow/example_dags/example_branch_operator.py
[2026-05-03T10:43:05.307+0000] {processor.py:743} INFO - Processing file /home/airflow/.local/lib/python3.7/site-packages/airflow/example_dags/example_branch_operator.py for tasks to queue
[2026-05-03T10:43:05.310+0000] {logging_mixin.py:137} INFO - [2026-05-03T10:43:05.310+0000] {dagbag.py:538} INFO - Filling up the DagBag from /home/airflow/.local/lib/python3.7/site-packages/airflow/example_dags/example_branch_operator.py
[2026-05-03T10:43:05.337+0000] {processor.py:753} INFO - DAG(s) dict_keys(['example_branch_operator']) retrieved from /home/airflow/.local/lib/python3.7/site-packages/airflow/example_dags/example_branch_operator.py
[2026-05-03T10:43:05.376+0000] {logging_mixin.py:137} INFO - [2026-05-03T10:43:05.376+0000] {dag.py:2690} INFO - Sync 1 DAGs
[2026-05-03T10:43:05.412+0000] {logging_mixin.py:137} INFO - [2026-05-03T10:43:05.412+0000] {dag.py:3441} INFO - Setting next_dagrun for example_branch_operator to 2026-05-02T00:00:00+00:00, run_after=2026-05-03T00:00:00+00:00
[2026-05-03T10:43:05.442+0000] {processor.py:175} INFO - Processing /home/airflow/.local/lib/python3.7/site-packages/airflow/example_dags/example_branch_operator.py took 0.144 seconds
[2026-05-03T10:43:36.445+0000] {processor.py:153} INFO - Started process (PID=2694) to work on /home/airflow/.local/lib/python3.7/site-packages/airflow/example_dags/example_branch_operator.py
[2026-05-03T10:43:36.448+0000] {processor.py:743} INFO - Processing file /home/airflow/.local/lib/python3.7/site-packages/airflow/example_dags/example_branch_operator.py for tasks to queue
[2026-05-03T10:43:36.450+0000] {logging_mixin.py:137} INFO - [2026-05-03T10:43:36.450+0000] {dagbag.py:538} INFO - Filling up the DagBag from /home/airflow/.local/lib/python3.7/site-packages/airflow/example_dags/example_branch_operator.py
[2026-05-03T10:43:36.475+0000] {processor.py:753} INFO - DAG(s) dict_keys(['example_branch_operator']) retrieved from /home/airflow/.local/lib/python3.7/site-packages/airflow/example_dags/example_branch_operator.py
[2026-05-03T10:43:36.521+0000] {logging_mixin.py:137} INFO - [2026-05-03T10:43:36.520+0000] {dag.py:2690} INFO - Sync 1 DAGs
[2026-05-03T10:43:36.564+0000] {logging_mixin.py:137} INFO - [2026-05-03T10:43:36.564+0000] {dag.py:3441} INFO - Setting next_dagrun for example_branch_operator to 2026-05-02T00:00:00+00:00, run_after=2026-05-03T00:00:00+00:00
[2026-05-03T10:43:36.597+0000] {processor.py:175} INFO - Processing /home/airflow/.local/lib/python3.7/site-packages/airflow/example_dags/example_branch_operator.py took 0.157 seconds
[2026-05-03T10:44:07.146+0000] {processor.py:153} INFO - Started process (PID=2782) to work on /home/airflow/.local/lib/python3.7/site-packages/airflow/example_dags/example_branch_operator.py
[2026-05-03T10:44:07.148+0000] {processor.py:743} INFO - Processing file /home/airflow/.local/lib/python3.7/site-packages/airflow/example_dags/example_branch_operator.py for tasks to queue
[2026-05-03T10:44:07.150+0000] {logging_mixin.py:137} INFO - [2026-05-03T10:44:07.150+0000] {dagbag.py:538} INFO - Filling up the DagBag from /home/airflow/.local/lib/python3.7/site-packages/airflow/example_dags/example_branch_operator.py
[2026-05-03T10:44:07.173+0000] {processor.py:753} INFO - DAG(s) dict_keys(['example_branch_operator']) retrieved from /home/airflow/.local/lib/python3.7/site-packages/airflow/example_dags/example_branch_operator.py
[2026-05-03T10:44:07.215+0000] {logging_mixin.py:137} INFO - [2026-05-03T10:44:07.215+0000] {dag.py:2690} INFO - Sync 1 DAGs
[2026-05-03T10:44:07.280+0000] {logging_mixin.py:137} INFO - [2026-05-03T10:44:07.280+0000] {dag.py:3441} INFO - Setting next_dagrun for example_branch_operator to 2026-05-02T00:00:00+00:00, run_after=2026-05-03T00:00:00+00:00
[2026-05-03T10:44:07.316+0000] {processor.py:175} INFO - Processing /home/airflow/.local/lib/python3.7/site-packages/airflow/example_dags/example_branch_operator.py took 0.177 seconds
[2026-05-03T10:44:37.553+0000] {processor.py:153} INFO - Started process (PID=2894) to work on /home/airflow/.local/lib/python3.7/site-packages/airflow/example_dags/example_branch_operator.py
[2026-05-03T10:44:37.555+0000] {processor.py:743} INFO - Processing file /home/airflow/.local/lib/python3.7/site-packages/airflow/example_dags/example_branch_operator.py for tasks to queue
[2026-05-03T10:44:37.556+0000] {logging_mixin.py:137} INFO - [2026-05-03T10:44:37.556+0000] {dagbag.py:538} INFO - Filling up the DagBag from /home/airflow/.local/lib/python3.7/site-packages/airflow/example_dags/example_branch_operator.py
[2026-05-03T10:44:37.579+0000] {processor.py:753} INFO - DAG(s) dict_keys(['example_branch_operator']) retrieved from /home/airflow/.local/lib/python3.7/site-packages/airflow/example_dags/example_branch_operator.py
[2026-05-03T10:44:37.610+0000] {logging_mixin.py:137} INFO - [2026-05-03T10:44:37.610+0000] {dag.py:2690} INFO - Sync 1 DAGs
[2026-05-03T10:44:37.631+0000] {logging_mixin.py:137} INFO - [2026-05-03T10:44:37.631+0000] {dag.py:3441} INFO - Setting next_dagrun for example_branch_operator to 2026-05-02T00:00:00+00:00, run_after=2026-05-03T00:00:00+00:00
[2026-05-03T10:44:37.649+0000] {processor.py:175} INFO - Processing /home/airflow/.local/lib/python3.7/site-packages/airflow/example_dags/example_branch_operator.py took 0.100 seconds
[2026-05-03T10:45:08.519+0000] {processor.py:153} INFO - Started process (PID=2982) to work on /home/airflow/.local/lib/python3.7/site-packages/airflow/example_dags/example_branch_operator.py
[2026-05-03T10:45:08.521+0000] {processor.py:743} INFO - Processing file /home/airflow/.local/lib/python3.7/site-packages/airflow/example_dags/example_branch_operator.py for tasks to queue
[2026-05-03T10:45:08.523+0000] {logging_mixin.py:137} INFO - [2026-05-03T10:45:08.522+0000] {dagbag.py:538} INFO - Filling up the DagBag from /home/airflow/.local/lib/python3.7/site-packages/airflow/example_dags/example_branch_operator.py
[2026-05-03T10:45:08.546+0000] {processor.py:753} INFO - DAG(s) dict_keys(['example_branch_operator']) retrieved from /home/airflow/.local/lib/python3.7/site-packages/airflow/example_dags/example_branch_operator.py
[2026-05-03T10:45:08.594+0000] {logging_mixin.py:137} INFO - [2026-05-03T10:45:08.593+0000] {dag.py:2690} INFO - Sync 1 DAGs
[2026-05-03T10:45:08.639+0000] {logging_mixin.py:137} INFO - [2026-05-03T10:45:08.639+0000] {dag.py:3441} INFO - Setting next_dagrun for example_branch_operator to 2026-05-02T00:00:00+00:00, run_after=2026-05-03T00:00:00+00:00
[2026-05-03T10:45:08.668+0000] {processor.py:175} INFO - Processing /home/airflow/.local/lib/python3.7/site-packages/airflow/example_dags/example_branch_operator.py took 0.157 seconds
[2026-05-03T10:45:39.313+0000] {processor.py:153} INFO - Started process (PID=3094) to work on /home/airflow/.local/lib/python3.7/site-packages/airflow/example_dags/example_branch_operator.py
[2026-05-03T10:45:39.314+0000] {processor.py:743} INFO - Processing file /home/airflow/.local/lib/python3.7/site-packages/airflow/example_dags/example_branch_operator.py for tasks to queue
[2026-05-03T10:45:39.317+0000] {logging_mixin.py:137} INFO - [2026-05-03T10:45:39.317+0000] {dagbag.py:538} INFO - Filling up the DagBag from /home/airflow/.local/lib/python3.7/site-packages/airflow/example_dags/example_branch_operator.py
[2026-05-03T10:45:39.333+0000] {processor.py:753} INFO - DAG(s) dict_keys(['example_branch_operator']) retrieved from /home/airflow/.local/lib/python3.7/site-packages/airflow/example_dags/example_branch_operator.py
[2026-05-03T10:45:39.364+0000] {logging_mixin.py:137} INFO - [2026-05-03T10:45:39.364+0000] {dag.py:2690} INFO - Sync 1 DAGs
[2026-05-03T10:45:39.397+0000] {logging_mixin.py:137} INFO - [2026-05-03T10:45:39.397+0000] {dag.py:3441} INFO - Setting next_dagrun for example_branch_operator to 2026-05-02T00:00:00+00:00, run_after=2026-05-03T00:00:00+00:00
[2026-05-03T10:45:39.429+0000] {processor.py:175} INFO - Processing /home/airflow/.local/lib/python3.7/site-packages/airflow/example_dags/example_branch_operator.py took 0.122 seconds
[2026-05-03T10:46:10.618+0000] {processor.py:153} INFO - Started process (PID=3182) to work on /home/airflow/.local/lib/python3.7/site-packages/airflow/example_dags/example_branch_operator.py
[2026-05-03T10:46:10.620+0000] {processor.py:743} INFO - Processing file /home/airflow/.local/lib/python3.7/site-packages/airflow/example_dags/example_branch_operator.py for tasks to queue
[2026-05-03T10:46:10.622+0000] {logging_mixin.py:137} INFO - [2026-05-03T10:46:10.621+0000] {dagbag.py:538} INFO - Filling up the DagBag from /home/airflow/.local/lib/python3.7/site-packages/airflow/example_dags/example_branch_operator.py
[2026-05-03T10:46:10.653+0000] {processor.py:753} INFO - DAG(s) dict_keys(['example_branch_operator']) retrieved from /home/airflow/.local/lib/python3.7/site-packages/airflow/example_dags/example_branch_operator.py
[2026-05-03T10:46:10.702+0000] {logging_mixin.py:137} INFO - [2026-05-03T10:46:10.702+0000] {dag.py:2690} INFO - Sync 1 DAGs
[2026-05-03T10:46:10.751+0000] {logging_mixin.py:137} INFO - [2026-05-03T10:46:10.751+0000] {dag.py:3441} INFO - Setting next_dagrun for example_branch_operator to 2026-05-02T00:00:00+00:00, run_after=2026-05-03T00:00:00+00:00
[2026-05-03T10:46:10.797+0000] {processor.py:175} INFO - Processing /home/airflow/.local/lib/python3.7/site-packages/airflow/example_dags/example_branch_operator.py took 0.185 seconds
[2026-05-03T10:46:41.576+0000] {processor.py:153} INFO - Started process (PID=3294) to work on /home/airflow/.local/lib/python3.7/site-packages/airflow/example_dags/example_branch_operator.py
[2026-05-03T10:46:41.578+0000] {processor.py:743} INFO - Processing file /home/airflow/.local/lib/python3.7/site-packages/airflow/example_dags/example_branch_operator.py for tasks to queue
[2026-05-03T10:46:41.579+0000] {logging_mixin.py:137} INFO - [2026-05-03T10:46:41.579+0000] {dagbag.py:538} INFO - Filling up the DagBag from /home/airflow/.local/lib/python3.7/site-packages/airflow/example_dags/example_branch_operator.py
[2026-05-03T10:46:41.598+0000] {processor.py:753} INFO - DAG(s) dict_keys(['example_branch_operator']) retrieved from /home/airflow/.local/lib/python3.7/site-packages/airflow/example_dags/example_branch_operator.py
[2026-05-03T10:46:41.629+0000] {logging_mixin.py:137} INFO - [2026-05-03T10:46:41.629+0000] {dag.py:2690} INFO - Sync 1 DAGs
[2026-05-03T10:46:41.649+0000] {logging_mixin.py:137} INFO - [2026-05-03T10:46:41.649+0000] {dag.py:3441} INFO - Setting next_dagrun for example_branch_operator to 2026-05-02T00:00:00+00:00, run_after=2026-05-03T00:00:00+00:00
[2026-05-03T10:46:41.669+0000] {processor.py:175} INFO - Processing /home/airflow/.local/lib/python3.7/site-packages/airflow/example_dags/example_branch_operator.py took 0.096 seconds
[2026-05-03T10:47:12.251+0000] {processor.py:153} INFO - Started process (PID=3382) to work on /home/airflow/.local/lib/python3.7/site-packages/airflow/example_dags/example_branch_operator.py
[2026-05-03T10:47:12.255+0000] {processor.py:743} INFO - Processing file /home/airflow/.local/lib/python3.7/site-packages/airflow/example_dags/example_branch_operator.py for tasks to queue
[2026-05-03T10:47:12.256+0000] {logging_mixin.py:137} INFO - [2026-05-03T10:47:12.256+0000] {dagbag.py:538} INFO - Filling up the DagBag from /home/airflow/.local/lib/python3.7/site-packages/airflow/example_dags/example_branch_operator.py
[2026-05-03T10:47:12.274+0000] {processor.py:753} INFO - DAG(s) dict_keys(['example_branch_operator']) retrieved from /home/airflow/.local/lib/python3.7/site-packages/airflow/example_dags/example_branch_operator.py
[2026-05-03T10:47:12.297+0000] {logging_mixin.py:137} INFO - [2026-05-03T10:47:12.296+0000] {dag.py:2690} INFO - Sync 1 DAGs
[2026-05-03T10:47:12.315+0000] {logging_mixin.py:137} INFO - [2026-05-03T10:47:12.315+0000] {dag.py:3441} INFO - Setting next_dagrun for example_branch_operator to 2026-05-02T00:00:00+00:00, run_after=2026-05-03T00:00:00+00:00
[2026-05-03T10:47:12.333+0000] {processor.py:175} INFO - Processing /home/airflow/.local/lib/python3.7/site-packages/airflow/example_dags/example_branch_operator.py took 0.086 seconds
[2026-05-03T10:47:43.433+0000] {processor.py:153} INFO - Started process (PID=3494) to work on /home/airflow/.local/lib/python3.7/site-packages/airflow/example_dags/example_branch_operator.py
[2026-05-03T10:47:43.435+0000] {processor.py:743} INFO - Processing file /home/airflow/.local/lib/python3.7/site-packages/airflow/example_dags/example_branch_operator.py for tasks to queue
[2026-05-03T10:47:43.436+0000] {logging_mixin.py:137} INFO - [2026-05-03T10:47:43.436+0000] {dagbag.py:538} INFO - Filling up the DagBag from /home/airflow/.local/lib/python3.7/site-packages/airflow/example_dags/example_branch_operator.py
[2026-05-03T10:47:43.453+0000] {processor.py:753} INFO - DAG(s) dict_keys(['example_branch_operator']) retrieved from /home/airflow/.local/lib/python3.7/site-packages/airflow/example_dags/example_branch_operator.py
[2026-05-03T10:47:43.500+0000] {logging_mixin.py:137} INFO - [2026-05-03T10:47:43.500+0000] {dag.py:2690} INFO - Sync 1 DAGs
[2026-05-03T10:47:43.534+0000] {logging_mixin.py:137} INFO - [2026-05-03T10:47:43.533+0000] {dag.py:3441} INFO - Setting next_dagrun for example_branch_operator to 2026-05-02T00:00:00+00:00, run_after=2026-05-03T00:00:00+00:00
[2026-05-03T10:47:43.568+0000] {processor.py:175} INFO - Processing /home/airflow/.local/lib/python3.7/site-packages/airflow/example_dags/example_branch_operator.py took 0.143 seconds
[2026-05-03T10:48:14.052+0000] {processor.py:153} INFO - Started process (PID=3582) to work on /home/airflow/.local/lib/python3.7/site-packages/airflow/example_dags/example_branch_operator.py
[2026-05-03T10:48:14.055+0000] {processor.py:743} INFO - Processing file /home/airflow/.local/lib/python3.7/site-packages/airflow/example_dags/example_branch_operator.py for tasks to queue
[2026-05-03T10:48:14.057+0000] {logging_mixin.py:137} INFO - [2026-05-03T10:48:14.056+0000] {dagbag.py:538} INFO - Filling up the DagBag from /home/airflow/.local/lib/python3.7/site-packages/airflow/example_dags/example_branch_operator.py
[2026-05-03T10:48:14.079+0000] {processor.py:753} INFO - DAG(s) dict_keys(['example_branch_operator']) retrieved from /home/airflow/.local/lib/python3.7/site-packages/airflow/example_dags/example_branch_operator.py
[2026-05-03T10:48:14.111+0000] {logging_mixin.py:137} INFO - [2026-05-03T10:48:14.110+0000] {dag.py:2690} INFO - Sync 1 DAGs
[2026-05-03T10:48:14.154+0000] {logging_mixin.py:137} INFO - [2026-05-03T10:48:14.153+0000] {dag.py:3441} INFO - Setting next_dagrun for example_branch_operator to 2026-05-02T00:00:00+00:00, run_after=2026-05-03T00:00:00+00:00
[2026-05-03T10:48:14.179+0000] {processor.py:175} INFO - Processing /home/airflow/.local/lib/python3.7/site-packages/airflow/example_dags/example_branch_operator.py took 0.136 seconds
[2026-05-03T10:48:44.869+0000] {processor.py:153} INFO - Started process (PID=3694) to work on /home/airflow/.local/lib/python3.7/site-packages/airflow/example_dags/example_branch_operator.py
[2026-05-03T10:48:44.870+0000] {processor.py:743} INFO - Processing file /home/airflow/.local/lib/python3.7/site-packages/airflow/example_dags/example_branch_operator.py for tasks to queue
[2026-05-03T10:48:44.871+0000] {logging_mixin.py:137} INFO - [2026-05-03T10:48:44.871+0000] {dagbag.py:538} INFO - Filling up the DagBag from /home/airflow/.local/lib/python3.7/site-packages/airflow/example_dags/example_branch_operator.py
[2026-05-03T10:48:44.888+0000] {processor.py:753} INFO - DAG(s) dict_keys(['example_branch_operator']) retrieved from /home/airflow/.local/lib/python3.7/site-packages/airflow/example_dags/example_branch_operator.py
[2026-05-03T10:48:44.911+0000] {logging_mixin.py:137} INFO - [2026-05-03T10:48:44.911+0000] {dag.py:2690} INFO - Sync 1 DAGs
[2026-05-03T10:48:44.930+0000] {logging_mixin.py:137} INFO - [2026-05-03T10:48:44.930+0000] {dag.py:3441} INFO - Setting next_dagrun for example_branch_operator to 2026-05-02T00:00:00+00:00, run_after=2026-05-03T00:00:00+00:00
[2026-05-03T10:48:44.951+0000] {processor.py:175} INFO - Processing /home/airflow/.local/lib/python3.7/site-packages/airflow/example_dags/example_branch_operator.py took 0.084 seconds
[2026-05-03T10:49:15.296+0000] {processor.py:153} INFO - Started process (PID=3782) to work on /home/airflow/.local/lib/python3.7/site-packages/airflow/example_dags/example_branch_operator.py
[2026-05-03T10:49:15.297+0000] {processor.py:743} INFO - Processing file /home/airflow/.local/lib/python3.7/site-packages/airflow/example_dags/example_branch_operator.py for tasks to queue
[2026-05-03T10:49:15.298+0000] {logging_mixin.py:137} INFO - [2026-05-03T10:49:15.298+0000] {dagbag.py:538} INFO - Filling up the DagBag from /home/airflow/.local/lib/python3.7/site-packages/airflow/example_dags/example_branch_operator.py
[2026-05-03T10:49:15.309+0000] {processor.py:753} INFO - DAG(s) dict_keys(['example_branch_operator']) retrieved from /home/airflow/.local/lib/python3.7/site-packages/airflow/example_dags/example_branch_operator.py
[2026-05-03T10:49:15.347+0000] {logging_mixin.py:137} INFO - [2026-05-03T10:49:15.347+0000] {dag.py:2690} INFO - Sync 1 DAGs
[2026-05-03T10:49:15.371+0000] {logging_mixin.py:137} INFO - [2026-05-03T10:49:15.371+0000] {dag.py:3441} INFO - Setting next_dagrun for example_branch_operator to 2026-05-02T00:00:00+00:00, run_after=2026-05-03T00:00:00+00:00
[2026-05-03T10:49:15.400+0000] {processor.py:175} INFO - Processing /home/airflow/.local/lib/python3.7/site-packages/airflow/example_dags/example_branch_operator.py took 0.109 seconds
[2026-05-03T10:49:45.644+0000] {processor.py:153} INFO - Started process (PID=3894) to work on /home/airflow/.local/lib/python3.7/site-packages/airflow/example_dags/example_branch_operator.py
[2026-05-03T10:49:45.645+0000] {processor.py:743} INFO - Processing file /home/airflow/.local/lib/python3.7/site-packages/airflow/example_dags/example_branch_operator.py for tasks to queue
[2026-05-03T10:49:45.646+0000] {logging_mixin.py:137} INFO - [2026-05-03T10:49:45.646+0000] {dagbag.py:538} INFO - Filling up the DagBag from /home/airflow/.local/lib/python3.7/site-packages/airflow/example_dags/example_branch_operator.py
[2026-05-03T10:49:45.666+0000] {processor.py:753} INFO - DAG(s) dict_keys(['example_branch_operator']) retrieved from /home/airflow/.local/lib/python3.7/site-packages/airflow/example_dags/example_branch_operator.py
[2026-05-03T10:49:45.694+0000] {logging_mixin.py:137} INFO - [2026-05-03T10:49:45.694+0000] {dag.py:2690} INFO - Sync 1 DAGs
[2026-05-03T10:49:45.714+0000] {logging_mixin.py:137} INFO - [2026-05-03T10:49:45.714+0000] {dag.py:3441} INFO - Setting next_dagrun for example_branch_operator to 2026-05-02T00:00:00+00:00, run_after=2026-05-03T00:00:00+00:00
[2026-05-03T10:49:45.736+0000] {processor.py:175} INFO - Processing /home/airflow/.local/lib/python3.7/site-packages/airflow/example_dags/example_branch_operator.py took 0.098 seconds
[2026-05-03T10:50:16.304+0000] {processor.py:153} INFO - Started process (PID=3982) to work on /home/airflow/.local/lib/python3.7/site-packages/airflow/example_dags/example_branch_operator.py
[2026-05-03T10:50:16.306+0000] {processor.py:743} INFO - Processing file /home/airflow/.local/lib/python3.7/site-packages/airflow/example_dags/example_branch_operator.py for tasks to queue
[2026-05-03T10:50:16.307+0000] {logging_mixin.py:137} INFO - [2026-05-03T10:50:16.307+0000] {dagbag.py:538} INFO - Filling up the DagBag from /home/airflow/.local/lib/python3.7/site-packages/airflow/example_dags/example_branch_operator.py
[2026-05-03T10:50:16.331+0000] {processor.py:753} INFO - DAG(s) dict_keys(['example_branch_operator']) retrieved from /home/airflow/.local/lib/python3.7/site-packages/airflow/example_dags/example_branch_operator.py
[2026-05-03T10:50:16.373+0000] {logging_mixin.py:137} INFO - [2026-05-03T10:50:16.373+0000] {dag.py:2690} INFO - Sync 1 DAGs
[2026-05-03T10:50:16.409+0000] {logging_mixin.py:137} INFO - [2026-05-03T10:50:16.409+0000] {dag.py:3441} INFO - Setting next_dagrun for example_branch_operator to 2026-05-02T00:00:00+00:00, run_after=2026-05-03T00:00:00+00:00
[2026-05-03T10:50:16.433+0000] {processor.py:175} INFO - Processing /home/airflow/.local/lib/python3.7/site-packages/airflow/example_dags/example_branch_operator.py took 0.136 seconds
[2026-05-03T10:50:47.731+0000] {processor.py:153} INFO - Started process (PID=4094) to work on /home/airflow/.local/lib/python3.7/site-packages/airflow/example_dags/example_branch_operator.py
[2026-05-03T10:50:47.737+0000] {processor.py:743} INFO - Processing file /home/airflow/.local/lib/python3.7/site-packages/airflow/example_dags/example_branch_operator.py for tasks to queue
[2026-05-03T10:50:47.741+0000] {logging_mixin.py:137} INFO - [2026-05-03T10:50:47.740+0000] {dagbag.py:538} INFO - Filling up the DagBag from /home/airflow/.local/lib/python3.7/site-packages/airflow/example_dags/example_branch_operator.py
[2026-05-03T10:50:47.768+0000] {processor.py:753} INFO - DAG(s) dict_keys(['example_branch_operator']) retrieved from /home/airflow/.local/lib/python3.7/site-packages/airflow/example_dags/example_branch_operator.py
[2026-05-03T10:50:47.812+0000] {logging_mixin.py:137} INFO - [2026-05-03T10:50:47.812+0000] {dag.py:2690} INFO - Sync 1 DAGs
[2026-05-03T10:50:47.837+0000] {logging_mixin.py:137} INFO - [2026-05-03T10:50:47.837+0000] {dag.py:3441} INFO - Setting next_dagrun for example_branch_operator to 2026-05-02T00:00:00+00:00, run_after=2026-05-03T00:00:00+00:00
[2026-05-03T10:50:47.864+0000] {processor.py:175} INFO - Processing /home/airflow/.local/lib/python3.7/site-packages/airflow/example_dags/example_branch_operator.py took 0.142 seconds
[2026-05-03T10:51:18.186+0000] {processor.py:153} INFO - Started process (PID=4182) to work on /home/airflow/.local/lib/python3.7/site-packages/airflow/example_dags/example_branch_operator.py
[2026-05-03T10:51:18.188+0000] {processor.py:743} INFO - Processing file /home/airflow/.local/lib/python3.7/site-packages/airflow/example_dags/example_branch_operator.py for tasks to queue
[2026-05-03T10:51:18.188+0000] {logging_mixin.py:137} INFO - [2026-05-03T10:51:18.188+0000] {dagbag.py:538} INFO - Filling up the DagBag from /home/airflow/.local/lib/python3.7/site-packages/airflow/example_dags/example_branch_operator.py
[2026-05-03T10:51:18.201+0000] {processor.py:753} INFO - DAG(s) dict_keys(['example_branch_operator']) retrieved from /home/airflow/.local/lib/python3.7/site-packages/airflow/example_dags/example_branch_operator.py
[2026-05-03T10:51:18.223+0000] {logging_mixin.py:137} INFO - [2026-05-03T10:51:18.223+0000] {dag.py:2690} INFO - Sync 1 DAGs
[2026-05-03T10:51:18.257+0000] {logging_mixin.py:137} INFO - [2026-05-03T10:51:18.257+0000] {dag.py:3441} INFO - Setting next_dagrun for example_branch_operator to 2026-05-02T00:00:00+00:00, run_after=2026-05-03T00:00:00+00:00
[2026-05-03T10:51:18.288+0000] {processor.py:175} INFO - Processing /home/airflow/.local/lib/python3.7/site-packages/airflow/example_dags/example_branch_operator.py took 0.106 seconds
[2026-05-03T10:51:48.718+0000] {processor.py:153} INFO - Started process (PID=4294) to work on /home/airflow/.local/lib/python3.7/site-packages/airflow/example_dags/example_branch_operator.py
[2026-05-03T10:51:48.739+0000] {processor.py:743} INFO - Processing file /home/airflow/.local/lib/python3.7/site-packages/airflow/example_dags/example_branch_operator.py for tasks to queue
[2026-05-03T10:51:48.741+0000] {logging_mixin.py:137} INFO - [2026-05-03T10:51:48.741+0000] {dagbag.py:538} INFO - Filling up the DagBag from /home/airflow/.local/lib/python3.7/site-packages/airflow/example_dags/example_branch_operator.py
[2026-05-03T10:51:48.779+0000] {processor.py:753} INFO - DAG(s) dict_keys(['example_branch_operator']) retrieved from /home/airflow/.local/lib/python3.7/site-packages/airflow/example_dags/example_branch_operator.py
[2026-05-03T10:51:48.821+0000] {logging_mixin.py:137} INFO - [2026-05-03T10:51:48.821+0000] {dag.py:2690} INFO - Sync 1 DAGs
[2026-05-03T10:51:48.860+0000] {logging_mixin.py:137} INFO - [2026-05-03T10:51:48.860+0000] {dag.py:3441} INFO - Setting next_dagrun for example_branch_operator to 2026-05-02T00:00:00+00:00, run_after=2026-05-03T00:00:00+00:00
[2026-05-03T10:51:48.896+0000] {processor.py:175} INFO - Processing /home/airflow/.local/lib/python3.7/site-packages/airflow/example_dags/example_branch_operator.py took 0.186 seconds
[2026-05-03T10:52:18.980+0000] {processor.py:153} INFO - Started process (PID=4382) to work on /home/airflow/.local/lib/python3.7/site-packages/airflow/example_dags/example_branch_operator.py
[2026-05-03T10:52:18.981+0000] {processor.py:743} INFO - Processing file /home/airflow/.local/lib/python3.7/site-packages/airflow/example_dags/example_branch_operator.py for tasks to queue
[2026-05-03T10:52:18.982+0000] {logging_mixin.py:137} INFO - [2026-05-03T10:52:18.982+0000] {dagbag.py:538} INFO - Filling up the DagBag from /home/airflow/.local/lib/python3.7/site-packages/airflow/example_dags/example_branch_operator.py
[2026-05-03T10:52:19.004+0000] {processor.py:753} INFO - DAG(s) dict_keys(['example_branch_operator']) retrieved from /home/airflow/.local/lib/python3.7/site-packages/airflow/example_dags/example_branch_operator.py
[2026-05-03T10:52:19.028+0000] {logging_mixin.py:137} INFO - [2026-05-03T10:52:19.027+0000] {dag.py:2690} INFO - Sync 1 DAGs
[2026-05-03T10:52:19.056+0000] {logging_mixin.py:137} INFO - [2026-05-03T10:52:19.056+0000] {dag.py:3441} INFO - Setting next_dagrun for example_branch_operator to 2026-05-02T00:00:00+00:00, run_after=2026-05-03T00:00:00+00:00
[2026-05-03T10:52:19.086+0000] {processor.py:175} INFO - Processing /home/airflow/.local/lib/python3.7/site-packages/airflow/example_dags/example_branch_operator.py took 0.111 seconds
[2026-05-03T10:52:49.500+0000] {processor.py:153} INFO - Started process (PID=4494) to work on /home/airflow/.local/lib/python3.7/site-packages/airflow/example_dags/example_branch_operator.py
[2026-05-03T10:52:49.503+0000] {processor.py:743} INFO - Processing file /home/airflow/.local/lib/python3.7/site-packages/airflow/example_dags/example_branch_operator.py for tasks to queue
[2026-05-03T10:52:49.505+0000] {logging_mixin.py:137} INFO - [2026-05-03T10:52:49.505+0000] {dagbag.py:538} INFO - Filling up the DagBag from /home/airflow/.local/lib/python3.7/site-packages/airflow/example_dags/example_branch_operator.py
[2026-05-03T10:52:49.533+0000] {processor.py:753} INFO - DAG(s) dict_keys(['example_branch_operator']) retrieved from /home/airflow/.local/lib/python3.7/site-packages/airflow/example_dags/example_branch_operator.py
[2026-05-03T10:52:49.568+0000] {logging_mixin.py:137} INFO - [2026-05-03T10:52:49.567+0000] {dag.py:2690} INFO - Sync 1 DAGs
[2026-05-03T10:52:49.609+0000] {logging_mixin.py:137} INFO - [2026-05-03T10:52:49.609+0000] {dag.py:3441} INFO - Setting next_dagrun for example_branch_operator to 2026-05-02T00:00:00+00:00, run_after=2026-05-03T00:00:00+00:00
[2026-05-03T10:52:49.651+0000] {processor.py:175} INFO - Processing /home/airflow/.local/lib/python3.7/site-packages/airflow/example_dags/example_branch_operator.py took 0.160 seconds
[2026-05-03T10:53:19.866+0000] {processor.py:153} INFO - Started process (PID=4583) to work on /home/airflow/.local/lib/python3.7/site-packages/airflow/example_dags/example_branch_operator.py
[2026-05-03T10:53:19.868+0000] {processor.py:743} INFO - Processing file /home/airflow/.local/lib/python3.7/site-packages/airflow/example_dags/example_branch_operator.py for tasks to queue
[2026-05-03T10:53:19.870+0000] {logging_mixin.py:137} INFO - [2026-05-03T10:53:19.869+0000] {dagbag.py:538} INFO - Filling up the DagBag from /home/airflow/.local/lib/python3.7/site-packages/airflow/example_dags/example_branch_operator.py
[2026-05-03T10:53:19.897+0000] {processor.py:753} INFO - DAG(s) dict_keys(['example_branch_operator']) retrieved from /home/airflow/.local/lib/python3.7/site-packages/airflow/example_dags/example_branch_operator.py
[2026-05-03T10:53:19.928+0000] {logging_mixin.py:137} INFO - [2026-05-03T10:53:19.928+0000] {dag.py:2690} INFO - Sync 1 DAGs
[2026-05-03T10:53:19.949+0000] {logging_mixin.py:137} INFO - [2026-05-03T10:53:19.949+0000] {dag.py:3441} INFO - Setting next_dagrun for example_branch_operator to 2026-05-02T00:00:00+00:00, run_after=2026-05-03T00:00:00+00:00
[2026-05-03T10:53:19.981+0000] {processor.py:175} INFO - Processing /home/airflow/.local/lib/python3.7/site-packages/airflow/example_dags/example_branch_operator.py took 0.123 seconds
[2026-05-03T10:53:50.909+0000] {processor.py:153} INFO - Started process (PID=4695) to work on /home/airflow/.local/lib/python3.7/site-packages/airflow/example_dags/example_branch_operator.py
[2026-05-03T10:53:50.910+0000] {processor.py:743} INFO - Processing file /home/airflow/.local/lib/python3.7/site-packages/airflow/example_dags/example_branch_operator.py for tasks to queue
[2026-05-03T10:53:50.911+0000] {logging_mixin.py:137} INFO - [2026-05-03T10:53:50.910+0000] {dagbag.py:538} INFO - Filling up the DagBag from /home/airflow/.local/lib/python3.7/site-packages/airflow/example_dags/example_branch_operator.py
[2026-05-03T10:53:50.927+0000] {processor.py:753} INFO - DAG(s) dict_keys(['example_branch_operator']) retrieved from /home/airflow/.local/lib/python3.7/site-packages/airflow/example_dags/example_branch_operator.py
[2026-05-03T10:53:50.951+0000] {logging_mixin.py:137} INFO - [2026-05-03T10:53:50.951+0000] {dag.py:2690} INFO - Sync 1 DAGs
[2026-05-03T10:53:50.969+0000] {logging_mixin.py:137} INFO - [2026-05-03T10:53:50.969+0000] {dag.py:3441} INFO - Setting next_dagrun for example_branch_operator to 2026-05-02T00:00:00+00:00, run_after=2026-05-03T00:00:00+00:00
[2026-05-03T10:53:50.994+0000] {processor.py:175} INFO - Processing /home/airflow/.local/lib/python3.7/site-packages/airflow/example_dags/example_branch_operator.py took 0.089 seconds
[2026-05-03T10:54:21.673+0000] {processor.py:153} INFO - Started process (PID=4783) to work on /home/airflow/.local/lib/python3.7/site-packages/airflow/example_dags/example_branch_operator.py
[2026-05-03T10:54:21.676+0000] {processor.py:743} INFO - Processing file /home/airflow/.local/lib/python3.7/site-packages/airflow/example_dags/example_branch_operator.py for tasks to queue
[2026-05-03T10:54:21.678+0000] {logging_mixin.py:137} INFO - [2026-05-03T10:54:21.678+0000] {dagbag.py:538} INFO - Filling up the DagBag from /home/airflow/.local/lib/python3.7/site-packages/airflow/example_dags/example_branch_operator.py
[2026-05-03T10:54:21.705+0000] {processor.py:753} INFO - DAG(s) dict_keys(['example_branch_operator']) retrieved from /home/airflow/.local/lib/python3.7/site-packages/airflow/example_dags/example_branch_operator.py
[2026-05-03T10:54:21.752+0000] {logging_mixin.py:137} INFO - [2026-05-03T10:54:21.752+0000] {dag.py:2690} INFO - Sync 1 DAGs
[2026-05-03T10:54:21.780+0000] {logging_mixin.py:137} INFO - [2026-05-03T10:54:21.780+0000] {dag.py:3441} INFO - Setting next_dagrun for example_branch_operator to 2026-05-02T00:00:00+00:00, run_after=2026-05-03T00:00:00+00:00
[2026-05-03T10:54:21.804+0000] {processor.py:175} INFO - Processing /home/airflow/.local/lib/python3.7/site-packages/airflow/example_dags/example_branch_operator.py took 0.138 seconds
[2026-05-03T11:02:59.420+0000] {processor.py:153} INFO - Started process (PID=81) to work on /home/airflow/.local/lib/python3.7/site-packages/airflow/example_dags/example_branch_operator.py
[2026-05-03T11:02:59.421+0000] {processor.py:743} INFO - Processing file /home/airflow/.local/lib/python3.7/site-packages/airflow/example_dags/example_branch_operator.py for tasks to queue
[2026-05-03T11:02:59.422+0000] {logging_mixin.py:137} INFO - [2026-05-03T11:02:59.422+0000] {dagbag.py:538} INFO - Filling up the DagBag from /home/airflow/.local/lib/python3.7/site-packages/airflow/example_dags/example_branch_operator.py
[2026-05-03T11:02:59.442+0000] {processor.py:753} INFO - DAG(s) dict_keys(['example_branch_operator']) retrieved from /home/airflow/.local/lib/python3.7/site-packages/airflow/example_dags/example_branch_operator.py
[2026-05-03T11:02:59.456+0000] {logging_mixin.py:137} INFO - [2026-05-03T11:02:59.456+0000] {dag.py:2690} INFO - Sync 1 DAGs
[2026-05-03T11:02:59.479+0000] {logging_mixin.py:137} INFO - [2026-05-03T11:02:59.479+0000] {dag.py:3441} INFO - Setting next_dagrun for example_branch_operator to 2026-05-02T00:00:00+00:00, run_after=2026-05-03T00:00:00+00:00
[2026-05-03T11:02:59.501+0000] {processor.py:175} INFO - Processing /home/airflow/.local/lib/python3.7/site-packages/airflow/example_dags/example_branch_operator.py took 0.085 seconds
[2026-05-03T11:03:31.135+0000] {processor.py:153} INFO - Started process (PID=194) to work on /home/airflow/.local/lib/python3.7/site-packages/airflow/example_dags/example_branch_operator.py
[2026-05-03T11:03:31.136+0000] {processor.py:743} INFO - Processing file /home/airflow/.local/lib/python3.7/site-packages/airflow/example_dags/example_branch_operator.py for tasks to queue
[2026-05-03T11:03:31.137+0000] {logging_mixin.py:137} INFO - [2026-05-03T11:03:31.137+0000] {dagbag.py:538} INFO - Filling up the DagBag from /home/airflow/.local/lib/python3.7/site-packages/airflow/example_dags/example_branch_operator.py
[2026-05-03T11:03:31.149+0000] {processor.py:753} INFO - DAG(s) dict_keys(['example_branch_operator']) retrieved from /home/airflow/.local/lib/python3.7/site-packages/airflow/example_dags/example_branch_operator.py
[2026-05-03T11:03:31.168+0000] {logging_mixin.py:137} INFO - [2026-05-03T11:03:31.168+0000] {dag.py:2690} INFO - Sync 1 DAGs
[2026-05-03T11:03:31.200+0000] {logging_mixin.py:137} INFO - [2026-05-03T11:03:31.200+0000] {dag.py:3441} INFO - Setting next_dagrun for example_branch_operator to 2026-05-02T00:00:00+00:00, run_after=2026-05-03T00:00:00+00:00
[2026-05-03T11:03:31.221+0000] {processor.py:175} INFO - Processing /home/airflow/.local/lib/python3.7/site-packages/airflow/example_dags/example_branch_operator.py took 0.089 seconds
[2026-05-03T11:04:01.876+0000] {processor.py:153} INFO - Started process (PID=308) to work on /home/airflow/.local/lib/python3.7/site-packages/airflow/example_dags/example_branch_operator.py
[2026-05-03T11:04:01.879+0000] {processor.py:743} INFO - Processing file /home/airflow/.local/lib/python3.7/site-packages/airflow/example_dags/example_branch_operator.py for tasks to queue
[2026-05-03T11:04:01.880+0000] {logging_mixin.py:137} INFO - [2026-05-03T11:04:01.880+0000] {dagbag.py:538} INFO - Filling up the DagBag from /home/airflow/.local/lib/python3.7/site-packages/airflow/example_dags/example_branch_operator.py
[2026-05-03T11:04:01.899+0000] {processor.py:753} INFO - DAG(s) dict_keys(['example_branch_operator']) retrieved from /home/airflow/.local/lib/python3.7/site-packages/airflow/example_dags/example_branch_operator.py
[2026-05-03T11:04:01.932+0000] {logging_mixin.py:137} INFO - [2026-05-03T11:04:01.932+0000] {dag.py:2690} INFO - Sync 1 DAGs
[2026-05-03T11:04:01.955+0000] {logging_mixin.py:137} INFO - [2026-05-03T11:04:01.955+0000] {dag.py:3441} INFO - Setting next_dagrun for example_branch_operator to 2026-05-02T00:00:00+00:00, run_after=2026-05-03T00:00:00+00:00
[2026-05-03T11:04:01.991+0000] {processor.py:175} INFO - Processing /home/airflow/.local/lib/python3.7/site-packages/airflow/example_dags/example_branch_operator.py took 0.121 seconds
[2026-05-03T11:04:32.258+0000] {processor.py:153} INFO - Started process (PID=397) to work on /home/airflow/.local/lib/python3.7/site-packages/airflow/example_dags/example_branch_operator.py
[2026-05-03T11:04:32.261+0000] {processor.py:743} INFO - Processing file /home/airflow/.local/lib/python3.7/site-packages/airflow/example_dags/example_branch_operator.py for tasks to queue
[2026-05-03T11:04:32.263+0000] {logging_mixin.py:137} INFO - [2026-05-03T11:04:32.263+0000] {dagbag.py:538} INFO - Filling up the DagBag from /home/airflow/.local/lib/python3.7/site-packages/airflow/example_dags/example_branch_operator.py
[2026-05-03T11:04:32.292+0000] {processor.py:753} INFO - DAG(s) dict_keys(['example_branch_operator']) retrieved from /home/airflow/.local/lib/python3.7/site-packages/airflow/example_dags/example_branch_operator.py
[2026-05-03T11:04:32.334+0000] {logging_mixin.py:137} INFO - [2026-05-03T11:04:32.333+0000] {dag.py:2690} INFO - Sync 1 DAGs
[2026-05-03T11:04:32.377+0000] {logging_mixin.py:137} INFO - [2026-05-03T11:04:32.377+0000] {dag.py:3441} INFO - Setting next_dagrun for example_branch_operator to 2026-05-02T00:00:00+00:00, run_after=2026-05-03T00:00:00+00:00
[2026-05-03T11:04:32.416+0000] {processor.py:175} INFO - Processing /home/airflow/.local/lib/python3.7/site-packages/airflow/example_dags/example_branch_operator.py took 0.165 seconds
[2026-05-03T11:05:02.478+0000] {processor.py:153} INFO - Started process (PID=509) to work on /home/airflow/.local/lib/python3.7/site-packages/airflow/example_dags/example_branch_operator.py
[2026-05-03T11:05:02.480+0000] {processor.py:743} INFO - Processing file /home/airflow/.local/lib/python3.7/site-packages/airflow/example_dags/example_branch_operator.py for tasks to queue
[2026-05-03T11:05:02.482+0000] {logging_mixin.py:137} INFO - [2026-05-03T11:05:02.482+0000] {dagbag.py:538} INFO - Filling up the DagBag from /home/airflow/.local/lib/python3.7/site-packages/airflow/example_dags/example_branch_operator.py
[2026-05-03T11:05:02.507+0000] {processor.py:753} INFO - DAG(s) dict_keys(['example_branch_operator']) retrieved from /home/airflow/.local/lib/python3.7/site-packages/airflow/example_dags/example_branch_operator.py
[2026-05-03T11:05:02.539+0000] {logging_mixin.py:137} INFO - [2026-05-03T11:05:02.538+0000] {dag.py:2690} INFO - Sync 1 DAGs
[2026-05-03T11:05:02.565+0000] {logging_mixin.py:137} INFO - [2026-05-03T11:05:02.564+0000] {dag.py:3441} INFO - Setting next_dagrun for example_branch_operator to 2026-05-02T00:00:00+00:00, run_after=2026-05-03T00:00:00+00:00
[2026-05-03T11:05:02.600+0000] {processor.py:175} INFO - Processing /home/airflow/.local/lib/python3.7/site-packages/airflow/example_dags/example_branch_operator.py took 0.130 seconds
[2026-05-03T11:05:33.695+0000] {processor.py:153} INFO - Started process (PID=600) to work on /home/airflow/.local/lib/python3.7/site-packages/airflow/example_dags/example_branch_operator.py
[2026-05-03T11:05:33.696+0000] {processor.py:743} INFO - Processing file /home/airflow/.local/lib/python3.7/site-packages/airflow/example_dags/example_branch_operator.py for tasks to queue
[2026-05-03T11:05:33.697+0000] {logging_mixin.py:137} INFO - [2026-05-03T11:05:33.697+0000] {dagbag.py:538} INFO - Filling up the DagBag from /home/airflow/.local/lib/python3.7/site-packages/airflow/example_dags/example_branch_operator.py
[2026-05-03T11:05:33.713+0000] {processor.py:753} INFO - DAG(s) dict_keys(['example_branch_operator']) retrieved from /home/airflow/.local/lib/python3.7/site-packages/airflow/example_dags/example_branch_operator.py
[2026-05-03T11:05:33.749+0000] {logging_mixin.py:137} INFO - [2026-05-03T11:05:33.749+0000] {dag.py:2690} INFO - Sync 1 DAGs
[2026-05-03T11:05:33.779+0000] {logging_mixin.py:137} INFO - [2026-05-03T11:05:33.779+0000] {dag.py:3441} INFO - Setting next_dagrun for example_branch_operator to 2026-05-02T00:00:00+00:00, run_after=2026-05-03T00:00:00+00:00
[2026-05-03T11:05:33.808+0000] {processor.py:175} INFO - Processing /home/airflow/.local/lib/python3.7/site-packages/airflow/example_dags/example_branch_operator.py took 0.117 seconds
[2026-05-03T11:06:04.754+0000] {processor.py:153} INFO - Started process (PID=713) to work on /home/airflow/.local/lib/python3.7/site-packages/airflow/example_dags/example_branch_operator.py
[2026-05-03T11:06:04.755+0000] {processor.py:743} INFO - Processing file /home/airflow/.local/lib/python3.7/site-packages/airflow/example_dags/example_branch_operator.py for tasks to queue
[2026-05-03T11:06:04.756+0000] {logging_mixin.py:137} INFO - [2026-05-03T11:06:04.756+0000] {dagbag.py:538} INFO - Filling up the DagBag from /home/airflow/.local/lib/python3.7/site-packages/airflow/example_dags/example_branch_operator.py
[2026-05-03T11:06:04.778+0000] {processor.py:753} INFO - DAG(s) dict_keys(['example_branch_operator']) retrieved from /home/airflow/.local/lib/python3.7/site-packages/airflow/example_dags/example_branch_operator.py
[2026-05-03T11:06:04.828+0000] {logging_mixin.py:137} INFO - [2026-05-03T11:06:04.828+0000] {dag.py:2690} INFO - Sync 1 DAGs
[2026-05-03T11:06:04.855+0000] {logging_mixin.py:137} INFO - [2026-05-03T11:06:04.855+0000] {dag.py:3441} INFO - Setting next_dagrun for example_branch_operator to 2026-05-02T00:00:00+00:00, run_after=2026-05-03T00:00:00+00:00
[2026-05-03T11:06:04.878+0000] {processor.py:175} INFO - Processing /home/airflow/.local/lib/python3.7/site-packages/airflow/example_dags/example_branch_operator.py took 0.128 seconds
[2026-05-03T11:06:35.070+0000] {processor.py:153} INFO - Started process (PID=812) to work on /home/airflow/.local/lib/python3.7/site-packages/airflow/example_dags/example_branch_operator.py
[2026-05-03T11:06:35.071+0000] {processor.py:743} INFO - Processing file /home/airflow/.local/lib/python3.7/site-packages/airflow/example_dags/example_branch_operator.py for tasks to queue
[2026-05-03T11:06:35.073+0000] {logging_mixin.py:137} INFO - [2026-05-03T11:06:35.073+0000] {dagbag.py:538} INFO - Filling up the DagBag from /home/airflow/.local/lib/python3.7/site-packages/airflow/example_dags/example_branch_operator.py
[2026-05-03T11:06:35.088+0000] {processor.py:753} INFO - DAG(s) dict_keys(['example_branch_operator']) retrieved from /home/airflow/.local/lib/python3.7/site-packages/airflow/example_dags/example_branch_operator.py
[2026-05-03T11:06:35.113+0000] {logging_mixin.py:137} INFO - [2026-05-03T11:06:35.113+0000] {dag.py:2690} INFO - Sync 1 DAGs
[2026-05-03T11:06:35.134+0000] {logging_mixin.py:137} INFO - [2026-05-03T11:06:35.134+0000] {dag.py:3441} INFO - Setting next_dagrun for example_branch_operator to 2026-05-02T00:00:00+00:00, run_after=2026-05-03T00:00:00+00:00
[2026-05-03T11:06:35.155+0000] {processor.py:175} INFO - Processing /home/airflow/.local/lib/python3.7/site-packages/airflow/example_dags/example_branch_operator.py took 0.088 seconds
[2026-05-03T11:07:05.694+0000] {processor.py:153} INFO - Started process (PID=915) to work on /home/airflow/.local/lib/python3.7/site-packages/airflow/example_dags/example_branch_operator.py
[2026-05-03T11:07:05.695+0000] {processor.py:743} INFO - Processing file /home/airflow/.local/lib/python3.7/site-packages/airflow/example_dags/example_branch_operator.py for tasks to queue
[2026-05-03T11:07:05.697+0000] {logging_mixin.py:137} INFO - [2026-05-03T11:07:05.697+0000] {dagbag.py:538} INFO - Filling up the DagBag from /home/airflow/.local/lib/python3.7/site-packages/airflow/example_dags/example_branch_operator.py
[2026-05-03T11:07:05.728+0000] {processor.py:753} INFO - DAG(s) dict_keys(['example_branch_operator']) retrieved from /home/airflow/.local/lib/python3.7/site-packages/airflow/example_dags/example_branch_operator.py
[2026-05-03T11:07:05.769+0000] {logging_mixin.py:137} INFO - [2026-05-03T11:07:05.769+0000] {dag.py:2690} INFO - Sync 1 DAGs
[2026-05-03T11:07:05.796+0000] {logging_mixin.py:137} INFO - [2026-05-03T11:07:05.796+0000] {dag.py:3441} INFO - Setting next_dagrun for example_branch_operator to 2026-05-02T00:00:00+00:00, run_after=2026-05-03T00:00:00+00:00
[2026-05-03T11:07:05.827+0000] {processor.py:175} INFO - Processing /home/airflow/.local/lib/python3.7/site-packages/airflow/example_dags/example_branch_operator.py took 0.138 seconds
[2026-05-03T11:07:36.075+0000] {processor.py:153} INFO - Started process (PID=1028) to work on /home/airflow/.local/lib/python3.7/site-packages/airflow/example_dags/example_branch_operator.py
[2026-05-03T11:07:36.076+0000] {processor.py:743} INFO - Processing file /home/airflow/.local/lib/python3.7/site-packages/airflow/example_dags/example_branch_operator.py for tasks to queue
[2026-05-03T11:07:36.077+0000] {logging_mixin.py:137} INFO - [2026-05-03T11:07:36.077+0000] {dagbag.py:538} INFO - Filling up the DagBag from /home/airflow/.local/lib/python3.7/site-packages/airflow/example_dags/example_branch_operator.py
[2026-05-03T11:07:36.089+0000] {processor.py:753} INFO - DAG(s) dict_keys(['example_branch_operator']) retrieved from /home/airflow/.local/lib/python3.7/site-packages/airflow/example_dags/example_branch_operator.py
[2026-05-03T11:07:36.113+0000] {logging_mixin.py:137} INFO - [2026-05-03T11:07:36.113+0000] {dag.py:2690} INFO - Sync 1 DAGs
[2026-05-03T11:07:36.134+0000] {logging_mixin.py:137} INFO - [2026-05-03T11:07:36.133+0000] {dag.py:3441} INFO - Setting next_dagrun for example_branch_operator to 2026-05-02T00:00:00+00:00, run_after=2026-05-03T00:00:00+00:00
[2026-05-03T11:07:36.157+0000] {processor.py:175} INFO - Processing /home/airflow/.local/lib/python3.7/site-packages/airflow/example_dags/example_branch_operator.py took 0.084 seconds
[2026-05-03T11:08:07.546+0000] {processor.py:153} INFO - Started process (PID=1116) to work on /home/airflow/.local/lib/python3.7/site-packages/airflow/example_dags/example_branch_operator.py
[2026-05-03T11:08:07.550+0000] {processor.py:743} INFO - Processing file /home/airflow/.local/lib/python3.7/site-packages/airflow/example_dags/example_branch_operator.py for tasks to queue
[2026-05-03T11:08:07.552+0000] {logging_mixin.py:137} INFO - [2026-05-03T11:08:07.551+0000] {dagbag.py:538} INFO - Filling up the DagBag from /home/airflow/.local/lib/python3.7/site-packages/airflow/example_dags/example_branch_operator.py
[2026-05-03T11:08:07.601+0000] {processor.py:753} INFO - DAG(s) dict_keys(['example_branch_operator']) retrieved from /home/airflow/.local/lib/python3.7/site-packages/airflow/example_dags/example_branch_operator.py
[2026-05-03T11:08:07.648+0000] {logging_mixin.py:137} INFO - [2026-05-03T11:08:07.647+0000] {dag.py:2690} INFO - Sync 1 DAGs
[2026-05-03T11:08:07.689+0000] {logging_mixin.py:137} INFO - [2026-05-03T11:08:07.689+0000] {dag.py:3441} INFO - Setting next_dagrun for example_branch_operator to 2026-05-02T00:00:00+00:00, run_after=2026-05-03T00:00:00+00:00
[2026-05-03T11:08:07.728+0000] {processor.py:175} INFO - Processing /home/airflow/.local/lib/python3.7/site-packages/airflow/example_dags/example_branch_operator.py took 0.192 seconds
[2026-05-03T11:08:38.393+0000] {processor.py:153} INFO - Started process (PID=1230) to work on /home/airflow/.local/lib/python3.7/site-packages/airflow/example_dags/example_branch_operator.py
[2026-05-03T11:08:38.397+0000] {processor.py:743} INFO - Processing file /home/airflow/.local/lib/python3.7/site-packages/airflow/example_dags/example_branch_operator.py for tasks to queue
[2026-05-03T11:08:38.400+0000] {logging_mixin.py:137} INFO - [2026-05-03T11:08:38.399+0000] {dagbag.py:538} INFO - Filling up the DagBag from /home/airflow/.local/lib/python3.7/site-packages/airflow/example_dags/example_branch_operator.py
[2026-05-03T11:08:38.431+0000] {processor.py:753} INFO - DAG(s) dict_keys(['example_branch_operator']) retrieved from /home/airflow/.local/lib/python3.7/site-packages/airflow/example_dags/example_branch_operator.py
[2026-05-03T11:08:38.483+0000] {logging_mixin.py:137} INFO - [2026-05-03T11:08:38.483+0000] {dag.py:2690} INFO - Sync 1 DAGs
[2026-05-03T11:08:38.512+0000] {logging_mixin.py:137} INFO - [2026-05-03T11:08:38.512+0000] {dag.py:3441} INFO - Setting next_dagrun for example_branch_operator to 2026-05-02T00:00:00+00:00, run_after=2026-05-03T00:00:00+00:00
[2026-05-03T11:08:38.551+0000] {processor.py:175} INFO - Processing /home/airflow/.local/lib/python3.7/site-packages/airflow/example_dags/example_branch_operator.py took 0.169 seconds
[2026-05-03T11:28:29.670+0000] {processor.py:161} INFO - Started process (PID=116) to work on /home/airflow/.local/lib/python3.12/site-packages/airflow/example_dags/example_branch_operator.py
[2026-05-03T11:28:29.677+0000] {processor.py:830} INFO - Processing file /home/airflow/.local/lib/python3.12/site-packages/airflow/example_dags/example_branch_operator.py for tasks to queue
[2026-05-03T11:28:29.682+0000] {logging_mixin.py:188} INFO - [2026-05-03T11:28:29.681+0000] {dagbag.py:545} INFO - Filling up the DagBag from /home/airflow/.local/lib/python3.12/site-packages/airflow/example_dags/example_branch_operator.py
[2026-05-03T11:28:29.716+0000] {processor.py:840} INFO - DAG(s) 'example_branch_operator' retrieved from /home/airflow/.local/lib/python3.12/site-packages/airflow/example_dags/example_branch_operator.py
[2026-05-03T11:28:29.951+0000] {logging_mixin.py:188} INFO - [2026-05-03T11:28:29.950+0000] {override.py:1858} INFO - Created Permission View: can edit on DAG:example_branch_operator
[2026-05-03T11:28:29.971+0000] {logging_mixin.py:188} INFO - [2026-05-03T11:28:29.971+0000] {override.py:1858} INFO - Created Permission View: can read on DAG:example_branch_operator
[2026-05-03T11:28:29.986+0000] {logging_mixin.py:188} INFO - [2026-05-03T11:28:29.985+0000] {override.py:1858} INFO - Created Permission View: can delete on DAG:example_branch_operator
[2026-05-03T11:28:29.987+0000] {logging_mixin.py:188} INFO - [2026-05-03T11:28:29.987+0000] {dag.py:3089} INFO - Sync 1 DAGs
[2026-05-03T11:28:30.010+0000] {logging_mixin.py:188} INFO - [2026-05-03T11:28:30.009+0000] {dag.py:3111} INFO - Creating ORM DAG for example_branch_operator
[2026-05-03T11:28:30.029+0000] {logging_mixin.py:188} INFO - [2026-05-03T11:28:30.028+0000] {dag.py:3947} INFO - Setting next_dagrun for example_branch_operator to 2026-05-02 00:00:00+00:00, run_after=2026-05-03 00:00:00+00:00
[2026-05-03T11:28:30.061+0000] {processor.py:183} INFO - Processing /home/airflow/.local/lib/python3.12/site-packages/airflow/example_dags/example_branch_operator.py took 0.407 seconds
[2026-05-03T11:29:00.555+0000] {processor.py:161} INFO - Started process (PID=184) to work on /home/airflow/.local/lib/python3.12/site-packages/airflow/example_dags/example_branch_operator.py
[2026-05-03T11:29:00.557+0000] {processor.py:830} INFO - Processing file /home/airflow/.local/lib/python3.12/site-packages/airflow/example_dags/example_branch_operator.py for tasks to queue
[2026-05-03T11:29:00.561+0000] {logging_mixin.py:188} INFO - [2026-05-03T11:29:00.561+0000] {dagbag.py:545} INFO - Filling up the DagBag from /home/airflow/.local/lib/python3.12/site-packages/airflow/example_dags/example_branch_operator.py
[2026-05-03T11:29:00.590+0000] {processor.py:840} INFO - DAG(s) 'example_branch_operator' retrieved from /home/airflow/.local/lib/python3.12/site-packages/airflow/example_dags/example_branch_operator.py
[2026-05-03T11:29:00.638+0000] {logging_mixin.py:188} INFO - [2026-05-03T11:29:00.637+0000] {dag.py:3089} INFO - Sync 1 DAGs
[2026-05-03T11:29:00.674+0000] {logging_mixin.py:188} INFO - [2026-05-03T11:29:00.674+0000] {dag.py:3947} INFO - Setting next_dagrun for example_branch_operator to 2026-05-02 00:00:00+00:00, run_after=2026-05-03 00:00:00+00:00
[2026-05-03T11:29:00.708+0000] {processor.py:183} INFO - Processing /home/airflow/.local/lib/python3.12/site-packages/airflow/example_dags/example_branch_operator.py took 0.162 seconds
[2026-05-03T11:29:31.493+0000] {processor.py:161} INFO - Started process (PID=251) to work on /home/airflow/.local/lib/python3.12/site-packages/airflow/example_dags/example_branch_operator.py
[2026-05-03T11:29:31.492+0000] {processor.py:830} INFO - Processing file /home/airflow/.local/lib/python3.12/site-packages/airflow/example_dags/example_branch_operator.py for tasks to queue
[2026-05-03T11:29:31.496+0000] {logging_mixin.py:188} INFO - [2026-05-03T11:29:31.495+0000] {dagbag.py:545} INFO - Filling up the DagBag from /home/airflow/.local/lib/python3.12/site-packages/airflow/example_dags/example_branch_operator.py
[2026-05-03T11:29:31.519+0000] {processor.py:840} INFO - DAG(s) 'example_branch_operator' retrieved from /home/airflow/.local/lib/python3.12/site-packages/airflow/example_dags/example_branch_operator.py
[2026-05-03T11:29:31.566+0000] {logging_mixin.py:188} INFO - [2026-05-03T11:29:31.566+0000] {dag.py:3089} INFO - Sync 1 DAGs
[2026-05-03T11:29:31.600+0000] {logging_mixin.py:188} INFO - [2026-05-03T11:29:31.600+0000] {dag.py:3947} INFO - Setting next_dagrun for example_branch_operator to 2026-05-02 00:00:00+00:00, run_after=2026-05-03 00:00:00+00:00
[2026-05-03T11:29:31.637+0000] {processor.py:183} INFO - Processing /home/airflow/.local/lib/python3.12/site-packages/airflow/example_dags/example_branch_operator.py took 0.158 seconds
[2026-05-03T11:30:02.145+0000] {processor.py:161} INFO - Started process (PID=319) to work on /home/airflow/.local/lib/python3.12/site-packages/airflow/example_dags/example_branch_operator.py
[2026-05-03T11:30:02.148+0000] {processor.py:830} INFO - Processing file /home/airflow/.local/lib/python3.12/site-packages/airflow/example_dags/example_branch_operator.py for tasks to queue
[2026-05-03T11:30:02.155+0000] {logging_mixin.py:188} INFO - [2026-05-03T11:30:02.154+0000] {dagbag.py:545} INFO - Filling up the DagBag from /home/airflow/.local/lib/python3.12/site-packages/airflow/example_dags/example_branch_operator.py
[2026-05-03T11:30:02.186+0000] {processor.py:840} INFO - DAG(s) 'example_branch_operator' retrieved from /home/airflow/.local/lib/python3.12/site-packages/airflow/example_dags/example_branch_operator.py
[2026-05-03T11:30:02.246+0000] {logging_mixin.py:188} INFO - [2026-05-03T11:30:02.245+0000] {dag.py:3089} INFO - Sync 1 DAGs
[2026-05-03T11:30:02.284+0000] {logging_mixin.py:188} INFO - [2026-05-03T11:30:02.283+0000] {dag.py:3947} INFO - Setting next_dagrun for example_branch_operator to 2026-05-02 00:00:00+00:00, run_after=2026-05-03 00:00:00+00:00
[2026-05-03T11:30:02.338+0000] {processor.py:183} INFO - Processing /home/airflow/.local/lib/python3.12/site-packages/airflow/example_dags/example_branch_operator.py took 0.207 seconds
[2026-05-03T11:30:32.886+0000] {processor.py:161} INFO - Started process (PID=387) to work on /home/airflow/.local/lib/python3.12/site-packages/airflow/example_dags/example_branch_operator.py
[2026-05-03T11:30:32.889+0000] {processor.py:830} INFO - Processing file /home/airflow/.local/lib/python3.12/site-packages/airflow/example_dags/example_branch_operator.py for tasks to queue
[2026-05-03T11:30:32.895+0000] {logging_mixin.py:188} INFO - [2026-05-03T11:30:32.894+0000] {dagbag.py:545} INFO - Filling up the DagBag from /home/airflow/.local/lib/python3.12/site-packages/airflow/example_dags/example_branch_operator.py
[2026-05-03T11:30:32.930+0000] {processor.py:840} INFO - DAG(s) 'example_branch_operator' retrieved from /home/airflow/.local/lib/python3.12/site-packages/airflow/example_dags/example_branch_operator.py
[2026-05-03T11:30:32.986+0000] {logging_mixin.py:188} INFO - [2026-05-03T11:30:32.986+0000] {dag.py:3089} INFO - Sync 1 DAGs
[2026-05-03T11:30:33.028+0000] {logging_mixin.py:188} INFO - [2026-05-03T11:30:33.028+0000] {dag.py:3947} INFO - Setting next_dagrun for example_branch_operator to 2026-05-02 00:00:00+00:00, run_after=2026-05-03 00:00:00+00:00
[2026-05-03T11:30:33.070+0000] {processor.py:183} INFO - Processing /home/airflow/.local/lib/python3.12/site-packages/airflow/example_dags/example_branch_operator.py took 0.198 seconds
[2026-05-03T11:31:03.495+0000] {processor.py:161} INFO - Started process (PID=463) to work on /home/airflow/.local/lib/python3.12/site-packages/airflow/example_dags/example_branch_operator.py
[2026-05-03T11:31:03.497+0000] {processor.py:830} INFO - Processing file /home/airflow/.local/lib/python3.12/site-packages/airflow/example_dags/example_branch_operator.py for tasks to queue
[2026-05-03T11:31:03.501+0000] {logging_mixin.py:188} INFO - [2026-05-03T11:31:03.500+0000] {dagbag.py:545} INFO - Filling up the DagBag from /home/airflow/.local/lib/python3.12/site-packages/airflow/example_dags/example_branch_operator.py
[2026-05-03T11:31:03.525+0000] {processor.py:840} INFO - DAG(s) 'example_branch_operator' retrieved from /home/airflow/.local/lib/python3.12/site-packages/airflow/example_dags/example_branch_operator.py
[2026-05-03T11:31:03.575+0000] {logging_mixin.py:188} INFO - [2026-05-03T11:31:03.575+0000] {dag.py:3089} INFO - Sync 1 DAGs
[2026-05-03T11:31:03.620+0000] {logging_mixin.py:188} INFO - [2026-05-03T11:31:03.619+0000] {dag.py:3947} INFO - Setting next_dagrun for example_branch_operator to 2026-05-02 00:00:00+00:00, run_after=2026-05-03 00:00:00+00:00
[2026-05-03T11:31:03.658+0000] {processor.py:183} INFO - Processing /home/airflow/.local/lib/python3.12/site-packages/airflow/example_dags/example_branch_operator.py took 0.172 seconds
[2026-05-03T11:31:33.778+0000] {processor.py:161} INFO - Started process (PID=531) to work on /home/airflow/.local/lib/python3.12/site-packages/airflow/example_dags/example_branch_operator.py
[2026-05-03T11:31:33.781+0000] {processor.py:830} INFO - Processing file /home/airflow/.local/lib/python3.12/site-packages/airflow/example_dags/example_branch_operator.py for tasks to queue
[2026-05-03T11:31:33.784+0000] {logging_mixin.py:188} INFO - [2026-05-03T11:31:33.783+0000] {dagbag.py:545} INFO - Filling up the DagBag from /home/airflow/.local/lib/python3.12/site-packages/airflow/example_dags/example_branch_operator.py
[2026-05-03T11:31:33.811+0000] {processor.py:840} INFO - DAG(s) 'example_branch_operator' retrieved from /home/airflow/.local/lib/python3.12/site-packages/airflow/example_dags/example_branch_operator.py
[2026-05-03T11:31:33.856+0000] {logging_mixin.py:188} INFO - [2026-05-03T11:31:33.856+0000] {dag.py:3089} INFO - Sync 1 DAGs
[2026-05-03T11:31:33.891+0000] {logging_mixin.py:188} INFO - [2026-05-03T11:31:33.891+0000] {dag.py:3947} INFO - Setting next_dagrun for example_branch_operator to 2026-05-02 00:00:00+00:00, run_after=2026-05-03 00:00:00+00:00
[2026-05-03T11:31:33.943+0000] {processor.py:183} INFO - Processing /home/airflow/.local/lib/python3.12/site-packages/airflow/example_dags/example_branch_operator.py took 0.174 seconds
[2026-05-03T11:32:04.299+0000] {processor.py:161} INFO - Started process (PID=600) to work on /home/airflow/.local/lib/python3.12/site-packages/airflow/example_dags/example_branch_operator.py
[2026-05-03T11:32:04.301+0000] {processor.py:830} INFO - Processing file /home/airflow/.local/lib/python3.12/site-packages/airflow/example_dags/example_branch_operator.py for tasks to queue
[2026-05-03T11:32:04.306+0000] {logging_mixin.py:188} INFO - [2026-05-03T11:32:04.305+0000] {dagbag.py:545} INFO - Filling up the DagBag from /home/airflow/.local/lib/python3.12/site-packages/airflow/example_dags/example_branch_operator.py
[2026-05-03T11:32:04.339+0000] {processor.py:840} INFO - DAG(s) 'example_branch_operator' retrieved from /home/airflow/.local/lib/python3.12/site-packages/airflow/example_dags/example_branch_operator.py
[2026-05-03T11:32:04.392+0000] {logging_mixin.py:188} INFO - [2026-05-03T11:32:04.391+0000] {dag.py:3089} INFO - Sync 1 DAGs
[2026-05-03T11:32:04.443+0000] {logging_mixin.py:188} INFO - [2026-05-03T11:32:04.442+0000] {dag.py:3947} INFO - Setting next_dagrun for example_branch_operator to 2026-05-02 00:00:00+00:00, run_after=2026-05-03 00:00:00+00:00
[2026-05-03T11:32:04.493+0000] {processor.py:183} INFO - Processing /home/airflow/.local/lib/python3.12/site-packages/airflow/example_dags/example_branch_operator.py took 0.209 seconds
[2026-05-03T11:32:35.630+0000] {processor.py:161} INFO - Started process (PID=668) to work on /home/airflow/.local/lib/python3.12/site-packages/airflow/example_dags/example_branch_operator.py
[2026-05-03T11:32:35.634+0000] {processor.py:830} INFO - Processing file /home/airflow/.local/lib/python3.12/site-packages/airflow/example_dags/example_branch_operator.py for tasks to queue
[2026-05-03T11:32:35.642+0000] {logging_mixin.py:188} INFO - [2026-05-03T11:32:35.642+0000] {dagbag.py:545} INFO - Filling up the DagBag from /home/airflow/.local/lib/python3.12/site-packages/airflow/example_dags/example_branch_operator.py
[2026-05-03T11:32:35.671+0000] {processor.py:840} INFO - DAG(s) 'example_branch_operator' retrieved from /home/airflow/.local/lib/python3.12/site-packages/airflow/example_dags/example_branch_operator.py
[2026-05-03T11:32:35.736+0000] {logging_mixin.py:188} INFO - [2026-05-03T11:32:35.736+0000] {dag.py:3089} INFO - Sync 1 DAGs
[2026-05-03T11:32:35.796+0000] {logging_mixin.py:188} INFO - [2026-05-03T11:32:35.795+0000] {dag.py:3947} INFO - Setting next_dagrun for example_branch_operator to 2026-05-02 00:00:00+00:00, run_after=2026-05-03 00:00:00+00:00
[2026-05-03T11:32:35.848+0000] {processor.py:183} INFO - Processing /home/airflow/.local/lib/python3.12/site-packages/airflow/example_dags/example_branch_operator.py took 0.232 seconds
[2026-05-03T11:33:06.196+0000] {processor.py:161} INFO - Started process (PID=736) to work on /home/airflow/.local/lib/python3.12/site-packages/airflow/example_dags/example_branch_operator.py
[2026-05-03T11:33:06.198+0000] {processor.py:830} INFO - Processing file /home/airflow/.local/lib/python3.12/site-packages/airflow/example_dags/example_branch_operator.py for tasks to queue
[2026-05-03T11:33:06.203+0000] {logging_mixin.py:188} INFO - [2026-05-03T11:33:06.202+0000] {dagbag.py:545} INFO - Filling up the DagBag from /home/airflow/.local/lib/python3.12/site-packages/airflow/example_dags/example_branch_operator.py
[2026-05-03T11:33:06.235+0000] {processor.py:840} INFO - DAG(s) 'example_branch_operator' retrieved from /home/airflow/.local/lib/python3.12/site-packages/airflow/example_dags/example_branch_operator.py
[2026-05-03T11:33:06.284+0000] {logging_mixin.py:188} INFO - [2026-05-03T11:33:06.284+0000] {dag.py:3089} INFO - Sync 1 DAGs
[2026-05-03T11:33:06.341+0000] {logging_mixin.py:188} INFO - [2026-05-03T11:33:06.341+0000] {dag.py:3947} INFO - Setting next_dagrun for example_branch_operator to 2026-05-02 00:00:00+00:00, run_after=2026-05-03 00:00:00+00:00
[2026-05-03T11:33:06.393+0000] {processor.py:183} INFO - Processing /home/airflow/.local/lib/python3.12/site-packages/airflow/example_dags/example_branch_operator.py took 0.208 seconds
[2026-05-03T11:33:37.252+0000] {processor.py:161} INFO - Started process (PID=804) to work on /home/airflow/.local/lib/python3.12/site-packages/airflow/example_dags/example_branch_operator.py
[2026-05-03T11:33:37.258+0000] {processor.py:830} INFO - Processing file /home/airflow/.local/lib/python3.12/site-packages/airflow/example_dags/example_branch_operator.py for tasks to queue
[2026-05-03T11:33:37.263+0000] {logging_mixin.py:188} INFO - [2026-05-03T11:33:37.262+0000] {dagbag.py:545} INFO - Filling up the DagBag from /home/airflow/.local/lib/python3.12/site-packages/airflow/example_dags/example_branch_operator.py
[2026-05-03T11:33:37.288+0000] {processor.py:840} INFO - DAG(s) 'example_branch_operator' retrieved from /home/airflow/.local/lib/python3.12/site-packages/airflow/example_dags/example_branch_operator.py
[2026-05-03T11:33:37.330+0000] {logging_mixin.py:188} INFO - [2026-05-03T11:33:37.329+0000] {dag.py:3089} INFO - Sync 1 DAGs
[2026-05-03T11:33:37.361+0000] {logging_mixin.py:188} INFO - [2026-05-03T11:33:37.361+0000] {dag.py:3947} INFO - Setting next_dagrun for example_branch_operator to 2026-05-02 00:00:00+00:00, run_after=2026-05-03 00:00:00+00:00
[2026-05-03T11:33:37.399+0000] {processor.py:183} INFO - Processing /home/airflow/.local/lib/python3.12/site-packages/airflow/example_dags/example_branch_operator.py took 0.160 seconds
[2026-05-03T11:34:07.694+0000] {processor.py:161} INFO - Started process (PID=879) to work on /home/airflow/.local/lib/python3.12/site-packages/airflow/example_dags/example_branch_operator.py
[2026-05-03T11:34:07.695+0000] {processor.py:830} INFO - Processing file /home/airflow/.local/lib/python3.12/site-packages/airflow/example_dags/example_branch_operator.py for tasks to queue
[2026-05-03T11:34:07.699+0000] {logging_mixin.py:188} INFO - [2026-05-03T11:34:07.698+0000] {dagbag.py:545} INFO - Filling up the DagBag from /home/airflow/.local/lib/python3.12/site-packages/airflow/example_dags/example_branch_operator.py
[2026-05-03T11:34:07.722+0000] {processor.py:840} INFO - DAG(s) 'example_branch_operator' retrieved from /home/airflow/.local/lib/python3.12/site-packages/airflow/example_dags/example_branch_operator.py
[2026-05-03T11:34:07.762+0000] {logging_mixin.py:188} INFO - [2026-05-03T11:34:07.761+0000] {dag.py:3089} INFO - Sync 1 DAGs
[2026-05-03T11:34:07.797+0000] {logging_mixin.py:188} INFO - [2026-05-03T11:34:07.796+0000] {dag.py:3947} INFO - Setting next_dagrun for example_branch_operator to 2026-05-02 00:00:00+00:00, run_after=2026-05-03 00:00:00+00:00
[2026-05-03T11:34:07.831+0000] {processor.py:183} INFO - Processing /home/airflow/.local/lib/python3.12/site-packages/airflow/example_dags/example_branch_operator.py took 0.147 seconds
[2026-05-03T11:34:38.072+0000] {processor.py:161} INFO - Started process (PID=947) to work on /home/airflow/.local/lib/python3.12/site-packages/airflow/example_dags/example_branch_operator.py
[2026-05-03T11:34:38.078+0000] {processor.py:830} INFO - Processing file /home/airflow/.local/lib/python3.12/site-packages/airflow/example_dags/example_branch_operator.py for tasks to queue
[2026-05-03T11:34:38.085+0000] {logging_mixin.py:188} INFO - [2026-05-03T11:34:38.084+0000] {dagbag.py:545} INFO - Filling up the DagBag from /home/airflow/.local/lib/python3.12/site-packages/airflow/example_dags/example_branch_operator.py
[2026-05-03T11:34:38.117+0000] {processor.py:840} INFO - DAG(s) 'example_branch_operator' retrieved from /home/airflow/.local/lib/python3.12/site-packages/airflow/example_dags/example_branch_operator.py
[2026-05-03T11:34:38.178+0000] {logging_mixin.py:188} INFO - [2026-05-03T11:34:38.177+0000] {dag.py:3089} INFO - Sync 1 DAGs
[2026-05-03T11:34:38.225+0000] {logging_mixin.py:188} INFO - [2026-05-03T11:34:38.225+0000] {dag.py:3947} INFO - Setting next_dagrun for example_branch_operator to 2026-05-02 00:00:00+00:00, run_after=2026-05-03 00:00:00+00:00
[2026-05-03T11:34:38.275+0000] {processor.py:183} INFO - Processing /home/airflow/.local/lib/python3.12/site-packages/airflow/example_dags/example_branch_operator.py took 0.218 seconds
[2026-05-03T11:35:09.174+0000] {processor.py:161} INFO - Started process (PID=1016) to work on /home/airflow/.local/lib/python3.12/site-packages/airflow/example_dags/example_branch_operator.py
[2026-05-03T11:35:09.177+0000] {processor.py:830} INFO - Processing file /home/airflow/.local/lib/python3.12/site-packages/airflow/example_dags/example_branch_operator.py for tasks to queue
[2026-05-03T11:35:09.195+0000] {logging_mixin.py:188} INFO - [2026-05-03T11:35:09.194+0000] {dagbag.py:545} INFO - Filling up the DagBag from /home/airflow/.local/lib/python3.12/site-packages/airflow/example_dags/example_branch_operator.py
[2026-05-03T11:35:09.226+0000] {processor.py:840} INFO - DAG(s) 'example_branch_operator' retrieved from /home/airflow/.local/lib/python3.12/site-packages/airflow/example_dags/example_branch_operator.py
[2026-05-03T11:35:09.275+0000] {logging_mixin.py:188} INFO - [2026-05-03T11:35:09.274+0000] {dag.py:3089} INFO - Sync 1 DAGs
[2026-05-03T11:35:09.315+0000] {logging_mixin.py:188} INFO - [2026-05-03T11:35:09.315+0000] {dag.py:3947} INFO - Setting next_dagrun for example_branch_operator to 2026-05-02 00:00:00+00:00, run_after=2026-05-03 00:00:00+00:00
[2026-05-03T11:35:09.350+0000] {processor.py:183} INFO - Processing /home/airflow/.local/lib/python3.12/site-packages/airflow/example_dags/example_branch_operator.py took 0.187 seconds
[2026-05-03T11:38:09.754+0000] {processor.py:161} INFO - Started process (PID=92) to work on /home/airflow/.local/lib/python3.12/site-packages/airflow/example_dags/example_branch_operator.py
[2026-05-03T11:38:09.757+0000] {processor.py:830} INFO - Processing file /home/airflow/.local/lib/python3.12/site-packages/airflow/example_dags/example_branch_operator.py for tasks to queue
[2026-05-03T11:38:09.761+0000] {logging_mixin.py:188} INFO - [2026-05-03T11:38:09.761+0000] {dagbag.py:545} INFO - Filling up the DagBag from /home/airflow/.local/lib/python3.12/site-packages/airflow/example_dags/example_branch_operator.py
[2026-05-03T11:38:09.798+0000] {processor.py:840} INFO - DAG(s) 'example_branch_operator' retrieved from /home/airflow/.local/lib/python3.12/site-packages/airflow/example_dags/example_branch_operator.py
[2026-05-03T11:38:09.970+0000] {logging_mixin.py:188} INFO - [2026-05-03T11:38:09.969+0000] {dag.py:3089} INFO - Sync 1 DAGs
[2026-05-03T11:38:10.010+0000] {logging_mixin.py:188} INFO - [2026-05-03T11:38:10.010+0000] {dag.py:3947} INFO - Setting next_dagrun for example_branch_operator to 2026-05-02 00:00:00+00:00, run_after=2026-05-03 00:00:00+00:00
[2026-05-03T11:38:10.068+0000] {processor.py:183} INFO - Processing /home/airflow/.local/lib/python3.12/site-packages/airflow/example_dags/example_branch_operator.py took 0.326 seconds
[2026-05-03T11:38:40.831+0000] {processor.py:161} INFO - Started process (PID=160) to work on /home/airflow/.local/lib/python3.12/site-packages/airflow/example_dags/example_branch_operator.py
[2026-05-03T11:38:40.834+0000] {processor.py:830} INFO - Processing file /home/airflow/.local/lib/python3.12/site-packages/airflow/example_dags/example_branch_operator.py for tasks to queue
[2026-05-03T11:38:40.839+0000] {logging_mixin.py:188} INFO - [2026-05-03T11:38:40.839+0000] {dagbag.py:545} INFO - Filling up the DagBag from /home/airflow/.local/lib/python3.12/site-packages/airflow/example_dags/example_branch_operator.py
[2026-05-03T11:38:40.871+0000] {processor.py:840} INFO - DAG(s) 'example_branch_operator' retrieved from /home/airflow/.local/lib/python3.12/site-packages/airflow/example_dags/example_branch_operator.py
[2026-05-03T11:38:40.928+0000] {logging_mixin.py:188} INFO - [2026-05-03T11:38:40.927+0000] {dag.py:3089} INFO - Sync 1 DAGs
[2026-05-03T11:38:40.977+0000] {logging_mixin.py:188} INFO - [2026-05-03T11:38:40.977+0000] {dag.py:3947} INFO - Setting next_dagrun for example_branch_operator to 2026-05-02 00:00:00+00:00, run_after=2026-05-03 00:00:00+00:00
[2026-05-03T11:38:41.017+0000] {processor.py:183} INFO - Processing /home/airflow/.local/lib/python3.12/site-packages/airflow/example_dags/example_branch_operator.py took 0.201 seconds
[2026-05-03T11:39:11.873+0000] {processor.py:161} INFO - Started process (PID=228) to work on /home/airflow/.local/lib/python3.12/site-packages/airflow/example_dags/example_branch_operator.py
[2026-05-03T11:39:11.876+0000] {processor.py:830} INFO - Processing file /home/airflow/.local/lib/python3.12/site-packages/airflow/example_dags/example_branch_operator.py for tasks to queue
[2026-05-03T11:39:11.881+0000] {logging_mixin.py:188} INFO - [2026-05-03T11:39:11.881+0000] {dagbag.py:545} INFO - Filling up the DagBag from /home/airflow/.local/lib/python3.12/site-packages/airflow/example_dags/example_branch_operator.py
[2026-05-03T11:39:11.912+0000] {processor.py:840} INFO - DAG(s) 'example_branch_operator' retrieved from /home/airflow/.local/lib/python3.12/site-packages/airflow/example_dags/example_branch_operator.py
[2026-05-03T11:39:11.962+0000] {logging_mixin.py:188} INFO - [2026-05-03T11:39:11.961+0000] {dag.py:3089} INFO - Sync 1 DAGs
[2026-05-03T11:39:12.011+0000] {logging_mixin.py:188} INFO - [2026-05-03T11:39:12.010+0000] {dag.py:3947} INFO - Setting next_dagrun for example_branch_operator to 2026-05-02 00:00:00+00:00, run_after=2026-05-03 00:00:00+00:00
[2026-05-03T11:39:12.079+0000] {processor.py:183} INFO - Processing /home/airflow/.local/lib/python3.12/site-packages/airflow/example_dags/example_branch_operator.py took 0.221 seconds
[2026-05-03T11:39:43.005+0000] {processor.py:161} INFO - Started process (PID=304) to work on /home/airflow/.local/lib/python3.12/site-packages/airflow/example_dags/example_branch_operator.py
[2026-05-03T11:39:43.007+0000] {processor.py:830} INFO - Processing file /home/airflow/.local/lib/python3.12/site-packages/airflow/example_dags/example_branch_operator.py for tasks to queue
[2026-05-03T11:39:43.011+0000] {logging_mixin.py:188} INFO - [2026-05-03T11:39:43.010+0000] {dagbag.py:545} INFO - Filling up the DagBag from /home/airflow/.local/lib/python3.12/site-packages/airflow/example_dags/example_branch_operator.py
[2026-05-03T11:39:43.036+0000] {processor.py:840} INFO - DAG(s) 'example_branch_operator' retrieved from /home/airflow/.local/lib/python3.12/site-packages/airflow/example_dags/example_branch_operator.py
[2026-05-03T11:39:43.080+0000] {logging_mixin.py:188} INFO - [2026-05-03T11:39:43.080+0000] {dag.py:3089} INFO - Sync 1 DAGs
[2026-05-03T11:39:43.112+0000] {logging_mixin.py:188} INFO - [2026-05-03T11:39:43.112+0000] {dag.py:3947} INFO - Setting next_dagrun for example_branch_operator to 2026-05-02 00:00:00+00:00, run_after=2026-05-03 00:00:00+00:00
[2026-05-03T11:39:43.142+0000] {processor.py:183} INFO - Processing /home/airflow/.local/lib/python3.12/site-packages/airflow/example_dags/example_branch_operator.py took 0.148 seconds
[2026-05-03T11:40:13.400+0000] {processor.py:161} INFO - Started process (PID=372) to work on /home/airflow/.local/lib/python3.12/site-packages/airflow/example_dags/example_branch_operator.py
[2026-05-03T11:40:13.403+0000] {processor.py:830} INFO - Processing file /home/airflow/.local/lib/python3.12/site-packages/airflow/example_dags/example_branch_operator.py for tasks to queue
[2026-05-03T11:40:13.409+0000] {logging_mixin.py:188} INFO - [2026-05-03T11:40:13.408+0000] {dagbag.py:545} INFO - Filling up the DagBag from /home/airflow/.local/lib/python3.12/site-packages/airflow/example_dags/example_branch_operator.py
[2026-05-03T11:40:13.453+0000] {processor.py:840} INFO - DAG(s) 'example_branch_operator' retrieved from /home/airflow/.local/lib/python3.12/site-packages/airflow/example_dags/example_branch_operator.py
[2026-05-03T11:40:13.511+0000] {logging_mixin.py:188} INFO - [2026-05-03T11:40:13.510+0000] {dag.py:3089} INFO - Sync 1 DAGs
[2026-05-03T11:40:13.551+0000] {logging_mixin.py:188} INFO - [2026-05-03T11:40:13.551+0000] {dag.py:3947} INFO - Setting next_dagrun for example_branch_operator to 2026-05-02 00:00:00+00:00, run_after=2026-05-03 00:00:00+00:00
[2026-05-03T11:40:13.589+0000] {processor.py:183} INFO - Processing /home/airflow/.local/lib/python3.12/site-packages/airflow/example_dags/example_branch_operator.py took 0.203 seconds
[2026-05-03T11:40:43.715+0000] {processor.py:161} INFO - Started process (PID=441) to work on /home/airflow/.local/lib/python3.12/site-packages/airflow/example_dags/example_branch_operator.py
[2026-05-03T11:40:43.717+0000] {processor.py:830} INFO - Processing file /home/airflow/.local/lib/python3.12/site-packages/airflow/example_dags/example_branch_operator.py for tasks to queue
[2026-05-03T11:40:43.722+0000] {logging_mixin.py:188} INFO - [2026-05-03T11:40:43.722+0000] {dagbag.py:545} INFO - Filling up the DagBag from /home/airflow/.local/lib/python3.12/site-packages/airflow/example_dags/example_branch_operator.py
[2026-05-03T11:40:43.757+0000] {processor.py:840} INFO - DAG(s) 'example_branch_operator' retrieved from /home/airflow/.local/lib/python3.12/site-packages/airflow/example_dags/example_branch_operator.py
[2026-05-03T11:40:43.804+0000] {logging_mixin.py:188} INFO - [2026-05-03T11:40:43.804+0000] {dag.py:3089} INFO - Sync 1 DAGs
[2026-05-03T11:40:43.843+0000] {logging_mixin.py:188} INFO - [2026-05-03T11:40:43.842+0000] {dag.py:3947} INFO - Setting next_dagrun for example_branch_operator to 2026-05-02 00:00:00+00:00, run_after=2026-05-03 00:00:00+00:00
[2026-05-03T11:40:43.882+0000] {processor.py:183} INFO - Processing /home/airflow/.local/lib/python3.12/site-packages/airflow/example_dags/example_branch_operator.py took 0.178 seconds
[2026-05-03T11:41:14.764+0000] {processor.py:161} INFO - Started process (PID=510) to work on /home/airflow/.local/lib/python3.12/site-packages/airflow/example_dags/example_branch_operator.py
[2026-05-03T11:41:14.769+0000] {processor.py:830} INFO - Processing file /home/airflow/.local/lib/python3.12/site-packages/airflow/example_dags/example_branch_operator.py for tasks to queue
[2026-05-03T11:41:14.773+0000] {logging_mixin.py:188} INFO - [2026-05-03T11:41:14.772+0000] {dagbag.py:545} INFO - Filling up the DagBag from /home/airflow/.local/lib/python3.12/site-packages/airflow/example_dags/example_branch_operator.py
[2026-05-03T11:41:14.808+0000] {processor.py:840} INFO - DAG(s) 'example_branch_operator' retrieved from /home/airflow/.local/lib/python3.12/site-packages/airflow/example_dags/example_branch_operator.py
[2026-05-03T11:41:14.850+0000] {logging_mixin.py:188} INFO - [2026-05-03T11:41:14.850+0000] {dag.py:3089} INFO - Sync 1 DAGs
[2026-05-03T11:41:14.890+0000] {logging_mixin.py:188} INFO - [2026-05-03T11:41:14.890+0000] {dag.py:3947} INFO - Setting next_dagrun for example_branch_operator to 2026-05-02 00:00:00+00:00, run_after=2026-05-03 00:00:00+00:00
[2026-05-03T11:41:14.942+0000] {processor.py:183} INFO - Processing /home/airflow/.local/lib/python3.12/site-packages/airflow/example_dags/example_branch_operator.py took 0.198 seconds
[2026-05-03T11:42:30.074+0000] {processor.py:161} INFO - Started process (PID=93) to work on /home/airflow/.local/lib/python3.12/site-packages/airflow/example_dags/example_branch_operator.py
[2026-05-03T11:42:30.075+0000] {processor.py:830} INFO - Processing file /home/airflow/.local/lib/python3.12/site-packages/airflow/example_dags/example_branch_operator.py for tasks to queue
[2026-05-03T11:42:30.079+0000] {logging_mixin.py:188} INFO - [2026-05-03T11:42:30.078+0000] {dagbag.py:545} INFO - Filling up the DagBag from /home/airflow/.local/lib/python3.12/site-packages/airflow/example_dags/example_branch_operator.py
[2026-05-03T11:42:30.104+0000] {processor.py:840} INFO - DAG(s) 'example_branch_operator' retrieved from /home/airflow/.local/lib/python3.12/site-packages/airflow/example_dags/example_branch_operator.py
[2026-05-03T11:42:30.276+0000] {logging_mixin.py:188} INFO - [2026-05-03T11:42:30.276+0000] {dag.py:3089} INFO - Sync 1 DAGs
[2026-05-03T11:42:30.317+0000] {logging_mixin.py:188} INFO - [2026-05-03T11:42:30.316+0000] {dag.py:3947} INFO - Setting next_dagrun for example_branch_operator to 2026-05-02 00:00:00+00:00, run_after=2026-05-03 00:00:00+00:00
[2026-05-03T11:42:30.359+0000] {processor.py:183} INFO - Processing /home/airflow/.local/lib/python3.12/site-packages/airflow/example_dags/example_branch_operator.py took 0.296 seconds
[2026-05-03T11:43:00.560+0000] {processor.py:161} INFO - Started process (PID=161) to work on /home/airflow/.local/lib/python3.12/site-packages/airflow/example_dags/example_branch_operator.py
[2026-05-03T11:43:00.562+0000] {processor.py:830} INFO - Processing file /home/airflow/.local/lib/python3.12/site-packages/airflow/example_dags/example_branch_operator.py for tasks to queue
[2026-05-03T11:43:00.566+0000] {logging_mixin.py:188} INFO - [2026-05-03T11:43:00.565+0000] {dagbag.py:545} INFO - Filling up the DagBag from /home/airflow/.local/lib/python3.12/site-packages/airflow/example_dags/example_branch_operator.py
[2026-05-03T11:43:00.598+0000] {processor.py:840} INFO - DAG(s) 'example_branch_operator' retrieved from /home/airflow/.local/lib/python3.12/site-packages/airflow/example_dags/example_branch_operator.py
[2026-05-03T11:43:00.645+0000] {logging_mixin.py:188} INFO - [2026-05-03T11:43:00.645+0000] {dag.py:3089} INFO - Sync 1 DAGs
[2026-05-03T11:43:00.680+0000] {logging_mixin.py:188} INFO - [2026-05-03T11:43:00.679+0000] {dag.py:3947} INFO - Setting next_dagrun for example_branch_operator to 2026-05-02 00:00:00+00:00, run_after=2026-05-03 00:00:00+00:00
[2026-05-03T11:43:00.716+0000] {processor.py:183} INFO - Processing /home/airflow/.local/lib/python3.12/site-packages/airflow/example_dags/example_branch_operator.py took 0.166 seconds
[2026-05-03T11:43:30.957+0000] {processor.py:161} INFO - Started process (PID=228) to work on /home/airflow/.local/lib/python3.12/site-packages/airflow/example_dags/example_branch_operator.py
[2026-05-03T11:43:30.960+0000] {processor.py:830} INFO - Processing file /home/airflow/.local/lib/python3.12/site-packages/airflow/example_dags/example_branch_operator.py for tasks to queue
[2026-05-03T11:43:30.965+0000] {logging_mixin.py:188} INFO - [2026-05-03T11:43:30.965+0000] {dagbag.py:545} INFO - Filling up the DagBag from /home/airflow/.local/lib/python3.12/site-packages/airflow/example_dags/example_branch_operator.py
[2026-05-03T11:43:31.001+0000] {processor.py:840} INFO - DAG(s) 'example_branch_operator' retrieved from /home/airflow/.local/lib/python3.12/site-packages/airflow/example_dags/example_branch_operator.py
[2026-05-03T11:43:31.048+0000] {logging_mixin.py:188} INFO - [2026-05-03T11:43:31.048+0000] {dag.py:3089} INFO - Sync 1 DAGs
[2026-05-03T11:43:31.086+0000] {logging_mixin.py:188} INFO - [2026-05-03T11:43:31.085+0000] {dag.py:3947} INFO - Setting next_dagrun for example_branch_operator to 2026-05-02 00:00:00+00:00, run_after=2026-05-03 00:00:00+00:00
[2026-05-03T11:43:31.120+0000] {processor.py:183} INFO - Processing /home/airflow/.local/lib/python3.12/site-packages/airflow/example_dags/example_branch_operator.py took 0.175 seconds
[2026-05-03T11:44:02.065+0000] {processor.py:161} INFO - Started process (PID=296) to work on /home/airflow/.local/lib/python3.12/site-packages/airflow/example_dags/example_branch_operator.py
[2026-05-03T11:44:02.069+0000] {processor.py:830} INFO - Processing file /home/airflow/.local/lib/python3.12/site-packages/airflow/example_dags/example_branch_operator.py for tasks to queue
[2026-05-03T11:44:02.075+0000] {logging_mixin.py:188} INFO - [2026-05-03T11:44:02.074+0000] {dagbag.py:545} INFO - Filling up the DagBag from /home/airflow/.local/lib/python3.12/site-packages/airflow/example_dags/example_branch_operator.py
[2026-05-03T11:44:02.121+0000] {processor.py:840} INFO - DAG(s) 'example_branch_operator' retrieved from /home/airflow/.local/lib/python3.12/site-packages/airflow/example_dags/example_branch_operator.py
[2026-05-03T11:44:02.171+0000] {logging_mixin.py:188} INFO - [2026-05-03T11:44:02.170+0000] {dag.py:3089} INFO - Sync 1 DAGs
[2026-05-03T11:44:02.228+0000] {logging_mixin.py:188} INFO - [2026-05-03T11:44:02.228+0000] {dag.py:3947} INFO - Setting next_dagrun for example_branch_operator to 2026-05-02 00:00:00+00:00, run_after=2026-05-03 00:00:00+00:00
[2026-05-03T11:44:02.270+0000] {processor.py:183} INFO - Processing /home/airflow/.local/lib/python3.12/site-packages/airflow/example_dags/example_branch_operator.py took 0.219 seconds
[2026-05-03T11:44:33.172+0000] {processor.py:161} INFO - Started process (PID=363) to work on /home/airflow/.local/lib/python3.12/site-packages/airflow/example_dags/example_branch_operator.py
[2026-05-03T11:44:33.176+0000] {processor.py:830} INFO - Processing file /home/airflow/.local/lib/python3.12/site-packages/airflow/example_dags/example_branch_operator.py for tasks to queue
[2026-05-03T11:44:33.182+0000] {logging_mixin.py:188} INFO - [2026-05-03T11:44:33.181+0000] {dagbag.py:545} INFO - Filling up the DagBag from /home/airflow/.local/lib/python3.12/site-packages/airflow/example_dags/example_branch_operator.py
[2026-05-03T11:44:33.214+0000] {processor.py:840} INFO - DAG(s) 'example_branch_operator' retrieved from /home/airflow/.local/lib/python3.12/site-packages/airflow/example_dags/example_branch_operator.py
[2026-05-03T11:44:33.273+0000] {logging_mixin.py:188} INFO - [2026-05-03T11:44:33.273+0000] {dag.py:3089} INFO - Sync 1 DAGs
[2026-05-03T11:44:33.316+0000] {logging_mixin.py:188} INFO - [2026-05-03T11:44:33.315+0000] {dag.py:3947} INFO - Setting next_dagrun for example_branch_operator to 2026-05-02 00:00:00+00:00, run_after=2026-05-03 00:00:00+00:00
[2026-05-03T11:44:33.358+0000] {processor.py:183} INFO - Processing /home/airflow/.local/lib/python3.12/site-packages/airflow/example_dags/example_branch_operator.py took 0.202 seconds
[2026-05-03T11:45:04.683+0000] {processor.py:161} INFO - Started process (PID=431) to work on /home/airflow/.local/lib/python3.12/site-packages/airflow/example_dags/example_branch_operator.py
[2026-05-03T11:45:04.685+0000] {processor.py:830} INFO - Processing file /home/airflow/.local/lib/python3.12/site-packages/airflow/example_dags/example_branch_operator.py for tasks to queue
[2026-05-03T11:45:04.690+0000] {logging_mixin.py:188} INFO - [2026-05-03T11:45:04.689+0000] {dagbag.py:545} INFO - Filling up the DagBag from /home/airflow/.local/lib/python3.12/site-packages/airflow/example_dags/example_branch_operator.py
[2026-05-03T11:45:04.716+0000] {processor.py:840} INFO - DAG(s) 'example_branch_operator' retrieved from /home/airflow/.local/lib/python3.12/site-packages/airflow/example_dags/example_branch_operator.py
[2026-05-03T11:45:04.760+0000] {logging_mixin.py:188} INFO - [2026-05-03T11:45:04.759+0000] {dag.py:3089} INFO - Sync 1 DAGs
[2026-05-03T11:45:04.795+0000] {logging_mixin.py:188} INFO - [2026-05-03T11:45:04.794+0000] {dag.py:3947} INFO - Setting next_dagrun for example_branch_operator to 2026-05-02 00:00:00+00:00, run_after=2026-05-03 00:00:00+00:00
[2026-05-03T11:45:04.844+0000] {processor.py:183} INFO - Processing /home/airflow/.local/lib/python3.12/site-packages/airflow/example_dags/example_branch_operator.py took 0.171 seconds
[2026-05-03T11:45:35.005+0000] {processor.py:161} INFO - Started process (PID=505) to work on /home/airflow/.local/lib/python3.12/site-packages/airflow/example_dags/example_branch_operator.py
[2026-05-03T11:45:35.008+0000] {processor.py:830} INFO - Processing file /home/airflow/.local/lib/python3.12/site-packages/airflow/example_dags/example_branch_operator.py for tasks to queue
[2026-05-03T11:45:35.011+0000] {logging_mixin.py:188} INFO - [2026-05-03T11:45:35.011+0000] {dagbag.py:545} INFO - Filling up the DagBag from /home/airflow/.local/lib/python3.12/site-packages/airflow/example_dags/example_branch_operator.py
[2026-05-03T11:45:35.034+0000] {processor.py:840} INFO - DAG(s) 'example_branch_operator' retrieved from /home/airflow/.local/lib/python3.12/site-packages/airflow/example_dags/example_branch_operator.py
[2026-05-03T11:45:35.083+0000] {logging_mixin.py:188} INFO - [2026-05-03T11:45:35.082+0000] {dag.py:3089} INFO - Sync 1 DAGs
[2026-05-03T11:45:35.122+0000] {logging_mixin.py:188} INFO - [2026-05-03T11:45:35.122+0000] {dag.py:3947} INFO - Setting next_dagrun for example_branch_operator to 2026-05-02 00:00:00+00:00, run_after=2026-05-03 00:00:00+00:00
[2026-05-03T11:45:35.159+0000] {processor.py:183} INFO - Processing /home/airflow/.local/lib/python3.12/site-packages/airflow/example_dags/example_branch_operator.py took 0.165 seconds
[2026-05-03T11:46:05.765+0000] {processor.py:161} INFO - Started process (PID=573) to work on /home/airflow/.local/lib/python3.12/site-packages/airflow/example_dags/example_branch_operator.py
[2026-05-03T11:46:05.767+0000] {processor.py:830} INFO - Processing file /home/airflow/.local/lib/python3.12/site-packages/airflow/example_dags/example_branch_operator.py for tasks to queue
[2026-05-03T11:46:05.773+0000] {logging_mixin.py:188} INFO - [2026-05-03T11:46:05.773+0000] {dagbag.py:545} INFO - Filling up the DagBag from /home/airflow/.local/lib/python3.12/site-packages/airflow/example_dags/example_branch_operator.py
[2026-05-03T11:46:05.804+0000] {processor.py:840} INFO - DAG(s) 'example_branch_operator' retrieved from /home/airflow/.local/lib/python3.12/site-packages/airflow/example_dags/example_branch_operator.py
[2026-05-03T11:46:05.855+0000] {logging_mixin.py:188} INFO - [2026-05-03T11:46:05.854+0000] {dag.py:3089} INFO - Sync 1 DAGs
[2026-05-03T11:46:05.896+0000] {logging_mixin.py:188} INFO - [2026-05-03T11:46:05.895+0000] {dag.py:3947} INFO - Setting next_dagrun for example_branch_operator to 2026-05-02 00:00:00+00:00, run_after=2026-05-03 00:00:00+00:00
[2026-05-03T11:46:05.936+0000] {processor.py:183} INFO - Processing /home/airflow/.local/lib/python3.12/site-packages/airflow/example_dags/example_branch_operator.py took 0.182 seconds
[2026-05-03T11:46:36.496+0000] {processor.py:161} INFO - Started process (PID=641) to work on /home/airflow/.local/lib/python3.12/site-packages/airflow/example_dags/example_branch_operator.py
[2026-05-03T11:46:36.499+0000] {processor.py:830} INFO - Processing file /home/airflow/.local/lib/python3.12/site-packages/airflow/example_dags/example_branch_operator.py for tasks to queue
[2026-05-03T11:46:36.506+0000] {logging_mixin.py:188} INFO - [2026-05-03T11:46:36.505+0000] {dagbag.py:545} INFO - Filling up the DagBag from /home/airflow/.local/lib/python3.12/site-packages/airflow/example_dags/example_branch_operator.py
[2026-05-03T11:46:36.532+0000] {processor.py:840} INFO - DAG(s) 'example_branch_operator' retrieved from /home/airflow/.local/lib/python3.12/site-packages/airflow/example_dags/example_branch_operator.py
[2026-05-03T11:46:36.588+0000] {logging_mixin.py:188} INFO - [2026-05-03T11:46:36.588+0000] {dag.py:3089} INFO - Sync 1 DAGs
[2026-05-03T11:46:36.627+0000] {logging_mixin.py:188} INFO - [2026-05-03T11:46:36.627+0000] {dag.py:3947} INFO - Setting next_dagrun for example_branch_operator to 2026-05-02 00:00:00+00:00, run_after=2026-05-03 00:00:00+00:00
[2026-05-03T11:46:36.669+0000] {processor.py:183} INFO - Processing /home/airflow/.local/lib/python3.12/site-packages/airflow/example_dags/example_branch_operator.py took 0.192 seconds
[2026-05-03T16:26:26.664+0000] {processor.py:161} INFO - Started process (PID=719) to work on /home/airflow/.local/lib/python3.12/site-packages/airflow/example_dags/example_branch_operator.py
[2026-05-03T16:26:26.666+0000] {processor.py:830} INFO - Processing file /home/airflow/.local/lib/python3.12/site-packages/airflow/example_dags/example_branch_operator.py for tasks to queue
[2026-05-03T16:26:26.667+0000] {logging_mixin.py:188} INFO - [2026-05-03T16:26:26.667+0000] {dagbag.py:545} INFO - Filling up the DagBag from /home/airflow/.local/lib/python3.12/site-packages/airflow/example_dags/example_branch_operator.py
[2026-05-03T16:26:26.692+0000] {processor.py:840} INFO - DAG(s) 'example_branch_operator' retrieved from /home/airflow/.local/lib/python3.12/site-packages/airflow/example_dags/example_branch_operator.py
[2026-05-03T16:26:26.734+0000] {logging_mixin.py:188} INFO - [2026-05-03T16:26:26.733+0000] {dag.py:3089} INFO - Sync 1 DAGs
[2026-05-03T16:26:26.766+0000] {logging_mixin.py:188} INFO - [2026-05-03T16:26:26.766+0000] {dag.py:3947} INFO - Setting next_dagrun for example_branch_operator to 2026-05-02 00:00:00+00:00, run_after=2026-05-03 00:00:00+00:00
[2026-05-03T16:26:26.808+0000] {processor.py:183} INFO - Processing /home/airflow/.local/lib/python3.12/site-packages/airflow/example_dags/example_branch_operator.py took 0.154 seconds
[2026-05-03T16:26:57.378+0000] {processor.py:161} INFO - Started process (PID=786) to work on /home/airflow/.local/lib/python3.12/site-packages/airflow/example_dags/example_branch_operator.py
[2026-05-03T16:26:57.381+0000] {processor.py:830} INFO - Processing file /home/airflow/.local/lib/python3.12/site-packages/airflow/example_dags/example_branch_operator.py for tasks to queue
[2026-05-03T16:26:57.383+0000] {logging_mixin.py:188} INFO - [2026-05-03T16:26:57.382+0000] {dagbag.py:545} INFO - Filling up the DagBag from /home/airflow/.local/lib/python3.12/site-packages/airflow/example_dags/example_branch_operator.py
[2026-05-03T16:26:57.411+0000] {processor.py:840} INFO - DAG(s) 'example_branch_operator' retrieved from /home/airflow/.local/lib/python3.12/site-packages/airflow/example_dags/example_branch_operator.py
[2026-05-03T16:26:57.453+0000] {logging_mixin.py:188} INFO - [2026-05-03T16:26:57.452+0000] {dag.py:3089} INFO - Sync 1 DAGs
[2026-05-03T16:26:57.487+0000] {logging_mixin.py:188} INFO - [2026-05-03T16:26:57.486+0000] {dag.py:3947} INFO - Setting next_dagrun for example_branch_operator to 2026-05-02 00:00:00+00:00, run_after=2026-05-03 00:00:00+00:00
[2026-05-03T16:26:57.519+0000] {processor.py:183} INFO - Processing /home/airflow/.local/lib/python3.12/site-packages/airflow/example_dags/example_branch_operator.py took 0.152 seconds
[2026-05-03T16:27:27.702+0000] {processor.py:161} INFO - Started process (PID=853) to work on /home/airflow/.local/lib/python3.12/site-packages/airflow/example_dags/example_branch_operator.py
[2026-05-03T16:27:27.704+0000] {processor.py:830} INFO - Processing file /home/airflow/.local/lib/python3.12/site-packages/airflow/example_dags/example_branch_operator.py for tasks to queue
[2026-05-03T16:27:27.706+0000] {logging_mixin.py:188} INFO - [2026-05-03T16:27:27.705+0000] {dagbag.py:545} INFO - Filling up the DagBag from /home/airflow/.local/lib/python3.12/site-packages/airflow/example_dags/example_branch_operator.py
[2026-05-03T16:27:27.729+0000] {processor.py:840} INFO - DAG(s) 'example_branch_operator' retrieved from /home/airflow/.local/lib/python3.12/site-packages/airflow/example_dags/example_branch_operator.py
[2026-05-03T16:27:27.772+0000] {logging_mixin.py:188} INFO - [2026-05-03T16:27:27.772+0000] {dag.py:3089} INFO - Sync 1 DAGs
[2026-05-03T16:27:27.806+0000] {logging_mixin.py:188} INFO - [2026-05-03T16:27:27.805+0000] {dag.py:3947} INFO - Setting next_dagrun for example_branch_operator to 2026-05-02 00:00:00+00:00, run_after=2026-05-03 00:00:00+00:00
[2026-05-03T16:27:27.840+0000] {processor.py:183} INFO - Processing /home/airflow/.local/lib/python3.12/site-packages/airflow/example_dags/example_branch_operator.py took 0.148 seconds
[2026-05-03T16:27:58.922+0000] {processor.py:161} INFO - Started process (PID=921) to work on /home/airflow/.local/lib/python3.12/site-packages/airflow/example_dags/example_branch_operator.py
[2026-05-03T16:27:58.924+0000] {processor.py:830} INFO - Processing file /home/airflow/.local/lib/python3.12/site-packages/airflow/example_dags/example_branch_operator.py for tasks to queue
[2026-05-03T16:27:58.926+0000] {logging_mixin.py:188} INFO - [2026-05-03T16:27:58.925+0000] {dagbag.py:545} INFO - Filling up the DagBag from /home/airflow/.local/lib/python3.12/site-packages/airflow/example_dags/example_branch_operator.py
[2026-05-03T16:27:58.956+0000] {processor.py:840} INFO - DAG(s) 'example_branch_operator' retrieved from /home/airflow/.local/lib/python3.12/site-packages/airflow/example_dags/example_branch_operator.py
[2026-05-03T16:27:59.002+0000] {logging_mixin.py:188} INFO - [2026-05-03T16:27:59.001+0000] {dag.py:3089} INFO - Sync 1 DAGs
[2026-05-03T16:27:59.038+0000] {logging_mixin.py:188} INFO - [2026-05-03T16:27:59.037+0000] {dag.py:3947} INFO - Setting next_dagrun for example_branch_operator to 2026-05-02 00:00:00+00:00, run_after=2026-05-03 00:00:00+00:00
[2026-05-03T16:27:59.070+0000] {processor.py:183} INFO - Processing /home/airflow/.local/lib/python3.12/site-packages/airflow/example_dags/example_branch_operator.py took 0.162 seconds
[2026-05-03T16:28:30.522+0000] {processor.py:161} INFO - Started process (PID=989) to work on /home/airflow/.local/lib/python3.12/site-packages/airflow/example_dags/example_branch_operator.py
[2026-05-03T16:28:30.526+0000] {processor.py:830} INFO - Processing file /home/airflow/.local/lib/python3.12/site-packages/airflow/example_dags/example_branch_operator.py for tasks to queue
[2026-05-03T16:28:30.528+0000] {logging_mixin.py:188} INFO - [2026-05-03T16:28:30.528+0000] {dagbag.py:545} INFO - Filling up the DagBag from /home/airflow/.local/lib/python3.12/site-packages/airflow/example_dags/example_branch_operator.py
[2026-05-03T16:28:30.558+0000] {processor.py:840} INFO - DAG(s) 'example_branch_operator' retrieved from /home/airflow/.local/lib/python3.12/site-packages/airflow/example_dags/example_branch_operator.py
[2026-05-03T16:28:30.611+0000] {logging_mixin.py:188} INFO - [2026-05-03T16:28:30.610+0000] {dag.py:3089} INFO - Sync 1 DAGs
[2026-05-03T16:28:30.650+0000] {logging_mixin.py:188} INFO - [2026-05-03T16:28:30.649+0000] {dag.py:3947} INFO - Setting next_dagrun for example_branch_operator to 2026-05-02 00:00:00+00:00, run_after=2026-05-03 00:00:00+00:00
[2026-05-03T16:28:30.695+0000] {processor.py:183} INFO - Processing /home/airflow/.local/lib/python3.12/site-packages/airflow/example_dags/example_branch_operator.py took 0.186 seconds
[2026-05-03T16:29:01.007+0000] {processor.py:161} INFO - Started process (PID=1057) to work on /home/airflow/.local/lib/python3.12/site-packages/airflow/example_dags/example_branch_operator.py
[2026-05-03T16:29:01.009+0000] {processor.py:830} INFO - Processing file /home/airflow/.local/lib/python3.12/site-packages/airflow/example_dags/example_branch_operator.py for tasks to queue
[2026-05-03T16:29:01.011+0000] {logging_mixin.py:188} INFO - [2026-05-03T16:29:01.010+0000] {dagbag.py:545} INFO - Filling up the DagBag from /home/airflow/.local/lib/python3.12/site-packages/airflow/example_dags/example_branch_operator.py
[2026-05-03T16:29:01.035+0000] {processor.py:840} INFO - DAG(s) 'example_branch_operator' retrieved from /home/airflow/.local/lib/python3.12/site-packages/airflow/example_dags/example_branch_operator.py
[2026-05-03T16:29:01.080+0000] {logging_mixin.py:188} INFO - [2026-05-03T16:29:01.080+0000] {dag.py:3089} INFO - Sync 1 DAGs
[2026-05-03T16:29:01.117+0000] {logging_mixin.py:188} INFO - [2026-05-03T16:29:01.117+0000] {dag.py:3947} INFO - Setting next_dagrun for example_branch_operator to 2026-05-02 00:00:00+00:00, run_after=2026-05-03 00:00:00+00:00
[2026-05-03T16:29:01.155+0000] {processor.py:183} INFO - Processing /home/airflow/.local/lib/python3.12/site-packages/airflow/example_dags/example_branch_operator.py took 0.158 seconds
[2026-05-03T16:29:31.677+0000] {processor.py:161} INFO - Started process (PID=1125) to work on /home/airflow/.local/lib/python3.12/site-packages/airflow/example_dags/example_branch_operator.py
[2026-05-03T16:29:31.682+0000] {processor.py:830} INFO - Processing file /home/airflow/.local/lib/python3.12/site-packages/airflow/example_dags/example_branch_operator.py for tasks to queue
[2026-05-03T16:29:31.685+0000] {logging_mixin.py:188} INFO - [2026-05-03T16:29:31.684+0000] {dagbag.py:545} INFO - Filling up the DagBag from /home/airflow/.local/lib/python3.12/site-packages/airflow/example_dags/example_branch_operator.py
[2026-05-03T16:29:31.710+0000] {processor.py:840} INFO - DAG(s) 'example_branch_operator' retrieved from /home/airflow/.local/lib/python3.12/site-packages/airflow/example_dags/example_branch_operator.py
[2026-05-03T16:29:31.764+0000] {logging_mixin.py:188} INFO - [2026-05-03T16:29:31.763+0000] {dag.py:3089} INFO - Sync 1 DAGs
[2026-05-03T16:29:31.813+0000] {logging_mixin.py:188} INFO - [2026-05-03T16:29:31.813+0000] {dag.py:3947} INFO - Setting next_dagrun for example_branch_operator to 2026-05-02 00:00:00+00:00, run_after=2026-05-03 00:00:00+00:00
[2026-05-03T16:29:31.865+0000] {processor.py:183} INFO - Processing /home/airflow/.local/lib/python3.12/site-packages/airflow/example_dags/example_branch_operator.py took 0.205 seconds
[2026-05-03T16:30:03.226+0000] {processor.py:161} INFO - Started process (PID=1193) to work on /home/airflow/.local/lib/python3.12/site-packages/airflow/example_dags/example_branch_operator.py
[2026-05-03T16:30:03.229+0000] {processor.py:830} INFO - Processing file /home/airflow/.local/lib/python3.12/site-packages/airflow/example_dags/example_branch_operator.py for tasks to queue
[2026-05-03T16:30:03.231+0000] {logging_mixin.py:188} INFO - [2026-05-03T16:30:03.230+0000] {dagbag.py:545} INFO - Filling up the DagBag from /home/airflow/.local/lib/python3.12/site-packages/airflow/example_dags/example_branch_operator.py
[2026-05-03T16:30:03.261+0000] {processor.py:840} INFO - DAG(s) 'example_branch_operator' retrieved from /home/airflow/.local/lib/python3.12/site-packages/airflow/example_dags/example_branch_operator.py
[2026-05-03T16:30:03.310+0000] {logging_mixin.py:188} INFO - [2026-05-03T16:30:03.310+0000] {dag.py:3089} INFO - Sync 1 DAGs
[2026-05-03T16:30:03.349+0000] {logging_mixin.py:188} INFO - [2026-05-03T16:30:03.349+0000] {dag.py:3947} INFO - Setting next_dagrun for example_branch_operator to 2026-05-02 00:00:00+00:00, run_after=2026-05-03 00:00:00+00:00
[2026-05-03T16:30:03.385+0000] {processor.py:183} INFO - Processing /home/airflow/.local/lib/python3.12/site-packages/airflow/example_dags/example_branch_operator.py took 0.170 seconds
[2026-05-03T16:30:33.817+0000] {processor.py:161} INFO - Started process (PID=1268) to work on /home/airflow/.local/lib/python3.12/site-packages/airflow/example_dags/example_branch_operator.py
[2026-05-03T16:30:33.819+0000] {processor.py:830} INFO - Processing file /home/airflow/.local/lib/python3.12/site-packages/airflow/example_dags/example_branch_operator.py for tasks to queue
[2026-05-03T16:30:33.822+0000] {logging_mixin.py:188} INFO - [2026-05-03T16:30:33.821+0000] {dagbag.py:545} INFO - Filling up the DagBag from /home/airflow/.local/lib/python3.12/site-packages/airflow/example_dags/example_branch_operator.py
[2026-05-03T16:30:33.848+0000] {processor.py:840} INFO - DAG(s) 'example_branch_operator' retrieved from /home/airflow/.local/lib/python3.12/site-packages/airflow/example_dags/example_branch_operator.py
[2026-05-03T16:30:33.895+0000] {logging_mixin.py:188} INFO - [2026-05-03T16:30:33.895+0000] {dag.py:3089} INFO - Sync 1 DAGs
[2026-05-03T16:30:33.931+0000] {logging_mixin.py:188} INFO - [2026-05-03T16:30:33.931+0000] {dag.py:3947} INFO - Setting next_dagrun for example_branch_operator to 2026-05-02 00:00:00+00:00, run_after=2026-05-03 00:00:00+00:00
[2026-05-03T16:30:33.966+0000] {processor.py:183} INFO - Processing /home/airflow/.local/lib/python3.12/site-packages/airflow/example_dags/example_branch_operator.py took 0.160 seconds
[2026-05-03T16:31:04.530+0000] {processor.py:161} INFO - Started process (PID=1336) to work on /home/airflow/.local/lib/python3.12/site-packages/airflow/example_dags/example_branch_operator.py
[2026-05-03T16:31:04.533+0000] {processor.py:830} INFO - Processing file /home/airflow/.local/lib/python3.12/site-packages/airflow/example_dags/example_branch_operator.py for tasks to queue
[2026-05-03T16:31:04.535+0000] {logging_mixin.py:188} INFO - [2026-05-03T16:31:04.534+0000] {dagbag.py:545} INFO - Filling up the DagBag from /home/airflow/.local/lib/python3.12/site-packages/airflow/example_dags/example_branch_operator.py
[2026-05-03T16:31:04.564+0000] {processor.py:840} INFO - DAG(s) 'example_branch_operator' retrieved from /home/airflow/.local/lib/python3.12/site-packages/airflow/example_dags/example_branch_operator.py
[2026-05-03T16:31:04.609+0000] {logging_mixin.py:188} INFO - [2026-05-03T16:31:04.608+0000] {dag.py:3089} INFO - Sync 1 DAGs
[2026-05-03T16:31:04.654+0000] {logging_mixin.py:188} INFO - [2026-05-03T16:31:04.654+0000] {dag.py:3947} INFO - Setting next_dagrun for example_branch_operator to 2026-05-02 00:00:00+00:00, run_after=2026-05-03 00:00:00+00:00
[2026-05-03T16:31:04.697+0000] {processor.py:183} INFO - Processing /home/airflow/.local/lib/python3.12/site-packages/airflow/example_dags/example_branch_operator.py took 0.181 seconds
[2026-05-03T16:31:35.250+0000] {processor.py:161} INFO - Started process (PID=1404) to work on /home/airflow/.local/lib/python3.12/site-packages/airflow/example_dags/example_branch_operator.py
[2026-05-03T16:31:35.252+0000] {processor.py:830} INFO - Processing file /home/airflow/.local/lib/python3.12/site-packages/airflow/example_dags/example_branch_operator.py for tasks to queue
[2026-05-03T16:31:35.254+0000] {logging_mixin.py:188} INFO - [2026-05-03T16:31:35.253+0000] {dagbag.py:545} INFO - Filling up the DagBag from /home/airflow/.local/lib/python3.12/site-packages/airflow/example_dags/example_branch_operator.py
[2026-05-03T16:31:35.282+0000] {processor.py:840} INFO - DAG(s) 'example_branch_operator' retrieved from /home/airflow/.local/lib/python3.12/site-packages/airflow/example_dags/example_branch_operator.py
[2026-05-03T16:31:35.327+0000] {logging_mixin.py:188} INFO - [2026-05-03T16:31:35.327+0000] {dag.py:3089} INFO - Sync 1 DAGs
[2026-05-03T16:31:35.364+0000] {logging_mixin.py:188} INFO - [2026-05-03T16:31:35.364+0000] {dag.py:3947} INFO - Setting next_dagrun for example_branch_operator to 2026-05-02 00:00:00+00:00, run_after=2026-05-03 00:00:00+00:00
[2026-05-03T16:31:35.409+0000] {processor.py:183} INFO - Processing /home/airflow/.local/lib/python3.12/site-packages/airflow/example_dags/example_branch_operator.py took 0.169 seconds
[2026-05-03T16:32:05.777+0000] {processor.py:161} INFO - Started process (PID=1472) to work on /home/airflow/.local/lib/python3.12/site-packages/airflow/example_dags/example_branch_operator.py
[2026-05-03T16:32:05.780+0000] {processor.py:830} INFO - Processing file /home/airflow/.local/lib/python3.12/site-packages/airflow/example_dags/example_branch_operator.py for tasks to queue
[2026-05-03T16:32:05.782+0000] {logging_mixin.py:188} INFO - [2026-05-03T16:32:05.782+0000] {dagbag.py:545} INFO - Filling up the DagBag from /home/airflow/.local/lib/python3.12/site-packages/airflow/example_dags/example_branch_operator.py
[2026-05-03T16:32:05.807+0000] {processor.py:840} INFO - DAG(s) 'example_branch_operator' retrieved from /home/airflow/.local/lib/python3.12/site-packages/airflow/example_dags/example_branch_operator.py
[2026-05-03T16:32:05.849+0000] {logging_mixin.py:188} INFO - [2026-05-03T16:32:05.849+0000] {dag.py:3089} INFO - Sync 1 DAGs
[2026-05-03T16:32:05.883+0000] {logging_mixin.py:188} INFO - [2026-05-03T16:32:05.883+0000] {dag.py:3947} INFO - Setting next_dagrun for example_branch_operator to 2026-05-02 00:00:00+00:00, run_after=2026-05-03 00:00:00+00:00
[2026-05-03T16:32:05.914+0000] {processor.py:183} INFO - Processing /home/airflow/.local/lib/python3.12/site-packages/airflow/example_dags/example_branch_operator.py took 0.146 seconds
[2026-05-03T16:32:37.277+0000] {processor.py:161} INFO - Started process (PID=1539) to work on /home/airflow/.local/lib/python3.12/site-packages/airflow/example_dags/example_branch_operator.py
[2026-05-03T16:32:37.280+0000] {processor.py:830} INFO - Processing file /home/airflow/.local/lib/python3.12/site-packages/airflow/example_dags/example_branch_operator.py for tasks to queue
[2026-05-03T16:32:37.282+0000] {logging_mixin.py:188} INFO - [2026-05-03T16:32:37.281+0000] {dagbag.py:545} INFO - Filling up the DagBag from /home/airflow/.local/lib/python3.12/site-packages/airflow/example_dags/example_branch_operator.py
[2026-05-03T16:32:37.316+0000] {processor.py:840} INFO - DAG(s) 'example_branch_operator' retrieved from /home/airflow/.local/lib/python3.12/site-packages/airflow/example_dags/example_branch_operator.py
[2026-05-03T16:32:37.372+0000] {logging_mixin.py:188} INFO - [2026-05-03T16:32:37.372+0000] {dag.py:3089} INFO - Sync 1 DAGs
[2026-05-03T16:32:37.415+0000] {logging_mixin.py:188} INFO - [2026-05-03T16:32:37.414+0000] {dag.py:3947} INFO - Setting next_dagrun for example_branch_operator to 2026-05-02 00:00:00+00:00, run_after=2026-05-03 00:00:00+00:00
[2026-05-03T16:32:37.454+0000] {processor.py:183} INFO - Processing /home/airflow/.local/lib/python3.12/site-packages/airflow/example_dags/example_branch_operator.py took 0.189 seconds
[2026-05-03T16:33:07.943+0000] {processor.py:161} INFO - Started process (PID=1607) to work on /home/airflow/.local/lib/python3.12/site-packages/airflow/example_dags/example_branch_operator.py
[2026-05-03T16:33:07.946+0000] {processor.py:830} INFO - Processing file /home/airflow/.local/lib/python3.12/site-packages/airflow/example_dags/example_branch_operator.py for tasks to queue
[2026-05-03T16:33:07.949+0000] {logging_mixin.py:188} INFO - [2026-05-03T16:33:07.948+0000] {dagbag.py:545} INFO - Filling up the DagBag from /home/airflow/.local/lib/python3.12/site-packages/airflow/example_dags/example_branch_operator.py
[2026-05-03T16:33:07.981+0000] {processor.py:840} INFO - DAG(s) 'example_branch_operator' retrieved from /home/airflow/.local/lib/python3.12/site-packages/airflow/example_dags/example_branch_operator.py
[2026-05-03T16:33:08.036+0000] {logging_mixin.py:188} INFO - [2026-05-03T16:33:08.036+0000] {dag.py:3089} INFO - Sync 1 DAGs
[2026-05-03T16:33:08.079+0000] {logging_mixin.py:188} INFO - [2026-05-03T16:33:08.078+0000] {dag.py:3947} INFO - Setting next_dagrun for example_branch_operator to 2026-05-02 00:00:00+00:00, run_after=2026-05-03 00:00:00+00:00
[2026-05-03T16:33:08.120+0000] {processor.py:183} INFO - Processing /home/airflow/.local/lib/python3.12/site-packages/airflow/example_dags/example_branch_operator.py took 0.192 seconds
[2026-05-03T16:33:38.486+0000] {processor.py:161} INFO - Started process (PID=1675) to work on /home/airflow/.local/lib/python3.12/site-packages/airflow/example_dags/example_branch_operator.py
[2026-05-03T16:33:38.489+0000] {processor.py:830} INFO - Processing file /home/airflow/.local/lib/python3.12/site-packages/airflow/example_dags/example_branch_operator.py for tasks to queue
[2026-05-03T16:33:38.491+0000] {logging_mixin.py:188} INFO - [2026-05-03T16:33:38.490+0000] {dagbag.py:545} INFO - Filling up the DagBag from /home/airflow/.local/lib/python3.12/site-packages/airflow/example_dags/example_branch_operator.py
[2026-05-03T16:33:38.520+0000] {processor.py:840} INFO - DAG(s) 'example_branch_operator' retrieved from /home/airflow/.local/lib/python3.12/site-packages/airflow/example_dags/example_branch_operator.py
[2026-05-03T16:33:38.584+0000] {logging_mixin.py:188} INFO - [2026-05-03T16:33:38.584+0000] {dag.py:3089} INFO - Sync 1 DAGs
[2026-05-03T16:33:38.630+0000] {logging_mixin.py:188} INFO - [2026-05-03T16:33:38.629+0000] {dag.py:3947} INFO - Setting next_dagrun for example_branch_operator to 2026-05-02 00:00:00+00:00, run_after=2026-05-03 00:00:00+00:00
[2026-05-03T16:33:38.680+0000] {processor.py:183} INFO - Processing /home/airflow/.local/lib/python3.12/site-packages/airflow/example_dags/example_branch_operator.py took 0.207 seconds
[2026-05-03T16:34:09.173+0000] {processor.py:161} INFO - Started process (PID=1749) to work on /home/airflow/.local/lib/python3.12/site-packages/airflow/example_dags/example_branch_operator.py
[2026-05-03T16:34:09.176+0000] {processor.py:830} INFO - Processing file /home/airflow/.local/lib/python3.12/site-packages/airflow/example_dags/example_branch_operator.py for tasks to queue
[2026-05-03T16:34:09.178+0000] {logging_mixin.py:188} INFO - [2026-05-03T16:34:09.177+0000] {dagbag.py:545} INFO - Filling up the DagBag from /home/airflow/.local/lib/python3.12/site-packages/airflow/example_dags/example_branch_operator.py
[2026-05-03T16:34:09.204+0000] {processor.py:840} INFO - DAG(s) 'example_branch_operator' retrieved from /home/airflow/.local/lib/python3.12/site-packages/airflow/example_dags/example_branch_operator.py
[2026-05-03T16:34:09.250+0000] {logging_mixin.py:188} INFO - [2026-05-03T16:34:09.250+0000] {dag.py:3089} INFO - Sync 1 DAGs
[2026-05-03T16:34:09.287+0000] {logging_mixin.py:188} INFO - [2026-05-03T16:34:09.286+0000] {dag.py:3947} INFO - Setting next_dagrun for example_branch_operator to 2026-05-02 00:00:00+00:00, run_after=2026-05-03 00:00:00+00:00
[2026-05-03T16:34:09.554+0000] {processor.py:183} INFO - Processing /home/airflow/.local/lib/python3.12/site-packages/airflow/example_dags/example_branch_operator.py took 0.390 seconds
[2026-05-03T16:34:39.650+0000] {processor.py:161} INFO - Started process (PID=1816) to work on /home/airflow/.local/lib/python3.12/site-packages/airflow/example_dags/example_branch_operator.py
[2026-05-03T16:34:39.652+0000] {processor.py:830} INFO - Processing file /home/airflow/.local/lib/python3.12/site-packages/airflow/example_dags/example_branch_operator.py for tasks to queue
[2026-05-03T16:34:39.653+0000] {logging_mixin.py:188} INFO - [2026-05-03T16:34:39.653+0000] {dagbag.py:545} INFO - Filling up the DagBag from /home/airflow/.local/lib/python3.12/site-packages/airflow/example_dags/example_branch_operator.py
[2026-05-03T16:34:39.678+0000] {processor.py:840} INFO - DAG(s) 'example_branch_operator' retrieved from /home/airflow/.local/lib/python3.12/site-packages/airflow/example_dags/example_branch_operator.py
[2026-05-03T16:34:39.721+0000] {logging_mixin.py:188} INFO - [2026-05-03T16:34:39.721+0000] {dag.py:3089} INFO - Sync 1 DAGs
[2026-05-03T16:34:39.759+0000] {logging_mixin.py:188} INFO - [2026-05-03T16:34:39.758+0000] {dag.py:3947} INFO - Setting next_dagrun for example_branch_operator to 2026-05-02 00:00:00+00:00, run_after=2026-05-03 00:00:00+00:00
[2026-05-03T16:34:39.805+0000] {processor.py:183} INFO - Processing /home/airflow/.local/lib/python3.12/site-packages/airflow/example_dags/example_branch_operator.py took 0.166 seconds
[2026-05-03T16:35:10.657+0000] {processor.py:161} INFO - Started process (PID=1885) to work on /home/airflow/.local/lib/python3.12/site-packages/airflow/example_dags/example_branch_operator.py
[2026-05-03T16:35:10.659+0000] {processor.py:830} INFO - Processing file /home/airflow/.local/lib/python3.12/site-packages/airflow/example_dags/example_branch_operator.py for tasks to queue
[2026-05-03T16:35:10.661+0000] {logging_mixin.py:188} INFO - [2026-05-03T16:35:10.660+0000] {dagbag.py:545} INFO - Filling up the DagBag from /home/airflow/.local/lib/python3.12/site-packages/airflow/example_dags/example_branch_operator.py
[2026-05-03T16:35:10.691+0000] {processor.py:840} INFO - DAG(s) 'example_branch_operator' retrieved from /home/airflow/.local/lib/python3.12/site-packages/airflow/example_dags/example_branch_operator.py
[2026-05-03T16:35:10.737+0000] {logging_mixin.py:188} INFO - [2026-05-03T16:35:10.736+0000] {dag.py:3089} INFO - Sync 1 DAGs
[2026-05-03T16:35:10.777+0000] {logging_mixin.py:188} INFO - [2026-05-03T16:35:10.777+0000] {dag.py:3947} INFO - Setting next_dagrun for example_branch_operator to 2026-05-02 00:00:00+00:00, run_after=2026-05-03 00:00:00+00:00
[2026-05-03T16:35:10.811+0000] {processor.py:183} INFO - Processing /home/airflow/.local/lib/python3.12/site-packages/airflow/example_dags/example_branch_operator.py took 0.165 seconds
[2026-05-03T16:35:41.033+0000] {processor.py:161} INFO - Started process (PID=1954) to work on /home/airflow/.local/lib/python3.12/site-packages/airflow/example_dags/example_branch_operator.py
[2026-05-03T16:35:41.035+0000] {processor.py:830} INFO - Processing file /home/airflow/.local/lib/python3.12/site-packages/airflow/example_dags/example_branch_operator.py for tasks to queue
[2026-05-03T16:35:41.036+0000] {logging_mixin.py:188} INFO - [2026-05-03T16:35:41.036+0000] {dagbag.py:545} INFO - Filling up the DagBag from /home/airflow/.local/lib/python3.12/site-packages/airflow/example_dags/example_branch_operator.py
[2026-05-03T16:35:41.063+0000] {processor.py:840} INFO - DAG(s) 'example_branch_operator' retrieved from /home/airflow/.local/lib/python3.12/site-packages/airflow/example_dags/example_branch_operator.py
[2026-05-03T16:35:41.119+0000] {logging_mixin.py:188} INFO - [2026-05-03T16:35:41.119+0000] {dag.py:3089} INFO - Sync 1 DAGs
[2026-05-03T16:35:41.156+0000] {logging_mixin.py:188} INFO - [2026-05-03T16:35:41.156+0000] {dag.py:3947} INFO - Setting next_dagrun for example_branch_operator to 2026-05-02 00:00:00+00:00, run_after=2026-05-03 00:00:00+00:00
[2026-05-03T16:35:41.196+0000] {processor.py:183} INFO - Processing /home/airflow/.local/lib/python3.12/site-packages/airflow/example_dags/example_branch_operator.py took 0.177 seconds
[2026-05-03T16:36:12.363+0000] {processor.py:161} INFO - Started process (PID=2022) to work on /home/airflow/.local/lib/python3.12/site-packages/airflow/example_dags/example_branch_operator.py
[2026-05-03T16:36:12.367+0000] {processor.py:830} INFO - Processing file /home/airflow/.local/lib/python3.12/site-packages/airflow/example_dags/example_branch_operator.py for tasks to queue
[2026-05-03T16:36:12.370+0000] {logging_mixin.py:188} INFO - [2026-05-03T16:36:12.369+0000] {dagbag.py:545} INFO - Filling up the DagBag from /home/airflow/.local/lib/python3.12/site-packages/airflow/example_dags/example_branch_operator.py
[2026-05-03T16:36:12.412+0000] {processor.py:840} INFO - DAG(s) 'example_branch_operator' retrieved from /home/airflow/.local/lib/python3.12/site-packages/airflow/example_dags/example_branch_operator.py
[2026-05-03T16:36:12.480+0000] {logging_mixin.py:188} INFO - [2026-05-03T16:36:12.480+0000] {dag.py:3089} INFO - Sync 1 DAGs
[2026-05-03T16:36:12.528+0000] {logging_mixin.py:188} INFO - [2026-05-03T16:36:12.528+0000] {dag.py:3947} INFO - Setting next_dagrun for example_branch_operator to 2026-05-02 00:00:00+00:00, run_after=2026-05-03 00:00:00+00:00
[2026-05-03T16:36:12.574+0000] {processor.py:183} INFO - Processing /home/airflow/.local/lib/python3.12/site-packages/airflow/example_dags/example_branch_operator.py took 0.225 seconds
[2026-05-03T16:36:43.506+0000] {processor.py:161} INFO - Started process (PID=2089) to work on /home/airflow/.local/lib/python3.12/site-packages/airflow/example_dags/example_branch_operator.py
[2026-05-03T16:36:43.510+0000] {processor.py:830} INFO - Processing file /home/airflow/.local/lib/python3.12/site-packages/airflow/example_dags/example_branch_operator.py for tasks to queue
[2026-05-03T16:36:43.542+0000] {logging_mixin.py:188} INFO - [2026-05-03T16:36:43.541+0000] {dagbag.py:545} INFO - Filling up the DagBag from /home/airflow/.local/lib/python3.12/site-packages/airflow/example_dags/example_branch_operator.py
[2026-05-03T16:36:43.577+0000] {processor.py:840} INFO - DAG(s) 'example_branch_operator' retrieved from /home/airflow/.local/lib/python3.12/site-packages/airflow/example_dags/example_branch_operator.py
[2026-05-03T16:36:43.631+0000] {logging_mixin.py:188} INFO - [2026-05-03T16:36:43.631+0000] {dag.py:3089} INFO - Sync 1 DAGs
[2026-05-03T16:36:43.671+0000] {logging_mixin.py:188} INFO - [2026-05-03T16:36:43.670+0000] {dag.py:3947} INFO - Setting next_dagrun for example_branch_operator to 2026-05-02 00:00:00+00:00, run_after=2026-05-03 00:00:00+00:00
[2026-05-03T16:36:43.717+0000] {processor.py:183} INFO - Processing /home/airflow/.local/lib/python3.12/site-packages/airflow/example_dags/example_branch_operator.py took 0.225 seconds
[2026-05-03T16:37:13.935+0000] {processor.py:161} INFO - Started process (PID=2157) to work on /home/airflow/.local/lib/python3.12/site-packages/airflow/example_dags/example_branch_operator.py
[2026-05-03T16:37:13.939+0000] {processor.py:830} INFO - Processing file /home/airflow/.local/lib/python3.12/site-packages/airflow/example_dags/example_branch_operator.py for tasks to queue
[2026-05-03T16:37:13.943+0000] {logging_mixin.py:188} INFO - [2026-05-03T16:37:13.942+0000] {dagbag.py:545} INFO - Filling up the DagBag from /home/airflow/.local/lib/python3.12/site-packages/airflow/example_dags/example_branch_operator.py
[2026-05-03T16:37:13.967+0000] {processor.py:840} INFO - DAG(s) 'example_branch_operator' retrieved from /home/airflow/.local/lib/python3.12/site-packages/airflow/example_dags/example_branch_operator.py
[2026-05-03T16:37:14.016+0000] {logging_mixin.py:188} INFO - [2026-05-03T16:37:14.016+0000] {dag.py:3089} INFO - Sync 1 DAGs
[2026-05-03T16:37:14.330+0000] {logging_mixin.py:188} INFO - [2026-05-03T16:37:14.329+0000] {dag.py:3947} INFO - Setting next_dagrun for example_branch_operator to 2026-05-02 00:00:00+00:00, run_after=2026-05-03 00:00:00+00:00
[2026-05-03T16:37:14.366+0000] {processor.py:183} INFO - Processing /home/airflow/.local/lib/python3.12/site-packages/airflow/example_dags/example_branch_operator.py took 0.443 seconds
[2026-05-03T16:37:44.681+0000] {processor.py:161} INFO - Started process (PID=2230) to work on /home/airflow/.local/lib/python3.12/site-packages/airflow/example_dags/example_branch_operator.py
[2026-05-03T16:37:44.684+0000] {processor.py:830} INFO - Processing file /home/airflow/.local/lib/python3.12/site-packages/airflow/example_dags/example_branch_operator.py for tasks to queue
[2026-05-03T16:37:44.686+0000] {logging_mixin.py:188} INFO - [2026-05-03T16:37:44.685+0000] {dagbag.py:545} INFO - Filling up the DagBag from /home/airflow/.local/lib/python3.12/site-packages/airflow/example_dags/example_branch_operator.py
[2026-05-03T16:37:44.714+0000] {processor.py:840} INFO - DAG(s) 'example_branch_operator' retrieved from /home/airflow/.local/lib/python3.12/site-packages/airflow/example_dags/example_branch_operator.py
[2026-05-03T16:37:44.763+0000] {logging_mixin.py:188} INFO - [2026-05-03T16:37:44.763+0000] {dag.py:3089} INFO - Sync 1 DAGs
[2026-05-03T16:37:44.797+0000] {logging_mixin.py:188} INFO - [2026-05-03T16:37:44.797+0000] {dag.py:3947} INFO - Setting next_dagrun for example_branch_operator to 2026-05-02 00:00:00+00:00, run_after=2026-05-03 00:00:00+00:00
[2026-05-03T16:37:45.109+0000] {processor.py:183} INFO - Processing /home/airflow/.local/lib/python3.12/site-packages/airflow/example_dags/example_branch_operator.py took 0.442 seconds
[2026-05-03T16:38:15.687+0000] {processor.py:161} INFO - Started process (PID=2299) to work on /home/airflow/.local/lib/python3.12/site-packages/airflow/example_dags/example_branch_operator.py
[2026-05-03T16:38:15.689+0000] {processor.py:830} INFO - Processing file /home/airflow/.local/lib/python3.12/site-packages/airflow/example_dags/example_branch_operator.py for tasks to queue
[2026-05-03T16:38:15.690+0000] {logging_mixin.py:188} INFO - [2026-05-03T16:38:15.690+0000] {dagbag.py:545} INFO - Filling up the DagBag from /home/airflow/.local/lib/python3.12/site-packages/airflow/example_dags/example_branch_operator.py
[2026-05-03T16:38:15.724+0000] {processor.py:840} INFO - DAG(s) 'example_branch_operator' retrieved from /home/airflow/.local/lib/python3.12/site-packages/airflow/example_dags/example_branch_operator.py
[2026-05-03T16:38:15.773+0000] {logging_mixin.py:188} INFO - [2026-05-03T16:38:15.772+0000] {dag.py:3089} INFO - Sync 1 DAGs
[2026-05-03T16:38:15.810+0000] {logging_mixin.py:188} INFO - [2026-05-03T16:38:15.809+0000] {dag.py:3947} INFO - Setting next_dagrun for example_branch_operator to 2026-05-02 00:00:00+00:00, run_after=2026-05-03 00:00:00+00:00
[2026-05-03T16:38:15.843+0000] {processor.py:183} INFO - Processing /home/airflow/.local/lib/python3.12/site-packages/airflow/example_dags/example_branch_operator.py took 0.171 seconds
[2026-05-03T16:38:46.627+0000] {processor.py:161} INFO - Started process (PID=2367) to work on /home/airflow/.local/lib/python3.12/site-packages/airflow/example_dags/example_branch_operator.py
[2026-05-03T16:38:46.635+0000] {processor.py:830} INFO - Processing file /home/airflow/.local/lib/python3.12/site-packages/airflow/example_dags/example_branch_operator.py for tasks to queue
[2026-05-03T16:38:46.640+0000] {logging_mixin.py:188} INFO - [2026-05-03T16:38:46.639+0000] {dagbag.py:545} INFO - Filling up the DagBag from /home/airflow/.local/lib/python3.12/site-packages/airflow/example_dags/example_branch_operator.py
[2026-05-03T16:38:46.677+0000] {processor.py:840} INFO - DAG(s) 'example_branch_operator' retrieved from /home/airflow/.local/lib/python3.12/site-packages/airflow/example_dags/example_branch_operator.py
[2026-05-03T16:38:46.741+0000] {logging_mixin.py:188} INFO - [2026-05-03T16:38:46.740+0000] {dag.py:3089} INFO - Sync 1 DAGs
[2026-05-03T16:38:46.789+0000] {logging_mixin.py:188} INFO - [2026-05-03T16:38:46.788+0000] {dag.py:3947} INFO - Setting next_dagrun for example_branch_operator to 2026-05-02 00:00:00+00:00, run_after=2026-05-03 00:00:00+00:00
[2026-05-03T16:38:46.841+0000] {processor.py:183} INFO - Processing /home/airflow/.local/lib/python3.12/site-packages/airflow/example_dags/example_branch_operator.py took 0.227 seconds
[2026-05-03T16:39:17.508+0000] {processor.py:161} INFO - Started process (PID=2435) to work on /home/airflow/.local/lib/python3.12/site-packages/airflow/example_dags/example_branch_operator.py
[2026-05-03T16:39:17.511+0000] {processor.py:830} INFO - Processing file /home/airflow/.local/lib/python3.12/site-packages/airflow/example_dags/example_branch_operator.py for tasks to queue
[2026-05-03T16:39:17.513+0000] {logging_mixin.py:188} INFO - [2026-05-03T16:39:17.512+0000] {dagbag.py:545} INFO - Filling up the DagBag from /home/airflow/.local/lib/python3.12/site-packages/airflow/example_dags/example_branch_operator.py
[2026-05-03T16:39:17.549+0000] {processor.py:840} INFO - DAG(s) 'example_branch_operator' retrieved from /home/airflow/.local/lib/python3.12/site-packages/airflow/example_dags/example_branch_operator.py
[2026-05-03T16:39:17.608+0000] {logging_mixin.py:188} INFO - [2026-05-03T16:39:17.608+0000] {dag.py:3089} INFO - Sync 1 DAGs
[2026-05-03T16:39:17.645+0000] {logging_mixin.py:188} INFO - [2026-05-03T16:39:17.645+0000] {dag.py:3947} INFO - Setting next_dagrun for example_branch_operator to 2026-05-02 00:00:00+00:00, run_after=2026-05-03 00:00:00+00:00
[2026-05-03T16:39:17.677+0000] {processor.py:183} INFO - Processing /home/airflow/.local/lib/python3.12/site-packages/airflow/example_dags/example_branch_operator.py took 0.180 seconds
[2026-05-03T16:39:47.994+0000] {processor.py:161} INFO - Started process (PID=2504) to work on /home/airflow/.local/lib/python3.12/site-packages/airflow/example_dags/example_branch_operator.py
[2026-05-03T16:39:47.996+0000] {processor.py:830} INFO - Processing file /home/airflow/.local/lib/python3.12/site-packages/airflow/example_dags/example_branch_operator.py for tasks to queue
[2026-05-03T16:39:47.998+0000] {logging_mixin.py:188} INFO - [2026-05-03T16:39:47.997+0000] {dagbag.py:545} INFO - Filling up the DagBag from /home/airflow/.local/lib/python3.12/site-packages/airflow/example_dags/example_branch_operator.py
[2026-05-03T16:39:48.027+0000] {processor.py:840} INFO - DAG(s) 'example_branch_operator' retrieved from /home/airflow/.local/lib/python3.12/site-packages/airflow/example_dags/example_branch_operator.py
[2026-05-03T16:39:48.084+0000] {logging_mixin.py:188} INFO - [2026-05-03T16:39:48.084+0000] {dag.py:3089} INFO - Sync 1 DAGs
[2026-05-03T16:39:48.123+0000] {logging_mixin.py:188} INFO - [2026-05-03T16:39:48.123+0000] {dag.py:3947} INFO - Setting next_dagrun for example_branch_operator to 2026-05-02 00:00:00+00:00, run_after=2026-05-03 00:00:00+00:00
[2026-05-03T16:39:48.169+0000] {processor.py:183} INFO - Processing /home/airflow/.local/lib/python3.12/site-packages/airflow/example_dags/example_branch_operator.py took 0.186 seconds
[2026-05-03T16:40:18.258+0000] {processor.py:161} INFO - Started process (PID=2572) to work on /home/airflow/.local/lib/python3.12/site-packages/airflow/example_dags/example_branch_operator.py
[2026-05-03T16:40:18.261+0000] {processor.py:830} INFO - Processing file /home/airflow/.local/lib/python3.12/site-packages/airflow/example_dags/example_branch_operator.py for tasks to queue
[2026-05-03T16:40:18.263+0000] {logging_mixin.py:188} INFO - [2026-05-03T16:40:18.262+0000] {dagbag.py:545} INFO - Filling up the DagBag from /home/airflow/.local/lib/python3.12/site-packages/airflow/example_dags/example_branch_operator.py
[2026-05-03T16:40:18.295+0000] {processor.py:840} INFO - DAG(s) 'example_branch_operator' retrieved from /home/airflow/.local/lib/python3.12/site-packages/airflow/example_dags/example_branch_operator.py
[2026-05-03T16:40:18.340+0000] {logging_mixin.py:188} INFO - [2026-05-03T16:40:18.340+0000] {dag.py:3089} INFO - Sync 1 DAGs
[2026-05-03T16:40:18.386+0000] {logging_mixin.py:188} INFO - [2026-05-03T16:40:18.386+0000] {dag.py:3947} INFO - Setting next_dagrun for example_branch_operator to 2026-05-02 00:00:00+00:00, run_after=2026-05-03 00:00:00+00:00
[2026-05-03T16:40:18.431+0000] {processor.py:183} INFO - Processing /home/airflow/.local/lib/python3.12/site-packages/airflow/example_dags/example_branch_operator.py took 0.183 seconds
[2026-05-03T16:40:49.172+0000] {processor.py:161} INFO - Started process (PID=2640) to work on /home/airflow/.local/lib/python3.12/site-packages/airflow/example_dags/example_branch_operator.py
[2026-05-03T16:40:49.175+0000] {processor.py:830} INFO - Processing file /home/airflow/.local/lib/python3.12/site-packages/airflow/example_dags/example_branch_operator.py for tasks to queue
[2026-05-03T16:40:49.179+0000] {logging_mixin.py:188} INFO - [2026-05-03T16:40:49.179+0000] {dagbag.py:545} INFO - Filling up the DagBag from /home/airflow/.local/lib/python3.12/site-packages/airflow/example_dags/example_branch_operator.py
[2026-05-03T16:40:49.210+0000] {processor.py:840} INFO - DAG(s) 'example_branch_operator' retrieved from /home/airflow/.local/lib/python3.12/site-packages/airflow/example_dags/example_branch_operator.py
[2026-05-03T16:40:49.300+0000] {logging_mixin.py:188} INFO - [2026-05-03T16:40:49.299+0000] {dag.py:3089} INFO - Sync 1 DAGs
[2026-05-03T16:40:49.357+0000] {logging_mixin.py:188} INFO - [2026-05-03T16:40:49.356+0000] {dag.py:3947} INFO - Setting next_dagrun for example_branch_operator to 2026-05-02 00:00:00+00:00, run_after=2026-05-03 00:00:00+00:00
[2026-05-03T16:40:49.409+0000] {processor.py:183} INFO - Processing /home/airflow/.local/lib/python3.12/site-packages/airflow/example_dags/example_branch_operator.py took 0.250 seconds
[2026-05-03T16:41:20.641+0000] {processor.py:161} INFO - Started process (PID=2708) to work on /home/airflow/.local/lib/python3.12/site-packages/airflow/example_dags/example_branch_operator.py
[2026-05-03T16:41:20.643+0000] {processor.py:830} INFO - Processing file /home/airflow/.local/lib/python3.12/site-packages/airflow/example_dags/example_branch_operator.py for tasks to queue
[2026-05-03T16:41:20.647+0000] {logging_mixin.py:188} INFO - [2026-05-03T16:41:20.646+0000] {dagbag.py:545} INFO - Filling up the DagBag from /home/airflow/.local/lib/python3.12/site-packages/airflow/example_dags/example_branch_operator.py
[2026-05-03T16:41:20.679+0000] {processor.py:840} INFO - DAG(s) 'example_branch_operator' retrieved from /home/airflow/.local/lib/python3.12/site-packages/airflow/example_dags/example_branch_operator.py
[2026-05-03T16:41:20.729+0000] {logging_mixin.py:188} INFO - [2026-05-03T16:41:20.729+0000] {dag.py:3089} INFO - Sync 1 DAGs
[2026-05-03T16:41:20.773+0000] {logging_mixin.py:188} INFO - [2026-05-03T16:41:20.772+0000] {dag.py:3947} INFO - Setting next_dagrun for example_branch_operator to 2026-05-02 00:00:00+00:00, run_after=2026-05-03 00:00:00+00:00
[2026-05-03T16:41:20.808+0000] {processor.py:183} INFO - Processing /home/airflow/.local/lib/python3.12/site-packages/airflow/example_dags/example_branch_operator.py took 0.182 seconds
[2026-05-03T16:41:51.321+0000] {processor.py:161} INFO - Started process (PID=2775) to work on /home/airflow/.local/lib/python3.12/site-packages/airflow/example_dags/example_branch_operator.py
[2026-05-03T16:41:51.325+0000] {processor.py:830} INFO - Processing file /home/airflow/.local/lib/python3.12/site-packages/airflow/example_dags/example_branch_operator.py for tasks to queue
[2026-05-03T16:41:51.334+0000] {logging_mixin.py:188} INFO - [2026-05-03T16:41:51.333+0000] {dagbag.py:545} INFO - Filling up the DagBag from /home/airflow/.local/lib/python3.12/site-packages/airflow/example_dags/example_branch_operator.py
[2026-05-03T16:41:51.372+0000] {processor.py:840} INFO - DAG(s) 'example_branch_operator' retrieved from /home/airflow/.local/lib/python3.12/site-packages/airflow/example_dags/example_branch_operator.py
[2026-05-03T16:41:51.443+0000] {logging_mixin.py:188} INFO - [2026-05-03T16:41:51.442+0000] {dag.py:3089} INFO - Sync 1 DAGs
[2026-05-03T16:41:51.499+0000] {logging_mixin.py:188} INFO - [2026-05-03T16:41:51.498+0000] {dag.py:3947} INFO - Setting next_dagrun for example_branch_operator to 2026-05-02 00:00:00+00:00, run_after=2026-05-03 00:00:00+00:00
[2026-05-03T16:41:51.552+0000] {processor.py:183} INFO - Processing /home/airflow/.local/lib/python3.12/site-packages/airflow/example_dags/example_branch_operator.py took 0.248 seconds
[2026-05-03T16:42:21.710+0000] {processor.py:161} INFO - Started process (PID=2850) to work on /home/airflow/.local/lib/python3.12/site-packages/airflow/example_dags/example_branch_operator.py
[2026-05-03T16:42:21.714+0000] {processor.py:830} INFO - Processing file /home/airflow/.local/lib/python3.12/site-packages/airflow/example_dags/example_branch_operator.py for tasks to queue
[2026-05-03T16:42:21.717+0000] {logging_mixin.py:188} INFO - [2026-05-03T16:42:21.716+0000] {dagbag.py:545} INFO - Filling up the DagBag from /home/airflow/.local/lib/python3.12/site-packages/airflow/example_dags/example_branch_operator.py
[2026-05-03T16:42:21.741+0000] {processor.py:840} INFO - DAG(s) 'example_branch_operator' retrieved from /home/airflow/.local/lib/python3.12/site-packages/airflow/example_dags/example_branch_operator.py
[2026-05-03T16:42:21.790+0000] {logging_mixin.py:188} INFO - [2026-05-03T16:42:21.789+0000] {dag.py:3089} INFO - Sync 1 DAGs
[2026-05-03T16:42:21.831+0000] {logging_mixin.py:188} INFO - [2026-05-03T16:42:21.831+0000] {dag.py:3947} INFO - Setting next_dagrun for example_branch_operator to 2026-05-02 00:00:00+00:00, run_after=2026-05-03 00:00:00+00:00
[2026-05-03T16:42:21.871+0000] {processor.py:183} INFO - Processing /home/airflow/.local/lib/python3.12/site-packages/airflow/example_dags/example_branch_operator.py took 0.173 seconds
[2026-05-03T16:42:52.645+0000] {processor.py:161} INFO - Started process (PID=2918) to work on /home/airflow/.local/lib/python3.12/site-packages/airflow/example_dags/example_branch_operator.py
[2026-05-03T16:42:52.647+0000] {processor.py:830} INFO - Processing file /home/airflow/.local/lib/python3.12/site-packages/airflow/example_dags/example_branch_operator.py for tasks to queue
[2026-05-03T16:42:52.648+0000] {logging_mixin.py:188} INFO - [2026-05-03T16:42:52.648+0000] {dagbag.py:545} INFO - Filling up the DagBag from /home/airflow/.local/lib/python3.12/site-packages/airflow/example_dags/example_branch_operator.py
[2026-05-03T16:42:52.675+0000] {processor.py:840} INFO - DAG(s) 'example_branch_operator' retrieved from /home/airflow/.local/lib/python3.12/site-packages/airflow/example_dags/example_branch_operator.py
[2026-05-03T16:42:52.737+0000] {logging_mixin.py:188} INFO - [2026-05-03T16:42:52.737+0000] {dag.py:3089} INFO - Sync 1 DAGs
[2026-05-03T16:42:52.777+0000] {logging_mixin.py:188} INFO - [2026-05-03T16:42:52.776+0000] {dag.py:3947} INFO - Setting next_dagrun for example_branch_operator to 2026-05-02 00:00:00+00:00, run_after=2026-05-03 00:00:00+00:00
[2026-05-03T16:42:52.827+0000] {processor.py:183} INFO - Processing /home/airflow/.local/lib/python3.12/site-packages/airflow/example_dags/example_branch_operator.py took 0.192 seconds
[2026-05-03T16:43:23.145+0000] {processor.py:161} INFO - Started process (PID=2987) to work on /home/airflow/.local/lib/python3.12/site-packages/airflow/example_dags/example_branch_operator.py
[2026-05-03T16:43:23.147+0000] {processor.py:830} INFO - Processing file /home/airflow/.local/lib/python3.12/site-packages/airflow/example_dags/example_branch_operator.py for tasks to queue
[2026-05-03T16:43:23.149+0000] {logging_mixin.py:188} INFO - [2026-05-03T16:43:23.149+0000] {dagbag.py:545} INFO - Filling up the DagBag from /home/airflow/.local/lib/python3.12/site-packages/airflow/example_dags/example_branch_operator.py
[2026-05-03T16:43:23.178+0000] {processor.py:840} INFO - DAG(s) 'example_branch_operator' retrieved from /home/airflow/.local/lib/python3.12/site-packages/airflow/example_dags/example_branch_operator.py
[2026-05-03T16:43:23.224+0000] {logging_mixin.py:188} INFO - [2026-05-03T16:43:23.223+0000] {dag.py:3089} INFO - Sync 1 DAGs
[2026-05-03T16:43:23.259+0000] {logging_mixin.py:188} INFO - [2026-05-03T16:43:23.259+0000] {dag.py:3947} INFO - Setting next_dagrun for example_branch_operator to 2026-05-02 00:00:00+00:00, run_after=2026-05-03 00:00:00+00:00
[2026-05-03T16:43:23.398+0000] {processor.py:183} INFO - Processing /home/airflow/.local/lib/python3.12/site-packages/airflow/example_dags/example_branch_operator.py took 0.265 seconds
[2026-05-03T16:43:53.703+0000] {processor.py:161} INFO - Started process (PID=3055) to work on /home/airflow/.local/lib/python3.12/site-packages/airflow/example_dags/example_branch_operator.py
[2026-05-03T16:43:53.706+0000] {processor.py:830} INFO - Processing file /home/airflow/.local/lib/python3.12/site-packages/airflow/example_dags/example_branch_operator.py for tasks to queue
[2026-05-03T16:43:53.708+0000] {logging_mixin.py:188} INFO - [2026-05-03T16:43:53.707+0000] {dagbag.py:545} INFO - Filling up the DagBag from /home/airflow/.local/lib/python3.12/site-packages/airflow/example_dags/example_branch_operator.py
[2026-05-03T16:43:53.738+0000] {processor.py:840} INFO - DAG(s) 'example_branch_operator' retrieved from /home/airflow/.local/lib/python3.12/site-packages/airflow/example_dags/example_branch_operator.py
[2026-05-03T16:43:53.783+0000] {logging_mixin.py:188} INFO - [2026-05-03T16:43:53.782+0000] {dag.py:3089} INFO - Sync 1 DAGs
[2026-05-03T16:43:53.827+0000] {logging_mixin.py:188} INFO - [2026-05-03T16:43:53.827+0000] {dag.py:3947} INFO - Setting next_dagrun for example_branch_operator to 2026-05-02 00:00:00+00:00, run_after=2026-05-03 00:00:00+00:00
[2026-05-03T16:43:53.867+0000] {processor.py:183} INFO - Processing /home/airflow/.local/lib/python3.12/site-packages/airflow/example_dags/example_branch_operator.py took 0.175 seconds
[2026-05-03T16:44:24.109+0000] {processor.py:161} INFO - Started process (PID=3123) to work on /home/airflow/.local/lib/python3.12/site-packages/airflow/example_dags/example_branch_operator.py
[2026-05-03T16:44:24.112+0000] {processor.py:830} INFO - Processing file /home/airflow/.local/lib/python3.12/site-packages/airflow/example_dags/example_branch_operator.py for tasks to queue
[2026-05-03T16:44:24.115+0000] {logging_mixin.py:188} INFO - [2026-05-03T16:44:24.115+0000] {dagbag.py:545} INFO - Filling up the DagBag from /home/airflow/.local/lib/python3.12/site-packages/airflow/example_dags/example_branch_operator.py
[2026-05-03T16:44:24.146+0000] {processor.py:840} INFO - DAG(s) 'example_branch_operator' retrieved from /home/airflow/.local/lib/python3.12/site-packages/airflow/example_dags/example_branch_operator.py
[2026-05-03T16:44:24.207+0000] {logging_mixin.py:188} INFO - [2026-05-03T16:44:24.206+0000] {dag.py:3089} INFO - Sync 1 DAGs
[2026-05-03T16:44:24.257+0000] {logging_mixin.py:188} INFO - [2026-05-03T16:44:24.257+0000] {dag.py:3947} INFO - Setting next_dagrun for example_branch_operator to 2026-05-02 00:00:00+00:00, run_after=2026-05-03 00:00:00+00:00
[2026-05-03T16:44:24.305+0000] {processor.py:183} INFO - Processing /home/airflow/.local/lib/python3.12/site-packages/airflow/example_dags/example_branch_operator.py took 0.211 seconds
[2026-05-03T16:44:55.131+0000] {processor.py:161} INFO - Started process (PID=3191) to work on /home/airflow/.local/lib/python3.12/site-packages/airflow/example_dags/example_branch_operator.py
[2026-05-03T16:44:55.139+0000] {processor.py:830} INFO - Processing file /home/airflow/.local/lib/python3.12/site-packages/airflow/example_dags/example_branch_operator.py for tasks to queue
[2026-05-03T16:44:55.141+0000] {logging_mixin.py:188} INFO - [2026-05-03T16:44:55.141+0000] {dagbag.py:545} INFO - Filling up the DagBag from /home/airflow/.local/lib/python3.12/site-packages/airflow/example_dags/example_branch_operator.py
[2026-05-03T16:44:55.175+0000] {processor.py:840} INFO - DAG(s) 'example_branch_operator' retrieved from /home/airflow/.local/lib/python3.12/site-packages/airflow/example_dags/example_branch_operator.py
[2026-05-03T16:44:55.230+0000] {logging_mixin.py:188} INFO - [2026-05-03T16:44:55.229+0000] {dag.py:3089} INFO - Sync 1 DAGs
[2026-05-03T16:44:55.291+0000] {logging_mixin.py:188} INFO - [2026-05-03T16:44:55.291+0000] {dag.py:3947} INFO - Setting next_dagrun for example_branch_operator to 2026-05-02 00:00:00+00:00, run_after=2026-05-03 00:00:00+00:00
[2026-05-03T16:44:55.350+0000] {processor.py:183} INFO - Processing /home/airflow/.local/lib/python3.12/site-packages/airflow/example_dags/example_branch_operator.py took 0.232 seconds
[2026-05-03T16:45:26.252+0000] {processor.py:161} INFO - Started process (PID=3259) to work on /home/airflow/.local/lib/python3.12/site-packages/airflow/example_dags/example_branch_operator.py
[2026-05-03T16:45:26.255+0000] {processor.py:830} INFO - Processing file /home/airflow/.local/lib/python3.12/site-packages/airflow/example_dags/example_branch_operator.py for tasks to queue
[2026-05-03T16:45:26.258+0000] {logging_mixin.py:188} INFO - [2026-05-03T16:45:26.257+0000] {dagbag.py:545} INFO - Filling up the DagBag from /home/airflow/.local/lib/python3.12/site-packages/airflow/example_dags/example_branch_operator.py
[2026-05-03T16:45:26.284+0000] {processor.py:840} INFO - DAG(s) 'example_branch_operator' retrieved from /home/airflow/.local/lib/python3.12/site-packages/airflow/example_dags/example_branch_operator.py
[2026-05-03T16:45:26.328+0000] {logging_mixin.py:188} INFO - [2026-05-03T16:45:26.328+0000] {dag.py:3089} INFO - Sync 1 DAGs
[2026-05-03T16:45:26.362+0000] {logging_mixin.py:188} INFO - [2026-05-03T16:45:26.362+0000] {dag.py:3947} INFO - Setting next_dagrun for example_branch_operator to 2026-05-02 00:00:00+00:00, run_after=2026-05-03 00:00:00+00:00
[2026-05-03T16:45:26.659+0000] {processor.py:183} INFO - Processing /home/airflow/.local/lib/python3.12/site-packages/airflow/example_dags/example_branch_operator.py took 0.418 seconds
[2026-05-03T16:45:56.797+0000] {processor.py:161} INFO - Started process (PID=3334) to work on /home/airflow/.local/lib/python3.12/site-packages/airflow/example_dags/example_branch_operator.py
[2026-05-03T16:45:56.800+0000] {processor.py:830} INFO - Processing file /home/airflow/.local/lib/python3.12/site-packages/airflow/example_dags/example_branch_operator.py for tasks to queue
[2026-05-03T16:45:56.801+0000] {logging_mixin.py:188} INFO - [2026-05-03T16:45:56.800+0000] {dagbag.py:545} INFO - Filling up the DagBag from /home/airflow/.local/lib/python3.12/site-packages/airflow/example_dags/example_branch_operator.py
[2026-05-03T16:45:56.825+0000] {processor.py:840} INFO - DAG(s) 'example_branch_operator' retrieved from /home/airflow/.local/lib/python3.12/site-packages/airflow/example_dags/example_branch_operator.py
[2026-05-03T16:45:56.870+0000] {logging_mixin.py:188} INFO - [2026-05-03T16:45:56.870+0000] {dag.py:3089} INFO - Sync 1 DAGs
[2026-05-03T16:45:56.907+0000] {logging_mixin.py:188} INFO - [2026-05-03T16:45:56.907+0000] {dag.py:3947} INFO - Setting next_dagrun for example_branch_operator to 2026-05-02 00:00:00+00:00, run_after=2026-05-03 00:00:00+00:00
[2026-05-03T16:45:56.962+0000] {processor.py:183} INFO - Processing /home/airflow/.local/lib/python3.12/site-packages/airflow/example_dags/example_branch_operator.py took 0.173 seconds
[2026-05-03T16:46:27.503+0000] {processor.py:161} INFO - Started process (PID=3402) to work on /home/airflow/.local/lib/python3.12/site-packages/airflow/example_dags/example_branch_operator.py
[2026-05-03T16:46:27.505+0000] {processor.py:830} INFO - Processing file /home/airflow/.local/lib/python3.12/site-packages/airflow/example_dags/example_branch_operator.py for tasks to queue
[2026-05-03T16:46:27.508+0000] {logging_mixin.py:188} INFO - [2026-05-03T16:46:27.507+0000] {dagbag.py:545} INFO - Filling up the DagBag from /home/airflow/.local/lib/python3.12/site-packages/airflow/example_dags/example_branch_operator.py
[2026-05-03T16:46:27.534+0000] {processor.py:840} INFO - DAG(s) 'example_branch_operator' retrieved from /home/airflow/.local/lib/python3.12/site-packages/airflow/example_dags/example_branch_operator.py
[2026-05-03T16:46:27.580+0000] {logging_mixin.py:188} INFO - [2026-05-03T16:46:27.579+0000] {dag.py:3089} INFO - Sync 1 DAGs
[2026-05-03T16:46:27.618+0000] {logging_mixin.py:188} INFO - [2026-05-03T16:46:27.618+0000] {dag.py:3947} INFO - Setting next_dagrun for example_branch_operator to 2026-05-02 00:00:00+00:00, run_after=2026-05-03 00:00:00+00:00
[2026-05-03T16:46:27.657+0000] {processor.py:183} INFO - Processing /home/airflow/.local/lib/python3.12/site-packages/airflow/example_dags/example_branch_operator.py took 0.170 seconds
[2026-05-03T16:46:58.150+0000] {processor.py:161} INFO - Started process (PID=3470) to work on /home/airflow/.local/lib/python3.12/site-packages/airflow/example_dags/example_branch_operator.py
[2026-05-03T16:46:58.154+0000] {processor.py:830} INFO - Processing file /home/airflow/.local/lib/python3.12/site-packages/airflow/example_dags/example_branch_operator.py for tasks to queue
[2026-05-03T16:46:58.156+0000] {logging_mixin.py:188} INFO - [2026-05-03T16:46:58.156+0000] {dagbag.py:545} INFO - Filling up the DagBag from /home/airflow/.local/lib/python3.12/site-packages/airflow/example_dags/example_branch_operator.py
[2026-05-03T16:46:58.198+0000] {processor.py:840} INFO - DAG(s) 'example_branch_operator' retrieved from /home/airflow/.local/lib/python3.12/site-packages/airflow/example_dags/example_branch_operator.py
[2026-05-03T16:46:58.254+0000] {logging_mixin.py:188} INFO - [2026-05-03T16:46:58.253+0000] {dag.py:3089} INFO - Sync 1 DAGs
[2026-05-03T16:46:58.294+0000] {logging_mixin.py:188} INFO - [2026-05-03T16:46:58.293+0000] {dag.py:3947} INFO - Setting next_dagrun for example_branch_operator to 2026-05-02 00:00:00+00:00, run_after=2026-05-03 00:00:00+00:00
[2026-05-03T16:46:58.346+0000] {processor.py:183} INFO - Processing /home/airflow/.local/lib/python3.12/site-packages/airflow/example_dags/example_branch_operator.py took 0.208 seconds
[2026-05-03T16:47:28.881+0000] {processor.py:161} INFO - Started process (PID=3538) to work on /home/airflow/.local/lib/python3.12/site-packages/airflow/example_dags/example_branch_operator.py
[2026-05-03T16:47:28.883+0000] {processor.py:830} INFO - Processing file /home/airflow/.local/lib/python3.12/site-packages/airflow/example_dags/example_branch_operator.py for tasks to queue
[2026-05-03T16:47:28.885+0000] {logging_mixin.py:188} INFO - [2026-05-03T16:47:28.884+0000] {dagbag.py:545} INFO - Filling up the DagBag from /home/airflow/.local/lib/python3.12/site-packages/airflow/example_dags/example_branch_operator.py
[2026-05-03T16:47:28.909+0000] {processor.py:840} INFO - DAG(s) 'example_branch_operator' retrieved from /home/airflow/.local/lib/python3.12/site-packages/airflow/example_dags/example_branch_operator.py
[2026-05-03T16:47:28.951+0000] {logging_mixin.py:188} INFO - [2026-05-03T16:47:28.951+0000] {dag.py:3089} INFO - Sync 1 DAGs
[2026-05-03T16:47:28.988+0000] {logging_mixin.py:188} INFO - [2026-05-03T16:47:28.987+0000] {dag.py:3947} INFO - Setting next_dagrun for example_branch_operator to 2026-05-02 00:00:00+00:00, run_after=2026-05-03 00:00:00+00:00
[2026-05-03T16:47:29.034+0000] {processor.py:183} INFO - Processing /home/airflow/.local/lib/python3.12/site-packages/airflow/example_dags/example_branch_operator.py took 0.162 seconds
[2026-05-03T16:47:59.708+0000] {processor.py:161} INFO - Started process (PID=3607) to work on /home/airflow/.local/lib/python3.12/site-packages/airflow/example_dags/example_branch_operator.py
[2026-05-03T16:47:59.710+0000] {processor.py:830} INFO - Processing file /home/airflow/.local/lib/python3.12/site-packages/airflow/example_dags/example_branch_operator.py for tasks to queue
[2026-05-03T16:47:59.712+0000] {logging_mixin.py:188} INFO - [2026-05-03T16:47:59.711+0000] {dagbag.py:545} INFO - Filling up the DagBag from /home/airflow/.local/lib/python3.12/site-packages/airflow/example_dags/example_branch_operator.py
[2026-05-03T16:47:59.746+0000] {processor.py:840} INFO - DAG(s) 'example_branch_operator' retrieved from /home/airflow/.local/lib/python3.12/site-packages/airflow/example_dags/example_branch_operator.py
[2026-05-03T16:47:59.805+0000] {logging_mixin.py:188} INFO - [2026-05-03T16:47:59.804+0000] {dag.py:3089} INFO - Sync 1 DAGs
[2026-05-03T16:47:59.848+0000] {logging_mixin.py:188} INFO - [2026-05-03T16:47:59.848+0000] {dag.py:3947} INFO - Setting next_dagrun for example_branch_operator to 2026-05-02 00:00:00+00:00, run_after=2026-05-03 00:00:00+00:00
[2026-05-03T16:47:59.895+0000] {processor.py:183} INFO - Processing /home/airflow/.local/lib/python3.12/site-packages/airflow/example_dags/example_branch_operator.py took 0.198 seconds
[2026-05-03T16:48:30.726+0000] {processor.py:161} INFO - Started process (PID=3675) to work on /home/airflow/.local/lib/python3.12/site-packages/airflow/example_dags/example_branch_operator.py
[2026-05-03T16:48:30.729+0000] {processor.py:830} INFO - Processing file /home/airflow/.local/lib/python3.12/site-packages/airflow/example_dags/example_branch_operator.py for tasks to queue
[2026-05-03T16:48:30.731+0000] {logging_mixin.py:188} INFO - [2026-05-03T16:48:30.731+0000] {dagbag.py:545} INFO - Filling up the DagBag from /home/airflow/.local/lib/python3.12/site-packages/airflow/example_dags/example_branch_operator.py
[2026-05-03T16:48:30.769+0000] {processor.py:840} INFO - DAG(s) 'example_branch_operator' retrieved from /home/airflow/.local/lib/python3.12/site-packages/airflow/example_dags/example_branch_operator.py
[2026-05-03T16:48:30.816+0000] {logging_mixin.py:188} INFO - [2026-05-03T16:48:30.815+0000] {dag.py:3089} INFO - Sync 1 DAGs
[2026-05-03T16:48:30.853+0000] {logging_mixin.py:188} INFO - [2026-05-03T16:48:30.852+0000] {dag.py:3947} INFO - Setting next_dagrun for example_branch_operator to 2026-05-02 00:00:00+00:00, run_after=2026-05-03 00:00:00+00:00
[2026-05-03T16:48:30.914+0000] {processor.py:183} INFO - Processing /home/airflow/.local/lib/python3.12/site-packages/airflow/example_dags/example_branch_operator.py took 0.199 seconds
[2026-05-03T16:49:01.287+0000] {processor.py:161} INFO - Started process (PID=3743) to work on /home/airflow/.local/lib/python3.12/site-packages/airflow/example_dags/example_branch_operator.py
[2026-05-03T16:49:01.289+0000] {processor.py:830} INFO - Processing file /home/airflow/.local/lib/python3.12/site-packages/airflow/example_dags/example_branch_operator.py for tasks to queue
[2026-05-03T16:49:01.291+0000] {logging_mixin.py:188} INFO - [2026-05-03T16:49:01.291+0000] {dagbag.py:545} INFO - Filling up the DagBag from /home/airflow/.local/lib/python3.12/site-packages/airflow/example_dags/example_branch_operator.py
[2026-05-03T16:49:01.325+0000] {processor.py:840} INFO - DAG(s) 'example_branch_operator' retrieved from /home/airflow/.local/lib/python3.12/site-packages/airflow/example_dags/example_branch_operator.py
[2026-05-03T16:49:01.384+0000] {logging_mixin.py:188} INFO - [2026-05-03T16:49:01.384+0000] {dag.py:3089} INFO - Sync 1 DAGs
[2026-05-03T16:49:01.438+0000] {logging_mixin.py:188} INFO - [2026-05-03T16:49:01.438+0000] {dag.py:3947} INFO - Setting next_dagrun for example_branch_operator to 2026-05-02 00:00:00+00:00, run_after=2026-05-03 00:00:00+00:00
[2026-05-03T16:49:01.490+0000] {processor.py:183} INFO - Processing /home/airflow/.local/lib/python3.12/site-packages/airflow/example_dags/example_branch_operator.py took 0.215 seconds
[2026-05-03T16:49:32.149+0000] {processor.py:161} INFO - Started process (PID=3818) to work on /home/airflow/.local/lib/python3.12/site-packages/airflow/example_dags/example_branch_operator.py
[2026-05-03T16:49:32.151+0000] {processor.py:830} INFO - Processing file /home/airflow/.local/lib/python3.12/site-packages/airflow/example_dags/example_branch_operator.py for tasks to queue
[2026-05-03T16:49:32.153+0000] {logging_mixin.py:188} INFO - [2026-05-03T16:49:32.152+0000] {dagbag.py:545} INFO - Filling up the DagBag from /home/airflow/.local/lib/python3.12/site-packages/airflow/example_dags/example_branch_operator.py
[2026-05-03T16:49:32.180+0000] {processor.py:840} INFO - DAG(s) 'example_branch_operator' retrieved from /home/airflow/.local/lib/python3.12/site-packages/airflow/example_dags/example_branch_operator.py
[2026-05-03T16:49:32.229+0000] {logging_mixin.py:188} INFO - [2026-05-03T16:49:32.228+0000] {dag.py:3089} INFO - Sync 1 DAGs
[2026-05-03T16:49:32.263+0000] {logging_mixin.py:188} INFO - [2026-05-03T16:49:32.262+0000] {dag.py:3947} INFO - Setting next_dagrun for example_branch_operator to 2026-05-02 00:00:00+00:00, run_after=2026-05-03 00:00:00+00:00
[2026-05-03T16:49:32.299+0000] {processor.py:183} INFO - Processing /home/airflow/.local/lib/python3.12/site-packages/airflow/example_dags/example_branch_operator.py took 0.162 seconds
[2026-05-03T16:50:02.965+0000] {processor.py:161} INFO - Started process (PID=3886) to work on /home/airflow/.local/lib/python3.12/site-packages/airflow/example_dags/example_branch_operator.py
[2026-05-03T16:50:02.968+0000] {processor.py:830} INFO - Processing file /home/airflow/.local/lib/python3.12/site-packages/airflow/example_dags/example_branch_operator.py for tasks to queue
[2026-05-03T16:50:02.969+0000] {logging_mixin.py:188} INFO - [2026-05-03T16:50:02.968+0000] {dagbag.py:545} INFO - Filling up the DagBag from /home/airflow/.local/lib/python3.12/site-packages/airflow/example_dags/example_branch_operator.py
[2026-05-03T16:50:02.992+0000] {processor.py:840} INFO - DAG(s) 'example_branch_operator' retrieved from /home/airflow/.local/lib/python3.12/site-packages/airflow/example_dags/example_branch_operator.py
[2026-05-03T16:50:03.038+0000] {logging_mixin.py:188} INFO - [2026-05-03T16:50:03.037+0000] {dag.py:3089} INFO - Sync 1 DAGs
[2026-05-03T16:50:03.073+0000] {logging_mixin.py:188} INFO - [2026-05-03T16:50:03.073+0000] {dag.py:3947} INFO - Setting next_dagrun for example_branch_operator to 2026-05-02 00:00:00+00:00, run_after=2026-05-03 00:00:00+00:00
[2026-05-03T16:50:03.121+0000] {processor.py:183} INFO - Processing /home/airflow/.local/lib/python3.12/site-packages/airflow/example_dags/example_branch_operator.py took 0.165 seconds
[2026-05-03T16:50:33.587+0000] {processor.py:161} INFO - Started process (PID=3954) to work on /home/airflow/.local/lib/python3.12/site-packages/airflow/example_dags/example_branch_operator.py
[2026-05-03T16:50:33.589+0000] {processor.py:830} INFO - Processing file /home/airflow/.local/lib/python3.12/site-packages/airflow/example_dags/example_branch_operator.py for tasks to queue
[2026-05-03T16:50:33.591+0000] {logging_mixin.py:188} INFO - [2026-05-03T16:50:33.590+0000] {dagbag.py:545} INFO - Filling up the DagBag from /home/airflow/.local/lib/python3.12/site-packages/airflow/example_dags/example_branch_operator.py
[2026-05-03T16:50:33.622+0000] {processor.py:840} INFO - DAG(s) 'example_branch_operator' retrieved from /home/airflow/.local/lib/python3.12/site-packages/airflow/example_dags/example_branch_operator.py
[2026-05-03T16:50:33.671+0000] {logging_mixin.py:188} INFO - [2026-05-03T16:50:33.671+0000] {dag.py:3089} INFO - Sync 1 DAGs
[2026-05-03T16:50:33.711+0000] {logging_mixin.py:188} INFO - [2026-05-03T16:50:33.711+0000] {dag.py:3947} INFO - Setting next_dagrun for example_branch_operator to 2026-05-02 00:00:00+00:00, run_after=2026-05-03 00:00:00+00:00
[2026-05-03T16:50:33.753+0000] {processor.py:183} INFO - Processing /home/airflow/.local/lib/python3.12/site-packages/airflow/example_dags/example_branch_operator.py took 0.178 seconds
[2026-05-03T16:51:03.987+0000] {processor.py:161} INFO - Started process (PID=4022) to work on /home/airflow/.local/lib/python3.12/site-packages/airflow/example_dags/example_branch_operator.py
[2026-05-03T16:51:03.989+0000] {processor.py:830} INFO - Processing file /home/airflow/.local/lib/python3.12/site-packages/airflow/example_dags/example_branch_operator.py for tasks to queue
[2026-05-03T16:51:03.991+0000] {logging_mixin.py:188} INFO - [2026-05-03T16:51:03.990+0000] {dagbag.py:545} INFO - Filling up the DagBag from /home/airflow/.local/lib/python3.12/site-packages/airflow/example_dags/example_branch_operator.py
[2026-05-03T16:51:04.020+0000] {processor.py:840} INFO - DAG(s) 'example_branch_operator' retrieved from /home/airflow/.local/lib/python3.12/site-packages/airflow/example_dags/example_branch_operator.py
[2026-05-03T16:51:04.067+0000] {logging_mixin.py:188} INFO - [2026-05-03T16:51:04.066+0000] {dag.py:3089} INFO - Sync 1 DAGs
[2026-05-03T16:51:04.106+0000] {logging_mixin.py:188} INFO - [2026-05-03T16:51:04.105+0000] {dag.py:3947} INFO - Setting next_dagrun for example_branch_operator to 2026-05-02 00:00:00+00:00, run_after=2026-05-03 00:00:00+00:00
[2026-05-03T16:51:04.191+0000] {processor.py:183} INFO - Processing /home/airflow/.local/lib/python3.12/site-packages/airflow/example_dags/example_branch_operator.py took 0.213 seconds
[2026-05-03T16:51:34.584+0000] {processor.py:161} INFO - Started process (PID=4090) to work on /home/airflow/.local/lib/python3.12/site-packages/airflow/example_dags/example_branch_operator.py
[2026-05-03T16:51:34.586+0000] {processor.py:830} INFO - Processing file /home/airflow/.local/lib/python3.12/site-packages/airflow/example_dags/example_branch_operator.py for tasks to queue
[2026-05-03T16:51:34.589+0000] {logging_mixin.py:188} INFO - [2026-05-03T16:51:34.588+0000] {dagbag.py:545} INFO - Filling up the DagBag from /home/airflow/.local/lib/python3.12/site-packages/airflow/example_dags/example_branch_operator.py
[2026-05-03T16:51:34.623+0000] {processor.py:840} INFO - DAG(s) 'example_branch_operator' retrieved from /home/airflow/.local/lib/python3.12/site-packages/airflow/example_dags/example_branch_operator.py
[2026-05-03T16:51:34.675+0000] {logging_mixin.py:188} INFO - [2026-05-03T16:51:34.675+0000] {dag.py:3089} INFO - Sync 1 DAGs
[2026-05-03T16:51:34.718+0000] {logging_mixin.py:188} INFO - [2026-05-03T16:51:34.717+0000] {dag.py:3947} INFO - Setting next_dagrun for example_branch_operator to 2026-05-02 00:00:00+00:00, run_after=2026-05-03 00:00:00+00:00
[2026-05-03T16:51:34.761+0000] {processor.py:183} INFO - Processing /home/airflow/.local/lib/python3.12/site-packages/airflow/example_dags/example_branch_operator.py took 0.195 seconds
[2026-05-03T16:52:05.252+0000] {processor.py:161} INFO - Started process (PID=4159) to work on /home/airflow/.local/lib/python3.12/site-packages/airflow/example_dags/example_branch_operator.py
[2026-05-03T16:52:05.254+0000] {processor.py:830} INFO - Processing file /home/airflow/.local/lib/python3.12/site-packages/airflow/example_dags/example_branch_operator.py for tasks to queue
[2026-05-03T16:52:05.255+0000] {logging_mixin.py:188} INFO - [2026-05-03T16:52:05.255+0000] {dagbag.py:545} INFO - Filling up the DagBag from /home/airflow/.local/lib/python3.12/site-packages/airflow/example_dags/example_branch_operator.py
[2026-05-03T16:52:05.285+0000] {processor.py:840} INFO - DAG(s) 'example_branch_operator' retrieved from /home/airflow/.local/lib/python3.12/site-packages/airflow/example_dags/example_branch_operator.py
[2026-05-03T16:52:05.332+0000] {logging_mixin.py:188} INFO - [2026-05-03T16:52:05.332+0000] {dag.py:3089} INFO - Sync 1 DAGs
[2026-05-03T16:52:05.364+0000] {logging_mixin.py:188} INFO - [2026-05-03T16:52:05.364+0000] {dag.py:3947} INFO - Setting next_dagrun for example_branch_operator to 2026-05-02 00:00:00+00:00, run_after=2026-05-03 00:00:00+00:00
[2026-05-03T16:52:05.396+0000] {processor.py:183} INFO - Processing /home/airflow/.local/lib/python3.12/site-packages/airflow/example_dags/example_branch_operator.py took 0.153 seconds
[2026-05-03T16:52:35.873+0000] {processor.py:161} INFO - Started process (PID=4227) to work on /home/airflow/.local/lib/python3.12/site-packages/airflow/example_dags/example_branch_operator.py
[2026-05-03T16:52:35.877+0000] {processor.py:830} INFO - Processing file /home/airflow/.local/lib/python3.12/site-packages/airflow/example_dags/example_branch_operator.py for tasks to queue
[2026-05-03T16:52:35.880+0000] {logging_mixin.py:188} INFO - [2026-05-03T16:52:35.879+0000] {dagbag.py:545} INFO - Filling up the DagBag from /home/airflow/.local/lib/python3.12/site-packages/airflow/example_dags/example_branch_operator.py
[2026-05-03T16:52:35.908+0000] {processor.py:840} INFO - DAG(s) 'example_branch_operator' retrieved from /home/airflow/.local/lib/python3.12/site-packages/airflow/example_dags/example_branch_operator.py
[2026-05-03T16:52:35.954+0000] {logging_mixin.py:188} INFO - [2026-05-03T16:52:35.954+0000] {dag.py:3089} INFO - Sync 1 DAGs
[2026-05-03T16:52:36.009+0000] {logging_mixin.py:188} INFO - [2026-05-03T16:52:36.008+0000] {dag.py:3947} INFO - Setting next_dagrun for example_branch_operator to 2026-05-02 00:00:00+00:00, run_after=2026-05-03 00:00:00+00:00
[2026-05-03T16:52:36.073+0000] {processor.py:183} INFO - Processing /home/airflow/.local/lib/python3.12/site-packages/airflow/example_dags/example_branch_operator.py took 0.212 seconds
[2026-05-03T16:53:06.236+0000] {processor.py:161} INFO - Started process (PID=4295) to work on /home/airflow/.local/lib/python3.12/site-packages/airflow/example_dags/example_branch_operator.py
[2026-05-03T16:53:06.242+0000] {processor.py:830} INFO - Processing file /home/airflow/.local/lib/python3.12/site-packages/airflow/example_dags/example_branch_operator.py for tasks to queue
[2026-05-03T16:53:06.244+0000] {logging_mixin.py:188} INFO - [2026-05-03T16:53:06.244+0000] {dagbag.py:545} INFO - Filling up the DagBag from /home/airflow/.local/lib/python3.12/site-packages/airflow/example_dags/example_branch_operator.py
[2026-05-03T16:53:06.277+0000] {processor.py:840} INFO - DAG(s) 'example_branch_operator' retrieved from /home/airflow/.local/lib/python3.12/site-packages/airflow/example_dags/example_branch_operator.py
[2026-05-03T16:53:06.337+0000] {logging_mixin.py:188} INFO - [2026-05-03T16:53:06.336+0000] {dag.py:3089} INFO - Sync 1 DAGs
[2026-05-03T16:53:06.372+0000] {logging_mixin.py:188} INFO - [2026-05-03T16:53:06.372+0000] {dag.py:3947} INFO - Setting next_dagrun for example_branch_operator to 2026-05-02 00:00:00+00:00, run_after=2026-05-03 00:00:00+00:00
[2026-05-03T16:53:06.413+0000] {processor.py:183} INFO - Processing /home/airflow/.local/lib/python3.12/site-packages/airflow/example_dags/example_branch_operator.py took 0.190 seconds
[2026-05-03T16:53:36.724+0000] {processor.py:161} INFO - Started process (PID=4371) to work on /home/airflow/.local/lib/python3.12/site-packages/airflow/example_dags/example_branch_operator.py
[2026-05-03T16:53:36.727+0000] {processor.py:830} INFO - Processing file /home/airflow/.local/lib/python3.12/site-packages/airflow/example_dags/example_branch_operator.py for tasks to queue
[2026-05-03T16:53:36.730+0000] {logging_mixin.py:188} INFO - [2026-05-03T16:53:36.729+0000] {dagbag.py:545} INFO - Filling up the DagBag from /home/airflow/.local/lib/python3.12/site-packages/airflow/example_dags/example_branch_operator.py
[2026-05-03T16:53:36.763+0000] {processor.py:840} INFO - DAG(s) 'example_branch_operator' retrieved from /home/airflow/.local/lib/python3.12/site-packages/airflow/example_dags/example_branch_operator.py
[2026-05-03T16:53:36.819+0000] {logging_mixin.py:188} INFO - [2026-05-03T16:53:36.818+0000] {dag.py:3089} INFO - Sync 1 DAGs
[2026-05-03T16:53:36.865+0000] {logging_mixin.py:188} INFO - [2026-05-03T16:53:36.865+0000] {dag.py:3947} INFO - Setting next_dagrun for example_branch_operator to 2026-05-02 00:00:00+00:00, run_after=2026-05-03 00:00:00+00:00
[2026-05-03T16:53:36.907+0000] {processor.py:183} INFO - Processing /home/airflow/.local/lib/python3.12/site-packages/airflow/example_dags/example_branch_operator.py took 0.195 seconds
[2026-05-03T16:54:07.029+0000] {processor.py:161} INFO - Started process (PID=4438) to work on /home/airflow/.local/lib/python3.12/site-packages/airflow/example_dags/example_branch_operator.py
[2026-05-03T16:54:07.034+0000] {processor.py:830} INFO - Processing file /home/airflow/.local/lib/python3.12/site-packages/airflow/example_dags/example_branch_operator.py for tasks to queue
[2026-05-03T16:54:07.039+0000] {logging_mixin.py:188} INFO - [2026-05-03T16:54:07.039+0000] {dagbag.py:545} INFO - Filling up the DagBag from /home/airflow/.local/lib/python3.12/site-packages/airflow/example_dags/example_branch_operator.py
[2026-05-03T16:54:07.070+0000] {processor.py:840} INFO - DAG(s) 'example_branch_operator' retrieved from /home/airflow/.local/lib/python3.12/site-packages/airflow/example_dags/example_branch_operator.py
[2026-05-03T16:54:07.128+0000] {logging_mixin.py:188} INFO - [2026-05-03T16:54:07.128+0000] {dag.py:3089} INFO - Sync 1 DAGs
[2026-05-03T16:54:07.169+0000] {logging_mixin.py:188} INFO - [2026-05-03T16:54:07.169+0000] {dag.py:3947} INFO - Setting next_dagrun for example_branch_operator to 2026-05-02 00:00:00+00:00, run_after=2026-05-03 00:00:00+00:00
[2026-05-03T16:54:07.209+0000] {processor.py:183} INFO - Processing /home/airflow/.local/lib/python3.12/site-packages/airflow/example_dags/example_branch_operator.py took 0.193 seconds
[2026-05-03T16:54:37.474+0000] {processor.py:161} INFO - Started process (PID=4506) to work on /home/airflow/.local/lib/python3.12/site-packages/airflow/example_dags/example_branch_operator.py
[2026-05-03T16:54:37.476+0000] {processor.py:830} INFO - Processing file /home/airflow/.local/lib/python3.12/site-packages/airflow/example_dags/example_branch_operator.py for tasks to queue
[2026-05-03T16:54:37.479+0000] {logging_mixin.py:188} INFO - [2026-05-03T16:54:37.478+0000] {dagbag.py:545} INFO - Filling up the DagBag from /home/airflow/.local/lib/python3.12/site-packages/airflow/example_dags/example_branch_operator.py
[2026-05-03T16:54:37.504+0000] {processor.py:840} INFO - DAG(s) 'example_branch_operator' retrieved from /home/airflow/.local/lib/python3.12/site-packages/airflow/example_dags/example_branch_operator.py
[2026-05-03T16:54:37.566+0000] {logging_mixin.py:188} INFO - [2026-05-03T16:54:37.565+0000] {dag.py:3089} INFO - Sync 1 DAGs
[2026-05-03T16:54:37.610+0000] {logging_mixin.py:188} INFO - [2026-05-03T16:54:37.610+0000] {dag.py:3947} INFO - Setting next_dagrun for example_branch_operator to 2026-05-02 00:00:00+00:00, run_after=2026-05-03 00:00:00+00:00
[2026-05-03T16:54:37.652+0000] {processor.py:183} INFO - Processing /home/airflow/.local/lib/python3.12/site-packages/airflow/example_dags/example_branch_operator.py took 0.190 seconds
[2026-05-03T16:55:07.787+0000] {processor.py:161} INFO - Started process (PID=4573) to work on /home/airflow/.local/lib/python3.12/site-packages/airflow/example_dags/example_branch_operator.py
[2026-05-03T16:55:07.792+0000] {processor.py:830} INFO - Processing file /home/airflow/.local/lib/python3.12/site-packages/airflow/example_dags/example_branch_operator.py for tasks to queue
[2026-05-03T16:55:07.795+0000] {logging_mixin.py:188} INFO - [2026-05-03T16:55:07.794+0000] {dagbag.py:545} INFO - Filling up the DagBag from /home/airflow/.local/lib/python3.12/site-packages/airflow/example_dags/example_branch_operator.py
[2026-05-03T16:55:07.821+0000] {processor.py:840} INFO - DAG(s) 'example_branch_operator' retrieved from /home/airflow/.local/lib/python3.12/site-packages/airflow/example_dags/example_branch_operator.py
[2026-05-03T16:55:07.863+0000] {logging_mixin.py:188} INFO - [2026-05-03T16:55:07.863+0000] {dag.py:3089} INFO - Sync 1 DAGs
[2026-05-03T16:55:07.897+0000] {logging_mixin.py:188} INFO - [2026-05-03T16:55:07.896+0000] {dag.py:3947} INFO - Setting next_dagrun for example_branch_operator to 2026-05-02 00:00:00+00:00, run_after=2026-05-03 00:00:00+00:00
[2026-05-03T16:55:07.936+0000] {processor.py:183} INFO - Processing /home/airflow/.local/lib/python3.12/site-packages/airflow/example_dags/example_branch_operator.py took 0.163 seconds
[2026-05-03T16:55:38.104+0000] {processor.py:161} INFO - Started process (PID=4641) to work on /home/airflow/.local/lib/python3.12/site-packages/airflow/example_dags/example_branch_operator.py
[2026-05-03T16:55:38.107+0000] {processor.py:830} INFO - Processing file /home/airflow/.local/lib/python3.12/site-packages/airflow/example_dags/example_branch_operator.py for tasks to queue
[2026-05-03T16:55:38.109+0000] {logging_mixin.py:188} INFO - [2026-05-03T16:55:38.109+0000] {dagbag.py:545} INFO - Filling up the DagBag from /home/airflow/.local/lib/python3.12/site-packages/airflow/example_dags/example_branch_operator.py
[2026-05-03T16:55:38.145+0000] {processor.py:840} INFO - DAG(s) 'example_branch_operator' retrieved from /home/airflow/.local/lib/python3.12/site-packages/airflow/example_dags/example_branch_operator.py
[2026-05-03T16:55:38.199+0000] {logging_mixin.py:188} INFO - [2026-05-03T16:55:38.198+0000] {dag.py:3089} INFO - Sync 1 DAGs
[2026-05-03T16:55:38.231+0000] {logging_mixin.py:188} INFO - [2026-05-03T16:55:38.231+0000] {dag.py:3947} INFO - Setting next_dagrun for example_branch_operator to 2026-05-02 00:00:00+00:00, run_after=2026-05-03 00:00:00+00:00
[2026-05-03T16:55:38.262+0000] {processor.py:183} INFO - Processing /home/airflow/.local/lib/python3.12/site-packages/airflow/example_dags/example_branch_operator.py took 0.176 seconds
[2026-05-03T16:56:09.398+0000] {processor.py:161} INFO - Started process (PID=4709) to work on /home/airflow/.local/lib/python3.12/site-packages/airflow/example_dags/example_branch_operator.py
[2026-05-03T16:56:09.401+0000] {processor.py:830} INFO - Processing file /home/airflow/.local/lib/python3.12/site-packages/airflow/example_dags/example_branch_operator.py for tasks to queue
[2026-05-03T16:56:09.403+0000] {logging_mixin.py:188} INFO - [2026-05-03T16:56:09.402+0000] {dagbag.py:545} INFO - Filling up the DagBag from /home/airflow/.local/lib/python3.12/site-packages/airflow/example_dags/example_branch_operator.py
[2026-05-03T16:56:09.429+0000] {processor.py:840} INFO - DAG(s) 'example_branch_operator' retrieved from /home/airflow/.local/lib/python3.12/site-packages/airflow/example_dags/example_branch_operator.py
[2026-05-03T16:56:09.476+0000] {logging_mixin.py:188} INFO - [2026-05-03T16:56:09.475+0000] {dag.py:3089} INFO - Sync 1 DAGs
[2026-05-03T16:56:09.509+0000] {logging_mixin.py:188} INFO - [2026-05-03T16:56:09.509+0000] {dag.py:3947} INFO - Setting next_dagrun for example_branch_operator to 2026-05-02 00:00:00+00:00, run_after=2026-05-03 00:00:00+00:00
[2026-05-03T16:56:09.584+0000] {processor.py:183} INFO - Processing /home/airflow/.local/lib/python3.12/site-packages/airflow/example_dags/example_branch_operator.py took 0.200 seconds
[2026-05-03T16:56:40.151+0000] {processor.py:161} INFO - Started process (PID=4776) to work on /home/airflow/.local/lib/python3.12/site-packages/airflow/example_dags/example_branch_operator.py
[2026-05-03T16:56:40.154+0000] {processor.py:830} INFO - Processing file /home/airflow/.local/lib/python3.12/site-packages/airflow/example_dags/example_branch_operator.py for tasks to queue
[2026-05-03T16:56:40.156+0000] {logging_mixin.py:188} INFO - [2026-05-03T16:56:40.155+0000] {dagbag.py:545} INFO - Filling up the DagBag from /home/airflow/.local/lib/python3.12/site-packages/airflow/example_dags/example_branch_operator.py
[2026-05-03T16:56:40.182+0000] {processor.py:840} INFO - DAG(s) 'example_branch_operator' retrieved from /home/airflow/.local/lib/python3.12/site-packages/airflow/example_dags/example_branch_operator.py
[2026-05-03T16:56:40.238+0000] {logging_mixin.py:188} INFO - [2026-05-03T16:56:40.237+0000] {dag.py:3089} INFO - Sync 1 DAGs
[2026-05-03T16:56:40.282+0000] {logging_mixin.py:188} INFO - [2026-05-03T16:56:40.281+0000] {dag.py:3947} INFO - Setting next_dagrun for example_branch_operator to 2026-05-02 00:00:00+00:00, run_after=2026-05-03 00:00:00+00:00
[2026-05-03T16:56:40.323+0000] {processor.py:183} INFO - Processing /home/airflow/.local/lib/python3.12/site-packages/airflow/example_dags/example_branch_operator.py took 0.186 seconds
[2026-05-03T16:57:10.574+0000] {processor.py:161} INFO - Started process (PID=4844) to work on /home/airflow/.local/lib/python3.12/site-packages/airflow/example_dags/example_branch_operator.py
[2026-05-03T16:57:10.578+0000] {processor.py:830} INFO - Processing file /home/airflow/.local/lib/python3.12/site-packages/airflow/example_dags/example_branch_operator.py for tasks to queue
[2026-05-03T16:57:10.583+0000] {logging_mixin.py:188} INFO - [2026-05-03T16:57:10.582+0000] {dagbag.py:545} INFO - Filling up the DagBag from /home/airflow/.local/lib/python3.12/site-packages/airflow/example_dags/example_branch_operator.py
[2026-05-03T16:57:10.616+0000] {processor.py:840} INFO - DAG(s) 'example_branch_operator' retrieved from /home/airflow/.local/lib/python3.12/site-packages/airflow/example_dags/example_branch_operator.py
[2026-05-03T16:57:10.676+0000] {logging_mixin.py:188} INFO - [2026-05-03T16:57:10.676+0000] {dag.py:3089} INFO - Sync 1 DAGs
[2026-05-03T16:57:10.715+0000] {logging_mixin.py:188} INFO - [2026-05-03T16:57:10.715+0000] {dag.py:3947} INFO - Setting next_dagrun for example_branch_operator to 2026-05-02 00:00:00+00:00, run_after=2026-05-03 00:00:00+00:00
[2026-05-03T16:57:10.773+0000] {processor.py:183} INFO - Processing /home/airflow/.local/lib/python3.12/site-packages/airflow/example_dags/example_branch_operator.py took 0.209 seconds
[2026-05-03T16:57:40.886+0000] {processor.py:161} INFO - Started process (PID=4919) to work on /home/airflow/.local/lib/python3.12/site-packages/airflow/example_dags/example_branch_operator.py
[2026-05-03T16:57:40.888+0000] {processor.py:830} INFO - Processing file /home/airflow/.local/lib/python3.12/site-packages/airflow/example_dags/example_branch_operator.py for tasks to queue
[2026-05-03T16:57:40.889+0000] {logging_mixin.py:188} INFO - [2026-05-03T16:57:40.889+0000] {dagbag.py:545} INFO - Filling up the DagBag from /home/airflow/.local/lib/python3.12/site-packages/airflow/example_dags/example_branch_operator.py
[2026-05-03T16:57:40.914+0000] {processor.py:840} INFO - DAG(s) 'example_branch_operator' retrieved from /home/airflow/.local/lib/python3.12/site-packages/airflow/example_dags/example_branch_operator.py
[2026-05-03T16:57:40.956+0000] {logging_mixin.py:188} INFO - [2026-05-03T16:57:40.955+0000] {dag.py:3089} INFO - Sync 1 DAGs
[2026-05-03T16:57:40.991+0000] {logging_mixin.py:188} INFO - [2026-05-03T16:57:40.990+0000] {dag.py:3947} INFO - Setting next_dagrun for example_branch_operator to 2026-05-02 00:00:00+00:00, run_after=2026-05-03 00:00:00+00:00
[2026-05-03T16:57:41.027+0000] {processor.py:183} INFO - Processing /home/airflow/.local/lib/python3.12/site-packages/airflow/example_dags/example_branch_operator.py took 0.153 seconds
[2026-05-03T16:58:12.057+0000] {processor.py:161} INFO - Started process (PID=4987) to work on /home/airflow/.local/lib/python3.12/site-packages/airflow/example_dags/example_branch_operator.py
[2026-05-03T16:58:12.060+0000] {processor.py:830} INFO - Processing file /home/airflow/.local/lib/python3.12/site-packages/airflow/example_dags/example_branch_operator.py for tasks to queue
[2026-05-03T16:58:12.062+0000] {logging_mixin.py:188} INFO - [2026-05-03T16:58:12.061+0000] {dagbag.py:545} INFO - Filling up the DagBag from /home/airflow/.local/lib/python3.12/site-packages/airflow/example_dags/example_branch_operator.py
[2026-05-03T16:58:12.092+0000] {processor.py:840} INFO - DAG(s) 'example_branch_operator' retrieved from /home/airflow/.local/lib/python3.12/site-packages/airflow/example_dags/example_branch_operator.py
[2026-05-03T16:58:12.150+0000] {logging_mixin.py:188} INFO - [2026-05-03T16:58:12.149+0000] {dag.py:3089} INFO - Sync 1 DAGs
[2026-05-03T16:58:12.199+0000] {logging_mixin.py:188} INFO - [2026-05-03T16:58:12.199+0000] {dag.py:3947} INFO - Setting next_dagrun for example_branch_operator to 2026-05-02 00:00:00+00:00, run_after=2026-05-03 00:00:00+00:00
[2026-05-03T16:58:12.244+0000] {processor.py:183} INFO - Processing /home/airflow/.local/lib/python3.12/site-packages/airflow/example_dags/example_branch_operator.py took 0.196 seconds
[2026-05-03T16:58:43.113+0000] {processor.py:161} INFO - Started process (PID=5055) to work on /home/airflow/.local/lib/python3.12/site-packages/airflow/example_dags/example_branch_operator.py
[2026-05-03T16:58:43.117+0000] {processor.py:830} INFO - Processing file /home/airflow/.local/lib/python3.12/site-packages/airflow/example_dags/example_branch_operator.py for tasks to queue
[2026-05-03T16:58:43.119+0000] {logging_mixin.py:188} INFO - [2026-05-03T16:58:43.118+0000] {dagbag.py:545} INFO - Filling up the DagBag from /home/airflow/.local/lib/python3.12/site-packages/airflow/example_dags/example_branch_operator.py
[2026-05-03T16:58:43.151+0000] {processor.py:840} INFO - DAG(s) 'example_branch_operator' retrieved from /home/airflow/.local/lib/python3.12/site-packages/airflow/example_dags/example_branch_operator.py
[2026-05-03T16:58:43.194+0000] {logging_mixin.py:188} INFO - [2026-05-03T16:58:43.194+0000] {dag.py:3089} INFO - Sync 1 DAGs
[2026-05-03T16:58:43.226+0000] {logging_mixin.py:188} INFO - [2026-05-03T16:58:43.226+0000] {dag.py:3947} INFO - Setting next_dagrun for example_branch_operator to 2026-05-02 00:00:00+00:00, run_after=2026-05-03 00:00:00+00:00
[2026-05-03T16:58:43.287+0000] {processor.py:183} INFO - Processing /home/airflow/.local/lib/python3.12/site-packages/airflow/example_dags/example_branch_operator.py took 0.188 seconds
[2026-05-03T16:59:14.040+0000] {processor.py:161} INFO - Started process (PID=5123) to work on /home/airflow/.local/lib/python3.12/site-packages/airflow/example_dags/example_branch_operator.py
[2026-05-03T16:59:14.043+0000] {processor.py:830} INFO - Processing file /home/airflow/.local/lib/python3.12/site-packages/airflow/example_dags/example_branch_operator.py for tasks to queue
[2026-05-03T16:59:14.046+0000] {logging_mixin.py:188} INFO - [2026-05-03T16:59:14.045+0000] {dagbag.py:545} INFO - Filling up the DagBag from /home/airflow/.local/lib/python3.12/site-packages/airflow/example_dags/example_branch_operator.py
[2026-05-03T16:59:14.075+0000] {processor.py:840} INFO - DAG(s) 'example_branch_operator' retrieved from /home/airflow/.local/lib/python3.12/site-packages/airflow/example_dags/example_branch_operator.py
[2026-05-03T16:59:14.125+0000] {logging_mixin.py:188} INFO - [2026-05-03T16:59:14.124+0000] {dag.py:3089} INFO - Sync 1 DAGs
[2026-05-03T16:59:14.161+0000] {logging_mixin.py:188} INFO - [2026-05-03T16:59:14.160+0000] {dag.py:3947} INFO - Setting next_dagrun for example_branch_operator to 2026-05-02 00:00:00+00:00, run_after=2026-05-03 00:00:00+00:00
[2026-05-03T16:59:14.196+0000] {processor.py:183} INFO - Processing /home/airflow/.local/lib/python3.12/site-packages/airflow/example_dags/example_branch_operator.py took 0.167 seconds
[2026-05-03T16:59:44.541+0000] {processor.py:161} INFO - Started process (PID=5191) to work on /home/airflow/.local/lib/python3.12/site-packages/airflow/example_dags/example_branch_operator.py
[2026-05-03T16:59:44.543+0000] {processor.py:830} INFO - Processing file /home/airflow/.local/lib/python3.12/site-packages/airflow/example_dags/example_branch_operator.py for tasks to queue
[2026-05-03T16:59:44.545+0000] {logging_mixin.py:188} INFO - [2026-05-03T16:59:44.544+0000] {dagbag.py:545} INFO - Filling up the DagBag from /home/airflow/.local/lib/python3.12/site-packages/airflow/example_dags/example_branch_operator.py
[2026-05-03T16:59:44.568+0000] {processor.py:840} INFO - DAG(s) 'example_branch_operator' retrieved from /home/airflow/.local/lib/python3.12/site-packages/airflow/example_dags/example_branch_operator.py
[2026-05-03T16:59:44.612+0000] {logging_mixin.py:188} INFO - [2026-05-03T16:59:44.612+0000] {dag.py:3089} INFO - Sync 1 DAGs
[2026-05-03T16:59:44.647+0000] {logging_mixin.py:188} INFO - [2026-05-03T16:59:44.647+0000] {dag.py:3947} INFO - Setting next_dagrun for example_branch_operator to 2026-05-02 00:00:00+00:00, run_after=2026-05-03 00:00:00+00:00
[2026-05-03T16:59:44.683+0000] {processor.py:183} INFO - Processing /home/airflow/.local/lib/python3.12/site-packages/airflow/example_dags/example_branch_operator.py took 0.150 seconds
[2026-05-03T17:00:15.604+0000] {processor.py:161} INFO - Started process (PID=5259) to work on /home/airflow/.local/lib/python3.12/site-packages/airflow/example_dags/example_branch_operator.py
[2026-05-03T17:00:15.607+0000] {processor.py:830} INFO - Processing file /home/airflow/.local/lib/python3.12/site-packages/airflow/example_dags/example_branch_operator.py for tasks to queue
[2026-05-03T17:00:15.609+0000] {logging_mixin.py:188} INFO - [2026-05-03T17:00:15.608+0000] {dagbag.py:545} INFO - Filling up the DagBag from /home/airflow/.local/lib/python3.12/site-packages/airflow/example_dags/example_branch_operator.py
[2026-05-03T17:00:15.635+0000] {processor.py:840} INFO - DAG(s) 'example_branch_operator' retrieved from /home/airflow/.local/lib/python3.12/site-packages/airflow/example_dags/example_branch_operator.py
[2026-05-03T17:00:15.683+0000] {logging_mixin.py:188} INFO - [2026-05-03T17:00:15.682+0000] {dag.py:3089} INFO - Sync 1 DAGs
[2026-05-03T17:00:15.727+0000] {logging_mixin.py:188} INFO - [2026-05-03T17:00:15.727+0000] {dag.py:3947} INFO - Setting next_dagrun for example_branch_operator to 2026-05-02 00:00:00+00:00, run_after=2026-05-03 00:00:00+00:00
[2026-05-03T17:00:15.770+0000] {processor.py:183} INFO - Processing /home/airflow/.local/lib/python3.12/site-packages/airflow/example_dags/example_branch_operator.py took 0.175 seconds
[2026-05-03T17:00:46.438+0000] {processor.py:161} INFO - Started process (PID=5325) to work on /home/airflow/.local/lib/python3.12/site-packages/airflow/example_dags/example_branch_operator.py
[2026-05-03T17:00:46.441+0000] {processor.py:830} INFO - Processing file /home/airflow/.local/lib/python3.12/site-packages/airflow/example_dags/example_branch_operator.py for tasks to queue
[2026-05-03T17:00:46.443+0000] {logging_mixin.py:188} INFO - [2026-05-03T17:00:46.442+0000] {dagbag.py:545} INFO - Filling up the DagBag from /home/airflow/.local/lib/python3.12/site-packages/airflow/example_dags/example_branch_operator.py
[2026-05-03T17:00:46.472+0000] {processor.py:840} INFO - DAG(s) 'example_branch_operator' retrieved from /home/airflow/.local/lib/python3.12/site-packages/airflow/example_dags/example_branch_operator.py
[2026-05-03T17:00:46.517+0000] {logging_mixin.py:188} INFO - [2026-05-03T17:00:46.517+0000] {dag.py:3089} INFO - Sync 1 DAGs
[2026-05-03T17:00:46.556+0000] {logging_mixin.py:188} INFO - [2026-05-03T17:00:46.555+0000] {dag.py:3947} INFO - Setting next_dagrun for example_branch_operator to 2026-05-02 00:00:00+00:00, run_after=2026-05-03 00:00:00+00:00
[2026-05-03T17:00:46.593+0000] {processor.py:183} INFO - Processing /home/airflow/.local/lib/python3.12/site-packages/airflow/example_dags/example_branch_operator.py took 0.166 seconds
[2026-05-03T17:01:16.997+0000] {processor.py:161} INFO - Started process (PID=5392) to work on /home/airflow/.local/lib/python3.12/site-packages/airflow/example_dags/example_branch_operator.py
[2026-05-03T17:01:17.000+0000] {processor.py:830} INFO - Processing file /home/airflow/.local/lib/python3.12/site-packages/airflow/example_dags/example_branch_operator.py for tasks to queue
[2026-05-03T17:01:17.002+0000] {logging_mixin.py:188} INFO - [2026-05-03T17:01:17.002+0000] {dagbag.py:545} INFO - Filling up the DagBag from /home/airflow/.local/lib/python3.12/site-packages/airflow/example_dags/example_branch_operator.py
[2026-05-03T17:01:17.034+0000] {processor.py:840} INFO - DAG(s) 'example_branch_operator' retrieved from /home/airflow/.local/lib/python3.12/site-packages/airflow/example_dags/example_branch_operator.py
[2026-05-03T17:01:17.090+0000] {logging_mixin.py:188} INFO - [2026-05-03T17:01:17.089+0000] {dag.py:3089} INFO - Sync 1 DAGs
[2026-05-03T17:01:17.136+0000] {logging_mixin.py:188} INFO - [2026-05-03T17:01:17.135+0000] {dag.py:3947} INFO - Setting next_dagrun for example_branch_operator to 2026-05-02 00:00:00+00:00, run_after=2026-05-03 00:00:00+00:00
[2026-05-03T17:01:17.184+0000] {processor.py:183} INFO - Processing /home/airflow/.local/lib/python3.12/site-packages/airflow/example_dags/example_branch_operator.py took 0.200 seconds
[2026-05-03T17:01:47.830+0000] {processor.py:161} INFO - Started process (PID=5467) to work on /home/airflow/.local/lib/python3.12/site-packages/airflow/example_dags/example_branch_operator.py
[2026-05-03T17:01:47.832+0000] {processor.py:830} INFO - Processing file /home/airflow/.local/lib/python3.12/site-packages/airflow/example_dags/example_branch_operator.py for tasks to queue
[2026-05-03T17:01:47.834+0000] {logging_mixin.py:188} INFO - [2026-05-03T17:01:47.833+0000] {dagbag.py:545} INFO - Filling up the DagBag from /home/airflow/.local/lib/python3.12/site-packages/airflow/example_dags/example_branch_operator.py
[2026-05-03T17:01:47.858+0000] {processor.py:840} INFO - DAG(s) 'example_branch_operator' retrieved from /home/airflow/.local/lib/python3.12/site-packages/airflow/example_dags/example_branch_operator.py
[2026-05-03T17:01:47.907+0000] {logging_mixin.py:188} INFO - [2026-05-03T17:01:47.906+0000] {dag.py:3089} INFO - Sync 1 DAGs
[2026-05-03T17:01:47.944+0000] {logging_mixin.py:188} INFO - [2026-05-03T17:01:47.944+0000] {dag.py:3947} INFO - Setting next_dagrun for example_branch_operator to 2026-05-02 00:00:00+00:00, run_after=2026-05-03 00:00:00+00:00
[2026-05-03T17:01:47.990+0000] {processor.py:183} INFO - Processing /home/airflow/.local/lib/python3.12/site-packages/airflow/example_dags/example_branch_operator.py took 0.170 seconds
[2026-05-03T17:02:18.100+0000] {processor.py:161} INFO - Started process (PID=5535) to work on /home/airflow/.local/lib/python3.12/site-packages/airflow/example_dags/example_branch_operator.py
[2026-05-03T17:02:18.101+0000] {processor.py:830} INFO - Processing file /home/airflow/.local/lib/python3.12/site-packages/airflow/example_dags/example_branch_operator.py for tasks to queue
[2026-05-03T17:02:18.104+0000] {logging_mixin.py:188} INFO - [2026-05-03T17:02:18.103+0000] {dagbag.py:545} INFO - Filling up the DagBag from /home/airflow/.local/lib/python3.12/site-packages/airflow/example_dags/example_branch_operator.py
[2026-05-03T17:02:18.132+0000] {processor.py:840} INFO - DAG(s) 'example_branch_operator' retrieved from /home/airflow/.local/lib/python3.12/site-packages/airflow/example_dags/example_branch_operator.py
[2026-05-03T17:02:18.180+0000] {logging_mixin.py:188} INFO - [2026-05-03T17:02:18.179+0000] {dag.py:3089} INFO - Sync 1 DAGs
[2026-05-03T17:02:18.213+0000] {logging_mixin.py:188} INFO - [2026-05-03T17:02:18.212+0000] {dag.py:3947} INFO - Setting next_dagrun for example_branch_operator to 2026-05-02 00:00:00+00:00, run_after=2026-05-03 00:00:00+00:00
[2026-05-03T17:02:18.254+0000] {processor.py:183} INFO - Processing /home/airflow/.local/lib/python3.12/site-packages/airflow/example_dags/example_branch_operator.py took 0.165 seconds
[2026-05-03T23:02:50.627+0000] {processor.py:161} INFO - Started process (PID=5596) to work on /home/airflow/.local/lib/python3.12/site-packages/airflow/example_dags/example_branch_operator.py
[2026-05-03T23:02:50.630+0000] {processor.py:830} INFO - Processing file /home/airflow/.local/lib/python3.12/site-packages/airflow/example_dags/example_branch_operator.py for tasks to queue
[2026-05-03T23:02:50.631+0000] {logging_mixin.py:188} INFO - [2026-05-03T23:02:50.630+0000] {dagbag.py:545} INFO - Filling up the DagBag from /home/airflow/.local/lib/python3.12/site-packages/airflow/example_dags/example_branch_operator.py
[2026-05-03T23:02:50.651+0000] {processor.py:840} INFO - DAG(s) 'example_branch_operator' retrieved from /home/airflow/.local/lib/python3.12/site-packages/airflow/example_dags/example_branch_operator.py
[2026-05-03T23:02:50.689+0000] {logging_mixin.py:188} INFO - [2026-05-03T23:02:50.689+0000] {dag.py:3089} INFO - Sync 1 DAGs
[2026-05-03T23:02:50.732+0000] {logging_mixin.py:188} INFO - [2026-05-03T23:02:50.732+0000] {dag.py:3947} INFO - Setting next_dagrun for example_branch_operator to 2026-05-02 00:00:00+00:00, run_after=2026-05-03 00:00:00+00:00
[2026-05-03T23:02:50.761+0000] {processor.py:183} INFO - Processing /home/airflow/.local/lib/python3.12/site-packages/airflow/example_dags/example_branch_operator.py took 0.142 seconds
