[2026-05-10T13:32:24.337+0000] {processor.py:161} INFO - Started process (PID=14239) to work on /home/airflow/.local/lib/python3.12/site-packages/airflow/example_dags/example_sensor_decorator.py
[2026-05-10T13:32:24.338+0000] {processor.py:830} INFO - Processing file /home/airflow/.local/lib/python3.12/site-packages/airflow/example_dags/example_sensor_decorator.py for tasks to queue
[2026-05-10T13:32:24.344+0000] {logging_mixin.py:188} INFO - [2026-05-10T13:32:24.344+0000] {dagbag.py:545} INFO - Filling up the DagBag from /home/airflow/.local/lib/python3.12/site-packages/airflow/example_dags/example_sensor_decorator.py
[2026-05-10T13:32:24.350+0000] {processor.py:840} INFO - DAG(s) 'example_sensor_decorator' retrieved from /home/airflow/.local/lib/python3.12/site-packages/airflow/example_dags/example_sensor_decorator.py
[2026-05-10T13:32:24.371+0000] {logging_mixin.py:188} INFO - [2026-05-10T13:32:24.370+0000] {dag.py:3089} INFO - Sync 1 DAGs
[2026-05-10T13:32:24.384+0000] {logging_mixin.py:188} INFO - [2026-05-10T13:32:24.384+0000] {dag.py:3947} INFO - Setting next_dagrun for example_sensor_decorator to None, run_after=None
[2026-05-10T13:32:24.408+0000] {processor.py:183} INFO - Processing /home/airflow/.local/lib/python3.12/site-packages/airflow/example_dags/example_sensor_decorator.py took 0.076 seconds
[2026-05-10T13:32:55.189+0000] {processor.py:161} INFO - Started process (PID=14307) to work on /home/airflow/.local/lib/python3.12/site-packages/airflow/example_dags/example_sensor_decorator.py
[2026-05-10T13:32:55.191+0000] {processor.py:830} INFO - Processing file /home/airflow/.local/lib/python3.12/site-packages/airflow/example_dags/example_sensor_decorator.py for tasks to queue
[2026-05-10T13:32:55.192+0000] {logging_mixin.py:188} INFO - [2026-05-10T13:32:55.191+0000] {dagbag.py:545} INFO - Filling up the DagBag from /home/airflow/.local/lib/python3.12/site-packages/airflow/example_dags/example_sensor_decorator.py
[2026-05-10T13:32:55.200+0000] {processor.py:840} INFO - DAG(s) 'example_sensor_decorator' retrieved from /home/airflow/.local/lib/python3.12/site-packages/airflow/example_dags/example_sensor_decorator.py
[2026-05-10T13:32:55.227+0000] {logging_mixin.py:188} INFO - [2026-05-10T13:32:55.227+0000] {dag.py:3089} INFO - Sync 1 DAGs
[2026-05-10T13:32:55.244+0000] {logging_mixin.py:188} INFO - [2026-05-10T13:32:55.244+0000] {dag.py:3947} INFO - Setting next_dagrun for example_sensor_decorator to None, run_after=None
[2026-05-10T13:32:55.269+0000] {processor.py:183} INFO - Processing /home/airflow/.local/lib/python3.12/site-packages/airflow/example_dags/example_sensor_decorator.py took 0.086 seconds
[2026-05-10T13:33:25.465+0000] {processor.py:161} INFO - Started process (PID=14382) to work on /home/airflow/.local/lib/python3.12/site-packages/airflow/example_dags/example_sensor_decorator.py
[2026-05-10T13:33:25.466+0000] {processor.py:830} INFO - Processing file /home/airflow/.local/lib/python3.12/site-packages/airflow/example_dags/example_sensor_decorator.py for tasks to queue
[2026-05-10T13:33:25.467+0000] {logging_mixin.py:188} INFO - [2026-05-10T13:33:25.467+0000] {dagbag.py:545} INFO - Filling up the DagBag from /home/airflow/.local/lib/python3.12/site-packages/airflow/example_dags/example_sensor_decorator.py
[2026-05-10T13:33:25.472+0000] {processor.py:840} INFO - DAG(s) 'example_sensor_decorator' retrieved from /home/airflow/.local/lib/python3.12/site-packages/airflow/example_dags/example_sensor_decorator.py
[2026-05-10T13:33:25.492+0000] {logging_mixin.py:188} INFO - [2026-05-10T13:33:25.492+0000] {dag.py:3089} INFO - Sync 1 DAGs
[2026-05-10T13:33:25.503+0000] {logging_mixin.py:188} INFO - [2026-05-10T13:33:25.502+0000] {dag.py:3947} INFO - Setting next_dagrun for example_sensor_decorator to None, run_after=None
[2026-05-10T13:33:25.523+0000] {processor.py:183} INFO - Processing /home/airflow/.local/lib/python3.12/site-packages/airflow/example_dags/example_sensor_decorator.py took 0.063 seconds
[2026-05-10T13:33:59.437+0000] {processor.py:161} INFO - Started process (PID=14450) to work on /home/airflow/.local/lib/python3.12/site-packages/airflow/example_dags/example_sensor_decorator.py
[2026-05-10T13:33:59.439+0000] {processor.py:830} INFO - Processing file /home/airflow/.local/lib/python3.12/site-packages/airflow/example_dags/example_sensor_decorator.py for tasks to queue
[2026-05-10T13:33:59.441+0000] {logging_mixin.py:188} INFO - [2026-05-10T13:33:59.441+0000] {dagbag.py:545} INFO - Filling up the DagBag from /home/airflow/.local/lib/python3.12/site-packages/airflow/example_dags/example_sensor_decorator.py
[2026-05-10T13:33:59.453+0000] {processor.py:840} INFO - DAG(s) 'example_sensor_decorator' retrieved from /home/airflow/.local/lib/python3.12/site-packages/airflow/example_dags/example_sensor_decorator.py
[2026-05-10T13:33:59.493+0000] {logging_mixin.py:188} INFO - [2026-05-10T13:33:59.493+0000] {dag.py:3089} INFO - Sync 1 DAGs
[2026-05-10T13:33:59.516+0000] {logging_mixin.py:188} INFO - [2026-05-10T13:33:59.516+0000] {dag.py:3947} INFO - Setting next_dagrun for example_sensor_decorator to None, run_after=None
[2026-05-10T13:33:59.543+0000] {processor.py:183} INFO - Processing /home/airflow/.local/lib/python3.12/site-packages/airflow/example_dags/example_sensor_decorator.py took 0.118 seconds
[2026-05-10T13:34:30.589+0000] {processor.py:161} INFO - Started process (PID=14525) to work on /home/airflow/.local/lib/python3.12/site-packages/airflow/example_dags/example_sensor_decorator.py
[2026-05-10T13:34:30.590+0000] {processor.py:830} INFO - Processing file /home/airflow/.local/lib/python3.12/site-packages/airflow/example_dags/example_sensor_decorator.py for tasks to queue
[2026-05-10T13:34:30.593+0000] {logging_mixin.py:188} INFO - [2026-05-10T13:34:30.592+0000] {dagbag.py:545} INFO - Filling up the DagBag from /home/airflow/.local/lib/python3.12/site-packages/airflow/example_dags/example_sensor_decorator.py
[2026-05-10T13:34:30.605+0000] {processor.py:840} INFO - DAG(s) 'example_sensor_decorator' retrieved from /home/airflow/.local/lib/python3.12/site-packages/airflow/example_dags/example_sensor_decorator.py
[2026-05-10T13:34:30.635+0000] {logging_mixin.py:188} INFO - [2026-05-10T13:34:30.635+0000] {dag.py:3089} INFO - Sync 1 DAGs
[2026-05-10T13:34:30.818+0000] {logging_mixin.py:188} INFO - [2026-05-10T13:34:30.818+0000] {dag.py:3947} INFO - Setting next_dagrun for example_sensor_decorator to None, run_after=None
[2026-05-10T13:34:30.849+0000] {processor.py:183} INFO - Processing /home/airflow/.local/lib/python3.12/site-packages/airflow/example_dags/example_sensor_decorator.py took 0.267 seconds
[2026-05-10T13:35:01.312+0000] {processor.py:161} INFO - Started process (PID=14593) to work on /home/airflow/.local/lib/python3.12/site-packages/airflow/example_dags/example_sensor_decorator.py
[2026-05-10T13:35:01.313+0000] {processor.py:830} INFO - Processing file /home/airflow/.local/lib/python3.12/site-packages/airflow/example_dags/example_sensor_decorator.py for tasks to queue
[2026-05-10T13:35:01.315+0000] {logging_mixin.py:188} INFO - [2026-05-10T13:35:01.314+0000] {dagbag.py:545} INFO - Filling up the DagBag from /home/airflow/.local/lib/python3.12/site-packages/airflow/example_dags/example_sensor_decorator.py
[2026-05-10T13:35:01.325+0000] {processor.py:840} INFO - DAG(s) 'example_sensor_decorator' retrieved from /home/airflow/.local/lib/python3.12/site-packages/airflow/example_dags/example_sensor_decorator.py
[2026-05-10T13:35:01.350+0000] {logging_mixin.py:188} INFO - [2026-05-10T13:35:01.350+0000] {dag.py:3089} INFO - Sync 1 DAGs
[2026-05-10T13:35:01.362+0000] {logging_mixin.py:188} INFO - [2026-05-10T13:35:01.362+0000] {dag.py:3947} INFO - Setting next_dagrun for example_sensor_decorator to None, run_after=None
[2026-05-10T13:35:01.387+0000] {processor.py:183} INFO - Processing /home/airflow/.local/lib/python3.12/site-packages/airflow/example_dags/example_sensor_decorator.py took 0.082 seconds
[2026-05-10T13:35:31.692+0000] {processor.py:161} INFO - Started process (PID=14662) to work on /home/airflow/.local/lib/python3.12/site-packages/airflow/example_dags/example_sensor_decorator.py
[2026-05-10T13:35:31.694+0000] {processor.py:830} INFO - Processing file /home/airflow/.local/lib/python3.12/site-packages/airflow/example_dags/example_sensor_decorator.py for tasks to queue
[2026-05-10T13:35:31.696+0000] {logging_mixin.py:188} INFO - [2026-05-10T13:35:31.695+0000] {dagbag.py:545} INFO - Filling up the DagBag from /home/airflow/.local/lib/python3.12/site-packages/airflow/example_dags/example_sensor_decorator.py
[2026-05-10T13:35:31.704+0000] {processor.py:840} INFO - DAG(s) 'example_sensor_decorator' retrieved from /home/airflow/.local/lib/python3.12/site-packages/airflow/example_dags/example_sensor_decorator.py
[2026-05-10T13:35:31.726+0000] {logging_mixin.py:188} INFO - [2026-05-10T13:35:31.726+0000] {dag.py:3089} INFO - Sync 1 DAGs
[2026-05-10T13:35:31.740+0000] {logging_mixin.py:188} INFO - [2026-05-10T13:35:31.740+0000] {dag.py:3947} INFO - Setting next_dagrun for example_sensor_decorator to None, run_after=None
[2026-05-10T13:35:31.767+0000] {processor.py:183} INFO - Processing /home/airflow/.local/lib/python3.12/site-packages/airflow/example_dags/example_sensor_decorator.py took 0.080 seconds
[2026-05-10T13:36:01.917+0000] {processor.py:161} INFO - Started process (PID=14737) to work on /home/airflow/.local/lib/python3.12/site-packages/airflow/example_dags/example_sensor_decorator.py
[2026-05-10T13:36:01.918+0000] {processor.py:830} INFO - Processing file /home/airflow/.local/lib/python3.12/site-packages/airflow/example_dags/example_sensor_decorator.py for tasks to queue
[2026-05-10T13:36:01.921+0000] {logging_mixin.py:188} INFO - [2026-05-10T13:36:01.920+0000] {dagbag.py:545} INFO - Filling up the DagBag from /home/airflow/.local/lib/python3.12/site-packages/airflow/example_dags/example_sensor_decorator.py
[2026-05-10T13:36:01.933+0000] {processor.py:840} INFO - DAG(s) 'example_sensor_decorator' retrieved from /home/airflow/.local/lib/python3.12/site-packages/airflow/example_dags/example_sensor_decorator.py
[2026-05-10T13:36:01.974+0000] {logging_mixin.py:188} INFO - [2026-05-10T13:36:01.973+0000] {dag.py:3089} INFO - Sync 1 DAGs
[2026-05-10T13:36:01.998+0000] {logging_mixin.py:188} INFO - [2026-05-10T13:36:01.997+0000] {dag.py:3947} INFO - Setting next_dagrun for example_sensor_decorator to None, run_after=None
[2026-05-10T13:36:02.039+0000] {processor.py:183} INFO - Processing /home/airflow/.local/lib/python3.12/site-packages/airflow/example_dags/example_sensor_decorator.py took 0.132 seconds
[2026-05-10T13:36:32.111+0000] {processor.py:161} INFO - Started process (PID=14805) to work on /home/airflow/.local/lib/python3.12/site-packages/airflow/example_dags/example_sensor_decorator.py
[2026-05-10T13:36:32.112+0000] {processor.py:830} INFO - Processing file /home/airflow/.local/lib/python3.12/site-packages/airflow/example_dags/example_sensor_decorator.py for tasks to queue
[2026-05-10T13:36:32.114+0000] {logging_mixin.py:188} INFO - [2026-05-10T13:36:32.114+0000] {dagbag.py:545} INFO - Filling up the DagBag from /home/airflow/.local/lib/python3.12/site-packages/airflow/example_dags/example_sensor_decorator.py
[2026-05-10T13:36:32.125+0000] {processor.py:840} INFO - DAG(s) 'example_sensor_decorator' retrieved from /home/airflow/.local/lib/python3.12/site-packages/airflow/example_dags/example_sensor_decorator.py
[2026-05-10T13:36:32.167+0000] {logging_mixin.py:188} INFO - [2026-05-10T13:36:32.167+0000] {dag.py:3089} INFO - Sync 1 DAGs
[2026-05-10T13:36:32.191+0000] {logging_mixin.py:188} INFO - [2026-05-10T13:36:32.190+0000] {dag.py:3947} INFO - Setting next_dagrun for example_sensor_decorator to None, run_after=None
[2026-05-10T13:36:32.240+0000] {processor.py:183} INFO - Processing /home/airflow/.local/lib/python3.12/site-packages/airflow/example_dags/example_sensor_decorator.py took 0.136 seconds
[2026-05-10T13:37:03.071+0000] {processor.py:161} INFO - Started process (PID=14874) to work on /home/airflow/.local/lib/python3.12/site-packages/airflow/example_dags/example_sensor_decorator.py
[2026-05-10T13:37:03.072+0000] {processor.py:830} INFO - Processing file /home/airflow/.local/lib/python3.12/site-packages/airflow/example_dags/example_sensor_decorator.py for tasks to queue
[2026-05-10T13:37:03.074+0000] {logging_mixin.py:188} INFO - [2026-05-10T13:37:03.073+0000] {dagbag.py:545} INFO - Filling up the DagBag from /home/airflow/.local/lib/python3.12/site-packages/airflow/example_dags/example_sensor_decorator.py
[2026-05-10T13:37:03.082+0000] {processor.py:840} INFO - DAG(s) 'example_sensor_decorator' retrieved from /home/airflow/.local/lib/python3.12/site-packages/airflow/example_dags/example_sensor_decorator.py
[2026-05-10T13:37:03.114+0000] {logging_mixin.py:188} INFO - [2026-05-10T13:37:03.113+0000] {dag.py:3089} INFO - Sync 1 DAGs
[2026-05-10T13:37:03.132+0000] {logging_mixin.py:188} INFO - [2026-05-10T13:37:03.131+0000] {dag.py:3947} INFO - Setting next_dagrun for example_sensor_decorator to None, run_after=None
[2026-05-10T13:37:03.177+0000] {processor.py:183} INFO - Processing /home/airflow/.local/lib/python3.12/site-packages/airflow/example_dags/example_sensor_decorator.py took 0.111 seconds
[2026-05-10T13:37:34.193+0000] {processor.py:161} INFO - Started process (PID=14949) to work on /home/airflow/.local/lib/python3.12/site-packages/airflow/example_dags/example_sensor_decorator.py
[2026-05-10T13:37:34.195+0000] {processor.py:830} INFO - Processing file /home/airflow/.local/lib/python3.12/site-packages/airflow/example_dags/example_sensor_decorator.py for tasks to queue
[2026-05-10T13:37:34.196+0000] {logging_mixin.py:188} INFO - [2026-05-10T13:37:34.196+0000] {dagbag.py:545} INFO - Filling up the DagBag from /home/airflow/.local/lib/python3.12/site-packages/airflow/example_dags/example_sensor_decorator.py
[2026-05-10T13:37:34.203+0000] {processor.py:840} INFO - DAG(s) 'example_sensor_decorator' retrieved from /home/airflow/.local/lib/python3.12/site-packages/airflow/example_dags/example_sensor_decorator.py
[2026-05-10T13:37:34.241+0000] {logging_mixin.py:188} INFO - [2026-05-10T13:37:34.241+0000] {dag.py:3089} INFO - Sync 1 DAGs
[2026-05-10T13:37:34.257+0000] {logging_mixin.py:188} INFO - [2026-05-10T13:37:34.256+0000] {dag.py:3947} INFO - Setting next_dagrun for example_sensor_decorator to None, run_after=None
[2026-05-10T13:37:34.298+0000] {processor.py:183} INFO - Processing /home/airflow/.local/lib/python3.12/site-packages/airflow/example_dags/example_sensor_decorator.py took 0.113 seconds
[2026-05-10T13:38:04.943+0000] {processor.py:161} INFO - Started process (PID=15017) to work on /home/airflow/.local/lib/python3.12/site-packages/airflow/example_dags/example_sensor_decorator.py
[2026-05-10T13:38:04.945+0000] {processor.py:830} INFO - Processing file /home/airflow/.local/lib/python3.12/site-packages/airflow/example_dags/example_sensor_decorator.py for tasks to queue
[2026-05-10T13:38:04.946+0000] {logging_mixin.py:188} INFO - [2026-05-10T13:38:04.946+0000] {dagbag.py:545} INFO - Filling up the DagBag from /home/airflow/.local/lib/python3.12/site-packages/airflow/example_dags/example_sensor_decorator.py
[2026-05-10T13:38:04.954+0000] {processor.py:840} INFO - DAG(s) 'example_sensor_decorator' retrieved from /home/airflow/.local/lib/python3.12/site-packages/airflow/example_dags/example_sensor_decorator.py
[2026-05-10T13:38:04.981+0000] {logging_mixin.py:188} INFO - [2026-05-10T13:38:04.981+0000] {dag.py:3089} INFO - Sync 1 DAGs
[2026-05-10T13:38:04.995+0000] {logging_mixin.py:188} INFO - [2026-05-10T13:38:04.995+0000] {dag.py:3947} INFO - Setting next_dagrun for example_sensor_decorator to None, run_after=None
[2026-05-10T13:38:05.024+0000] {processor.py:183} INFO - Processing /home/airflow/.local/lib/python3.12/site-packages/airflow/example_dags/example_sensor_decorator.py took 0.087 seconds
[2026-05-10T13:38:35.860+0000] {processor.py:161} INFO - Started process (PID=15092) to work on /home/airflow/.local/lib/python3.12/site-packages/airflow/example_dags/example_sensor_decorator.py
[2026-05-10T13:38:35.862+0000] {processor.py:830} INFO - Processing file /home/airflow/.local/lib/python3.12/site-packages/airflow/example_dags/example_sensor_decorator.py for tasks to queue
[2026-05-10T13:38:35.865+0000] {logging_mixin.py:188} INFO - [2026-05-10T13:38:35.864+0000] {dagbag.py:545} INFO - Filling up the DagBag from /home/airflow/.local/lib/python3.12/site-packages/airflow/example_dags/example_sensor_decorator.py
[2026-05-10T13:38:35.875+0000] {processor.py:840} INFO - DAG(s) 'example_sensor_decorator' retrieved from /home/airflow/.local/lib/python3.12/site-packages/airflow/example_dags/example_sensor_decorator.py
[2026-05-10T13:38:35.897+0000] {logging_mixin.py:188} INFO - [2026-05-10T13:38:35.897+0000] {dag.py:3089} INFO - Sync 1 DAGs
[2026-05-10T13:38:35.908+0000] {logging_mixin.py:188} INFO - [2026-05-10T13:38:35.908+0000] {dag.py:3947} INFO - Setting next_dagrun for example_sensor_decorator to None, run_after=None
[2026-05-10T13:38:35.930+0000] {processor.py:183} INFO - Processing /home/airflow/.local/lib/python3.12/site-packages/airflow/example_dags/example_sensor_decorator.py took 0.075 seconds
[2026-05-10T13:39:06.230+0000] {processor.py:161} INFO - Started process (PID=15160) to work on /home/airflow/.local/lib/python3.12/site-packages/airflow/example_dags/example_sensor_decorator.py
[2026-05-10T13:39:06.232+0000] {processor.py:830} INFO - Processing file /home/airflow/.local/lib/python3.12/site-packages/airflow/example_dags/example_sensor_decorator.py for tasks to queue
[2026-05-10T13:39:06.233+0000] {logging_mixin.py:188} INFO - [2026-05-10T13:39:06.233+0000] {dagbag.py:545} INFO - Filling up the DagBag from /home/airflow/.local/lib/python3.12/site-packages/airflow/example_dags/example_sensor_decorator.py
[2026-05-10T13:39:06.242+0000] {processor.py:840} INFO - DAG(s) 'example_sensor_decorator' retrieved from /home/airflow/.local/lib/python3.12/site-packages/airflow/example_dags/example_sensor_decorator.py
[2026-05-10T13:39:06.271+0000] {logging_mixin.py:188} INFO - [2026-05-10T13:39:06.270+0000] {dag.py:3089} INFO - Sync 1 DAGs
[2026-05-10T13:39:06.286+0000] {logging_mixin.py:188} INFO - [2026-05-10T13:39:06.286+0000] {dag.py:3947} INFO - Setting next_dagrun for example_sensor_decorator to None, run_after=None
[2026-05-10T13:39:06.312+0000] {processor.py:183} INFO - Processing /home/airflow/.local/lib/python3.12/site-packages/airflow/example_dags/example_sensor_decorator.py took 0.089 seconds
[2026-05-10T13:39:36.653+0000] {processor.py:161} INFO - Started process (PID=15228) to work on /home/airflow/.local/lib/python3.12/site-packages/airflow/example_dags/example_sensor_decorator.py
[2026-05-10T13:39:36.657+0000] {processor.py:830} INFO - Processing file /home/airflow/.local/lib/python3.12/site-packages/airflow/example_dags/example_sensor_decorator.py for tasks to queue
[2026-05-10T13:39:36.660+0000] {logging_mixin.py:188} INFO - [2026-05-10T13:39:36.659+0000] {dagbag.py:545} INFO - Filling up the DagBag from /home/airflow/.local/lib/python3.12/site-packages/airflow/example_dags/example_sensor_decorator.py
[2026-05-10T13:39:36.679+0000] {processor.py:840} INFO - DAG(s) 'example_sensor_decorator' retrieved from /home/airflow/.local/lib/python3.12/site-packages/airflow/example_dags/example_sensor_decorator.py
[2026-05-10T13:39:36.705+0000] {logging_mixin.py:188} INFO - [2026-05-10T13:39:36.705+0000] {dag.py:3089} INFO - Sync 1 DAGs
[2026-05-10T13:39:36.718+0000] {logging_mixin.py:188} INFO - [2026-05-10T13:39:36.717+0000] {dag.py:3947} INFO - Setting next_dagrun for example_sensor_decorator to None, run_after=None
[2026-05-10T13:39:36.749+0000] {processor.py:183} INFO - Processing /home/airflow/.local/lib/python3.12/site-packages/airflow/example_dags/example_sensor_decorator.py took 0.103 seconds
[2026-05-10T13:40:07.027+0000] {processor.py:161} INFO - Started process (PID=15303) to work on /home/airflow/.local/lib/python3.12/site-packages/airflow/example_dags/example_sensor_decorator.py
[2026-05-10T13:40:07.028+0000] {processor.py:830} INFO - Processing file /home/airflow/.local/lib/python3.12/site-packages/airflow/example_dags/example_sensor_decorator.py for tasks to queue
[2026-05-10T13:40:07.030+0000] {logging_mixin.py:188} INFO - [2026-05-10T13:40:07.029+0000] {dagbag.py:545} INFO - Filling up the DagBag from /home/airflow/.local/lib/python3.12/site-packages/airflow/example_dags/example_sensor_decorator.py
[2026-05-10T13:40:07.036+0000] {processor.py:840} INFO - DAG(s) 'example_sensor_decorator' retrieved from /home/airflow/.local/lib/python3.12/site-packages/airflow/example_dags/example_sensor_decorator.py
[2026-05-10T13:40:07.059+0000] {logging_mixin.py:188} INFO - [2026-05-10T13:40:07.059+0000] {dag.py:3089} INFO - Sync 1 DAGs
[2026-05-10T13:40:07.070+0000] {logging_mixin.py:188} INFO - [2026-05-10T13:40:07.070+0000] {dag.py:3947} INFO - Setting next_dagrun for example_sensor_decorator to None, run_after=None
[2026-05-10T13:40:07.090+0000] {processor.py:183} INFO - Processing /home/airflow/.local/lib/python3.12/site-packages/airflow/example_dags/example_sensor_decorator.py took 0.072 seconds
[2026-05-10T13:40:37.305+0000] {processor.py:161} INFO - Started process (PID=15371) to work on /home/airflow/.local/lib/python3.12/site-packages/airflow/example_dags/example_sensor_decorator.py
[2026-05-10T13:40:37.306+0000] {processor.py:830} INFO - Processing file /home/airflow/.local/lib/python3.12/site-packages/airflow/example_dags/example_sensor_decorator.py for tasks to queue
[2026-05-10T13:40:37.307+0000] {logging_mixin.py:188} INFO - [2026-05-10T13:40:37.307+0000] {dagbag.py:545} INFO - Filling up the DagBag from /home/airflow/.local/lib/python3.12/site-packages/airflow/example_dags/example_sensor_decorator.py
[2026-05-10T13:40:37.314+0000] {processor.py:840} INFO - DAG(s) 'example_sensor_decorator' retrieved from /home/airflow/.local/lib/python3.12/site-packages/airflow/example_dags/example_sensor_decorator.py
[2026-05-10T13:40:37.337+0000] {logging_mixin.py:188} INFO - [2026-05-10T13:40:37.337+0000] {dag.py:3089} INFO - Sync 1 DAGs
[2026-05-10T13:40:37.348+0000] {logging_mixin.py:188} INFO - [2026-05-10T13:40:37.347+0000] {dag.py:3947} INFO - Setting next_dagrun for example_sensor_decorator to None, run_after=None
[2026-05-10T13:40:37.381+0000] {processor.py:183} INFO - Processing /home/airflow/.local/lib/python3.12/site-packages/airflow/example_dags/example_sensor_decorator.py took 0.085 seconds
[2026-05-10T13:41:07.958+0000] {processor.py:161} INFO - Started process (PID=15438) to work on /home/airflow/.local/lib/python3.12/site-packages/airflow/example_dags/example_sensor_decorator.py
[2026-05-10T13:41:07.961+0000] {processor.py:830} INFO - Processing file /home/airflow/.local/lib/python3.12/site-packages/airflow/example_dags/example_sensor_decorator.py for tasks to queue
[2026-05-10T13:41:07.963+0000] {logging_mixin.py:188} INFO - [2026-05-10T13:41:07.963+0000] {dagbag.py:545} INFO - Filling up the DagBag from /home/airflow/.local/lib/python3.12/site-packages/airflow/example_dags/example_sensor_decorator.py
[2026-05-10T13:41:07.975+0000] {processor.py:840} INFO - DAG(s) 'example_sensor_decorator' retrieved from /home/airflow/.local/lib/python3.12/site-packages/airflow/example_dags/example_sensor_decorator.py
[2026-05-10T13:41:08.006+0000] {logging_mixin.py:188} INFO - [2026-05-10T13:41:08.005+0000] {dag.py:3089} INFO - Sync 1 DAGs
[2026-05-10T13:41:08.022+0000] {logging_mixin.py:188} INFO - [2026-05-10T13:41:08.022+0000] {dag.py:3947} INFO - Setting next_dagrun for example_sensor_decorator to None, run_after=None
[2026-05-10T13:41:08.055+0000] {processor.py:183} INFO - Processing /home/airflow/.local/lib/python3.12/site-packages/airflow/example_dags/example_sensor_decorator.py took 0.108 seconds
[2026-05-10T13:41:38.114+0000] {processor.py:161} INFO - Started process (PID=15513) to work on /home/airflow/.local/lib/python3.12/site-packages/airflow/example_dags/example_sensor_decorator.py
[2026-05-10T13:41:38.115+0000] {processor.py:830} INFO - Processing file /home/airflow/.local/lib/python3.12/site-packages/airflow/example_dags/example_sensor_decorator.py for tasks to queue
[2026-05-10T13:41:38.117+0000] {logging_mixin.py:188} INFO - [2026-05-10T13:41:38.116+0000] {dagbag.py:545} INFO - Filling up the DagBag from /home/airflow/.local/lib/python3.12/site-packages/airflow/example_dags/example_sensor_decorator.py
[2026-05-10T13:41:38.127+0000] {processor.py:840} INFO - DAG(s) 'example_sensor_decorator' retrieved from /home/airflow/.local/lib/python3.12/site-packages/airflow/example_dags/example_sensor_decorator.py
[2026-05-10T13:41:38.160+0000] {logging_mixin.py:188} INFO - [2026-05-10T13:41:38.159+0000] {dag.py:3089} INFO - Sync 1 DAGs
[2026-05-10T13:41:38.169+0000] {logging_mixin.py:188} INFO - [2026-05-10T13:41:38.169+0000] {dag.py:3947} INFO - Setting next_dagrun for example_sensor_decorator to None, run_after=None
[2026-05-10T13:41:38.186+0000] {processor.py:183} INFO - Processing /home/airflow/.local/lib/python3.12/site-packages/airflow/example_dags/example_sensor_decorator.py took 0.084 seconds
[2026-05-10T13:42:08.439+0000] {processor.py:161} INFO - Started process (PID=15582) to work on /home/airflow/.local/lib/python3.12/site-packages/airflow/example_dags/example_sensor_decorator.py
[2026-05-10T13:42:08.441+0000] {processor.py:830} INFO - Processing file /home/airflow/.local/lib/python3.12/site-packages/airflow/example_dags/example_sensor_decorator.py for tasks to queue
[2026-05-10T13:42:08.443+0000] {logging_mixin.py:188} INFO - [2026-05-10T13:42:08.442+0000] {dagbag.py:545} INFO - Filling up the DagBag from /home/airflow/.local/lib/python3.12/site-packages/airflow/example_dags/example_sensor_decorator.py
[2026-05-10T13:42:08.448+0000] {processor.py:840} INFO - DAG(s) 'example_sensor_decorator' retrieved from /home/airflow/.local/lib/python3.12/site-packages/airflow/example_dags/example_sensor_decorator.py
[2026-05-10T13:42:08.468+0000] {logging_mixin.py:188} INFO - [2026-05-10T13:42:08.468+0000] {dag.py:3089} INFO - Sync 1 DAGs
[2026-05-10T13:42:08.479+0000] {logging_mixin.py:188} INFO - [2026-05-10T13:42:08.479+0000] {dag.py:3947} INFO - Setting next_dagrun for example_sensor_decorator to None, run_after=None
[2026-05-10T13:42:08.504+0000] {processor.py:183} INFO - Processing /home/airflow/.local/lib/python3.12/site-packages/airflow/example_dags/example_sensor_decorator.py took 0.072 seconds
[2026-05-10T13:42:38.912+0000] {processor.py:161} INFO - Started process (PID=15656) to work on /home/airflow/.local/lib/python3.12/site-packages/airflow/example_dags/example_sensor_decorator.py
[2026-05-10T13:42:38.914+0000] {processor.py:830} INFO - Processing file /home/airflow/.local/lib/python3.12/site-packages/airflow/example_dags/example_sensor_decorator.py for tasks to queue
[2026-05-10T13:42:38.915+0000] {logging_mixin.py:188} INFO - [2026-05-10T13:42:38.915+0000] {dagbag.py:545} INFO - Filling up the DagBag from /home/airflow/.local/lib/python3.12/site-packages/airflow/example_dags/example_sensor_decorator.py
[2026-05-10T13:42:38.923+0000] {processor.py:840} INFO - DAG(s) 'example_sensor_decorator' retrieved from /home/airflow/.local/lib/python3.12/site-packages/airflow/example_dags/example_sensor_decorator.py
[2026-05-10T13:42:38.951+0000] {logging_mixin.py:188} INFO - [2026-05-10T13:42:38.951+0000] {dag.py:3089} INFO - Sync 1 DAGs
[2026-05-10T13:42:38.968+0000] {logging_mixin.py:188} INFO - [2026-05-10T13:42:38.968+0000] {dag.py:3947} INFO - Setting next_dagrun for example_sensor_decorator to None, run_after=None
[2026-05-10T13:42:38.995+0000] {processor.py:183} INFO - Processing /home/airflow/.local/lib/python3.12/site-packages/airflow/example_dags/example_sensor_decorator.py took 0.092 seconds
[2026-05-10T13:43:09.513+0000] {processor.py:161} INFO - Started process (PID=15724) to work on /home/airflow/.local/lib/python3.12/site-packages/airflow/example_dags/example_sensor_decorator.py
[2026-05-10T13:43:09.513+0000] {processor.py:830} INFO - Processing file /home/airflow/.local/lib/python3.12/site-packages/airflow/example_dags/example_sensor_decorator.py for tasks to queue
[2026-05-10T13:43:09.514+0000] {logging_mixin.py:188} INFO - [2026-05-10T13:43:09.514+0000] {dagbag.py:545} INFO - Filling up the DagBag from /home/airflow/.local/lib/python3.12/site-packages/airflow/example_dags/example_sensor_decorator.py
[2026-05-10T13:43:09.519+0000] {processor.py:840} INFO - DAG(s) 'example_sensor_decorator' retrieved from /home/airflow/.local/lib/python3.12/site-packages/airflow/example_dags/example_sensor_decorator.py
[2026-05-10T13:43:09.539+0000] {logging_mixin.py:188} INFO - [2026-05-10T13:43:09.539+0000] {dag.py:3089} INFO - Sync 1 DAGs
[2026-05-10T13:43:09.548+0000] {logging_mixin.py:188} INFO - [2026-05-10T13:43:09.548+0000] {dag.py:3947} INFO - Setting next_dagrun for example_sensor_decorator to None, run_after=None
[2026-05-10T13:43:09.576+0000] {processor.py:183} INFO - Processing /home/airflow/.local/lib/python3.12/site-packages/airflow/example_dags/example_sensor_decorator.py took 0.068 seconds
[2026-05-10T13:43:40.296+0000] {processor.py:161} INFO - Started process (PID=15791) to work on /home/airflow/.local/lib/python3.12/site-packages/airflow/example_dags/example_sensor_decorator.py
[2026-05-10T13:43:40.297+0000] {processor.py:830} INFO - Processing file /home/airflow/.local/lib/python3.12/site-packages/airflow/example_dags/example_sensor_decorator.py for tasks to queue
[2026-05-10T13:43:40.298+0000] {logging_mixin.py:188} INFO - [2026-05-10T13:43:40.298+0000] {dagbag.py:545} INFO - Filling up the DagBag from /home/airflow/.local/lib/python3.12/site-packages/airflow/example_dags/example_sensor_decorator.py
[2026-05-10T13:43:40.304+0000] {processor.py:840} INFO - DAG(s) 'example_sensor_decorator' retrieved from /home/airflow/.local/lib/python3.12/site-packages/airflow/example_dags/example_sensor_decorator.py
[2026-05-10T13:43:40.326+0000] {logging_mixin.py:188} INFO - [2026-05-10T13:43:40.326+0000] {dag.py:3089} INFO - Sync 1 DAGs
[2026-05-10T13:43:40.339+0000] {logging_mixin.py:188} INFO - [2026-05-10T13:43:40.339+0000] {dag.py:3947} INFO - Setting next_dagrun for example_sensor_decorator to None, run_after=None
[2026-05-10T13:43:40.360+0000] {processor.py:183} INFO - Processing /home/airflow/.local/lib/python3.12/site-packages/airflow/example_dags/example_sensor_decorator.py took 0.071 seconds
[2026-05-10T13:44:10.532+0000] {processor.py:161} INFO - Started process (PID=15866) to work on /home/airflow/.local/lib/python3.12/site-packages/airflow/example_dags/example_sensor_decorator.py
[2026-05-10T13:44:10.534+0000] {processor.py:830} INFO - Processing file /home/airflow/.local/lib/python3.12/site-packages/airflow/example_dags/example_sensor_decorator.py for tasks to queue
[2026-05-10T13:44:10.535+0000] {logging_mixin.py:188} INFO - [2026-05-10T13:44:10.534+0000] {dagbag.py:545} INFO - Filling up the DagBag from /home/airflow/.local/lib/python3.12/site-packages/airflow/example_dags/example_sensor_decorator.py
[2026-05-10T13:44:10.541+0000] {processor.py:840} INFO - DAG(s) 'example_sensor_decorator' retrieved from /home/airflow/.local/lib/python3.12/site-packages/airflow/example_dags/example_sensor_decorator.py
[2026-05-10T13:44:10.561+0000] {logging_mixin.py:188} INFO - [2026-05-10T13:44:10.561+0000] {dag.py:3089} INFO - Sync 1 DAGs
[2026-05-10T13:44:10.573+0000] {logging_mixin.py:188} INFO - [2026-05-10T13:44:10.572+0000] {dag.py:3947} INFO - Setting next_dagrun for example_sensor_decorator to None, run_after=None
[2026-05-10T13:44:10.592+0000] {processor.py:183} INFO - Processing /home/airflow/.local/lib/python3.12/site-packages/airflow/example_dags/example_sensor_decorator.py took 0.065 seconds
[2026-05-10T13:44:41.345+0000] {processor.py:161} INFO - Started process (PID=15934) to work on /home/airflow/.local/lib/python3.12/site-packages/airflow/example_dags/example_sensor_decorator.py
[2026-05-10T13:44:41.346+0000] {processor.py:830} INFO - Processing file /home/airflow/.local/lib/python3.12/site-packages/airflow/example_dags/example_sensor_decorator.py for tasks to queue
[2026-05-10T13:44:41.347+0000] {logging_mixin.py:188} INFO - [2026-05-10T13:44:41.346+0000] {dagbag.py:545} INFO - Filling up the DagBag from /home/airflow/.local/lib/python3.12/site-packages/airflow/example_dags/example_sensor_decorator.py
[2026-05-10T13:44:41.352+0000] {processor.py:840} INFO - DAG(s) 'example_sensor_decorator' retrieved from /home/airflow/.local/lib/python3.12/site-packages/airflow/example_dags/example_sensor_decorator.py
[2026-05-10T13:44:41.371+0000] {logging_mixin.py:188} INFO - [2026-05-10T13:44:41.371+0000] {dag.py:3089} INFO - Sync 1 DAGs
[2026-05-10T13:44:41.383+0000] {logging_mixin.py:188} INFO - [2026-05-10T13:44:41.383+0000] {dag.py:3947} INFO - Setting next_dagrun for example_sensor_decorator to None, run_after=None
[2026-05-10T13:44:41.405+0000] {processor.py:183} INFO - Processing /home/airflow/.local/lib/python3.12/site-packages/airflow/example_dags/example_sensor_decorator.py took 0.066 seconds
[2026-05-10T13:45:11.746+0000] {processor.py:161} INFO - Started process (PID=16001) to work on /home/airflow/.local/lib/python3.12/site-packages/airflow/example_dags/example_sensor_decorator.py
[2026-05-10T13:45:11.747+0000] {processor.py:830} INFO - Processing file /home/airflow/.local/lib/python3.12/site-packages/airflow/example_dags/example_sensor_decorator.py for tasks to queue
[2026-05-10T13:45:11.748+0000] {logging_mixin.py:188} INFO - [2026-05-10T13:45:11.748+0000] {dagbag.py:545} INFO - Filling up the DagBag from /home/airflow/.local/lib/python3.12/site-packages/airflow/example_dags/example_sensor_decorator.py
[2026-05-10T13:45:11.754+0000] {processor.py:840} INFO - DAG(s) 'example_sensor_decorator' retrieved from /home/airflow/.local/lib/python3.12/site-packages/airflow/example_dags/example_sensor_decorator.py
[2026-05-10T13:45:11.775+0000] {logging_mixin.py:188} INFO - [2026-05-10T13:45:11.775+0000] {dag.py:3089} INFO - Sync 1 DAGs
[2026-05-10T13:45:11.791+0000] {logging_mixin.py:188} INFO - [2026-05-10T13:45:11.790+0000] {dag.py:3947} INFO - Setting next_dagrun for example_sensor_decorator to None, run_after=None
[2026-05-10T13:45:11.816+0000] {processor.py:183} INFO - Processing /home/airflow/.local/lib/python3.12/site-packages/airflow/example_dags/example_sensor_decorator.py took 0.075 seconds
[2026-05-10T13:45:42.159+0000] {processor.py:161} INFO - Started process (PID=16076) to work on /home/airflow/.local/lib/python3.12/site-packages/airflow/example_dags/example_sensor_decorator.py
[2026-05-10T13:45:42.160+0000] {processor.py:830} INFO - Processing file /home/airflow/.local/lib/python3.12/site-packages/airflow/example_dags/example_sensor_decorator.py for tasks to queue
[2026-05-10T13:45:42.161+0000] {logging_mixin.py:188} INFO - [2026-05-10T13:45:42.161+0000] {dagbag.py:545} INFO - Filling up the DagBag from /home/airflow/.local/lib/python3.12/site-packages/airflow/example_dags/example_sensor_decorator.py
[2026-05-10T13:45:42.167+0000] {processor.py:840} INFO - DAG(s) 'example_sensor_decorator' retrieved from /home/airflow/.local/lib/python3.12/site-packages/airflow/example_dags/example_sensor_decorator.py
[2026-05-10T13:45:42.190+0000] {logging_mixin.py:188} INFO - [2026-05-10T13:45:42.190+0000] {dag.py:3089} INFO - Sync 1 DAGs
[2026-05-10T13:45:42.204+0000] {logging_mixin.py:188} INFO - [2026-05-10T13:45:42.203+0000] {dag.py:3947} INFO - Setting next_dagrun for example_sensor_decorator to None, run_after=None
[2026-05-10T13:45:42.231+0000] {processor.py:183} INFO - Processing /home/airflow/.local/lib/python3.12/site-packages/airflow/example_dags/example_sensor_decorator.py took 0.079 seconds
[2026-05-10T13:46:13.210+0000] {processor.py:161} INFO - Started process (PID=16144) to work on /home/airflow/.local/lib/python3.12/site-packages/airflow/example_dags/example_sensor_decorator.py
[2026-05-10T13:46:13.212+0000] {processor.py:830} INFO - Processing file /home/airflow/.local/lib/python3.12/site-packages/airflow/example_dags/example_sensor_decorator.py for tasks to queue
[2026-05-10T13:46:13.213+0000] {logging_mixin.py:188} INFO - [2026-05-10T13:46:13.213+0000] {dagbag.py:545} INFO - Filling up the DagBag from /home/airflow/.local/lib/python3.12/site-packages/airflow/example_dags/example_sensor_decorator.py
[2026-05-10T13:46:13.220+0000] {processor.py:840} INFO - DAG(s) 'example_sensor_decorator' retrieved from /home/airflow/.local/lib/python3.12/site-packages/airflow/example_dags/example_sensor_decorator.py
[2026-05-10T13:46:13.249+0000] {logging_mixin.py:188} INFO - [2026-05-10T13:46:13.249+0000] {dag.py:3089} INFO - Sync 1 DAGs
[2026-05-10T13:46:13.263+0000] {logging_mixin.py:188} INFO - [2026-05-10T13:46:13.263+0000] {dag.py:3947} INFO - Setting next_dagrun for example_sensor_decorator to None, run_after=None
[2026-05-10T13:46:13.302+0000] {processor.py:183} INFO - Processing /home/airflow/.local/lib/python3.12/site-packages/airflow/example_dags/example_sensor_decorator.py took 0.098 seconds
[2026-05-10T13:46:43.644+0000] {processor.py:161} INFO - Started process (PID=16212) to work on /home/airflow/.local/lib/python3.12/site-packages/airflow/example_dags/example_sensor_decorator.py
[2026-05-10T13:46:43.646+0000] {processor.py:830} INFO - Processing file /home/airflow/.local/lib/python3.12/site-packages/airflow/example_dags/example_sensor_decorator.py for tasks to queue
[2026-05-10T13:46:43.649+0000] {logging_mixin.py:188} INFO - [2026-05-10T13:46:43.648+0000] {dagbag.py:545} INFO - Filling up the DagBag from /home/airflow/.local/lib/python3.12/site-packages/airflow/example_dags/example_sensor_decorator.py
[2026-05-10T13:46:43.661+0000] {processor.py:840} INFO - DAG(s) 'example_sensor_decorator' retrieved from /home/airflow/.local/lib/python3.12/site-packages/airflow/example_dags/example_sensor_decorator.py
[2026-05-10T13:46:43.701+0000] {logging_mixin.py:188} INFO - [2026-05-10T13:46:43.701+0000] {dag.py:3089} INFO - Sync 1 DAGs
[2026-05-10T13:46:43.716+0000] {logging_mixin.py:188} INFO - [2026-05-10T13:46:43.716+0000] {dag.py:3947} INFO - Setting next_dagrun for example_sensor_decorator to None, run_after=None
[2026-05-10T13:46:43.756+0000] {processor.py:183} INFO - Processing /home/airflow/.local/lib/python3.12/site-packages/airflow/example_dags/example_sensor_decorator.py took 0.123 seconds
[2026-05-10T13:47:14.561+0000] {processor.py:161} INFO - Started process (PID=16287) to work on /home/airflow/.local/lib/python3.12/site-packages/airflow/example_dags/example_sensor_decorator.py
[2026-05-10T13:47:14.562+0000] {processor.py:830} INFO - Processing file /home/airflow/.local/lib/python3.12/site-packages/airflow/example_dags/example_sensor_decorator.py for tasks to queue
[2026-05-10T13:47:14.563+0000] {logging_mixin.py:188} INFO - [2026-05-10T13:47:14.563+0000] {dagbag.py:545} INFO - Filling up the DagBag from /home/airflow/.local/lib/python3.12/site-packages/airflow/example_dags/example_sensor_decorator.py
[2026-05-10T13:47:14.571+0000] {processor.py:840} INFO - DAG(s) 'example_sensor_decorator' retrieved from /home/airflow/.local/lib/python3.12/site-packages/airflow/example_dags/example_sensor_decorator.py
[2026-05-10T13:47:14.595+0000] {logging_mixin.py:188} INFO - [2026-05-10T13:47:14.595+0000] {dag.py:3089} INFO - Sync 1 DAGs
[2026-05-10T13:47:14.608+0000] {logging_mixin.py:188} INFO - [2026-05-10T13:47:14.608+0000] {dag.py:3947} INFO - Setting next_dagrun for example_sensor_decorator to None, run_after=None
[2026-05-10T13:47:14.639+0000] {processor.py:183} INFO - Processing /home/airflow/.local/lib/python3.12/site-packages/airflow/example_dags/example_sensor_decorator.py took 0.084 seconds
[2026-05-10T13:47:45.195+0000] {processor.py:161} INFO - Started process (PID=16355) to work on /home/airflow/.local/lib/python3.12/site-packages/airflow/example_dags/example_sensor_decorator.py
[2026-05-10T13:47:45.198+0000] {processor.py:830} INFO - Processing file /home/airflow/.local/lib/python3.12/site-packages/airflow/example_dags/example_sensor_decorator.py for tasks to queue
[2026-05-10T13:47:45.201+0000] {logging_mixin.py:188} INFO - [2026-05-10T13:47:45.200+0000] {dagbag.py:545} INFO - Filling up the DagBag from /home/airflow/.local/lib/python3.12/site-packages/airflow/example_dags/example_sensor_decorator.py
[2026-05-10T13:47:45.208+0000] {processor.py:840} INFO - DAG(s) 'example_sensor_decorator' retrieved from /home/airflow/.local/lib/python3.12/site-packages/airflow/example_dags/example_sensor_decorator.py
[2026-05-10T13:47:45.232+0000] {logging_mixin.py:188} INFO - [2026-05-10T13:47:45.232+0000] {dag.py:3089} INFO - Sync 1 DAGs
[2026-05-10T13:47:45.245+0000] {logging_mixin.py:188} INFO - [2026-05-10T13:47:45.244+0000] {dag.py:3947} INFO - Setting next_dagrun for example_sensor_decorator to None, run_after=None
[2026-05-10T13:47:45.270+0000] {processor.py:183} INFO - Processing /home/airflow/.local/lib/python3.12/site-packages/airflow/example_dags/example_sensor_decorator.py took 0.080 seconds
[2026-05-10T13:48:15.761+0000] {processor.py:161} INFO - Started process (PID=16423) to work on /home/airflow/.local/lib/python3.12/site-packages/airflow/example_dags/example_sensor_decorator.py
[2026-05-10T13:48:15.763+0000] {processor.py:830} INFO - Processing file /home/airflow/.local/lib/python3.12/site-packages/airflow/example_dags/example_sensor_decorator.py for tasks to queue
[2026-05-10T13:48:15.764+0000] {logging_mixin.py:188} INFO - [2026-05-10T13:48:15.764+0000] {dagbag.py:545} INFO - Filling up the DagBag from /home/airflow/.local/lib/python3.12/site-packages/airflow/example_dags/example_sensor_decorator.py
[2026-05-10T13:48:15.772+0000] {processor.py:840} INFO - DAG(s) 'example_sensor_decorator' retrieved from /home/airflow/.local/lib/python3.12/site-packages/airflow/example_dags/example_sensor_decorator.py
[2026-05-10T13:48:15.803+0000] {logging_mixin.py:188} INFO - [2026-05-10T13:48:15.802+0000] {dag.py:3089} INFO - Sync 1 DAGs
[2026-05-10T13:48:15.824+0000] {logging_mixin.py:188} INFO - [2026-05-10T13:48:15.823+0000] {dag.py:3947} INFO - Setting next_dagrun for example_sensor_decorator to None, run_after=None
[2026-05-10T13:48:15.871+0000] {processor.py:183} INFO - Processing /home/airflow/.local/lib/python3.12/site-packages/airflow/example_dags/example_sensor_decorator.py took 0.115 seconds
[2026-05-10T13:48:46.011+0000] {processor.py:161} INFO - Started process (PID=16491) to work on /home/airflow/.local/lib/python3.12/site-packages/airflow/example_dags/example_sensor_decorator.py
[2026-05-10T13:48:46.013+0000] {processor.py:830} INFO - Processing file /home/airflow/.local/lib/python3.12/site-packages/airflow/example_dags/example_sensor_decorator.py for tasks to queue
[2026-05-10T13:48:46.015+0000] {logging_mixin.py:188} INFO - [2026-05-10T13:48:46.014+0000] {dagbag.py:545} INFO - Filling up the DagBag from /home/airflow/.local/lib/python3.12/site-packages/airflow/example_dags/example_sensor_decorator.py
[2026-05-10T13:48:46.025+0000] {processor.py:840} INFO - DAG(s) 'example_sensor_decorator' retrieved from /home/airflow/.local/lib/python3.12/site-packages/airflow/example_dags/example_sensor_decorator.py
[2026-05-10T13:48:46.061+0000] {logging_mixin.py:188} INFO - [2026-05-10T13:48:46.061+0000] {dag.py:3089} INFO - Sync 1 DAGs
[2026-05-10T13:48:46.077+0000] {logging_mixin.py:188} INFO - [2026-05-10T13:48:46.077+0000] {dag.py:3947} INFO - Setting next_dagrun for example_sensor_decorator to None, run_after=None
[2026-05-10T13:48:46.108+0000] {processor.py:183} INFO - Processing /home/airflow/.local/lib/python3.12/site-packages/airflow/example_dags/example_sensor_decorator.py took 0.104 seconds
[2026-05-10T13:49:16.654+0000] {processor.py:161} INFO - Started process (PID=16566) to work on /home/airflow/.local/lib/python3.12/site-packages/airflow/example_dags/example_sensor_decorator.py
[2026-05-10T13:49:16.656+0000] {processor.py:830} INFO - Processing file /home/airflow/.local/lib/python3.12/site-packages/airflow/example_dags/example_sensor_decorator.py for tasks to queue
[2026-05-10T13:49:16.657+0000] {logging_mixin.py:188} INFO - [2026-05-10T13:49:16.657+0000] {dagbag.py:545} INFO - Filling up the DagBag from /home/airflow/.local/lib/python3.12/site-packages/airflow/example_dags/example_sensor_decorator.py
[2026-05-10T13:49:16.664+0000] {processor.py:840} INFO - DAG(s) 'example_sensor_decorator' retrieved from /home/airflow/.local/lib/python3.12/site-packages/airflow/example_dags/example_sensor_decorator.py
[2026-05-10T13:49:16.692+0000] {logging_mixin.py:188} INFO - [2026-05-10T13:49:16.692+0000] {dag.py:3089} INFO - Sync 1 DAGs
[2026-05-10T13:49:16.705+0000] {logging_mixin.py:188} INFO - [2026-05-10T13:49:16.705+0000] {dag.py:3947} INFO - Setting next_dagrun for example_sensor_decorator to None, run_after=None
[2026-05-10T13:49:16.730+0000] {processor.py:183} INFO - Processing /home/airflow/.local/lib/python3.12/site-packages/airflow/example_dags/example_sensor_decorator.py took 0.085 seconds
[2026-05-10T13:49:46.984+0000] {processor.py:161} INFO - Started process (PID=16634) to work on /home/airflow/.local/lib/python3.12/site-packages/airflow/example_dags/example_sensor_decorator.py
[2026-05-10T13:49:46.987+0000] {processor.py:830} INFO - Processing file /home/airflow/.local/lib/python3.12/site-packages/airflow/example_dags/example_sensor_decorator.py for tasks to queue
[2026-05-10T13:49:46.989+0000] {logging_mixin.py:188} INFO - [2026-05-10T13:49:46.988+0000] {dagbag.py:545} INFO - Filling up the DagBag from /home/airflow/.local/lib/python3.12/site-packages/airflow/example_dags/example_sensor_decorator.py
[2026-05-10T13:49:47.005+0000] {processor.py:840} INFO - DAG(s) 'example_sensor_decorator' retrieved from /home/airflow/.local/lib/python3.12/site-packages/airflow/example_dags/example_sensor_decorator.py
[2026-05-10T13:49:47.036+0000] {logging_mixin.py:188} INFO - [2026-05-10T13:49:47.035+0000] {dag.py:3089} INFO - Sync 1 DAGs
[2026-05-10T13:49:47.055+0000] {logging_mixin.py:188} INFO - [2026-05-10T13:49:47.054+0000] {dag.py:3947} INFO - Setting next_dagrun for example_sensor_decorator to None, run_after=None
[2026-05-10T13:49:47.081+0000] {processor.py:183} INFO - Processing /home/airflow/.local/lib/python3.12/site-packages/airflow/example_dags/example_sensor_decorator.py took 0.110 seconds
[2026-05-10T13:50:17.895+0000] {processor.py:161} INFO - Started process (PID=16709) to work on /home/airflow/.local/lib/python3.12/site-packages/airflow/example_dags/example_sensor_decorator.py
[2026-05-10T13:50:17.897+0000] {processor.py:830} INFO - Processing file /home/airflow/.local/lib/python3.12/site-packages/airflow/example_dags/example_sensor_decorator.py for tasks to queue
[2026-05-10T13:50:17.898+0000] {logging_mixin.py:188} INFO - [2026-05-10T13:50:17.897+0000] {dagbag.py:545} INFO - Filling up the DagBag from /home/airflow/.local/lib/python3.12/site-packages/airflow/example_dags/example_sensor_decorator.py
[2026-05-10T13:50:17.904+0000] {processor.py:840} INFO - DAG(s) 'example_sensor_decorator' retrieved from /home/airflow/.local/lib/python3.12/site-packages/airflow/example_dags/example_sensor_decorator.py
[2026-05-10T13:50:17.931+0000] {logging_mixin.py:188} INFO - [2026-05-10T13:50:17.930+0000] {dag.py:3089} INFO - Sync 1 DAGs
[2026-05-10T13:50:17.944+0000] {logging_mixin.py:188} INFO - [2026-05-10T13:50:17.944+0000] {dag.py:3947} INFO - Setting next_dagrun for example_sensor_decorator to None, run_after=None
[2026-05-10T13:50:17.964+0000] {processor.py:183} INFO - Processing /home/airflow/.local/lib/python3.12/site-packages/airflow/example_dags/example_sensor_decorator.py took 0.076 seconds
[2026-05-10T13:50:48.854+0000] {processor.py:161} INFO - Started process (PID=16777) to work on /home/airflow/.local/lib/python3.12/site-packages/airflow/example_dags/example_sensor_decorator.py
[2026-05-10T13:50:48.855+0000] {processor.py:830} INFO - Processing file /home/airflow/.local/lib/python3.12/site-packages/airflow/example_dags/example_sensor_decorator.py for tasks to queue
[2026-05-10T13:50:48.856+0000] {logging_mixin.py:188} INFO - [2026-05-10T13:50:48.856+0000] {dagbag.py:545} INFO - Filling up the DagBag from /home/airflow/.local/lib/python3.12/site-packages/airflow/example_dags/example_sensor_decorator.py
[2026-05-10T13:50:48.865+0000] {processor.py:840} INFO - DAG(s) 'example_sensor_decorator' retrieved from /home/airflow/.local/lib/python3.12/site-packages/airflow/example_dags/example_sensor_decorator.py
[2026-05-10T13:50:48.896+0000] {logging_mixin.py:188} INFO - [2026-05-10T13:50:48.895+0000] {dag.py:3089} INFO - Sync 1 DAGs
[2026-05-10T13:50:48.917+0000] {logging_mixin.py:188} INFO - [2026-05-10T13:50:48.916+0000] {dag.py:3947} INFO - Setting next_dagrun for example_sensor_decorator to None, run_after=None
[2026-05-10T13:50:48.952+0000] {processor.py:183} INFO - Processing /home/airflow/.local/lib/python3.12/site-packages/airflow/example_dags/example_sensor_decorator.py took 0.109 seconds
[2026-05-10T13:51:19.332+0000] {processor.py:161} INFO - Started process (PID=16845) to work on /home/airflow/.local/lib/python3.12/site-packages/airflow/example_dags/example_sensor_decorator.py
[2026-05-10T13:51:19.334+0000] {processor.py:830} INFO - Processing file /home/airflow/.local/lib/python3.12/site-packages/airflow/example_dags/example_sensor_decorator.py for tasks to queue
[2026-05-10T13:51:19.335+0000] {logging_mixin.py:188} INFO - [2026-05-10T13:51:19.335+0000] {dagbag.py:545} INFO - Filling up the DagBag from /home/airflow/.local/lib/python3.12/site-packages/airflow/example_dags/example_sensor_decorator.py
[2026-05-10T13:51:19.347+0000] {processor.py:840} INFO - DAG(s) 'example_sensor_decorator' retrieved from /home/airflow/.local/lib/python3.12/site-packages/airflow/example_dags/example_sensor_decorator.py
[2026-05-10T13:51:19.385+0000] {logging_mixin.py:188} INFO - [2026-05-10T13:51:19.385+0000] {dag.py:3089} INFO - Sync 1 DAGs
[2026-05-10T13:51:19.412+0000] {logging_mixin.py:188} INFO - [2026-05-10T13:51:19.412+0000] {dag.py:3947} INFO - Setting next_dagrun for example_sensor_decorator to None, run_after=None
[2026-05-10T13:51:19.461+0000] {processor.py:183} INFO - Processing /home/airflow/.local/lib/python3.12/site-packages/airflow/example_dags/example_sensor_decorator.py took 0.138 seconds
[2026-05-10T13:51:50.215+0000] {processor.py:161} INFO - Started process (PID=16920) to work on /home/airflow/.local/lib/python3.12/site-packages/airflow/example_dags/example_sensor_decorator.py
[2026-05-10T13:51:50.218+0000] {processor.py:830} INFO - Processing file /home/airflow/.local/lib/python3.12/site-packages/airflow/example_dags/example_sensor_decorator.py for tasks to queue
[2026-05-10T13:51:50.219+0000] {logging_mixin.py:188} INFO - [2026-05-10T13:51:50.219+0000] {dagbag.py:545} INFO - Filling up the DagBag from /home/airflow/.local/lib/python3.12/site-packages/airflow/example_dags/example_sensor_decorator.py
[2026-05-10T13:51:50.230+0000] {processor.py:840} INFO - DAG(s) 'example_sensor_decorator' retrieved from /home/airflow/.local/lib/python3.12/site-packages/airflow/example_dags/example_sensor_decorator.py
[2026-05-10T13:51:50.260+0000] {logging_mixin.py:188} INFO - [2026-05-10T13:51:50.260+0000] {dag.py:3089} INFO - Sync 1 DAGs
[2026-05-10T13:51:50.274+0000] {logging_mixin.py:188} INFO - [2026-05-10T13:51:50.273+0000] {dag.py:3947} INFO - Setting next_dagrun for example_sensor_decorator to None, run_after=None
[2026-05-10T13:51:50.301+0000] {processor.py:183} INFO - Processing /home/airflow/.local/lib/python3.12/site-packages/airflow/example_dags/example_sensor_decorator.py took 0.098 seconds
[2026-05-10T13:52:20.663+0000] {processor.py:161} INFO - Started process (PID=16988) to work on /home/airflow/.local/lib/python3.12/site-packages/airflow/example_dags/example_sensor_decorator.py
[2026-05-10T13:52:20.665+0000] {processor.py:830} INFO - Processing file /home/airflow/.local/lib/python3.12/site-packages/airflow/example_dags/example_sensor_decorator.py for tasks to queue
[2026-05-10T13:52:20.667+0000] {logging_mixin.py:188} INFO - [2026-05-10T13:52:20.666+0000] {dagbag.py:545} INFO - Filling up the DagBag from /home/airflow/.local/lib/python3.12/site-packages/airflow/example_dags/example_sensor_decorator.py
[2026-05-10T13:52:20.679+0000] {processor.py:840} INFO - DAG(s) 'example_sensor_decorator' retrieved from /home/airflow/.local/lib/python3.12/site-packages/airflow/example_dags/example_sensor_decorator.py
[2026-05-10T13:52:20.717+0000] {logging_mixin.py:188} INFO - [2026-05-10T13:52:20.717+0000] {dag.py:3089} INFO - Sync 1 DAGs
[2026-05-10T13:52:20.739+0000] {logging_mixin.py:188} INFO - [2026-05-10T13:52:20.738+0000] {dag.py:3947} INFO - Setting next_dagrun for example_sensor_decorator to None, run_after=None
[2026-05-10T13:52:20.783+0000] {processor.py:183} INFO - Processing /home/airflow/.local/lib/python3.12/site-packages/airflow/example_dags/example_sensor_decorator.py took 0.133 seconds
[2026-05-10T13:52:51.019+0000] {processor.py:161} INFO - Started process (PID=17064) to work on /home/airflow/.local/lib/python3.12/site-packages/airflow/example_dags/example_sensor_decorator.py
[2026-05-10T13:52:51.021+0000] {processor.py:830} INFO - Processing file /home/airflow/.local/lib/python3.12/site-packages/airflow/example_dags/example_sensor_decorator.py for tasks to queue
[2026-05-10T13:52:51.021+0000] {logging_mixin.py:188} INFO - [2026-05-10T13:52:51.021+0000] {dagbag.py:545} INFO - Filling up the DagBag from /home/airflow/.local/lib/python3.12/site-packages/airflow/example_dags/example_sensor_decorator.py
[2026-05-10T13:52:51.026+0000] {processor.py:840} INFO - DAG(s) 'example_sensor_decorator' retrieved from /home/airflow/.local/lib/python3.12/site-packages/airflow/example_dags/example_sensor_decorator.py
[2026-05-10T13:52:51.046+0000] {logging_mixin.py:188} INFO - [2026-05-10T13:52:51.045+0000] {dag.py:3089} INFO - Sync 1 DAGs
[2026-05-10T13:52:51.058+0000] {logging_mixin.py:188} INFO - [2026-05-10T13:52:51.058+0000] {dag.py:3947} INFO - Setting next_dagrun for example_sensor_decorator to None, run_after=None
[2026-05-10T13:52:51.084+0000] {processor.py:183} INFO - Processing /home/airflow/.local/lib/python3.12/site-packages/airflow/example_dags/example_sensor_decorator.py took 0.070 seconds
[2026-05-10T13:53:21.402+0000] {processor.py:161} INFO - Started process (PID=17132) to work on /home/airflow/.local/lib/python3.12/site-packages/airflow/example_dags/example_sensor_decorator.py
[2026-05-10T13:53:21.403+0000] {processor.py:830} INFO - Processing file /home/airflow/.local/lib/python3.12/site-packages/airflow/example_dags/example_sensor_decorator.py for tasks to queue
[2026-05-10T13:53:21.404+0000] {logging_mixin.py:188} INFO - [2026-05-10T13:53:21.404+0000] {dagbag.py:545} INFO - Filling up the DagBag from /home/airflow/.local/lib/python3.12/site-packages/airflow/example_dags/example_sensor_decorator.py
[2026-05-10T13:53:21.409+0000] {processor.py:840} INFO - DAG(s) 'example_sensor_decorator' retrieved from /home/airflow/.local/lib/python3.12/site-packages/airflow/example_dags/example_sensor_decorator.py
[2026-05-10T13:53:21.428+0000] {logging_mixin.py:188} INFO - [2026-05-10T13:53:21.428+0000] {dag.py:3089} INFO - Sync 1 DAGs
[2026-05-10T13:53:21.439+0000] {logging_mixin.py:188} INFO - [2026-05-10T13:53:21.439+0000] {dag.py:3947} INFO - Setting next_dagrun for example_sensor_decorator to None, run_after=None
[2026-05-10T13:53:21.461+0000] {processor.py:183} INFO - Processing /home/airflow/.local/lib/python3.12/site-packages/airflow/example_dags/example_sensor_decorator.py took 0.064 seconds
[2026-05-10T13:53:52.075+0000] {processor.py:161} INFO - Started process (PID=17200) to work on /home/airflow/.local/lib/python3.12/site-packages/airflow/example_dags/example_sensor_decorator.py
[2026-05-10T13:53:52.077+0000] {processor.py:830} INFO - Processing file /home/airflow/.local/lib/python3.12/site-packages/airflow/example_dags/example_sensor_decorator.py for tasks to queue
[2026-05-10T13:53:52.079+0000] {logging_mixin.py:188} INFO - [2026-05-10T13:53:52.079+0000] {dagbag.py:545} INFO - Filling up the DagBag from /home/airflow/.local/lib/python3.12/site-packages/airflow/example_dags/example_sensor_decorator.py
[2026-05-10T13:53:52.095+0000] {processor.py:840} INFO - DAG(s) 'example_sensor_decorator' retrieved from /home/airflow/.local/lib/python3.12/site-packages/airflow/example_dags/example_sensor_decorator.py
[2026-05-10T13:53:52.141+0000] {logging_mixin.py:188} INFO - [2026-05-10T13:53:52.140+0000] {dag.py:3089} INFO - Sync 1 DAGs
[2026-05-10T13:53:52.171+0000] {logging_mixin.py:188} INFO - [2026-05-10T13:53:52.170+0000] {dag.py:3947} INFO - Setting next_dagrun for example_sensor_decorator to None, run_after=None
[2026-05-10T13:53:52.218+0000] {processor.py:183} INFO - Processing /home/airflow/.local/lib/python3.12/site-packages/airflow/example_dags/example_sensor_decorator.py took 0.157 seconds
[2026-05-10T13:54:22.351+0000] {processor.py:161} INFO - Started process (PID=17275) to work on /home/airflow/.local/lib/python3.12/site-packages/airflow/example_dags/example_sensor_decorator.py
[2026-05-10T13:54:22.354+0000] {processor.py:830} INFO - Processing file /home/airflow/.local/lib/python3.12/site-packages/airflow/example_dags/example_sensor_decorator.py for tasks to queue
[2026-05-10T13:54:22.356+0000] {logging_mixin.py:188} INFO - [2026-05-10T13:54:22.355+0000] {dagbag.py:545} INFO - Filling up the DagBag from /home/airflow/.local/lib/python3.12/site-packages/airflow/example_dags/example_sensor_decorator.py
[2026-05-10T13:54:22.364+0000] {processor.py:840} INFO - DAG(s) 'example_sensor_decorator' retrieved from /home/airflow/.local/lib/python3.12/site-packages/airflow/example_dags/example_sensor_decorator.py
[2026-05-10T13:54:22.388+0000] {logging_mixin.py:188} INFO - [2026-05-10T13:54:22.387+0000] {dag.py:3089} INFO - Sync 1 DAGs
[2026-05-10T13:54:22.402+0000] {logging_mixin.py:188} INFO - [2026-05-10T13:54:22.402+0000] {dag.py:3947} INFO - Setting next_dagrun for example_sensor_decorator to None, run_after=None
[2026-05-10T13:54:22.436+0000] {processor.py:183} INFO - Processing /home/airflow/.local/lib/python3.12/site-packages/airflow/example_dags/example_sensor_decorator.py took 0.095 seconds
[2026-05-10T13:54:52.965+0000] {processor.py:161} INFO - Started process (PID=17343) to work on /home/airflow/.local/lib/python3.12/site-packages/airflow/example_dags/example_sensor_decorator.py
[2026-05-10T13:54:52.967+0000] {processor.py:830} INFO - Processing file /home/airflow/.local/lib/python3.12/site-packages/airflow/example_dags/example_sensor_decorator.py for tasks to queue
[2026-05-10T13:54:52.969+0000] {logging_mixin.py:188} INFO - [2026-05-10T13:54:52.969+0000] {dagbag.py:545} INFO - Filling up the DagBag from /home/airflow/.local/lib/python3.12/site-packages/airflow/example_dags/example_sensor_decorator.py
[2026-05-10T13:54:52.986+0000] {processor.py:840} INFO - DAG(s) 'example_sensor_decorator' retrieved from /home/airflow/.local/lib/python3.12/site-packages/airflow/example_dags/example_sensor_decorator.py
[2026-05-10T13:54:53.033+0000] {logging_mixin.py:188} INFO - [2026-05-10T13:54:53.032+0000] {dag.py:3089} INFO - Sync 1 DAGs
[2026-05-10T13:54:53.054+0000] {logging_mixin.py:188} INFO - [2026-05-10T13:54:53.053+0000] {dag.py:3947} INFO - Setting next_dagrun for example_sensor_decorator to None, run_after=None
[2026-05-10T13:54:53.086+0000] {processor.py:183} INFO - Processing /home/airflow/.local/lib/python3.12/site-packages/airflow/example_dags/example_sensor_decorator.py took 0.134 seconds
[2026-05-10T13:55:23.418+0000] {processor.py:161} INFO - Started process (PID=17417) to work on /home/airflow/.local/lib/python3.12/site-packages/airflow/example_dags/example_sensor_decorator.py
[2026-05-10T13:55:23.419+0000] {processor.py:830} INFO - Processing file /home/airflow/.local/lib/python3.12/site-packages/airflow/example_dags/example_sensor_decorator.py for tasks to queue
[2026-05-10T13:55:23.420+0000] {logging_mixin.py:188} INFO - [2026-05-10T13:55:23.420+0000] {dagbag.py:545} INFO - Filling up the DagBag from /home/airflow/.local/lib/python3.12/site-packages/airflow/example_dags/example_sensor_decorator.py
[2026-05-10T13:55:23.425+0000] {processor.py:840} INFO - DAG(s) 'example_sensor_decorator' retrieved from /home/airflow/.local/lib/python3.12/site-packages/airflow/example_dags/example_sensor_decorator.py
[2026-05-10T13:55:23.445+0000] {logging_mixin.py:188} INFO - [2026-05-10T13:55:23.445+0000] {dag.py:3089} INFO - Sync 1 DAGs
[2026-05-10T13:55:23.456+0000] {logging_mixin.py:188} INFO - [2026-05-10T13:55:23.455+0000] {dag.py:3947} INFO - Setting next_dagrun for example_sensor_decorator to None, run_after=None
[2026-05-10T13:55:23.477+0000] {processor.py:183} INFO - Processing /home/airflow/.local/lib/python3.12/site-packages/airflow/example_dags/example_sensor_decorator.py took 0.063 seconds
[2026-05-10T13:55:54.356+0000] {processor.py:161} INFO - Started process (PID=17485) to work on /home/airflow/.local/lib/python3.12/site-packages/airflow/example_dags/example_sensor_decorator.py
[2026-05-10T13:55:54.357+0000] {processor.py:830} INFO - Processing file /home/airflow/.local/lib/python3.12/site-packages/airflow/example_dags/example_sensor_decorator.py for tasks to queue
[2026-05-10T13:55:54.360+0000] {logging_mixin.py:188} INFO - [2026-05-10T13:55:54.359+0000] {dagbag.py:545} INFO - Filling up the DagBag from /home/airflow/.local/lib/python3.12/site-packages/airflow/example_dags/example_sensor_decorator.py
[2026-05-10T13:55:54.371+0000] {processor.py:840} INFO - DAG(s) 'example_sensor_decorator' retrieved from /home/airflow/.local/lib/python3.12/site-packages/airflow/example_dags/example_sensor_decorator.py
[2026-05-10T13:55:54.405+0000] {logging_mixin.py:188} INFO - [2026-05-10T13:55:54.405+0000] {dag.py:3089} INFO - Sync 1 DAGs
[2026-05-10T13:55:54.431+0000] {logging_mixin.py:188} INFO - [2026-05-10T13:55:54.431+0000] {dag.py:3947} INFO - Setting next_dagrun for example_sensor_decorator to None, run_after=None
[2026-05-10T13:55:54.461+0000] {processor.py:183} INFO - Processing /home/airflow/.local/lib/python3.12/site-packages/airflow/example_dags/example_sensor_decorator.py took 0.117 seconds
[2026-05-10T13:56:25.187+0000] {processor.py:161} INFO - Started process (PID=17553) to work on /home/airflow/.local/lib/python3.12/site-packages/airflow/example_dags/example_sensor_decorator.py
[2026-05-10T13:56:25.189+0000] {processor.py:830} INFO - Processing file /home/airflow/.local/lib/python3.12/site-packages/airflow/example_dags/example_sensor_decorator.py for tasks to queue
[2026-05-10T13:56:25.192+0000] {logging_mixin.py:188} INFO - [2026-05-10T13:56:25.191+0000] {dagbag.py:545} INFO - Filling up the DagBag from /home/airflow/.local/lib/python3.12/site-packages/airflow/example_dags/example_sensor_decorator.py
[2026-05-10T13:56:25.208+0000] {processor.py:840} INFO - DAG(s) 'example_sensor_decorator' retrieved from /home/airflow/.local/lib/python3.12/site-packages/airflow/example_dags/example_sensor_decorator.py
[2026-05-10T13:56:25.260+0000] {logging_mixin.py:188} INFO - [2026-05-10T13:56:25.259+0000] {dag.py:3089} INFO - Sync 1 DAGs
[2026-05-10T13:56:25.290+0000] {logging_mixin.py:188} INFO - [2026-05-10T13:56:25.290+0000] {dag.py:3947} INFO - Setting next_dagrun for example_sensor_decorator to None, run_after=None
[2026-05-10T13:56:25.338+0000] {processor.py:183} INFO - Processing /home/airflow/.local/lib/python3.12/site-packages/airflow/example_dags/example_sensor_decorator.py took 0.168 seconds
[2026-05-10T13:56:56.191+0000] {processor.py:161} INFO - Started process (PID=17629) to work on /home/airflow/.local/lib/python3.12/site-packages/airflow/example_dags/example_sensor_decorator.py
[2026-05-10T13:56:56.193+0000] {processor.py:830} INFO - Processing file /home/airflow/.local/lib/python3.12/site-packages/airflow/example_dags/example_sensor_decorator.py for tasks to queue
[2026-05-10T13:56:56.195+0000] {logging_mixin.py:188} INFO - [2026-05-10T13:56:56.194+0000] {dagbag.py:545} INFO - Filling up the DagBag from /home/airflow/.local/lib/python3.12/site-packages/airflow/example_dags/example_sensor_decorator.py
[2026-05-10T13:56:56.207+0000] {processor.py:840} INFO - DAG(s) 'example_sensor_decorator' retrieved from /home/airflow/.local/lib/python3.12/site-packages/airflow/example_dags/example_sensor_decorator.py
[2026-05-10T13:56:56.258+0000] {logging_mixin.py:188} INFO - [2026-05-10T13:56:56.257+0000] {dag.py:3089} INFO - Sync 1 DAGs
[2026-05-10T13:56:56.285+0000] {logging_mixin.py:188} INFO - [2026-05-10T13:56:56.284+0000] {dag.py:3947} INFO - Setting next_dagrun for example_sensor_decorator to None, run_after=None
[2026-05-10T13:56:56.334+0000] {processor.py:183} INFO - Processing /home/airflow/.local/lib/python3.12/site-packages/airflow/example_dags/example_sensor_decorator.py took 0.153 seconds
[2026-05-10T13:57:27.038+0000] {processor.py:161} INFO - Started process (PID=17697) to work on /home/airflow/.local/lib/python3.12/site-packages/airflow/example_dags/example_sensor_decorator.py
[2026-05-10T13:57:27.041+0000] {processor.py:830} INFO - Processing file /home/airflow/.local/lib/python3.12/site-packages/airflow/example_dags/example_sensor_decorator.py for tasks to queue
[2026-05-10T13:57:27.044+0000] {logging_mixin.py:188} INFO - [2026-05-10T13:57:27.043+0000] {dagbag.py:545} INFO - Filling up the DagBag from /home/airflow/.local/lib/python3.12/site-packages/airflow/example_dags/example_sensor_decorator.py
[2026-05-10T13:57:27.057+0000] {processor.py:840} INFO - DAG(s) 'example_sensor_decorator' retrieved from /home/airflow/.local/lib/python3.12/site-packages/airflow/example_dags/example_sensor_decorator.py
[2026-05-10T13:57:27.107+0000] {logging_mixin.py:188} INFO - [2026-05-10T13:57:27.106+0000] {dag.py:3089} INFO - Sync 1 DAGs
[2026-05-10T13:57:27.135+0000] {logging_mixin.py:188} INFO - [2026-05-10T13:57:27.135+0000] {dag.py:3947} INFO - Setting next_dagrun for example_sensor_decorator to None, run_after=None
[2026-05-10T13:57:27.189+0000] {processor.py:183} INFO - Processing /home/airflow/.local/lib/python3.12/site-packages/airflow/example_dags/example_sensor_decorator.py took 0.165 seconds
[2026-05-10T13:57:57.959+0000] {processor.py:161} INFO - Started process (PID=17772) to work on /home/airflow/.local/lib/python3.12/site-packages/airflow/example_dags/example_sensor_decorator.py
[2026-05-10T13:57:57.961+0000] {processor.py:830} INFO - Processing file /home/airflow/.local/lib/python3.12/site-packages/airflow/example_dags/example_sensor_decorator.py for tasks to queue
[2026-05-10T13:57:57.962+0000] {logging_mixin.py:188} INFO - [2026-05-10T13:57:57.962+0000] {dagbag.py:545} INFO - Filling up the DagBag from /home/airflow/.local/lib/python3.12/site-packages/airflow/example_dags/example_sensor_decorator.py
[2026-05-10T13:57:57.970+0000] {processor.py:840} INFO - DAG(s) 'example_sensor_decorator' retrieved from /home/airflow/.local/lib/python3.12/site-packages/airflow/example_dags/example_sensor_decorator.py
[2026-05-10T13:57:58.004+0000] {logging_mixin.py:188} INFO - [2026-05-10T13:57:58.004+0000] {dag.py:3089} INFO - Sync 1 DAGs
[2026-05-10T13:57:58.028+0000] {logging_mixin.py:188} INFO - [2026-05-10T13:57:58.028+0000] {dag.py:3947} INFO - Setting next_dagrun for example_sensor_decorator to None, run_after=None
[2026-05-10T13:57:58.062+0000] {processor.py:183} INFO - Processing /home/airflow/.local/lib/python3.12/site-packages/airflow/example_dags/example_sensor_decorator.py took 0.111 seconds
[2026-05-10T13:58:28.389+0000] {processor.py:161} INFO - Started process (PID=17840) to work on /home/airflow/.local/lib/python3.12/site-packages/airflow/example_dags/example_sensor_decorator.py
[2026-05-10T13:58:28.390+0000] {processor.py:830} INFO - Processing file /home/airflow/.local/lib/python3.12/site-packages/airflow/example_dags/example_sensor_decorator.py for tasks to queue
[2026-05-10T13:58:28.391+0000] {logging_mixin.py:188} INFO - [2026-05-10T13:58:28.390+0000] {dagbag.py:545} INFO - Filling up the DagBag from /home/airflow/.local/lib/python3.12/site-packages/airflow/example_dags/example_sensor_decorator.py
[2026-05-10T13:58:28.400+0000] {processor.py:840} INFO - DAG(s) 'example_sensor_decorator' retrieved from /home/airflow/.local/lib/python3.12/site-packages/airflow/example_dags/example_sensor_decorator.py
[2026-05-10T13:58:28.425+0000] {logging_mixin.py:188} INFO - [2026-05-10T13:58:28.425+0000] {dag.py:3089} INFO - Sync 1 DAGs
[2026-05-10T13:58:28.439+0000] {logging_mixin.py:188} INFO - [2026-05-10T13:58:28.439+0000] {dag.py:3947} INFO - Setting next_dagrun for example_sensor_decorator to None, run_after=None
[2026-05-10T13:58:28.463+0000] {processor.py:183} INFO - Processing /home/airflow/.local/lib/python3.12/site-packages/airflow/example_dags/example_sensor_decorator.py took 0.081 seconds
[2026-05-10T13:58:58.909+0000] {processor.py:161} INFO - Started process (PID=17908) to work on /home/airflow/.local/lib/python3.12/site-packages/airflow/example_dags/example_sensor_decorator.py
[2026-05-10T13:58:58.911+0000] {processor.py:830} INFO - Processing file /home/airflow/.local/lib/python3.12/site-packages/airflow/example_dags/example_sensor_decorator.py for tasks to queue
[2026-05-10T13:58:58.913+0000] {logging_mixin.py:188} INFO - [2026-05-10T13:58:58.912+0000] {dagbag.py:545} INFO - Filling up the DagBag from /home/airflow/.local/lib/python3.12/site-packages/airflow/example_dags/example_sensor_decorator.py
[2026-05-10T13:58:58.921+0000] {processor.py:840} INFO - DAG(s) 'example_sensor_decorator' retrieved from /home/airflow/.local/lib/python3.12/site-packages/airflow/example_dags/example_sensor_decorator.py
[2026-05-10T13:58:58.962+0000] {logging_mixin.py:188} INFO - [2026-05-10T13:58:58.961+0000] {dag.py:3089} INFO - Sync 1 DAGs
[2026-05-10T13:58:58.992+0000] {logging_mixin.py:188} INFO - [2026-05-10T13:58:58.991+0000] {dag.py:3947} INFO - Setting next_dagrun for example_sensor_decorator to None, run_after=None
[2026-05-10T13:58:59.039+0000] {processor.py:183} INFO - Processing /home/airflow/.local/lib/python3.12/site-packages/airflow/example_dags/example_sensor_decorator.py took 0.137 seconds
[2026-05-10T13:59:29.111+0000] {processor.py:161} INFO - Started process (PID=17983) to work on /home/airflow/.local/lib/python3.12/site-packages/airflow/example_dags/example_sensor_decorator.py
[2026-05-10T13:59:29.112+0000] {processor.py:830} INFO - Processing file /home/airflow/.local/lib/python3.12/site-packages/airflow/example_dags/example_sensor_decorator.py for tasks to queue
[2026-05-10T13:59:29.113+0000] {logging_mixin.py:188} INFO - [2026-05-10T13:59:29.113+0000] {dagbag.py:545} INFO - Filling up the DagBag from /home/airflow/.local/lib/python3.12/site-packages/airflow/example_dags/example_sensor_decorator.py
[2026-05-10T13:59:29.121+0000] {processor.py:840} INFO - DAG(s) 'example_sensor_decorator' retrieved from /home/airflow/.local/lib/python3.12/site-packages/airflow/example_dags/example_sensor_decorator.py
[2026-05-10T13:59:29.140+0000] {logging_mixin.py:188} INFO - [2026-05-10T13:59:29.140+0000] {dag.py:3089} INFO - Sync 1 DAGs
[2026-05-10T13:59:29.151+0000] {logging_mixin.py:188} INFO - [2026-05-10T13:59:29.151+0000] {dag.py:3947} INFO - Setting next_dagrun for example_sensor_decorator to None, run_after=None
[2026-05-10T13:59:29.173+0000] {processor.py:183} INFO - Processing /home/airflow/.local/lib/python3.12/site-packages/airflow/example_dags/example_sensor_decorator.py took 0.067 seconds
[2026-05-10T13:59:59.737+0000] {processor.py:161} INFO - Started process (PID=18051) to work on /home/airflow/.local/lib/python3.12/site-packages/airflow/example_dags/example_sensor_decorator.py
[2026-05-10T13:59:59.738+0000] {processor.py:830} INFO - Processing file /home/airflow/.local/lib/python3.12/site-packages/airflow/example_dags/example_sensor_decorator.py for tasks to queue
[2026-05-10T13:59:59.739+0000] {logging_mixin.py:188} INFO - [2026-05-10T13:59:59.739+0000] {dagbag.py:545} INFO - Filling up the DagBag from /home/airflow/.local/lib/python3.12/site-packages/airflow/example_dags/example_sensor_decorator.py
[2026-05-10T13:59:59.745+0000] {processor.py:840} INFO - DAG(s) 'example_sensor_decorator' retrieved from /home/airflow/.local/lib/python3.12/site-packages/airflow/example_dags/example_sensor_decorator.py
[2026-05-10T13:59:59.770+0000] {logging_mixin.py:188} INFO - [2026-05-10T13:59:59.770+0000] {dag.py:3089} INFO - Sync 1 DAGs
[2026-05-10T13:59:59.786+0000] {logging_mixin.py:188} INFO - [2026-05-10T13:59:59.785+0000] {dag.py:3947} INFO - Setting next_dagrun for example_sensor_decorator to None, run_after=None
[2026-05-10T13:59:59.808+0000] {processor.py:183} INFO - Processing /home/airflow/.local/lib/python3.12/site-packages/airflow/example_dags/example_sensor_decorator.py took 0.077 seconds
[2026-05-10T14:00:30.309+0000] {processor.py:161} INFO - Started process (PID=18120) to work on /home/airflow/.local/lib/python3.12/site-packages/airflow/example_dags/example_sensor_decorator.py
[2026-05-10T14:00:30.311+0000] {processor.py:830} INFO - Processing file /home/airflow/.local/lib/python3.12/site-packages/airflow/example_dags/example_sensor_decorator.py for tasks to queue
[2026-05-10T14:00:30.312+0000] {logging_mixin.py:188} INFO - [2026-05-10T14:00:30.312+0000] {dagbag.py:545} INFO - Filling up the DagBag from /home/airflow/.local/lib/python3.12/site-packages/airflow/example_dags/example_sensor_decorator.py
[2026-05-10T14:00:30.321+0000] {processor.py:840} INFO - DAG(s) 'example_sensor_decorator' retrieved from /home/airflow/.local/lib/python3.12/site-packages/airflow/example_dags/example_sensor_decorator.py
[2026-05-10T14:00:30.348+0000] {logging_mixin.py:188} INFO - [2026-05-10T14:00:30.347+0000] {dag.py:3089} INFO - Sync 1 DAGs
[2026-05-10T14:00:30.366+0000] {logging_mixin.py:188} INFO - [2026-05-10T14:00:30.365+0000] {dag.py:3947} INFO - Setting next_dagrun for example_sensor_decorator to None, run_after=None
[2026-05-10T14:00:30.397+0000] {processor.py:183} INFO - Processing /home/airflow/.local/lib/python3.12/site-packages/airflow/example_dags/example_sensor_decorator.py took 0.100 seconds
[2026-05-10T14:01:00.612+0000] {processor.py:161} INFO - Started process (PID=18195) to work on /home/airflow/.local/lib/python3.12/site-packages/airflow/example_dags/example_sensor_decorator.py
[2026-05-10T14:01:00.614+0000] {processor.py:830} INFO - Processing file /home/airflow/.local/lib/python3.12/site-packages/airflow/example_dags/example_sensor_decorator.py for tasks to queue
[2026-05-10T14:01:00.616+0000] {logging_mixin.py:188} INFO - [2026-05-10T14:01:00.615+0000] {dagbag.py:545} INFO - Filling up the DagBag from /home/airflow/.local/lib/python3.12/site-packages/airflow/example_dags/example_sensor_decorator.py
[2026-05-10T14:01:00.625+0000] {processor.py:840} INFO - DAG(s) 'example_sensor_decorator' retrieved from /home/airflow/.local/lib/python3.12/site-packages/airflow/example_dags/example_sensor_decorator.py
[2026-05-10T14:01:00.657+0000] {logging_mixin.py:188} INFO - [2026-05-10T14:01:00.656+0000] {dag.py:3089} INFO - Sync 1 DAGs
[2026-05-10T14:01:00.670+0000] {logging_mixin.py:188} INFO - [2026-05-10T14:01:00.669+0000] {dag.py:3947} INFO - Setting next_dagrun for example_sensor_decorator to None, run_after=None
[2026-05-10T14:01:00.705+0000] {processor.py:183} INFO - Processing /home/airflow/.local/lib/python3.12/site-packages/airflow/example_dags/example_sensor_decorator.py took 0.098 seconds
[2026-05-10T14:01:31.056+0000] {processor.py:161} INFO - Started process (PID=18263) to work on /home/airflow/.local/lib/python3.12/site-packages/airflow/example_dags/example_sensor_decorator.py
[2026-05-10T14:01:31.058+0000] {processor.py:830} INFO - Processing file /home/airflow/.local/lib/python3.12/site-packages/airflow/example_dags/example_sensor_decorator.py for tasks to queue
[2026-05-10T14:01:31.061+0000] {logging_mixin.py:188} INFO - [2026-05-10T14:01:31.060+0000] {dagbag.py:545} INFO - Filling up the DagBag from /home/airflow/.local/lib/python3.12/site-packages/airflow/example_dags/example_sensor_decorator.py
[2026-05-10T14:01:31.075+0000] {processor.py:840} INFO - DAG(s) 'example_sensor_decorator' retrieved from /home/airflow/.local/lib/python3.12/site-packages/airflow/example_dags/example_sensor_decorator.py
[2026-05-10T14:01:31.105+0000] {logging_mixin.py:188} INFO - [2026-05-10T14:01:31.105+0000] {dag.py:3089} INFO - Sync 1 DAGs
[2026-05-10T14:01:31.125+0000] {logging_mixin.py:188} INFO - [2026-05-10T14:01:31.124+0000] {dag.py:3947} INFO - Setting next_dagrun for example_sensor_decorator to None, run_after=None
[2026-05-10T14:01:31.159+0000] {processor.py:183} INFO - Processing /home/airflow/.local/lib/python3.12/site-packages/airflow/example_dags/example_sensor_decorator.py took 0.109 seconds
[2026-05-10T14:02:01.674+0000] {processor.py:161} INFO - Started process (PID=18330) to work on /home/airflow/.local/lib/python3.12/site-packages/airflow/example_dags/example_sensor_decorator.py
[2026-05-10T14:02:01.675+0000] {processor.py:830} INFO - Processing file /home/airflow/.local/lib/python3.12/site-packages/airflow/example_dags/example_sensor_decorator.py for tasks to queue
[2026-05-10T14:02:01.676+0000] {logging_mixin.py:188} INFO - [2026-05-10T14:02:01.676+0000] {dagbag.py:545} INFO - Filling up the DagBag from /home/airflow/.local/lib/python3.12/site-packages/airflow/example_dags/example_sensor_decorator.py
[2026-05-10T14:02:01.682+0000] {processor.py:840} INFO - DAG(s) 'example_sensor_decorator' retrieved from /home/airflow/.local/lib/python3.12/site-packages/airflow/example_dags/example_sensor_decorator.py
[2026-05-10T14:02:01.703+0000] {logging_mixin.py:188} INFO - [2026-05-10T14:02:01.703+0000] {dag.py:3089} INFO - Sync 1 DAGs
[2026-05-10T14:02:01.714+0000] {logging_mixin.py:188} INFO - [2026-05-10T14:02:01.713+0000] {dag.py:3947} INFO - Setting next_dagrun for example_sensor_decorator to None, run_after=None
[2026-05-10T14:02:01.739+0000] {processor.py:183} INFO - Processing /home/airflow/.local/lib/python3.12/site-packages/airflow/example_dags/example_sensor_decorator.py took 0.072 seconds
[2026-05-10T14:02:32.739+0000] {processor.py:161} INFO - Started process (PID=18405) to work on /home/airflow/.local/lib/python3.12/site-packages/airflow/example_dags/example_sensor_decorator.py
[2026-05-10T14:02:32.740+0000] {processor.py:830} INFO - Processing file /home/airflow/.local/lib/python3.12/site-packages/airflow/example_dags/example_sensor_decorator.py for tasks to queue
[2026-05-10T14:02:32.741+0000] {logging_mixin.py:188} INFO - [2026-05-10T14:02:32.741+0000] {dagbag.py:545} INFO - Filling up the DagBag from /home/airflow/.local/lib/python3.12/site-packages/airflow/example_dags/example_sensor_decorator.py
[2026-05-10T14:02:32.747+0000] {processor.py:840} INFO - DAG(s) 'example_sensor_decorator' retrieved from /home/airflow/.local/lib/python3.12/site-packages/airflow/example_dags/example_sensor_decorator.py
[2026-05-10T14:02:32.766+0000] {logging_mixin.py:188} INFO - [2026-05-10T14:02:32.766+0000] {dag.py:3089} INFO - Sync 1 DAGs
[2026-05-10T14:02:32.777+0000] {logging_mixin.py:188} INFO - [2026-05-10T14:02:32.777+0000] {dag.py:3947} INFO - Setting next_dagrun for example_sensor_decorator to None, run_after=None
[2026-05-10T14:02:32.800+0000] {processor.py:183} INFO - Processing /home/airflow/.local/lib/python3.12/site-packages/airflow/example_dags/example_sensor_decorator.py took 0.066 seconds
[2026-05-10T14:03:03.047+0000] {processor.py:161} INFO - Started process (PID=18474) to work on /home/airflow/.local/lib/python3.12/site-packages/airflow/example_dags/example_sensor_decorator.py
[2026-05-10T14:03:03.048+0000] {processor.py:830} INFO - Processing file /home/airflow/.local/lib/python3.12/site-packages/airflow/example_dags/example_sensor_decorator.py for tasks to queue
[2026-05-10T14:03:03.050+0000] {logging_mixin.py:188} INFO - [2026-05-10T14:03:03.049+0000] {dagbag.py:545} INFO - Filling up the DagBag from /home/airflow/.local/lib/python3.12/site-packages/airflow/example_dags/example_sensor_decorator.py
[2026-05-10T14:03:03.056+0000] {processor.py:840} INFO - DAG(s) 'example_sensor_decorator' retrieved from /home/airflow/.local/lib/python3.12/site-packages/airflow/example_dags/example_sensor_decorator.py
[2026-05-10T14:03:03.077+0000] {logging_mixin.py:188} INFO - [2026-05-10T14:03:03.077+0000] {dag.py:3089} INFO - Sync 1 DAGs
[2026-05-10T14:03:03.090+0000] {logging_mixin.py:188} INFO - [2026-05-10T14:03:03.090+0000] {dag.py:3947} INFO - Setting next_dagrun for example_sensor_decorator to None, run_after=None
[2026-05-10T14:03:03.114+0000] {processor.py:183} INFO - Processing /home/airflow/.local/lib/python3.12/site-packages/airflow/example_dags/example_sensor_decorator.py took 0.073 seconds
[2026-05-10T14:03:33.381+0000] {processor.py:161} INFO - Started process (PID=18548) to work on /home/airflow/.local/lib/python3.12/site-packages/airflow/example_dags/example_sensor_decorator.py
[2026-05-10T14:03:33.382+0000] {processor.py:830} INFO - Processing file /home/airflow/.local/lib/python3.12/site-packages/airflow/example_dags/example_sensor_decorator.py for tasks to queue
[2026-05-10T14:03:33.382+0000] {logging_mixin.py:188} INFO - [2026-05-10T14:03:33.382+0000] {dagbag.py:545} INFO - Filling up the DagBag from /home/airflow/.local/lib/python3.12/site-packages/airflow/example_dags/example_sensor_decorator.py
[2026-05-10T14:03:33.390+0000] {processor.py:840} INFO - DAG(s) 'example_sensor_decorator' retrieved from /home/airflow/.local/lib/python3.12/site-packages/airflow/example_dags/example_sensor_decorator.py
[2026-05-10T14:03:33.410+0000] {logging_mixin.py:188} INFO - [2026-05-10T14:03:33.410+0000] {dag.py:3089} INFO - Sync 1 DAGs
[2026-05-10T14:03:33.420+0000] {logging_mixin.py:188} INFO - [2026-05-10T14:03:33.420+0000] {dag.py:3947} INFO - Setting next_dagrun for example_sensor_decorator to None, run_after=None
[2026-05-10T14:03:33.441+0000] {processor.py:183} INFO - Processing /home/airflow/.local/lib/python3.12/site-packages/airflow/example_dags/example_sensor_decorator.py took 0.067 seconds
[2026-05-10T14:04:04.391+0000] {processor.py:161} INFO - Started process (PID=18616) to work on /home/airflow/.local/lib/python3.12/site-packages/airflow/example_dags/example_sensor_decorator.py
[2026-05-10T14:04:04.393+0000] {processor.py:830} INFO - Processing file /home/airflow/.local/lib/python3.12/site-packages/airflow/example_dags/example_sensor_decorator.py for tasks to queue
[2026-05-10T14:04:04.395+0000] {logging_mixin.py:188} INFO - [2026-05-10T14:04:04.394+0000] {dagbag.py:545} INFO - Filling up the DagBag from /home/airflow/.local/lib/python3.12/site-packages/airflow/example_dags/example_sensor_decorator.py
[2026-05-10T14:04:04.405+0000] {processor.py:840} INFO - DAG(s) 'example_sensor_decorator' retrieved from /home/airflow/.local/lib/python3.12/site-packages/airflow/example_dags/example_sensor_decorator.py
[2026-05-10T14:04:04.433+0000] {logging_mixin.py:188} INFO - [2026-05-10T14:04:04.432+0000] {dag.py:3089} INFO - Sync 1 DAGs
[2026-05-10T14:04:04.444+0000] {logging_mixin.py:188} INFO - [2026-05-10T14:04:04.444+0000] {dag.py:3947} INFO - Setting next_dagrun for example_sensor_decorator to None, run_after=None
[2026-05-10T14:04:04.470+0000] {processor.py:183} INFO - Processing /home/airflow/.local/lib/python3.12/site-packages/airflow/example_dags/example_sensor_decorator.py took 0.093 seconds
[2026-05-10T14:04:35.457+0000] {processor.py:161} INFO - Started process (PID=18684) to work on /home/airflow/.local/lib/python3.12/site-packages/airflow/example_dags/example_sensor_decorator.py
[2026-05-10T14:04:35.458+0000] {processor.py:830} INFO - Processing file /home/airflow/.local/lib/python3.12/site-packages/airflow/example_dags/example_sensor_decorator.py for tasks to queue
[2026-05-10T14:04:35.460+0000] {logging_mixin.py:188} INFO - [2026-05-10T14:04:35.459+0000] {dagbag.py:545} INFO - Filling up the DagBag from /home/airflow/.local/lib/python3.12/site-packages/airflow/example_dags/example_sensor_decorator.py
[2026-05-10T14:04:35.470+0000] {processor.py:840} INFO - DAG(s) 'example_sensor_decorator' retrieved from /home/airflow/.local/lib/python3.12/site-packages/airflow/example_dags/example_sensor_decorator.py
[2026-05-10T14:04:35.509+0000] {logging_mixin.py:188} INFO - [2026-05-10T14:04:35.508+0000] {dag.py:3089} INFO - Sync 1 DAGs
[2026-05-10T14:04:35.528+0000] {logging_mixin.py:188} INFO - [2026-05-10T14:04:35.528+0000] {dag.py:3947} INFO - Setting next_dagrun for example_sensor_decorator to None, run_after=None
[2026-05-10T14:04:35.564+0000] {processor.py:183} INFO - Processing /home/airflow/.local/lib/python3.12/site-packages/airflow/example_dags/example_sensor_decorator.py took 0.117 seconds
[2026-05-10T14:05:05.904+0000] {processor.py:161} INFO - Started process (PID=18759) to work on /home/airflow/.local/lib/python3.12/site-packages/airflow/example_dags/example_sensor_decorator.py
[2026-05-10T14:05:05.907+0000] {processor.py:830} INFO - Processing file /home/airflow/.local/lib/python3.12/site-packages/airflow/example_dags/example_sensor_decorator.py for tasks to queue
[2026-05-10T14:05:05.910+0000] {logging_mixin.py:188} INFO - [2026-05-10T14:05:05.909+0000] {dagbag.py:545} INFO - Filling up the DagBag from /home/airflow/.local/lib/python3.12/site-packages/airflow/example_dags/example_sensor_decorator.py
[2026-05-10T14:05:05.922+0000] {processor.py:840} INFO - DAG(s) 'example_sensor_decorator' retrieved from /home/airflow/.local/lib/python3.12/site-packages/airflow/example_dags/example_sensor_decorator.py
[2026-05-10T14:05:05.965+0000] {logging_mixin.py:188} INFO - [2026-05-10T14:05:05.965+0000] {dag.py:3089} INFO - Sync 1 DAGs
[2026-05-10T14:05:05.987+0000] {logging_mixin.py:188} INFO - [2026-05-10T14:05:05.986+0000] {dag.py:3947} INFO - Setting next_dagrun for example_sensor_decorator to None, run_after=None
[2026-05-10T14:05:06.054+0000] {processor.py:183} INFO - Processing /home/airflow/.local/lib/python3.12/site-packages/airflow/example_dags/example_sensor_decorator.py took 0.162 seconds
[2026-05-10T14:05:36.146+0000] {processor.py:161} INFO - Started process (PID=18827) to work on /home/airflow/.local/lib/python3.12/site-packages/airflow/example_dags/example_sensor_decorator.py
[2026-05-10T14:05:36.148+0000] {processor.py:830} INFO - Processing file /home/airflow/.local/lib/python3.12/site-packages/airflow/example_dags/example_sensor_decorator.py for tasks to queue
[2026-05-10T14:05:36.149+0000] {logging_mixin.py:188} INFO - [2026-05-10T14:05:36.149+0000] {dagbag.py:545} INFO - Filling up the DagBag from /home/airflow/.local/lib/python3.12/site-packages/airflow/example_dags/example_sensor_decorator.py
[2026-05-10T14:05:36.160+0000] {processor.py:840} INFO - DAG(s) 'example_sensor_decorator' retrieved from /home/airflow/.local/lib/python3.12/site-packages/airflow/example_dags/example_sensor_decorator.py
[2026-05-10T14:05:36.195+0000] {logging_mixin.py:188} INFO - [2026-05-10T14:05:36.194+0000] {dag.py:3089} INFO - Sync 1 DAGs
[2026-05-10T14:05:36.213+0000] {logging_mixin.py:188} INFO - [2026-05-10T14:05:36.212+0000] {dag.py:3947} INFO - Setting next_dagrun for example_sensor_decorator to None, run_after=None
[2026-05-10T14:05:36.248+0000] {processor.py:183} INFO - Processing /home/airflow/.local/lib/python3.12/site-packages/airflow/example_dags/example_sensor_decorator.py took 0.112 seconds
[2026-05-10T14:06:07.015+0000] {processor.py:161} INFO - Started process (PID=18893) to work on /home/airflow/.local/lib/python3.12/site-packages/airflow/example_dags/example_sensor_decorator.py
[2026-05-10T14:06:07.018+0000] {processor.py:830} INFO - Processing file /home/airflow/.local/lib/python3.12/site-packages/airflow/example_dags/example_sensor_decorator.py for tasks to queue
[2026-05-10T14:06:07.021+0000] {logging_mixin.py:188} INFO - [2026-05-10T14:06:07.020+0000] {dagbag.py:545} INFO - Filling up the DagBag from /home/airflow/.local/lib/python3.12/site-packages/airflow/example_dags/example_sensor_decorator.py
[2026-05-10T14:06:07.030+0000] {processor.py:840} INFO - DAG(s) 'example_sensor_decorator' retrieved from /home/airflow/.local/lib/python3.12/site-packages/airflow/example_dags/example_sensor_decorator.py
[2026-05-10T14:06:07.067+0000] {logging_mixin.py:188} INFO - [2026-05-10T14:06:07.066+0000] {dag.py:3089} INFO - Sync 1 DAGs
[2026-05-10T14:06:07.085+0000] {logging_mixin.py:188} INFO - [2026-05-10T14:06:07.085+0000] {dag.py:3947} INFO - Setting next_dagrun for example_sensor_decorator to None, run_after=None
[2026-05-10T14:06:07.123+0000] {processor.py:183} INFO - Processing /home/airflow/.local/lib/python3.12/site-packages/airflow/example_dags/example_sensor_decorator.py took 0.119 seconds
[2026-05-10T14:06:37.707+0000] {processor.py:161} INFO - Started process (PID=18961) to work on /home/airflow/.local/lib/python3.12/site-packages/airflow/example_dags/example_sensor_decorator.py
[2026-05-10T14:06:37.710+0000] {processor.py:830} INFO - Processing file /home/airflow/.local/lib/python3.12/site-packages/airflow/example_dags/example_sensor_decorator.py for tasks to queue
[2026-05-10T14:06:37.713+0000] {logging_mixin.py:188} INFO - [2026-05-10T14:06:37.712+0000] {dagbag.py:545} INFO - Filling up the DagBag from /home/airflow/.local/lib/python3.12/site-packages/airflow/example_dags/example_sensor_decorator.py
[2026-05-10T14:06:37.729+0000] {processor.py:840} INFO - DAG(s) 'example_sensor_decorator' retrieved from /home/airflow/.local/lib/python3.12/site-packages/airflow/example_dags/example_sensor_decorator.py
[2026-05-10T14:06:37.772+0000] {logging_mixin.py:188} INFO - [2026-05-10T14:06:37.772+0000] {dag.py:3089} INFO - Sync 1 DAGs
[2026-05-10T14:06:37.796+0000] {logging_mixin.py:188} INFO - [2026-05-10T14:06:37.796+0000] {dag.py:3947} INFO - Setting next_dagrun for example_sensor_decorator to None, run_after=None
[2026-05-10T14:06:37.952+0000] {processor.py:183} INFO - Processing /home/airflow/.local/lib/python3.12/site-packages/airflow/example_dags/example_sensor_decorator.py took 0.258 seconds
[2026-05-10T14:07:08.596+0000] {processor.py:161} INFO - Started process (PID=19029) to work on /home/airflow/.local/lib/python3.12/site-packages/airflow/example_dags/example_sensor_decorator.py
[2026-05-10T14:07:08.598+0000] {processor.py:830} INFO - Processing file /home/airflow/.local/lib/python3.12/site-packages/airflow/example_dags/example_sensor_decorator.py for tasks to queue
[2026-05-10T14:07:08.600+0000] {logging_mixin.py:188} INFO - [2026-05-10T14:07:08.600+0000] {dagbag.py:545} INFO - Filling up the DagBag from /home/airflow/.local/lib/python3.12/site-packages/airflow/example_dags/example_sensor_decorator.py
[2026-05-10T14:07:08.612+0000] {processor.py:840} INFO - DAG(s) 'example_sensor_decorator' retrieved from /home/airflow/.local/lib/python3.12/site-packages/airflow/example_dags/example_sensor_decorator.py
[2026-05-10T14:07:08.649+0000] {logging_mixin.py:188} INFO - [2026-05-10T14:07:08.649+0000] {dag.py:3089} INFO - Sync 1 DAGs
[2026-05-10T14:07:08.677+0000] {logging_mixin.py:188} INFO - [2026-05-10T14:07:08.677+0000] {dag.py:3947} INFO - Setting next_dagrun for example_sensor_decorator to None, run_after=None
[2026-05-10T14:07:08.874+0000] {processor.py:183} INFO - Processing /home/airflow/.local/lib/python3.12/site-packages/airflow/example_dags/example_sensor_decorator.py took 0.289 seconds
[2026-05-10T14:07:39.451+0000] {processor.py:161} INFO - Started process (PID=19096) to work on /home/airflow/.local/lib/python3.12/site-packages/airflow/example_dags/example_sensor_decorator.py
[2026-05-10T14:07:39.454+0000] {processor.py:830} INFO - Processing file /home/airflow/.local/lib/python3.12/site-packages/airflow/example_dags/example_sensor_decorator.py for tasks to queue
[2026-05-10T14:07:39.457+0000] {logging_mixin.py:188} INFO - [2026-05-10T14:07:39.456+0000] {dagbag.py:545} INFO - Filling up the DagBag from /home/airflow/.local/lib/python3.12/site-packages/airflow/example_dags/example_sensor_decorator.py
[2026-05-10T14:07:39.472+0000] {processor.py:840} INFO - DAG(s) 'example_sensor_decorator' retrieved from /home/airflow/.local/lib/python3.12/site-packages/airflow/example_dags/example_sensor_decorator.py
[2026-05-10T14:07:39.526+0000] {logging_mixin.py:188} INFO - [2026-05-10T14:07:39.525+0000] {dag.py:3089} INFO - Sync 1 DAGs
[2026-05-10T14:07:39.559+0000] {logging_mixin.py:188} INFO - [2026-05-10T14:07:39.558+0000] {dag.py:3947} INFO - Setting next_dagrun for example_sensor_decorator to None, run_after=None
[2026-05-10T14:07:39.637+0000] {processor.py:183} INFO - Processing /home/airflow/.local/lib/python3.12/site-packages/airflow/example_dags/example_sensor_decorator.py took 0.201 seconds
[2026-05-10T14:08:10.183+0000] {processor.py:161} INFO - Started process (PID=19165) to work on /home/airflow/.local/lib/python3.12/site-packages/airflow/example_dags/example_sensor_decorator.py
[2026-05-10T14:08:10.185+0000] {processor.py:830} INFO - Processing file /home/airflow/.local/lib/python3.12/site-packages/airflow/example_dags/example_sensor_decorator.py for tasks to queue
[2026-05-10T14:08:10.187+0000] {logging_mixin.py:188} INFO - [2026-05-10T14:08:10.186+0000] {dagbag.py:545} INFO - Filling up the DagBag from /home/airflow/.local/lib/python3.12/site-packages/airflow/example_dags/example_sensor_decorator.py
[2026-05-10T14:08:10.199+0000] {processor.py:840} INFO - DAG(s) 'example_sensor_decorator' retrieved from /home/airflow/.local/lib/python3.12/site-packages/airflow/example_dags/example_sensor_decorator.py
[2026-05-10T14:08:10.236+0000] {logging_mixin.py:188} INFO - [2026-05-10T14:08:10.235+0000] {dag.py:3089} INFO - Sync 1 DAGs
[2026-05-10T14:08:10.268+0000] {logging_mixin.py:188} INFO - [2026-05-10T14:08:10.267+0000] {dag.py:3947} INFO - Setting next_dagrun for example_sensor_decorator to None, run_after=None
[2026-05-10T14:08:10.337+0000] {processor.py:183} INFO - Processing /home/airflow/.local/lib/python3.12/site-packages/airflow/example_dags/example_sensor_decorator.py took 0.166 seconds
[2026-05-10T14:08:41.003+0000] {processor.py:161} INFO - Started process (PID=19240) to work on /home/airflow/.local/lib/python3.12/site-packages/airflow/example_dags/example_sensor_decorator.py
[2026-05-10T14:08:41.005+0000] {processor.py:830} INFO - Processing file /home/airflow/.local/lib/python3.12/site-packages/airflow/example_dags/example_sensor_decorator.py for tasks to queue
[2026-05-10T14:08:41.007+0000] {logging_mixin.py:188} INFO - [2026-05-10T14:08:41.006+0000] {dagbag.py:545} INFO - Filling up the DagBag from /home/airflow/.local/lib/python3.12/site-packages/airflow/example_dags/example_sensor_decorator.py
[2026-05-10T14:08:41.017+0000] {processor.py:840} INFO - DAG(s) 'example_sensor_decorator' retrieved from /home/airflow/.local/lib/python3.12/site-packages/airflow/example_dags/example_sensor_decorator.py
[2026-05-10T14:08:41.054+0000] {logging_mixin.py:188} INFO - [2026-05-10T14:08:41.053+0000] {dag.py:3089} INFO - Sync 1 DAGs
[2026-05-10T14:08:41.073+0000] {logging_mixin.py:188} INFO - [2026-05-10T14:08:41.072+0000] {dag.py:3947} INFO - Setting next_dagrun for example_sensor_decorator to None, run_after=None
[2026-05-10T14:08:41.137+0000] {processor.py:183} INFO - Processing /home/airflow/.local/lib/python3.12/site-packages/airflow/example_dags/example_sensor_decorator.py took 0.145 seconds
[2026-05-10T14:09:11.761+0000] {processor.py:161} INFO - Started process (PID=19308) to work on /home/airflow/.local/lib/python3.12/site-packages/airflow/example_dags/example_sensor_decorator.py
[2026-05-10T14:09:11.763+0000] {processor.py:830} INFO - Processing file /home/airflow/.local/lib/python3.12/site-packages/airflow/example_dags/example_sensor_decorator.py for tasks to queue
[2026-05-10T14:09:11.765+0000] {logging_mixin.py:188} INFO - [2026-05-10T14:09:11.764+0000] {dagbag.py:545} INFO - Filling up the DagBag from /home/airflow/.local/lib/python3.12/site-packages/airflow/example_dags/example_sensor_decorator.py
[2026-05-10T14:09:11.775+0000] {processor.py:840} INFO - DAG(s) 'example_sensor_decorator' retrieved from /home/airflow/.local/lib/python3.12/site-packages/airflow/example_dags/example_sensor_decorator.py
[2026-05-10T14:09:11.810+0000] {logging_mixin.py:188} INFO - [2026-05-10T14:09:11.809+0000] {dag.py:3089} INFO - Sync 1 DAGs
[2026-05-10T14:09:11.829+0000] {logging_mixin.py:188} INFO - [2026-05-10T14:09:11.829+0000] {dag.py:3947} INFO - Setting next_dagrun for example_sensor_decorator to None, run_after=None
[2026-05-10T14:09:11.904+0000] {processor.py:183} INFO - Processing /home/airflow/.local/lib/python3.12/site-packages/airflow/example_dags/example_sensor_decorator.py took 0.154 seconds
[2026-05-10T14:09:42.366+0000] {processor.py:161} INFO - Started process (PID=19376) to work on /home/airflow/.local/lib/python3.12/site-packages/airflow/example_dags/example_sensor_decorator.py
[2026-05-10T14:09:42.369+0000] {processor.py:830} INFO - Processing file /home/airflow/.local/lib/python3.12/site-packages/airflow/example_dags/example_sensor_decorator.py for tasks to queue
[2026-05-10T14:09:42.371+0000] {logging_mixin.py:188} INFO - [2026-05-10T14:09:42.370+0000] {dagbag.py:545} INFO - Filling up the DagBag from /home/airflow/.local/lib/python3.12/site-packages/airflow/example_dags/example_sensor_decorator.py
[2026-05-10T14:09:42.389+0000] {processor.py:840} INFO - DAG(s) 'example_sensor_decorator' retrieved from /home/airflow/.local/lib/python3.12/site-packages/airflow/example_dags/example_sensor_decorator.py
[2026-05-10T14:09:42.430+0000] {logging_mixin.py:188} INFO - [2026-05-10T14:09:42.429+0000] {dag.py:3089} INFO - Sync 1 DAGs
[2026-05-10T14:09:42.455+0000] {logging_mixin.py:188} INFO - [2026-05-10T14:09:42.454+0000] {dag.py:3947} INFO - Setting next_dagrun for example_sensor_decorator to None, run_after=None
[2026-05-10T14:09:42.924+0000] {processor.py:183} INFO - Processing /home/airflow/.local/lib/python3.12/site-packages/airflow/example_dags/example_sensor_decorator.py took 0.571 seconds
[2026-05-10T14:10:13.314+0000] {processor.py:161} INFO - Started process (PID=19445) to work on /home/airflow/.local/lib/python3.12/site-packages/airflow/example_dags/example_sensor_decorator.py
[2026-05-10T14:10:13.317+0000] {processor.py:830} INFO - Processing file /home/airflow/.local/lib/python3.12/site-packages/airflow/example_dags/example_sensor_decorator.py for tasks to queue
[2026-05-10T14:10:13.319+0000] {logging_mixin.py:188} INFO - [2026-05-10T14:10:13.318+0000] {dagbag.py:545} INFO - Filling up the DagBag from /home/airflow/.local/lib/python3.12/site-packages/airflow/example_dags/example_sensor_decorator.py
[2026-05-10T14:10:13.333+0000] {processor.py:840} INFO - DAG(s) 'example_sensor_decorator' retrieved from /home/airflow/.local/lib/python3.12/site-packages/airflow/example_dags/example_sensor_decorator.py
[2026-05-10T14:10:13.383+0000] {logging_mixin.py:188} INFO - [2026-05-10T14:10:13.383+0000] {dag.py:3089} INFO - Sync 1 DAGs
[2026-05-10T14:10:13.406+0000] {logging_mixin.py:188} INFO - [2026-05-10T14:10:13.405+0000] {dag.py:3947} INFO - Setting next_dagrun for example_sensor_decorator to None, run_after=None
[2026-05-10T14:10:13.479+0000] {processor.py:183} INFO - Processing /home/airflow/.local/lib/python3.12/site-packages/airflow/example_dags/example_sensor_decorator.py took 0.176 seconds
[2026-05-10T14:10:43.591+0000] {processor.py:161} INFO - Started process (PID=19513) to work on /home/airflow/.local/lib/python3.12/site-packages/airflow/example_dags/example_sensor_decorator.py
[2026-05-10T14:10:43.594+0000] {processor.py:830} INFO - Processing file /home/airflow/.local/lib/python3.12/site-packages/airflow/example_dags/example_sensor_decorator.py for tasks to queue
[2026-05-10T14:10:43.596+0000] {logging_mixin.py:188} INFO - [2026-05-10T14:10:43.595+0000] {dagbag.py:545} INFO - Filling up the DagBag from /home/airflow/.local/lib/python3.12/site-packages/airflow/example_dags/example_sensor_decorator.py
[2026-05-10T14:10:43.609+0000] {processor.py:840} INFO - DAG(s) 'example_sensor_decorator' retrieved from /home/airflow/.local/lib/python3.12/site-packages/airflow/example_dags/example_sensor_decorator.py
[2026-05-10T14:10:43.662+0000] {logging_mixin.py:188} INFO - [2026-05-10T14:10:43.662+0000] {dag.py:3089} INFO - Sync 1 DAGs
[2026-05-10T14:10:43.692+0000] {logging_mixin.py:188} INFO - [2026-05-10T14:10:43.692+0000] {dag.py:3947} INFO - Setting next_dagrun for example_sensor_decorator to None, run_after=None
[2026-05-10T14:10:43.740+0000] {processor.py:183} INFO - Processing /home/airflow/.local/lib/python3.12/site-packages/airflow/example_dags/example_sensor_decorator.py took 0.163 seconds
[2026-05-10T14:11:14.346+0000] {processor.py:161} INFO - Started process (PID=19581) to work on /home/airflow/.local/lib/python3.12/site-packages/airflow/example_dags/example_sensor_decorator.py
[2026-05-10T14:11:14.349+0000] {processor.py:830} INFO - Processing file /home/airflow/.local/lib/python3.12/site-packages/airflow/example_dags/example_sensor_decorator.py for tasks to queue
[2026-05-10T14:11:14.352+0000] {logging_mixin.py:188} INFO - [2026-05-10T14:11:14.352+0000] {dagbag.py:545} INFO - Filling up the DagBag from /home/airflow/.local/lib/python3.12/site-packages/airflow/example_dags/example_sensor_decorator.py
[2026-05-10T14:11:14.365+0000] {processor.py:840} INFO - DAG(s) 'example_sensor_decorator' retrieved from /home/airflow/.local/lib/python3.12/site-packages/airflow/example_dags/example_sensor_decorator.py
[2026-05-10T14:11:14.409+0000] {logging_mixin.py:188} INFO - [2026-05-10T14:11:14.409+0000] {dag.py:3089} INFO - Sync 1 DAGs
[2026-05-10T14:11:14.436+0000] {logging_mixin.py:188} INFO - [2026-05-10T14:11:14.435+0000] {dag.py:3947} INFO - Setting next_dagrun for example_sensor_decorator to None, run_after=None
[2026-05-10T14:11:14.620+0000] {processor.py:183} INFO - Processing /home/airflow/.local/lib/python3.12/site-packages/airflow/example_dags/example_sensor_decorator.py took 0.290 seconds
[2026-05-10T14:11:44.902+0000] {processor.py:161} INFO - Started process (PID=19649) to work on /home/airflow/.local/lib/python3.12/site-packages/airflow/example_dags/example_sensor_decorator.py
[2026-05-10T14:11:44.907+0000] {processor.py:830} INFO - Processing file /home/airflow/.local/lib/python3.12/site-packages/airflow/example_dags/example_sensor_decorator.py for tasks to queue
[2026-05-10T14:11:44.910+0000] {logging_mixin.py:188} INFO - [2026-05-10T14:11:44.909+0000] {dagbag.py:545} INFO - Filling up the DagBag from /home/airflow/.local/lib/python3.12/site-packages/airflow/example_dags/example_sensor_decorator.py
[2026-05-10T14:11:44.920+0000] {processor.py:840} INFO - DAG(s) 'example_sensor_decorator' retrieved from /home/airflow/.local/lib/python3.12/site-packages/airflow/example_dags/example_sensor_decorator.py
[2026-05-10T14:11:44.958+0000] {logging_mixin.py:188} INFO - [2026-05-10T14:11:44.958+0000] {dag.py:3089} INFO - Sync 1 DAGs
[2026-05-10T14:11:44.985+0000] {logging_mixin.py:188} INFO - [2026-05-10T14:11:44.984+0000] {dag.py:3947} INFO - Setting next_dagrun for example_sensor_decorator to None, run_after=None
[2026-05-10T14:11:45.028+0000] {processor.py:183} INFO - Processing /home/airflow/.local/lib/python3.12/site-packages/airflow/example_dags/example_sensor_decorator.py took 0.136 seconds
[2026-05-10T14:12:15.486+0000] {processor.py:161} INFO - Started process (PID=19723) to work on /home/airflow/.local/lib/python3.12/site-packages/airflow/example_dags/example_sensor_decorator.py
[2026-05-10T14:12:15.488+0000] {processor.py:830} INFO - Processing file /home/airflow/.local/lib/python3.12/site-packages/airflow/example_dags/example_sensor_decorator.py for tasks to queue
[2026-05-10T14:12:15.489+0000] {logging_mixin.py:188} INFO - [2026-05-10T14:12:15.489+0000] {dagbag.py:545} INFO - Filling up the DagBag from /home/airflow/.local/lib/python3.12/site-packages/airflow/example_dags/example_sensor_decorator.py
[2026-05-10T14:12:15.500+0000] {processor.py:840} INFO - DAG(s) 'example_sensor_decorator' retrieved from /home/airflow/.local/lib/python3.12/site-packages/airflow/example_dags/example_sensor_decorator.py
[2026-05-10T14:12:15.535+0000] {logging_mixin.py:188} INFO - [2026-05-10T14:12:15.534+0000] {dag.py:3089} INFO - Sync 1 DAGs
[2026-05-10T14:12:15.556+0000] {logging_mixin.py:188} INFO - [2026-05-10T14:12:15.555+0000] {dag.py:3947} INFO - Setting next_dagrun for example_sensor_decorator to None, run_after=None
[2026-05-10T14:12:15.597+0000] {processor.py:183} INFO - Processing /home/airflow/.local/lib/python3.12/site-packages/airflow/example_dags/example_sensor_decorator.py took 0.122 seconds
[2026-05-10T14:12:45.768+0000] {processor.py:161} INFO - Started process (PID=19791) to work on /home/airflow/.local/lib/python3.12/site-packages/airflow/example_dags/example_sensor_decorator.py
[2026-05-10T14:12:45.770+0000] {processor.py:830} INFO - Processing file /home/airflow/.local/lib/python3.12/site-packages/airflow/example_dags/example_sensor_decorator.py for tasks to queue
[2026-05-10T14:12:45.772+0000] {logging_mixin.py:188} INFO - [2026-05-10T14:12:45.771+0000] {dagbag.py:545} INFO - Filling up the DagBag from /home/airflow/.local/lib/python3.12/site-packages/airflow/example_dags/example_sensor_decorator.py
[2026-05-10T14:12:45.786+0000] {processor.py:840} INFO - DAG(s) 'example_sensor_decorator' retrieved from /home/airflow/.local/lib/python3.12/site-packages/airflow/example_dags/example_sensor_decorator.py
[2026-05-10T14:12:45.827+0000] {logging_mixin.py:188} INFO - [2026-05-10T14:12:45.826+0000] {dag.py:3089} INFO - Sync 1 DAGs
[2026-05-10T14:12:45.848+0000] {logging_mixin.py:188} INFO - [2026-05-10T14:12:45.847+0000] {dag.py:3947} INFO - Setting next_dagrun for example_sensor_decorator to None, run_after=None
[2026-05-10T14:12:45.885+0000] {processor.py:183} INFO - Processing /home/airflow/.local/lib/python3.12/site-packages/airflow/example_dags/example_sensor_decorator.py took 0.129 seconds
[2026-05-10T14:13:16.856+0000] {processor.py:161} INFO - Started process (PID=19859) to work on /home/airflow/.local/lib/python3.12/site-packages/airflow/example_dags/example_sensor_decorator.py
[2026-05-10T14:13:16.858+0000] {processor.py:830} INFO - Processing file /home/airflow/.local/lib/python3.12/site-packages/airflow/example_dags/example_sensor_decorator.py for tasks to queue
[2026-05-10T14:13:16.860+0000] {logging_mixin.py:188} INFO - [2026-05-10T14:13:16.860+0000] {dagbag.py:545} INFO - Filling up the DagBag from /home/airflow/.local/lib/python3.12/site-packages/airflow/example_dags/example_sensor_decorator.py
[2026-05-10T14:13:16.872+0000] {processor.py:840} INFO - DAG(s) 'example_sensor_decorator' retrieved from /home/airflow/.local/lib/python3.12/site-packages/airflow/example_dags/example_sensor_decorator.py
[2026-05-10T14:13:16.906+0000] {logging_mixin.py:188} INFO - [2026-05-10T14:13:16.905+0000] {dag.py:3089} INFO - Sync 1 DAGs
[2026-05-10T14:13:16.928+0000] {logging_mixin.py:188} INFO - [2026-05-10T14:13:16.928+0000] {dag.py:3947} INFO - Setting next_dagrun for example_sensor_decorator to None, run_after=None
[2026-05-10T14:13:16.975+0000] {processor.py:183} INFO - Processing /home/airflow/.local/lib/python3.12/site-packages/airflow/example_dags/example_sensor_decorator.py took 0.134 seconds
[2026-05-10T14:13:47.629+0000] {processor.py:161} INFO - Started process (PID=19927) to work on /home/airflow/.local/lib/python3.12/site-packages/airflow/example_dags/example_sensor_decorator.py
[2026-05-10T14:13:47.630+0000] {processor.py:830} INFO - Processing file /home/airflow/.local/lib/python3.12/site-packages/airflow/example_dags/example_sensor_decorator.py for tasks to queue
[2026-05-10T14:13:47.632+0000] {logging_mixin.py:188} INFO - [2026-05-10T14:13:47.632+0000] {dagbag.py:545} INFO - Filling up the DagBag from /home/airflow/.local/lib/python3.12/site-packages/airflow/example_dags/example_sensor_decorator.py
[2026-05-10T14:13:47.641+0000] {processor.py:840} INFO - DAG(s) 'example_sensor_decorator' retrieved from /home/airflow/.local/lib/python3.12/site-packages/airflow/example_dags/example_sensor_decorator.py
[2026-05-10T14:13:47.678+0000] {logging_mixin.py:188} INFO - [2026-05-10T14:13:47.677+0000] {dag.py:3089} INFO - Sync 1 DAGs
[2026-05-10T14:13:47.698+0000] {logging_mixin.py:188} INFO - [2026-05-10T14:13:47.698+0000] {dag.py:3947} INFO - Setting next_dagrun for example_sensor_decorator to None, run_after=None
[2026-05-10T14:13:47.738+0000] {processor.py:183} INFO - Processing /home/airflow/.local/lib/python3.12/site-packages/airflow/example_dags/example_sensor_decorator.py took 0.120 seconds
[2026-05-10T14:14:18.093+0000] {processor.py:161} INFO - Started process (PID=19995) to work on /home/airflow/.local/lib/python3.12/site-packages/airflow/example_dags/example_sensor_decorator.py
[2026-05-10T14:14:18.095+0000] {processor.py:830} INFO - Processing file /home/airflow/.local/lib/python3.12/site-packages/airflow/example_dags/example_sensor_decorator.py for tasks to queue
[2026-05-10T14:14:18.097+0000] {logging_mixin.py:188} INFO - [2026-05-10T14:14:18.097+0000] {dagbag.py:545} INFO - Filling up the DagBag from /home/airflow/.local/lib/python3.12/site-packages/airflow/example_dags/example_sensor_decorator.py
[2026-05-10T14:14:18.110+0000] {processor.py:840} INFO - DAG(s) 'example_sensor_decorator' retrieved from /home/airflow/.local/lib/python3.12/site-packages/airflow/example_dags/example_sensor_decorator.py
[2026-05-10T14:14:18.145+0000] {logging_mixin.py:188} INFO - [2026-05-10T14:14:18.145+0000] {dag.py:3089} INFO - Sync 1 DAGs
[2026-05-10T14:14:18.166+0000] {logging_mixin.py:188} INFO - [2026-05-10T14:14:18.165+0000] {dag.py:3947} INFO - Setting next_dagrun for example_sensor_decorator to None, run_after=None
[2026-05-10T14:14:18.234+0000] {processor.py:183} INFO - Processing /home/airflow/.local/lib/python3.12/site-packages/airflow/example_dags/example_sensor_decorator.py took 0.155 seconds
[2026-05-10T14:14:48.647+0000] {processor.py:161} INFO - Started process (PID=20063) to work on /home/airflow/.local/lib/python3.12/site-packages/airflow/example_dags/example_sensor_decorator.py
[2026-05-10T14:14:48.650+0000] {processor.py:830} INFO - Processing file /home/airflow/.local/lib/python3.12/site-packages/airflow/example_dags/example_sensor_decorator.py for tasks to queue
[2026-05-10T14:14:48.652+0000] {logging_mixin.py:188} INFO - [2026-05-10T14:14:48.651+0000] {dagbag.py:545} INFO - Filling up the DagBag from /home/airflow/.local/lib/python3.12/site-packages/airflow/example_dags/example_sensor_decorator.py
[2026-05-10T14:14:48.668+0000] {processor.py:840} INFO - DAG(s) 'example_sensor_decorator' retrieved from /home/airflow/.local/lib/python3.12/site-packages/airflow/example_dags/example_sensor_decorator.py
[2026-05-10T14:14:48.708+0000] {logging_mixin.py:188} INFO - [2026-05-10T14:14:48.708+0000] {dag.py:3089} INFO - Sync 1 DAGs
[2026-05-10T14:14:48.733+0000] {logging_mixin.py:188} INFO - [2026-05-10T14:14:48.733+0000] {dag.py:3947} INFO - Setting next_dagrun for example_sensor_decorator to None, run_after=None
[2026-05-10T14:14:48.979+0000] {processor.py:183} INFO - Processing /home/airflow/.local/lib/python3.12/site-packages/airflow/example_dags/example_sensor_decorator.py took 0.344 seconds
[2026-05-10T14:15:19.067+0000] {processor.py:161} INFO - Started process (PID=20131) to work on /home/airflow/.local/lib/python3.12/site-packages/airflow/example_dags/example_sensor_decorator.py
[2026-05-10T14:15:19.069+0000] {processor.py:830} INFO - Processing file /home/airflow/.local/lib/python3.12/site-packages/airflow/example_dags/example_sensor_decorator.py for tasks to queue
[2026-05-10T14:15:19.071+0000] {logging_mixin.py:188} INFO - [2026-05-10T14:15:19.071+0000] {dagbag.py:545} INFO - Filling up the DagBag from /home/airflow/.local/lib/python3.12/site-packages/airflow/example_dags/example_sensor_decorator.py
[2026-05-10T14:15:19.080+0000] {processor.py:840} INFO - DAG(s) 'example_sensor_decorator' retrieved from /home/airflow/.local/lib/python3.12/site-packages/airflow/example_dags/example_sensor_decorator.py
[2026-05-10T14:15:19.112+0000] {logging_mixin.py:188} INFO - [2026-05-10T14:15:19.111+0000] {dag.py:3089} INFO - Sync 1 DAGs
[2026-05-10T14:15:19.130+0000] {logging_mixin.py:188} INFO - [2026-05-10T14:15:19.130+0000] {dag.py:3947} INFO - Setting next_dagrun for example_sensor_decorator to None, run_after=None
[2026-05-10T14:15:19.165+0000] {processor.py:183} INFO - Processing /home/airflow/.local/lib/python3.12/site-packages/airflow/example_dags/example_sensor_decorator.py took 0.108 seconds
[2026-05-10T14:15:49.702+0000] {processor.py:161} INFO - Started process (PID=20199) to work on /home/airflow/.local/lib/python3.12/site-packages/airflow/example_dags/example_sensor_decorator.py
[2026-05-10T14:15:49.704+0000] {processor.py:830} INFO - Processing file /home/airflow/.local/lib/python3.12/site-packages/airflow/example_dags/example_sensor_decorator.py for tasks to queue
[2026-05-10T14:15:49.706+0000] {logging_mixin.py:188} INFO - [2026-05-10T14:15:49.705+0000] {dagbag.py:545} INFO - Filling up the DagBag from /home/airflow/.local/lib/python3.12/site-packages/airflow/example_dags/example_sensor_decorator.py
[2026-05-10T14:15:49.715+0000] {processor.py:840} INFO - DAG(s) 'example_sensor_decorator' retrieved from /home/airflow/.local/lib/python3.12/site-packages/airflow/example_dags/example_sensor_decorator.py
[2026-05-10T14:15:49.751+0000] {logging_mixin.py:188} INFO - [2026-05-10T14:15:49.750+0000] {dag.py:3089} INFO - Sync 1 DAGs
[2026-05-10T14:15:49.773+0000] {logging_mixin.py:188} INFO - [2026-05-10T14:15:49.773+0000] {dag.py:3947} INFO - Setting next_dagrun for example_sensor_decorator to None, run_after=None
[2026-05-10T14:15:49.844+0000] {processor.py:183} INFO - Processing /home/airflow/.local/lib/python3.12/site-packages/airflow/example_dags/example_sensor_decorator.py took 0.153 seconds
[2026-05-10T14:16:21.297+0000] {processor.py:161} INFO - Started process (PID=20275) to work on /home/airflow/.local/lib/python3.12/site-packages/airflow/example_dags/example_sensor_decorator.py
[2026-05-10T14:16:21.299+0000] {processor.py:830} INFO - Processing file /home/airflow/.local/lib/python3.12/site-packages/airflow/example_dags/example_sensor_decorator.py for tasks to queue
[2026-05-10T14:16:21.301+0000] {logging_mixin.py:188} INFO - [2026-05-10T14:16:21.300+0000] {dagbag.py:545} INFO - Filling up the DagBag from /home/airflow/.local/lib/python3.12/site-packages/airflow/example_dags/example_sensor_decorator.py
[2026-05-10T14:16:21.313+0000] {processor.py:840} INFO - DAG(s) 'example_sensor_decorator' retrieved from /home/airflow/.local/lib/python3.12/site-packages/airflow/example_dags/example_sensor_decorator.py
[2026-05-10T14:16:21.349+0000] {logging_mixin.py:188} INFO - [2026-05-10T14:16:21.348+0000] {dag.py:3089} INFO - Sync 1 DAGs
[2026-05-10T14:16:21.373+0000] {logging_mixin.py:188} INFO - [2026-05-10T14:16:21.373+0000] {dag.py:3947} INFO - Setting next_dagrun for example_sensor_decorator to None, run_after=None
[2026-05-10T14:16:21.670+0000] {processor.py:183} INFO - Processing /home/airflow/.local/lib/python3.12/site-packages/airflow/example_dags/example_sensor_decorator.py took 0.384 seconds
[2026-05-10T14:16:52.403+0000] {processor.py:161} INFO - Started process (PID=20343) to work on /home/airflow/.local/lib/python3.12/site-packages/airflow/example_dags/example_sensor_decorator.py
[2026-05-10T14:16:52.405+0000] {processor.py:830} INFO - Processing file /home/airflow/.local/lib/python3.12/site-packages/airflow/example_dags/example_sensor_decorator.py for tasks to queue
[2026-05-10T14:16:52.408+0000] {logging_mixin.py:188} INFO - [2026-05-10T14:16:52.407+0000] {dagbag.py:545} INFO - Filling up the DagBag from /home/airflow/.local/lib/python3.12/site-packages/airflow/example_dags/example_sensor_decorator.py
[2026-05-10T14:16:52.422+0000] {processor.py:840} INFO - DAG(s) 'example_sensor_decorator' retrieved from /home/airflow/.local/lib/python3.12/site-packages/airflow/example_dags/example_sensor_decorator.py
[2026-05-10T14:16:52.458+0000] {logging_mixin.py:188} INFO - [2026-05-10T14:16:52.458+0000] {dag.py:3089} INFO - Sync 1 DAGs
[2026-05-10T14:16:52.482+0000] {logging_mixin.py:188} INFO - [2026-05-10T14:16:52.482+0000] {dag.py:3947} INFO - Setting next_dagrun for example_sensor_decorator to None, run_after=None
[2026-05-10T14:16:52.547+0000] {processor.py:183} INFO - Processing /home/airflow/.local/lib/python3.12/site-packages/airflow/example_dags/example_sensor_decorator.py took 0.155 seconds
[2026-05-10T14:17:24.519+0000] {processor.py:161} INFO - Started process (PID=20412) to work on /home/airflow/.local/lib/python3.12/site-packages/airflow/example_dags/example_sensor_decorator.py
[2026-05-10T14:17:24.521+0000] {processor.py:830} INFO - Processing file /home/airflow/.local/lib/python3.12/site-packages/airflow/example_dags/example_sensor_decorator.py for tasks to queue
[2026-05-10T14:17:24.523+0000] {logging_mixin.py:188} INFO - [2026-05-10T14:17:24.522+0000] {dagbag.py:545} INFO - Filling up the DagBag from /home/airflow/.local/lib/python3.12/site-packages/airflow/example_dags/example_sensor_decorator.py
[2026-05-10T14:17:24.534+0000] {processor.py:840} INFO - DAG(s) 'example_sensor_decorator' retrieved from /home/airflow/.local/lib/python3.12/site-packages/airflow/example_dags/example_sensor_decorator.py
[2026-05-10T14:17:24.572+0000] {logging_mixin.py:188} INFO - [2026-05-10T14:17:24.571+0000] {dag.py:3089} INFO - Sync 1 DAGs
[2026-05-10T14:17:24.592+0000] {logging_mixin.py:188} INFO - [2026-05-10T14:17:24.591+0000] {dag.py:3947} INFO - Setting next_dagrun for example_sensor_decorator to None, run_after=None
[2026-05-10T14:17:24.656+0000] {processor.py:183} INFO - Processing /home/airflow/.local/lib/python3.12/site-packages/airflow/example_dags/example_sensor_decorator.py took 0.150 seconds
[2026-05-10T14:57:54.048+0000] {processor.py:161} INFO - Started process (PID=20502) to work on /home/airflow/.local/lib/python3.12/site-packages/airflow/example_dags/example_sensor_decorator.py
[2026-05-10T14:57:54.051+0000] {processor.py:830} INFO - Processing file /home/airflow/.local/lib/python3.12/site-packages/airflow/example_dags/example_sensor_decorator.py for tasks to queue
[2026-05-10T14:57:54.053+0000] {logging_mixin.py:188} INFO - [2026-05-10T14:57:54.052+0000] {dagbag.py:545} INFO - Filling up the DagBag from /home/airflow/.local/lib/python3.12/site-packages/airflow/example_dags/example_sensor_decorator.py
[2026-05-10T14:57:54.065+0000] {processor.py:840} INFO - DAG(s) 'example_sensor_decorator' retrieved from /home/airflow/.local/lib/python3.12/site-packages/airflow/example_dags/example_sensor_decorator.py
[2026-05-10T14:57:54.091+0000] {logging_mixin.py:188} INFO - [2026-05-10T14:57:54.090+0000] {dag.py:3089} INFO - Sync 1 DAGs
[2026-05-10T14:57:54.104+0000] {logging_mixin.py:188} INFO - [2026-05-10T14:57:54.103+0000] {dag.py:3947} INFO - Setting next_dagrun for example_sensor_decorator to None, run_after=None
[2026-05-10T14:57:54.131+0000] {processor.py:183} INFO - Processing /home/airflow/.local/lib/python3.12/site-packages/airflow/example_dags/example_sensor_decorator.py took 0.094 seconds
[2026-05-10T14:58:28.260+0000] {processor.py:161} INFO - Started process (PID=20570) to work on /home/airflow/.local/lib/python3.12/site-packages/airflow/example_dags/example_sensor_decorator.py
[2026-05-10T14:58:28.262+0000] {processor.py:830} INFO - Processing file /home/airflow/.local/lib/python3.12/site-packages/airflow/example_dags/example_sensor_decorator.py for tasks to queue
[2026-05-10T14:58:28.265+0000] {logging_mixin.py:188} INFO - [2026-05-10T14:58:28.264+0000] {dagbag.py:545} INFO - Filling up the DagBag from /home/airflow/.local/lib/python3.12/site-packages/airflow/example_dags/example_sensor_decorator.py
[2026-05-10T14:58:28.279+0000] {processor.py:840} INFO - DAG(s) 'example_sensor_decorator' retrieved from /home/airflow/.local/lib/python3.12/site-packages/airflow/example_dags/example_sensor_decorator.py
[2026-05-10T14:58:28.324+0000] {logging_mixin.py:188} INFO - [2026-05-10T14:58:28.323+0000] {dag.py:3089} INFO - Sync 1 DAGs
[2026-05-10T14:58:28.352+0000] {logging_mixin.py:188} INFO - [2026-05-10T14:58:28.352+0000] {dag.py:3947} INFO - Setting next_dagrun for example_sensor_decorator to None, run_after=None
[2026-05-10T14:58:28.404+0000] {processor.py:183} INFO - Processing /home/airflow/.local/lib/python3.12/site-packages/airflow/example_dags/example_sensor_decorator.py took 0.155 seconds
[2026-05-10T14:58:58.503+0000] {processor.py:161} INFO - Started process (PID=20645) to work on /home/airflow/.local/lib/python3.12/site-packages/airflow/example_dags/example_sensor_decorator.py
[2026-05-10T14:58:58.505+0000] {processor.py:830} INFO - Processing file /home/airflow/.local/lib/python3.12/site-packages/airflow/example_dags/example_sensor_decorator.py for tasks to queue
[2026-05-10T14:58:58.508+0000] {logging_mixin.py:188} INFO - [2026-05-10T14:58:58.507+0000] {dagbag.py:545} INFO - Filling up the DagBag from /home/airflow/.local/lib/python3.12/site-packages/airflow/example_dags/example_sensor_decorator.py
[2026-05-10T14:58:58.517+0000] {processor.py:840} INFO - DAG(s) 'example_sensor_decorator' retrieved from /home/airflow/.local/lib/python3.12/site-packages/airflow/example_dags/example_sensor_decorator.py
[2026-05-10T14:58:58.560+0000] {logging_mixin.py:188} INFO - [2026-05-10T14:58:58.560+0000] {dag.py:3089} INFO - Sync 1 DAGs
[2026-05-10T14:58:58.576+0000] {logging_mixin.py:188} INFO - [2026-05-10T14:58:58.576+0000] {dag.py:3947} INFO - Setting next_dagrun for example_sensor_decorator to None, run_after=None
[2026-05-10T14:58:58.603+0000] {processor.py:183} INFO - Processing /home/airflow/.local/lib/python3.12/site-packages/airflow/example_dags/example_sensor_decorator.py took 0.112 seconds
[2026-05-10T14:59:29.071+0000] {processor.py:161} INFO - Started process (PID=20712) to work on /home/airflow/.local/lib/python3.12/site-packages/airflow/example_dags/example_sensor_decorator.py
[2026-05-10T14:59:29.073+0000] {processor.py:830} INFO - Processing file /home/airflow/.local/lib/python3.12/site-packages/airflow/example_dags/example_sensor_decorator.py for tasks to queue
[2026-05-10T14:59:29.075+0000] {logging_mixin.py:188} INFO - [2026-05-10T14:59:29.074+0000] {dagbag.py:545} INFO - Filling up the DagBag from /home/airflow/.local/lib/python3.12/site-packages/airflow/example_dags/example_sensor_decorator.py
[2026-05-10T14:59:29.088+0000] {processor.py:840} INFO - DAG(s) 'example_sensor_decorator' retrieved from /home/airflow/.local/lib/python3.12/site-packages/airflow/example_dags/example_sensor_decorator.py
[2026-05-10T14:59:29.131+0000] {logging_mixin.py:188} INFO - [2026-05-10T14:59:29.130+0000] {dag.py:3089} INFO - Sync 1 DAGs
[2026-05-10T14:59:29.159+0000] {logging_mixin.py:188} INFO - [2026-05-10T14:59:29.158+0000] {dag.py:3947} INFO - Setting next_dagrun for example_sensor_decorator to None, run_after=None
[2026-05-10T14:59:29.202+0000] {processor.py:183} INFO - Processing /home/airflow/.local/lib/python3.12/site-packages/airflow/example_dags/example_sensor_decorator.py took 0.142 seconds
[2026-05-10T14:59:59.611+0000] {processor.py:161} INFO - Started process (PID=20787) to work on /home/airflow/.local/lib/python3.12/site-packages/airflow/example_dags/example_sensor_decorator.py
[2026-05-10T14:59:59.613+0000] {processor.py:830} INFO - Processing file /home/airflow/.local/lib/python3.12/site-packages/airflow/example_dags/example_sensor_decorator.py for tasks to queue
[2026-05-10T14:59:59.614+0000] {logging_mixin.py:188} INFO - [2026-05-10T14:59:59.613+0000] {dagbag.py:545} INFO - Filling up the DagBag from /home/airflow/.local/lib/python3.12/site-packages/airflow/example_dags/example_sensor_decorator.py
[2026-05-10T14:59:59.620+0000] {processor.py:840} INFO - DAG(s) 'example_sensor_decorator' retrieved from /home/airflow/.local/lib/python3.12/site-packages/airflow/example_dags/example_sensor_decorator.py
[2026-05-10T14:59:59.642+0000] {logging_mixin.py:188} INFO - [2026-05-10T14:59:59.642+0000] {dag.py:3089} INFO - Sync 1 DAGs
[2026-05-10T14:59:59.653+0000] {logging_mixin.py:188} INFO - [2026-05-10T14:59:59.653+0000] {dag.py:3947} INFO - Setting next_dagrun for example_sensor_decorator to None, run_after=None
[2026-05-10T14:59:59.679+0000] {processor.py:183} INFO - Processing /home/airflow/.local/lib/python3.12/site-packages/airflow/example_dags/example_sensor_decorator.py took 0.075 seconds
[2026-05-10T15:00:29.893+0000] {processor.py:161} INFO - Started process (PID=20855) to work on /home/airflow/.local/lib/python3.12/site-packages/airflow/example_dags/example_sensor_decorator.py
[2026-05-10T15:00:29.894+0000] {processor.py:830} INFO - Processing file /home/airflow/.local/lib/python3.12/site-packages/airflow/example_dags/example_sensor_decorator.py for tasks to queue
[2026-05-10T15:00:29.895+0000] {logging_mixin.py:188} INFO - [2026-05-10T15:00:29.895+0000] {dagbag.py:545} INFO - Filling up the DagBag from /home/airflow/.local/lib/python3.12/site-packages/airflow/example_dags/example_sensor_decorator.py
[2026-05-10T15:00:29.903+0000] {processor.py:840} INFO - DAG(s) 'example_sensor_decorator' retrieved from /home/airflow/.local/lib/python3.12/site-packages/airflow/example_dags/example_sensor_decorator.py
[2026-05-10T15:00:29.927+0000] {logging_mixin.py:188} INFO - [2026-05-10T15:00:29.927+0000] {dag.py:3089} INFO - Sync 1 DAGs
[2026-05-10T15:00:29.942+0000] {logging_mixin.py:188} INFO - [2026-05-10T15:00:29.941+0000] {dag.py:3947} INFO - Setting next_dagrun for example_sensor_decorator to None, run_after=None
[2026-05-10T15:00:29.967+0000] {processor.py:183} INFO - Processing /home/airflow/.local/lib/python3.12/site-packages/airflow/example_dags/example_sensor_decorator.py took 0.082 seconds
[2026-05-10T15:01:00.460+0000] {processor.py:161} INFO - Started process (PID=20923) to work on /home/airflow/.local/lib/python3.12/site-packages/airflow/example_dags/example_sensor_decorator.py
[2026-05-10T15:01:00.462+0000] {processor.py:830} INFO - Processing file /home/airflow/.local/lib/python3.12/site-packages/airflow/example_dags/example_sensor_decorator.py for tasks to queue
[2026-05-10T15:01:00.463+0000] {logging_mixin.py:188} INFO - [2026-05-10T15:01:00.463+0000] {dagbag.py:545} INFO - Filling up the DagBag from /home/airflow/.local/lib/python3.12/site-packages/airflow/example_dags/example_sensor_decorator.py
[2026-05-10T15:01:00.477+0000] {processor.py:840} INFO - DAG(s) 'example_sensor_decorator' retrieved from /home/airflow/.local/lib/python3.12/site-packages/airflow/example_dags/example_sensor_decorator.py
[2026-05-10T15:01:00.516+0000] {logging_mixin.py:188} INFO - [2026-05-10T15:01:00.515+0000] {dag.py:3089} INFO - Sync 1 DAGs
[2026-05-10T15:01:00.540+0000] {logging_mixin.py:188} INFO - [2026-05-10T15:01:00.539+0000] {dag.py:3947} INFO - Setting next_dagrun for example_sensor_decorator to None, run_after=None
[2026-05-10T15:01:00.583+0000] {processor.py:183} INFO - Processing /home/airflow/.local/lib/python3.12/site-packages/airflow/example_dags/example_sensor_decorator.py took 0.131 seconds
[2026-05-10T15:01:31.041+0000] {processor.py:161} INFO - Started process (PID=20998) to work on /home/airflow/.local/lib/python3.12/site-packages/airflow/example_dags/example_sensor_decorator.py
[2026-05-10T15:01:31.045+0000] {processor.py:830} INFO - Processing file /home/airflow/.local/lib/python3.12/site-packages/airflow/example_dags/example_sensor_decorator.py for tasks to queue
[2026-05-10T15:01:31.047+0000] {logging_mixin.py:188} INFO - [2026-05-10T15:01:31.046+0000] {dagbag.py:545} INFO - Filling up the DagBag from /home/airflow/.local/lib/python3.12/site-packages/airflow/example_dags/example_sensor_decorator.py
[2026-05-10T15:01:31.063+0000] {processor.py:840} INFO - DAG(s) 'example_sensor_decorator' retrieved from /home/airflow/.local/lib/python3.12/site-packages/airflow/example_dags/example_sensor_decorator.py
[2026-05-10T15:01:31.109+0000] {logging_mixin.py:188} INFO - [2026-05-10T15:01:31.109+0000] {dag.py:3089} INFO - Sync 1 DAGs
[2026-05-10T15:01:31.134+0000] {logging_mixin.py:188} INFO - [2026-05-10T15:01:31.133+0000] {dag.py:3947} INFO - Setting next_dagrun for example_sensor_decorator to None, run_after=None
[2026-05-10T15:01:31.185+0000] {processor.py:183} INFO - Processing /home/airflow/.local/lib/python3.12/site-packages/airflow/example_dags/example_sensor_decorator.py took 0.160 seconds
[2026-05-10T15:02:01.395+0000] {processor.py:161} INFO - Started process (PID=21066) to work on /home/airflow/.local/lib/python3.12/site-packages/airflow/example_dags/example_sensor_decorator.py
[2026-05-10T15:02:01.397+0000] {processor.py:830} INFO - Processing file /home/airflow/.local/lib/python3.12/site-packages/airflow/example_dags/example_sensor_decorator.py for tasks to queue
[2026-05-10T15:02:01.398+0000] {logging_mixin.py:188} INFO - [2026-05-10T15:02:01.397+0000] {dagbag.py:545} INFO - Filling up the DagBag from /home/airflow/.local/lib/python3.12/site-packages/airflow/example_dags/example_sensor_decorator.py
[2026-05-10T15:02:01.410+0000] {processor.py:840} INFO - DAG(s) 'example_sensor_decorator' retrieved from /home/airflow/.local/lib/python3.12/site-packages/airflow/example_dags/example_sensor_decorator.py
[2026-05-10T15:02:01.444+0000] {logging_mixin.py:188} INFO - [2026-05-10T15:02:01.444+0000] {dag.py:3089} INFO - Sync 1 DAGs
[2026-05-10T15:02:01.465+0000] {logging_mixin.py:188} INFO - [2026-05-10T15:02:01.464+0000] {dag.py:3947} INFO - Setting next_dagrun for example_sensor_decorator to None, run_after=None
[2026-05-10T15:02:01.492+0000] {processor.py:183} INFO - Processing /home/airflow/.local/lib/python3.12/site-packages/airflow/example_dags/example_sensor_decorator.py took 0.103 seconds
[2026-05-10T15:02:31.996+0000] {processor.py:161} INFO - Started process (PID=21134) to work on /home/airflow/.local/lib/python3.12/site-packages/airflow/example_dags/example_sensor_decorator.py
[2026-05-10T15:02:31.997+0000] {processor.py:830} INFO - Processing file /home/airflow/.local/lib/python3.12/site-packages/airflow/example_dags/example_sensor_decorator.py for tasks to queue
[2026-05-10T15:02:31.998+0000] {logging_mixin.py:188} INFO - [2026-05-10T15:02:31.998+0000] {dagbag.py:545} INFO - Filling up the DagBag from /home/airflow/.local/lib/python3.12/site-packages/airflow/example_dags/example_sensor_decorator.py
[2026-05-10T15:02:32.005+0000] {processor.py:840} INFO - DAG(s) 'example_sensor_decorator' retrieved from /home/airflow/.local/lib/python3.12/site-packages/airflow/example_dags/example_sensor_decorator.py
[2026-05-10T15:02:32.031+0000] {logging_mixin.py:188} INFO - [2026-05-10T15:02:32.031+0000] {dag.py:3089} INFO - Sync 1 DAGs
[2026-05-10T15:02:32.052+0000] {logging_mixin.py:188} INFO - [2026-05-10T15:02:32.051+0000] {dag.py:3947} INFO - Setting next_dagrun for example_sensor_decorator to None, run_after=None
[2026-05-10T15:02:32.079+0000] {processor.py:183} INFO - Processing /home/airflow/.local/lib/python3.12/site-packages/airflow/example_dags/example_sensor_decorator.py took 0.089 seconds
[2026-05-10T15:03:02.666+0000] {processor.py:161} INFO - Started process (PID=21209) to work on /home/airflow/.local/lib/python3.12/site-packages/airflow/example_dags/example_sensor_decorator.py
[2026-05-10T15:03:02.668+0000] {processor.py:830} INFO - Processing file /home/airflow/.local/lib/python3.12/site-packages/airflow/example_dags/example_sensor_decorator.py for tasks to queue
[2026-05-10T15:03:02.670+0000] {logging_mixin.py:188} INFO - [2026-05-10T15:03:02.669+0000] {dagbag.py:545} INFO - Filling up the DagBag from /home/airflow/.local/lib/python3.12/site-packages/airflow/example_dags/example_sensor_decorator.py
[2026-05-10T15:03:02.685+0000] {processor.py:840} INFO - DAG(s) 'example_sensor_decorator' retrieved from /home/airflow/.local/lib/python3.12/site-packages/airflow/example_dags/example_sensor_decorator.py
[2026-05-10T15:03:02.753+0000] {logging_mixin.py:188} INFO - [2026-05-10T15:03:02.753+0000] {dag.py:3089} INFO - Sync 1 DAGs
[2026-05-10T15:03:02.782+0000] {logging_mixin.py:188} INFO - [2026-05-10T15:03:02.781+0000] {dag.py:3947} INFO - Setting next_dagrun for example_sensor_decorator to None, run_after=None
[2026-05-10T15:03:02.820+0000] {processor.py:183} INFO - Processing /home/airflow/.local/lib/python3.12/site-packages/airflow/example_dags/example_sensor_decorator.py took 0.165 seconds
[2026-05-10T15:03:33.181+0000] {processor.py:161} INFO - Started process (PID=21278) to work on /home/airflow/.local/lib/python3.12/site-packages/airflow/example_dags/example_sensor_decorator.py
[2026-05-10T15:03:33.183+0000] {processor.py:830} INFO - Processing file /home/airflow/.local/lib/python3.12/site-packages/airflow/example_dags/example_sensor_decorator.py for tasks to queue
[2026-05-10T15:03:33.184+0000] {logging_mixin.py:188} INFO - [2026-05-10T15:03:33.184+0000] {dagbag.py:545} INFO - Filling up the DagBag from /home/airflow/.local/lib/python3.12/site-packages/airflow/example_dags/example_sensor_decorator.py
[2026-05-10T15:03:33.198+0000] {processor.py:840} INFO - DAG(s) 'example_sensor_decorator' retrieved from /home/airflow/.local/lib/python3.12/site-packages/airflow/example_dags/example_sensor_decorator.py
[2026-05-10T15:03:33.235+0000] {logging_mixin.py:188} INFO - [2026-05-10T15:03:33.234+0000] {dag.py:3089} INFO - Sync 1 DAGs
[2026-05-10T15:03:33.252+0000] {logging_mixin.py:188} INFO - [2026-05-10T15:03:33.252+0000] {dag.py:3947} INFO - Setting next_dagrun for example_sensor_decorator to None, run_after=None
[2026-05-10T15:03:33.290+0000] {processor.py:183} INFO - Processing /home/airflow/.local/lib/python3.12/site-packages/airflow/example_dags/example_sensor_decorator.py took 0.118 seconds
[2026-05-10T15:04:03.509+0000] {processor.py:161} INFO - Started process (PID=21346) to work on /home/airflow/.local/lib/python3.12/site-packages/airflow/example_dags/example_sensor_decorator.py
[2026-05-10T15:04:03.511+0000] {processor.py:830} INFO - Processing file /home/airflow/.local/lib/python3.12/site-packages/airflow/example_dags/example_sensor_decorator.py for tasks to queue
[2026-05-10T15:04:03.514+0000] {logging_mixin.py:188} INFO - [2026-05-10T15:04:03.513+0000] {dagbag.py:545} INFO - Filling up the DagBag from /home/airflow/.local/lib/python3.12/site-packages/airflow/example_dags/example_sensor_decorator.py
[2026-05-10T15:04:03.523+0000] {processor.py:840} INFO - DAG(s) 'example_sensor_decorator' retrieved from /home/airflow/.local/lib/python3.12/site-packages/airflow/example_dags/example_sensor_decorator.py
[2026-05-10T15:04:03.565+0000] {logging_mixin.py:188} INFO - [2026-05-10T15:04:03.565+0000] {dag.py:3089} INFO - Sync 1 DAGs
[2026-05-10T15:04:03.587+0000] {logging_mixin.py:188} INFO - [2026-05-10T15:04:03.586+0000] {dag.py:3947} INFO - Setting next_dagrun for example_sensor_decorator to None, run_after=None
[2026-05-10T15:04:03.628+0000] {processor.py:183} INFO - Processing /home/airflow/.local/lib/python3.12/site-packages/airflow/example_dags/example_sensor_decorator.py took 0.133 seconds
[2026-05-10T15:04:34.096+0000] {processor.py:161} INFO - Started process (PID=21421) to work on /home/airflow/.local/lib/python3.12/site-packages/airflow/example_dags/example_sensor_decorator.py
[2026-05-10T15:04:34.097+0000] {processor.py:830} INFO - Processing file /home/airflow/.local/lib/python3.12/site-packages/airflow/example_dags/example_sensor_decorator.py for tasks to queue
[2026-05-10T15:04:34.098+0000] {logging_mixin.py:188} INFO - [2026-05-10T15:04:34.098+0000] {dagbag.py:545} INFO - Filling up the DagBag from /home/airflow/.local/lib/python3.12/site-packages/airflow/example_dags/example_sensor_decorator.py
[2026-05-10T15:04:34.110+0000] {processor.py:840} INFO - DAG(s) 'example_sensor_decorator' retrieved from /home/airflow/.local/lib/python3.12/site-packages/airflow/example_dags/example_sensor_decorator.py
[2026-05-10T15:04:34.149+0000] {logging_mixin.py:188} INFO - [2026-05-10T15:04:34.148+0000] {dag.py:3089} INFO - Sync 1 DAGs
[2026-05-10T15:04:34.169+0000] {logging_mixin.py:188} INFO - [2026-05-10T15:04:34.169+0000] {dag.py:3947} INFO - Setting next_dagrun for example_sensor_decorator to None, run_after=None
[2026-05-10T15:04:34.207+0000] {processor.py:183} INFO - Processing /home/airflow/.local/lib/python3.12/site-packages/airflow/example_dags/example_sensor_decorator.py took 0.119 seconds
[2026-05-10T15:05:04.471+0000] {processor.py:161} INFO - Started process (PID=21489) to work on /home/airflow/.local/lib/python3.12/site-packages/airflow/example_dags/example_sensor_decorator.py
[2026-05-10T15:05:04.472+0000] {processor.py:830} INFO - Processing file /home/airflow/.local/lib/python3.12/site-packages/airflow/example_dags/example_sensor_decorator.py for tasks to queue
[2026-05-10T15:05:04.473+0000] {logging_mixin.py:188} INFO - [2026-05-10T15:05:04.473+0000] {dagbag.py:545} INFO - Filling up the DagBag from /home/airflow/.local/lib/python3.12/site-packages/airflow/example_dags/example_sensor_decorator.py
[2026-05-10T15:05:04.479+0000] {processor.py:840} INFO - DAG(s) 'example_sensor_decorator' retrieved from /home/airflow/.local/lib/python3.12/site-packages/airflow/example_dags/example_sensor_decorator.py
[2026-05-10T15:05:04.500+0000] {logging_mixin.py:188} INFO - [2026-05-10T15:05:04.499+0000] {dag.py:3089} INFO - Sync 1 DAGs
[2026-05-10T15:05:04.510+0000] {logging_mixin.py:188} INFO - [2026-05-10T15:05:04.510+0000] {dag.py:3947} INFO - Setting next_dagrun for example_sensor_decorator to None, run_after=None
[2026-05-10T15:05:04.536+0000] {processor.py:183} INFO - Processing /home/airflow/.local/lib/python3.12/site-packages/airflow/example_dags/example_sensor_decorator.py took 0.070 seconds
[2026-05-10T15:05:34.975+0000] {processor.py:161} INFO - Started process (PID=21557) to work on /home/airflow/.local/lib/python3.12/site-packages/airflow/example_dags/example_sensor_decorator.py
[2026-05-10T15:05:34.977+0000] {processor.py:830} INFO - Processing file /home/airflow/.local/lib/python3.12/site-packages/airflow/example_dags/example_sensor_decorator.py for tasks to queue
[2026-05-10T15:05:34.978+0000] {logging_mixin.py:188} INFO - [2026-05-10T15:05:34.977+0000] {dagbag.py:545} INFO - Filling up the DagBag from /home/airflow/.local/lib/python3.12/site-packages/airflow/example_dags/example_sensor_decorator.py
[2026-05-10T15:05:34.985+0000] {processor.py:840} INFO - DAG(s) 'example_sensor_decorator' retrieved from /home/airflow/.local/lib/python3.12/site-packages/airflow/example_dags/example_sensor_decorator.py
[2026-05-10T15:05:35.031+0000] {logging_mixin.py:188} INFO - [2026-05-10T15:05:35.030+0000] {dag.py:3089} INFO - Sync 1 DAGs
[2026-05-10T15:05:35.058+0000] {logging_mixin.py:188} INFO - [2026-05-10T15:05:35.058+0000] {dag.py:3947} INFO - Setting next_dagrun for example_sensor_decorator to None, run_after=None
[2026-05-10T15:05:35.102+0000] {processor.py:183} INFO - Processing /home/airflow/.local/lib/python3.12/site-packages/airflow/example_dags/example_sensor_decorator.py took 0.135 seconds
[2026-05-10T15:06:05.269+0000] {processor.py:161} INFO - Started process (PID=21632) to work on /home/airflow/.local/lib/python3.12/site-packages/airflow/example_dags/example_sensor_decorator.py
[2026-05-10T15:06:05.273+0000] {processor.py:830} INFO - Processing file /home/airflow/.local/lib/python3.12/site-packages/airflow/example_dags/example_sensor_decorator.py for tasks to queue
[2026-05-10T15:06:05.275+0000] {logging_mixin.py:188} INFO - [2026-05-10T15:06:05.274+0000] {dagbag.py:545} INFO - Filling up the DagBag from /home/airflow/.local/lib/python3.12/site-packages/airflow/example_dags/example_sensor_decorator.py
[2026-05-10T15:06:05.284+0000] {processor.py:840} INFO - DAG(s) 'example_sensor_decorator' retrieved from /home/airflow/.local/lib/python3.12/site-packages/airflow/example_dags/example_sensor_decorator.py
[2026-05-10T15:06:05.314+0000] {logging_mixin.py:188} INFO - [2026-05-10T15:06:05.313+0000] {dag.py:3089} INFO - Sync 1 DAGs
[2026-05-10T15:06:05.328+0000] {logging_mixin.py:188} INFO - [2026-05-10T15:06:05.328+0000] {dag.py:3947} INFO - Setting next_dagrun for example_sensor_decorator to None, run_after=None
[2026-05-10T15:06:05.357+0000] {processor.py:183} INFO - Processing /home/airflow/.local/lib/python3.12/site-packages/airflow/example_dags/example_sensor_decorator.py took 0.105 seconds
[2026-05-10T15:06:35.625+0000] {processor.py:161} INFO - Started process (PID=21701) to work on /home/airflow/.local/lib/python3.12/site-packages/airflow/example_dags/example_sensor_decorator.py
[2026-05-10T15:06:35.628+0000] {processor.py:830} INFO - Processing file /home/airflow/.local/lib/python3.12/site-packages/airflow/example_dags/example_sensor_decorator.py for tasks to queue
[2026-05-10T15:06:35.631+0000] {logging_mixin.py:188} INFO - [2026-05-10T15:06:35.630+0000] {dagbag.py:545} INFO - Filling up the DagBag from /home/airflow/.local/lib/python3.12/site-packages/airflow/example_dags/example_sensor_decorator.py
[2026-05-10T15:06:35.641+0000] {processor.py:840} INFO - DAG(s) 'example_sensor_decorator' retrieved from /home/airflow/.local/lib/python3.12/site-packages/airflow/example_dags/example_sensor_decorator.py
[2026-05-10T15:06:35.679+0000] {logging_mixin.py:188} INFO - [2026-05-10T15:06:35.678+0000] {dag.py:3089} INFO - Sync 1 DAGs
[2026-05-10T15:06:35.695+0000] {logging_mixin.py:188} INFO - [2026-05-10T15:06:35.695+0000] {dag.py:3947} INFO - Setting next_dagrun for example_sensor_decorator to None, run_after=None
[2026-05-10T15:06:35.733+0000] {processor.py:183} INFO - Processing /home/airflow/.local/lib/python3.12/site-packages/airflow/example_dags/example_sensor_decorator.py took 0.122 seconds
[2026-05-10T15:07:06.491+0000] {processor.py:161} INFO - Started process (PID=21776) to work on /home/airflow/.local/lib/python3.12/site-packages/airflow/example_dags/example_sensor_decorator.py
[2026-05-10T15:07:06.492+0000] {processor.py:830} INFO - Processing file /home/airflow/.local/lib/python3.12/site-packages/airflow/example_dags/example_sensor_decorator.py for tasks to queue
[2026-05-10T15:07:06.493+0000] {logging_mixin.py:188} INFO - [2026-05-10T15:07:06.493+0000] {dagbag.py:545} INFO - Filling up the DagBag from /home/airflow/.local/lib/python3.12/site-packages/airflow/example_dags/example_sensor_decorator.py
[2026-05-10T15:07:06.500+0000] {processor.py:840} INFO - DAG(s) 'example_sensor_decorator' retrieved from /home/airflow/.local/lib/python3.12/site-packages/airflow/example_dags/example_sensor_decorator.py
[2026-05-10T15:07:06.525+0000] {logging_mixin.py:188} INFO - [2026-05-10T15:07:06.524+0000] {dag.py:3089} INFO - Sync 1 DAGs
[2026-05-10T15:07:06.537+0000] {logging_mixin.py:188} INFO - [2026-05-10T15:07:06.537+0000] {dag.py:3947} INFO - Setting next_dagrun for example_sensor_decorator to None, run_after=None
[2026-05-10T15:07:06.563+0000] {processor.py:183} INFO - Processing /home/airflow/.local/lib/python3.12/site-packages/airflow/example_dags/example_sensor_decorator.py took 0.081 seconds
[2026-05-10T15:07:36.691+0000] {processor.py:161} INFO - Started process (PID=21844) to work on /home/airflow/.local/lib/python3.12/site-packages/airflow/example_dags/example_sensor_decorator.py
[2026-05-10T15:07:36.693+0000] {processor.py:830} INFO - Processing file /home/airflow/.local/lib/python3.12/site-packages/airflow/example_dags/example_sensor_decorator.py for tasks to queue
[2026-05-10T15:07:36.694+0000] {logging_mixin.py:188} INFO - [2026-05-10T15:07:36.694+0000] {dagbag.py:545} INFO - Filling up the DagBag from /home/airflow/.local/lib/python3.12/site-packages/airflow/example_dags/example_sensor_decorator.py
[2026-05-10T15:07:36.702+0000] {processor.py:840} INFO - DAG(s) 'example_sensor_decorator' retrieved from /home/airflow/.local/lib/python3.12/site-packages/airflow/example_dags/example_sensor_decorator.py
[2026-05-10T15:07:36.722+0000] {logging_mixin.py:188} INFO - [2026-05-10T15:07:36.722+0000] {dag.py:3089} INFO - Sync 1 DAGs
[2026-05-10T15:07:36.737+0000] {logging_mixin.py:188} INFO - [2026-05-10T15:07:36.737+0000] {dag.py:3947} INFO - Setting next_dagrun for example_sensor_decorator to None, run_after=None
[2026-05-10T15:07:36.768+0000] {processor.py:183} INFO - Processing /home/airflow/.local/lib/python3.12/site-packages/airflow/example_dags/example_sensor_decorator.py took 0.083 seconds
[2026-05-10T15:08:07.370+0000] {processor.py:161} INFO - Started process (PID=21912) to work on /home/airflow/.local/lib/python3.12/site-packages/airflow/example_dags/example_sensor_decorator.py
[2026-05-10T15:08:07.372+0000] {processor.py:830} INFO - Processing file /home/airflow/.local/lib/python3.12/site-packages/airflow/example_dags/example_sensor_decorator.py for tasks to queue
[2026-05-10T15:08:07.374+0000] {logging_mixin.py:188} INFO - [2026-05-10T15:08:07.373+0000] {dagbag.py:545} INFO - Filling up the DagBag from /home/airflow/.local/lib/python3.12/site-packages/airflow/example_dags/example_sensor_decorator.py
[2026-05-10T15:08:07.388+0000] {processor.py:840} INFO - DAG(s) 'example_sensor_decorator' retrieved from /home/airflow/.local/lib/python3.12/site-packages/airflow/example_dags/example_sensor_decorator.py
[2026-05-10T15:08:07.429+0000] {logging_mixin.py:188} INFO - [2026-05-10T15:08:07.429+0000] {dag.py:3089} INFO - Sync 1 DAGs
[2026-05-10T15:08:07.458+0000] {logging_mixin.py:188} INFO - [2026-05-10T15:08:07.457+0000] {dag.py:3947} INFO - Setting next_dagrun for example_sensor_decorator to None, run_after=None
[2026-05-10T15:08:07.497+0000] {processor.py:183} INFO - Processing /home/airflow/.local/lib/python3.12/site-packages/airflow/example_dags/example_sensor_decorator.py took 0.141 seconds
[2026-05-10T15:08:37.634+0000] {processor.py:161} INFO - Started process (PID=21987) to work on /home/airflow/.local/lib/python3.12/site-packages/airflow/example_dags/example_sensor_decorator.py
[2026-05-10T15:08:37.636+0000] {processor.py:830} INFO - Processing file /home/airflow/.local/lib/python3.12/site-packages/airflow/example_dags/example_sensor_decorator.py for tasks to queue
[2026-05-10T15:08:37.639+0000] {logging_mixin.py:188} INFO - [2026-05-10T15:08:37.638+0000] {dagbag.py:545} INFO - Filling up the DagBag from /home/airflow/.local/lib/python3.12/site-packages/airflow/example_dags/example_sensor_decorator.py
[2026-05-10T15:08:37.648+0000] {processor.py:840} INFO - DAG(s) 'example_sensor_decorator' retrieved from /home/airflow/.local/lib/python3.12/site-packages/airflow/example_dags/example_sensor_decorator.py
[2026-05-10T15:08:37.691+0000] {logging_mixin.py:188} INFO - [2026-05-10T15:08:37.690+0000] {dag.py:3089} INFO - Sync 1 DAGs
[2026-05-10T15:08:37.722+0000] {logging_mixin.py:188} INFO - [2026-05-10T15:08:37.721+0000] {dag.py:3947} INFO - Setting next_dagrun for example_sensor_decorator to None, run_after=None
[2026-05-10T15:08:37.773+0000] {processor.py:183} INFO - Processing /home/airflow/.local/lib/python3.12/site-packages/airflow/example_dags/example_sensor_decorator.py took 0.153 seconds
[2026-05-10T15:09:08.109+0000] {processor.py:161} INFO - Started process (PID=22054) to work on /home/airflow/.local/lib/python3.12/site-packages/airflow/example_dags/example_sensor_decorator.py
[2026-05-10T15:09:08.111+0000] {processor.py:830} INFO - Processing file /home/airflow/.local/lib/python3.12/site-packages/airflow/example_dags/example_sensor_decorator.py for tasks to queue
[2026-05-10T15:09:08.114+0000] {logging_mixin.py:188} INFO - [2026-05-10T15:09:08.113+0000] {dagbag.py:545} INFO - Filling up the DagBag from /home/airflow/.local/lib/python3.12/site-packages/airflow/example_dags/example_sensor_decorator.py
[2026-05-10T15:09:08.127+0000] {processor.py:840} INFO - DAG(s) 'example_sensor_decorator' retrieved from /home/airflow/.local/lib/python3.12/site-packages/airflow/example_dags/example_sensor_decorator.py
[2026-05-10T15:09:08.169+0000] {logging_mixin.py:188} INFO - [2026-05-10T15:09:08.168+0000] {dag.py:3089} INFO - Sync 1 DAGs
[2026-05-10T15:09:08.193+0000] {logging_mixin.py:188} INFO - [2026-05-10T15:09:08.193+0000] {dag.py:3947} INFO - Setting next_dagrun for example_sensor_decorator to None, run_after=None
[2026-05-10T15:09:08.235+0000] {processor.py:183} INFO - Processing /home/airflow/.local/lib/python3.12/site-packages/airflow/example_dags/example_sensor_decorator.py took 0.134 seconds
[2026-05-10T15:09:38.506+0000] {processor.py:161} INFO - Started process (PID=22122) to work on /home/airflow/.local/lib/python3.12/site-packages/airflow/example_dags/example_sensor_decorator.py
[2026-05-10T15:09:38.507+0000] {processor.py:830} INFO - Processing file /home/airflow/.local/lib/python3.12/site-packages/airflow/example_dags/example_sensor_decorator.py for tasks to queue
[2026-05-10T15:09:38.509+0000] {logging_mixin.py:188} INFO - [2026-05-10T15:09:38.508+0000] {dagbag.py:545} INFO - Filling up the DagBag from /home/airflow/.local/lib/python3.12/site-packages/airflow/example_dags/example_sensor_decorator.py
[2026-05-10T15:09:38.517+0000] {processor.py:840} INFO - DAG(s) 'example_sensor_decorator' retrieved from /home/airflow/.local/lib/python3.12/site-packages/airflow/example_dags/example_sensor_decorator.py
[2026-05-10T15:09:38.542+0000] {logging_mixin.py:188} INFO - [2026-05-10T15:09:38.541+0000] {dag.py:3089} INFO - Sync 1 DAGs
[2026-05-10T15:09:38.554+0000] {logging_mixin.py:188} INFO - [2026-05-10T15:09:38.554+0000] {dag.py:3947} INFO - Setting next_dagrun for example_sensor_decorator to None, run_after=None
[2026-05-10T15:09:38.579+0000] {processor.py:183} INFO - Processing /home/airflow/.local/lib/python3.12/site-packages/airflow/example_dags/example_sensor_decorator.py took 0.083 seconds
[2026-05-10T15:10:08.985+0000] {processor.py:161} INFO - Started process (PID=22197) to work on /home/airflow/.local/lib/python3.12/site-packages/airflow/example_dags/example_sensor_decorator.py
[2026-05-10T15:10:08.987+0000] {processor.py:830} INFO - Processing file /home/airflow/.local/lib/python3.12/site-packages/airflow/example_dags/example_sensor_decorator.py for tasks to queue
[2026-05-10T15:10:08.989+0000] {logging_mixin.py:188} INFO - [2026-05-10T15:10:08.988+0000] {dagbag.py:545} INFO - Filling up the DagBag from /home/airflow/.local/lib/python3.12/site-packages/airflow/example_dags/example_sensor_decorator.py
[2026-05-10T15:10:09.000+0000] {processor.py:840} INFO - DAG(s) 'example_sensor_decorator' retrieved from /home/airflow/.local/lib/python3.12/site-packages/airflow/example_dags/example_sensor_decorator.py
[2026-05-10T15:10:09.039+0000] {logging_mixin.py:188} INFO - [2026-05-10T15:10:09.039+0000] {dag.py:3089} INFO - Sync 1 DAGs
[2026-05-10T15:10:09.063+0000] {logging_mixin.py:188} INFO - [2026-05-10T15:10:09.063+0000] {dag.py:3947} INFO - Setting next_dagrun for example_sensor_decorator to None, run_after=None
[2026-05-10T15:10:09.102+0000] {processor.py:183} INFO - Processing /home/airflow/.local/lib/python3.12/site-packages/airflow/example_dags/example_sensor_decorator.py took 0.127 seconds
[2026-05-10T15:10:39.939+0000] {processor.py:161} INFO - Started process (PID=22265) to work on /home/airflow/.local/lib/python3.12/site-packages/airflow/example_dags/example_sensor_decorator.py
[2026-05-10T15:10:39.940+0000] {processor.py:830} INFO - Processing file /home/airflow/.local/lib/python3.12/site-packages/airflow/example_dags/example_sensor_decorator.py for tasks to queue
[2026-05-10T15:10:39.942+0000] {logging_mixin.py:188} INFO - [2026-05-10T15:10:39.942+0000] {dagbag.py:545} INFO - Filling up the DagBag from /home/airflow/.local/lib/python3.12/site-packages/airflow/example_dags/example_sensor_decorator.py
[2026-05-10T15:10:39.953+0000] {processor.py:840} INFO - DAG(s) 'example_sensor_decorator' retrieved from /home/airflow/.local/lib/python3.12/site-packages/airflow/example_dags/example_sensor_decorator.py
[2026-05-10T15:10:39.995+0000] {logging_mixin.py:188} INFO - [2026-05-10T15:10:39.995+0000] {dag.py:3089} INFO - Sync 1 DAGs
[2026-05-10T15:10:40.015+0000] {logging_mixin.py:188} INFO - [2026-05-10T15:10:40.015+0000] {dag.py:3947} INFO - Setting next_dagrun for example_sensor_decorator to None, run_after=None
[2026-05-10T15:10:40.060+0000] {processor.py:183} INFO - Processing /home/airflow/.local/lib/python3.12/site-packages/airflow/example_dags/example_sensor_decorator.py took 0.129 seconds
[2026-05-10T15:11:10.390+0000] {processor.py:161} INFO - Started process (PID=22332) to work on /home/airflow/.local/lib/python3.12/site-packages/airflow/example_dags/example_sensor_decorator.py
[2026-05-10T15:11:10.391+0000] {processor.py:830} INFO - Processing file /home/airflow/.local/lib/python3.12/site-packages/airflow/example_dags/example_sensor_decorator.py for tasks to queue
[2026-05-10T15:11:10.392+0000] {logging_mixin.py:188} INFO - [2026-05-10T15:11:10.392+0000] {dagbag.py:545} INFO - Filling up the DagBag from /home/airflow/.local/lib/python3.12/site-packages/airflow/example_dags/example_sensor_decorator.py
[2026-05-10T15:11:10.398+0000] {processor.py:840} INFO - DAG(s) 'example_sensor_decorator' retrieved from /home/airflow/.local/lib/python3.12/site-packages/airflow/example_dags/example_sensor_decorator.py
[2026-05-10T15:11:10.417+0000] {logging_mixin.py:188} INFO - [2026-05-10T15:11:10.417+0000] {dag.py:3089} INFO - Sync 1 DAGs
[2026-05-10T15:11:10.435+0000] {logging_mixin.py:188} INFO - [2026-05-10T15:11:10.434+0000] {dag.py:3947} INFO - Setting next_dagrun for example_sensor_decorator to None, run_after=None
[2026-05-10T15:11:10.467+0000] {processor.py:183} INFO - Processing /home/airflow/.local/lib/python3.12/site-packages/airflow/example_dags/example_sensor_decorator.py took 0.083 seconds
[2026-05-10T15:11:40.959+0000] {processor.py:161} INFO - Started process (PID=22407) to work on /home/airflow/.local/lib/python3.12/site-packages/airflow/example_dags/example_sensor_decorator.py
[2026-05-10T15:11:40.960+0000] {processor.py:830} INFO - Processing file /home/airflow/.local/lib/python3.12/site-packages/airflow/example_dags/example_sensor_decorator.py for tasks to queue
[2026-05-10T15:11:40.961+0000] {logging_mixin.py:188} INFO - [2026-05-10T15:11:40.961+0000] {dagbag.py:545} INFO - Filling up the DagBag from /home/airflow/.local/lib/python3.12/site-packages/airflow/example_dags/example_sensor_decorator.py
[2026-05-10T15:11:40.967+0000] {processor.py:840} INFO - DAG(s) 'example_sensor_decorator' retrieved from /home/airflow/.local/lib/python3.12/site-packages/airflow/example_dags/example_sensor_decorator.py
[2026-05-10T15:11:40.993+0000] {logging_mixin.py:188} INFO - [2026-05-10T15:11:40.993+0000] {dag.py:3089} INFO - Sync 1 DAGs
[2026-05-10T15:11:41.008+0000] {logging_mixin.py:188} INFO - [2026-05-10T15:11:41.008+0000] {dag.py:3947} INFO - Setting next_dagrun for example_sensor_decorator to None, run_after=None
[2026-05-10T15:11:41.034+0000] {processor.py:183} INFO - Processing /home/airflow/.local/lib/python3.12/site-packages/airflow/example_dags/example_sensor_decorator.py took 0.081 seconds
[2026-05-10T15:12:11.579+0000] {processor.py:161} INFO - Started process (PID=22475) to work on /home/airflow/.local/lib/python3.12/site-packages/airflow/example_dags/example_sensor_decorator.py
[2026-05-10T15:12:11.581+0000] {processor.py:830} INFO - Processing file /home/airflow/.local/lib/python3.12/site-packages/airflow/example_dags/example_sensor_decorator.py for tasks to queue
[2026-05-10T15:12:11.582+0000] {logging_mixin.py:188} INFO - [2026-05-10T15:12:11.582+0000] {dagbag.py:545} INFO - Filling up the DagBag from /home/airflow/.local/lib/python3.12/site-packages/airflow/example_dags/example_sensor_decorator.py
[2026-05-10T15:12:11.590+0000] {processor.py:840} INFO - DAG(s) 'example_sensor_decorator' retrieved from /home/airflow/.local/lib/python3.12/site-packages/airflow/example_dags/example_sensor_decorator.py
[2026-05-10T15:12:11.614+0000] {logging_mixin.py:188} INFO - [2026-05-10T15:12:11.613+0000] {dag.py:3089} INFO - Sync 1 DAGs
[2026-05-10T15:12:11.625+0000] {logging_mixin.py:188} INFO - [2026-05-10T15:12:11.625+0000] {dag.py:3947} INFO - Setting next_dagrun for example_sensor_decorator to None, run_after=None
[2026-05-10T15:12:11.653+0000] {processor.py:183} INFO - Processing /home/airflow/.local/lib/python3.12/site-packages/airflow/example_dags/example_sensor_decorator.py took 0.081 seconds
[2026-05-10T15:12:42.503+0000] {processor.py:161} INFO - Started process (PID=22551) to work on /home/airflow/.local/lib/python3.12/site-packages/airflow/example_dags/example_sensor_decorator.py
[2026-05-10T15:12:42.505+0000] {processor.py:830} INFO - Processing file /home/airflow/.local/lib/python3.12/site-packages/airflow/example_dags/example_sensor_decorator.py for tasks to queue
[2026-05-10T15:12:42.507+0000] {logging_mixin.py:188} INFO - [2026-05-10T15:12:42.507+0000] {dagbag.py:545} INFO - Filling up the DagBag from /home/airflow/.local/lib/python3.12/site-packages/airflow/example_dags/example_sensor_decorator.py
[2026-05-10T15:12:42.517+0000] {processor.py:840} INFO - DAG(s) 'example_sensor_decorator' retrieved from /home/airflow/.local/lib/python3.12/site-packages/airflow/example_dags/example_sensor_decorator.py
[2026-05-10T15:12:42.551+0000] {logging_mixin.py:188} INFO - [2026-05-10T15:12:42.550+0000] {dag.py:3089} INFO - Sync 1 DAGs
[2026-05-10T15:12:42.571+0000] {logging_mixin.py:188} INFO - [2026-05-10T15:12:42.571+0000] {dag.py:3947} INFO - Setting next_dagrun for example_sensor_decorator to None, run_after=None
[2026-05-10T15:12:42.593+0000] {processor.py:183} INFO - Processing /home/airflow/.local/lib/python3.12/site-packages/airflow/example_dags/example_sensor_decorator.py took 0.099 seconds
[2026-05-10T15:13:12.852+0000] {processor.py:161} INFO - Started process (PID=22620) to work on /home/airflow/.local/lib/python3.12/site-packages/airflow/example_dags/example_sensor_decorator.py
[2026-05-10T15:13:12.854+0000] {processor.py:830} INFO - Processing file /home/airflow/.local/lib/python3.12/site-packages/airflow/example_dags/example_sensor_decorator.py for tasks to queue
[2026-05-10T15:13:12.856+0000] {logging_mixin.py:188} INFO - [2026-05-10T15:13:12.856+0000] {dagbag.py:545} INFO - Filling up the DagBag from /home/airflow/.local/lib/python3.12/site-packages/airflow/example_dags/example_sensor_decorator.py
[2026-05-10T15:13:12.871+0000] {processor.py:840} INFO - DAG(s) 'example_sensor_decorator' retrieved from /home/airflow/.local/lib/python3.12/site-packages/airflow/example_dags/example_sensor_decorator.py
[2026-05-10T15:13:12.897+0000] {logging_mixin.py:188} INFO - [2026-05-10T15:13:12.897+0000] {dag.py:3089} INFO - Sync 1 DAGs
[2026-05-10T15:13:12.910+0000] {logging_mixin.py:188} INFO - [2026-05-10T15:13:12.910+0000] {dag.py:3947} INFO - Setting next_dagrun for example_sensor_decorator to None, run_after=None
[2026-05-10T15:13:12.939+0000] {processor.py:183} INFO - Processing /home/airflow/.local/lib/python3.12/site-packages/airflow/example_dags/example_sensor_decorator.py took 0.114 seconds
[2026-05-10T15:13:43.218+0000] {processor.py:161} INFO - Started process (PID=22688) to work on /home/airflow/.local/lib/python3.12/site-packages/airflow/example_dags/example_sensor_decorator.py
[2026-05-10T15:13:43.220+0000] {processor.py:830} INFO - Processing file /home/airflow/.local/lib/python3.12/site-packages/airflow/example_dags/example_sensor_decorator.py for tasks to queue
[2026-05-10T15:13:43.221+0000] {logging_mixin.py:188} INFO - [2026-05-10T15:13:43.221+0000] {dagbag.py:545} INFO - Filling up the DagBag from /home/airflow/.local/lib/python3.12/site-packages/airflow/example_dags/example_sensor_decorator.py
[2026-05-10T15:13:43.231+0000] {processor.py:840} INFO - DAG(s) 'example_sensor_decorator' retrieved from /home/airflow/.local/lib/python3.12/site-packages/airflow/example_dags/example_sensor_decorator.py
[2026-05-10T15:13:43.257+0000] {logging_mixin.py:188} INFO - [2026-05-10T15:13:43.256+0000] {dag.py:3089} INFO - Sync 1 DAGs
[2026-05-10T15:13:43.279+0000] {logging_mixin.py:188} INFO - [2026-05-10T15:13:43.279+0000] {dag.py:3947} INFO - Setting next_dagrun for example_sensor_decorator to None, run_after=None
[2026-05-10T15:13:43.313+0000] {processor.py:183} INFO - Processing /home/airflow/.local/lib/python3.12/site-packages/airflow/example_dags/example_sensor_decorator.py took 0.104 seconds
[2026-05-10T15:14:13.511+0000] {processor.py:161} INFO - Started process (PID=22763) to work on /home/airflow/.local/lib/python3.12/site-packages/airflow/example_dags/example_sensor_decorator.py
[2026-05-10T15:14:13.513+0000] {processor.py:830} INFO - Processing file /home/airflow/.local/lib/python3.12/site-packages/airflow/example_dags/example_sensor_decorator.py for tasks to queue
[2026-05-10T15:14:13.514+0000] {logging_mixin.py:188} INFO - [2026-05-10T15:14:13.514+0000] {dagbag.py:545} INFO - Filling up the DagBag from /home/airflow/.local/lib/python3.12/site-packages/airflow/example_dags/example_sensor_decorator.py
[2026-05-10T15:14:13.527+0000] {processor.py:840} INFO - DAG(s) 'example_sensor_decorator' retrieved from /home/airflow/.local/lib/python3.12/site-packages/airflow/example_dags/example_sensor_decorator.py
[2026-05-10T15:14:13.564+0000] {logging_mixin.py:188} INFO - [2026-05-10T15:14:13.564+0000] {dag.py:3089} INFO - Sync 1 DAGs
[2026-05-10T15:14:13.582+0000] {logging_mixin.py:188} INFO - [2026-05-10T15:14:13.582+0000] {dag.py:3947} INFO - Setting next_dagrun for example_sensor_decorator to None, run_after=None
[2026-05-10T15:14:13.619+0000] {processor.py:183} INFO - Processing /home/airflow/.local/lib/python3.12/site-packages/airflow/example_dags/example_sensor_decorator.py took 0.120 seconds
[2026-05-10T15:14:44.823+0000] {processor.py:161} INFO - Started process (PID=22831) to work on /home/airflow/.local/lib/python3.12/site-packages/airflow/example_dags/example_sensor_decorator.py
[2026-05-10T15:14:44.825+0000] {processor.py:830} INFO - Processing file /home/airflow/.local/lib/python3.12/site-packages/airflow/example_dags/example_sensor_decorator.py for tasks to queue
[2026-05-10T15:14:44.826+0000] {logging_mixin.py:188} INFO - [2026-05-10T15:14:44.826+0000] {dagbag.py:545} INFO - Filling up the DagBag from /home/airflow/.local/lib/python3.12/site-packages/airflow/example_dags/example_sensor_decorator.py
[2026-05-10T15:14:44.832+0000] {processor.py:840} INFO - DAG(s) 'example_sensor_decorator' retrieved from /home/airflow/.local/lib/python3.12/site-packages/airflow/example_dags/example_sensor_decorator.py
[2026-05-10T15:14:44.860+0000] {logging_mixin.py:188} INFO - [2026-05-10T15:14:44.859+0000] {dag.py:3089} INFO - Sync 1 DAGs
[2026-05-10T15:14:44.873+0000] {logging_mixin.py:188} INFO - [2026-05-10T15:14:44.873+0000] {dag.py:3947} INFO - Setting next_dagrun for example_sensor_decorator to None, run_after=None
[2026-05-10T15:14:44.900+0000] {processor.py:183} INFO - Processing /home/airflow/.local/lib/python3.12/site-packages/airflow/example_dags/example_sensor_decorator.py took 0.083 seconds
[2026-05-10T15:15:15.007+0000] {processor.py:161} INFO - Started process (PID=22906) to work on /home/airflow/.local/lib/python3.12/site-packages/airflow/example_dags/example_sensor_decorator.py
[2026-05-10T15:15:15.008+0000] {processor.py:830} INFO - Processing file /home/airflow/.local/lib/python3.12/site-packages/airflow/example_dags/example_sensor_decorator.py for tasks to queue
[2026-05-10T15:15:15.009+0000] {logging_mixin.py:188} INFO - [2026-05-10T15:15:15.009+0000] {dagbag.py:545} INFO - Filling up the DagBag from /home/airflow/.local/lib/python3.12/site-packages/airflow/example_dags/example_sensor_decorator.py
[2026-05-10T15:15:15.015+0000] {processor.py:840} INFO - DAG(s) 'example_sensor_decorator' retrieved from /home/airflow/.local/lib/python3.12/site-packages/airflow/example_dags/example_sensor_decorator.py
[2026-05-10T15:15:15.038+0000] {logging_mixin.py:188} INFO - [2026-05-10T15:15:15.037+0000] {dag.py:3089} INFO - Sync 1 DAGs
[2026-05-10T15:15:15.049+0000] {logging_mixin.py:188} INFO - [2026-05-10T15:15:15.049+0000] {dag.py:3947} INFO - Setting next_dagrun for example_sensor_decorator to None, run_after=None
[2026-05-10T15:15:15.071+0000] {processor.py:183} INFO - Processing /home/airflow/.local/lib/python3.12/site-packages/airflow/example_dags/example_sensor_decorator.py took 0.069 seconds
[2026-05-10T15:15:45.302+0000] {processor.py:161} INFO - Started process (PID=22975) to work on /home/airflow/.local/lib/python3.12/site-packages/airflow/example_dags/example_sensor_decorator.py
[2026-05-10T15:15:45.303+0000] {processor.py:830} INFO - Processing file /home/airflow/.local/lib/python3.12/site-packages/airflow/example_dags/example_sensor_decorator.py for tasks to queue
[2026-05-10T15:15:45.304+0000] {logging_mixin.py:188} INFO - [2026-05-10T15:15:45.304+0000] {dagbag.py:545} INFO - Filling up the DagBag from /home/airflow/.local/lib/python3.12/site-packages/airflow/example_dags/example_sensor_decorator.py
[2026-05-10T15:15:45.310+0000] {processor.py:840} INFO - DAG(s) 'example_sensor_decorator' retrieved from /home/airflow/.local/lib/python3.12/site-packages/airflow/example_dags/example_sensor_decorator.py
[2026-05-10T15:15:45.331+0000] {logging_mixin.py:188} INFO - [2026-05-10T15:15:45.331+0000] {dag.py:3089} INFO - Sync 1 DAGs
[2026-05-10T15:15:45.342+0000] {logging_mixin.py:188} INFO - [2026-05-10T15:15:45.341+0000] {dag.py:3947} INFO - Setting next_dagrun for example_sensor_decorator to None, run_after=None
[2026-05-10T15:15:45.373+0000] {processor.py:183} INFO - Processing /home/airflow/.local/lib/python3.12/site-packages/airflow/example_dags/example_sensor_decorator.py took 0.076 seconds
[2026-05-10T15:16:15.425+0000] {processor.py:161} INFO - Started process (PID=23048) to work on /home/airflow/.local/lib/python3.12/site-packages/airflow/example_dags/example_sensor_decorator.py
[2026-05-10T15:16:15.427+0000] {processor.py:830} INFO - Processing file /home/airflow/.local/lib/python3.12/site-packages/airflow/example_dags/example_sensor_decorator.py for tasks to queue
[2026-05-10T15:16:15.428+0000] {logging_mixin.py:188} INFO - [2026-05-10T15:16:15.428+0000] {dagbag.py:545} INFO - Filling up the DagBag from /home/airflow/.local/lib/python3.12/site-packages/airflow/example_dags/example_sensor_decorator.py
[2026-05-10T15:16:15.436+0000] {processor.py:840} INFO - DAG(s) 'example_sensor_decorator' retrieved from /home/airflow/.local/lib/python3.12/site-packages/airflow/example_dags/example_sensor_decorator.py
[2026-05-10T15:16:15.476+0000] {logging_mixin.py:188} INFO - [2026-05-10T15:16:15.476+0000] {dag.py:3089} INFO - Sync 1 DAGs
[2026-05-10T15:16:15.505+0000] {logging_mixin.py:188} INFO - [2026-05-10T15:16:15.505+0000] {dag.py:3947} INFO - Setting next_dagrun for example_sensor_decorator to None, run_after=None
[2026-05-10T15:16:15.549+0000] {processor.py:183} INFO - Processing /home/airflow/.local/lib/python3.12/site-packages/airflow/example_dags/example_sensor_decorator.py took 0.135 seconds
[2026-05-10T15:16:46.000+0000] {processor.py:161} INFO - Started process (PID=23117) to work on /home/airflow/.local/lib/python3.12/site-packages/airflow/example_dags/example_sensor_decorator.py
[2026-05-10T15:16:46.002+0000] {processor.py:830} INFO - Processing file /home/airflow/.local/lib/python3.12/site-packages/airflow/example_dags/example_sensor_decorator.py for tasks to queue
[2026-05-10T15:16:46.004+0000] {logging_mixin.py:188} INFO - [2026-05-10T15:16:46.003+0000] {dagbag.py:545} INFO - Filling up the DagBag from /home/airflow/.local/lib/python3.12/site-packages/airflow/example_dags/example_sensor_decorator.py
[2026-05-10T15:16:46.015+0000] {processor.py:840} INFO - DAG(s) 'example_sensor_decorator' retrieved from /home/airflow/.local/lib/python3.12/site-packages/airflow/example_dags/example_sensor_decorator.py
[2026-05-10T15:16:46.055+0000] {logging_mixin.py:188} INFO - [2026-05-10T15:16:46.055+0000] {dag.py:3089} INFO - Sync 1 DAGs
[2026-05-10T15:16:46.077+0000] {logging_mixin.py:188} INFO - [2026-05-10T15:16:46.077+0000] {dag.py:3947} INFO - Setting next_dagrun for example_sensor_decorator to None, run_after=None
[2026-05-10T15:16:46.115+0000] {processor.py:183} INFO - Processing /home/airflow/.local/lib/python3.12/site-packages/airflow/example_dags/example_sensor_decorator.py took 0.123 seconds
[2026-05-10T15:17:16.407+0000] {processor.py:161} INFO - Started process (PID=23192) to work on /home/airflow/.local/lib/python3.12/site-packages/airflow/example_dags/example_sensor_decorator.py
[2026-05-10T15:17:16.409+0000] {processor.py:830} INFO - Processing file /home/airflow/.local/lib/python3.12/site-packages/airflow/example_dags/example_sensor_decorator.py for tasks to queue
[2026-05-10T15:17:16.410+0000] {logging_mixin.py:188} INFO - [2026-05-10T15:17:16.410+0000] {dagbag.py:545} INFO - Filling up the DagBag from /home/airflow/.local/lib/python3.12/site-packages/airflow/example_dags/example_sensor_decorator.py
[2026-05-10T15:17:16.423+0000] {processor.py:840} INFO - DAG(s) 'example_sensor_decorator' retrieved from /home/airflow/.local/lib/python3.12/site-packages/airflow/example_dags/example_sensor_decorator.py
[2026-05-10T15:17:16.459+0000] {logging_mixin.py:188} INFO - [2026-05-10T15:17:16.458+0000] {dag.py:3089} INFO - Sync 1 DAGs
[2026-05-10T15:17:16.474+0000] {logging_mixin.py:188} INFO - [2026-05-10T15:17:16.474+0000] {dag.py:3947} INFO - Setting next_dagrun for example_sensor_decorator to None, run_after=None
[2026-05-10T15:17:16.498+0000] {processor.py:183} INFO - Processing /home/airflow/.local/lib/python3.12/site-packages/airflow/example_dags/example_sensor_decorator.py took 0.101 seconds
[2026-05-10T15:17:47.177+0000] {processor.py:161} INFO - Started process (PID=23261) to work on /home/airflow/.local/lib/python3.12/site-packages/airflow/example_dags/example_sensor_decorator.py
[2026-05-10T15:17:47.178+0000] {processor.py:830} INFO - Processing file /home/airflow/.local/lib/python3.12/site-packages/airflow/example_dags/example_sensor_decorator.py for tasks to queue
[2026-05-10T15:17:47.180+0000] {logging_mixin.py:188} INFO - [2026-05-10T15:17:47.179+0000] {dagbag.py:545} INFO - Filling up the DagBag from /home/airflow/.local/lib/python3.12/site-packages/airflow/example_dags/example_sensor_decorator.py
[2026-05-10T15:17:47.194+0000] {processor.py:840} INFO - DAG(s) 'example_sensor_decorator' retrieved from /home/airflow/.local/lib/python3.12/site-packages/airflow/example_dags/example_sensor_decorator.py
[2026-05-10T15:17:47.232+0000] {logging_mixin.py:188} INFO - [2026-05-10T15:17:47.231+0000] {dag.py:3089} INFO - Sync 1 DAGs
[2026-05-10T15:17:47.263+0000] {logging_mixin.py:188} INFO - [2026-05-10T15:17:47.263+0000] {dag.py:3947} INFO - Setting next_dagrun for example_sensor_decorator to None, run_after=None
[2026-05-10T15:17:47.292+0000] {processor.py:183} INFO - Processing /home/airflow/.local/lib/python3.12/site-packages/airflow/example_dags/example_sensor_decorator.py took 0.123 seconds
[2026-05-10T15:18:17.553+0000] {processor.py:161} INFO - Started process (PID=23329) to work on /home/airflow/.local/lib/python3.12/site-packages/airflow/example_dags/example_sensor_decorator.py
[2026-05-10T15:18:17.553+0000] {processor.py:830} INFO - Processing file /home/airflow/.local/lib/python3.12/site-packages/airflow/example_dags/example_sensor_decorator.py for tasks to queue
[2026-05-10T15:18:17.554+0000] {logging_mixin.py:188} INFO - [2026-05-10T15:18:17.554+0000] {dagbag.py:545} INFO - Filling up the DagBag from /home/airflow/.local/lib/python3.12/site-packages/airflow/example_dags/example_sensor_decorator.py
[2026-05-10T15:18:17.559+0000] {processor.py:840} INFO - DAG(s) 'example_sensor_decorator' retrieved from /home/airflow/.local/lib/python3.12/site-packages/airflow/example_dags/example_sensor_decorator.py
[2026-05-10T15:18:17.580+0000] {logging_mixin.py:188} INFO - [2026-05-10T15:18:17.580+0000] {dag.py:3089} INFO - Sync 1 DAGs
[2026-05-10T15:18:17.591+0000] {logging_mixin.py:188} INFO - [2026-05-10T15:18:17.591+0000] {dag.py:3947} INFO - Setting next_dagrun for example_sensor_decorator to None, run_after=None
[2026-05-10T15:18:17.614+0000] {processor.py:183} INFO - Processing /home/airflow/.local/lib/python3.12/site-packages/airflow/example_dags/example_sensor_decorator.py took 0.067 seconds
[2026-05-10T15:18:48.275+0000] {processor.py:161} INFO - Started process (PID=23404) to work on /home/airflow/.local/lib/python3.12/site-packages/airflow/example_dags/example_sensor_decorator.py
[2026-05-10T15:18:48.278+0000] {processor.py:830} INFO - Processing file /home/airflow/.local/lib/python3.12/site-packages/airflow/example_dags/example_sensor_decorator.py for tasks to queue
[2026-05-10T15:18:48.280+0000] {logging_mixin.py:188} INFO - [2026-05-10T15:18:48.279+0000] {dagbag.py:545} INFO - Filling up the DagBag from /home/airflow/.local/lib/python3.12/site-packages/airflow/example_dags/example_sensor_decorator.py
[2026-05-10T15:18:48.290+0000] {processor.py:840} INFO - DAG(s) 'example_sensor_decorator' retrieved from /home/airflow/.local/lib/python3.12/site-packages/airflow/example_dags/example_sensor_decorator.py
[2026-05-10T15:18:48.316+0000] {logging_mixin.py:188} INFO - [2026-05-10T15:18:48.316+0000] {dag.py:3089} INFO - Sync 1 DAGs
[2026-05-10T15:18:48.330+0000] {logging_mixin.py:188} INFO - [2026-05-10T15:18:48.329+0000] {dag.py:3947} INFO - Setting next_dagrun for example_sensor_decorator to None, run_after=None
[2026-05-10T15:18:48.361+0000] {processor.py:183} INFO - Processing /home/airflow/.local/lib/python3.12/site-packages/airflow/example_dags/example_sensor_decorator.py took 0.095 seconds
[2026-05-10T15:19:19.002+0000] {processor.py:161} INFO - Started process (PID=23471) to work on /home/airflow/.local/lib/python3.12/site-packages/airflow/example_dags/example_sensor_decorator.py
[2026-05-10T15:19:19.003+0000] {processor.py:830} INFO - Processing file /home/airflow/.local/lib/python3.12/site-packages/airflow/example_dags/example_sensor_decorator.py for tasks to queue
[2026-05-10T15:19:19.003+0000] {logging_mixin.py:188} INFO - [2026-05-10T15:19:19.003+0000] {dagbag.py:545} INFO - Filling up the DagBag from /home/airflow/.local/lib/python3.12/site-packages/airflow/example_dags/example_sensor_decorator.py
[2026-05-10T15:19:19.009+0000] {processor.py:840} INFO - DAG(s) 'example_sensor_decorator' retrieved from /home/airflow/.local/lib/python3.12/site-packages/airflow/example_dags/example_sensor_decorator.py
[2026-05-10T15:19:19.028+0000] {logging_mixin.py:188} INFO - [2026-05-10T15:19:19.028+0000] {dag.py:3089} INFO - Sync 1 DAGs
[2026-05-10T15:19:19.039+0000] {logging_mixin.py:188} INFO - [2026-05-10T15:19:19.039+0000] {dag.py:3947} INFO - Setting next_dagrun for example_sensor_decorator to None, run_after=None
[2026-05-10T15:19:19.065+0000] {processor.py:183} INFO - Processing /home/airflow/.local/lib/python3.12/site-packages/airflow/example_dags/example_sensor_decorator.py took 0.068 seconds
[2026-05-10T15:19:49.558+0000] {processor.py:161} INFO - Started process (PID=23547) to work on /home/airflow/.local/lib/python3.12/site-packages/airflow/example_dags/example_sensor_decorator.py
[2026-05-10T15:19:49.562+0000] {processor.py:830} INFO - Processing file /home/airflow/.local/lib/python3.12/site-packages/airflow/example_dags/example_sensor_decorator.py for tasks to queue
[2026-05-10T15:19:49.564+0000] {logging_mixin.py:188} INFO - [2026-05-10T15:19:49.564+0000] {dagbag.py:545} INFO - Filling up the DagBag from /home/airflow/.local/lib/python3.12/site-packages/airflow/example_dags/example_sensor_decorator.py
[2026-05-10T15:19:49.570+0000] {processor.py:840} INFO - DAG(s) 'example_sensor_decorator' retrieved from /home/airflow/.local/lib/python3.12/site-packages/airflow/example_dags/example_sensor_decorator.py
[2026-05-10T15:19:49.596+0000] {logging_mixin.py:188} INFO - [2026-05-10T15:19:49.596+0000] {dag.py:3089} INFO - Sync 1 DAGs
[2026-05-10T15:19:49.612+0000] {logging_mixin.py:188} INFO - [2026-05-10T15:19:49.611+0000] {dag.py:3947} INFO - Setting next_dagrun for example_sensor_decorator to None, run_after=None
[2026-05-10T15:19:49.646+0000] {processor.py:183} INFO - Processing /home/airflow/.local/lib/python3.12/site-packages/airflow/example_dags/example_sensor_decorator.py took 0.099 seconds
[2026-05-10T15:20:20.139+0000] {processor.py:161} INFO - Started process (PID=23615) to work on /home/airflow/.local/lib/python3.12/site-packages/airflow/example_dags/example_sensor_decorator.py
[2026-05-10T15:20:20.140+0000] {processor.py:830} INFO - Processing file /home/airflow/.local/lib/python3.12/site-packages/airflow/example_dags/example_sensor_decorator.py for tasks to queue
[2026-05-10T15:20:20.141+0000] {logging_mixin.py:188} INFO - [2026-05-10T15:20:20.141+0000] {dagbag.py:545} INFO - Filling up the DagBag from /home/airflow/.local/lib/python3.12/site-packages/airflow/example_dags/example_sensor_decorator.py
[2026-05-10T15:20:20.148+0000] {processor.py:840} INFO - DAG(s) 'example_sensor_decorator' retrieved from /home/airflow/.local/lib/python3.12/site-packages/airflow/example_dags/example_sensor_decorator.py
[2026-05-10T15:20:20.177+0000] {logging_mixin.py:188} INFO - [2026-05-10T15:20:20.177+0000] {dag.py:3089} INFO - Sync 1 DAGs
[2026-05-10T15:20:20.190+0000] {logging_mixin.py:188} INFO - [2026-05-10T15:20:20.190+0000] {dag.py:3947} INFO - Setting next_dagrun for example_sensor_decorator to None, run_after=None
[2026-05-10T15:20:20.213+0000] {processor.py:183} INFO - Processing /home/airflow/.local/lib/python3.12/site-packages/airflow/example_dags/example_sensor_decorator.py took 0.084 seconds
[2026-05-10T15:20:50.980+0000] {processor.py:161} INFO - Started process (PID=23690) to work on /home/airflow/.local/lib/python3.12/site-packages/airflow/example_dags/example_sensor_decorator.py
[2026-05-10T15:20:50.981+0000] {processor.py:830} INFO - Processing file /home/airflow/.local/lib/python3.12/site-packages/airflow/example_dags/example_sensor_decorator.py for tasks to queue
[2026-05-10T15:20:50.983+0000] {logging_mixin.py:188} INFO - [2026-05-10T15:20:50.982+0000] {dagbag.py:545} INFO - Filling up the DagBag from /home/airflow/.local/lib/python3.12/site-packages/airflow/example_dags/example_sensor_decorator.py
[2026-05-10T15:20:50.993+0000] {processor.py:840} INFO - DAG(s) 'example_sensor_decorator' retrieved from /home/airflow/.local/lib/python3.12/site-packages/airflow/example_dags/example_sensor_decorator.py
[2026-05-10T15:20:51.024+0000] {logging_mixin.py:188} INFO - [2026-05-10T15:20:51.023+0000] {dag.py:3089} INFO - Sync 1 DAGs
[2026-05-10T15:20:51.036+0000] {logging_mixin.py:188} INFO - [2026-05-10T15:20:51.036+0000] {dag.py:3947} INFO - Setting next_dagrun for example_sensor_decorator to None, run_after=None
[2026-05-10T15:20:51.071+0000] {processor.py:183} INFO - Processing /home/airflow/.local/lib/python3.12/site-packages/airflow/example_dags/example_sensor_decorator.py took 0.099 seconds
[2026-05-10T15:21:21.521+0000] {processor.py:161} INFO - Started process (PID=23758) to work on /home/airflow/.local/lib/python3.12/site-packages/airflow/example_dags/example_sensor_decorator.py
[2026-05-10T15:21:21.523+0000] {processor.py:830} INFO - Processing file /home/airflow/.local/lib/python3.12/site-packages/airflow/example_dags/example_sensor_decorator.py for tasks to queue
[2026-05-10T15:21:21.524+0000] {logging_mixin.py:188} INFO - [2026-05-10T15:21:21.524+0000] {dagbag.py:545} INFO - Filling up the DagBag from /home/airflow/.local/lib/python3.12/site-packages/airflow/example_dags/example_sensor_decorator.py
[2026-05-10T15:21:21.535+0000] {processor.py:840} INFO - DAG(s) 'example_sensor_decorator' retrieved from /home/airflow/.local/lib/python3.12/site-packages/airflow/example_dags/example_sensor_decorator.py
[2026-05-10T15:21:21.578+0000] {logging_mixin.py:188} INFO - [2026-05-10T15:21:21.578+0000] {dag.py:3089} INFO - Sync 1 DAGs
[2026-05-10T15:21:21.594+0000] {logging_mixin.py:188} INFO - [2026-05-10T15:21:21.594+0000] {dag.py:3947} INFO - Setting next_dagrun for example_sensor_decorator to None, run_after=None
[2026-05-10T15:21:21.625+0000] {processor.py:183} INFO - Processing /home/airflow/.local/lib/python3.12/site-packages/airflow/example_dags/example_sensor_decorator.py took 0.114 seconds
[2026-05-10T15:21:52.101+0000] {processor.py:161} INFO - Started process (PID=23826) to work on /home/airflow/.local/lib/python3.12/site-packages/airflow/example_dags/example_sensor_decorator.py
[2026-05-10T15:21:52.103+0000] {processor.py:830} INFO - Processing file /home/airflow/.local/lib/python3.12/site-packages/airflow/example_dags/example_sensor_decorator.py for tasks to queue
[2026-05-10T15:21:52.104+0000] {logging_mixin.py:188} INFO - [2026-05-10T15:21:52.104+0000] {dagbag.py:545} INFO - Filling up the DagBag from /home/airflow/.local/lib/python3.12/site-packages/airflow/example_dags/example_sensor_decorator.py
[2026-05-10T15:21:52.113+0000] {processor.py:840} INFO - DAG(s) 'example_sensor_decorator' retrieved from /home/airflow/.local/lib/python3.12/site-packages/airflow/example_dags/example_sensor_decorator.py
[2026-05-10T15:21:52.149+0000] {logging_mixin.py:188} INFO - [2026-05-10T15:21:52.148+0000] {dag.py:3089} INFO - Sync 1 DAGs
[2026-05-10T15:21:52.166+0000] {logging_mixin.py:188} INFO - [2026-05-10T15:21:52.166+0000] {dag.py:3947} INFO - Setting next_dagrun for example_sensor_decorator to None, run_after=None
[2026-05-10T15:21:52.209+0000] {processor.py:183} INFO - Processing /home/airflow/.local/lib/python3.12/site-packages/airflow/example_dags/example_sensor_decorator.py took 0.117 seconds
[2026-05-10T15:22:22.258+0000] {processor.py:161} INFO - Started process (PID=23901) to work on /home/airflow/.local/lib/python3.12/site-packages/airflow/example_dags/example_sensor_decorator.py
[2026-05-10T15:22:22.259+0000] {processor.py:830} INFO - Processing file /home/airflow/.local/lib/python3.12/site-packages/airflow/example_dags/example_sensor_decorator.py for tasks to queue
[2026-05-10T15:22:22.260+0000] {logging_mixin.py:188} INFO - [2026-05-10T15:22:22.260+0000] {dagbag.py:545} INFO - Filling up the DagBag from /home/airflow/.local/lib/python3.12/site-packages/airflow/example_dags/example_sensor_decorator.py
[2026-05-10T15:22:22.266+0000] {processor.py:840} INFO - DAG(s) 'example_sensor_decorator' retrieved from /home/airflow/.local/lib/python3.12/site-packages/airflow/example_dags/example_sensor_decorator.py
[2026-05-10T15:22:22.289+0000] {logging_mixin.py:188} INFO - [2026-05-10T15:22:22.288+0000] {dag.py:3089} INFO - Sync 1 DAGs
[2026-05-10T15:22:22.308+0000] {logging_mixin.py:188} INFO - [2026-05-10T15:22:22.308+0000] {dag.py:3947} INFO - Setting next_dagrun for example_sensor_decorator to None, run_after=None
[2026-05-10T15:22:22.332+0000] {processor.py:183} INFO - Processing /home/airflow/.local/lib/python3.12/site-packages/airflow/example_dags/example_sensor_decorator.py took 0.081 seconds
[2026-05-10T15:22:52.820+0000] {processor.py:161} INFO - Started process (PID=23969) to work on /home/airflow/.local/lib/python3.12/site-packages/airflow/example_dags/example_sensor_decorator.py
[2026-05-10T15:22:52.822+0000] {processor.py:830} INFO - Processing file /home/airflow/.local/lib/python3.12/site-packages/airflow/example_dags/example_sensor_decorator.py for tasks to queue
[2026-05-10T15:22:52.824+0000] {logging_mixin.py:188} INFO - [2026-05-10T15:22:52.824+0000] {dagbag.py:545} INFO - Filling up the DagBag from /home/airflow/.local/lib/python3.12/site-packages/airflow/example_dags/example_sensor_decorator.py
[2026-05-10T15:22:52.836+0000] {processor.py:840} INFO - DAG(s) 'example_sensor_decorator' retrieved from /home/airflow/.local/lib/python3.12/site-packages/airflow/example_dags/example_sensor_decorator.py
[2026-05-10T15:22:52.882+0000] {logging_mixin.py:188} INFO - [2026-05-10T15:22:52.881+0000] {dag.py:3089} INFO - Sync 1 DAGs
[2026-05-10T15:22:52.906+0000] {logging_mixin.py:188} INFO - [2026-05-10T15:22:52.905+0000] {dag.py:3947} INFO - Setting next_dagrun for example_sensor_decorator to None, run_after=None
[2026-05-10T15:22:52.936+0000] {processor.py:183} INFO - Processing /home/airflow/.local/lib/python3.12/site-packages/airflow/example_dags/example_sensor_decorator.py took 0.129 seconds
[2026-05-10T15:23:23.559+0000] {processor.py:161} INFO - Started process (PID=24044) to work on /home/airflow/.local/lib/python3.12/site-packages/airflow/example_dags/example_sensor_decorator.py
[2026-05-10T15:23:23.560+0000] {processor.py:830} INFO - Processing file /home/airflow/.local/lib/python3.12/site-packages/airflow/example_dags/example_sensor_decorator.py for tasks to queue
[2026-05-10T15:23:23.561+0000] {logging_mixin.py:188} INFO - [2026-05-10T15:23:23.560+0000] {dagbag.py:545} INFO - Filling up the DagBag from /home/airflow/.local/lib/python3.12/site-packages/airflow/example_dags/example_sensor_decorator.py
[2026-05-10T15:23:23.567+0000] {processor.py:840} INFO - DAG(s) 'example_sensor_decorator' retrieved from /home/airflow/.local/lib/python3.12/site-packages/airflow/example_dags/example_sensor_decorator.py
[2026-05-10T15:23:23.586+0000] {logging_mixin.py:188} INFO - [2026-05-10T15:23:23.586+0000] {dag.py:3089} INFO - Sync 1 DAGs
[2026-05-10T15:23:23.597+0000] {logging_mixin.py:188} INFO - [2026-05-10T15:23:23.597+0000] {dag.py:3947} INFO - Setting next_dagrun for example_sensor_decorator to None, run_after=None
[2026-05-10T15:23:23.624+0000] {processor.py:183} INFO - Processing /home/airflow/.local/lib/python3.12/site-packages/airflow/example_dags/example_sensor_decorator.py took 0.073 seconds
[2026-05-10T15:23:54.081+0000] {processor.py:161} INFO - Started process (PID=24112) to work on /home/airflow/.local/lib/python3.12/site-packages/airflow/example_dags/example_sensor_decorator.py
[2026-05-10T15:23:54.083+0000] {processor.py:830} INFO - Processing file /home/airflow/.local/lib/python3.12/site-packages/airflow/example_dags/example_sensor_decorator.py for tasks to queue
[2026-05-10T15:23:54.084+0000] {logging_mixin.py:188} INFO - [2026-05-10T15:23:54.084+0000] {dagbag.py:545} INFO - Filling up the DagBag from /home/airflow/.local/lib/python3.12/site-packages/airflow/example_dags/example_sensor_decorator.py
[2026-05-10T15:23:54.090+0000] {processor.py:840} INFO - DAG(s) 'example_sensor_decorator' retrieved from /home/airflow/.local/lib/python3.12/site-packages/airflow/example_dags/example_sensor_decorator.py
[2026-05-10T15:23:54.117+0000] {logging_mixin.py:188} INFO - [2026-05-10T15:23:54.116+0000] {dag.py:3089} INFO - Sync 1 DAGs
[2026-05-10T15:23:54.131+0000] {logging_mixin.py:188} INFO - [2026-05-10T15:23:54.131+0000] {dag.py:3947} INFO - Setting next_dagrun for example_sensor_decorator to None, run_after=None
[2026-05-10T15:23:54.161+0000] {processor.py:183} INFO - Processing /home/airflow/.local/lib/python3.12/site-packages/airflow/example_dags/example_sensor_decorator.py took 0.089 seconds
[2026-05-10T15:24:24.986+0000] {processor.py:161} INFO - Started process (PID=24180) to work on /home/airflow/.local/lib/python3.12/site-packages/airflow/example_dags/example_sensor_decorator.py
[2026-05-10T15:24:24.988+0000] {processor.py:830} INFO - Processing file /home/airflow/.local/lib/python3.12/site-packages/airflow/example_dags/example_sensor_decorator.py for tasks to queue
[2026-05-10T15:24:24.989+0000] {logging_mixin.py:188} INFO - [2026-05-10T15:24:24.989+0000] {dagbag.py:545} INFO - Filling up the DagBag from /home/airflow/.local/lib/python3.12/site-packages/airflow/example_dags/example_sensor_decorator.py
[2026-05-10T15:24:24.994+0000] {processor.py:840} INFO - DAG(s) 'example_sensor_decorator' retrieved from /home/airflow/.local/lib/python3.12/site-packages/airflow/example_dags/example_sensor_decorator.py
[2026-05-10T15:24:25.020+0000] {logging_mixin.py:188} INFO - [2026-05-10T15:24:25.020+0000] {dag.py:3089} INFO - Sync 1 DAGs
[2026-05-10T15:24:25.040+0000] {logging_mixin.py:188} INFO - [2026-05-10T15:24:25.039+0000] {dag.py:3947} INFO - Setting next_dagrun for example_sensor_decorator to None, run_after=None
[2026-05-10T15:24:25.074+0000] {processor.py:183} INFO - Processing /home/airflow/.local/lib/python3.12/site-packages/airflow/example_dags/example_sensor_decorator.py took 0.094 seconds
[2026-05-10T15:24:55.730+0000] {processor.py:161} INFO - Started process (PID=24255) to work on /home/airflow/.local/lib/python3.12/site-packages/airflow/example_dags/example_sensor_decorator.py
[2026-05-10T15:24:55.731+0000] {processor.py:830} INFO - Processing file /home/airflow/.local/lib/python3.12/site-packages/airflow/example_dags/example_sensor_decorator.py for tasks to queue
[2026-05-10T15:24:55.732+0000] {logging_mixin.py:188} INFO - [2026-05-10T15:24:55.732+0000] {dagbag.py:545} INFO - Filling up the DagBag from /home/airflow/.local/lib/python3.12/site-packages/airflow/example_dags/example_sensor_decorator.py
[2026-05-10T15:24:55.738+0000] {processor.py:840} INFO - DAG(s) 'example_sensor_decorator' retrieved from /home/airflow/.local/lib/python3.12/site-packages/airflow/example_dags/example_sensor_decorator.py
[2026-05-10T15:24:55.760+0000] {logging_mixin.py:188} INFO - [2026-05-10T15:24:55.760+0000] {dag.py:3089} INFO - Sync 1 DAGs
[2026-05-10T15:24:55.773+0000] {logging_mixin.py:188} INFO - [2026-05-10T15:24:55.772+0000] {dag.py:3947} INFO - Setting next_dagrun for example_sensor_decorator to None, run_after=None
[2026-05-10T15:24:55.794+0000] {processor.py:183} INFO - Processing /home/airflow/.local/lib/python3.12/site-packages/airflow/example_dags/example_sensor_decorator.py took 0.070 seconds
[2026-05-10T15:25:26.234+0000] {processor.py:161} INFO - Started process (PID=24323) to work on /home/airflow/.local/lib/python3.12/site-packages/airflow/example_dags/example_sensor_decorator.py
[2026-05-10T15:25:26.236+0000] {processor.py:830} INFO - Processing file /home/airflow/.local/lib/python3.12/site-packages/airflow/example_dags/example_sensor_decorator.py for tasks to queue
[2026-05-10T15:25:26.237+0000] {logging_mixin.py:188} INFO - [2026-05-10T15:25:26.237+0000] {dagbag.py:545} INFO - Filling up the DagBag from /home/airflow/.local/lib/python3.12/site-packages/airflow/example_dags/example_sensor_decorator.py
[2026-05-10T15:25:26.244+0000] {processor.py:840} INFO - DAG(s) 'example_sensor_decorator' retrieved from /home/airflow/.local/lib/python3.12/site-packages/airflow/example_dags/example_sensor_decorator.py
[2026-05-10T15:25:26.278+0000] {logging_mixin.py:188} INFO - [2026-05-10T15:25:26.277+0000] {dag.py:3089} INFO - Sync 1 DAGs
[2026-05-10T15:25:26.292+0000] {logging_mixin.py:188} INFO - [2026-05-10T15:25:26.292+0000] {dag.py:3947} INFO - Setting next_dagrun for example_sensor_decorator to None, run_after=None
[2026-05-10T15:25:26.326+0000] {processor.py:183} INFO - Processing /home/airflow/.local/lib/python3.12/site-packages/airflow/example_dags/example_sensor_decorator.py took 0.102 seconds
[2026-05-10T15:25:57.239+0000] {processor.py:161} INFO - Started process (PID=24397) to work on /home/airflow/.local/lib/python3.12/site-packages/airflow/example_dags/example_sensor_decorator.py
[2026-05-10T15:25:57.240+0000] {processor.py:830} INFO - Processing file /home/airflow/.local/lib/python3.12/site-packages/airflow/example_dags/example_sensor_decorator.py for tasks to queue
[2026-05-10T15:25:57.241+0000] {logging_mixin.py:188} INFO - [2026-05-10T15:25:57.241+0000] {dagbag.py:545} INFO - Filling up the DagBag from /home/airflow/.local/lib/python3.12/site-packages/airflow/example_dags/example_sensor_decorator.py
[2026-05-10T15:25:57.249+0000] {processor.py:840} INFO - DAG(s) 'example_sensor_decorator' retrieved from /home/airflow/.local/lib/python3.12/site-packages/airflow/example_dags/example_sensor_decorator.py
[2026-05-10T15:25:57.269+0000] {logging_mixin.py:188} INFO - [2026-05-10T15:25:57.269+0000] {dag.py:3089} INFO - Sync 1 DAGs
[2026-05-10T15:25:57.285+0000] {logging_mixin.py:188} INFO - [2026-05-10T15:25:57.285+0000] {dag.py:3947} INFO - Setting next_dagrun for example_sensor_decorator to None, run_after=None
[2026-05-10T15:25:57.312+0000] {processor.py:183} INFO - Processing /home/airflow/.local/lib/python3.12/site-packages/airflow/example_dags/example_sensor_decorator.py took 0.079 seconds
[2026-05-10T15:26:27.424+0000] {processor.py:161} INFO - Started process (PID=24466) to work on /home/airflow/.local/lib/python3.12/site-packages/airflow/example_dags/example_sensor_decorator.py
[2026-05-10T15:26:27.425+0000] {processor.py:830} INFO - Processing file /home/airflow/.local/lib/python3.12/site-packages/airflow/example_dags/example_sensor_decorator.py for tasks to queue
[2026-05-10T15:26:27.427+0000] {logging_mixin.py:188} INFO - [2026-05-10T15:26:27.426+0000] {dagbag.py:545} INFO - Filling up the DagBag from /home/airflow/.local/lib/python3.12/site-packages/airflow/example_dags/example_sensor_decorator.py
[2026-05-10T15:26:27.436+0000] {processor.py:840} INFO - DAG(s) 'example_sensor_decorator' retrieved from /home/airflow/.local/lib/python3.12/site-packages/airflow/example_dags/example_sensor_decorator.py
[2026-05-10T15:26:27.459+0000] {logging_mixin.py:188} INFO - [2026-05-10T15:26:27.458+0000] {dag.py:3089} INFO - Sync 1 DAGs
[2026-05-10T15:26:27.472+0000] {logging_mixin.py:188} INFO - [2026-05-10T15:26:27.472+0000] {dag.py:3947} INFO - Setting next_dagrun for example_sensor_decorator to None, run_after=None
[2026-05-10T15:26:27.497+0000] {processor.py:183} INFO - Processing /home/airflow/.local/lib/python3.12/site-packages/airflow/example_dags/example_sensor_decorator.py took 0.082 seconds
[2026-05-10T15:26:58.460+0000] {processor.py:161} INFO - Started process (PID=24534) to work on /home/airflow/.local/lib/python3.12/site-packages/airflow/example_dags/example_sensor_decorator.py
[2026-05-10T15:26:58.465+0000] {processor.py:830} INFO - Processing file /home/airflow/.local/lib/python3.12/site-packages/airflow/example_dags/example_sensor_decorator.py for tasks to queue
[2026-05-10T15:26:58.468+0000] {logging_mixin.py:188} INFO - [2026-05-10T15:26:58.467+0000] {dagbag.py:545} INFO - Filling up the DagBag from /home/airflow/.local/lib/python3.12/site-packages/airflow/example_dags/example_sensor_decorator.py
[2026-05-10T15:26:58.481+0000] {processor.py:840} INFO - DAG(s) 'example_sensor_decorator' retrieved from /home/airflow/.local/lib/python3.12/site-packages/airflow/example_dags/example_sensor_decorator.py
[2026-05-10T15:26:58.521+0000] {logging_mixin.py:188} INFO - [2026-05-10T15:26:58.520+0000] {dag.py:3089} INFO - Sync 1 DAGs
[2026-05-10T15:26:58.540+0000] {logging_mixin.py:188} INFO - [2026-05-10T15:26:58.540+0000] {dag.py:3947} INFO - Setting next_dagrun for example_sensor_decorator to None, run_after=None
[2026-05-10T15:26:58.570+0000] {processor.py:183} INFO - Processing /home/airflow/.local/lib/python3.12/site-packages/airflow/example_dags/example_sensor_decorator.py took 0.121 seconds
[2026-05-10T15:27:29.532+0000] {processor.py:161} INFO - Started process (PID=24609) to work on /home/airflow/.local/lib/python3.12/site-packages/airflow/example_dags/example_sensor_decorator.py
[2026-05-10T15:27:29.534+0000] {processor.py:830} INFO - Processing file /home/airflow/.local/lib/python3.12/site-packages/airflow/example_dags/example_sensor_decorator.py for tasks to queue
[2026-05-10T15:27:29.535+0000] {logging_mixin.py:188} INFO - [2026-05-10T15:27:29.534+0000] {dagbag.py:545} INFO - Filling up the DagBag from /home/airflow/.local/lib/python3.12/site-packages/airflow/example_dags/example_sensor_decorator.py
[2026-05-10T15:27:29.540+0000] {processor.py:840} INFO - DAG(s) 'example_sensor_decorator' retrieved from /home/airflow/.local/lib/python3.12/site-packages/airflow/example_dags/example_sensor_decorator.py
[2026-05-10T15:27:29.563+0000] {logging_mixin.py:188} INFO - [2026-05-10T15:27:29.562+0000] {dag.py:3089} INFO - Sync 1 DAGs
[2026-05-10T15:27:29.575+0000] {logging_mixin.py:188} INFO - [2026-05-10T15:27:29.574+0000] {dag.py:3947} INFO - Setting next_dagrun for example_sensor_decorator to None, run_after=None
[2026-05-10T15:27:29.597+0000] {processor.py:183} INFO - Processing /home/airflow/.local/lib/python3.12/site-packages/airflow/example_dags/example_sensor_decorator.py took 0.071 seconds
[2026-05-10T15:28:00.431+0000] {processor.py:161} INFO - Started process (PID=24677) to work on /home/airflow/.local/lib/python3.12/site-packages/airflow/example_dags/example_sensor_decorator.py
[2026-05-10T15:28:00.437+0000] {processor.py:830} INFO - Processing file /home/airflow/.local/lib/python3.12/site-packages/airflow/example_dags/example_sensor_decorator.py for tasks to queue
[2026-05-10T15:28:00.442+0000] {logging_mixin.py:188} INFO - [2026-05-10T15:28:00.442+0000] {dagbag.py:545} INFO - Filling up the DagBag from /home/airflow/.local/lib/python3.12/site-packages/airflow/example_dags/example_sensor_decorator.py
[2026-05-10T15:28:00.454+0000] {processor.py:840} INFO - DAG(s) 'example_sensor_decorator' retrieved from /home/airflow/.local/lib/python3.12/site-packages/airflow/example_dags/example_sensor_decorator.py
[2026-05-10T15:28:00.497+0000] {logging_mixin.py:188} INFO - [2026-05-10T15:28:00.497+0000] {dag.py:3089} INFO - Sync 1 DAGs
[2026-05-10T15:28:00.517+0000] {logging_mixin.py:188} INFO - [2026-05-10T15:28:00.517+0000] {dag.py:3947} INFO - Setting next_dagrun for example_sensor_decorator to None, run_after=None
[2026-05-10T15:28:00.549+0000] {processor.py:183} INFO - Processing /home/airflow/.local/lib/python3.12/site-packages/airflow/example_dags/example_sensor_decorator.py took 0.128 seconds
[2026-05-10T15:28:30.753+0000] {processor.py:161} INFO - Started process (PID=24752) to work on /home/airflow/.local/lib/python3.12/site-packages/airflow/example_dags/example_sensor_decorator.py
[2026-05-10T15:28:30.754+0000] {processor.py:830} INFO - Processing file /home/airflow/.local/lib/python3.12/site-packages/airflow/example_dags/example_sensor_decorator.py for tasks to queue
[2026-05-10T15:28:30.755+0000] {logging_mixin.py:188} INFO - [2026-05-10T15:28:30.755+0000] {dagbag.py:545} INFO - Filling up the DagBag from /home/airflow/.local/lib/python3.12/site-packages/airflow/example_dags/example_sensor_decorator.py
[2026-05-10T15:28:30.763+0000] {processor.py:840} INFO - DAG(s) 'example_sensor_decorator' retrieved from /home/airflow/.local/lib/python3.12/site-packages/airflow/example_dags/example_sensor_decorator.py
[2026-05-10T15:28:30.789+0000] {logging_mixin.py:188} INFO - [2026-05-10T15:28:30.788+0000] {dag.py:3089} INFO - Sync 1 DAGs
[2026-05-10T15:28:30.799+0000] {logging_mixin.py:188} INFO - [2026-05-10T15:28:30.799+0000] {dag.py:3947} INFO - Setting next_dagrun for example_sensor_decorator to None, run_after=None
[2026-05-10T15:28:30.824+0000] {processor.py:183} INFO - Processing /home/airflow/.local/lib/python3.12/site-packages/airflow/example_dags/example_sensor_decorator.py took 0.078 seconds
[2026-05-10T15:29:01.477+0000] {processor.py:161} INFO - Started process (PID=24820) to work on /home/airflow/.local/lib/python3.12/site-packages/airflow/example_dags/example_sensor_decorator.py
[2026-05-10T15:29:01.480+0000] {processor.py:830} INFO - Processing file /home/airflow/.local/lib/python3.12/site-packages/airflow/example_dags/example_sensor_decorator.py for tasks to queue
[2026-05-10T15:29:01.483+0000] {logging_mixin.py:188} INFO - [2026-05-10T15:29:01.482+0000] {dagbag.py:545} INFO - Filling up the DagBag from /home/airflow/.local/lib/python3.12/site-packages/airflow/example_dags/example_sensor_decorator.py
[2026-05-10T15:29:01.498+0000] {processor.py:840} INFO - DAG(s) 'example_sensor_decorator' retrieved from /home/airflow/.local/lib/python3.12/site-packages/airflow/example_dags/example_sensor_decorator.py
[2026-05-10T15:29:01.550+0000] {logging_mixin.py:188} INFO - [2026-05-10T15:29:01.549+0000] {dag.py:3089} INFO - Sync 1 DAGs
[2026-05-10T15:29:01.574+0000] {logging_mixin.py:188} INFO - [2026-05-10T15:29:01.574+0000] {dag.py:3947} INFO - Setting next_dagrun for example_sensor_decorator to None, run_after=None
[2026-05-10T15:29:01.614+0000] {processor.py:183} INFO - Processing /home/airflow/.local/lib/python3.12/site-packages/airflow/example_dags/example_sensor_decorator.py took 0.153 seconds
[2026-05-10T15:29:31.981+0000] {processor.py:161} INFO - Started process (PID=24888) to work on /home/airflow/.local/lib/python3.12/site-packages/airflow/example_dags/example_sensor_decorator.py
[2026-05-10T15:29:31.983+0000] {processor.py:830} INFO - Processing file /home/airflow/.local/lib/python3.12/site-packages/airflow/example_dags/example_sensor_decorator.py for tasks to queue
[2026-05-10T15:29:31.984+0000] {logging_mixin.py:188} INFO - [2026-05-10T15:29:31.984+0000] {dagbag.py:545} INFO - Filling up the DagBag from /home/airflow/.local/lib/python3.12/site-packages/airflow/example_dags/example_sensor_decorator.py
[2026-05-10T15:29:31.994+0000] {processor.py:840} INFO - DAG(s) 'example_sensor_decorator' retrieved from /home/airflow/.local/lib/python3.12/site-packages/airflow/example_dags/example_sensor_decorator.py
[2026-05-10T15:29:32.044+0000] {logging_mixin.py:188} INFO - [2026-05-10T15:29:32.043+0000] {dag.py:3089} INFO - Sync 1 DAGs
[2026-05-10T15:29:32.070+0000] {logging_mixin.py:188} INFO - [2026-05-10T15:29:32.069+0000] {dag.py:3947} INFO - Setting next_dagrun for example_sensor_decorator to None, run_after=None
[2026-05-10T15:29:32.111+0000] {processor.py:183} INFO - Processing /home/airflow/.local/lib/python3.12/site-packages/airflow/example_dags/example_sensor_decorator.py took 0.145 seconds
[2026-05-10T15:30:03.096+0000] {processor.py:161} INFO - Started process (PID=24963) to work on /home/airflow/.local/lib/python3.12/site-packages/airflow/example_dags/example_sensor_decorator.py
[2026-05-10T15:30:03.097+0000] {processor.py:830} INFO - Processing file /home/airflow/.local/lib/python3.12/site-packages/airflow/example_dags/example_sensor_decorator.py for tasks to queue
[2026-05-10T15:30:03.099+0000] {logging_mixin.py:188} INFO - [2026-05-10T15:30:03.099+0000] {dagbag.py:545} INFO - Filling up the DagBag from /home/airflow/.local/lib/python3.12/site-packages/airflow/example_dags/example_sensor_decorator.py
[2026-05-10T15:30:03.105+0000] {processor.py:840} INFO - DAG(s) 'example_sensor_decorator' retrieved from /home/airflow/.local/lib/python3.12/site-packages/airflow/example_dags/example_sensor_decorator.py
[2026-05-10T15:30:03.127+0000] {logging_mixin.py:188} INFO - [2026-05-10T15:30:03.126+0000] {dag.py:3089} INFO - Sync 1 DAGs
[2026-05-10T15:30:03.137+0000] {logging_mixin.py:188} INFO - [2026-05-10T15:30:03.137+0000] {dag.py:3947} INFO - Setting next_dagrun for example_sensor_decorator to None, run_after=None
[2026-05-10T15:30:03.164+0000] {processor.py:183} INFO - Processing /home/airflow/.local/lib/python3.12/site-packages/airflow/example_dags/example_sensor_decorator.py took 0.073 seconds
[2026-05-10T15:30:33.364+0000] {processor.py:161} INFO - Started process (PID=25031) to work on /home/airflow/.local/lib/python3.12/site-packages/airflow/example_dags/example_sensor_decorator.py
[2026-05-10T15:30:33.365+0000] {processor.py:830} INFO - Processing file /home/airflow/.local/lib/python3.12/site-packages/airflow/example_dags/example_sensor_decorator.py for tasks to queue
[2026-05-10T15:30:33.366+0000] {logging_mixin.py:188} INFO - [2026-05-10T15:30:33.366+0000] {dagbag.py:545} INFO - Filling up the DagBag from /home/airflow/.local/lib/python3.12/site-packages/airflow/example_dags/example_sensor_decorator.py
[2026-05-10T15:30:33.372+0000] {processor.py:840} INFO - DAG(s) 'example_sensor_decorator' retrieved from /home/airflow/.local/lib/python3.12/site-packages/airflow/example_dags/example_sensor_decorator.py
[2026-05-10T15:30:33.392+0000] {logging_mixin.py:188} INFO - [2026-05-10T15:30:33.392+0000] {dag.py:3089} INFO - Sync 1 DAGs
[2026-05-10T15:30:33.402+0000] {logging_mixin.py:188} INFO - [2026-05-10T15:30:33.402+0000] {dag.py:3947} INFO - Setting next_dagrun for example_sensor_decorator to None, run_after=None
[2026-05-10T15:30:33.430+0000] {processor.py:183} INFO - Processing /home/airflow/.local/lib/python3.12/site-packages/airflow/example_dags/example_sensor_decorator.py took 0.073 seconds
[2026-05-10T15:31:04.254+0000] {processor.py:161} INFO - Started process (PID=25106) to work on /home/airflow/.local/lib/python3.12/site-packages/airflow/example_dags/example_sensor_decorator.py
[2026-05-10T15:31:04.256+0000] {processor.py:830} INFO - Processing file /home/airflow/.local/lib/python3.12/site-packages/airflow/example_dags/example_sensor_decorator.py for tasks to queue
[2026-05-10T15:31:04.257+0000] {logging_mixin.py:188} INFO - [2026-05-10T15:31:04.257+0000] {dagbag.py:545} INFO - Filling up the DagBag from /home/airflow/.local/lib/python3.12/site-packages/airflow/example_dags/example_sensor_decorator.py
[2026-05-10T15:31:04.266+0000] {processor.py:840} INFO - DAG(s) 'example_sensor_decorator' retrieved from /home/airflow/.local/lib/python3.12/site-packages/airflow/example_dags/example_sensor_decorator.py
[2026-05-10T15:31:04.306+0000] {logging_mixin.py:188} INFO - [2026-05-10T15:31:04.306+0000] {dag.py:3089} INFO - Sync 1 DAGs
[2026-05-10T15:31:04.329+0000] {logging_mixin.py:188} INFO - [2026-05-10T15:31:04.328+0000] {dag.py:3947} INFO - Setting next_dagrun for example_sensor_decorator to None, run_after=None
[2026-05-10T15:31:04.373+0000] {processor.py:183} INFO - Processing /home/airflow/.local/lib/python3.12/site-packages/airflow/example_dags/example_sensor_decorator.py took 0.130 seconds
[2026-05-10T15:31:34.974+0000] {processor.py:161} INFO - Started process (PID=25174) to work on /home/airflow/.local/lib/python3.12/site-packages/airflow/example_dags/example_sensor_decorator.py
[2026-05-10T15:31:34.977+0000] {processor.py:830} INFO - Processing file /home/airflow/.local/lib/python3.12/site-packages/airflow/example_dags/example_sensor_decorator.py for tasks to queue
[2026-05-10T15:31:34.978+0000] {logging_mixin.py:188} INFO - [2026-05-10T15:31:34.978+0000] {dagbag.py:545} INFO - Filling up the DagBag from /home/airflow/.local/lib/python3.12/site-packages/airflow/example_dags/example_sensor_decorator.py
[2026-05-10T15:31:34.989+0000] {processor.py:840} INFO - DAG(s) 'example_sensor_decorator' retrieved from /home/airflow/.local/lib/python3.12/site-packages/airflow/example_dags/example_sensor_decorator.py
[2026-05-10T15:31:35.021+0000] {logging_mixin.py:188} INFO - [2026-05-10T15:31:35.021+0000] {dag.py:3089} INFO - Sync 1 DAGs
[2026-05-10T15:31:35.043+0000] {logging_mixin.py:188} INFO - [2026-05-10T15:31:35.042+0000] {dag.py:3947} INFO - Setting next_dagrun for example_sensor_decorator to None, run_after=None
[2026-05-10T15:31:35.079+0000] {processor.py:183} INFO - Processing /home/airflow/.local/lib/python3.12/site-packages/airflow/example_dags/example_sensor_decorator.py took 0.120 seconds
[2026-05-10T15:32:05.555+0000] {processor.py:161} INFO - Started process (PID=25249) to work on /home/airflow/.local/lib/python3.12/site-packages/airflow/example_dags/example_sensor_decorator.py
[2026-05-10T15:32:05.556+0000] {processor.py:830} INFO - Processing file /home/airflow/.local/lib/python3.12/site-packages/airflow/example_dags/example_sensor_decorator.py for tasks to queue
[2026-05-10T15:32:05.557+0000] {logging_mixin.py:188} INFO - [2026-05-10T15:32:05.557+0000] {dagbag.py:545} INFO - Filling up the DagBag from /home/airflow/.local/lib/python3.12/site-packages/airflow/example_dags/example_sensor_decorator.py
[2026-05-10T15:32:05.566+0000] {processor.py:840} INFO - DAG(s) 'example_sensor_decorator' retrieved from /home/airflow/.local/lib/python3.12/site-packages/airflow/example_dags/example_sensor_decorator.py
[2026-05-10T15:32:05.597+0000] {logging_mixin.py:188} INFO - [2026-05-10T15:32:05.596+0000] {dag.py:3089} INFO - Sync 1 DAGs
[2026-05-10T15:32:05.610+0000] {logging_mixin.py:188} INFO - [2026-05-10T15:32:05.609+0000] {dag.py:3947} INFO - Setting next_dagrun for example_sensor_decorator to None, run_after=None
[2026-05-10T15:32:05.638+0000] {processor.py:183} INFO - Processing /home/airflow/.local/lib/python3.12/site-packages/airflow/example_dags/example_sensor_decorator.py took 0.091 seconds
[2026-05-10T15:32:35.921+0000] {processor.py:161} INFO - Started process (PID=25317) to work on /home/airflow/.local/lib/python3.12/site-packages/airflow/example_dags/example_sensor_decorator.py
[2026-05-10T15:32:35.922+0000] {processor.py:830} INFO - Processing file /home/airflow/.local/lib/python3.12/site-packages/airflow/example_dags/example_sensor_decorator.py for tasks to queue
[2026-05-10T15:32:35.925+0000] {logging_mixin.py:188} INFO - [2026-05-10T15:32:35.925+0000] {dagbag.py:545} INFO - Filling up the DagBag from /home/airflow/.local/lib/python3.12/site-packages/airflow/example_dags/example_sensor_decorator.py
[2026-05-10T15:32:35.935+0000] {processor.py:840} INFO - DAG(s) 'example_sensor_decorator' retrieved from /home/airflow/.local/lib/python3.12/site-packages/airflow/example_dags/example_sensor_decorator.py
[2026-05-10T15:32:35.954+0000] {logging_mixin.py:188} INFO - [2026-05-10T15:32:35.953+0000] {dag.py:3089} INFO - Sync 1 DAGs
[2026-05-10T15:32:35.966+0000] {logging_mixin.py:188} INFO - [2026-05-10T15:32:35.965+0000] {dag.py:3947} INFO - Setting next_dagrun for example_sensor_decorator to None, run_after=None
[2026-05-10T15:32:35.991+0000] {processor.py:183} INFO - Processing /home/airflow/.local/lib/python3.12/site-packages/airflow/example_dags/example_sensor_decorator.py took 0.076 seconds
[2026-05-10T15:33:06.861+0000] {processor.py:161} INFO - Started process (PID=25385) to work on /home/airflow/.local/lib/python3.12/site-packages/airflow/example_dags/example_sensor_decorator.py
[2026-05-10T15:33:06.863+0000] {processor.py:830} INFO - Processing file /home/airflow/.local/lib/python3.12/site-packages/airflow/example_dags/example_sensor_decorator.py for tasks to queue
[2026-05-10T15:33:06.865+0000] {logging_mixin.py:188} INFO - [2026-05-10T15:33:06.865+0000] {dagbag.py:545} INFO - Filling up the DagBag from /home/airflow/.local/lib/python3.12/site-packages/airflow/example_dags/example_sensor_decorator.py
[2026-05-10T15:33:06.879+0000] {processor.py:840} INFO - DAG(s) 'example_sensor_decorator' retrieved from /home/airflow/.local/lib/python3.12/site-packages/airflow/example_dags/example_sensor_decorator.py
[2026-05-10T15:33:06.918+0000] {logging_mixin.py:188} INFO - [2026-05-10T15:33:06.917+0000] {dag.py:3089} INFO - Sync 1 DAGs
[2026-05-10T15:33:06.936+0000] {logging_mixin.py:188} INFO - [2026-05-10T15:33:06.935+0000] {dag.py:3947} INFO - Setting next_dagrun for example_sensor_decorator to None, run_after=None
[2026-05-10T15:33:06.972+0000] {processor.py:183} INFO - Processing /home/airflow/.local/lib/python3.12/site-packages/airflow/example_dags/example_sensor_decorator.py took 0.121 seconds
[2026-05-10T15:33:37.680+0000] {processor.py:161} INFO - Started process (PID=25460) to work on /home/airflow/.local/lib/python3.12/site-packages/airflow/example_dags/example_sensor_decorator.py
[2026-05-10T15:33:37.681+0000] {processor.py:830} INFO - Processing file /home/airflow/.local/lib/python3.12/site-packages/airflow/example_dags/example_sensor_decorator.py for tasks to queue
[2026-05-10T15:33:37.683+0000] {logging_mixin.py:188} INFO - [2026-05-10T15:33:37.682+0000] {dagbag.py:545} INFO - Filling up the DagBag from /home/airflow/.local/lib/python3.12/site-packages/airflow/example_dags/example_sensor_decorator.py
[2026-05-10T15:33:37.688+0000] {processor.py:840} INFO - DAG(s) 'example_sensor_decorator' retrieved from /home/airflow/.local/lib/python3.12/site-packages/airflow/example_dags/example_sensor_decorator.py
[2026-05-10T15:33:37.712+0000] {logging_mixin.py:188} INFO - [2026-05-10T15:33:37.712+0000] {dag.py:3089} INFO - Sync 1 DAGs
[2026-05-10T15:33:37.729+0000] {logging_mixin.py:188} INFO - [2026-05-10T15:33:37.728+0000] {dag.py:3947} INFO - Setting next_dagrun for example_sensor_decorator to None, run_after=None
[2026-05-10T15:33:37.757+0000] {processor.py:183} INFO - Processing /home/airflow/.local/lib/python3.12/site-packages/airflow/example_dags/example_sensor_decorator.py took 0.086 seconds
[2026-05-10T15:34:08.323+0000] {processor.py:161} INFO - Started process (PID=25527) to work on /home/airflow/.local/lib/python3.12/site-packages/airflow/example_dags/example_sensor_decorator.py
[2026-05-10T15:34:08.325+0000] {processor.py:830} INFO - Processing file /home/airflow/.local/lib/python3.12/site-packages/airflow/example_dags/example_sensor_decorator.py for tasks to queue
[2026-05-10T15:34:08.328+0000] {logging_mixin.py:188} INFO - [2026-05-10T15:34:08.327+0000] {dagbag.py:545} INFO - Filling up the DagBag from /home/airflow/.local/lib/python3.12/site-packages/airflow/example_dags/example_sensor_decorator.py
[2026-05-10T15:34:08.338+0000] {processor.py:840} INFO - DAG(s) 'example_sensor_decorator' retrieved from /home/airflow/.local/lib/python3.12/site-packages/airflow/example_dags/example_sensor_decorator.py
[2026-05-10T15:34:08.382+0000] {logging_mixin.py:188} INFO - [2026-05-10T15:34:08.381+0000] {dag.py:3089} INFO - Sync 1 DAGs
[2026-05-10T15:34:08.403+0000] {logging_mixin.py:188} INFO - [2026-05-10T15:34:08.402+0000] {dag.py:3947} INFO - Setting next_dagrun for example_sensor_decorator to None, run_after=None
[2026-05-10T15:34:08.446+0000] {processor.py:183} INFO - Processing /home/airflow/.local/lib/python3.12/site-packages/airflow/example_dags/example_sensor_decorator.py took 0.138 seconds
[2026-05-10T15:34:38.696+0000] {processor.py:161} INFO - Started process (PID=25601) to work on /home/airflow/.local/lib/python3.12/site-packages/airflow/example_dags/example_sensor_decorator.py
[2026-05-10T15:34:38.698+0000] {processor.py:830} INFO - Processing file /home/airflow/.local/lib/python3.12/site-packages/airflow/example_dags/example_sensor_decorator.py for tasks to queue
[2026-05-10T15:34:38.699+0000] {logging_mixin.py:188} INFO - [2026-05-10T15:34:38.699+0000] {dagbag.py:545} INFO - Filling up the DagBag from /home/airflow/.local/lib/python3.12/site-packages/airflow/example_dags/example_sensor_decorator.py
[2026-05-10T15:34:38.707+0000] {processor.py:840} INFO - DAG(s) 'example_sensor_decorator' retrieved from /home/airflow/.local/lib/python3.12/site-packages/airflow/example_dags/example_sensor_decorator.py
[2026-05-10T15:34:38.734+0000] {logging_mixin.py:188} INFO - [2026-05-10T15:34:38.734+0000] {dag.py:3089} INFO - Sync 1 DAGs
[2026-05-10T15:34:38.748+0000] {logging_mixin.py:188} INFO - [2026-05-10T15:34:38.748+0000] {dag.py:3947} INFO - Setting next_dagrun for example_sensor_decorator to None, run_after=None
[2026-05-10T15:34:38.775+0000] {processor.py:183} INFO - Processing /home/airflow/.local/lib/python3.12/site-packages/airflow/example_dags/example_sensor_decorator.py took 0.089 seconds
[2026-05-10T15:35:09.076+0000] {processor.py:161} INFO - Started process (PID=25669) to work on /home/airflow/.local/lib/python3.12/site-packages/airflow/example_dags/example_sensor_decorator.py
[2026-05-10T15:35:09.077+0000] {processor.py:830} INFO - Processing file /home/airflow/.local/lib/python3.12/site-packages/airflow/example_dags/example_sensor_decorator.py for tasks to queue
[2026-05-10T15:35:09.078+0000] {logging_mixin.py:188} INFO - [2026-05-10T15:35:09.078+0000] {dagbag.py:545} INFO - Filling up the DagBag from /home/airflow/.local/lib/python3.12/site-packages/airflow/example_dags/example_sensor_decorator.py
[2026-05-10T15:35:09.084+0000] {processor.py:840} INFO - DAG(s) 'example_sensor_decorator' retrieved from /home/airflow/.local/lib/python3.12/site-packages/airflow/example_dags/example_sensor_decorator.py
[2026-05-10T15:35:09.106+0000] {logging_mixin.py:188} INFO - [2026-05-10T15:35:09.105+0000] {dag.py:3089} INFO - Sync 1 DAGs
[2026-05-10T15:35:09.117+0000] {logging_mixin.py:188} INFO - [2026-05-10T15:35:09.116+0000] {dag.py:3947} INFO - Setting next_dagrun for example_sensor_decorator to None, run_after=None
[2026-05-10T15:35:09.139+0000] {processor.py:183} INFO - Processing /home/airflow/.local/lib/python3.12/site-packages/airflow/example_dags/example_sensor_decorator.py took 0.068 seconds
[2026-05-10T15:35:39.516+0000] {processor.py:161} INFO - Started process (PID=25737) to work on /home/airflow/.local/lib/python3.12/site-packages/airflow/example_dags/example_sensor_decorator.py
[2026-05-10T15:35:39.518+0000] {processor.py:830} INFO - Processing file /home/airflow/.local/lib/python3.12/site-packages/airflow/example_dags/example_sensor_decorator.py for tasks to queue
[2026-05-10T15:35:39.519+0000] {logging_mixin.py:188} INFO - [2026-05-10T15:35:39.519+0000] {dagbag.py:545} INFO - Filling up the DagBag from /home/airflow/.local/lib/python3.12/site-packages/airflow/example_dags/example_sensor_decorator.py
[2026-05-10T15:35:39.526+0000] {processor.py:840} INFO - DAG(s) 'example_sensor_decorator' retrieved from /home/airflow/.local/lib/python3.12/site-packages/airflow/example_dags/example_sensor_decorator.py
[2026-05-10T15:35:39.551+0000] {logging_mixin.py:188} INFO - [2026-05-10T15:35:39.551+0000] {dag.py:3089} INFO - Sync 1 DAGs
[2026-05-10T15:35:39.569+0000] {logging_mixin.py:188} INFO - [2026-05-10T15:35:39.569+0000] {dag.py:3947} INFO - Setting next_dagrun for example_sensor_decorator to None, run_after=None
[2026-05-10T15:35:39.601+0000] {processor.py:183} INFO - Processing /home/airflow/.local/lib/python3.12/site-packages/airflow/example_dags/example_sensor_decorator.py took 0.092 seconds
[2026-05-10T15:36:10.055+0000] {processor.py:161} INFO - Started process (PID=25813) to work on /home/airflow/.local/lib/python3.12/site-packages/airflow/example_dags/example_sensor_decorator.py
[2026-05-10T15:36:10.057+0000] {processor.py:830} INFO - Processing file /home/airflow/.local/lib/python3.12/site-packages/airflow/example_dags/example_sensor_decorator.py for tasks to queue
[2026-05-10T15:36:10.059+0000] {logging_mixin.py:188} INFO - [2026-05-10T15:36:10.058+0000] {dagbag.py:545} INFO - Filling up the DagBag from /home/airflow/.local/lib/python3.12/site-packages/airflow/example_dags/example_sensor_decorator.py
[2026-05-10T15:36:10.066+0000] {processor.py:840} INFO - DAG(s) 'example_sensor_decorator' retrieved from /home/airflow/.local/lib/python3.12/site-packages/airflow/example_dags/example_sensor_decorator.py
[2026-05-10T15:36:10.107+0000] {logging_mixin.py:188} INFO - [2026-05-10T15:36:10.107+0000] {dag.py:3089} INFO - Sync 1 DAGs
[2026-05-10T15:36:10.123+0000] {logging_mixin.py:188} INFO - [2026-05-10T15:36:10.122+0000] {dag.py:3947} INFO - Setting next_dagrun for example_sensor_decorator to None, run_after=None
[2026-05-10T15:36:10.156+0000] {processor.py:183} INFO - Processing /home/airflow/.local/lib/python3.12/site-packages/airflow/example_dags/example_sensor_decorator.py took 0.107 seconds
[2026-05-10T15:36:40.219+0000] {processor.py:161} INFO - Started process (PID=25881) to work on /home/airflow/.local/lib/python3.12/site-packages/airflow/example_dags/example_sensor_decorator.py
[2026-05-10T15:36:40.223+0000] {processor.py:830} INFO - Processing file /home/airflow/.local/lib/python3.12/site-packages/airflow/example_dags/example_sensor_decorator.py for tasks to queue
[2026-05-10T15:36:40.226+0000] {logging_mixin.py:188} INFO - [2026-05-10T15:36:40.225+0000] {dagbag.py:545} INFO - Filling up the DagBag from /home/airflow/.local/lib/python3.12/site-packages/airflow/example_dags/example_sensor_decorator.py
[2026-05-10T15:36:40.248+0000] {processor.py:840} INFO - DAG(s) 'example_sensor_decorator' retrieved from /home/airflow/.local/lib/python3.12/site-packages/airflow/example_dags/example_sensor_decorator.py
[2026-05-10T15:36:40.292+0000] {logging_mixin.py:188} INFO - [2026-05-10T15:36:40.292+0000] {dag.py:3089} INFO - Sync 1 DAGs
[2026-05-10T15:36:40.320+0000] {logging_mixin.py:188} INFO - [2026-05-10T15:36:40.319+0000] {dag.py:3947} INFO - Setting next_dagrun for example_sensor_decorator to None, run_after=None
[2026-05-10T15:36:40.360+0000] {processor.py:183} INFO - Processing /home/airflow/.local/lib/python3.12/site-packages/airflow/example_dags/example_sensor_decorator.py took 0.155 seconds
[2026-05-10T15:37:10.930+0000] {processor.py:161} INFO - Started process (PID=25956) to work on /home/airflow/.local/lib/python3.12/site-packages/airflow/example_dags/example_sensor_decorator.py
[2026-05-10T15:37:10.931+0000] {processor.py:830} INFO - Processing file /home/airflow/.local/lib/python3.12/site-packages/airflow/example_dags/example_sensor_decorator.py for tasks to queue
[2026-05-10T15:37:10.932+0000] {logging_mixin.py:188} INFO - [2026-05-10T15:37:10.931+0000] {dagbag.py:545} INFO - Filling up the DagBag from /home/airflow/.local/lib/python3.12/site-packages/airflow/example_dags/example_sensor_decorator.py
[2026-05-10T15:37:10.937+0000] {processor.py:840} INFO - DAG(s) 'example_sensor_decorator' retrieved from /home/airflow/.local/lib/python3.12/site-packages/airflow/example_dags/example_sensor_decorator.py
[2026-05-10T15:37:10.957+0000] {logging_mixin.py:188} INFO - [2026-05-10T15:37:10.957+0000] {dag.py:3089} INFO - Sync 1 DAGs
[2026-05-10T15:37:10.972+0000] {logging_mixin.py:188} INFO - [2026-05-10T15:37:10.972+0000] {dag.py:3947} INFO - Setting next_dagrun for example_sensor_decorator to None, run_after=None
[2026-05-10T15:37:10.994+0000] {processor.py:183} INFO - Processing /home/airflow/.local/lib/python3.12/site-packages/airflow/example_dags/example_sensor_decorator.py took 0.069 seconds
[2026-05-10T15:37:41.740+0000] {processor.py:161} INFO - Started process (PID=26024) to work on /home/airflow/.local/lib/python3.12/site-packages/airflow/example_dags/example_sensor_decorator.py
[2026-05-10T15:37:41.742+0000] {processor.py:830} INFO - Processing file /home/airflow/.local/lib/python3.12/site-packages/airflow/example_dags/example_sensor_decorator.py for tasks to queue
[2026-05-10T15:37:41.743+0000] {logging_mixin.py:188} INFO - [2026-05-10T15:37:41.743+0000] {dagbag.py:545} INFO - Filling up the DagBag from /home/airflow/.local/lib/python3.12/site-packages/airflow/example_dags/example_sensor_decorator.py
[2026-05-10T15:37:41.750+0000] {processor.py:840} INFO - DAG(s) 'example_sensor_decorator' retrieved from /home/airflow/.local/lib/python3.12/site-packages/airflow/example_dags/example_sensor_decorator.py
[2026-05-10T15:37:41.776+0000] {logging_mixin.py:188} INFO - [2026-05-10T15:37:41.775+0000] {dag.py:3089} INFO - Sync 1 DAGs
[2026-05-10T15:37:41.790+0000] {logging_mixin.py:188} INFO - [2026-05-10T15:37:41.790+0000] {dag.py:3947} INFO - Setting next_dagrun for example_sensor_decorator to None, run_after=None
[2026-05-10T15:37:41.819+0000] {processor.py:183} INFO - Processing /home/airflow/.local/lib/python3.12/site-packages/airflow/example_dags/example_sensor_decorator.py took 0.086 seconds
[2026-05-10T15:38:12.026+0000] {processor.py:161} INFO - Started process (PID=26091) to work on /home/airflow/.local/lib/python3.12/site-packages/airflow/example_dags/example_sensor_decorator.py
[2026-05-10T15:38:12.030+0000] {processor.py:830} INFO - Processing file /home/airflow/.local/lib/python3.12/site-packages/airflow/example_dags/example_sensor_decorator.py for tasks to queue
[2026-05-10T15:38:12.034+0000] {logging_mixin.py:188} INFO - [2026-05-10T15:38:12.034+0000] {dagbag.py:545} INFO - Filling up the DagBag from /home/airflow/.local/lib/python3.12/site-packages/airflow/example_dags/example_sensor_decorator.py
[2026-05-10T15:38:12.049+0000] {processor.py:840} INFO - DAG(s) 'example_sensor_decorator' retrieved from /home/airflow/.local/lib/python3.12/site-packages/airflow/example_dags/example_sensor_decorator.py
[2026-05-10T15:38:12.082+0000] {logging_mixin.py:188} INFO - [2026-05-10T15:38:12.082+0000] {dag.py:3089} INFO - Sync 1 DAGs
[2026-05-10T15:38:12.093+0000] {logging_mixin.py:188} INFO - [2026-05-10T15:38:12.092+0000] {dag.py:3947} INFO - Setting next_dagrun for example_sensor_decorator to None, run_after=None
[2026-05-10T15:38:12.117+0000] {processor.py:183} INFO - Processing /home/airflow/.local/lib/python3.12/site-packages/airflow/example_dags/example_sensor_decorator.py took 0.105 seconds
[2026-05-10T15:38:42.186+0000] {processor.py:161} INFO - Started process (PID=26166) to work on /home/airflow/.local/lib/python3.12/site-packages/airflow/example_dags/example_sensor_decorator.py
[2026-05-10T15:38:42.187+0000] {processor.py:830} INFO - Processing file /home/airflow/.local/lib/python3.12/site-packages/airflow/example_dags/example_sensor_decorator.py for tasks to queue
[2026-05-10T15:38:42.188+0000] {logging_mixin.py:188} INFO - [2026-05-10T15:38:42.187+0000] {dagbag.py:545} INFO - Filling up the DagBag from /home/airflow/.local/lib/python3.12/site-packages/airflow/example_dags/example_sensor_decorator.py
[2026-05-10T15:38:42.193+0000] {processor.py:840} INFO - DAG(s) 'example_sensor_decorator' retrieved from /home/airflow/.local/lib/python3.12/site-packages/airflow/example_dags/example_sensor_decorator.py
[2026-05-10T15:38:42.210+0000] {logging_mixin.py:188} INFO - [2026-05-10T15:38:42.210+0000] {dag.py:3089} INFO - Sync 1 DAGs
[2026-05-10T15:38:42.221+0000] {logging_mixin.py:188} INFO - [2026-05-10T15:38:42.221+0000] {dag.py:3947} INFO - Setting next_dagrun for example_sensor_decorator to None, run_after=None
[2026-05-10T15:38:42.385+0000] {processor.py:183} INFO - Processing /home/airflow/.local/lib/python3.12/site-packages/airflow/example_dags/example_sensor_decorator.py took 0.204 seconds
[2026-05-10T15:39:12.830+0000] {processor.py:161} INFO - Started process (PID=26233) to work on /home/airflow/.local/lib/python3.12/site-packages/airflow/example_dags/example_sensor_decorator.py
[2026-05-10T15:39:12.831+0000] {processor.py:830} INFO - Processing file /home/airflow/.local/lib/python3.12/site-packages/airflow/example_dags/example_sensor_decorator.py for tasks to queue
[2026-05-10T15:39:12.833+0000] {logging_mixin.py:188} INFO - [2026-05-10T15:39:12.833+0000] {dagbag.py:545} INFO - Filling up the DagBag from /home/airflow/.local/lib/python3.12/site-packages/airflow/example_dags/example_sensor_decorator.py
[2026-05-10T15:39:12.841+0000] {processor.py:840} INFO - DAG(s) 'example_sensor_decorator' retrieved from /home/airflow/.local/lib/python3.12/site-packages/airflow/example_dags/example_sensor_decorator.py
[2026-05-10T15:39:12.870+0000] {logging_mixin.py:188} INFO - [2026-05-10T15:39:12.870+0000] {dag.py:3089} INFO - Sync 1 DAGs
[2026-05-10T15:39:12.885+0000] {logging_mixin.py:188} INFO - [2026-05-10T15:39:12.885+0000] {dag.py:3947} INFO - Setting next_dagrun for example_sensor_decorator to None, run_after=None
[2026-05-10T15:39:12.917+0000] {processor.py:183} INFO - Processing /home/airflow/.local/lib/python3.12/site-packages/airflow/example_dags/example_sensor_decorator.py took 0.101 seconds
[2026-05-10T15:39:43.609+0000] {processor.py:161} INFO - Started process (PID=26306) to work on /home/airflow/.local/lib/python3.12/site-packages/airflow/example_dags/example_sensor_decorator.py
[2026-05-10T15:39:43.612+0000] {processor.py:830} INFO - Processing file /home/airflow/.local/lib/python3.12/site-packages/airflow/example_dags/example_sensor_decorator.py for tasks to queue
[2026-05-10T15:39:43.613+0000] {logging_mixin.py:188} INFO - [2026-05-10T15:39:43.613+0000] {dagbag.py:545} INFO - Filling up the DagBag from /home/airflow/.local/lib/python3.12/site-packages/airflow/example_dags/example_sensor_decorator.py
[2026-05-10T15:39:43.622+0000] {processor.py:840} INFO - DAG(s) 'example_sensor_decorator' retrieved from /home/airflow/.local/lib/python3.12/site-packages/airflow/example_dags/example_sensor_decorator.py
[2026-05-10T15:39:43.655+0000] {logging_mixin.py:188} INFO - [2026-05-10T15:39:43.655+0000] {dag.py:3089} INFO - Sync 1 DAGs
[2026-05-10T15:39:43.671+0000] {logging_mixin.py:188} INFO - [2026-05-10T15:39:43.671+0000] {dag.py:3947} INFO - Setting next_dagrun for example_sensor_decorator to None, run_after=None
[2026-05-10T15:39:43.697+0000] {processor.py:183} INFO - Processing /home/airflow/.local/lib/python3.12/site-packages/airflow/example_dags/example_sensor_decorator.py took 0.101 seconds
[2026-05-10T15:40:13.892+0000] {processor.py:161} INFO - Started process (PID=26374) to work on /home/airflow/.local/lib/python3.12/site-packages/airflow/example_dags/example_sensor_decorator.py
[2026-05-10T15:40:13.894+0000] {processor.py:830} INFO - Processing file /home/airflow/.local/lib/python3.12/site-packages/airflow/example_dags/example_sensor_decorator.py for tasks to queue
[2026-05-10T15:40:13.895+0000] {logging_mixin.py:188} INFO - [2026-05-10T15:40:13.895+0000] {dagbag.py:545} INFO - Filling up the DagBag from /home/airflow/.local/lib/python3.12/site-packages/airflow/example_dags/example_sensor_decorator.py
[2026-05-10T15:40:13.901+0000] {processor.py:840} INFO - DAG(s) 'example_sensor_decorator' retrieved from /home/airflow/.local/lib/python3.12/site-packages/airflow/example_dags/example_sensor_decorator.py
[2026-05-10T15:40:13.922+0000] {logging_mixin.py:188} INFO - [2026-05-10T15:40:13.922+0000] {dag.py:3089} INFO - Sync 1 DAGs
[2026-05-10T15:40:13.933+0000] {logging_mixin.py:188} INFO - [2026-05-10T15:40:13.933+0000] {dag.py:3947} INFO - Setting next_dagrun for example_sensor_decorator to None, run_after=None
[2026-05-10T15:40:13.964+0000] {processor.py:183} INFO - Processing /home/airflow/.local/lib/python3.12/site-packages/airflow/example_dags/example_sensor_decorator.py took 0.081 seconds
[2026-05-10T15:40:44.607+0000] {processor.py:161} INFO - Started process (PID=26449) to work on /home/airflow/.local/lib/python3.12/site-packages/airflow/example_dags/example_sensor_decorator.py
[2026-05-10T15:40:44.609+0000] {processor.py:830} INFO - Processing file /home/airflow/.local/lib/python3.12/site-packages/airflow/example_dags/example_sensor_decorator.py for tasks to queue
[2026-05-10T15:40:44.610+0000] {logging_mixin.py:188} INFO - [2026-05-10T15:40:44.609+0000] {dagbag.py:545} INFO - Filling up the DagBag from /home/airflow/.local/lib/python3.12/site-packages/airflow/example_dags/example_sensor_decorator.py
[2026-05-10T15:40:44.618+0000] {processor.py:840} INFO - DAG(s) 'example_sensor_decorator' retrieved from /home/airflow/.local/lib/python3.12/site-packages/airflow/example_dags/example_sensor_decorator.py
[2026-05-10T15:40:44.856+0000] {logging_mixin.py:188} INFO - [2026-05-10T15:40:44.855+0000] {dag.py:3089} INFO - Sync 1 DAGs
[2026-05-10T15:40:44.867+0000] {logging_mixin.py:188} INFO - [2026-05-10T15:40:44.867+0000] {dag.py:3947} INFO - Setting next_dagrun for example_sensor_decorator to None, run_after=None
[2026-05-10T15:40:44.906+0000] {processor.py:183} INFO - Processing /home/airflow/.local/lib/python3.12/site-packages/airflow/example_dags/example_sensor_decorator.py took 0.308 seconds
[2026-05-10T15:41:15.228+0000] {processor.py:161} INFO - Started process (PID=26517) to work on /home/airflow/.local/lib/python3.12/site-packages/airflow/example_dags/example_sensor_decorator.py
[2026-05-10T15:41:15.230+0000] {processor.py:830} INFO - Processing file /home/airflow/.local/lib/python3.12/site-packages/airflow/example_dags/example_sensor_decorator.py for tasks to queue
[2026-05-10T15:41:15.232+0000] {logging_mixin.py:188} INFO - [2026-05-10T15:41:15.231+0000] {dagbag.py:545} INFO - Filling up the DagBag from /home/airflow/.local/lib/python3.12/site-packages/airflow/example_dags/example_sensor_decorator.py
[2026-05-10T15:41:15.242+0000] {processor.py:840} INFO - DAG(s) 'example_sensor_decorator' retrieved from /home/airflow/.local/lib/python3.12/site-packages/airflow/example_dags/example_sensor_decorator.py
[2026-05-10T15:41:15.277+0000] {logging_mixin.py:188} INFO - [2026-05-10T15:41:15.276+0000] {dag.py:3089} INFO - Sync 1 DAGs
[2026-05-10T15:41:15.297+0000] {logging_mixin.py:188} INFO - [2026-05-10T15:41:15.296+0000] {dag.py:3947} INFO - Setting next_dagrun for example_sensor_decorator to None, run_after=None
[2026-05-10T15:41:15.320+0000] {processor.py:183} INFO - Processing /home/airflow/.local/lib/python3.12/site-packages/airflow/example_dags/example_sensor_decorator.py took 0.105 seconds
[2026-05-10T15:41:45.531+0000] {processor.py:161} INFO - Started process (PID=26592) to work on /home/airflow/.local/lib/python3.12/site-packages/airflow/example_dags/example_sensor_decorator.py
[2026-05-10T15:41:45.534+0000] {processor.py:830} INFO - Processing file /home/airflow/.local/lib/python3.12/site-packages/airflow/example_dags/example_sensor_decorator.py for tasks to queue
[2026-05-10T15:41:45.536+0000] {logging_mixin.py:188} INFO - [2026-05-10T15:41:45.535+0000] {dagbag.py:545} INFO - Filling up the DagBag from /home/airflow/.local/lib/python3.12/site-packages/airflow/example_dags/example_sensor_decorator.py
[2026-05-10T15:41:45.549+0000] {processor.py:840} INFO - DAG(s) 'example_sensor_decorator' retrieved from /home/airflow/.local/lib/python3.12/site-packages/airflow/example_dags/example_sensor_decorator.py
[2026-05-10T15:41:45.588+0000] {logging_mixin.py:188} INFO - [2026-05-10T15:41:45.588+0000] {dag.py:3089} INFO - Sync 1 DAGs
[2026-05-10T15:41:45.607+0000] {logging_mixin.py:188} INFO - [2026-05-10T15:41:45.606+0000] {dag.py:3947} INFO - Setting next_dagrun for example_sensor_decorator to None, run_after=None
[2026-05-10T15:41:45.659+0000] {processor.py:183} INFO - Processing /home/airflow/.local/lib/python3.12/site-packages/airflow/example_dags/example_sensor_decorator.py took 0.141 seconds
[2026-05-10T15:42:16.238+0000] {processor.py:161} INFO - Started process (PID=26660) to work on /home/airflow/.local/lib/python3.12/site-packages/airflow/example_dags/example_sensor_decorator.py
[2026-05-10T15:42:16.241+0000] {processor.py:830} INFO - Processing file /home/airflow/.local/lib/python3.12/site-packages/airflow/example_dags/example_sensor_decorator.py for tasks to queue
[2026-05-10T15:42:16.243+0000] {logging_mixin.py:188} INFO - [2026-05-10T15:42:16.242+0000] {dagbag.py:545} INFO - Filling up the DagBag from /home/airflow/.local/lib/python3.12/site-packages/airflow/example_dags/example_sensor_decorator.py
[2026-05-10T15:42:16.254+0000] {processor.py:840} INFO - DAG(s) 'example_sensor_decorator' retrieved from /home/airflow/.local/lib/python3.12/site-packages/airflow/example_dags/example_sensor_decorator.py
[2026-05-10T15:42:16.289+0000] {logging_mixin.py:188} INFO - [2026-05-10T15:42:16.288+0000] {dag.py:3089} INFO - Sync 1 DAGs
[2026-05-10T15:42:16.307+0000] {logging_mixin.py:188} INFO - [2026-05-10T15:42:16.306+0000] {dag.py:3947} INFO - Setting next_dagrun for example_sensor_decorator to None, run_after=None
[2026-05-10T15:42:16.340+0000] {processor.py:183} INFO - Processing /home/airflow/.local/lib/python3.12/site-packages/airflow/example_dags/example_sensor_decorator.py took 0.111 seconds
[2026-05-10T15:42:46.890+0000] {processor.py:161} INFO - Started process (PID=26729) to work on /home/airflow/.local/lib/python3.12/site-packages/airflow/example_dags/example_sensor_decorator.py
[2026-05-10T15:42:46.892+0000] {processor.py:830} INFO - Processing file /home/airflow/.local/lib/python3.12/site-packages/airflow/example_dags/example_sensor_decorator.py for tasks to queue
[2026-05-10T15:42:46.893+0000] {logging_mixin.py:188} INFO - [2026-05-10T15:42:46.893+0000] {dagbag.py:545} INFO - Filling up the DagBag from /home/airflow/.local/lib/python3.12/site-packages/airflow/example_dags/example_sensor_decorator.py
[2026-05-10T15:42:46.902+0000] {processor.py:840} INFO - DAG(s) 'example_sensor_decorator' retrieved from /home/airflow/.local/lib/python3.12/site-packages/airflow/example_dags/example_sensor_decorator.py
[2026-05-10T15:42:46.934+0000] {logging_mixin.py:188} INFO - [2026-05-10T15:42:46.933+0000] {dag.py:3089} INFO - Sync 1 DAGs
[2026-05-10T15:42:46.953+0000] {logging_mixin.py:188} INFO - [2026-05-10T15:42:46.952+0000] {dag.py:3947} INFO - Setting next_dagrun for example_sensor_decorator to None, run_after=None
[2026-05-10T15:42:46.986+0000] {processor.py:183} INFO - Processing /home/airflow/.local/lib/python3.12/site-packages/airflow/example_dags/example_sensor_decorator.py took 0.104 seconds
[2026-05-10T15:43:17.414+0000] {processor.py:161} INFO - Started process (PID=26797) to work on /home/airflow/.local/lib/python3.12/site-packages/airflow/example_dags/example_sensor_decorator.py
[2026-05-10T15:43:17.417+0000] {processor.py:830} INFO - Processing file /home/airflow/.local/lib/python3.12/site-packages/airflow/example_dags/example_sensor_decorator.py for tasks to queue
[2026-05-10T15:43:17.419+0000] {logging_mixin.py:188} INFO - [2026-05-10T15:43:17.419+0000] {dagbag.py:545} INFO - Filling up the DagBag from /home/airflow/.local/lib/python3.12/site-packages/airflow/example_dags/example_sensor_decorator.py
[2026-05-10T15:43:17.431+0000] {processor.py:840} INFO - DAG(s) 'example_sensor_decorator' retrieved from /home/airflow/.local/lib/python3.12/site-packages/airflow/example_dags/example_sensor_decorator.py
[2026-05-10T15:43:17.470+0000] {logging_mixin.py:188} INFO - [2026-05-10T15:43:17.470+0000] {dag.py:3089} INFO - Sync 1 DAGs
[2026-05-10T15:43:17.492+0000] {logging_mixin.py:188} INFO - [2026-05-10T15:43:17.491+0000] {dag.py:3947} INFO - Setting next_dagrun for example_sensor_decorator to None, run_after=None
[2026-05-10T15:43:17.616+0000] {processor.py:183} INFO - Processing /home/airflow/.local/lib/python3.12/site-packages/airflow/example_dags/example_sensor_decorator.py took 0.212 seconds
[2026-05-10T15:43:48.343+0000] {processor.py:161} INFO - Started process (PID=26865) to work on /home/airflow/.local/lib/python3.12/site-packages/airflow/example_dags/example_sensor_decorator.py
[2026-05-10T15:43:48.346+0000] {processor.py:830} INFO - Processing file /home/airflow/.local/lib/python3.12/site-packages/airflow/example_dags/example_sensor_decorator.py for tasks to queue
[2026-05-10T15:43:48.348+0000] {logging_mixin.py:188} INFO - [2026-05-10T15:43:48.347+0000] {dagbag.py:545} INFO - Filling up the DagBag from /home/airflow/.local/lib/python3.12/site-packages/airflow/example_dags/example_sensor_decorator.py
[2026-05-10T15:43:48.358+0000] {processor.py:840} INFO - DAG(s) 'example_sensor_decorator' retrieved from /home/airflow/.local/lib/python3.12/site-packages/airflow/example_dags/example_sensor_decorator.py
[2026-05-10T15:43:48.399+0000] {logging_mixin.py:188} INFO - [2026-05-10T15:43:48.398+0000] {dag.py:3089} INFO - Sync 1 DAGs
[2026-05-10T15:43:48.417+0000] {logging_mixin.py:188} INFO - [2026-05-10T15:43:48.417+0000] {dag.py:3947} INFO - Setting next_dagrun for example_sensor_decorator to None, run_after=None
[2026-05-10T15:43:48.478+0000] {processor.py:183} INFO - Processing /home/airflow/.local/lib/python3.12/site-packages/airflow/example_dags/example_sensor_decorator.py took 0.145 seconds
[2026-05-10T15:44:18.642+0000] {processor.py:161} INFO - Started process (PID=26940) to work on /home/airflow/.local/lib/python3.12/site-packages/airflow/example_dags/example_sensor_decorator.py
[2026-05-10T15:44:18.644+0000] {processor.py:830} INFO - Processing file /home/airflow/.local/lib/python3.12/site-packages/airflow/example_dags/example_sensor_decorator.py for tasks to queue
[2026-05-10T15:44:18.645+0000] {logging_mixin.py:188} INFO - [2026-05-10T15:44:18.645+0000] {dagbag.py:545} INFO - Filling up the DagBag from /home/airflow/.local/lib/python3.12/site-packages/airflow/example_dags/example_sensor_decorator.py
[2026-05-10T15:44:18.657+0000] {processor.py:840} INFO - DAG(s) 'example_sensor_decorator' retrieved from /home/airflow/.local/lib/python3.12/site-packages/airflow/example_dags/example_sensor_decorator.py
[2026-05-10T15:44:18.692+0000] {logging_mixin.py:188} INFO - [2026-05-10T15:44:18.691+0000] {dag.py:3089} INFO - Sync 1 DAGs
[2026-05-10T15:44:18.709+0000] {logging_mixin.py:188} INFO - [2026-05-10T15:44:18.709+0000] {dag.py:3947} INFO - Setting next_dagrun for example_sensor_decorator to None, run_after=None
[2026-05-10T15:44:18.771+0000] {processor.py:183} INFO - Processing /home/airflow/.local/lib/python3.12/site-packages/airflow/example_dags/example_sensor_decorator.py took 0.138 seconds
[2026-05-10T15:44:49.054+0000] {processor.py:161} INFO - Started process (PID=27008) to work on /home/airflow/.local/lib/python3.12/site-packages/airflow/example_dags/example_sensor_decorator.py
[2026-05-10T15:44:49.056+0000] {processor.py:830} INFO - Processing file /home/airflow/.local/lib/python3.12/site-packages/airflow/example_dags/example_sensor_decorator.py for tasks to queue
[2026-05-10T15:44:49.058+0000] {logging_mixin.py:188} INFO - [2026-05-10T15:44:49.057+0000] {dagbag.py:545} INFO - Filling up the DagBag from /home/airflow/.local/lib/python3.12/site-packages/airflow/example_dags/example_sensor_decorator.py
[2026-05-10T15:44:49.068+0000] {processor.py:840} INFO - DAG(s) 'example_sensor_decorator' retrieved from /home/airflow/.local/lib/python3.12/site-packages/airflow/example_dags/example_sensor_decorator.py
[2026-05-10T15:44:49.120+0000] {logging_mixin.py:188} INFO - [2026-05-10T15:44:49.119+0000] {dag.py:3089} INFO - Sync 1 DAGs
[2026-05-10T15:44:49.145+0000] {logging_mixin.py:188} INFO - [2026-05-10T15:44:49.144+0000] {dag.py:3947} INFO - Setting next_dagrun for example_sensor_decorator to None, run_after=None
[2026-05-10T15:44:49.185+0000] {processor.py:183} INFO - Processing /home/airflow/.local/lib/python3.12/site-packages/airflow/example_dags/example_sensor_decorator.py took 0.141 seconds
[2026-05-10T15:45:19.764+0000] {processor.py:161} INFO - Started process (PID=27076) to work on /home/airflow/.local/lib/python3.12/site-packages/airflow/example_dags/example_sensor_decorator.py
[2026-05-10T15:45:19.766+0000] {processor.py:830} INFO - Processing file /home/airflow/.local/lib/python3.12/site-packages/airflow/example_dags/example_sensor_decorator.py for tasks to queue
[2026-05-10T15:45:19.769+0000] {logging_mixin.py:188} INFO - [2026-05-10T15:45:19.768+0000] {dagbag.py:545} INFO - Filling up the DagBag from /home/airflow/.local/lib/python3.12/site-packages/airflow/example_dags/example_sensor_decorator.py
[2026-05-10T15:45:19.780+0000] {processor.py:840} INFO - DAG(s) 'example_sensor_decorator' retrieved from /home/airflow/.local/lib/python3.12/site-packages/airflow/example_dags/example_sensor_decorator.py
[2026-05-10T15:45:19.819+0000] {logging_mixin.py:188} INFO - [2026-05-10T15:45:19.819+0000] {dag.py:3089} INFO - Sync 1 DAGs
[2026-05-10T15:45:19.843+0000] {logging_mixin.py:188} INFO - [2026-05-10T15:45:19.842+0000] {dag.py:3947} INFO - Setting next_dagrun for example_sensor_decorator to None, run_after=None
[2026-05-10T15:45:19.889+0000] {processor.py:183} INFO - Processing /home/airflow/.local/lib/python3.12/site-packages/airflow/example_dags/example_sensor_decorator.py took 0.135 seconds
[2026-05-10T15:45:50.114+0000] {processor.py:161} INFO - Started process (PID=27145) to work on /home/airflow/.local/lib/python3.12/site-packages/airflow/example_dags/example_sensor_decorator.py
[2026-05-10T15:45:50.117+0000] {processor.py:830} INFO - Processing file /home/airflow/.local/lib/python3.12/site-packages/airflow/example_dags/example_sensor_decorator.py for tasks to queue
[2026-05-10T15:45:50.119+0000] {logging_mixin.py:188} INFO - [2026-05-10T15:45:50.118+0000] {dagbag.py:545} INFO - Filling up the DagBag from /home/airflow/.local/lib/python3.12/site-packages/airflow/example_dags/example_sensor_decorator.py
[2026-05-10T15:45:50.130+0000] {processor.py:840} INFO - DAG(s) 'example_sensor_decorator' retrieved from /home/airflow/.local/lib/python3.12/site-packages/airflow/example_dags/example_sensor_decorator.py
[2026-05-10T15:45:50.170+0000] {logging_mixin.py:188} INFO - [2026-05-10T15:45:50.170+0000] {dag.py:3089} INFO - Sync 1 DAGs
[2026-05-10T15:45:50.196+0000] {logging_mixin.py:188} INFO - [2026-05-10T15:45:50.195+0000] {dag.py:3947} INFO - Setting next_dagrun for example_sensor_decorator to None, run_after=None
[2026-05-10T15:45:50.268+0000] {processor.py:183} INFO - Processing /home/airflow/.local/lib/python3.12/site-packages/airflow/example_dags/example_sensor_decorator.py took 0.165 seconds
[2026-05-10T15:46:20.746+0000] {processor.py:161} INFO - Started process (PID=27213) to work on /home/airflow/.local/lib/python3.12/site-packages/airflow/example_dags/example_sensor_decorator.py
[2026-05-10T15:46:20.750+0000] {processor.py:830} INFO - Processing file /home/airflow/.local/lib/python3.12/site-packages/airflow/example_dags/example_sensor_decorator.py for tasks to queue
[2026-05-10T15:46:20.752+0000] {logging_mixin.py:188} INFO - [2026-05-10T15:46:20.752+0000] {dagbag.py:545} INFO - Filling up the DagBag from /home/airflow/.local/lib/python3.12/site-packages/airflow/example_dags/example_sensor_decorator.py
[2026-05-10T15:46:20.768+0000] {processor.py:840} INFO - DAG(s) 'example_sensor_decorator' retrieved from /home/airflow/.local/lib/python3.12/site-packages/airflow/example_dags/example_sensor_decorator.py
[2026-05-10T15:46:20.813+0000] {logging_mixin.py:188} INFO - [2026-05-10T15:46:20.813+0000] {dag.py:3089} INFO - Sync 1 DAGs
[2026-05-10T15:46:20.835+0000] {logging_mixin.py:188} INFO - [2026-05-10T15:46:20.835+0000] {dag.py:3947} INFO - Setting next_dagrun for example_sensor_decorator to None, run_after=None
[2026-05-10T15:46:20.906+0000] {processor.py:183} INFO - Processing /home/airflow/.local/lib/python3.12/site-packages/airflow/example_dags/example_sensor_decorator.py took 0.173 seconds
[2026-05-10T15:46:51.134+0000] {processor.py:161} INFO - Started process (PID=27281) to work on /home/airflow/.local/lib/python3.12/site-packages/airflow/example_dags/example_sensor_decorator.py
[2026-05-10T15:46:51.136+0000] {processor.py:830} INFO - Processing file /home/airflow/.local/lib/python3.12/site-packages/airflow/example_dags/example_sensor_decorator.py for tasks to queue
[2026-05-10T15:46:51.137+0000] {logging_mixin.py:188} INFO - [2026-05-10T15:46:51.137+0000] {dagbag.py:545} INFO - Filling up the DagBag from /home/airflow/.local/lib/python3.12/site-packages/airflow/example_dags/example_sensor_decorator.py
[2026-05-10T15:46:51.147+0000] {processor.py:840} INFO - DAG(s) 'example_sensor_decorator' retrieved from /home/airflow/.local/lib/python3.12/site-packages/airflow/example_dags/example_sensor_decorator.py
[2026-05-10T15:46:51.182+0000] {logging_mixin.py:188} INFO - [2026-05-10T15:46:51.182+0000] {dag.py:3089} INFO - Sync 1 DAGs
[2026-05-10T15:46:51.199+0000] {logging_mixin.py:188} INFO - [2026-05-10T15:46:51.199+0000] {dag.py:3947} INFO - Setting next_dagrun for example_sensor_decorator to None, run_after=None
[2026-05-10T15:46:51.241+0000] {processor.py:183} INFO - Processing /home/airflow/.local/lib/python3.12/site-packages/airflow/example_dags/example_sensor_decorator.py took 0.119 seconds
[2026-05-10T15:47:21.598+0000] {processor.py:161} INFO - Started process (PID=27356) to work on /home/airflow/.local/lib/python3.12/site-packages/airflow/example_dags/example_sensor_decorator.py
[2026-05-10T15:47:21.600+0000] {processor.py:830} INFO - Processing file /home/airflow/.local/lib/python3.12/site-packages/airflow/example_dags/example_sensor_decorator.py for tasks to queue
[2026-05-10T15:47:21.606+0000] {logging_mixin.py:188} INFO - [2026-05-10T15:47:21.605+0000] {dagbag.py:545} INFO - Filling up the DagBag from /home/airflow/.local/lib/python3.12/site-packages/airflow/example_dags/example_sensor_decorator.py
[2026-05-10T15:47:21.622+0000] {processor.py:840} INFO - DAG(s) 'example_sensor_decorator' retrieved from /home/airflow/.local/lib/python3.12/site-packages/airflow/example_dags/example_sensor_decorator.py
[2026-05-10T15:47:21.656+0000] {logging_mixin.py:188} INFO - [2026-05-10T15:47:21.656+0000] {dag.py:3089} INFO - Sync 1 DAGs
[2026-05-10T15:47:21.679+0000] {logging_mixin.py:188} INFO - [2026-05-10T15:47:21.678+0000] {dag.py:3947} INFO - Setting next_dagrun for example_sensor_decorator to None, run_after=None
[2026-05-10T15:47:21.736+0000] {processor.py:183} INFO - Processing /home/airflow/.local/lib/python3.12/site-packages/airflow/example_dags/example_sensor_decorator.py took 0.148 seconds
[2026-05-10T15:47:52.098+0000] {processor.py:161} INFO - Started process (PID=27424) to work on /home/airflow/.local/lib/python3.12/site-packages/airflow/example_dags/example_sensor_decorator.py
[2026-05-10T15:47:52.101+0000] {processor.py:830} INFO - Processing file /home/airflow/.local/lib/python3.12/site-packages/airflow/example_dags/example_sensor_decorator.py for tasks to queue
[2026-05-10T15:47:52.104+0000] {logging_mixin.py:188} INFO - [2026-05-10T15:47:52.103+0000] {dagbag.py:545} INFO - Filling up the DagBag from /home/airflow/.local/lib/python3.12/site-packages/airflow/example_dags/example_sensor_decorator.py
[2026-05-10T15:47:52.115+0000] {processor.py:840} INFO - DAG(s) 'example_sensor_decorator' retrieved from /home/airflow/.local/lib/python3.12/site-packages/airflow/example_dags/example_sensor_decorator.py
[2026-05-10T15:47:52.156+0000] {logging_mixin.py:188} INFO - [2026-05-10T15:47:52.156+0000] {dag.py:3089} INFO - Sync 1 DAGs
[2026-05-10T15:47:52.182+0000] {logging_mixin.py:188} INFO - [2026-05-10T15:47:52.181+0000] {dag.py:3947} INFO - Setting next_dagrun for example_sensor_decorator to None, run_after=None
[2026-05-10T15:47:52.248+0000] {processor.py:183} INFO - Processing /home/airflow/.local/lib/python3.12/site-packages/airflow/example_dags/example_sensor_decorator.py took 0.161 seconds
[2026-05-10T15:48:22.498+0000] {processor.py:161} INFO - Started process (PID=27493) to work on /home/airflow/.local/lib/python3.12/site-packages/airflow/example_dags/example_sensor_decorator.py
[2026-05-10T15:48:22.505+0000] {processor.py:830} INFO - Processing file /home/airflow/.local/lib/python3.12/site-packages/airflow/example_dags/example_sensor_decorator.py for tasks to queue
[2026-05-10T15:48:22.507+0000] {logging_mixin.py:188} INFO - [2026-05-10T15:48:22.506+0000] {dagbag.py:545} INFO - Filling up the DagBag from /home/airflow/.local/lib/python3.12/site-packages/airflow/example_dags/example_sensor_decorator.py
[2026-05-10T15:48:22.517+0000] {processor.py:840} INFO - DAG(s) 'example_sensor_decorator' retrieved from /home/airflow/.local/lib/python3.12/site-packages/airflow/example_dags/example_sensor_decorator.py
[2026-05-10T15:48:22.553+0000] {logging_mixin.py:188} INFO - [2026-05-10T15:48:22.553+0000] {dag.py:3089} INFO - Sync 1 DAGs
[2026-05-10T15:48:22.577+0000] {logging_mixin.py:188} INFO - [2026-05-10T15:48:22.577+0000] {dag.py:3947} INFO - Setting next_dagrun for example_sensor_decorator to None, run_after=None
[2026-05-10T15:48:22.612+0000] {processor.py:183} INFO - Processing /home/airflow/.local/lib/python3.12/site-packages/airflow/example_dags/example_sensor_decorator.py took 0.123 seconds
[2026-05-10T15:48:53.408+0000] {processor.py:161} INFO - Started process (PID=27561) to work on /home/airflow/.local/lib/python3.12/site-packages/airflow/example_dags/example_sensor_decorator.py
[2026-05-10T15:48:53.410+0000] {processor.py:830} INFO - Processing file /home/airflow/.local/lib/python3.12/site-packages/airflow/example_dags/example_sensor_decorator.py for tasks to queue
[2026-05-10T15:48:53.412+0000] {logging_mixin.py:188} INFO - [2026-05-10T15:48:53.412+0000] {dagbag.py:545} INFO - Filling up the DagBag from /home/airflow/.local/lib/python3.12/site-packages/airflow/example_dags/example_sensor_decorator.py
[2026-05-10T15:48:53.426+0000] {processor.py:840} INFO - DAG(s) 'example_sensor_decorator' retrieved from /home/airflow/.local/lib/python3.12/site-packages/airflow/example_dags/example_sensor_decorator.py
[2026-05-10T15:48:53.475+0000] {logging_mixin.py:188} INFO - [2026-05-10T15:48:53.474+0000] {dag.py:3089} INFO - Sync 1 DAGs
[2026-05-10T15:48:53.502+0000] {logging_mixin.py:188} INFO - [2026-05-10T15:48:53.501+0000] {dag.py:3947} INFO - Setting next_dagrun for example_sensor_decorator to None, run_after=None
[2026-05-10T15:48:53.577+0000] {processor.py:183} INFO - Processing /home/airflow/.local/lib/python3.12/site-packages/airflow/example_dags/example_sensor_decorator.py took 0.182 seconds
[2026-05-10T15:49:24.644+0000] {processor.py:161} INFO - Started process (PID=27629) to work on /home/airflow/.local/lib/python3.12/site-packages/airflow/example_dags/example_sensor_decorator.py
[2026-05-10T15:49:24.648+0000] {processor.py:830} INFO - Processing file /home/airflow/.local/lib/python3.12/site-packages/airflow/example_dags/example_sensor_decorator.py for tasks to queue
[2026-05-10T15:49:24.650+0000] {logging_mixin.py:188} INFO - [2026-05-10T15:49:24.650+0000] {dagbag.py:545} INFO - Filling up the DagBag from /home/airflow/.local/lib/python3.12/site-packages/airflow/example_dags/example_sensor_decorator.py
[2026-05-10T15:49:24.664+0000] {processor.py:840} INFO - DAG(s) 'example_sensor_decorator' retrieved from /home/airflow/.local/lib/python3.12/site-packages/airflow/example_dags/example_sensor_decorator.py
[2026-05-10T15:49:24.709+0000] {logging_mixin.py:188} INFO - [2026-05-10T15:49:24.708+0000] {dag.py:3089} INFO - Sync 1 DAGs
[2026-05-10T15:49:24.734+0000] {logging_mixin.py:188} INFO - [2026-05-10T15:49:24.733+0000] {dag.py:3947} INFO - Setting next_dagrun for example_sensor_decorator to None, run_after=None
[2026-05-10T15:49:24.797+0000] {processor.py:183} INFO - Processing /home/airflow/.local/lib/python3.12/site-packages/airflow/example_dags/example_sensor_decorator.py took 0.169 seconds
[2026-05-10T15:49:55.264+0000] {processor.py:161} INFO - Started process (PID=27697) to work on /home/airflow/.local/lib/python3.12/site-packages/airflow/example_dags/example_sensor_decorator.py
[2026-05-10T15:49:55.266+0000] {processor.py:830} INFO - Processing file /home/airflow/.local/lib/python3.12/site-packages/airflow/example_dags/example_sensor_decorator.py for tasks to queue
[2026-05-10T15:49:55.268+0000] {logging_mixin.py:188} INFO - [2026-05-10T15:49:55.268+0000] {dagbag.py:545} INFO - Filling up the DagBag from /home/airflow/.local/lib/python3.12/site-packages/airflow/example_dags/example_sensor_decorator.py
[2026-05-10T15:49:55.281+0000] {processor.py:840} INFO - DAG(s) 'example_sensor_decorator' retrieved from /home/airflow/.local/lib/python3.12/site-packages/airflow/example_dags/example_sensor_decorator.py
[2026-05-10T15:49:55.320+0000] {logging_mixin.py:188} INFO - [2026-05-10T15:49:55.320+0000] {dag.py:3089} INFO - Sync 1 DAGs
[2026-05-10T15:49:55.340+0000] {logging_mixin.py:188} INFO - [2026-05-10T15:49:55.339+0000] {dag.py:3947} INFO - Setting next_dagrun for example_sensor_decorator to None, run_after=None
[2026-05-10T15:49:55.384+0000] {processor.py:183} INFO - Processing /home/airflow/.local/lib/python3.12/site-packages/airflow/example_dags/example_sensor_decorator.py took 0.131 seconds
[2026-05-10T15:50:25.904+0000] {processor.py:161} INFO - Started process (PID=27771) to work on /home/airflow/.local/lib/python3.12/site-packages/airflow/example_dags/example_sensor_decorator.py
[2026-05-10T15:50:25.906+0000] {processor.py:830} INFO - Processing file /home/airflow/.local/lib/python3.12/site-packages/airflow/example_dags/example_sensor_decorator.py for tasks to queue
[2026-05-10T15:50:25.907+0000] {logging_mixin.py:188} INFO - [2026-05-10T15:50:25.907+0000] {dagbag.py:545} INFO - Filling up the DagBag from /home/airflow/.local/lib/python3.12/site-packages/airflow/example_dags/example_sensor_decorator.py
[2026-05-10T15:50:25.919+0000] {processor.py:840} INFO - DAG(s) 'example_sensor_decorator' retrieved from /home/airflow/.local/lib/python3.12/site-packages/airflow/example_dags/example_sensor_decorator.py
[2026-05-10T15:50:25.966+0000] {logging_mixin.py:188} INFO - [2026-05-10T15:50:25.965+0000] {dag.py:3089} INFO - Sync 1 DAGs
[2026-05-10T15:50:25.988+0000] {logging_mixin.py:188} INFO - [2026-05-10T15:50:25.988+0000] {dag.py:3947} INFO - Setting next_dagrun for example_sensor_decorator to None, run_after=None
[2026-05-10T15:50:26.049+0000] {processor.py:183} INFO - Processing /home/airflow/.local/lib/python3.12/site-packages/airflow/example_dags/example_sensor_decorator.py took 0.154 seconds
[2026-05-10T15:50:57.162+0000] {processor.py:161} INFO - Started process (PID=27839) to work on /home/airflow/.local/lib/python3.12/site-packages/airflow/example_dags/example_sensor_decorator.py
[2026-05-10T15:50:57.164+0000] {processor.py:830} INFO - Processing file /home/airflow/.local/lib/python3.12/site-packages/airflow/example_dags/example_sensor_decorator.py for tasks to queue
[2026-05-10T15:50:57.166+0000] {logging_mixin.py:188} INFO - [2026-05-10T15:50:57.165+0000] {dagbag.py:545} INFO - Filling up the DagBag from /home/airflow/.local/lib/python3.12/site-packages/airflow/example_dags/example_sensor_decorator.py
[2026-05-10T15:50:57.177+0000] {processor.py:840} INFO - DAG(s) 'example_sensor_decorator' retrieved from /home/airflow/.local/lib/python3.12/site-packages/airflow/example_dags/example_sensor_decorator.py
[2026-05-10T15:50:57.213+0000] {logging_mixin.py:188} INFO - [2026-05-10T15:50:57.212+0000] {dag.py:3089} INFO - Sync 1 DAGs
[2026-05-10T15:50:57.232+0000] {logging_mixin.py:188} INFO - [2026-05-10T15:50:57.232+0000] {dag.py:3947} INFO - Setting next_dagrun for example_sensor_decorator to None, run_after=None
[2026-05-10T15:50:57.297+0000] {processor.py:183} INFO - Processing /home/airflow/.local/lib/python3.12/site-packages/airflow/example_dags/example_sensor_decorator.py took 0.144 seconds
[2026-05-10T15:51:27.501+0000] {processor.py:161} INFO - Started process (PID=27907) to work on /home/airflow/.local/lib/python3.12/site-packages/airflow/example_dags/example_sensor_decorator.py
[2026-05-10T15:51:27.505+0000] {processor.py:830} INFO - Processing file /home/airflow/.local/lib/python3.12/site-packages/airflow/example_dags/example_sensor_decorator.py for tasks to queue
[2026-05-10T15:51:27.510+0000] {logging_mixin.py:188} INFO - [2026-05-10T15:51:27.509+0000] {dagbag.py:545} INFO - Filling up the DagBag from /home/airflow/.local/lib/python3.12/site-packages/airflow/example_dags/example_sensor_decorator.py
[2026-05-10T15:51:27.521+0000] {processor.py:840} INFO - DAG(s) 'example_sensor_decorator' retrieved from /home/airflow/.local/lib/python3.12/site-packages/airflow/example_dags/example_sensor_decorator.py
[2026-05-10T15:51:27.567+0000] {logging_mixin.py:188} INFO - [2026-05-10T15:51:27.566+0000] {dag.py:3089} INFO - Sync 1 DAGs
[2026-05-10T15:51:27.586+0000] {logging_mixin.py:188} INFO - [2026-05-10T15:51:27.586+0000] {dag.py:3947} INFO - Setting next_dagrun for example_sensor_decorator to None, run_after=None
[2026-05-10T15:51:27.828+0000] {processor.py:183} INFO - Processing /home/airflow/.local/lib/python3.12/site-packages/airflow/example_dags/example_sensor_decorator.py took 0.336 seconds
[2026-05-10T15:51:58.095+0000] {processor.py:161} INFO - Started process (PID=27975) to work on /home/airflow/.local/lib/python3.12/site-packages/airflow/example_dags/example_sensor_decorator.py
[2026-05-10T15:51:58.097+0000] {processor.py:830} INFO - Processing file /home/airflow/.local/lib/python3.12/site-packages/airflow/example_dags/example_sensor_decorator.py for tasks to queue
[2026-05-10T15:51:58.098+0000] {logging_mixin.py:188} INFO - [2026-05-10T15:51:58.098+0000] {dagbag.py:545} INFO - Filling up the DagBag from /home/airflow/.local/lib/python3.12/site-packages/airflow/example_dags/example_sensor_decorator.py
[2026-05-10T15:51:58.109+0000] {processor.py:840} INFO - DAG(s) 'example_sensor_decorator' retrieved from /home/airflow/.local/lib/python3.12/site-packages/airflow/example_dags/example_sensor_decorator.py
[2026-05-10T15:51:58.144+0000] {logging_mixin.py:188} INFO - [2026-05-10T15:51:58.144+0000] {dag.py:3089} INFO - Sync 1 DAGs
[2026-05-10T15:51:58.165+0000] {logging_mixin.py:188} INFO - [2026-05-10T15:51:58.164+0000] {dag.py:3947} INFO - Setting next_dagrun for example_sensor_decorator to None, run_after=None
[2026-05-10T15:51:58.232+0000] {processor.py:183} INFO - Processing /home/airflow/.local/lib/python3.12/site-packages/airflow/example_dags/example_sensor_decorator.py took 0.148 seconds
[2026-05-10T15:52:28.586+0000] {processor.py:161} INFO - Started process (PID=28043) to work on /home/airflow/.local/lib/python3.12/site-packages/airflow/example_dags/example_sensor_decorator.py
[2026-05-10T15:52:28.588+0000] {processor.py:830} INFO - Processing file /home/airflow/.local/lib/python3.12/site-packages/airflow/example_dags/example_sensor_decorator.py for tasks to queue
[2026-05-10T15:52:28.590+0000] {logging_mixin.py:188} INFO - [2026-05-10T15:52:28.589+0000] {dagbag.py:545} INFO - Filling up the DagBag from /home/airflow/.local/lib/python3.12/site-packages/airflow/example_dags/example_sensor_decorator.py
[2026-05-10T15:52:28.603+0000] {processor.py:840} INFO - DAG(s) 'example_sensor_decorator' retrieved from /home/airflow/.local/lib/python3.12/site-packages/airflow/example_dags/example_sensor_decorator.py
[2026-05-10T15:52:28.642+0000] {logging_mixin.py:188} INFO - [2026-05-10T15:52:28.641+0000] {dag.py:3089} INFO - Sync 1 DAGs
[2026-05-10T15:52:28.677+0000] {logging_mixin.py:188} INFO - [2026-05-10T15:52:28.676+0000] {dag.py:3947} INFO - Setting next_dagrun for example_sensor_decorator to None, run_after=None
[2026-05-10T15:52:28.747+0000] {processor.py:183} INFO - Processing /home/airflow/.local/lib/python3.12/site-packages/airflow/example_dags/example_sensor_decorator.py took 0.172 seconds
[2026-05-10T15:52:58.978+0000] {processor.py:161} INFO - Started process (PID=28117) to work on /home/airflow/.local/lib/python3.12/site-packages/airflow/example_dags/example_sensor_decorator.py
[2026-05-10T15:52:58.981+0000] {processor.py:830} INFO - Processing file /home/airflow/.local/lib/python3.12/site-packages/airflow/example_dags/example_sensor_decorator.py for tasks to queue
[2026-05-10T15:52:58.983+0000] {logging_mixin.py:188} INFO - [2026-05-10T15:52:58.982+0000] {dagbag.py:545} INFO - Filling up the DagBag from /home/airflow/.local/lib/python3.12/site-packages/airflow/example_dags/example_sensor_decorator.py
[2026-05-10T15:52:58.993+0000] {processor.py:840} INFO - DAG(s) 'example_sensor_decorator' retrieved from /home/airflow/.local/lib/python3.12/site-packages/airflow/example_dags/example_sensor_decorator.py
[2026-05-10T15:52:59.029+0000] {logging_mixin.py:188} INFO - [2026-05-10T15:52:59.029+0000] {dag.py:3089} INFO - Sync 1 DAGs
[2026-05-10T15:52:59.050+0000] {logging_mixin.py:188} INFO - [2026-05-10T15:52:59.050+0000] {dag.py:3947} INFO - Setting next_dagrun for example_sensor_decorator to None, run_after=None
[2026-05-10T15:52:59.113+0000] {processor.py:183} INFO - Processing /home/airflow/.local/lib/python3.12/site-packages/airflow/example_dags/example_sensor_decorator.py took 0.145 seconds
[2026-05-10T15:53:29.359+0000] {processor.py:161} INFO - Started process (PID=28185) to work on /home/airflow/.local/lib/python3.12/site-packages/airflow/example_dags/example_sensor_decorator.py
[2026-05-10T15:53:29.361+0000] {processor.py:830} INFO - Processing file /home/airflow/.local/lib/python3.12/site-packages/airflow/example_dags/example_sensor_decorator.py for tasks to queue
[2026-05-10T15:53:29.363+0000] {logging_mixin.py:188} INFO - [2026-05-10T15:53:29.363+0000] {dagbag.py:545} INFO - Filling up the DagBag from /home/airflow/.local/lib/python3.12/site-packages/airflow/example_dags/example_sensor_decorator.py
[2026-05-10T15:53:29.374+0000] {processor.py:840} INFO - DAG(s) 'example_sensor_decorator' retrieved from /home/airflow/.local/lib/python3.12/site-packages/airflow/example_dags/example_sensor_decorator.py
[2026-05-10T15:53:29.413+0000] {logging_mixin.py:188} INFO - [2026-05-10T15:53:29.412+0000] {dag.py:3089} INFO - Sync 1 DAGs
[2026-05-10T15:53:29.432+0000] {logging_mixin.py:188} INFO - [2026-05-10T15:53:29.431+0000] {dag.py:3947} INFO - Setting next_dagrun for example_sensor_decorator to None, run_after=None
[2026-05-10T15:53:29.470+0000] {processor.py:183} INFO - Processing /home/airflow/.local/lib/python3.12/site-packages/airflow/example_dags/example_sensor_decorator.py took 0.120 seconds
[2026-05-10T15:54:00.808+0000] {processor.py:161} INFO - Started process (PID=28253) to work on /home/airflow/.local/lib/python3.12/site-packages/airflow/example_dags/example_sensor_decorator.py
[2026-05-10T15:54:00.810+0000] {processor.py:830} INFO - Processing file /home/airflow/.local/lib/python3.12/site-packages/airflow/example_dags/example_sensor_decorator.py for tasks to queue
[2026-05-10T15:54:00.812+0000] {logging_mixin.py:188} INFO - [2026-05-10T15:54:00.812+0000] {dagbag.py:545} INFO - Filling up the DagBag from /home/airflow/.local/lib/python3.12/site-packages/airflow/example_dags/example_sensor_decorator.py
[2026-05-10T15:54:00.827+0000] {processor.py:840} INFO - DAG(s) 'example_sensor_decorator' retrieved from /home/airflow/.local/lib/python3.12/site-packages/airflow/example_dags/example_sensor_decorator.py
[2026-05-10T15:54:00.872+0000] {logging_mixin.py:188} INFO - [2026-05-10T15:54:00.872+0000] {dag.py:3089} INFO - Sync 1 DAGs
[2026-05-10T15:54:00.895+0000] {logging_mixin.py:188} INFO - [2026-05-10T15:54:00.895+0000] {dag.py:3947} INFO - Setting next_dagrun for example_sensor_decorator to None, run_after=None
[2026-05-10T15:54:00.938+0000] {processor.py:183} INFO - Processing /home/airflow/.local/lib/python3.12/site-packages/airflow/example_dags/example_sensor_decorator.py took 0.141 seconds
[2026-05-10T15:54:31.930+0000] {processor.py:161} INFO - Started process (PID=28321) to work on /home/airflow/.local/lib/python3.12/site-packages/airflow/example_dags/example_sensor_decorator.py
[2026-05-10T15:54:31.931+0000] {processor.py:830} INFO - Processing file /home/airflow/.local/lib/python3.12/site-packages/airflow/example_dags/example_sensor_decorator.py for tasks to queue
[2026-05-10T15:54:31.933+0000] {logging_mixin.py:188} INFO - [2026-05-10T15:54:31.932+0000] {dagbag.py:545} INFO - Filling up the DagBag from /home/airflow/.local/lib/python3.12/site-packages/airflow/example_dags/example_sensor_decorator.py
[2026-05-10T15:54:31.943+0000] {processor.py:840} INFO - DAG(s) 'example_sensor_decorator' retrieved from /home/airflow/.local/lib/python3.12/site-packages/airflow/example_dags/example_sensor_decorator.py
[2026-05-10T15:54:31.978+0000] {logging_mixin.py:188} INFO - [2026-05-10T15:54:31.977+0000] {dag.py:3089} INFO - Sync 1 DAGs
[2026-05-10T15:54:32.002+0000] {logging_mixin.py:188} INFO - [2026-05-10T15:54:32.002+0000] {dag.py:3947} INFO - Setting next_dagrun for example_sensor_decorator to None, run_after=None
[2026-05-10T15:54:32.089+0000] {processor.py:183} INFO - Processing /home/airflow/.local/lib/python3.12/site-packages/airflow/example_dags/example_sensor_decorator.py took 0.168 seconds
[2026-05-10T15:55:02.603+0000] {processor.py:161} INFO - Started process (PID=28389) to work on /home/airflow/.local/lib/python3.12/site-packages/airflow/example_dags/example_sensor_decorator.py
[2026-05-10T15:55:02.606+0000] {processor.py:830} INFO - Processing file /home/airflow/.local/lib/python3.12/site-packages/airflow/example_dags/example_sensor_decorator.py for tasks to queue
[2026-05-10T15:55:02.609+0000] {logging_mixin.py:188} INFO - [2026-05-10T15:55:02.608+0000] {dagbag.py:545} INFO - Filling up the DagBag from /home/airflow/.local/lib/python3.12/site-packages/airflow/example_dags/example_sensor_decorator.py
[2026-05-10T15:55:02.623+0000] {processor.py:840} INFO - DAG(s) 'example_sensor_decorator' retrieved from /home/airflow/.local/lib/python3.12/site-packages/airflow/example_dags/example_sensor_decorator.py
[2026-05-10T15:55:02.676+0000] {logging_mixin.py:188} INFO - [2026-05-10T15:55:02.675+0000] {dag.py:3089} INFO - Sync 1 DAGs
[2026-05-10T15:55:02.699+0000] {logging_mixin.py:188} INFO - [2026-05-10T15:55:02.699+0000] {dag.py:3947} INFO - Setting next_dagrun for example_sensor_decorator to None, run_after=None
[2026-05-10T15:55:02.745+0000] {processor.py:183} INFO - Processing /home/airflow/.local/lib/python3.12/site-packages/airflow/example_dags/example_sensor_decorator.py took 0.157 seconds
[2026-05-10T15:55:33.153+0000] {processor.py:161} INFO - Started process (PID=28463) to work on /home/airflow/.local/lib/python3.12/site-packages/airflow/example_dags/example_sensor_decorator.py
[2026-05-10T15:55:33.154+0000] {processor.py:830} INFO - Processing file /home/airflow/.local/lib/python3.12/site-packages/airflow/example_dags/example_sensor_decorator.py for tasks to queue
[2026-05-10T15:55:33.156+0000] {logging_mixin.py:188} INFO - [2026-05-10T15:55:33.156+0000] {dagbag.py:545} INFO - Filling up the DagBag from /home/airflow/.local/lib/python3.12/site-packages/airflow/example_dags/example_sensor_decorator.py
[2026-05-10T15:55:33.168+0000] {processor.py:840} INFO - DAG(s) 'example_sensor_decorator' retrieved from /home/airflow/.local/lib/python3.12/site-packages/airflow/example_dags/example_sensor_decorator.py
[2026-05-10T15:55:33.209+0000] {logging_mixin.py:188} INFO - [2026-05-10T15:55:33.208+0000] {dag.py:3089} INFO - Sync 1 DAGs
[2026-05-10T15:55:33.230+0000] {logging_mixin.py:188} INFO - [2026-05-10T15:55:33.229+0000] {dag.py:3947} INFO - Setting next_dagrun for example_sensor_decorator to None, run_after=None
[2026-05-10T15:55:33.299+0000] {processor.py:183} INFO - Processing /home/airflow/.local/lib/python3.12/site-packages/airflow/example_dags/example_sensor_decorator.py took 0.155 seconds
[2026-05-10T15:56:03.504+0000] {processor.py:161} INFO - Started process (PID=28531) to work on /home/airflow/.local/lib/python3.12/site-packages/airflow/example_dags/example_sensor_decorator.py
[2026-05-10T15:56:03.506+0000] {processor.py:830} INFO - Processing file /home/airflow/.local/lib/python3.12/site-packages/airflow/example_dags/example_sensor_decorator.py for tasks to queue
[2026-05-10T15:56:03.508+0000] {logging_mixin.py:188} INFO - [2026-05-10T15:56:03.507+0000] {dagbag.py:545} INFO - Filling up the DagBag from /home/airflow/.local/lib/python3.12/site-packages/airflow/example_dags/example_sensor_decorator.py
[2026-05-10T15:56:03.518+0000] {processor.py:840} INFO - DAG(s) 'example_sensor_decorator' retrieved from /home/airflow/.local/lib/python3.12/site-packages/airflow/example_dags/example_sensor_decorator.py
[2026-05-10T15:56:03.553+0000] {logging_mixin.py:188} INFO - [2026-05-10T15:56:03.552+0000] {dag.py:3089} INFO - Sync 1 DAGs
[2026-05-10T15:56:03.576+0000] {logging_mixin.py:188} INFO - [2026-05-10T15:56:03.575+0000] {dag.py:3947} INFO - Setting next_dagrun for example_sensor_decorator to None, run_after=None
[2026-05-10T15:56:03.642+0000] {processor.py:183} INFO - Processing /home/airflow/.local/lib/python3.12/site-packages/airflow/example_dags/example_sensor_decorator.py took 0.147 seconds
[2026-05-10T15:56:33.959+0000] {processor.py:161} INFO - Started process (PID=28599) to work on /home/airflow/.local/lib/python3.12/site-packages/airflow/example_dags/example_sensor_decorator.py
[2026-05-10T15:56:33.964+0000] {processor.py:830} INFO - Processing file /home/airflow/.local/lib/python3.12/site-packages/airflow/example_dags/example_sensor_decorator.py for tasks to queue
[2026-05-10T15:56:33.969+0000] {logging_mixin.py:188} INFO - [2026-05-10T15:56:33.968+0000] {dagbag.py:545} INFO - Filling up the DagBag from /home/airflow/.local/lib/python3.12/site-packages/airflow/example_dags/example_sensor_decorator.py
[2026-05-10T15:56:33.980+0000] {processor.py:840} INFO - DAG(s) 'example_sensor_decorator' retrieved from /home/airflow/.local/lib/python3.12/site-packages/airflow/example_dags/example_sensor_decorator.py
[2026-05-10T15:56:34.023+0000] {logging_mixin.py:188} INFO - [2026-05-10T15:56:34.022+0000] {dag.py:3089} INFO - Sync 1 DAGs
[2026-05-10T15:56:34.050+0000] {logging_mixin.py:188} INFO - [2026-05-10T15:56:34.049+0000] {dag.py:3947} INFO - Setting next_dagrun for example_sensor_decorator to None, run_after=None
[2026-05-10T15:56:34.095+0000] {processor.py:183} INFO - Processing /home/airflow/.local/lib/python3.12/site-packages/airflow/example_dags/example_sensor_decorator.py took 0.148 seconds
[2026-05-10T15:57:04.235+0000] {processor.py:161} INFO - Started process (PID=28667) to work on /home/airflow/.local/lib/python3.12/site-packages/airflow/example_dags/example_sensor_decorator.py
[2026-05-10T15:57:04.239+0000] {processor.py:830} INFO - Processing file /home/airflow/.local/lib/python3.12/site-packages/airflow/example_dags/example_sensor_decorator.py for tasks to queue
[2026-05-10T15:57:04.241+0000] {logging_mixin.py:188} INFO - [2026-05-10T15:57:04.240+0000] {dagbag.py:545} INFO - Filling up the DagBag from /home/airflow/.local/lib/python3.12/site-packages/airflow/example_dags/example_sensor_decorator.py
[2026-05-10T15:57:04.257+0000] {processor.py:840} INFO - DAG(s) 'example_sensor_decorator' retrieved from /home/airflow/.local/lib/python3.12/site-packages/airflow/example_dags/example_sensor_decorator.py
[2026-05-10T15:57:04.292+0000] {logging_mixin.py:188} INFO - [2026-05-10T15:57:04.291+0000] {dag.py:3089} INFO - Sync 1 DAGs
[2026-05-10T15:57:04.311+0000] {logging_mixin.py:188} INFO - [2026-05-10T15:57:04.311+0000] {dag.py:3947} INFO - Setting next_dagrun for example_sensor_decorator to None, run_after=None
[2026-05-10T15:57:04.347+0000] {processor.py:183} INFO - Processing /home/airflow/.local/lib/python3.12/site-packages/airflow/example_dags/example_sensor_decorator.py took 0.122 seconds
[2026-05-10T15:57:35.208+0000] {processor.py:161} INFO - Started process (PID=28735) to work on /home/airflow/.local/lib/python3.12/site-packages/airflow/example_dags/example_sensor_decorator.py
[2026-05-10T15:57:35.210+0000] {processor.py:830} INFO - Processing file /home/airflow/.local/lib/python3.12/site-packages/airflow/example_dags/example_sensor_decorator.py for tasks to queue
[2026-05-10T15:57:35.212+0000] {logging_mixin.py:188} INFO - [2026-05-10T15:57:35.212+0000] {dagbag.py:545} INFO - Filling up the DagBag from /home/airflow/.local/lib/python3.12/site-packages/airflow/example_dags/example_sensor_decorator.py
[2026-05-10T15:57:35.223+0000] {processor.py:840} INFO - DAG(s) 'example_sensor_decorator' retrieved from /home/airflow/.local/lib/python3.12/site-packages/airflow/example_dags/example_sensor_decorator.py
[2026-05-10T15:57:35.262+0000] {logging_mixin.py:188} INFO - [2026-05-10T15:57:35.262+0000] {dag.py:3089} INFO - Sync 1 DAGs
[2026-05-10T15:57:35.281+0000] {logging_mixin.py:188} INFO - [2026-05-10T15:57:35.280+0000] {dag.py:3947} INFO - Setting next_dagrun for example_sensor_decorator to None, run_after=None
[2026-05-10T15:57:35.317+0000] {processor.py:183} INFO - Processing /home/airflow/.local/lib/python3.12/site-packages/airflow/example_dags/example_sensor_decorator.py took 0.123 seconds
[2026-05-10T15:58:05.888+0000] {processor.py:161} INFO - Started process (PID=28803) to work on /home/airflow/.local/lib/python3.12/site-packages/airflow/example_dags/example_sensor_decorator.py
[2026-05-10T15:58:05.891+0000] {processor.py:830} INFO - Processing file /home/airflow/.local/lib/python3.12/site-packages/airflow/example_dags/example_sensor_decorator.py for tasks to queue
[2026-05-10T15:58:05.892+0000] {logging_mixin.py:188} INFO - [2026-05-10T15:58:05.892+0000] {dagbag.py:545} INFO - Filling up the DagBag from /home/airflow/.local/lib/python3.12/site-packages/airflow/example_dags/example_sensor_decorator.py
[2026-05-10T15:58:05.908+0000] {processor.py:840} INFO - DAG(s) 'example_sensor_decorator' retrieved from /home/airflow/.local/lib/python3.12/site-packages/airflow/example_dags/example_sensor_decorator.py
[2026-05-10T15:58:05.941+0000] {logging_mixin.py:188} INFO - [2026-05-10T15:58:05.941+0000] {dag.py:3089} INFO - Sync 1 DAGs
[2026-05-10T15:58:05.963+0000] {logging_mixin.py:188} INFO - [2026-05-10T15:58:05.962+0000] {dag.py:3947} INFO - Setting next_dagrun for example_sensor_decorator to None, run_after=None
[2026-05-10T15:58:06.001+0000] {processor.py:183} INFO - Processing /home/airflow/.local/lib/python3.12/site-packages/airflow/example_dags/example_sensor_decorator.py took 0.125 seconds
[2026-05-10T15:58:36.155+0000] {processor.py:161} INFO - Started process (PID=28879) to work on /home/airflow/.local/lib/python3.12/site-packages/airflow/example_dags/example_sensor_decorator.py
[2026-05-10T15:58:36.157+0000] {processor.py:830} INFO - Processing file /home/airflow/.local/lib/python3.12/site-packages/airflow/example_dags/example_sensor_decorator.py for tasks to queue
[2026-05-10T15:58:36.159+0000] {logging_mixin.py:188} INFO - [2026-05-10T15:58:36.159+0000] {dagbag.py:545} INFO - Filling up the DagBag from /home/airflow/.local/lib/python3.12/site-packages/airflow/example_dags/example_sensor_decorator.py
[2026-05-10T15:58:36.170+0000] {processor.py:840} INFO - DAG(s) 'example_sensor_decorator' retrieved from /home/airflow/.local/lib/python3.12/site-packages/airflow/example_dags/example_sensor_decorator.py
[2026-05-10T15:58:36.204+0000] {logging_mixin.py:188} INFO - [2026-05-10T15:58:36.204+0000] {dag.py:3089} INFO - Sync 1 DAGs
[2026-05-10T15:58:36.224+0000] {logging_mixin.py:188} INFO - [2026-05-10T15:58:36.223+0000] {dag.py:3947} INFO - Setting next_dagrun for example_sensor_decorator to None, run_after=None
[2026-05-10T15:58:36.255+0000] {processor.py:183} INFO - Processing /home/airflow/.local/lib/python3.12/site-packages/airflow/example_dags/example_sensor_decorator.py took 0.109 seconds
[2026-05-10T15:59:07.125+0000] {processor.py:161} INFO - Started process (PID=28946) to work on /home/airflow/.local/lib/python3.12/site-packages/airflow/example_dags/example_sensor_decorator.py
[2026-05-10T15:59:07.128+0000] {processor.py:830} INFO - Processing file /home/airflow/.local/lib/python3.12/site-packages/airflow/example_dags/example_sensor_decorator.py for tasks to queue
[2026-05-10T15:59:07.130+0000] {logging_mixin.py:188} INFO - [2026-05-10T15:59:07.130+0000] {dagbag.py:545} INFO - Filling up the DagBag from /home/airflow/.local/lib/python3.12/site-packages/airflow/example_dags/example_sensor_decorator.py
[2026-05-10T15:59:07.144+0000] {processor.py:840} INFO - DAG(s) 'example_sensor_decorator' retrieved from /home/airflow/.local/lib/python3.12/site-packages/airflow/example_dags/example_sensor_decorator.py
[2026-05-10T15:59:07.183+0000] {logging_mixin.py:188} INFO - [2026-05-10T15:59:07.182+0000] {dag.py:3089} INFO - Sync 1 DAGs
[2026-05-10T15:59:07.203+0000] {logging_mixin.py:188} INFO - [2026-05-10T15:59:07.202+0000] {dag.py:3947} INFO - Setting next_dagrun for example_sensor_decorator to None, run_after=None
[2026-05-10T15:59:07.232+0000] {processor.py:183} INFO - Processing /home/airflow/.local/lib/python3.12/site-packages/airflow/example_dags/example_sensor_decorator.py took 0.117 seconds
[2026-05-10T15:59:37.633+0000] {processor.py:161} INFO - Started process (PID=29014) to work on /home/airflow/.local/lib/python3.12/site-packages/airflow/example_dags/example_sensor_decorator.py
[2026-05-10T15:59:37.636+0000] {processor.py:830} INFO - Processing file /home/airflow/.local/lib/python3.12/site-packages/airflow/example_dags/example_sensor_decorator.py for tasks to queue
[2026-05-10T15:59:37.639+0000] {logging_mixin.py:188} INFO - [2026-05-10T15:59:37.638+0000] {dagbag.py:545} INFO - Filling up the DagBag from /home/airflow/.local/lib/python3.12/site-packages/airflow/example_dags/example_sensor_decorator.py
[2026-05-10T15:59:37.653+0000] {processor.py:840} INFO - DAG(s) 'example_sensor_decorator' retrieved from /home/airflow/.local/lib/python3.12/site-packages/airflow/example_dags/example_sensor_decorator.py
[2026-05-10T15:59:37.699+0000] {logging_mixin.py:188} INFO - [2026-05-10T15:59:37.697+0000] {dag.py:3089} INFO - Sync 1 DAGs
[2026-05-10T15:59:37.731+0000] {logging_mixin.py:188} INFO - [2026-05-10T15:59:37.730+0000] {dag.py:3947} INFO - Setting next_dagrun for example_sensor_decorator to None, run_after=None
[2026-05-10T15:59:37.807+0000] {processor.py:183} INFO - Processing /home/airflow/.local/lib/python3.12/site-packages/airflow/example_dags/example_sensor_decorator.py took 0.188 seconds
[2026-05-10T16:00:08.284+0000] {processor.py:161} INFO - Started process (PID=29081) to work on /home/airflow/.local/lib/python3.12/site-packages/airflow/example_dags/example_sensor_decorator.py
[2026-05-10T16:00:08.287+0000] {processor.py:830} INFO - Processing file /home/airflow/.local/lib/python3.12/site-packages/airflow/example_dags/example_sensor_decorator.py for tasks to queue
[2026-05-10T16:00:08.290+0000] {logging_mixin.py:188} INFO - [2026-05-10T16:00:08.289+0000] {dagbag.py:545} INFO - Filling up the DagBag from /home/airflow/.local/lib/python3.12/site-packages/airflow/example_dags/example_sensor_decorator.py
[2026-05-10T16:00:08.306+0000] {processor.py:840} INFO - DAG(s) 'example_sensor_decorator' retrieved from /home/airflow/.local/lib/python3.12/site-packages/airflow/example_dags/example_sensor_decorator.py
[2026-05-10T16:00:08.361+0000] {logging_mixin.py:188} INFO - [2026-05-10T16:00:08.360+0000] {dag.py:3089} INFO - Sync 1 DAGs
[2026-05-10T16:00:08.398+0000] {logging_mixin.py:188} INFO - [2026-05-10T16:00:08.398+0000] {dag.py:3947} INFO - Setting next_dagrun for example_sensor_decorator to None, run_after=None
[2026-05-10T16:00:08.445+0000] {processor.py:183} INFO - Processing /home/airflow/.local/lib/python3.12/site-packages/airflow/example_dags/example_sensor_decorator.py took 0.176 seconds
[2026-05-10T16:00:38.832+0000] {processor.py:161} INFO - Started process (PID=29149) to work on /home/airflow/.local/lib/python3.12/site-packages/airflow/example_dags/example_sensor_decorator.py
[2026-05-10T16:00:38.834+0000] {processor.py:830} INFO - Processing file /home/airflow/.local/lib/python3.12/site-packages/airflow/example_dags/example_sensor_decorator.py for tasks to queue
[2026-05-10T16:00:38.836+0000] {logging_mixin.py:188} INFO - [2026-05-10T16:00:38.835+0000] {dagbag.py:545} INFO - Filling up the DagBag from /home/airflow/.local/lib/python3.12/site-packages/airflow/example_dags/example_sensor_decorator.py
[2026-05-10T16:00:38.849+0000] {processor.py:840} INFO - DAG(s) 'example_sensor_decorator' retrieved from /home/airflow/.local/lib/python3.12/site-packages/airflow/example_dags/example_sensor_decorator.py
[2026-05-10T16:00:38.892+0000] {logging_mixin.py:188} INFO - [2026-05-10T16:00:38.891+0000] {dag.py:3089} INFO - Sync 1 DAGs
[2026-05-10T16:00:38.914+0000] {logging_mixin.py:188} INFO - [2026-05-10T16:00:38.914+0000] {dag.py:3947} INFO - Setting next_dagrun for example_sensor_decorator to None, run_after=None
[2026-05-10T16:00:38.952+0000] {processor.py:183} INFO - Processing /home/airflow/.local/lib/python3.12/site-packages/airflow/example_dags/example_sensor_decorator.py took 0.130 seconds
[2026-05-10T16:01:10.266+0000] {processor.py:161} INFO - Started process (PID=29217) to work on /home/airflow/.local/lib/python3.12/site-packages/airflow/example_dags/example_sensor_decorator.py
[2026-05-10T16:01:10.269+0000] {processor.py:830} INFO - Processing file /home/airflow/.local/lib/python3.12/site-packages/airflow/example_dags/example_sensor_decorator.py for tasks to queue
[2026-05-10T16:01:10.272+0000] {logging_mixin.py:188} INFO - [2026-05-10T16:01:10.272+0000] {dagbag.py:545} INFO - Filling up the DagBag from /home/airflow/.local/lib/python3.12/site-packages/airflow/example_dags/example_sensor_decorator.py
[2026-05-10T16:01:10.289+0000] {processor.py:840} INFO - DAG(s) 'example_sensor_decorator' retrieved from /home/airflow/.local/lib/python3.12/site-packages/airflow/example_dags/example_sensor_decorator.py
[2026-05-10T16:01:10.342+0000] {logging_mixin.py:188} INFO - [2026-05-10T16:01:10.341+0000] {dag.py:3089} INFO - Sync 1 DAGs
[2026-05-10T16:01:10.369+0000] {logging_mixin.py:188} INFO - [2026-05-10T16:01:10.368+0000] {dag.py:3947} INFO - Setting next_dagrun for example_sensor_decorator to None, run_after=None
[2026-05-10T16:01:10.447+0000] {processor.py:183} INFO - Processing /home/airflow/.local/lib/python3.12/site-packages/airflow/example_dags/example_sensor_decorator.py took 0.197 seconds
[2026-05-10T16:01:40.705+0000] {processor.py:161} INFO - Started process (PID=29292) to work on /home/airflow/.local/lib/python3.12/site-packages/airflow/example_dags/example_sensor_decorator.py
[2026-05-10T16:01:40.707+0000] {processor.py:830} INFO - Processing file /home/airflow/.local/lib/python3.12/site-packages/airflow/example_dags/example_sensor_decorator.py for tasks to queue
[2026-05-10T16:01:40.709+0000] {logging_mixin.py:188} INFO - [2026-05-10T16:01:40.708+0000] {dagbag.py:545} INFO - Filling up the DagBag from /home/airflow/.local/lib/python3.12/site-packages/airflow/example_dags/example_sensor_decorator.py
[2026-05-10T16:01:40.719+0000] {processor.py:840} INFO - DAG(s) 'example_sensor_decorator' retrieved from /home/airflow/.local/lib/python3.12/site-packages/airflow/example_dags/example_sensor_decorator.py
[2026-05-10T16:01:40.758+0000] {logging_mixin.py:188} INFO - [2026-05-10T16:01:40.757+0000] {dag.py:3089} INFO - Sync 1 DAGs
[2026-05-10T16:01:40.777+0000] {logging_mixin.py:188} INFO - [2026-05-10T16:01:40.777+0000] {dag.py:3947} INFO - Setting next_dagrun for example_sensor_decorator to None, run_after=None
[2026-05-10T16:01:40.836+0000] {processor.py:183} INFO - Processing /home/airflow/.local/lib/python3.12/site-packages/airflow/example_dags/example_sensor_decorator.py took 0.144 seconds
[2026-05-10T16:02:11.371+0000] {processor.py:161} INFO - Started process (PID=29360) to work on /home/airflow/.local/lib/python3.12/site-packages/airflow/example_dags/example_sensor_decorator.py
[2026-05-10T16:02:11.374+0000] {processor.py:830} INFO - Processing file /home/airflow/.local/lib/python3.12/site-packages/airflow/example_dags/example_sensor_decorator.py for tasks to queue
[2026-05-10T16:02:11.378+0000] {logging_mixin.py:188} INFO - [2026-05-10T16:02:11.377+0000] {dagbag.py:545} INFO - Filling up the DagBag from /home/airflow/.local/lib/python3.12/site-packages/airflow/example_dags/example_sensor_decorator.py
[2026-05-10T16:02:11.396+0000] {processor.py:840} INFO - DAG(s) 'example_sensor_decorator' retrieved from /home/airflow/.local/lib/python3.12/site-packages/airflow/example_dags/example_sensor_decorator.py
[2026-05-10T16:02:11.440+0000] {logging_mixin.py:188} INFO - [2026-05-10T16:02:11.439+0000] {dag.py:3089} INFO - Sync 1 DAGs
[2026-05-10T16:02:11.468+0000] {logging_mixin.py:188} INFO - [2026-05-10T16:02:11.467+0000] {dag.py:3947} INFO - Setting next_dagrun for example_sensor_decorator to None, run_after=None
[2026-05-10T16:02:11.519+0000] {processor.py:183} INFO - Processing /home/airflow/.local/lib/python3.12/site-packages/airflow/example_dags/example_sensor_decorator.py took 0.167 seconds
[2026-05-10T16:02:41.880+0000] {processor.py:161} INFO - Started process (PID=29428) to work on /home/airflow/.local/lib/python3.12/site-packages/airflow/example_dags/example_sensor_decorator.py
[2026-05-10T16:02:41.882+0000] {processor.py:830} INFO - Processing file /home/airflow/.local/lib/python3.12/site-packages/airflow/example_dags/example_sensor_decorator.py for tasks to queue
[2026-05-10T16:02:41.884+0000] {logging_mixin.py:188} INFO - [2026-05-10T16:02:41.883+0000] {dagbag.py:545} INFO - Filling up the DagBag from /home/airflow/.local/lib/python3.12/site-packages/airflow/example_dags/example_sensor_decorator.py
[2026-05-10T16:02:41.894+0000] {processor.py:840} INFO - DAG(s) 'example_sensor_decorator' retrieved from /home/airflow/.local/lib/python3.12/site-packages/airflow/example_dags/example_sensor_decorator.py
[2026-05-10T16:02:41.928+0000] {logging_mixin.py:188} INFO - [2026-05-10T16:02:41.927+0000] {dag.py:3089} INFO - Sync 1 DAGs
[2026-05-10T16:02:41.945+0000] {logging_mixin.py:188} INFO - [2026-05-10T16:02:41.945+0000] {dag.py:3947} INFO - Setting next_dagrun for example_sensor_decorator to None, run_after=None
[2026-05-10T16:02:42.012+0000] {processor.py:183} INFO - Processing /home/airflow/.local/lib/python3.12/site-packages/airflow/example_dags/example_sensor_decorator.py took 0.142 seconds
[2026-05-10T16:03:12.130+0000] {processor.py:161} INFO - Started process (PID=29496) to work on /home/airflow/.local/lib/python3.12/site-packages/airflow/example_dags/example_sensor_decorator.py
[2026-05-10T16:03:12.132+0000] {processor.py:830} INFO - Processing file /home/airflow/.local/lib/python3.12/site-packages/airflow/example_dags/example_sensor_decorator.py for tasks to queue
[2026-05-10T16:03:12.133+0000] {logging_mixin.py:188} INFO - [2026-05-10T16:03:12.133+0000] {dagbag.py:545} INFO - Filling up the DagBag from /home/airflow/.local/lib/python3.12/site-packages/airflow/example_dags/example_sensor_decorator.py
[2026-05-10T16:03:12.144+0000] {processor.py:840} INFO - DAG(s) 'example_sensor_decorator' retrieved from /home/airflow/.local/lib/python3.12/site-packages/airflow/example_dags/example_sensor_decorator.py
[2026-05-10T16:03:12.180+0000] {logging_mixin.py:188} INFO - [2026-05-10T16:03:12.180+0000] {dag.py:3089} INFO - Sync 1 DAGs
[2026-05-10T16:03:12.200+0000] {logging_mixin.py:188} INFO - [2026-05-10T16:03:12.200+0000] {dag.py:3947} INFO - Setting next_dagrun for example_sensor_decorator to None, run_after=None
[2026-05-10T16:03:12.262+0000] {processor.py:183} INFO - Processing /home/airflow/.local/lib/python3.12/site-packages/airflow/example_dags/example_sensor_decorator.py took 0.146 seconds
[2026-05-10T16:03:42.839+0000] {processor.py:161} INFO - Started process (PID=29563) to work on /home/airflow/.local/lib/python3.12/site-packages/airflow/example_dags/example_sensor_decorator.py
[2026-05-10T16:03:42.842+0000] {processor.py:830} INFO - Processing file /home/airflow/.local/lib/python3.12/site-packages/airflow/example_dags/example_sensor_decorator.py for tasks to queue
[2026-05-10T16:03:42.844+0000] {logging_mixin.py:188} INFO - [2026-05-10T16:03:42.843+0000] {dagbag.py:545} INFO - Filling up the DagBag from /home/airflow/.local/lib/python3.12/site-packages/airflow/example_dags/example_sensor_decorator.py
[2026-05-10T16:03:42.857+0000] {processor.py:840} INFO - DAG(s) 'example_sensor_decorator' retrieved from /home/airflow/.local/lib/python3.12/site-packages/airflow/example_dags/example_sensor_decorator.py
[2026-05-10T16:03:42.892+0000] {logging_mixin.py:188} INFO - [2026-05-10T16:03:42.891+0000] {dag.py:3089} INFO - Sync 1 DAGs
[2026-05-10T16:03:42.914+0000] {logging_mixin.py:188} INFO - [2026-05-10T16:03:42.913+0000] {dag.py:3947} INFO - Setting next_dagrun for example_sensor_decorator to None, run_after=None
[2026-05-10T16:03:42.974+0000] {processor.py:183} INFO - Processing /home/airflow/.local/lib/python3.12/site-packages/airflow/example_dags/example_sensor_decorator.py took 0.147 seconds
[2026-05-10T16:04:13.663+0000] {processor.py:161} INFO - Started process (PID=29631) to work on /home/airflow/.local/lib/python3.12/site-packages/airflow/example_dags/example_sensor_decorator.py
[2026-05-10T16:04:13.665+0000] {processor.py:830} INFO - Processing file /home/airflow/.local/lib/python3.12/site-packages/airflow/example_dags/example_sensor_decorator.py for tasks to queue
[2026-05-10T16:04:13.667+0000] {logging_mixin.py:188} INFO - [2026-05-10T16:04:13.667+0000] {dagbag.py:545} INFO - Filling up the DagBag from /home/airflow/.local/lib/python3.12/site-packages/airflow/example_dags/example_sensor_decorator.py
[2026-05-10T16:04:13.677+0000] {processor.py:840} INFO - DAG(s) 'example_sensor_decorator' retrieved from /home/airflow/.local/lib/python3.12/site-packages/airflow/example_dags/example_sensor_decorator.py
[2026-05-10T16:04:13.715+0000] {logging_mixin.py:188} INFO - [2026-05-10T16:04:13.714+0000] {dag.py:3089} INFO - Sync 1 DAGs
[2026-05-10T16:04:13.733+0000] {logging_mixin.py:188} INFO - [2026-05-10T16:04:13.733+0000] {dag.py:3947} INFO - Setting next_dagrun for example_sensor_decorator to None, run_after=None
[2026-05-10T16:04:13.795+0000] {processor.py:183} INFO - Processing /home/airflow/.local/lib/python3.12/site-packages/airflow/example_dags/example_sensor_decorator.py took 0.141 seconds
[2026-05-10T16:04:44.400+0000] {processor.py:161} INFO - Started process (PID=29706) to work on /home/airflow/.local/lib/python3.12/site-packages/airflow/example_dags/example_sensor_decorator.py
[2026-05-10T16:04:44.407+0000] {processor.py:830} INFO - Processing file /home/airflow/.local/lib/python3.12/site-packages/airflow/example_dags/example_sensor_decorator.py for tasks to queue
[2026-05-10T16:04:44.411+0000] {logging_mixin.py:188} INFO - [2026-05-10T16:04:44.410+0000] {dagbag.py:545} INFO - Filling up the DagBag from /home/airflow/.local/lib/python3.12/site-packages/airflow/example_dags/example_sensor_decorator.py
[2026-05-10T16:04:44.423+0000] {processor.py:840} INFO - DAG(s) 'example_sensor_decorator' retrieved from /home/airflow/.local/lib/python3.12/site-packages/airflow/example_dags/example_sensor_decorator.py
[2026-05-10T16:04:44.462+0000] {logging_mixin.py:188} INFO - [2026-05-10T16:04:44.461+0000] {dag.py:3089} INFO - Sync 1 DAGs
[2026-05-10T16:04:44.487+0000] {logging_mixin.py:188} INFO - [2026-05-10T16:04:44.486+0000] {dag.py:3947} INFO - Setting next_dagrun for example_sensor_decorator to None, run_after=None
[2026-05-10T16:04:44.521+0000] {processor.py:183} INFO - Processing /home/airflow/.local/lib/python3.12/site-packages/airflow/example_dags/example_sensor_decorator.py took 0.130 seconds
[2026-05-10T16:05:15.167+0000] {processor.py:161} INFO - Started process (PID=29774) to work on /home/airflow/.local/lib/python3.12/site-packages/airflow/example_dags/example_sensor_decorator.py
[2026-05-10T16:05:15.170+0000] {processor.py:830} INFO - Processing file /home/airflow/.local/lib/python3.12/site-packages/airflow/example_dags/example_sensor_decorator.py for tasks to queue
[2026-05-10T16:05:15.173+0000] {logging_mixin.py:188} INFO - [2026-05-10T16:05:15.172+0000] {dagbag.py:545} INFO - Filling up the DagBag from /home/airflow/.local/lib/python3.12/site-packages/airflow/example_dags/example_sensor_decorator.py
[2026-05-10T16:05:15.189+0000] {processor.py:840} INFO - DAG(s) 'example_sensor_decorator' retrieved from /home/airflow/.local/lib/python3.12/site-packages/airflow/example_dags/example_sensor_decorator.py
[2026-05-10T16:05:15.234+0000] {logging_mixin.py:188} INFO - [2026-05-10T16:05:15.234+0000] {dag.py:3089} INFO - Sync 1 DAGs
[2026-05-10T16:05:15.263+0000] {logging_mixin.py:188} INFO - [2026-05-10T16:05:15.263+0000] {dag.py:3947} INFO - Setting next_dagrun for example_sensor_decorator to None, run_after=None
[2026-05-10T16:05:15.339+0000] {processor.py:183} INFO - Processing /home/airflow/.local/lib/python3.12/site-packages/airflow/example_dags/example_sensor_decorator.py took 0.187 seconds
[2026-05-10T16:05:45.434+0000] {processor.py:161} INFO - Started process (PID=29842) to work on /home/airflow/.local/lib/python3.12/site-packages/airflow/example_dags/example_sensor_decorator.py
[2026-05-10T16:05:45.436+0000] {processor.py:830} INFO - Processing file /home/airflow/.local/lib/python3.12/site-packages/airflow/example_dags/example_sensor_decorator.py for tasks to queue
[2026-05-10T16:05:45.437+0000] {logging_mixin.py:188} INFO - [2026-05-10T16:05:45.437+0000] {dagbag.py:545} INFO - Filling up the DagBag from /home/airflow/.local/lib/python3.12/site-packages/airflow/example_dags/example_sensor_decorator.py
[2026-05-10T16:05:45.449+0000] {processor.py:840} INFO - DAG(s) 'example_sensor_decorator' retrieved from /home/airflow/.local/lib/python3.12/site-packages/airflow/example_dags/example_sensor_decorator.py
[2026-05-10T16:05:45.487+0000] {logging_mixin.py:188} INFO - [2026-05-10T16:05:45.487+0000] {dag.py:3089} INFO - Sync 1 DAGs
[2026-05-10T16:05:45.505+0000] {logging_mixin.py:188} INFO - [2026-05-10T16:05:45.505+0000] {dag.py:3947} INFO - Setting next_dagrun for example_sensor_decorator to None, run_after=None
[2026-05-10T16:05:45.535+0000] {processor.py:183} INFO - Processing /home/airflow/.local/lib/python3.12/site-packages/airflow/example_dags/example_sensor_decorator.py took 0.114 seconds
[2026-05-10T16:06:16.048+0000] {processor.py:161} INFO - Started process (PID=29910) to work on /home/airflow/.local/lib/python3.12/site-packages/airflow/example_dags/example_sensor_decorator.py
[2026-05-10T16:06:16.051+0000] {processor.py:830} INFO - Processing file /home/airflow/.local/lib/python3.12/site-packages/airflow/example_dags/example_sensor_decorator.py for tasks to queue
[2026-05-10T16:06:16.057+0000] {logging_mixin.py:188} INFO - [2026-05-10T16:06:16.056+0000] {dagbag.py:545} INFO - Filling up the DagBag from /home/airflow/.local/lib/python3.12/site-packages/airflow/example_dags/example_sensor_decorator.py
[2026-05-10T16:06:16.066+0000] {processor.py:840} INFO - DAG(s) 'example_sensor_decorator' retrieved from /home/airflow/.local/lib/python3.12/site-packages/airflow/example_dags/example_sensor_decorator.py
[2026-05-10T16:06:16.100+0000] {logging_mixin.py:188} INFO - [2026-05-10T16:06:16.099+0000] {dag.py:3089} INFO - Sync 1 DAGs
[2026-05-10T16:06:16.119+0000] {logging_mixin.py:188} INFO - [2026-05-10T16:06:16.119+0000] {dag.py:3947} INFO - Setting next_dagrun for example_sensor_decorator to None, run_after=None
[2026-05-10T16:06:16.157+0000] {processor.py:183} INFO - Processing /home/airflow/.local/lib/python3.12/site-packages/airflow/example_dags/example_sensor_decorator.py took 0.118 seconds
[2026-05-10T16:06:46.937+0000] {processor.py:161} INFO - Started process (PID=29978) to work on /home/airflow/.local/lib/python3.12/site-packages/airflow/example_dags/example_sensor_decorator.py
[2026-05-10T16:06:46.939+0000] {processor.py:830} INFO - Processing file /home/airflow/.local/lib/python3.12/site-packages/airflow/example_dags/example_sensor_decorator.py for tasks to queue
[2026-05-10T16:06:46.940+0000] {logging_mixin.py:188} INFO - [2026-05-10T16:06:46.940+0000] {dagbag.py:545} INFO - Filling up the DagBag from /home/airflow/.local/lib/python3.12/site-packages/airflow/example_dags/example_sensor_decorator.py
[2026-05-10T16:06:46.955+0000] {processor.py:840} INFO - DAG(s) 'example_sensor_decorator' retrieved from /home/airflow/.local/lib/python3.12/site-packages/airflow/example_dags/example_sensor_decorator.py
[2026-05-10T16:06:47.002+0000] {logging_mixin.py:188} INFO - [2026-05-10T16:06:47.001+0000] {dag.py:3089} INFO - Sync 1 DAGs
[2026-05-10T16:06:47.020+0000] {logging_mixin.py:188} INFO - [2026-05-10T16:06:47.020+0000] {dag.py:3947} INFO - Setting next_dagrun for example_sensor_decorator to None, run_after=None
[2026-05-10T16:06:47.059+0000] {processor.py:183} INFO - Processing /home/airflow/.local/lib/python3.12/site-packages/airflow/example_dags/example_sensor_decorator.py took 0.133 seconds
[2026-05-10T16:07:17.805+0000] {processor.py:161} INFO - Started process (PID=30052) to work on /home/airflow/.local/lib/python3.12/site-packages/airflow/example_dags/example_sensor_decorator.py
[2026-05-10T16:07:17.807+0000] {processor.py:830} INFO - Processing file /home/airflow/.local/lib/python3.12/site-packages/airflow/example_dags/example_sensor_decorator.py for tasks to queue
[2026-05-10T16:07:17.809+0000] {logging_mixin.py:188} INFO - [2026-05-10T16:07:17.808+0000] {dagbag.py:545} INFO - Filling up the DagBag from /home/airflow/.local/lib/python3.12/site-packages/airflow/example_dags/example_sensor_decorator.py
[2026-05-10T16:07:17.818+0000] {processor.py:840} INFO - DAG(s) 'example_sensor_decorator' retrieved from /home/airflow/.local/lib/python3.12/site-packages/airflow/example_dags/example_sensor_decorator.py
[2026-05-10T16:07:17.850+0000] {logging_mixin.py:188} INFO - [2026-05-10T16:07:17.850+0000] {dag.py:3089} INFO - Sync 1 DAGs
[2026-05-10T16:07:17.869+0000] {logging_mixin.py:188} INFO - [2026-05-10T16:07:17.868+0000] {dag.py:3947} INFO - Setting next_dagrun for example_sensor_decorator to None, run_after=None
[2026-05-10T16:07:17.929+0000] {processor.py:183} INFO - Processing /home/airflow/.local/lib/python3.12/site-packages/airflow/example_dags/example_sensor_decorator.py took 0.134 seconds
[2026-05-10T16:07:48.175+0000] {processor.py:161} INFO - Started process (PID=30120) to work on /home/airflow/.local/lib/python3.12/site-packages/airflow/example_dags/example_sensor_decorator.py
[2026-05-10T16:07:48.177+0000] {processor.py:830} INFO - Processing file /home/airflow/.local/lib/python3.12/site-packages/airflow/example_dags/example_sensor_decorator.py for tasks to queue
[2026-05-10T16:07:48.178+0000] {logging_mixin.py:188} INFO - [2026-05-10T16:07:48.177+0000] {dagbag.py:545} INFO - Filling up the DagBag from /home/airflow/.local/lib/python3.12/site-packages/airflow/example_dags/example_sensor_decorator.py
[2026-05-10T16:07:48.187+0000] {processor.py:840} INFO - DAG(s) 'example_sensor_decorator' retrieved from /home/airflow/.local/lib/python3.12/site-packages/airflow/example_dags/example_sensor_decorator.py
[2026-05-10T16:07:48.225+0000] {logging_mixin.py:188} INFO - [2026-05-10T16:07:48.225+0000] {dag.py:3089} INFO - Sync 1 DAGs
[2026-05-10T16:07:48.246+0000] {logging_mixin.py:188} INFO - [2026-05-10T16:07:48.246+0000] {dag.py:3947} INFO - Setting next_dagrun for example_sensor_decorator to None, run_after=None
[2026-05-10T16:07:48.313+0000] {processor.py:183} INFO - Processing /home/airflow/.local/lib/python3.12/site-packages/airflow/example_dags/example_sensor_decorator.py took 0.148 seconds
[2026-05-10T16:08:19.342+0000] {processor.py:161} INFO - Started process (PID=30188) to work on /home/airflow/.local/lib/python3.12/site-packages/airflow/example_dags/example_sensor_decorator.py
[2026-05-10T16:08:19.345+0000] {processor.py:830} INFO - Processing file /home/airflow/.local/lib/python3.12/site-packages/airflow/example_dags/example_sensor_decorator.py for tasks to queue
[2026-05-10T16:08:19.347+0000] {logging_mixin.py:188} INFO - [2026-05-10T16:08:19.346+0000] {dagbag.py:545} INFO - Filling up the DagBag from /home/airflow/.local/lib/python3.12/site-packages/airflow/example_dags/example_sensor_decorator.py
[2026-05-10T16:08:19.362+0000] {processor.py:840} INFO - DAG(s) 'example_sensor_decorator' retrieved from /home/airflow/.local/lib/python3.12/site-packages/airflow/example_dags/example_sensor_decorator.py
[2026-05-10T16:08:19.403+0000] {logging_mixin.py:188} INFO - [2026-05-10T16:08:19.402+0000] {dag.py:3089} INFO - Sync 1 DAGs
[2026-05-10T16:08:19.429+0000] {logging_mixin.py:188} INFO - [2026-05-10T16:08:19.428+0000] {dag.py:3947} INFO - Setting next_dagrun for example_sensor_decorator to None, run_after=None
[2026-05-10T16:08:19.491+0000] {processor.py:183} INFO - Processing /home/airflow/.local/lib/python3.12/site-packages/airflow/example_dags/example_sensor_decorator.py took 0.163 seconds
[2026-05-10T16:08:50.302+0000] {processor.py:161} INFO - Started process (PID=30256) to work on /home/airflow/.local/lib/python3.12/site-packages/airflow/example_dags/example_sensor_decorator.py
[2026-05-10T16:08:50.305+0000] {processor.py:830} INFO - Processing file /home/airflow/.local/lib/python3.12/site-packages/airflow/example_dags/example_sensor_decorator.py for tasks to queue
[2026-05-10T16:08:50.307+0000] {logging_mixin.py:188} INFO - [2026-05-10T16:08:50.306+0000] {dagbag.py:545} INFO - Filling up the DagBag from /home/airflow/.local/lib/python3.12/site-packages/airflow/example_dags/example_sensor_decorator.py
[2026-05-10T16:08:50.317+0000] {processor.py:840} INFO - DAG(s) 'example_sensor_decorator' retrieved from /home/airflow/.local/lib/python3.12/site-packages/airflow/example_dags/example_sensor_decorator.py
[2026-05-10T16:08:50.352+0000] {logging_mixin.py:188} INFO - [2026-05-10T16:08:50.351+0000] {dag.py:3089} INFO - Sync 1 DAGs
[2026-05-10T16:08:50.370+0000] {logging_mixin.py:188} INFO - [2026-05-10T16:08:50.370+0000] {dag.py:3947} INFO - Setting next_dagrun for example_sensor_decorator to None, run_after=None
[2026-05-10T16:08:50.429+0000] {processor.py:183} INFO - Processing /home/airflow/.local/lib/python3.12/site-packages/airflow/example_dags/example_sensor_decorator.py took 0.135 seconds
[2026-05-10T16:09:20.928+0000] {processor.py:161} INFO - Started process (PID=30324) to work on /home/airflow/.local/lib/python3.12/site-packages/airflow/example_dags/example_sensor_decorator.py
[2026-05-10T16:09:20.930+0000] {processor.py:830} INFO - Processing file /home/airflow/.local/lib/python3.12/site-packages/airflow/example_dags/example_sensor_decorator.py for tasks to queue
[2026-05-10T16:09:20.932+0000] {logging_mixin.py:188} INFO - [2026-05-10T16:09:20.932+0000] {dagbag.py:545} INFO - Filling up the DagBag from /home/airflow/.local/lib/python3.12/site-packages/airflow/example_dags/example_sensor_decorator.py
[2026-05-10T16:09:20.948+0000] {processor.py:840} INFO - DAG(s) 'example_sensor_decorator' retrieved from /home/airflow/.local/lib/python3.12/site-packages/airflow/example_dags/example_sensor_decorator.py
[2026-05-10T16:09:20.985+0000] {logging_mixin.py:188} INFO - [2026-05-10T16:09:20.985+0000] {dag.py:3089} INFO - Sync 1 DAGs
[2026-05-10T16:09:21.005+0000] {logging_mixin.py:188} INFO - [2026-05-10T16:09:21.004+0000] {dag.py:3947} INFO - Setting next_dagrun for example_sensor_decorator to None, run_after=None
[2026-05-10T16:09:21.072+0000] {processor.py:183} INFO - Processing /home/airflow/.local/lib/python3.12/site-packages/airflow/example_dags/example_sensor_decorator.py took 0.158 seconds
[2026-05-10T16:09:51.557+0000] {processor.py:161} INFO - Started process (PID=30391) to work on /home/airflow/.local/lib/python3.12/site-packages/airflow/example_dags/example_sensor_decorator.py
[2026-05-10T16:09:51.560+0000] {processor.py:830} INFO - Processing file /home/airflow/.local/lib/python3.12/site-packages/airflow/example_dags/example_sensor_decorator.py for tasks to queue
[2026-05-10T16:09:51.562+0000] {logging_mixin.py:188} INFO - [2026-05-10T16:09:51.561+0000] {dagbag.py:545} INFO - Filling up the DagBag from /home/airflow/.local/lib/python3.12/site-packages/airflow/example_dags/example_sensor_decorator.py
[2026-05-10T16:09:51.576+0000] {processor.py:840} INFO - DAG(s) 'example_sensor_decorator' retrieved from /home/airflow/.local/lib/python3.12/site-packages/airflow/example_dags/example_sensor_decorator.py
[2026-05-10T16:09:51.621+0000] {logging_mixin.py:188} INFO - [2026-05-10T16:09:51.620+0000] {dag.py:3089} INFO - Sync 1 DAGs
[2026-05-10T16:09:51.647+0000] {logging_mixin.py:188} INFO - [2026-05-10T16:09:51.647+0000] {dag.py:3947} INFO - Setting next_dagrun for example_sensor_decorator to None, run_after=None
[2026-05-10T16:09:51.755+0000] {processor.py:183} INFO - Processing /home/airflow/.local/lib/python3.12/site-packages/airflow/example_dags/example_sensor_decorator.py took 0.212 seconds
[2026-05-10T16:10:21.921+0000] {processor.py:161} INFO - Started process (PID=30466) to work on /home/airflow/.local/lib/python3.12/site-packages/airflow/example_dags/example_sensor_decorator.py
[2026-05-10T16:10:21.923+0000] {processor.py:830} INFO - Processing file /home/airflow/.local/lib/python3.12/site-packages/airflow/example_dags/example_sensor_decorator.py for tasks to queue
[2026-05-10T16:10:21.925+0000] {logging_mixin.py:188} INFO - [2026-05-10T16:10:21.925+0000] {dagbag.py:545} INFO - Filling up the DagBag from /home/airflow/.local/lib/python3.12/site-packages/airflow/example_dags/example_sensor_decorator.py
[2026-05-10T16:10:21.935+0000] {processor.py:840} INFO - DAG(s) 'example_sensor_decorator' retrieved from /home/airflow/.local/lib/python3.12/site-packages/airflow/example_dags/example_sensor_decorator.py
[2026-05-10T16:10:21.970+0000] {logging_mixin.py:188} INFO - [2026-05-10T16:10:21.970+0000] {dag.py:3089} INFO - Sync 1 DAGs
[2026-05-10T16:10:21.991+0000] {logging_mixin.py:188} INFO - [2026-05-10T16:10:21.990+0000] {dag.py:3947} INFO - Setting next_dagrun for example_sensor_decorator to None, run_after=None
[2026-05-10T16:10:22.133+0000] {processor.py:183} INFO - Processing /home/airflow/.local/lib/python3.12/site-packages/airflow/example_dags/example_sensor_decorator.py took 0.221 seconds
[2026-05-10T16:10:52.657+0000] {processor.py:161} INFO - Started process (PID=30532) to work on /home/airflow/.local/lib/python3.12/site-packages/airflow/example_dags/example_sensor_decorator.py
[2026-05-10T16:10:52.659+0000] {processor.py:830} INFO - Processing file /home/airflow/.local/lib/python3.12/site-packages/airflow/example_dags/example_sensor_decorator.py for tasks to queue
[2026-05-10T16:10:52.662+0000] {logging_mixin.py:188} INFO - [2026-05-10T16:10:52.661+0000] {dagbag.py:545} INFO - Filling up the DagBag from /home/airflow/.local/lib/python3.12/site-packages/airflow/example_dags/example_sensor_decorator.py
[2026-05-10T16:10:52.677+0000] {processor.py:840} INFO - DAG(s) 'example_sensor_decorator' retrieved from /home/airflow/.local/lib/python3.12/site-packages/airflow/example_dags/example_sensor_decorator.py
[2026-05-10T16:10:52.724+0000] {logging_mixin.py:188} INFO - [2026-05-10T16:10:52.723+0000] {dag.py:3089} INFO - Sync 1 DAGs
[2026-05-10T16:10:52.748+0000] {logging_mixin.py:188} INFO - [2026-05-10T16:10:52.747+0000] {dag.py:3947} INFO - Setting next_dagrun for example_sensor_decorator to None, run_after=None
[2026-05-10T16:10:52.812+0000] {processor.py:183} INFO - Processing /home/airflow/.local/lib/python3.12/site-packages/airflow/example_dags/example_sensor_decorator.py took 0.165 seconds
[2026-05-10T16:11:23.659+0000] {processor.py:161} INFO - Started process (PID=30600) to work on /home/airflow/.local/lib/python3.12/site-packages/airflow/example_dags/example_sensor_decorator.py
[2026-05-10T16:11:23.662+0000] {processor.py:830} INFO - Processing file /home/airflow/.local/lib/python3.12/site-packages/airflow/example_dags/example_sensor_decorator.py for tasks to queue
[2026-05-10T16:11:23.664+0000] {logging_mixin.py:188} INFO - [2026-05-10T16:11:23.663+0000] {dagbag.py:545} INFO - Filling up the DagBag from /home/airflow/.local/lib/python3.12/site-packages/airflow/example_dags/example_sensor_decorator.py
[2026-05-10T16:11:23.673+0000] {processor.py:840} INFO - DAG(s) 'example_sensor_decorator' retrieved from /home/airflow/.local/lib/python3.12/site-packages/airflow/example_dags/example_sensor_decorator.py
[2026-05-10T16:11:23.710+0000] {logging_mixin.py:188} INFO - [2026-05-10T16:11:23.710+0000] {dag.py:3089} INFO - Sync 1 DAGs
[2026-05-10T16:11:23.735+0000] {logging_mixin.py:188} INFO - [2026-05-10T16:11:23.735+0000] {dag.py:3947} INFO - Setting next_dagrun for example_sensor_decorator to None, run_after=None
[2026-05-10T16:11:23.781+0000] {processor.py:183} INFO - Processing /home/airflow/.local/lib/python3.12/site-packages/airflow/example_dags/example_sensor_decorator.py took 0.134 seconds
[2026-05-10T16:11:54.330+0000] {processor.py:161} INFO - Started process (PID=30668) to work on /home/airflow/.local/lib/python3.12/site-packages/airflow/example_dags/example_sensor_decorator.py
[2026-05-10T16:11:54.333+0000] {processor.py:830} INFO - Processing file /home/airflow/.local/lib/python3.12/site-packages/airflow/example_dags/example_sensor_decorator.py for tasks to queue
[2026-05-10T16:11:54.335+0000] {logging_mixin.py:188} INFO - [2026-05-10T16:11:54.335+0000] {dagbag.py:545} INFO - Filling up the DagBag from /home/airflow/.local/lib/python3.12/site-packages/airflow/example_dags/example_sensor_decorator.py
[2026-05-10T16:11:54.349+0000] {processor.py:840} INFO - DAG(s) 'example_sensor_decorator' retrieved from /home/airflow/.local/lib/python3.12/site-packages/airflow/example_dags/example_sensor_decorator.py
[2026-05-10T16:11:54.387+0000] {logging_mixin.py:188} INFO - [2026-05-10T16:11:54.386+0000] {dag.py:3089} INFO - Sync 1 DAGs
[2026-05-10T16:11:54.405+0000] {logging_mixin.py:188} INFO - [2026-05-10T16:11:54.405+0000] {dag.py:3947} INFO - Setting next_dagrun for example_sensor_decorator to None, run_after=None
[2026-05-10T16:11:54.447+0000] {processor.py:183} INFO - Processing /home/airflow/.local/lib/python3.12/site-packages/airflow/example_dags/example_sensor_decorator.py took 0.130 seconds
[2026-05-10T16:12:24.958+0000] {processor.py:161} INFO - Started process (PID=30737) to work on /home/airflow/.local/lib/python3.12/site-packages/airflow/example_dags/example_sensor_decorator.py
[2026-05-10T16:12:24.959+0000] {processor.py:830} INFO - Processing file /home/airflow/.local/lib/python3.12/site-packages/airflow/example_dags/example_sensor_decorator.py for tasks to queue
[2026-05-10T16:12:24.961+0000] {logging_mixin.py:188} INFO - [2026-05-10T16:12:24.960+0000] {dagbag.py:545} INFO - Filling up the DagBag from /home/airflow/.local/lib/python3.12/site-packages/airflow/example_dags/example_sensor_decorator.py
[2026-05-10T16:12:24.970+0000] {processor.py:840} INFO - DAG(s) 'example_sensor_decorator' retrieved from /home/airflow/.local/lib/python3.12/site-packages/airflow/example_dags/example_sensor_decorator.py
[2026-05-10T16:12:25.009+0000] {logging_mixin.py:188} INFO - [2026-05-10T16:12:25.009+0000] {dag.py:3089} INFO - Sync 1 DAGs
[2026-05-10T16:12:25.028+0000] {logging_mixin.py:188} INFO - [2026-05-10T16:12:25.027+0000] {dag.py:3947} INFO - Setting next_dagrun for example_sensor_decorator to None, run_after=None
[2026-05-10T16:12:25.080+0000] {processor.py:183} INFO - Processing /home/airflow/.local/lib/python3.12/site-packages/airflow/example_dags/example_sensor_decorator.py took 0.134 seconds
[2026-05-10T16:12:56.381+0000] {processor.py:161} INFO - Started process (PID=30811) to work on /home/airflow/.local/lib/python3.12/site-packages/airflow/example_dags/example_sensor_decorator.py
[2026-05-10T16:12:56.384+0000] {processor.py:830} INFO - Processing file /home/airflow/.local/lib/python3.12/site-packages/airflow/example_dags/example_sensor_decorator.py for tasks to queue
[2026-05-10T16:12:56.386+0000] {logging_mixin.py:188} INFO - [2026-05-10T16:12:56.386+0000] {dagbag.py:545} INFO - Filling up the DagBag from /home/airflow/.local/lib/python3.12/site-packages/airflow/example_dags/example_sensor_decorator.py
[2026-05-10T16:12:56.398+0000] {processor.py:840} INFO - DAG(s) 'example_sensor_decorator' retrieved from /home/airflow/.local/lib/python3.12/site-packages/airflow/example_dags/example_sensor_decorator.py
[2026-05-10T16:12:56.431+0000] {logging_mixin.py:188} INFO - [2026-05-10T16:12:56.430+0000] {dag.py:3089} INFO - Sync 1 DAGs
[2026-05-10T16:12:56.453+0000] {logging_mixin.py:188} INFO - [2026-05-10T16:12:56.452+0000] {dag.py:3947} INFO - Setting next_dagrun for example_sensor_decorator to None, run_after=None
[2026-05-10T16:12:56.519+0000] {processor.py:183} INFO - Processing /home/airflow/.local/lib/python3.12/site-packages/airflow/example_dags/example_sensor_decorator.py took 0.152 seconds
[2026-05-10T16:13:27.358+0000] {processor.py:161} INFO - Started process (PID=30880) to work on /home/airflow/.local/lib/python3.12/site-packages/airflow/example_dags/example_sensor_decorator.py
[2026-05-10T16:13:27.360+0000] {processor.py:830} INFO - Processing file /home/airflow/.local/lib/python3.12/site-packages/airflow/example_dags/example_sensor_decorator.py for tasks to queue
[2026-05-10T16:13:27.362+0000] {logging_mixin.py:188} INFO - [2026-05-10T16:13:27.362+0000] {dagbag.py:545} INFO - Filling up the DagBag from /home/airflow/.local/lib/python3.12/site-packages/airflow/example_dags/example_sensor_decorator.py
[2026-05-10T16:13:27.376+0000] {processor.py:840} INFO - DAG(s) 'example_sensor_decorator' retrieved from /home/airflow/.local/lib/python3.12/site-packages/airflow/example_dags/example_sensor_decorator.py
[2026-05-10T16:13:27.415+0000] {logging_mixin.py:188} INFO - [2026-05-10T16:13:27.415+0000] {dag.py:3089} INFO - Sync 1 DAGs
[2026-05-10T16:13:27.437+0000] {logging_mixin.py:188} INFO - [2026-05-10T16:13:27.436+0000] {dag.py:3947} INFO - Setting next_dagrun for example_sensor_decorator to None, run_after=None
[2026-05-10T16:13:27.473+0000] {processor.py:183} INFO - Processing /home/airflow/.local/lib/python3.12/site-packages/airflow/example_dags/example_sensor_decorator.py took 0.131 seconds
[2026-05-10T16:13:57.825+0000] {processor.py:161} INFO - Started process (PID=30947) to work on /home/airflow/.local/lib/python3.12/site-packages/airflow/example_dags/example_sensor_decorator.py
[2026-05-10T16:13:57.827+0000] {processor.py:830} INFO - Processing file /home/airflow/.local/lib/python3.12/site-packages/airflow/example_dags/example_sensor_decorator.py for tasks to queue
[2026-05-10T16:13:57.830+0000] {logging_mixin.py:188} INFO - [2026-05-10T16:13:57.829+0000] {dagbag.py:545} INFO - Filling up the DagBag from /home/airflow/.local/lib/python3.12/site-packages/airflow/example_dags/example_sensor_decorator.py
[2026-05-10T16:13:57.842+0000] {processor.py:840} INFO - DAG(s) 'example_sensor_decorator' retrieved from /home/airflow/.local/lib/python3.12/site-packages/airflow/example_dags/example_sensor_decorator.py
[2026-05-10T16:13:57.877+0000] {logging_mixin.py:188} INFO - [2026-05-10T16:13:57.876+0000] {dag.py:3089} INFO - Sync 1 DAGs
[2026-05-10T16:13:57.902+0000] {logging_mixin.py:188} INFO - [2026-05-10T16:13:57.901+0000] {dag.py:3947} INFO - Setting next_dagrun for example_sensor_decorator to None, run_after=None
[2026-05-10T16:13:57.937+0000] {processor.py:183} INFO - Processing /home/airflow/.local/lib/python3.12/site-packages/airflow/example_dags/example_sensor_decorator.py took 0.121 seconds
[2026-05-10T16:14:28.521+0000] {processor.py:161} INFO - Started process (PID=31015) to work on /home/airflow/.local/lib/python3.12/site-packages/airflow/example_dags/example_sensor_decorator.py
[2026-05-10T16:14:28.523+0000] {processor.py:830} INFO - Processing file /home/airflow/.local/lib/python3.12/site-packages/airflow/example_dags/example_sensor_decorator.py for tasks to queue
[2026-05-10T16:14:28.525+0000] {logging_mixin.py:188} INFO - [2026-05-10T16:14:28.524+0000] {dagbag.py:545} INFO - Filling up the DagBag from /home/airflow/.local/lib/python3.12/site-packages/airflow/example_dags/example_sensor_decorator.py
[2026-05-10T16:14:28.539+0000] {processor.py:840} INFO - DAG(s) 'example_sensor_decorator' retrieved from /home/airflow/.local/lib/python3.12/site-packages/airflow/example_dags/example_sensor_decorator.py
[2026-05-10T16:14:28.577+0000] {logging_mixin.py:188} INFO - [2026-05-10T16:14:28.577+0000] {dag.py:3089} INFO - Sync 1 DAGs
[2026-05-10T16:14:28.597+0000] {logging_mixin.py:188} INFO - [2026-05-10T16:14:28.596+0000] {dag.py:3947} INFO - Setting next_dagrun for example_sensor_decorator to None, run_after=None
[2026-05-10T16:14:28.776+0000] {processor.py:183} INFO - Processing /home/airflow/.local/lib/python3.12/site-packages/airflow/example_dags/example_sensor_decorator.py took 0.265 seconds
[2026-05-10T16:14:59.005+0000] {processor.py:161} INFO - Started process (PID=31082) to work on /home/airflow/.local/lib/python3.12/site-packages/airflow/example_dags/example_sensor_decorator.py
[2026-05-10T16:14:59.007+0000] {processor.py:830} INFO - Processing file /home/airflow/.local/lib/python3.12/site-packages/airflow/example_dags/example_sensor_decorator.py for tasks to queue
[2026-05-10T16:14:59.010+0000] {logging_mixin.py:188} INFO - [2026-05-10T16:14:59.009+0000] {dagbag.py:545} INFO - Filling up the DagBag from /home/airflow/.local/lib/python3.12/site-packages/airflow/example_dags/example_sensor_decorator.py
[2026-05-10T16:14:59.020+0000] {processor.py:840} INFO - DAG(s) 'example_sensor_decorator' retrieved from /home/airflow/.local/lib/python3.12/site-packages/airflow/example_dags/example_sensor_decorator.py
[2026-05-10T16:14:59.060+0000] {logging_mixin.py:188} INFO - [2026-05-10T16:14:59.060+0000] {dag.py:3089} INFO - Sync 1 DAGs
[2026-05-10T16:14:59.078+0000] {logging_mixin.py:188} INFO - [2026-05-10T16:14:59.078+0000] {dag.py:3947} INFO - Setting next_dagrun for example_sensor_decorator to None, run_after=None
[2026-05-10T16:14:59.145+0000] {processor.py:183} INFO - Processing /home/airflow/.local/lib/python3.12/site-packages/airflow/example_dags/example_sensor_decorator.py took 0.150 seconds
[2026-05-10T16:15:29.714+0000] {processor.py:161} INFO - Started process (PID=31150) to work on /home/airflow/.local/lib/python3.12/site-packages/airflow/example_dags/example_sensor_decorator.py
[2026-05-10T16:15:29.718+0000] {processor.py:830} INFO - Processing file /home/airflow/.local/lib/python3.12/site-packages/airflow/example_dags/example_sensor_decorator.py for tasks to queue
[2026-05-10T16:15:29.720+0000] {logging_mixin.py:188} INFO - [2026-05-10T16:15:29.719+0000] {dagbag.py:545} INFO - Filling up the DagBag from /home/airflow/.local/lib/python3.12/site-packages/airflow/example_dags/example_sensor_decorator.py
[2026-05-10T16:15:29.734+0000] {processor.py:840} INFO - DAG(s) 'example_sensor_decorator' retrieved from /home/airflow/.local/lib/python3.12/site-packages/airflow/example_dags/example_sensor_decorator.py
[2026-05-10T16:15:29.776+0000] {logging_mixin.py:188} INFO - [2026-05-10T16:15:29.775+0000] {dag.py:3089} INFO - Sync 1 DAGs
[2026-05-10T16:15:29.796+0000] {logging_mixin.py:188} INFO - [2026-05-10T16:15:29.795+0000] {dag.py:3947} INFO - Setting next_dagrun for example_sensor_decorator to None, run_after=None
[2026-05-10T16:15:29.837+0000] {processor.py:183} INFO - Processing /home/airflow/.local/lib/python3.12/site-packages/airflow/example_dags/example_sensor_decorator.py took 0.140 seconds
[2026-05-10T16:16:00.440+0000] {processor.py:161} INFO - Started process (PID=31218) to work on /home/airflow/.local/lib/python3.12/site-packages/airflow/example_dags/example_sensor_decorator.py
[2026-05-10T16:16:00.442+0000] {processor.py:830} INFO - Processing file /home/airflow/.local/lib/python3.12/site-packages/airflow/example_dags/example_sensor_decorator.py for tasks to queue
[2026-05-10T16:16:00.444+0000] {logging_mixin.py:188} INFO - [2026-05-10T16:16:00.443+0000] {dagbag.py:545} INFO - Filling up the DagBag from /home/airflow/.local/lib/python3.12/site-packages/airflow/example_dags/example_sensor_decorator.py
[2026-05-10T16:16:00.457+0000] {processor.py:840} INFO - DAG(s) 'example_sensor_decorator' retrieved from /home/airflow/.local/lib/python3.12/site-packages/airflow/example_dags/example_sensor_decorator.py
[2026-05-10T16:16:00.498+0000] {logging_mixin.py:188} INFO - [2026-05-10T16:16:00.498+0000] {dag.py:3089} INFO - Sync 1 DAGs
[2026-05-10T16:16:00.518+0000] {logging_mixin.py:188} INFO - [2026-05-10T16:16:00.517+0000] {dag.py:3947} INFO - Setting next_dagrun for example_sensor_decorator to None, run_after=None
[2026-05-10T16:16:00.579+0000] {processor.py:183} INFO - Processing /home/airflow/.local/lib/python3.12/site-packages/airflow/example_dags/example_sensor_decorator.py took 0.149 seconds
[2026-05-10T16:16:30.974+0000] {processor.py:161} INFO - Started process (PID=31293) to work on /home/airflow/.local/lib/python3.12/site-packages/airflow/example_dags/example_sensor_decorator.py
[2026-05-10T16:16:30.977+0000] {processor.py:830} INFO - Processing file /home/airflow/.local/lib/python3.12/site-packages/airflow/example_dags/example_sensor_decorator.py for tasks to queue
[2026-05-10T16:16:30.979+0000] {logging_mixin.py:188} INFO - [2026-05-10T16:16:30.978+0000] {dagbag.py:545} INFO - Filling up the DagBag from /home/airflow/.local/lib/python3.12/site-packages/airflow/example_dags/example_sensor_decorator.py
[2026-05-10T16:16:30.995+0000] {processor.py:840} INFO - DAG(s) 'example_sensor_decorator' retrieved from /home/airflow/.local/lib/python3.12/site-packages/airflow/example_dags/example_sensor_decorator.py
[2026-05-10T16:16:31.040+0000] {logging_mixin.py:188} INFO - [2026-05-10T16:16:31.040+0000] {dag.py:3089} INFO - Sync 1 DAGs
[2026-05-10T16:16:31.068+0000] {logging_mixin.py:188} INFO - [2026-05-10T16:16:31.068+0000] {dag.py:3947} INFO - Setting next_dagrun for example_sensor_decorator to None, run_after=None
[2026-05-10T16:16:31.105+0000] {processor.py:183} INFO - Processing /home/airflow/.local/lib/python3.12/site-packages/airflow/example_dags/example_sensor_decorator.py took 0.147 seconds
[2026-05-10T16:17:01.721+0000] {processor.py:161} INFO - Started process (PID=31361) to work on /home/airflow/.local/lib/python3.12/site-packages/airflow/example_dags/example_sensor_decorator.py
[2026-05-10T16:17:01.724+0000] {processor.py:830} INFO - Processing file /home/airflow/.local/lib/python3.12/site-packages/airflow/example_dags/example_sensor_decorator.py for tasks to queue
[2026-05-10T16:17:01.731+0000] {logging_mixin.py:188} INFO - [2026-05-10T16:17:01.727+0000] {dagbag.py:545} INFO - Filling up the DagBag from /home/airflow/.local/lib/python3.12/site-packages/airflow/example_dags/example_sensor_decorator.py
[2026-05-10T16:17:01.752+0000] {processor.py:840} INFO - DAG(s) 'example_sensor_decorator' retrieved from /home/airflow/.local/lib/python3.12/site-packages/airflow/example_dags/example_sensor_decorator.py
[2026-05-10T16:17:01.800+0000] {logging_mixin.py:188} INFO - [2026-05-10T16:17:01.800+0000] {dag.py:3089} INFO - Sync 1 DAGs
[2026-05-10T16:17:01.823+0000] {logging_mixin.py:188} INFO - [2026-05-10T16:17:01.822+0000] {dag.py:3947} INFO - Setting next_dagrun for example_sensor_decorator to None, run_after=None
[2026-05-10T16:17:01.867+0000] {processor.py:183} INFO - Processing /home/airflow/.local/lib/python3.12/site-packages/airflow/example_dags/example_sensor_decorator.py took 0.156 seconds
[2026-05-10T16:17:32.133+0000] {processor.py:161} INFO - Started process (PID=31429) to work on /home/airflow/.local/lib/python3.12/site-packages/airflow/example_dags/example_sensor_decorator.py
[2026-05-10T16:17:32.136+0000] {processor.py:830} INFO - Processing file /home/airflow/.local/lib/python3.12/site-packages/airflow/example_dags/example_sensor_decorator.py for tasks to queue
[2026-05-10T16:17:32.138+0000] {logging_mixin.py:188} INFO - [2026-05-10T16:17:32.138+0000] {dagbag.py:545} INFO - Filling up the DagBag from /home/airflow/.local/lib/python3.12/site-packages/airflow/example_dags/example_sensor_decorator.py
[2026-05-10T16:17:32.149+0000] {processor.py:840} INFO - DAG(s) 'example_sensor_decorator' retrieved from /home/airflow/.local/lib/python3.12/site-packages/airflow/example_dags/example_sensor_decorator.py
[2026-05-10T16:17:32.190+0000] {logging_mixin.py:188} INFO - [2026-05-10T16:17:32.190+0000] {dag.py:3089} INFO - Sync 1 DAGs
[2026-05-10T16:17:32.210+0000] {logging_mixin.py:188} INFO - [2026-05-10T16:17:32.210+0000] {dag.py:3947} INFO - Setting next_dagrun for example_sensor_decorator to None, run_after=None
[2026-05-10T16:17:32.275+0000] {processor.py:183} INFO - Processing /home/airflow/.local/lib/python3.12/site-packages/airflow/example_dags/example_sensor_decorator.py took 0.150 seconds
[2026-05-10T16:18:02.416+0000] {processor.py:161} INFO - Started process (PID=31497) to work on /home/airflow/.local/lib/python3.12/site-packages/airflow/example_dags/example_sensor_decorator.py
[2026-05-10T16:18:02.430+0000] {processor.py:830} INFO - Processing file /home/airflow/.local/lib/python3.12/site-packages/airflow/example_dags/example_sensor_decorator.py for tasks to queue
[2026-05-10T16:18:02.432+0000] {logging_mixin.py:188} INFO - [2026-05-10T16:18:02.431+0000] {dagbag.py:545} INFO - Filling up the DagBag from /home/airflow/.local/lib/python3.12/site-packages/airflow/example_dags/example_sensor_decorator.py
[2026-05-10T16:18:02.445+0000] {processor.py:840} INFO - DAG(s) 'example_sensor_decorator' retrieved from /home/airflow/.local/lib/python3.12/site-packages/airflow/example_dags/example_sensor_decorator.py
[2026-05-10T16:18:02.483+0000] {logging_mixin.py:188} INFO - [2026-05-10T16:18:02.482+0000] {dag.py:3089} INFO - Sync 1 DAGs
[2026-05-10T16:18:02.501+0000] {logging_mixin.py:188} INFO - [2026-05-10T16:18:02.501+0000] {dag.py:3947} INFO - Setting next_dagrun for example_sensor_decorator to None, run_after=None
[2026-05-10T16:18:02.559+0000] {processor.py:183} INFO - Processing /home/airflow/.local/lib/python3.12/site-packages/airflow/example_dags/example_sensor_decorator.py took 0.153 seconds
[2026-05-10T16:18:32.887+0000] {processor.py:161} INFO - Started process (PID=31564) to work on /home/airflow/.local/lib/python3.12/site-packages/airflow/example_dags/example_sensor_decorator.py
[2026-05-10T16:18:32.890+0000] {processor.py:830} INFO - Processing file /home/airflow/.local/lib/python3.12/site-packages/airflow/example_dags/example_sensor_decorator.py for tasks to queue
[2026-05-10T16:18:32.893+0000] {logging_mixin.py:188} INFO - [2026-05-10T16:18:32.892+0000] {dagbag.py:545} INFO - Filling up the DagBag from /home/airflow/.local/lib/python3.12/site-packages/airflow/example_dags/example_sensor_decorator.py
[2026-05-10T16:18:32.906+0000] {processor.py:840} INFO - DAG(s) 'example_sensor_decorator' retrieved from /home/airflow/.local/lib/python3.12/site-packages/airflow/example_dags/example_sensor_decorator.py
[2026-05-10T16:18:32.944+0000] {logging_mixin.py:188} INFO - [2026-05-10T16:18:32.944+0000] {dag.py:3089} INFO - Sync 1 DAGs
[2026-05-10T16:18:32.967+0000] {logging_mixin.py:188} INFO - [2026-05-10T16:18:32.966+0000] {dag.py:3947} INFO - Setting next_dagrun for example_sensor_decorator to None, run_after=None
[2026-05-10T16:18:33.028+0000] {processor.py:183} INFO - Processing /home/airflow/.local/lib/python3.12/site-packages/airflow/example_dags/example_sensor_decorator.py took 0.153 seconds
[2026-05-10T16:19:03.287+0000] {processor.py:161} INFO - Started process (PID=31639) to work on /home/airflow/.local/lib/python3.12/site-packages/airflow/example_dags/example_sensor_decorator.py
[2026-05-10T16:19:03.289+0000] {processor.py:830} INFO - Processing file /home/airflow/.local/lib/python3.12/site-packages/airflow/example_dags/example_sensor_decorator.py for tasks to queue
[2026-05-10T16:19:03.291+0000] {logging_mixin.py:188} INFO - [2026-05-10T16:19:03.290+0000] {dagbag.py:545} INFO - Filling up the DagBag from /home/airflow/.local/lib/python3.12/site-packages/airflow/example_dags/example_sensor_decorator.py
[2026-05-10T16:19:03.301+0000] {processor.py:840} INFO - DAG(s) 'example_sensor_decorator' retrieved from /home/airflow/.local/lib/python3.12/site-packages/airflow/example_dags/example_sensor_decorator.py
[2026-05-10T16:19:03.339+0000] {logging_mixin.py:188} INFO - [2026-05-10T16:19:03.338+0000] {dag.py:3089} INFO - Sync 1 DAGs
[2026-05-10T16:19:03.358+0000] {logging_mixin.py:188} INFO - [2026-05-10T16:19:03.357+0000] {dag.py:3947} INFO - Setting next_dagrun for example_sensor_decorator to None, run_after=None
[2026-05-10T16:19:03.420+0000] {processor.py:183} INFO - Processing /home/airflow/.local/lib/python3.12/site-packages/airflow/example_dags/example_sensor_decorator.py took 0.141 seconds
[2026-05-10T16:19:33.867+0000] {processor.py:161} INFO - Started process (PID=31707) to work on /home/airflow/.local/lib/python3.12/site-packages/airflow/example_dags/example_sensor_decorator.py
[2026-05-10T16:19:33.871+0000] {processor.py:830} INFO - Processing file /home/airflow/.local/lib/python3.12/site-packages/airflow/example_dags/example_sensor_decorator.py for tasks to queue
[2026-05-10T16:19:33.873+0000] {logging_mixin.py:188} INFO - [2026-05-10T16:19:33.873+0000] {dagbag.py:545} INFO - Filling up the DagBag from /home/airflow/.local/lib/python3.12/site-packages/airflow/example_dags/example_sensor_decorator.py
[2026-05-10T16:19:33.886+0000] {processor.py:840} INFO - DAG(s) 'example_sensor_decorator' retrieved from /home/airflow/.local/lib/python3.12/site-packages/airflow/example_dags/example_sensor_decorator.py
[2026-05-10T16:19:33.931+0000] {logging_mixin.py:188} INFO - [2026-05-10T16:19:33.931+0000] {dag.py:3089} INFO - Sync 1 DAGs
[2026-05-10T16:19:33.965+0000] {logging_mixin.py:188} INFO - [2026-05-10T16:19:33.964+0000] {dag.py:3947} INFO - Setting next_dagrun for example_sensor_decorator to None, run_after=None
[2026-05-10T16:19:34.011+0000] {processor.py:183} INFO - Processing /home/airflow/.local/lib/python3.12/site-packages/airflow/example_dags/example_sensor_decorator.py took 0.156 seconds
[2026-05-10T16:20:04.359+0000] {processor.py:161} INFO - Started process (PID=31776) to work on /home/airflow/.local/lib/python3.12/site-packages/airflow/example_dags/example_sensor_decorator.py
[2026-05-10T16:20:04.361+0000] {processor.py:830} INFO - Processing file /home/airflow/.local/lib/python3.12/site-packages/airflow/example_dags/example_sensor_decorator.py for tasks to queue
[2026-05-10T16:20:04.365+0000] {logging_mixin.py:188} INFO - [2026-05-10T16:20:04.365+0000] {dagbag.py:545} INFO - Filling up the DagBag from /home/airflow/.local/lib/python3.12/site-packages/airflow/example_dags/example_sensor_decorator.py
[2026-05-10T16:20:04.378+0000] {processor.py:840} INFO - DAG(s) 'example_sensor_decorator' retrieved from /home/airflow/.local/lib/python3.12/site-packages/airflow/example_dags/example_sensor_decorator.py
[2026-05-10T16:20:04.416+0000] {logging_mixin.py:188} INFO - [2026-05-10T16:20:04.416+0000] {dag.py:3089} INFO - Sync 1 DAGs
[2026-05-10T16:20:04.440+0000] {logging_mixin.py:188} INFO - [2026-05-10T16:20:04.440+0000] {dag.py:3947} INFO - Setting next_dagrun for example_sensor_decorator to None, run_after=None
[2026-05-10T16:20:04.507+0000] {processor.py:183} INFO - Processing /home/airflow/.local/lib/python3.12/site-packages/airflow/example_dags/example_sensor_decorator.py took 0.162 seconds
[2026-05-10T16:20:34.771+0000] {processor.py:161} INFO - Started process (PID=31844) to work on /home/airflow/.local/lib/python3.12/site-packages/airflow/example_dags/example_sensor_decorator.py
[2026-05-10T16:20:34.774+0000] {processor.py:830} INFO - Processing file /home/airflow/.local/lib/python3.12/site-packages/airflow/example_dags/example_sensor_decorator.py for tasks to queue
[2026-05-10T16:20:34.776+0000] {logging_mixin.py:188} INFO - [2026-05-10T16:20:34.776+0000] {dagbag.py:545} INFO - Filling up the DagBag from /home/airflow/.local/lib/python3.12/site-packages/airflow/example_dags/example_sensor_decorator.py
[2026-05-10T16:20:34.791+0000] {processor.py:840} INFO - DAG(s) 'example_sensor_decorator' retrieved from /home/airflow/.local/lib/python3.12/site-packages/airflow/example_dags/example_sensor_decorator.py
[2026-05-10T16:20:34.837+0000] {logging_mixin.py:188} INFO - [2026-05-10T16:20:34.837+0000] {dag.py:3089} INFO - Sync 1 DAGs
[2026-05-10T16:20:34.856+0000] {logging_mixin.py:188} INFO - [2026-05-10T16:20:34.855+0000] {dag.py:3947} INFO - Setting next_dagrun for example_sensor_decorator to None, run_after=None
[2026-05-10T16:20:35.045+0000] {processor.py:183} INFO - Processing /home/airflow/.local/lib/python3.12/site-packages/airflow/example_dags/example_sensor_decorator.py took 0.284 seconds
[2026-05-10T16:21:05.468+0000] {processor.py:161} INFO - Started process (PID=31913) to work on /home/airflow/.local/lib/python3.12/site-packages/airflow/example_dags/example_sensor_decorator.py
[2026-05-10T16:21:05.471+0000] {processor.py:830} INFO - Processing file /home/airflow/.local/lib/python3.12/site-packages/airflow/example_dags/example_sensor_decorator.py for tasks to queue
[2026-05-10T16:21:05.473+0000] {logging_mixin.py:188} INFO - [2026-05-10T16:21:05.473+0000] {dagbag.py:545} INFO - Filling up the DagBag from /home/airflow/.local/lib/python3.12/site-packages/airflow/example_dags/example_sensor_decorator.py
[2026-05-10T16:21:05.488+0000] {processor.py:840} INFO - DAG(s) 'example_sensor_decorator' retrieved from /home/airflow/.local/lib/python3.12/site-packages/airflow/example_dags/example_sensor_decorator.py
[2026-05-10T16:21:05.537+0000] {logging_mixin.py:188} INFO - [2026-05-10T16:21:05.536+0000] {dag.py:3089} INFO - Sync 1 DAGs
[2026-05-10T16:21:05.568+0000] {logging_mixin.py:188} INFO - [2026-05-10T16:21:05.567+0000] {dag.py:3947} INFO - Setting next_dagrun for example_sensor_decorator to None, run_after=None
[2026-05-10T16:21:05.639+0000] {processor.py:183} INFO - Processing /home/airflow/.local/lib/python3.12/site-packages/airflow/example_dags/example_sensor_decorator.py took 0.184 seconds
[2026-05-10T16:21:36.413+0000] {processor.py:161} INFO - Started process (PID=31981) to work on /home/airflow/.local/lib/python3.12/site-packages/airflow/example_dags/example_sensor_decorator.py
[2026-05-10T16:21:36.417+0000] {processor.py:830} INFO - Processing file /home/airflow/.local/lib/python3.12/site-packages/airflow/example_dags/example_sensor_decorator.py for tasks to queue
[2026-05-10T16:21:36.419+0000] {logging_mixin.py:188} INFO - [2026-05-10T16:21:36.419+0000] {dagbag.py:545} INFO - Filling up the DagBag from /home/airflow/.local/lib/python3.12/site-packages/airflow/example_dags/example_sensor_decorator.py
[2026-05-10T16:21:36.434+0000] {processor.py:840} INFO - DAG(s) 'example_sensor_decorator' retrieved from /home/airflow/.local/lib/python3.12/site-packages/airflow/example_dags/example_sensor_decorator.py
[2026-05-10T16:21:36.484+0000] {logging_mixin.py:188} INFO - [2026-05-10T16:21:36.484+0000] {dag.py:3089} INFO - Sync 1 DAGs
[2026-05-10T16:21:36.507+0000] {logging_mixin.py:188} INFO - [2026-05-10T16:21:36.506+0000] {dag.py:3947} INFO - Setting next_dagrun for example_sensor_decorator to None, run_after=None
[2026-05-10T16:21:36.581+0000] {processor.py:183} INFO - Processing /home/airflow/.local/lib/python3.12/site-packages/airflow/example_dags/example_sensor_decorator.py took 0.182 seconds
[2026-05-10T16:22:07.137+0000] {processor.py:161} INFO - Started process (PID=32055) to work on /home/airflow/.local/lib/python3.12/site-packages/airflow/example_dags/example_sensor_decorator.py
[2026-05-10T16:22:07.138+0000] {processor.py:830} INFO - Processing file /home/airflow/.local/lib/python3.12/site-packages/airflow/example_dags/example_sensor_decorator.py for tasks to queue
[2026-05-10T16:22:07.141+0000] {logging_mixin.py:188} INFO - [2026-05-10T16:22:07.140+0000] {dagbag.py:545} INFO - Filling up the DagBag from /home/airflow/.local/lib/python3.12/site-packages/airflow/example_dags/example_sensor_decorator.py
[2026-05-10T16:22:07.154+0000] {processor.py:840} INFO - DAG(s) 'example_sensor_decorator' retrieved from /home/airflow/.local/lib/python3.12/site-packages/airflow/example_dags/example_sensor_decorator.py
[2026-05-10T16:22:07.191+0000] {logging_mixin.py:188} INFO - [2026-05-10T16:22:07.190+0000] {dag.py:3089} INFO - Sync 1 DAGs
[2026-05-10T16:22:07.219+0000] {logging_mixin.py:188} INFO - [2026-05-10T16:22:07.218+0000] {dag.py:3947} INFO - Setting next_dagrun for example_sensor_decorator to None, run_after=None
[2026-05-10T16:22:07.285+0000] {processor.py:183} INFO - Processing /home/airflow/.local/lib/python3.12/site-packages/airflow/example_dags/example_sensor_decorator.py took 0.159 seconds
[2026-05-10T16:22:37.803+0000] {processor.py:161} INFO - Started process (PID=32123) to work on /home/airflow/.local/lib/python3.12/site-packages/airflow/example_dags/example_sensor_decorator.py
[2026-05-10T16:22:37.805+0000] {processor.py:830} INFO - Processing file /home/airflow/.local/lib/python3.12/site-packages/airflow/example_dags/example_sensor_decorator.py for tasks to queue
[2026-05-10T16:22:37.807+0000] {logging_mixin.py:188} INFO - [2026-05-10T16:22:37.806+0000] {dagbag.py:545} INFO - Filling up the DagBag from /home/airflow/.local/lib/python3.12/site-packages/airflow/example_dags/example_sensor_decorator.py
[2026-05-10T16:22:37.818+0000] {processor.py:840} INFO - DAG(s) 'example_sensor_decorator' retrieved from /home/airflow/.local/lib/python3.12/site-packages/airflow/example_dags/example_sensor_decorator.py
[2026-05-10T16:22:37.854+0000] {logging_mixin.py:188} INFO - [2026-05-10T16:22:37.854+0000] {dag.py:3089} INFO - Sync 1 DAGs
[2026-05-10T16:22:37.872+0000] {logging_mixin.py:188} INFO - [2026-05-10T16:22:37.872+0000] {dag.py:3947} INFO - Setting next_dagrun for example_sensor_decorator to None, run_after=None
[2026-05-10T16:22:37.908+0000] {processor.py:183} INFO - Processing /home/airflow/.local/lib/python3.12/site-packages/airflow/example_dags/example_sensor_decorator.py took 0.115 seconds
[2026-05-10T16:23:08.420+0000] {processor.py:161} INFO - Started process (PID=32191) to work on /home/airflow/.local/lib/python3.12/site-packages/airflow/example_dags/example_sensor_decorator.py
[2026-05-10T16:23:08.423+0000] {processor.py:830} INFO - Processing file /home/airflow/.local/lib/python3.12/site-packages/airflow/example_dags/example_sensor_decorator.py for tasks to queue
[2026-05-10T16:23:08.427+0000] {logging_mixin.py:188} INFO - [2026-05-10T16:23:08.426+0000] {dagbag.py:545} INFO - Filling up the DagBag from /home/airflow/.local/lib/python3.12/site-packages/airflow/example_dags/example_sensor_decorator.py
[2026-05-10T16:23:08.440+0000] {processor.py:840} INFO - DAG(s) 'example_sensor_decorator' retrieved from /home/airflow/.local/lib/python3.12/site-packages/airflow/example_dags/example_sensor_decorator.py
[2026-05-10T16:23:08.480+0000] {logging_mixin.py:188} INFO - [2026-05-10T16:23:08.479+0000] {dag.py:3089} INFO - Sync 1 DAGs
[2026-05-10T16:23:08.498+0000] {logging_mixin.py:188} INFO - [2026-05-10T16:23:08.498+0000] {dag.py:3947} INFO - Setting next_dagrun for example_sensor_decorator to None, run_after=None
[2026-05-10T16:23:08.567+0000] {processor.py:183} INFO - Processing /home/airflow/.local/lib/python3.12/site-packages/airflow/example_dags/example_sensor_decorator.py took 0.160 seconds
[2026-05-10T16:23:39.390+0000] {processor.py:161} INFO - Started process (PID=32259) to work on /home/airflow/.local/lib/python3.12/site-packages/airflow/example_dags/example_sensor_decorator.py
[2026-05-10T16:23:39.392+0000] {processor.py:830} INFO - Processing file /home/airflow/.local/lib/python3.12/site-packages/airflow/example_dags/example_sensor_decorator.py for tasks to queue
[2026-05-10T16:23:39.394+0000] {logging_mixin.py:188} INFO - [2026-05-10T16:23:39.394+0000] {dagbag.py:545} INFO - Filling up the DagBag from /home/airflow/.local/lib/python3.12/site-packages/airflow/example_dags/example_sensor_decorator.py
[2026-05-10T16:23:39.407+0000] {processor.py:840} INFO - DAG(s) 'example_sensor_decorator' retrieved from /home/airflow/.local/lib/python3.12/site-packages/airflow/example_dags/example_sensor_decorator.py
[2026-05-10T16:23:39.454+0000] {logging_mixin.py:188} INFO - [2026-05-10T16:23:39.453+0000] {dag.py:3089} INFO - Sync 1 DAGs
[2026-05-10T16:23:39.770+0000] {logging_mixin.py:188} INFO - [2026-05-10T16:23:39.770+0000] {dag.py:3947} INFO - Setting next_dagrun for example_sensor_decorator to None, run_after=None
[2026-05-10T16:23:39.845+0000] {processor.py:183} INFO - Processing /home/airflow/.local/lib/python3.12/site-packages/airflow/example_dags/example_sensor_decorator.py took 0.468 seconds
[2026-05-10T16:24:10.172+0000] {processor.py:161} INFO - Started process (PID=32327) to work on /home/airflow/.local/lib/python3.12/site-packages/airflow/example_dags/example_sensor_decorator.py
[2026-05-10T16:24:10.175+0000] {processor.py:830} INFO - Processing file /home/airflow/.local/lib/python3.12/site-packages/airflow/example_dags/example_sensor_decorator.py for tasks to queue
[2026-05-10T16:24:10.177+0000] {logging_mixin.py:188} INFO - [2026-05-10T16:24:10.176+0000] {dagbag.py:545} INFO - Filling up the DagBag from /home/airflow/.local/lib/python3.12/site-packages/airflow/example_dags/example_sensor_decorator.py
[2026-05-10T16:24:10.195+0000] {processor.py:840} INFO - DAG(s) 'example_sensor_decorator' retrieved from /home/airflow/.local/lib/python3.12/site-packages/airflow/example_dags/example_sensor_decorator.py
[2026-05-10T16:24:10.242+0000] {logging_mixin.py:188} INFO - [2026-05-10T16:24:10.241+0000] {dag.py:3089} INFO - Sync 1 DAGs
[2026-05-10T16:24:10.267+0000] {logging_mixin.py:188} INFO - [2026-05-10T16:24:10.266+0000] {dag.py:3947} INFO - Setting next_dagrun for example_sensor_decorator to None, run_after=None
[2026-05-10T16:24:10.582+0000] {processor.py:183} INFO - Processing /home/airflow/.local/lib/python3.12/site-packages/airflow/example_dags/example_sensor_decorator.py took 0.423 seconds
[2026-05-10T16:24:41.096+0000] {processor.py:161} INFO - Started process (PID=32395) to work on /home/airflow/.local/lib/python3.12/site-packages/airflow/example_dags/example_sensor_decorator.py
[2026-05-10T16:24:41.099+0000] {processor.py:830} INFO - Processing file /home/airflow/.local/lib/python3.12/site-packages/airflow/example_dags/example_sensor_decorator.py for tasks to queue
[2026-05-10T16:24:41.101+0000] {logging_mixin.py:188} INFO - [2026-05-10T16:24:41.100+0000] {dagbag.py:545} INFO - Filling up the DagBag from /home/airflow/.local/lib/python3.12/site-packages/airflow/example_dags/example_sensor_decorator.py
[2026-05-10T16:24:41.111+0000] {processor.py:840} INFO - DAG(s) 'example_sensor_decorator' retrieved from /home/airflow/.local/lib/python3.12/site-packages/airflow/example_dags/example_sensor_decorator.py
[2026-05-10T16:24:41.150+0000] {logging_mixin.py:188} INFO - [2026-05-10T16:24:41.150+0000] {dag.py:3089} INFO - Sync 1 DAGs
[2026-05-10T16:24:41.172+0000] {logging_mixin.py:188} INFO - [2026-05-10T16:24:41.171+0000] {dag.py:3947} INFO - Setting next_dagrun for example_sensor_decorator to None, run_after=None
[2026-05-10T16:24:41.206+0000] {processor.py:183} INFO - Processing /home/airflow/.local/lib/python3.12/site-packages/airflow/example_dags/example_sensor_decorator.py took 0.121 seconds
[2026-05-10T16:25:12.013+0000] {processor.py:161} INFO - Started process (PID=32470) to work on /home/airflow/.local/lib/python3.12/site-packages/airflow/example_dags/example_sensor_decorator.py
[2026-05-10T16:25:12.016+0000] {processor.py:830} INFO - Processing file /home/airflow/.local/lib/python3.12/site-packages/airflow/example_dags/example_sensor_decorator.py for tasks to queue
[2026-05-10T16:25:12.017+0000] {logging_mixin.py:188} INFO - [2026-05-10T16:25:12.017+0000] {dagbag.py:545} INFO - Filling up the DagBag from /home/airflow/.local/lib/python3.12/site-packages/airflow/example_dags/example_sensor_decorator.py
[2026-05-10T16:25:12.027+0000] {processor.py:840} INFO - DAG(s) 'example_sensor_decorator' retrieved from /home/airflow/.local/lib/python3.12/site-packages/airflow/example_dags/example_sensor_decorator.py
[2026-05-10T16:25:12.065+0000] {logging_mixin.py:188} INFO - [2026-05-10T16:25:12.065+0000] {dag.py:3089} INFO - Sync 1 DAGs
[2026-05-10T16:25:12.088+0000] {logging_mixin.py:188} INFO - [2026-05-10T16:25:12.088+0000] {dag.py:3947} INFO - Setting next_dagrun for example_sensor_decorator to None, run_after=None
[2026-05-10T16:25:12.149+0000] {processor.py:183} INFO - Processing /home/airflow/.local/lib/python3.12/site-packages/airflow/example_dags/example_sensor_decorator.py took 0.147 seconds
[2026-05-10T16:25:42.491+0000] {processor.py:161} INFO - Started process (PID=32538) to work on /home/airflow/.local/lib/python3.12/site-packages/airflow/example_dags/example_sensor_decorator.py
[2026-05-10T16:25:42.496+0000] {processor.py:830} INFO - Processing file /home/airflow/.local/lib/python3.12/site-packages/airflow/example_dags/example_sensor_decorator.py for tasks to queue
[2026-05-10T16:25:42.498+0000] {logging_mixin.py:188} INFO - [2026-05-10T16:25:42.498+0000] {dagbag.py:545} INFO - Filling up the DagBag from /home/airflow/.local/lib/python3.12/site-packages/airflow/example_dags/example_sensor_decorator.py
[2026-05-10T16:25:42.518+0000] {processor.py:840} INFO - DAG(s) 'example_sensor_decorator' retrieved from /home/airflow/.local/lib/python3.12/site-packages/airflow/example_dags/example_sensor_decorator.py
[2026-05-10T16:25:42.564+0000] {logging_mixin.py:188} INFO - [2026-05-10T16:25:42.564+0000] {dag.py:3089} INFO - Sync 1 DAGs
[2026-05-10T16:25:42.584+0000] {logging_mixin.py:188} INFO - [2026-05-10T16:25:42.584+0000] {dag.py:3947} INFO - Setting next_dagrun for example_sensor_decorator to None, run_after=None
[2026-05-10T16:25:42.618+0000] {processor.py:183} INFO - Processing /home/airflow/.local/lib/python3.12/site-packages/airflow/example_dags/example_sensor_decorator.py took 0.140 seconds
[2026-05-10T16:26:12.941+0000] {processor.py:161} INFO - Started process (PID=32606) to work on /home/airflow/.local/lib/python3.12/site-packages/airflow/example_dags/example_sensor_decorator.py
[2026-05-10T16:26:12.943+0000] {processor.py:830} INFO - Processing file /home/airflow/.local/lib/python3.12/site-packages/airflow/example_dags/example_sensor_decorator.py for tasks to queue
[2026-05-10T16:26:12.945+0000] {logging_mixin.py:188} INFO - [2026-05-10T16:26:12.944+0000] {dagbag.py:545} INFO - Filling up the DagBag from /home/airflow/.local/lib/python3.12/site-packages/airflow/example_dags/example_sensor_decorator.py
[2026-05-10T16:26:12.961+0000] {processor.py:840} INFO - DAG(s) 'example_sensor_decorator' retrieved from /home/airflow/.local/lib/python3.12/site-packages/airflow/example_dags/example_sensor_decorator.py
[2026-05-10T16:26:13.001+0000] {logging_mixin.py:188} INFO - [2026-05-10T16:26:13.001+0000] {dag.py:3089} INFO - Sync 1 DAGs
[2026-05-10T16:26:13.022+0000] {logging_mixin.py:188} INFO - [2026-05-10T16:26:13.021+0000] {dag.py:3947} INFO - Setting next_dagrun for example_sensor_decorator to None, run_after=None
[2026-05-10T16:26:13.094+0000] {processor.py:183} INFO - Processing /home/airflow/.local/lib/python3.12/site-packages/airflow/example_dags/example_sensor_decorator.py took 0.163 seconds
[2026-05-10T16:26:43.895+0000] {processor.py:161} INFO - Started process (PID=32674) to work on /home/airflow/.local/lib/python3.12/site-packages/airflow/example_dags/example_sensor_decorator.py
[2026-05-10T16:26:43.905+0000] {processor.py:830} INFO - Processing file /home/airflow/.local/lib/python3.12/site-packages/airflow/example_dags/example_sensor_decorator.py for tasks to queue
[2026-05-10T16:26:43.914+0000] {logging_mixin.py:188} INFO - [2026-05-10T16:26:43.913+0000] {dagbag.py:545} INFO - Filling up the DagBag from /home/airflow/.local/lib/python3.12/site-packages/airflow/example_dags/example_sensor_decorator.py
[2026-05-10T16:26:43.931+0000] {processor.py:840} INFO - DAG(s) 'example_sensor_decorator' retrieved from /home/airflow/.local/lib/python3.12/site-packages/airflow/example_dags/example_sensor_decorator.py
[2026-05-10T16:26:43.977+0000] {logging_mixin.py:188} INFO - [2026-05-10T16:26:43.976+0000] {dag.py:3089} INFO - Sync 1 DAGs
[2026-05-10T16:26:43.998+0000] {logging_mixin.py:188} INFO - [2026-05-10T16:26:43.997+0000] {dag.py:3947} INFO - Setting next_dagrun for example_sensor_decorator to None, run_after=None
[2026-05-10T16:26:44.068+0000] {processor.py:183} INFO - Processing /home/airflow/.local/lib/python3.12/site-packages/airflow/example_dags/example_sensor_decorator.py took 0.184 seconds
[2026-05-10T16:27:14.607+0000] {processor.py:161} INFO - Started process (PID=32743) to work on /home/airflow/.local/lib/python3.12/site-packages/airflow/example_dags/example_sensor_decorator.py
[2026-05-10T16:27:14.609+0000] {processor.py:830} INFO - Processing file /home/airflow/.local/lib/python3.12/site-packages/airflow/example_dags/example_sensor_decorator.py for tasks to queue
[2026-05-10T16:27:14.610+0000] {logging_mixin.py:188} INFO - [2026-05-10T16:27:14.610+0000] {dagbag.py:545} INFO - Filling up the DagBag from /home/airflow/.local/lib/python3.12/site-packages/airflow/example_dags/example_sensor_decorator.py
[2026-05-10T16:27:14.620+0000] {processor.py:840} INFO - DAG(s) 'example_sensor_decorator' retrieved from /home/airflow/.local/lib/python3.12/site-packages/airflow/example_dags/example_sensor_decorator.py
[2026-05-10T16:27:14.653+0000] {logging_mixin.py:188} INFO - [2026-05-10T16:27:14.653+0000] {dag.py:3089} INFO - Sync 1 DAGs
[2026-05-10T16:27:14.679+0000] {logging_mixin.py:188} INFO - [2026-05-10T16:27:14.679+0000] {dag.py:3947} INFO - Setting next_dagrun for example_sensor_decorator to None, run_after=None
[2026-05-10T16:27:14.713+0000] {processor.py:183} INFO - Processing /home/airflow/.local/lib/python3.12/site-packages/airflow/example_dags/example_sensor_decorator.py took 0.118 seconds
[2026-05-10T16:27:45.015+0000] {processor.py:161} INFO - Started process (PID=32811) to work on /home/airflow/.local/lib/python3.12/site-packages/airflow/example_dags/example_sensor_decorator.py
[2026-05-10T16:27:45.021+0000] {processor.py:830} INFO - Processing file /home/airflow/.local/lib/python3.12/site-packages/airflow/example_dags/example_sensor_decorator.py for tasks to queue
[2026-05-10T16:27:45.023+0000] {logging_mixin.py:188} INFO - [2026-05-10T16:27:45.022+0000] {dagbag.py:545} INFO - Filling up the DagBag from /home/airflow/.local/lib/python3.12/site-packages/airflow/example_dags/example_sensor_decorator.py
[2026-05-10T16:27:45.038+0000] {processor.py:840} INFO - DAG(s) 'example_sensor_decorator' retrieved from /home/airflow/.local/lib/python3.12/site-packages/airflow/example_dags/example_sensor_decorator.py
[2026-05-10T16:27:45.079+0000] {logging_mixin.py:188} INFO - [2026-05-10T16:27:45.079+0000] {dag.py:3089} INFO - Sync 1 DAGs
[2026-05-10T16:27:45.103+0000] {logging_mixin.py:188} INFO - [2026-05-10T16:27:45.102+0000] {dag.py:3947} INFO - Setting next_dagrun for example_sensor_decorator to None, run_after=None
[2026-05-10T16:27:45.144+0000] {processor.py:183} INFO - Processing /home/airflow/.local/lib/python3.12/site-packages/airflow/example_dags/example_sensor_decorator.py took 0.144 seconds
[2026-05-10T16:28:15.962+0000] {processor.py:161} INFO - Started process (PID=32879) to work on /home/airflow/.local/lib/python3.12/site-packages/airflow/example_dags/example_sensor_decorator.py
[2026-05-10T16:28:15.971+0000] {processor.py:830} INFO - Processing file /home/airflow/.local/lib/python3.12/site-packages/airflow/example_dags/example_sensor_decorator.py for tasks to queue
[2026-05-10T16:28:15.976+0000] {logging_mixin.py:188} INFO - [2026-05-10T16:28:15.975+0000] {dagbag.py:545} INFO - Filling up the DagBag from /home/airflow/.local/lib/python3.12/site-packages/airflow/example_dags/example_sensor_decorator.py
[2026-05-10T16:28:15.986+0000] {processor.py:840} INFO - DAG(s) 'example_sensor_decorator' retrieved from /home/airflow/.local/lib/python3.12/site-packages/airflow/example_dags/example_sensor_decorator.py
[2026-05-10T16:28:16.028+0000] {logging_mixin.py:188} INFO - [2026-05-10T16:28:16.027+0000] {dag.py:3089} INFO - Sync 1 DAGs
[2026-05-10T16:28:16.048+0000] {logging_mixin.py:188} INFO - [2026-05-10T16:28:16.047+0000] {dag.py:3947} INFO - Setting next_dagrun for example_sensor_decorator to None, run_after=None
[2026-05-10T16:28:16.083+0000] {processor.py:183} INFO - Processing /home/airflow/.local/lib/python3.12/site-packages/airflow/example_dags/example_sensor_decorator.py took 0.131 seconds
[2026-05-10T16:28:46.218+0000] {processor.py:161} INFO - Started process (PID=32955) to work on /home/airflow/.local/lib/python3.12/site-packages/airflow/example_dags/example_sensor_decorator.py
[2026-05-10T16:28:46.219+0000] {processor.py:830} INFO - Processing file /home/airflow/.local/lib/python3.12/site-packages/airflow/example_dags/example_sensor_decorator.py for tasks to queue
[2026-05-10T16:28:46.222+0000] {logging_mixin.py:188} INFO - [2026-05-10T16:28:46.221+0000] {dagbag.py:545} INFO - Filling up the DagBag from /home/airflow/.local/lib/python3.12/site-packages/airflow/example_dags/example_sensor_decorator.py
[2026-05-10T16:28:46.232+0000] {processor.py:840} INFO - DAG(s) 'example_sensor_decorator' retrieved from /home/airflow/.local/lib/python3.12/site-packages/airflow/example_dags/example_sensor_decorator.py
[2026-05-10T16:28:46.272+0000] {logging_mixin.py:188} INFO - [2026-05-10T16:28:46.271+0000] {dag.py:3089} INFO - Sync 1 DAGs
[2026-05-10T16:28:46.295+0000] {logging_mixin.py:188} INFO - [2026-05-10T16:28:46.294+0000] {dag.py:3947} INFO - Setting next_dagrun for example_sensor_decorator to None, run_after=None
[2026-05-10T16:28:46.357+0000] {processor.py:183} INFO - Processing /home/airflow/.local/lib/python3.12/site-packages/airflow/example_dags/example_sensor_decorator.py took 0.149 seconds
[2026-05-10T16:29:16.758+0000] {processor.py:161} INFO - Started process (PID=33022) to work on /home/airflow/.local/lib/python3.12/site-packages/airflow/example_dags/example_sensor_decorator.py
[2026-05-10T16:29:16.760+0000] {processor.py:830} INFO - Processing file /home/airflow/.local/lib/python3.12/site-packages/airflow/example_dags/example_sensor_decorator.py for tasks to queue
[2026-05-10T16:29:16.763+0000] {logging_mixin.py:188} INFO - [2026-05-10T16:29:16.762+0000] {dagbag.py:545} INFO - Filling up the DagBag from /home/airflow/.local/lib/python3.12/site-packages/airflow/example_dags/example_sensor_decorator.py
[2026-05-10T16:29:16.773+0000] {processor.py:840} INFO - DAG(s) 'example_sensor_decorator' retrieved from /home/airflow/.local/lib/python3.12/site-packages/airflow/example_dags/example_sensor_decorator.py
[2026-05-10T16:29:16.805+0000] {logging_mixin.py:188} INFO - [2026-05-10T16:29:16.804+0000] {dag.py:3089} INFO - Sync 1 DAGs
[2026-05-10T16:29:16.827+0000] {logging_mixin.py:188} INFO - [2026-05-10T16:29:16.827+0000] {dag.py:3947} INFO - Setting next_dagrun for example_sensor_decorator to None, run_after=None
[2026-05-10T16:29:16.870+0000] {processor.py:183} INFO - Processing /home/airflow/.local/lib/python3.12/site-packages/airflow/example_dags/example_sensor_decorator.py took 0.123 seconds
[2026-05-10T16:29:47.652+0000] {processor.py:161} INFO - Started process (PID=33089) to work on /home/airflow/.local/lib/python3.12/site-packages/airflow/example_dags/example_sensor_decorator.py
[2026-05-10T16:29:47.654+0000] {processor.py:830} INFO - Processing file /home/airflow/.local/lib/python3.12/site-packages/airflow/example_dags/example_sensor_decorator.py for tasks to queue
[2026-05-10T16:29:47.657+0000] {logging_mixin.py:188} INFO - [2026-05-10T16:29:47.656+0000] {dagbag.py:545} INFO - Filling up the DagBag from /home/airflow/.local/lib/python3.12/site-packages/airflow/example_dags/example_sensor_decorator.py
[2026-05-10T16:29:47.671+0000] {processor.py:840} INFO - DAG(s) 'example_sensor_decorator' retrieved from /home/airflow/.local/lib/python3.12/site-packages/airflow/example_dags/example_sensor_decorator.py
[2026-05-10T16:29:47.715+0000] {logging_mixin.py:188} INFO - [2026-05-10T16:29:47.715+0000] {dag.py:3089} INFO - Sync 1 DAGs
[2026-05-10T16:29:47.736+0000] {logging_mixin.py:188} INFO - [2026-05-10T16:29:47.736+0000] {dag.py:3947} INFO - Setting next_dagrun for example_sensor_decorator to None, run_after=None
[2026-05-10T16:29:47.774+0000] {processor.py:183} INFO - Processing /home/airflow/.local/lib/python3.12/site-packages/airflow/example_dags/example_sensor_decorator.py took 0.134 seconds
[2026-05-10T16:30:18.644+0000] {processor.py:161} INFO - Started process (PID=33156) to work on /home/airflow/.local/lib/python3.12/site-packages/airflow/example_dags/example_sensor_decorator.py
[2026-05-10T16:30:18.646+0000] {processor.py:830} INFO - Processing file /home/airflow/.local/lib/python3.12/site-packages/airflow/example_dags/example_sensor_decorator.py for tasks to queue
[2026-05-10T16:30:18.648+0000] {logging_mixin.py:188} INFO - [2026-05-10T16:30:18.647+0000] {dagbag.py:545} INFO - Filling up the DagBag from /home/airflow/.local/lib/python3.12/site-packages/airflow/example_dags/example_sensor_decorator.py
[2026-05-10T16:30:18.660+0000] {processor.py:840} INFO - DAG(s) 'example_sensor_decorator' retrieved from /home/airflow/.local/lib/python3.12/site-packages/airflow/example_dags/example_sensor_decorator.py
[2026-05-10T16:30:18.691+0000] {logging_mixin.py:188} INFO - [2026-05-10T16:30:18.691+0000] {dag.py:3089} INFO - Sync 1 DAGs
[2026-05-10T16:30:18.710+0000] {logging_mixin.py:188} INFO - [2026-05-10T16:30:18.710+0000] {dag.py:3947} INFO - Setting next_dagrun for example_sensor_decorator to None, run_after=None
[2026-05-10T16:30:18.783+0000] {processor.py:183} INFO - Processing /home/airflow/.local/lib/python3.12/site-packages/airflow/example_dags/example_sensor_decorator.py took 0.148 seconds
[2026-05-10T16:30:49.483+0000] {processor.py:161} INFO - Started process (PID=33223) to work on /home/airflow/.local/lib/python3.12/site-packages/airflow/example_dags/example_sensor_decorator.py
[2026-05-10T16:30:49.488+0000] {processor.py:830} INFO - Processing file /home/airflow/.local/lib/python3.12/site-packages/airflow/example_dags/example_sensor_decorator.py for tasks to queue
[2026-05-10T16:30:49.489+0000] {logging_mixin.py:188} INFO - [2026-05-10T16:30:49.489+0000] {dagbag.py:545} INFO - Filling up the DagBag from /home/airflow/.local/lib/python3.12/site-packages/airflow/example_dags/example_sensor_decorator.py
[2026-05-10T16:30:49.501+0000] {processor.py:840} INFO - DAG(s) 'example_sensor_decorator' retrieved from /home/airflow/.local/lib/python3.12/site-packages/airflow/example_dags/example_sensor_decorator.py
[2026-05-10T16:30:49.545+0000] {logging_mixin.py:188} INFO - [2026-05-10T16:30:49.545+0000] {dag.py:3089} INFO - Sync 1 DAGs
[2026-05-10T16:30:49.568+0000] {logging_mixin.py:188} INFO - [2026-05-10T16:30:49.568+0000] {dag.py:3947} INFO - Setting next_dagrun for example_sensor_decorator to None, run_after=None
[2026-05-10T16:30:49.604+0000] {processor.py:183} INFO - Processing /home/airflow/.local/lib/python3.12/site-packages/airflow/example_dags/example_sensor_decorator.py took 0.132 seconds
[2026-05-10T16:31:20.576+0000] {processor.py:161} INFO - Started process (PID=33291) to work on /home/airflow/.local/lib/python3.12/site-packages/airflow/example_dags/example_sensor_decorator.py
[2026-05-10T16:31:20.579+0000] {processor.py:830} INFO - Processing file /home/airflow/.local/lib/python3.12/site-packages/airflow/example_dags/example_sensor_decorator.py for tasks to queue
[2026-05-10T16:31:20.582+0000] {logging_mixin.py:188} INFO - [2026-05-10T16:31:20.581+0000] {dagbag.py:545} INFO - Filling up the DagBag from /home/airflow/.local/lib/python3.12/site-packages/airflow/example_dags/example_sensor_decorator.py
[2026-05-10T16:31:20.592+0000] {processor.py:840} INFO - DAG(s) 'example_sensor_decorator' retrieved from /home/airflow/.local/lib/python3.12/site-packages/airflow/example_dags/example_sensor_decorator.py
[2026-05-10T16:31:20.632+0000] {logging_mixin.py:188} INFO - [2026-05-10T16:31:20.631+0000] {dag.py:3089} INFO - Sync 1 DAGs
[2026-05-10T16:31:20.655+0000] {logging_mixin.py:188} INFO - [2026-05-10T16:31:20.655+0000] {dag.py:3947} INFO - Setting next_dagrun for example_sensor_decorator to None, run_after=None
[2026-05-10T16:31:20.728+0000] {processor.py:183} INFO - Processing /home/airflow/.local/lib/python3.12/site-packages/airflow/example_dags/example_sensor_decorator.py took 0.163 seconds
[2026-05-10T16:31:51.162+0000] {processor.py:161} INFO - Started process (PID=33365) to work on /home/airflow/.local/lib/python3.12/site-packages/airflow/example_dags/example_sensor_decorator.py
[2026-05-10T16:31:51.165+0000] {processor.py:830} INFO - Processing file /home/airflow/.local/lib/python3.12/site-packages/airflow/example_dags/example_sensor_decorator.py for tasks to queue
[2026-05-10T16:31:51.167+0000] {logging_mixin.py:188} INFO - [2026-05-10T16:31:51.166+0000] {dagbag.py:545} INFO - Filling up the DagBag from /home/airflow/.local/lib/python3.12/site-packages/airflow/example_dags/example_sensor_decorator.py
[2026-05-10T16:31:51.178+0000] {processor.py:840} INFO - DAG(s) 'example_sensor_decorator' retrieved from /home/airflow/.local/lib/python3.12/site-packages/airflow/example_dags/example_sensor_decorator.py
[2026-05-10T16:31:51.214+0000] {logging_mixin.py:188} INFO - [2026-05-10T16:31:51.213+0000] {dag.py:3089} INFO - Sync 1 DAGs
[2026-05-10T16:31:51.234+0000] {logging_mixin.py:188} INFO - [2026-05-10T16:31:51.233+0000] {dag.py:3947} INFO - Setting next_dagrun for example_sensor_decorator to None, run_after=None
[2026-05-10T16:31:51.274+0000] {processor.py:183} INFO - Processing /home/airflow/.local/lib/python3.12/site-packages/airflow/example_dags/example_sensor_decorator.py took 0.124 seconds
[2026-05-10T16:32:21.778+0000] {processor.py:161} INFO - Started process (PID=33433) to work on /home/airflow/.local/lib/python3.12/site-packages/airflow/example_dags/example_sensor_decorator.py
[2026-05-10T16:32:21.780+0000] {processor.py:830} INFO - Processing file /home/airflow/.local/lib/python3.12/site-packages/airflow/example_dags/example_sensor_decorator.py for tasks to queue
[2026-05-10T16:32:21.802+0000] {logging_mixin.py:188} INFO - [2026-05-10T16:32:21.801+0000] {dagbag.py:545} INFO - Filling up the DagBag from /home/airflow/.local/lib/python3.12/site-packages/airflow/example_dags/example_sensor_decorator.py
[2026-05-10T16:32:21.825+0000] {processor.py:840} INFO - DAG(s) 'example_sensor_decorator' retrieved from /home/airflow/.local/lib/python3.12/site-packages/airflow/example_dags/example_sensor_decorator.py
[2026-05-10T16:32:21.870+0000] {logging_mixin.py:188} INFO - [2026-05-10T16:32:21.869+0000] {dag.py:3089} INFO - Sync 1 DAGs
[2026-05-10T16:32:21.893+0000] {logging_mixin.py:188} INFO - [2026-05-10T16:32:21.892+0000] {dag.py:3947} INFO - Setting next_dagrun for example_sensor_decorator to None, run_after=None
[2026-05-10T16:32:21.960+0000] {processor.py:183} INFO - Processing /home/airflow/.local/lib/python3.12/site-packages/airflow/example_dags/example_sensor_decorator.py took 0.191 seconds
[2026-05-10T16:32:52.510+0000] {processor.py:161} INFO - Started process (PID=33501) to work on /home/airflow/.local/lib/python3.12/site-packages/airflow/example_dags/example_sensor_decorator.py
[2026-05-10T16:32:52.514+0000] {processor.py:830} INFO - Processing file /home/airflow/.local/lib/python3.12/site-packages/airflow/example_dags/example_sensor_decorator.py for tasks to queue
[2026-05-10T16:32:52.516+0000] {logging_mixin.py:188} INFO - [2026-05-10T16:32:52.516+0000] {dagbag.py:545} INFO - Filling up the DagBag from /home/airflow/.local/lib/python3.12/site-packages/airflow/example_dags/example_sensor_decorator.py
[2026-05-10T16:32:52.526+0000] {processor.py:840} INFO - DAG(s) 'example_sensor_decorator' retrieved from /home/airflow/.local/lib/python3.12/site-packages/airflow/example_dags/example_sensor_decorator.py
[2026-05-10T16:32:52.564+0000] {logging_mixin.py:188} INFO - [2026-05-10T16:32:52.564+0000] {dag.py:3089} INFO - Sync 1 DAGs
[2026-05-10T16:32:52.584+0000] {logging_mixin.py:188} INFO - [2026-05-10T16:32:52.584+0000] {dag.py:3947} INFO - Setting next_dagrun for example_sensor_decorator to None, run_after=None
[2026-05-10T16:32:52.619+0000] {processor.py:183} INFO - Processing /home/airflow/.local/lib/python3.12/site-packages/airflow/example_dags/example_sensor_decorator.py took 0.119 seconds
[2026-05-10T16:33:23.109+0000] {processor.py:161} INFO - Started process (PID=33569) to work on /home/airflow/.local/lib/python3.12/site-packages/airflow/example_dags/example_sensor_decorator.py
[2026-05-10T16:33:23.112+0000] {processor.py:830} INFO - Processing file /home/airflow/.local/lib/python3.12/site-packages/airflow/example_dags/example_sensor_decorator.py for tasks to queue
[2026-05-10T16:33:23.117+0000] {logging_mixin.py:188} INFO - [2026-05-10T16:33:23.116+0000] {dagbag.py:545} INFO - Filling up the DagBag from /home/airflow/.local/lib/python3.12/site-packages/airflow/example_dags/example_sensor_decorator.py
[2026-05-10T16:33:23.127+0000] {processor.py:840} INFO - DAG(s) 'example_sensor_decorator' retrieved from /home/airflow/.local/lib/python3.12/site-packages/airflow/example_dags/example_sensor_decorator.py
[2026-05-10T16:33:23.163+0000] {logging_mixin.py:188} INFO - [2026-05-10T16:33:23.163+0000] {dag.py:3089} INFO - Sync 1 DAGs
[2026-05-10T16:33:23.184+0000] {logging_mixin.py:188} INFO - [2026-05-10T16:33:23.183+0000] {dag.py:3947} INFO - Setting next_dagrun for example_sensor_decorator to None, run_after=None
[2026-05-10T16:33:23.280+0000] {processor.py:183} INFO - Processing /home/airflow/.local/lib/python3.12/site-packages/airflow/example_dags/example_sensor_decorator.py took 0.186 seconds
[2026-05-10T16:33:53.586+0000] {processor.py:161} INFO - Started process (PID=33637) to work on /home/airflow/.local/lib/python3.12/site-packages/airflow/example_dags/example_sensor_decorator.py
[2026-05-10T16:33:53.588+0000] {processor.py:830} INFO - Processing file /home/airflow/.local/lib/python3.12/site-packages/airflow/example_dags/example_sensor_decorator.py for tasks to queue
[2026-05-10T16:33:53.589+0000] {logging_mixin.py:188} INFO - [2026-05-10T16:33:53.589+0000] {dagbag.py:545} INFO - Filling up the DagBag from /home/airflow/.local/lib/python3.12/site-packages/airflow/example_dags/example_sensor_decorator.py
[2026-05-10T16:33:53.598+0000] {processor.py:840} INFO - DAG(s) 'example_sensor_decorator' retrieved from /home/airflow/.local/lib/python3.12/site-packages/airflow/example_dags/example_sensor_decorator.py
[2026-05-10T16:33:53.632+0000] {logging_mixin.py:188} INFO - [2026-05-10T16:33:53.631+0000] {dag.py:3089} INFO - Sync 1 DAGs
[2026-05-10T16:33:53.652+0000] {logging_mixin.py:188} INFO - [2026-05-10T16:33:53.651+0000] {dag.py:3947} INFO - Setting next_dagrun for example_sensor_decorator to None, run_after=None
[2026-05-10T16:33:53.718+0000] {processor.py:183} INFO - Processing /home/airflow/.local/lib/python3.12/site-packages/airflow/example_dags/example_sensor_decorator.py took 0.142 seconds
[2026-05-10T16:34:25.033+0000] {processor.py:161} INFO - Started process (PID=33705) to work on /home/airflow/.local/lib/python3.12/site-packages/airflow/example_dags/example_sensor_decorator.py
[2026-05-10T16:34:25.037+0000] {processor.py:830} INFO - Processing file /home/airflow/.local/lib/python3.12/site-packages/airflow/example_dags/example_sensor_decorator.py for tasks to queue
[2026-05-10T16:34:25.040+0000] {logging_mixin.py:188} INFO - [2026-05-10T16:34:25.039+0000] {dagbag.py:545} INFO - Filling up the DagBag from /home/airflow/.local/lib/python3.12/site-packages/airflow/example_dags/example_sensor_decorator.py
[2026-05-10T16:34:25.054+0000] {processor.py:840} INFO - DAG(s) 'example_sensor_decorator' retrieved from /home/airflow/.local/lib/python3.12/site-packages/airflow/example_dags/example_sensor_decorator.py
[2026-05-10T16:34:25.093+0000] {logging_mixin.py:188} INFO - [2026-05-10T16:34:25.092+0000] {dag.py:3089} INFO - Sync 1 DAGs
[2026-05-10T16:34:25.119+0000] {logging_mixin.py:188} INFO - [2026-05-10T16:34:25.119+0000] {dag.py:3947} INFO - Setting next_dagrun for example_sensor_decorator to None, run_after=None
[2026-05-10T16:34:25.173+0000] {processor.py:183} INFO - Processing /home/airflow/.local/lib/python3.12/site-packages/airflow/example_dags/example_sensor_decorator.py took 0.153 seconds
[2026-05-10T16:34:55.456+0000] {processor.py:161} INFO - Started process (PID=33773) to work on /home/airflow/.local/lib/python3.12/site-packages/airflow/example_dags/example_sensor_decorator.py
[2026-05-10T16:34:55.460+0000] {processor.py:830} INFO - Processing file /home/airflow/.local/lib/python3.12/site-packages/airflow/example_dags/example_sensor_decorator.py for tasks to queue
[2026-05-10T16:34:55.462+0000] {logging_mixin.py:188} INFO - [2026-05-10T16:34:55.461+0000] {dagbag.py:545} INFO - Filling up the DagBag from /home/airflow/.local/lib/python3.12/site-packages/airflow/example_dags/example_sensor_decorator.py
[2026-05-10T16:34:55.477+0000] {processor.py:840} INFO - DAG(s) 'example_sensor_decorator' retrieved from /home/airflow/.local/lib/python3.12/site-packages/airflow/example_dags/example_sensor_decorator.py
[2026-05-10T16:34:55.516+0000] {logging_mixin.py:188} INFO - [2026-05-10T16:34:55.515+0000] {dag.py:3089} INFO - Sync 1 DAGs
[2026-05-10T16:34:55.539+0000] {logging_mixin.py:188} INFO - [2026-05-10T16:34:55.538+0000] {dag.py:3947} INFO - Setting next_dagrun for example_sensor_decorator to None, run_after=None
[2026-05-10T16:34:55.573+0000] {processor.py:183} INFO - Processing /home/airflow/.local/lib/python3.12/site-packages/airflow/example_dags/example_sensor_decorator.py took 0.129 seconds
[2026-05-10T16:35:26.171+0000] {processor.py:161} INFO - Started process (PID=33842) to work on /home/airflow/.local/lib/python3.12/site-packages/airflow/example_dags/example_sensor_decorator.py
[2026-05-10T16:35:26.173+0000] {processor.py:830} INFO - Processing file /home/airflow/.local/lib/python3.12/site-packages/airflow/example_dags/example_sensor_decorator.py for tasks to queue
[2026-05-10T16:35:26.175+0000] {logging_mixin.py:188} INFO - [2026-05-10T16:35:26.174+0000] {dagbag.py:545} INFO - Filling up the DagBag from /home/airflow/.local/lib/python3.12/site-packages/airflow/example_dags/example_sensor_decorator.py
[2026-05-10T16:35:26.189+0000] {processor.py:840} INFO - DAG(s) 'example_sensor_decorator' retrieved from /home/airflow/.local/lib/python3.12/site-packages/airflow/example_dags/example_sensor_decorator.py
[2026-05-10T16:35:26.225+0000] {logging_mixin.py:188} INFO - [2026-05-10T16:35:26.224+0000] {dag.py:3089} INFO - Sync 1 DAGs
[2026-05-10T16:35:26.249+0000] {logging_mixin.py:188} INFO - [2026-05-10T16:35:26.248+0000] {dag.py:3947} INFO - Setting next_dagrun for example_sensor_decorator to None, run_after=None
[2026-05-10T16:35:26.325+0000] {processor.py:183} INFO - Processing /home/airflow/.local/lib/python3.12/site-packages/airflow/example_dags/example_sensor_decorator.py took 0.167 seconds
[2026-05-10T16:35:56.895+0000] {processor.py:161} INFO - Started process (PID=33917) to work on /home/airflow/.local/lib/python3.12/site-packages/airflow/example_dags/example_sensor_decorator.py
[2026-05-10T16:35:56.897+0000] {processor.py:830} INFO - Processing file /home/airflow/.local/lib/python3.12/site-packages/airflow/example_dags/example_sensor_decorator.py for tasks to queue
[2026-05-10T16:35:56.899+0000] {logging_mixin.py:188} INFO - [2026-05-10T16:35:56.899+0000] {dagbag.py:545} INFO - Filling up the DagBag from /home/airflow/.local/lib/python3.12/site-packages/airflow/example_dags/example_sensor_decorator.py
[2026-05-10T16:35:56.910+0000] {processor.py:840} INFO - DAG(s) 'example_sensor_decorator' retrieved from /home/airflow/.local/lib/python3.12/site-packages/airflow/example_dags/example_sensor_decorator.py
[2026-05-10T16:35:56.946+0000] {logging_mixin.py:188} INFO - [2026-05-10T16:35:56.946+0000] {dag.py:3089} INFO - Sync 1 DAGs
[2026-05-10T16:35:56.968+0000] {logging_mixin.py:188} INFO - [2026-05-10T16:35:56.968+0000] {dag.py:3947} INFO - Setting next_dagrun for example_sensor_decorator to None, run_after=None
[2026-05-10T16:35:57.004+0000] {processor.py:183} INFO - Processing /home/airflow/.local/lib/python3.12/site-packages/airflow/example_dags/example_sensor_decorator.py took 0.119 seconds
[2026-05-10T16:36:27.718+0000] {processor.py:161} INFO - Started process (PID=33985) to work on /home/airflow/.local/lib/python3.12/site-packages/airflow/example_dags/example_sensor_decorator.py
[2026-05-10T16:36:27.720+0000] {processor.py:830} INFO - Processing file /home/airflow/.local/lib/python3.12/site-packages/airflow/example_dags/example_sensor_decorator.py for tasks to queue
[2026-05-10T16:36:27.721+0000] {logging_mixin.py:188} INFO - [2026-05-10T16:36:27.721+0000] {dagbag.py:545} INFO - Filling up the DagBag from /home/airflow/.local/lib/python3.12/site-packages/airflow/example_dags/example_sensor_decorator.py
[2026-05-10T16:36:27.734+0000] {processor.py:840} INFO - DAG(s) 'example_sensor_decorator' retrieved from /home/airflow/.local/lib/python3.12/site-packages/airflow/example_dags/example_sensor_decorator.py
[2026-05-10T16:36:27.774+0000] {logging_mixin.py:188} INFO - [2026-05-10T16:36:27.774+0000] {dag.py:3089} INFO - Sync 1 DAGs
[2026-05-10T16:36:27.796+0000] {logging_mixin.py:188} INFO - [2026-05-10T16:36:27.796+0000] {dag.py:3947} INFO - Setting next_dagrun for example_sensor_decorator to None, run_after=None
[2026-05-10T16:36:27.832+0000] {processor.py:183} INFO - Processing /home/airflow/.local/lib/python3.12/site-packages/airflow/example_dags/example_sensor_decorator.py took 0.126 seconds
[2026-05-10T16:36:58.120+0000] {processor.py:161} INFO - Started process (PID=34053) to work on /home/airflow/.local/lib/python3.12/site-packages/airflow/example_dags/example_sensor_decorator.py
[2026-05-10T16:36:58.122+0000] {processor.py:830} INFO - Processing file /home/airflow/.local/lib/python3.12/site-packages/airflow/example_dags/example_sensor_decorator.py for tasks to queue
[2026-05-10T16:36:58.125+0000] {logging_mixin.py:188} INFO - [2026-05-10T16:36:58.124+0000] {dagbag.py:545} INFO - Filling up the DagBag from /home/airflow/.local/lib/python3.12/site-packages/airflow/example_dags/example_sensor_decorator.py
[2026-05-10T16:36:58.138+0000] {processor.py:840} INFO - DAG(s) 'example_sensor_decorator' retrieved from /home/airflow/.local/lib/python3.12/site-packages/airflow/example_dags/example_sensor_decorator.py
[2026-05-10T16:36:58.174+0000] {logging_mixin.py:188} INFO - [2026-05-10T16:36:58.174+0000] {dag.py:3089} INFO - Sync 1 DAGs
[2026-05-10T16:36:58.194+0000] {logging_mixin.py:188} INFO - [2026-05-10T16:36:58.194+0000] {dag.py:3947} INFO - Setting next_dagrun for example_sensor_decorator to None, run_after=None
[2026-05-10T16:36:58.268+0000] {processor.py:183} INFO - Processing /home/airflow/.local/lib/python3.12/site-packages/airflow/example_dags/example_sensor_decorator.py took 0.160 seconds
[2026-05-10T16:37:29.069+0000] {processor.py:161} INFO - Started process (PID=34121) to work on /home/airflow/.local/lib/python3.12/site-packages/airflow/example_dags/example_sensor_decorator.py
[2026-05-10T16:37:29.072+0000] {processor.py:830} INFO - Processing file /home/airflow/.local/lib/python3.12/site-packages/airflow/example_dags/example_sensor_decorator.py for tasks to queue
[2026-05-10T16:37:29.074+0000] {logging_mixin.py:188} INFO - [2026-05-10T16:37:29.074+0000] {dagbag.py:545} INFO - Filling up the DagBag from /home/airflow/.local/lib/python3.12/site-packages/airflow/example_dags/example_sensor_decorator.py
[2026-05-10T16:37:29.089+0000] {processor.py:840} INFO - DAG(s) 'example_sensor_decorator' retrieved from /home/airflow/.local/lib/python3.12/site-packages/airflow/example_dags/example_sensor_decorator.py
[2026-05-10T16:37:29.122+0000] {logging_mixin.py:188} INFO - [2026-05-10T16:37:29.122+0000] {dag.py:3089} INFO - Sync 1 DAGs
[2026-05-10T16:37:29.154+0000] {logging_mixin.py:188} INFO - [2026-05-10T16:37:29.153+0000] {dag.py:3947} INFO - Setting next_dagrun for example_sensor_decorator to None, run_after=None
[2026-05-10T16:37:29.227+0000] {processor.py:183} INFO - Processing /home/airflow/.local/lib/python3.12/site-packages/airflow/example_dags/example_sensor_decorator.py took 0.172 seconds
[2026-05-10T16:38:02.854+0000] {processor.py:161} INFO - Started process (PID=34189) to work on /home/airflow/.local/lib/python3.12/site-packages/airflow/example_dags/example_sensor_decorator.py
[2026-05-10T16:38:02.857+0000] {processor.py:830} INFO - Processing file /home/airflow/.local/lib/python3.12/site-packages/airflow/example_dags/example_sensor_decorator.py for tasks to queue
[2026-05-10T16:38:02.860+0000] {logging_mixin.py:188} INFO - [2026-05-10T16:38:02.859+0000] {dagbag.py:545} INFO - Filling up the DagBag from /home/airflow/.local/lib/python3.12/site-packages/airflow/example_dags/example_sensor_decorator.py
[2026-05-10T16:38:02.873+0000] {processor.py:840} INFO - DAG(s) 'example_sensor_decorator' retrieved from /home/airflow/.local/lib/python3.12/site-packages/airflow/example_dags/example_sensor_decorator.py
[2026-05-10T16:38:02.918+0000] {logging_mixin.py:188} INFO - [2026-05-10T16:38:02.917+0000] {dag.py:3089} INFO - Sync 1 DAGs
[2026-05-10T16:38:02.938+0000] {logging_mixin.py:188} INFO - [2026-05-10T16:38:02.938+0000] {dag.py:3947} INFO - Setting next_dagrun for example_sensor_decorator to None, run_after=None
[2026-05-10T16:38:02.980+0000] {processor.py:183} INFO - Processing /home/airflow/.local/lib/python3.12/site-packages/airflow/example_dags/example_sensor_decorator.py took 0.142 seconds
[2026-05-10T16:38:33.412+0000] {processor.py:161} INFO - Started process (PID=34264) to work on /home/airflow/.local/lib/python3.12/site-packages/airflow/example_dags/example_sensor_decorator.py
[2026-05-10T16:38:33.415+0000] {processor.py:830} INFO - Processing file /home/airflow/.local/lib/python3.12/site-packages/airflow/example_dags/example_sensor_decorator.py for tasks to queue
[2026-05-10T16:38:33.417+0000] {logging_mixin.py:188} INFO - [2026-05-10T16:38:33.416+0000] {dagbag.py:545} INFO - Filling up the DagBag from /home/airflow/.local/lib/python3.12/site-packages/airflow/example_dags/example_sensor_decorator.py
[2026-05-10T16:38:33.428+0000] {processor.py:840} INFO - DAG(s) 'example_sensor_decorator' retrieved from /home/airflow/.local/lib/python3.12/site-packages/airflow/example_dags/example_sensor_decorator.py
[2026-05-10T16:38:33.464+0000] {logging_mixin.py:188} INFO - [2026-05-10T16:38:33.463+0000] {dag.py:3089} INFO - Sync 1 DAGs
[2026-05-10T16:38:33.482+0000] {logging_mixin.py:188} INFO - [2026-05-10T16:38:33.481+0000] {dag.py:3947} INFO - Setting next_dagrun for example_sensor_decorator to None, run_after=None
[2026-05-10T16:38:33.538+0000] {processor.py:183} INFO - Processing /home/airflow/.local/lib/python3.12/site-packages/airflow/example_dags/example_sensor_decorator.py took 0.136 seconds
[2026-05-10T16:39:04.083+0000] {processor.py:161} INFO - Started process (PID=34332) to work on /home/airflow/.local/lib/python3.12/site-packages/airflow/example_dags/example_sensor_decorator.py
[2026-05-10T16:39:04.085+0000] {processor.py:830} INFO - Processing file /home/airflow/.local/lib/python3.12/site-packages/airflow/example_dags/example_sensor_decorator.py for tasks to queue
[2026-05-10T16:39:04.087+0000] {logging_mixin.py:188} INFO - [2026-05-10T16:39:04.086+0000] {dagbag.py:545} INFO - Filling up the DagBag from /home/airflow/.local/lib/python3.12/site-packages/airflow/example_dags/example_sensor_decorator.py
[2026-05-10T16:39:04.096+0000] {processor.py:840} INFO - DAG(s) 'example_sensor_decorator' retrieved from /home/airflow/.local/lib/python3.12/site-packages/airflow/example_dags/example_sensor_decorator.py
[2026-05-10T16:39:04.134+0000] {logging_mixin.py:188} INFO - [2026-05-10T16:39:04.133+0000] {dag.py:3089} INFO - Sync 1 DAGs
[2026-05-10T16:39:04.154+0000] {logging_mixin.py:188} INFO - [2026-05-10T16:39:04.153+0000] {dag.py:3947} INFO - Setting next_dagrun for example_sensor_decorator to None, run_after=None
[2026-05-10T16:39:04.215+0000] {processor.py:183} INFO - Processing /home/airflow/.local/lib/python3.12/site-packages/airflow/example_dags/example_sensor_decorator.py took 0.140 seconds
[2026-05-10T16:39:34.723+0000] {processor.py:161} INFO - Started process (PID=34399) to work on /home/airflow/.local/lib/python3.12/site-packages/airflow/example_dags/example_sensor_decorator.py
[2026-05-10T16:39:34.725+0000] {processor.py:830} INFO - Processing file /home/airflow/.local/lib/python3.12/site-packages/airflow/example_dags/example_sensor_decorator.py for tasks to queue
[2026-05-10T16:39:34.728+0000] {logging_mixin.py:188} INFO - [2026-05-10T16:39:34.727+0000] {dagbag.py:545} INFO - Filling up the DagBag from /home/airflow/.local/lib/python3.12/site-packages/airflow/example_dags/example_sensor_decorator.py
[2026-05-10T16:39:34.743+0000] {processor.py:840} INFO - DAG(s) 'example_sensor_decorator' retrieved from /home/airflow/.local/lib/python3.12/site-packages/airflow/example_dags/example_sensor_decorator.py
[2026-05-10T16:39:34.786+0000] {logging_mixin.py:188} INFO - [2026-05-10T16:39:34.786+0000] {dag.py:3089} INFO - Sync 1 DAGs
[2026-05-10T16:39:34.824+0000] {logging_mixin.py:188} INFO - [2026-05-10T16:39:34.823+0000] {dag.py:3947} INFO - Setting next_dagrun for example_sensor_decorator to None, run_after=None
[2026-05-10T16:39:34.863+0000] {processor.py:183} INFO - Processing /home/airflow/.local/lib/python3.12/site-packages/airflow/example_dags/example_sensor_decorator.py took 0.152 seconds
[2026-05-10T16:40:05.625+0000] {processor.py:161} INFO - Started process (PID=34467) to work on /home/airflow/.local/lib/python3.12/site-packages/airflow/example_dags/example_sensor_decorator.py
[2026-05-10T16:40:05.629+0000] {processor.py:830} INFO - Processing file /home/airflow/.local/lib/python3.12/site-packages/airflow/example_dags/example_sensor_decorator.py for tasks to queue
[2026-05-10T16:40:05.631+0000] {logging_mixin.py:188} INFO - [2026-05-10T16:40:05.630+0000] {dagbag.py:545} INFO - Filling up the DagBag from /home/airflow/.local/lib/python3.12/site-packages/airflow/example_dags/example_sensor_decorator.py
[2026-05-10T16:40:05.643+0000] {processor.py:840} INFO - DAG(s) 'example_sensor_decorator' retrieved from /home/airflow/.local/lib/python3.12/site-packages/airflow/example_dags/example_sensor_decorator.py
[2026-05-10T16:40:05.681+0000] {logging_mixin.py:188} INFO - [2026-05-10T16:40:05.680+0000] {dag.py:3089} INFO - Sync 1 DAGs
[2026-05-10T16:40:05.701+0000] {logging_mixin.py:188} INFO - [2026-05-10T16:40:05.700+0000] {dag.py:3947} INFO - Setting next_dagrun for example_sensor_decorator to None, run_after=None
[2026-05-10T16:40:05.733+0000] {processor.py:183} INFO - Processing /home/airflow/.local/lib/python3.12/site-packages/airflow/example_dags/example_sensor_decorator.py took 0.120 seconds
[2026-05-10T16:40:36.356+0000] {processor.py:161} INFO - Started process (PID=34534) to work on /home/airflow/.local/lib/python3.12/site-packages/airflow/example_dags/example_sensor_decorator.py
[2026-05-10T16:40:36.358+0000] {processor.py:830} INFO - Processing file /home/airflow/.local/lib/python3.12/site-packages/airflow/example_dags/example_sensor_decorator.py for tasks to queue
[2026-05-10T16:40:36.362+0000] {logging_mixin.py:188} INFO - [2026-05-10T16:40:36.361+0000] {dagbag.py:545} INFO - Filling up the DagBag from /home/airflow/.local/lib/python3.12/site-packages/airflow/example_dags/example_sensor_decorator.py
[2026-05-10T16:40:36.376+0000] {processor.py:840} INFO - DAG(s) 'example_sensor_decorator' retrieved from /home/airflow/.local/lib/python3.12/site-packages/airflow/example_dags/example_sensor_decorator.py
[2026-05-10T16:40:36.416+0000] {logging_mixin.py:188} INFO - [2026-05-10T16:40:36.416+0000] {dag.py:3089} INFO - Sync 1 DAGs
[2026-05-10T16:40:36.438+0000] {logging_mixin.py:188} INFO - [2026-05-10T16:40:36.437+0000] {dag.py:3947} INFO - Setting next_dagrun for example_sensor_decorator to None, run_after=None
[2026-05-10T16:40:36.477+0000] {processor.py:183} INFO - Processing /home/airflow/.local/lib/python3.12/site-packages/airflow/example_dags/example_sensor_decorator.py took 0.134 seconds
[2026-05-10T16:41:07.209+0000] {processor.py:161} INFO - Started process (PID=34602) to work on /home/airflow/.local/lib/python3.12/site-packages/airflow/example_dags/example_sensor_decorator.py
[2026-05-10T16:41:07.212+0000] {processor.py:830} INFO - Processing file /home/airflow/.local/lib/python3.12/site-packages/airflow/example_dags/example_sensor_decorator.py for tasks to queue
[2026-05-10T16:41:07.215+0000] {logging_mixin.py:188} INFO - [2026-05-10T16:41:07.214+0000] {dagbag.py:545} INFO - Filling up the DagBag from /home/airflow/.local/lib/python3.12/site-packages/airflow/example_dags/example_sensor_decorator.py
[2026-05-10T16:41:07.227+0000] {processor.py:840} INFO - DAG(s) 'example_sensor_decorator' retrieved from /home/airflow/.local/lib/python3.12/site-packages/airflow/example_dags/example_sensor_decorator.py
[2026-05-10T16:41:07.266+0000] {logging_mixin.py:188} INFO - [2026-05-10T16:41:07.265+0000] {dag.py:3089} INFO - Sync 1 DAGs
[2026-05-10T16:41:07.288+0000] {logging_mixin.py:188} INFO - [2026-05-10T16:41:07.288+0000] {dag.py:3947} INFO - Setting next_dagrun for example_sensor_decorator to None, run_after=None
[2026-05-10T16:41:07.367+0000] {processor.py:183} INFO - Processing /home/airflow/.local/lib/python3.12/site-packages/airflow/example_dags/example_sensor_decorator.py took 0.172 seconds
[2026-05-10T16:41:37.617+0000] {processor.py:161} INFO - Started process (PID=34670) to work on /home/airflow/.local/lib/python3.12/site-packages/airflow/example_dags/example_sensor_decorator.py
[2026-05-10T16:41:37.623+0000] {processor.py:830} INFO - Processing file /home/airflow/.local/lib/python3.12/site-packages/airflow/example_dags/example_sensor_decorator.py for tasks to queue
[2026-05-10T16:41:37.626+0000] {logging_mixin.py:188} INFO - [2026-05-10T16:41:37.625+0000] {dagbag.py:545} INFO - Filling up the DagBag from /home/airflow/.local/lib/python3.12/site-packages/airflow/example_dags/example_sensor_decorator.py
[2026-05-10T16:41:37.638+0000] {processor.py:840} INFO - DAG(s) 'example_sensor_decorator' retrieved from /home/airflow/.local/lib/python3.12/site-packages/airflow/example_dags/example_sensor_decorator.py
[2026-05-10T16:41:37.675+0000] {logging_mixin.py:188} INFO - [2026-05-10T16:41:37.675+0000] {dag.py:3089} INFO - Sync 1 DAGs
[2026-05-10T16:41:37.696+0000] {logging_mixin.py:188} INFO - [2026-05-10T16:41:37.696+0000] {dag.py:3947} INFO - Setting next_dagrun for example_sensor_decorator to None, run_after=None
[2026-05-10T16:41:37.732+0000] {processor.py:183} INFO - Processing /home/airflow/.local/lib/python3.12/site-packages/airflow/example_dags/example_sensor_decorator.py took 0.124 seconds
[2026-05-10T16:42:08.541+0000] {processor.py:161} INFO - Started process (PID=34745) to work on /home/airflow/.local/lib/python3.12/site-packages/airflow/example_dags/example_sensor_decorator.py
[2026-05-10T16:42:08.545+0000] {processor.py:830} INFO - Processing file /home/airflow/.local/lib/python3.12/site-packages/airflow/example_dags/example_sensor_decorator.py for tasks to queue
[2026-05-10T16:42:08.546+0000] {logging_mixin.py:188} INFO - [2026-05-10T16:42:08.546+0000] {dagbag.py:545} INFO - Filling up the DagBag from /home/airflow/.local/lib/python3.12/site-packages/airflow/example_dags/example_sensor_decorator.py
[2026-05-10T16:42:08.561+0000] {processor.py:840} INFO - DAG(s) 'example_sensor_decorator' retrieved from /home/airflow/.local/lib/python3.12/site-packages/airflow/example_dags/example_sensor_decorator.py
[2026-05-10T16:42:08.606+0000] {logging_mixin.py:188} INFO - [2026-05-10T16:42:08.605+0000] {dag.py:3089} INFO - Sync 1 DAGs
[2026-05-10T16:42:08.632+0000] {logging_mixin.py:188} INFO - [2026-05-10T16:42:08.631+0000] {dag.py:3947} INFO - Setting next_dagrun for example_sensor_decorator to None, run_after=None
[2026-05-10T16:42:08.694+0000] {processor.py:183} INFO - Processing /home/airflow/.local/lib/python3.12/site-packages/airflow/example_dags/example_sensor_decorator.py took 0.166 seconds
[2026-05-10T16:42:39.231+0000] {processor.py:161} INFO - Started process (PID=34813) to work on /home/airflow/.local/lib/python3.12/site-packages/airflow/example_dags/example_sensor_decorator.py
[2026-05-10T16:42:39.238+0000] {processor.py:830} INFO - Processing file /home/airflow/.local/lib/python3.12/site-packages/airflow/example_dags/example_sensor_decorator.py for tasks to queue
[2026-05-10T16:42:39.251+0000] {logging_mixin.py:188} INFO - [2026-05-10T16:42:39.250+0000] {dagbag.py:545} INFO - Filling up the DagBag from /home/airflow/.local/lib/python3.12/site-packages/airflow/example_dags/example_sensor_decorator.py
[2026-05-10T16:42:39.266+0000] {processor.py:840} INFO - DAG(s) 'example_sensor_decorator' retrieved from /home/airflow/.local/lib/python3.12/site-packages/airflow/example_dags/example_sensor_decorator.py
[2026-05-10T16:42:39.302+0000] {logging_mixin.py:188} INFO - [2026-05-10T16:42:39.301+0000] {dag.py:3089} INFO - Sync 1 DAGs
[2026-05-10T16:42:39.324+0000] {logging_mixin.py:188} INFO - [2026-05-10T16:42:39.323+0000] {dag.py:3947} INFO - Setting next_dagrun for example_sensor_decorator to None, run_after=None
[2026-05-10T16:42:39.372+0000] {processor.py:183} INFO - Processing /home/airflow/.local/lib/python3.12/site-packages/airflow/example_dags/example_sensor_decorator.py took 0.152 seconds
[2026-05-10T16:43:09.719+0000] {processor.py:161} INFO - Started process (PID=34882) to work on /home/airflow/.local/lib/python3.12/site-packages/airflow/example_dags/example_sensor_decorator.py
[2026-05-10T16:43:09.722+0000] {processor.py:830} INFO - Processing file /home/airflow/.local/lib/python3.12/site-packages/airflow/example_dags/example_sensor_decorator.py for tasks to queue
[2026-05-10T16:43:09.726+0000] {logging_mixin.py:188} INFO - [2026-05-10T16:43:09.725+0000] {dagbag.py:545} INFO - Filling up the DagBag from /home/airflow/.local/lib/python3.12/site-packages/airflow/example_dags/example_sensor_decorator.py
[2026-05-10T16:43:09.739+0000] {processor.py:840} INFO - DAG(s) 'example_sensor_decorator' retrieved from /home/airflow/.local/lib/python3.12/site-packages/airflow/example_dags/example_sensor_decorator.py
[2026-05-10T16:43:09.793+0000] {logging_mixin.py:188} INFO - [2026-05-10T16:43:09.793+0000] {dag.py:3089} INFO - Sync 1 DAGs
[2026-05-10T16:43:09.824+0000] {logging_mixin.py:188} INFO - [2026-05-10T16:43:09.823+0000] {dag.py:3947} INFO - Setting next_dagrun for example_sensor_decorator to None, run_after=None
[2026-05-10T16:43:09.968+0000] {processor.py:183} INFO - Processing /home/airflow/.local/lib/python3.12/site-packages/airflow/example_dags/example_sensor_decorator.py took 0.262 seconds
[2026-05-10T16:43:40.299+0000] {processor.py:161} INFO - Started process (PID=34950) to work on /home/airflow/.local/lib/python3.12/site-packages/airflow/example_dags/example_sensor_decorator.py
[2026-05-10T16:43:40.305+0000] {processor.py:830} INFO - Processing file /home/airflow/.local/lib/python3.12/site-packages/airflow/example_dags/example_sensor_decorator.py for tasks to queue
[2026-05-10T16:43:40.308+0000] {logging_mixin.py:188} INFO - [2026-05-10T16:43:40.307+0000] {dagbag.py:545} INFO - Filling up the DagBag from /home/airflow/.local/lib/python3.12/site-packages/airflow/example_dags/example_sensor_decorator.py
[2026-05-10T16:43:40.320+0000] {processor.py:840} INFO - DAG(s) 'example_sensor_decorator' retrieved from /home/airflow/.local/lib/python3.12/site-packages/airflow/example_dags/example_sensor_decorator.py
[2026-05-10T16:43:40.355+0000] {logging_mixin.py:188} INFO - [2026-05-10T16:43:40.354+0000] {dag.py:3089} INFO - Sync 1 DAGs
[2026-05-10T16:43:40.375+0000] {logging_mixin.py:188} INFO - [2026-05-10T16:43:40.375+0000] {dag.py:3947} INFO - Setting next_dagrun for example_sensor_decorator to None, run_after=None
[2026-05-10T16:43:40.442+0000] {processor.py:183} INFO - Processing /home/airflow/.local/lib/python3.12/site-packages/airflow/example_dags/example_sensor_decorator.py took 0.160 seconds
[2026-05-10T16:44:10.782+0000] {processor.py:161} INFO - Started process (PID=35018) to work on /home/airflow/.local/lib/python3.12/site-packages/airflow/example_dags/example_sensor_decorator.py
[2026-05-10T16:44:10.785+0000] {processor.py:830} INFO - Processing file /home/airflow/.local/lib/python3.12/site-packages/airflow/example_dags/example_sensor_decorator.py for tasks to queue
[2026-05-10T16:44:10.788+0000] {logging_mixin.py:188} INFO - [2026-05-10T16:44:10.787+0000] {dagbag.py:545} INFO - Filling up the DagBag from /home/airflow/.local/lib/python3.12/site-packages/airflow/example_dags/example_sensor_decorator.py
[2026-05-10T16:44:10.802+0000] {processor.py:840} INFO - DAG(s) 'example_sensor_decorator' retrieved from /home/airflow/.local/lib/python3.12/site-packages/airflow/example_dags/example_sensor_decorator.py
[2026-05-10T16:44:10.843+0000] {logging_mixin.py:188} INFO - [2026-05-10T16:44:10.843+0000] {dag.py:3089} INFO - Sync 1 DAGs
[2026-05-10T16:44:10.866+0000] {logging_mixin.py:188} INFO - [2026-05-10T16:44:10.866+0000] {dag.py:3947} INFO - Setting next_dagrun for example_sensor_decorator to None, run_after=None
[2026-05-10T16:44:10.940+0000] {processor.py:183} INFO - Processing /home/airflow/.local/lib/python3.12/site-packages/airflow/example_dags/example_sensor_decorator.py took 0.168 seconds
[2026-05-10T16:44:41.535+0000] {processor.py:161} INFO - Started process (PID=35093) to work on /home/airflow/.local/lib/python3.12/site-packages/airflow/example_dags/example_sensor_decorator.py
[2026-05-10T16:44:41.542+0000] {processor.py:830} INFO - Processing file /home/airflow/.local/lib/python3.12/site-packages/airflow/example_dags/example_sensor_decorator.py for tasks to queue
[2026-05-10T16:44:41.545+0000] {logging_mixin.py:188} INFO - [2026-05-10T16:44:41.544+0000] {dagbag.py:545} INFO - Filling up the DagBag from /home/airflow/.local/lib/python3.12/site-packages/airflow/example_dags/example_sensor_decorator.py
[2026-05-10T16:44:41.559+0000] {processor.py:840} INFO - DAG(s) 'example_sensor_decorator' retrieved from /home/airflow/.local/lib/python3.12/site-packages/airflow/example_dags/example_sensor_decorator.py
[2026-05-10T16:44:41.602+0000] {logging_mixin.py:188} INFO - [2026-05-10T16:44:41.602+0000] {dag.py:3089} INFO - Sync 1 DAGs
[2026-05-10T16:44:41.628+0000] {logging_mixin.py:188} INFO - [2026-05-10T16:44:41.628+0000] {dag.py:3947} INFO - Setting next_dagrun for example_sensor_decorator to None, run_after=None
[2026-05-10T16:44:41.691+0000] {processor.py:183} INFO - Processing /home/airflow/.local/lib/python3.12/site-packages/airflow/example_dags/example_sensor_decorator.py took 0.173 seconds
[2026-05-10T16:45:11.798+0000] {processor.py:161} INFO - Started process (PID=35160) to work on /home/airflow/.local/lib/python3.12/site-packages/airflow/example_dags/example_sensor_decorator.py
[2026-05-10T16:45:11.801+0000] {processor.py:830} INFO - Processing file /home/airflow/.local/lib/python3.12/site-packages/airflow/example_dags/example_sensor_decorator.py for tasks to queue
[2026-05-10T16:45:11.804+0000] {logging_mixin.py:188} INFO - [2026-05-10T16:45:11.803+0000] {dagbag.py:545} INFO - Filling up the DagBag from /home/airflow/.local/lib/python3.12/site-packages/airflow/example_dags/example_sensor_decorator.py
[2026-05-10T16:45:11.814+0000] {processor.py:840} INFO - DAG(s) 'example_sensor_decorator' retrieved from /home/airflow/.local/lib/python3.12/site-packages/airflow/example_dags/example_sensor_decorator.py
[2026-05-10T16:45:11.848+0000] {logging_mixin.py:188} INFO - [2026-05-10T16:45:11.848+0000] {dag.py:3089} INFO - Sync 1 DAGs
[2026-05-10T16:45:11.867+0000] {logging_mixin.py:188} INFO - [2026-05-10T16:45:11.867+0000] {dag.py:3947} INFO - Setting next_dagrun for example_sensor_decorator to None, run_after=None
[2026-05-10T16:45:11.926+0000] {processor.py:183} INFO - Processing /home/airflow/.local/lib/python3.12/site-packages/airflow/example_dags/example_sensor_decorator.py took 0.139 seconds
[2026-05-10T16:45:42.290+0000] {processor.py:161} INFO - Started process (PID=35228) to work on /home/airflow/.local/lib/python3.12/site-packages/airflow/example_dags/example_sensor_decorator.py
[2026-05-10T16:45:42.303+0000] {processor.py:830} INFO - Processing file /home/airflow/.local/lib/python3.12/site-packages/airflow/example_dags/example_sensor_decorator.py for tasks to queue
[2026-05-10T16:45:42.343+0000] {logging_mixin.py:188} INFO - [2026-05-10T16:45:42.342+0000] {dagbag.py:545} INFO - Filling up the DagBag from /home/airflow/.local/lib/python3.12/site-packages/airflow/example_dags/example_sensor_decorator.py
[2026-05-10T16:45:42.354+0000] {processor.py:840} INFO - DAG(s) 'example_sensor_decorator' retrieved from /home/airflow/.local/lib/python3.12/site-packages/airflow/example_dags/example_sensor_decorator.py
[2026-05-10T16:45:42.402+0000] {logging_mixin.py:188} INFO - [2026-05-10T16:45:42.402+0000] {dag.py:3089} INFO - Sync 1 DAGs
[2026-05-10T16:45:42.427+0000] {logging_mixin.py:188} INFO - [2026-05-10T16:45:42.427+0000] {dag.py:3947} INFO - Setting next_dagrun for example_sensor_decorator to None, run_after=None
[2026-05-10T16:45:42.482+0000] {processor.py:183} INFO - Processing /home/airflow/.local/lib/python3.12/site-packages/airflow/example_dags/example_sensor_decorator.py took 0.203 seconds
[2026-05-10T16:46:13.092+0000] {processor.py:161} INFO - Started process (PID=35296) to work on /home/airflow/.local/lib/python3.12/site-packages/airflow/example_dags/example_sensor_decorator.py
[2026-05-10T16:46:13.097+0000] {processor.py:830} INFO - Processing file /home/airflow/.local/lib/python3.12/site-packages/airflow/example_dags/example_sensor_decorator.py for tasks to queue
[2026-05-10T16:46:13.099+0000] {logging_mixin.py:188} INFO - [2026-05-10T16:46:13.098+0000] {dagbag.py:545} INFO - Filling up the DagBag from /home/airflow/.local/lib/python3.12/site-packages/airflow/example_dags/example_sensor_decorator.py
[2026-05-10T16:46:13.111+0000] {processor.py:840} INFO - DAG(s) 'example_sensor_decorator' retrieved from /home/airflow/.local/lib/python3.12/site-packages/airflow/example_dags/example_sensor_decorator.py
[2026-05-10T16:46:13.146+0000] {logging_mixin.py:188} INFO - [2026-05-10T16:46:13.145+0000] {dag.py:3089} INFO - Sync 1 DAGs
[2026-05-10T16:46:13.169+0000] {logging_mixin.py:188} INFO - [2026-05-10T16:46:13.168+0000] {dag.py:3947} INFO - Setting next_dagrun for example_sensor_decorator to None, run_after=None
[2026-05-10T16:46:13.212+0000] {processor.py:183} INFO - Processing /home/airflow/.local/lib/python3.12/site-packages/airflow/example_dags/example_sensor_decorator.py took 0.130 seconds
[2026-05-10T16:46:43.529+0000] {processor.py:161} INFO - Started process (PID=35364) to work on /home/airflow/.local/lib/python3.12/site-packages/airflow/example_dags/example_sensor_decorator.py
[2026-05-10T16:46:43.534+0000] {processor.py:830} INFO - Processing file /home/airflow/.local/lib/python3.12/site-packages/airflow/example_dags/example_sensor_decorator.py for tasks to queue
[2026-05-10T16:46:43.541+0000] {logging_mixin.py:188} INFO - [2026-05-10T16:46:43.540+0000] {dagbag.py:545} INFO - Filling up the DagBag from /home/airflow/.local/lib/python3.12/site-packages/airflow/example_dags/example_sensor_decorator.py
[2026-05-10T16:46:43.553+0000] {processor.py:840} INFO - DAG(s) 'example_sensor_decorator' retrieved from /home/airflow/.local/lib/python3.12/site-packages/airflow/example_dags/example_sensor_decorator.py
[2026-05-10T16:46:43.589+0000] {logging_mixin.py:188} INFO - [2026-05-10T16:46:43.588+0000] {dag.py:3089} INFO - Sync 1 DAGs
[2026-05-10T16:46:43.610+0000] {logging_mixin.py:188} INFO - [2026-05-10T16:46:43.609+0000] {dag.py:3947} INFO - Setting next_dagrun for example_sensor_decorator to None, run_after=None
[2026-05-10T16:46:43.650+0000] {processor.py:183} INFO - Processing /home/airflow/.local/lib/python3.12/site-packages/airflow/example_dags/example_sensor_decorator.py took 0.134 seconds
[2026-05-10T16:47:14.213+0000] {processor.py:161} INFO - Started process (PID=35432) to work on /home/airflow/.local/lib/python3.12/site-packages/airflow/example_dags/example_sensor_decorator.py
[2026-05-10T16:47:14.216+0000] {processor.py:830} INFO - Processing file /home/airflow/.local/lib/python3.12/site-packages/airflow/example_dags/example_sensor_decorator.py for tasks to queue
[2026-05-10T16:47:14.218+0000] {logging_mixin.py:188} INFO - [2026-05-10T16:47:14.218+0000] {dagbag.py:545} INFO - Filling up the DagBag from /home/airflow/.local/lib/python3.12/site-packages/airflow/example_dags/example_sensor_decorator.py
[2026-05-10T16:47:14.233+0000] {processor.py:840} INFO - DAG(s) 'example_sensor_decorator' retrieved from /home/airflow/.local/lib/python3.12/site-packages/airflow/example_dags/example_sensor_decorator.py
[2026-05-10T16:47:14.285+0000] {logging_mixin.py:188} INFO - [2026-05-10T16:47:14.284+0000] {dag.py:3089} INFO - Sync 1 DAGs
[2026-05-10T16:47:14.320+0000] {logging_mixin.py:188} INFO - [2026-05-10T16:47:14.320+0000] {dag.py:3947} INFO - Setting next_dagrun for example_sensor_decorator to None, run_after=None
[2026-05-10T16:47:14.387+0000] {processor.py:183} INFO - Processing /home/airflow/.local/lib/python3.12/site-packages/airflow/example_dags/example_sensor_decorator.py took 0.187 seconds
[2026-05-10T16:47:44.769+0000] {processor.py:161} INFO - Started process (PID=35508) to work on /home/airflow/.local/lib/python3.12/site-packages/airflow/example_dags/example_sensor_decorator.py
[2026-05-10T16:47:44.774+0000] {processor.py:830} INFO - Processing file /home/airflow/.local/lib/python3.12/site-packages/airflow/example_dags/example_sensor_decorator.py for tasks to queue
[2026-05-10T16:47:44.777+0000] {logging_mixin.py:188} INFO - [2026-05-10T16:47:44.776+0000] {dagbag.py:545} INFO - Filling up the DagBag from /home/airflow/.local/lib/python3.12/site-packages/airflow/example_dags/example_sensor_decorator.py
[2026-05-10T16:47:44.786+0000] {processor.py:840} INFO - DAG(s) 'example_sensor_decorator' retrieved from /home/airflow/.local/lib/python3.12/site-packages/airflow/example_dags/example_sensor_decorator.py
[2026-05-10T16:47:44.824+0000] {logging_mixin.py:188} INFO - [2026-05-10T16:47:44.823+0000] {dag.py:3089} INFO - Sync 1 DAGs
[2026-05-10T16:47:44.850+0000] {logging_mixin.py:188} INFO - [2026-05-10T16:47:44.850+0000] {dag.py:3947} INFO - Setting next_dagrun for example_sensor_decorator to None, run_after=None
[2026-05-10T16:47:44.910+0000] {processor.py:183} INFO - Processing /home/airflow/.local/lib/python3.12/site-packages/airflow/example_dags/example_sensor_decorator.py took 0.150 seconds
[2026-05-10T16:48:15.884+0000] {processor.py:161} INFO - Started process (PID=35576) to work on /home/airflow/.local/lib/python3.12/site-packages/airflow/example_dags/example_sensor_decorator.py
[2026-05-10T16:48:15.889+0000] {processor.py:830} INFO - Processing file /home/airflow/.local/lib/python3.12/site-packages/airflow/example_dags/example_sensor_decorator.py for tasks to queue
[2026-05-10T16:48:15.900+0000] {logging_mixin.py:188} INFO - [2026-05-10T16:48:15.899+0000] {dagbag.py:545} INFO - Filling up the DagBag from /home/airflow/.local/lib/python3.12/site-packages/airflow/example_dags/example_sensor_decorator.py
[2026-05-10T16:48:15.919+0000] {processor.py:840} INFO - DAG(s) 'example_sensor_decorator' retrieved from /home/airflow/.local/lib/python3.12/site-packages/airflow/example_dags/example_sensor_decorator.py
[2026-05-10T16:48:15.958+0000] {logging_mixin.py:188} INFO - [2026-05-10T16:48:15.958+0000] {dag.py:3089} INFO - Sync 1 DAGs
[2026-05-10T16:48:15.993+0000] {logging_mixin.py:188} INFO - [2026-05-10T16:48:15.993+0000] {dag.py:3947} INFO - Setting next_dagrun for example_sensor_decorator to None, run_after=None
[2026-05-10T16:48:16.040+0000] {processor.py:183} INFO - Processing /home/airflow/.local/lib/python3.12/site-packages/airflow/example_dags/example_sensor_decorator.py took 0.170 seconds
[2026-05-10T16:48:46.623+0000] {processor.py:161} INFO - Started process (PID=35644) to work on /home/airflow/.local/lib/python3.12/site-packages/airflow/example_dags/example_sensor_decorator.py
[2026-05-10T16:48:46.625+0000] {processor.py:830} INFO - Processing file /home/airflow/.local/lib/python3.12/site-packages/airflow/example_dags/example_sensor_decorator.py for tasks to queue
[2026-05-10T16:48:46.627+0000] {logging_mixin.py:188} INFO - [2026-05-10T16:48:46.626+0000] {dagbag.py:545} INFO - Filling up the DagBag from /home/airflow/.local/lib/python3.12/site-packages/airflow/example_dags/example_sensor_decorator.py
[2026-05-10T16:48:46.637+0000] {processor.py:840} INFO - DAG(s) 'example_sensor_decorator' retrieved from /home/airflow/.local/lib/python3.12/site-packages/airflow/example_dags/example_sensor_decorator.py
[2026-05-10T16:48:46.673+0000] {logging_mixin.py:188} INFO - [2026-05-10T16:48:46.673+0000] {dag.py:3089} INFO - Sync 1 DAGs
[2026-05-10T16:48:46.697+0000] {logging_mixin.py:188} INFO - [2026-05-10T16:48:46.697+0000] {dag.py:3947} INFO - Setting next_dagrun for example_sensor_decorator to None, run_after=None
[2026-05-10T16:48:46.763+0000] {processor.py:183} INFO - Processing /home/airflow/.local/lib/python3.12/site-packages/airflow/example_dags/example_sensor_decorator.py took 0.150 seconds
[2026-05-10T16:49:17.055+0000] {processor.py:161} INFO - Started process (PID=35712) to work on /home/airflow/.local/lib/python3.12/site-packages/airflow/example_dags/example_sensor_decorator.py
[2026-05-10T16:49:17.057+0000] {processor.py:830} INFO - Processing file /home/airflow/.local/lib/python3.12/site-packages/airflow/example_dags/example_sensor_decorator.py for tasks to queue
[2026-05-10T16:49:17.059+0000] {logging_mixin.py:188} INFO - [2026-05-10T16:49:17.058+0000] {dagbag.py:545} INFO - Filling up the DagBag from /home/airflow/.local/lib/python3.12/site-packages/airflow/example_dags/example_sensor_decorator.py
[2026-05-10T16:49:17.069+0000] {processor.py:840} INFO - DAG(s) 'example_sensor_decorator' retrieved from /home/airflow/.local/lib/python3.12/site-packages/airflow/example_dags/example_sensor_decorator.py
[2026-05-10T16:49:17.116+0000] {logging_mixin.py:188} INFO - [2026-05-10T16:49:17.116+0000] {dag.py:3089} INFO - Sync 1 DAGs
[2026-05-10T16:49:17.139+0000] {logging_mixin.py:188} INFO - [2026-05-10T16:49:17.139+0000] {dag.py:3947} INFO - Setting next_dagrun for example_sensor_decorator to None, run_after=None
[2026-05-10T16:49:17.175+0000] {processor.py:183} INFO - Processing /home/airflow/.local/lib/python3.12/site-packages/airflow/example_dags/example_sensor_decorator.py took 0.131 seconds
[2026-05-10T16:49:47.809+0000] {processor.py:161} INFO - Started process (PID=35780) to work on /home/airflow/.local/lib/python3.12/site-packages/airflow/example_dags/example_sensor_decorator.py
[2026-05-10T16:49:47.811+0000] {processor.py:830} INFO - Processing file /home/airflow/.local/lib/python3.12/site-packages/airflow/example_dags/example_sensor_decorator.py for tasks to queue
[2026-05-10T16:49:47.813+0000] {logging_mixin.py:188} INFO - [2026-05-10T16:49:47.812+0000] {dagbag.py:545} INFO - Filling up the DagBag from /home/airflow/.local/lib/python3.12/site-packages/airflow/example_dags/example_sensor_decorator.py
[2026-05-10T16:49:47.824+0000] {processor.py:840} INFO - DAG(s) 'example_sensor_decorator' retrieved from /home/airflow/.local/lib/python3.12/site-packages/airflow/example_dags/example_sensor_decorator.py
[2026-05-10T16:49:47.859+0000] {logging_mixin.py:188} INFO - [2026-05-10T16:49:47.858+0000] {dag.py:3089} INFO - Sync 1 DAGs
[2026-05-10T16:49:47.876+0000] {logging_mixin.py:188} INFO - [2026-05-10T16:49:47.876+0000] {dag.py:3947} INFO - Setting next_dagrun for example_sensor_decorator to None, run_after=None
[2026-05-10T16:49:47.945+0000] {processor.py:183} INFO - Processing /home/airflow/.local/lib/python3.12/site-packages/airflow/example_dags/example_sensor_decorator.py took 0.145 seconds
[2026-05-10T16:50:18.202+0000] {processor.py:161} INFO - Started process (PID=35848) to work on /home/airflow/.local/lib/python3.12/site-packages/airflow/example_dags/example_sensor_decorator.py
[2026-05-10T16:50:18.204+0000] {processor.py:830} INFO - Processing file /home/airflow/.local/lib/python3.12/site-packages/airflow/example_dags/example_sensor_decorator.py for tasks to queue
[2026-05-10T16:50:18.206+0000] {logging_mixin.py:188} INFO - [2026-05-10T16:50:18.205+0000] {dagbag.py:545} INFO - Filling up the DagBag from /home/airflow/.local/lib/python3.12/site-packages/airflow/example_dags/example_sensor_decorator.py
[2026-05-10T16:50:18.217+0000] {processor.py:840} INFO - DAG(s) 'example_sensor_decorator' retrieved from /home/airflow/.local/lib/python3.12/site-packages/airflow/example_dags/example_sensor_decorator.py
[2026-05-10T16:50:18.256+0000] {logging_mixin.py:188} INFO - [2026-05-10T16:50:18.256+0000] {dag.py:3089} INFO - Sync 1 DAGs
[2026-05-10T16:50:18.276+0000] {logging_mixin.py:188} INFO - [2026-05-10T16:50:18.276+0000] {dag.py:3947} INFO - Setting next_dagrun for example_sensor_decorator to None, run_after=None
[2026-05-10T16:50:18.339+0000] {processor.py:183} INFO - Processing /home/airflow/.local/lib/python3.12/site-packages/airflow/example_dags/example_sensor_decorator.py took 0.156 seconds
[2026-05-10T16:50:48.789+0000] {processor.py:161} INFO - Started process (PID=35922) to work on /home/airflow/.local/lib/python3.12/site-packages/airflow/example_dags/example_sensor_decorator.py
[2026-05-10T16:50:48.791+0000] {processor.py:830} INFO - Processing file /home/airflow/.local/lib/python3.12/site-packages/airflow/example_dags/example_sensor_decorator.py for tasks to queue
[2026-05-10T16:50:48.792+0000] {logging_mixin.py:188} INFO - [2026-05-10T16:50:48.792+0000] {dagbag.py:545} INFO - Filling up the DagBag from /home/airflow/.local/lib/python3.12/site-packages/airflow/example_dags/example_sensor_decorator.py
[2026-05-10T16:50:48.806+0000] {processor.py:840} INFO - DAG(s) 'example_sensor_decorator' retrieved from /home/airflow/.local/lib/python3.12/site-packages/airflow/example_dags/example_sensor_decorator.py
[2026-05-10T16:50:48.844+0000] {logging_mixin.py:188} INFO - [2026-05-10T16:50:48.844+0000] {dag.py:3089} INFO - Sync 1 DAGs
[2026-05-10T16:50:48.865+0000] {logging_mixin.py:188} INFO - [2026-05-10T16:50:48.864+0000] {dag.py:3947} INFO - Setting next_dagrun for example_sensor_decorator to None, run_after=None
[2026-05-10T16:50:48.930+0000] {processor.py:183} INFO - Processing /home/airflow/.local/lib/python3.12/site-packages/airflow/example_dags/example_sensor_decorator.py took 0.153 seconds
[2026-05-10T16:51:19.378+0000] {processor.py:161} INFO - Started process (PID=35990) to work on /home/airflow/.local/lib/python3.12/site-packages/airflow/example_dags/example_sensor_decorator.py
[2026-05-10T16:51:19.381+0000] {processor.py:830} INFO - Processing file /home/airflow/.local/lib/python3.12/site-packages/airflow/example_dags/example_sensor_decorator.py for tasks to queue
[2026-05-10T16:51:19.383+0000] {logging_mixin.py:188} INFO - [2026-05-10T16:51:19.382+0000] {dagbag.py:545} INFO - Filling up the DagBag from /home/airflow/.local/lib/python3.12/site-packages/airflow/example_dags/example_sensor_decorator.py
[2026-05-10T16:51:19.395+0000] {processor.py:840} INFO - DAG(s) 'example_sensor_decorator' retrieved from /home/airflow/.local/lib/python3.12/site-packages/airflow/example_dags/example_sensor_decorator.py
[2026-05-10T16:51:19.429+0000] {logging_mixin.py:188} INFO - [2026-05-10T16:51:19.429+0000] {dag.py:3089} INFO - Sync 1 DAGs
[2026-05-10T16:51:19.449+0000] {logging_mixin.py:188} INFO - [2026-05-10T16:51:19.448+0000] {dag.py:3947} INFO - Setting next_dagrun for example_sensor_decorator to None, run_after=None
[2026-05-10T16:51:19.507+0000] {processor.py:183} INFO - Processing /home/airflow/.local/lib/python3.12/site-packages/airflow/example_dags/example_sensor_decorator.py took 0.140 seconds
[2026-05-10T16:51:49.664+0000] {processor.py:161} INFO - Started process (PID=36058) to work on /home/airflow/.local/lib/python3.12/site-packages/airflow/example_dags/example_sensor_decorator.py
[2026-05-10T16:51:49.670+0000] {processor.py:830} INFO - Processing file /home/airflow/.local/lib/python3.12/site-packages/airflow/example_dags/example_sensor_decorator.py for tasks to queue
[2026-05-10T16:51:49.674+0000] {logging_mixin.py:188} INFO - [2026-05-10T16:51:49.673+0000] {dagbag.py:545} INFO - Filling up the DagBag from /home/airflow/.local/lib/python3.12/site-packages/airflow/example_dags/example_sensor_decorator.py
[2026-05-10T16:51:49.686+0000] {processor.py:840} INFO - DAG(s) 'example_sensor_decorator' retrieved from /home/airflow/.local/lib/python3.12/site-packages/airflow/example_dags/example_sensor_decorator.py
[2026-05-10T16:51:49.722+0000] {logging_mixin.py:188} INFO - [2026-05-10T16:51:49.722+0000] {dag.py:3089} INFO - Sync 1 DAGs
[2026-05-10T16:51:49.742+0000] {logging_mixin.py:188} INFO - [2026-05-10T16:51:49.741+0000] {dag.py:3947} INFO - Setting next_dagrun for example_sensor_decorator to None, run_after=None
[2026-05-10T16:51:49.806+0000] {processor.py:183} INFO - Processing /home/airflow/.local/lib/python3.12/site-packages/airflow/example_dags/example_sensor_decorator.py took 0.152 seconds
[2026-05-10T16:52:20.032+0000] {processor.py:161} INFO - Started process (PID=36126) to work on /home/airflow/.local/lib/python3.12/site-packages/airflow/example_dags/example_sensor_decorator.py
[2026-05-10T16:52:20.034+0000] {processor.py:830} INFO - Processing file /home/airflow/.local/lib/python3.12/site-packages/airflow/example_dags/example_sensor_decorator.py for tasks to queue
[2026-05-10T16:52:20.036+0000] {logging_mixin.py:188} INFO - [2026-05-10T16:52:20.035+0000] {dagbag.py:545} INFO - Filling up the DagBag from /home/airflow/.local/lib/python3.12/site-packages/airflow/example_dags/example_sensor_decorator.py
[2026-05-10T16:52:20.048+0000] {processor.py:840} INFO - DAG(s) 'example_sensor_decorator' retrieved from /home/airflow/.local/lib/python3.12/site-packages/airflow/example_dags/example_sensor_decorator.py
[2026-05-10T16:52:20.083+0000] {logging_mixin.py:188} INFO - [2026-05-10T16:52:20.083+0000] {dag.py:3089} INFO - Sync 1 DAGs
[2026-05-10T16:52:20.107+0000] {logging_mixin.py:188} INFO - [2026-05-10T16:52:20.106+0000] {dag.py:3947} INFO - Setting next_dagrun for example_sensor_decorator to None, run_after=None
[2026-05-10T16:52:20.169+0000] {processor.py:183} INFO - Processing /home/airflow/.local/lib/python3.12/site-packages/airflow/example_dags/example_sensor_decorator.py took 0.146 seconds
[2026-05-10T16:52:50.322+0000] {processor.py:161} INFO - Started process (PID=36201) to work on /home/airflow/.local/lib/python3.12/site-packages/airflow/example_dags/example_sensor_decorator.py
[2026-05-10T16:52:50.324+0000] {processor.py:830} INFO - Processing file /home/airflow/.local/lib/python3.12/site-packages/airflow/example_dags/example_sensor_decorator.py for tasks to queue
[2026-05-10T16:52:50.325+0000] {logging_mixin.py:188} INFO - [2026-05-10T16:52:50.325+0000] {dagbag.py:545} INFO - Filling up the DagBag from /home/airflow/.local/lib/python3.12/site-packages/airflow/example_dags/example_sensor_decorator.py
[2026-05-10T16:52:50.336+0000] {processor.py:840} INFO - DAG(s) 'example_sensor_decorator' retrieved from /home/airflow/.local/lib/python3.12/site-packages/airflow/example_dags/example_sensor_decorator.py
[2026-05-10T16:52:50.374+0000] {logging_mixin.py:188} INFO - [2026-05-10T16:52:50.373+0000] {dag.py:3089} INFO - Sync 1 DAGs
[2026-05-10T16:52:50.400+0000] {logging_mixin.py:188} INFO - [2026-05-10T16:52:50.399+0000] {dag.py:3947} INFO - Setting next_dagrun for example_sensor_decorator to None, run_after=None
[2026-05-10T16:52:50.443+0000] {processor.py:183} INFO - Processing /home/airflow/.local/lib/python3.12/site-packages/airflow/example_dags/example_sensor_decorator.py took 0.129 seconds
[2026-05-10T16:53:20.545+0000] {processor.py:161} INFO - Started process (PID=36268) to work on /home/airflow/.local/lib/python3.12/site-packages/airflow/example_dags/example_sensor_decorator.py
[2026-05-10T16:53:20.548+0000] {processor.py:830} INFO - Processing file /home/airflow/.local/lib/python3.12/site-packages/airflow/example_dags/example_sensor_decorator.py for tasks to queue
[2026-05-10T16:53:20.550+0000] {logging_mixin.py:188} INFO - [2026-05-10T16:53:20.549+0000] {dagbag.py:545} INFO - Filling up the DagBag from /home/airflow/.local/lib/python3.12/site-packages/airflow/example_dags/example_sensor_decorator.py
[2026-05-10T16:53:20.560+0000] {processor.py:840} INFO - DAG(s) 'example_sensor_decorator' retrieved from /home/airflow/.local/lib/python3.12/site-packages/airflow/example_dags/example_sensor_decorator.py
[2026-05-10T16:53:20.597+0000] {logging_mixin.py:188} INFO - [2026-05-10T16:53:20.597+0000] {dag.py:3089} INFO - Sync 1 DAGs
[2026-05-10T16:53:20.614+0000] {logging_mixin.py:188} INFO - [2026-05-10T16:53:20.614+0000] {dag.py:3947} INFO - Setting next_dagrun for example_sensor_decorator to None, run_after=None
[2026-05-10T16:53:20.668+0000] {processor.py:183} INFO - Processing /home/airflow/.local/lib/python3.12/site-packages/airflow/example_dags/example_sensor_decorator.py took 0.132 seconds
[2026-05-10T16:53:50.844+0000] {processor.py:161} INFO - Started process (PID=36336) to work on /home/airflow/.local/lib/python3.12/site-packages/airflow/example_dags/example_sensor_decorator.py
[2026-05-10T16:53:50.847+0000] {processor.py:830} INFO - Processing file /home/airflow/.local/lib/python3.12/site-packages/airflow/example_dags/example_sensor_decorator.py for tasks to queue
[2026-05-10T16:53:50.848+0000] {logging_mixin.py:188} INFO - [2026-05-10T16:53:50.848+0000] {dagbag.py:545} INFO - Filling up the DagBag from /home/airflow/.local/lib/python3.12/site-packages/airflow/example_dags/example_sensor_decorator.py
[2026-05-10T16:53:50.858+0000] {processor.py:840} INFO - DAG(s) 'example_sensor_decorator' retrieved from /home/airflow/.local/lib/python3.12/site-packages/airflow/example_dags/example_sensor_decorator.py
[2026-05-10T16:53:50.896+0000] {logging_mixin.py:188} INFO - [2026-05-10T16:53:50.895+0000] {dag.py:3089} INFO - Sync 1 DAGs
[2026-05-10T16:53:50.920+0000] {logging_mixin.py:188} INFO - [2026-05-10T16:53:50.919+0000] {dag.py:3947} INFO - Setting next_dagrun for example_sensor_decorator to None, run_after=None
[2026-05-10T16:53:50.955+0000] {processor.py:183} INFO - Processing /home/airflow/.local/lib/python3.12/site-packages/airflow/example_dags/example_sensor_decorator.py took 0.121 seconds
[2026-05-10T16:54:21.187+0000] {processor.py:161} INFO - Started process (PID=36405) to work on /home/airflow/.local/lib/python3.12/site-packages/airflow/example_dags/example_sensor_decorator.py
[2026-05-10T16:54:21.190+0000] {processor.py:830} INFO - Processing file /home/airflow/.local/lib/python3.12/site-packages/airflow/example_dags/example_sensor_decorator.py for tasks to queue
[2026-05-10T16:54:21.191+0000] {logging_mixin.py:188} INFO - [2026-05-10T16:54:21.191+0000] {dagbag.py:545} INFO - Filling up the DagBag from /home/airflow/.local/lib/python3.12/site-packages/airflow/example_dags/example_sensor_decorator.py
[2026-05-10T16:54:21.201+0000] {processor.py:840} INFO - DAG(s) 'example_sensor_decorator' retrieved from /home/airflow/.local/lib/python3.12/site-packages/airflow/example_dags/example_sensor_decorator.py
[2026-05-10T16:54:21.241+0000] {logging_mixin.py:188} INFO - [2026-05-10T16:54:21.241+0000] {dag.py:3089} INFO - Sync 1 DAGs
[2026-05-10T16:54:21.259+0000] {logging_mixin.py:188} INFO - [2026-05-10T16:54:21.259+0000] {dag.py:3947} INFO - Setting next_dagrun for example_sensor_decorator to None, run_after=None
[2026-05-10T16:54:21.294+0000] {processor.py:183} INFO - Processing /home/airflow/.local/lib/python3.12/site-packages/airflow/example_dags/example_sensor_decorator.py took 0.117 seconds
[2026-05-10T16:54:51.496+0000] {processor.py:161} INFO - Started process (PID=36473) to work on /home/airflow/.local/lib/python3.12/site-packages/airflow/example_dags/example_sensor_decorator.py
[2026-05-10T16:54:51.500+0000] {processor.py:830} INFO - Processing file /home/airflow/.local/lib/python3.12/site-packages/airflow/example_dags/example_sensor_decorator.py for tasks to queue
[2026-05-10T16:54:51.502+0000] {logging_mixin.py:188} INFO - [2026-05-10T16:54:51.501+0000] {dagbag.py:545} INFO - Filling up the DagBag from /home/airflow/.local/lib/python3.12/site-packages/airflow/example_dags/example_sensor_decorator.py
[2026-05-10T16:54:51.513+0000] {processor.py:840} INFO - DAG(s) 'example_sensor_decorator' retrieved from /home/airflow/.local/lib/python3.12/site-packages/airflow/example_dags/example_sensor_decorator.py
[2026-05-10T16:54:51.551+0000] {logging_mixin.py:188} INFO - [2026-05-10T16:54:51.550+0000] {dag.py:3089} INFO - Sync 1 DAGs
[2026-05-10T16:54:51.572+0000] {logging_mixin.py:188} INFO - [2026-05-10T16:54:51.572+0000] {dag.py:3947} INFO - Setting next_dagrun for example_sensor_decorator to None, run_after=None
[2026-05-10T16:54:51.604+0000] {processor.py:183} INFO - Processing /home/airflow/.local/lib/python3.12/site-packages/airflow/example_dags/example_sensor_decorator.py took 0.118 seconds
[2026-05-10T16:55:22.306+0000] {processor.py:161} INFO - Started process (PID=36548) to work on /home/airflow/.local/lib/python3.12/site-packages/airflow/example_dags/example_sensor_decorator.py
[2026-05-10T16:55:22.308+0000] {processor.py:830} INFO - Processing file /home/airflow/.local/lib/python3.12/site-packages/airflow/example_dags/example_sensor_decorator.py for tasks to queue
[2026-05-10T16:55:22.310+0000] {logging_mixin.py:188} INFO - [2026-05-10T16:55:22.309+0000] {dagbag.py:545} INFO - Filling up the DagBag from /home/airflow/.local/lib/python3.12/site-packages/airflow/example_dags/example_sensor_decorator.py
[2026-05-10T16:55:22.322+0000] {processor.py:840} INFO - DAG(s) 'example_sensor_decorator' retrieved from /home/airflow/.local/lib/python3.12/site-packages/airflow/example_dags/example_sensor_decorator.py
[2026-05-10T16:55:22.363+0000] {logging_mixin.py:188} INFO - [2026-05-10T16:55:22.363+0000] {dag.py:3089} INFO - Sync 1 DAGs
[2026-05-10T16:55:22.396+0000] {logging_mixin.py:188} INFO - [2026-05-10T16:55:22.395+0000] {dag.py:3947} INFO - Setting next_dagrun for example_sensor_decorator to None, run_after=None
[2026-05-10T16:55:22.438+0000] {processor.py:183} INFO - Processing /home/airflow/.local/lib/python3.12/site-packages/airflow/example_dags/example_sensor_decorator.py took 0.146 seconds
[2026-05-10T16:55:52.956+0000] {processor.py:161} INFO - Started process (PID=36617) to work on /home/airflow/.local/lib/python3.12/site-packages/airflow/example_dags/example_sensor_decorator.py
[2026-05-10T16:55:52.958+0000] {processor.py:830} INFO - Processing file /home/airflow/.local/lib/python3.12/site-packages/airflow/example_dags/example_sensor_decorator.py for tasks to queue
[2026-05-10T16:55:52.959+0000] {logging_mixin.py:188} INFO - [2026-05-10T16:55:52.959+0000] {dagbag.py:545} INFO - Filling up the DagBag from /home/airflow/.local/lib/python3.12/site-packages/airflow/example_dags/example_sensor_decorator.py
[2026-05-10T16:55:52.970+0000] {processor.py:840} INFO - DAG(s) 'example_sensor_decorator' retrieved from /home/airflow/.local/lib/python3.12/site-packages/airflow/example_dags/example_sensor_decorator.py
[2026-05-10T16:55:53.006+0000] {logging_mixin.py:188} INFO - [2026-05-10T16:55:53.006+0000] {dag.py:3089} INFO - Sync 1 DAGs
[2026-05-10T16:55:53.024+0000] {logging_mixin.py:188} INFO - [2026-05-10T16:55:53.024+0000] {dag.py:3947} INFO - Setting next_dagrun for example_sensor_decorator to None, run_after=None
[2026-05-10T16:55:53.095+0000] {processor.py:183} INFO - Processing /home/airflow/.local/lib/python3.12/site-packages/airflow/example_dags/example_sensor_decorator.py took 0.149 seconds
[2026-05-10T16:56:23.330+0000] {processor.py:161} INFO - Started process (PID=36685) to work on /home/airflow/.local/lib/python3.12/site-packages/airflow/example_dags/example_sensor_decorator.py
[2026-05-10T16:56:23.332+0000] {processor.py:830} INFO - Processing file /home/airflow/.local/lib/python3.12/site-packages/airflow/example_dags/example_sensor_decorator.py for tasks to queue
[2026-05-10T16:56:23.334+0000] {logging_mixin.py:188} INFO - [2026-05-10T16:56:23.334+0000] {dagbag.py:545} INFO - Filling up the DagBag from /home/airflow/.local/lib/python3.12/site-packages/airflow/example_dags/example_sensor_decorator.py
[2026-05-10T16:56:23.345+0000] {processor.py:840} INFO - DAG(s) 'example_sensor_decorator' retrieved from /home/airflow/.local/lib/python3.12/site-packages/airflow/example_dags/example_sensor_decorator.py
[2026-05-10T16:56:23.380+0000] {logging_mixin.py:188} INFO - [2026-05-10T16:56:23.379+0000] {dag.py:3089} INFO - Sync 1 DAGs
[2026-05-10T16:56:23.405+0000] {logging_mixin.py:188} INFO - [2026-05-10T16:56:23.405+0000] {dag.py:3947} INFO - Setting next_dagrun for example_sensor_decorator to None, run_after=None
[2026-05-10T16:56:23.442+0000] {processor.py:183} INFO - Processing /home/airflow/.local/lib/python3.12/site-packages/airflow/example_dags/example_sensor_decorator.py took 0.124 seconds
[2026-05-10T16:56:54.316+0000] {processor.py:161} INFO - Started process (PID=36753) to work on /home/airflow/.local/lib/python3.12/site-packages/airflow/example_dags/example_sensor_decorator.py
[2026-05-10T16:56:54.318+0000] {processor.py:830} INFO - Processing file /home/airflow/.local/lib/python3.12/site-packages/airflow/example_dags/example_sensor_decorator.py for tasks to queue
[2026-05-10T16:56:54.320+0000] {logging_mixin.py:188} INFO - [2026-05-10T16:56:54.320+0000] {dagbag.py:545} INFO - Filling up the DagBag from /home/airflow/.local/lib/python3.12/site-packages/airflow/example_dags/example_sensor_decorator.py
[2026-05-10T16:56:54.330+0000] {processor.py:840} INFO - DAG(s) 'example_sensor_decorator' retrieved from /home/airflow/.local/lib/python3.12/site-packages/airflow/example_dags/example_sensor_decorator.py
[2026-05-10T16:56:54.365+0000] {logging_mixin.py:188} INFO - [2026-05-10T16:56:54.364+0000] {dag.py:3089} INFO - Sync 1 DAGs
[2026-05-10T16:56:54.384+0000] {logging_mixin.py:188} INFO - [2026-05-10T16:56:54.384+0000] {dag.py:3947} INFO - Setting next_dagrun for example_sensor_decorator to None, run_after=None
[2026-05-10T16:56:54.442+0000] {processor.py:183} INFO - Processing /home/airflow/.local/lib/python3.12/site-packages/airflow/example_dags/example_sensor_decorator.py took 0.135 seconds
[2026-05-10T16:57:24.594+0000] {processor.py:161} INFO - Started process (PID=36828) to work on /home/airflow/.local/lib/python3.12/site-packages/airflow/example_dags/example_sensor_decorator.py
[2026-05-10T16:57:24.607+0000] {processor.py:830} INFO - Processing file /home/airflow/.local/lib/python3.12/site-packages/airflow/example_dags/example_sensor_decorator.py for tasks to queue
[2026-05-10T16:57:24.609+0000] {logging_mixin.py:188} INFO - [2026-05-10T16:57:24.609+0000] {dagbag.py:545} INFO - Filling up the DagBag from /home/airflow/.local/lib/python3.12/site-packages/airflow/example_dags/example_sensor_decorator.py
[2026-05-10T16:57:24.619+0000] {processor.py:840} INFO - DAG(s) 'example_sensor_decorator' retrieved from /home/airflow/.local/lib/python3.12/site-packages/airflow/example_dags/example_sensor_decorator.py
[2026-05-10T16:57:24.656+0000] {logging_mixin.py:188} INFO - [2026-05-10T16:57:24.655+0000] {dag.py:3089} INFO - Sync 1 DAGs
[2026-05-10T16:57:24.674+0000] {logging_mixin.py:188} INFO - [2026-05-10T16:57:24.674+0000] {dag.py:3947} INFO - Setting next_dagrun for example_sensor_decorator to None, run_after=None
[2026-05-10T16:57:24.732+0000] {processor.py:183} INFO - Processing /home/airflow/.local/lib/python3.12/site-packages/airflow/example_dags/example_sensor_decorator.py took 0.151 seconds
[2026-05-10T16:57:55.359+0000] {processor.py:161} INFO - Started process (PID=36896) to work on /home/airflow/.local/lib/python3.12/site-packages/airflow/example_dags/example_sensor_decorator.py
[2026-05-10T16:57:55.361+0000] {processor.py:830} INFO - Processing file /home/airflow/.local/lib/python3.12/site-packages/airflow/example_dags/example_sensor_decorator.py for tasks to queue
[2026-05-10T16:57:55.362+0000] {logging_mixin.py:188} INFO - [2026-05-10T16:57:55.362+0000] {dagbag.py:545} INFO - Filling up the DagBag from /home/airflow/.local/lib/python3.12/site-packages/airflow/example_dags/example_sensor_decorator.py
[2026-05-10T16:57:55.372+0000] {processor.py:840} INFO - DAG(s) 'example_sensor_decorator' retrieved from /home/airflow/.local/lib/python3.12/site-packages/airflow/example_dags/example_sensor_decorator.py
[2026-05-10T16:57:55.406+0000] {logging_mixin.py:188} INFO - [2026-05-10T16:57:55.405+0000] {dag.py:3089} INFO - Sync 1 DAGs
[2026-05-10T16:57:55.424+0000] {logging_mixin.py:188} INFO - [2026-05-10T16:57:55.424+0000] {dag.py:3947} INFO - Setting next_dagrun for example_sensor_decorator to None, run_after=None
[2026-05-10T16:57:55.482+0000] {processor.py:183} INFO - Processing /home/airflow/.local/lib/python3.12/site-packages/airflow/example_dags/example_sensor_decorator.py took 0.133 seconds
[2026-05-10T16:58:25.645+0000] {processor.py:161} INFO - Started process (PID=36961) to work on /home/airflow/.local/lib/python3.12/site-packages/airflow/example_dags/example_sensor_decorator.py
[2026-05-10T16:58:25.647+0000] {processor.py:830} INFO - Processing file /home/airflow/.local/lib/python3.12/site-packages/airflow/example_dags/example_sensor_decorator.py for tasks to queue
[2026-05-10T16:58:25.649+0000] {logging_mixin.py:188} INFO - [2026-05-10T16:58:25.649+0000] {dagbag.py:545} INFO - Filling up the DagBag from /home/airflow/.local/lib/python3.12/site-packages/airflow/example_dags/example_sensor_decorator.py
[2026-05-10T16:58:25.658+0000] {processor.py:840} INFO - DAG(s) 'example_sensor_decorator' retrieved from /home/airflow/.local/lib/python3.12/site-packages/airflow/example_dags/example_sensor_decorator.py
[2026-05-10T16:58:25.695+0000] {logging_mixin.py:188} INFO - [2026-05-10T16:58:25.695+0000] {dag.py:3089} INFO - Sync 1 DAGs
[2026-05-10T16:58:25.717+0000] {logging_mixin.py:188} INFO - [2026-05-10T16:58:25.717+0000] {dag.py:3947} INFO - Setting next_dagrun for example_sensor_decorator to None, run_after=None
[2026-05-10T16:58:25.781+0000] {processor.py:183} INFO - Processing /home/airflow/.local/lib/python3.12/site-packages/airflow/example_dags/example_sensor_decorator.py took 0.146 seconds
[2026-05-10T16:58:55.989+0000] {processor.py:161} INFO - Started process (PID=37029) to work on /home/airflow/.local/lib/python3.12/site-packages/airflow/example_dags/example_sensor_decorator.py
[2026-05-10T16:58:55.991+0000] {processor.py:830} INFO - Processing file /home/airflow/.local/lib/python3.12/site-packages/airflow/example_dags/example_sensor_decorator.py for tasks to queue
[2026-05-10T16:58:55.993+0000] {logging_mixin.py:188} INFO - [2026-05-10T16:58:55.992+0000] {dagbag.py:545} INFO - Filling up the DagBag from /home/airflow/.local/lib/python3.12/site-packages/airflow/example_dags/example_sensor_decorator.py
[2026-05-10T16:58:56.004+0000] {processor.py:840} INFO - DAG(s) 'example_sensor_decorator' retrieved from /home/airflow/.local/lib/python3.12/site-packages/airflow/example_dags/example_sensor_decorator.py
[2026-05-10T16:58:56.038+0000] {logging_mixin.py:188} INFO - [2026-05-10T16:58:56.037+0000] {dag.py:3089} INFO - Sync 1 DAGs
[2026-05-10T16:58:56.056+0000] {logging_mixin.py:188} INFO - [2026-05-10T16:58:56.055+0000] {dag.py:3947} INFO - Setting next_dagrun for example_sensor_decorator to None, run_after=None
[2026-05-10T16:58:56.113+0000] {processor.py:183} INFO - Processing /home/airflow/.local/lib/python3.12/site-packages/airflow/example_dags/example_sensor_decorator.py took 0.135 seconds
[2026-05-10T16:59:26.331+0000] {processor.py:161} INFO - Started process (PID=37104) to work on /home/airflow/.local/lib/python3.12/site-packages/airflow/example_dags/example_sensor_decorator.py
[2026-05-10T16:59:26.333+0000] {processor.py:830} INFO - Processing file /home/airflow/.local/lib/python3.12/site-packages/airflow/example_dags/example_sensor_decorator.py for tasks to queue
[2026-05-10T16:59:26.335+0000] {logging_mixin.py:188} INFO - [2026-05-10T16:59:26.334+0000] {dagbag.py:545} INFO - Filling up the DagBag from /home/airflow/.local/lib/python3.12/site-packages/airflow/example_dags/example_sensor_decorator.py
[2026-05-10T16:59:26.346+0000] {processor.py:840} INFO - DAG(s) 'example_sensor_decorator' retrieved from /home/airflow/.local/lib/python3.12/site-packages/airflow/example_dags/example_sensor_decorator.py
[2026-05-10T16:59:26.378+0000] {logging_mixin.py:188} INFO - [2026-05-10T16:59:26.377+0000] {dag.py:3089} INFO - Sync 1 DAGs
[2026-05-10T16:59:26.395+0000] {logging_mixin.py:188} INFO - [2026-05-10T16:59:26.395+0000] {dag.py:3947} INFO - Setting next_dagrun for example_sensor_decorator to None, run_after=None
[2026-05-10T16:59:26.426+0000] {processor.py:183} INFO - Processing /home/airflow/.local/lib/python3.12/site-packages/airflow/example_dags/example_sensor_decorator.py took 0.105 seconds
[2026-05-10T16:59:56.878+0000] {processor.py:161} INFO - Started process (PID=37172) to work on /home/airflow/.local/lib/python3.12/site-packages/airflow/example_dags/example_sensor_decorator.py
[2026-05-10T16:59:56.880+0000] {processor.py:830} INFO - Processing file /home/airflow/.local/lib/python3.12/site-packages/airflow/example_dags/example_sensor_decorator.py for tasks to queue
[2026-05-10T16:59:56.881+0000] {logging_mixin.py:188} INFO - [2026-05-10T16:59:56.881+0000] {dagbag.py:545} INFO - Filling up the DagBag from /home/airflow/.local/lib/python3.12/site-packages/airflow/example_dags/example_sensor_decorator.py
[2026-05-10T16:59:56.891+0000] {processor.py:840} INFO - DAG(s) 'example_sensor_decorator' retrieved from /home/airflow/.local/lib/python3.12/site-packages/airflow/example_dags/example_sensor_decorator.py
[2026-05-10T16:59:56.927+0000] {logging_mixin.py:188} INFO - [2026-05-10T16:59:56.927+0000] {dag.py:3089} INFO - Sync 1 DAGs
[2026-05-10T16:59:56.949+0000] {logging_mixin.py:188} INFO - [2026-05-10T16:59:56.949+0000] {dag.py:3947} INFO - Setting next_dagrun for example_sensor_decorator to None, run_after=None
[2026-05-10T16:59:56.980+0000] {processor.py:183} INFO - Processing /home/airflow/.local/lib/python3.12/site-packages/airflow/example_dags/example_sensor_decorator.py took 0.112 seconds
[2026-05-10T17:00:27.653+0000] {processor.py:161} INFO - Started process (PID=37241) to work on /home/airflow/.local/lib/python3.12/site-packages/airflow/example_dags/example_sensor_decorator.py
[2026-05-10T17:00:27.656+0000] {processor.py:830} INFO - Processing file /home/airflow/.local/lib/python3.12/site-packages/airflow/example_dags/example_sensor_decorator.py for tasks to queue
[2026-05-10T17:00:27.658+0000] {logging_mixin.py:188} INFO - [2026-05-10T17:00:27.658+0000] {dagbag.py:545} INFO - Filling up the DagBag from /home/airflow/.local/lib/python3.12/site-packages/airflow/example_dags/example_sensor_decorator.py
[2026-05-10T17:00:27.668+0000] {processor.py:840} INFO - DAG(s) 'example_sensor_decorator' retrieved from /home/airflow/.local/lib/python3.12/site-packages/airflow/example_dags/example_sensor_decorator.py
[2026-05-10T17:00:27.699+0000] {logging_mixin.py:188} INFO - [2026-05-10T17:00:27.699+0000] {dag.py:3089} INFO - Sync 1 DAGs
[2026-05-10T17:00:27.718+0000] {logging_mixin.py:188} INFO - [2026-05-10T17:00:27.718+0000] {dag.py:3947} INFO - Setting next_dagrun for example_sensor_decorator to None, run_after=None
[2026-05-10T17:00:27.747+0000] {processor.py:183} INFO - Processing /home/airflow/.local/lib/python3.12/site-packages/airflow/example_dags/example_sensor_decorator.py took 0.103 seconds
[2026-05-10T17:00:58.301+0000] {processor.py:161} INFO - Started process (PID=37310) to work on /home/airflow/.local/lib/python3.12/site-packages/airflow/example_dags/example_sensor_decorator.py
[2026-05-10T17:00:58.303+0000] {processor.py:830} INFO - Processing file /home/airflow/.local/lib/python3.12/site-packages/airflow/example_dags/example_sensor_decorator.py for tasks to queue
[2026-05-10T17:00:58.305+0000] {logging_mixin.py:188} INFO - [2026-05-10T17:00:58.305+0000] {dagbag.py:545} INFO - Filling up the DagBag from /home/airflow/.local/lib/python3.12/site-packages/airflow/example_dags/example_sensor_decorator.py
[2026-05-10T17:00:58.317+0000] {processor.py:840} INFO - DAG(s) 'example_sensor_decorator' retrieved from /home/airflow/.local/lib/python3.12/site-packages/airflow/example_dags/example_sensor_decorator.py
[2026-05-10T17:00:58.352+0000] {logging_mixin.py:188} INFO - [2026-05-10T17:00:58.351+0000] {dag.py:3089} INFO - Sync 1 DAGs
[2026-05-10T17:00:58.369+0000] {logging_mixin.py:188} INFO - [2026-05-10T17:00:58.369+0000] {dag.py:3947} INFO - Setting next_dagrun for example_sensor_decorator to None, run_after=None
[2026-05-10T17:00:58.430+0000] {processor.py:183} INFO - Processing /home/airflow/.local/lib/python3.12/site-packages/airflow/example_dags/example_sensor_decorator.py took 0.137 seconds
[2026-05-10T17:01:28.865+0000] {processor.py:161} INFO - Started process (PID=37378) to work on /home/airflow/.local/lib/python3.12/site-packages/airflow/example_dags/example_sensor_decorator.py
[2026-05-10T17:01:28.867+0000] {processor.py:830} INFO - Processing file /home/airflow/.local/lib/python3.12/site-packages/airflow/example_dags/example_sensor_decorator.py for tasks to queue
[2026-05-10T17:01:28.869+0000] {logging_mixin.py:188} INFO - [2026-05-10T17:01:28.869+0000] {dagbag.py:545} INFO - Filling up the DagBag from /home/airflow/.local/lib/python3.12/site-packages/airflow/example_dags/example_sensor_decorator.py
[2026-05-10T17:01:28.880+0000] {processor.py:840} INFO - DAG(s) 'example_sensor_decorator' retrieved from /home/airflow/.local/lib/python3.12/site-packages/airflow/example_dags/example_sensor_decorator.py
[2026-05-10T17:01:28.915+0000] {logging_mixin.py:188} INFO - [2026-05-10T17:01:28.915+0000] {dag.py:3089} INFO - Sync 1 DAGs
[2026-05-10T17:01:28.937+0000] {logging_mixin.py:188} INFO - [2026-05-10T17:01:28.937+0000] {dag.py:3947} INFO - Setting next_dagrun for example_sensor_decorator to None, run_after=None
[2026-05-10T17:01:28.998+0000] {processor.py:183} INFO - Processing /home/airflow/.local/lib/python3.12/site-packages/airflow/example_dags/example_sensor_decorator.py took 0.143 seconds
[2026-05-10T17:01:59.177+0000] {processor.py:161} INFO - Started process (PID=37452) to work on /home/airflow/.local/lib/python3.12/site-packages/airflow/example_dags/example_sensor_decorator.py
[2026-05-10T17:01:59.179+0000] {processor.py:830} INFO - Processing file /home/airflow/.local/lib/python3.12/site-packages/airflow/example_dags/example_sensor_decorator.py for tasks to queue
[2026-05-10T17:01:59.181+0000] {logging_mixin.py:188} INFO - [2026-05-10T17:01:59.180+0000] {dagbag.py:545} INFO - Filling up the DagBag from /home/airflow/.local/lib/python3.12/site-packages/airflow/example_dags/example_sensor_decorator.py
[2026-05-10T17:01:59.191+0000] {processor.py:840} INFO - DAG(s) 'example_sensor_decorator' retrieved from /home/airflow/.local/lib/python3.12/site-packages/airflow/example_dags/example_sensor_decorator.py
[2026-05-10T17:01:59.226+0000] {logging_mixin.py:188} INFO - [2026-05-10T17:01:59.226+0000] {dag.py:3089} INFO - Sync 1 DAGs
[2026-05-10T17:01:59.245+0000] {logging_mixin.py:188} INFO - [2026-05-10T17:01:59.244+0000] {dag.py:3947} INFO - Setting next_dagrun for example_sensor_decorator to None, run_after=None
[2026-05-10T17:01:59.276+0000] {processor.py:183} INFO - Processing /home/airflow/.local/lib/python3.12/site-packages/airflow/example_dags/example_sensor_decorator.py took 0.110 seconds
[2026-05-10T17:02:29.838+0000] {processor.py:161} INFO - Started process (PID=37520) to work on /home/airflow/.local/lib/python3.12/site-packages/airflow/example_dags/example_sensor_decorator.py
[2026-05-10T17:02:29.842+0000] {processor.py:830} INFO - Processing file /home/airflow/.local/lib/python3.12/site-packages/airflow/example_dags/example_sensor_decorator.py for tasks to queue
[2026-05-10T17:02:29.851+0000] {logging_mixin.py:188} INFO - [2026-05-10T17:02:29.850+0000] {dagbag.py:545} INFO - Filling up the DagBag from /home/airflow/.local/lib/python3.12/site-packages/airflow/example_dags/example_sensor_decorator.py
[2026-05-10T17:02:29.864+0000] {processor.py:840} INFO - DAG(s) 'example_sensor_decorator' retrieved from /home/airflow/.local/lib/python3.12/site-packages/airflow/example_dags/example_sensor_decorator.py
[2026-05-10T17:02:29.904+0000] {logging_mixin.py:188} INFO - [2026-05-10T17:02:29.903+0000] {dag.py:3089} INFO - Sync 1 DAGs
[2026-05-10T17:02:29.927+0000] {logging_mixin.py:188} INFO - [2026-05-10T17:02:29.927+0000] {dag.py:3947} INFO - Setting next_dagrun for example_sensor_decorator to None, run_after=None
[2026-05-10T17:02:29.979+0000] {processor.py:183} INFO - Processing /home/airflow/.local/lib/python3.12/site-packages/airflow/example_dags/example_sensor_decorator.py took 0.152 seconds
[2026-05-10T17:03:01.448+0000] {processor.py:161} INFO - Started process (PID=37589) to work on /home/airflow/.local/lib/python3.12/site-packages/airflow/example_dags/example_sensor_decorator.py
[2026-05-10T17:03:01.449+0000] {processor.py:830} INFO - Processing file /home/airflow/.local/lib/python3.12/site-packages/airflow/example_dags/example_sensor_decorator.py for tasks to queue
[2026-05-10T17:03:01.451+0000] {logging_mixin.py:188} INFO - [2026-05-10T17:03:01.450+0000] {dagbag.py:545} INFO - Filling up the DagBag from /home/airflow/.local/lib/python3.12/site-packages/airflow/example_dags/example_sensor_decorator.py
[2026-05-10T17:03:01.467+0000] {processor.py:840} INFO - DAG(s) 'example_sensor_decorator' retrieved from /home/airflow/.local/lib/python3.12/site-packages/airflow/example_dags/example_sensor_decorator.py
[2026-05-10T17:03:01.505+0000] {logging_mixin.py:188} INFO - [2026-05-10T17:03:01.504+0000] {dag.py:3089} INFO - Sync 1 DAGs
[2026-05-10T17:03:01.522+0000] {logging_mixin.py:188} INFO - [2026-05-10T17:03:01.522+0000] {dag.py:3947} INFO - Setting next_dagrun for example_sensor_decorator to None, run_after=None
[2026-05-10T17:03:01.577+0000] {processor.py:183} INFO - Processing /home/airflow/.local/lib/python3.12/site-packages/airflow/example_dags/example_sensor_decorator.py took 0.146 seconds
[2026-05-10T17:03:32.450+0000] {processor.py:161} INFO - Started process (PID=37664) to work on /home/airflow/.local/lib/python3.12/site-packages/airflow/example_dags/example_sensor_decorator.py
[2026-05-10T17:03:32.452+0000] {processor.py:830} INFO - Processing file /home/airflow/.local/lib/python3.12/site-packages/airflow/example_dags/example_sensor_decorator.py for tasks to queue
[2026-05-10T17:03:32.454+0000] {logging_mixin.py:188} INFO - [2026-05-10T17:03:32.454+0000] {dagbag.py:545} INFO - Filling up the DagBag from /home/airflow/.local/lib/python3.12/site-packages/airflow/example_dags/example_sensor_decorator.py
[2026-05-10T17:03:32.468+0000] {processor.py:840} INFO - DAG(s) 'example_sensor_decorator' retrieved from /home/airflow/.local/lib/python3.12/site-packages/airflow/example_dags/example_sensor_decorator.py
[2026-05-10T17:03:32.502+0000] {logging_mixin.py:188} INFO - [2026-05-10T17:03:32.501+0000] {dag.py:3089} INFO - Sync 1 DAGs
[2026-05-10T17:03:32.520+0000] {logging_mixin.py:188} INFO - [2026-05-10T17:03:32.519+0000] {dag.py:3947} INFO - Setting next_dagrun for example_sensor_decorator to None, run_after=None
[2026-05-10T17:03:32.549+0000] {processor.py:183} INFO - Processing /home/airflow/.local/lib/python3.12/site-packages/airflow/example_dags/example_sensor_decorator.py took 0.109 seconds
[2026-05-10T17:04:03.147+0000] {processor.py:161} INFO - Started process (PID=37732) to work on /home/airflow/.local/lib/python3.12/site-packages/airflow/example_dags/example_sensor_decorator.py
[2026-05-10T17:04:03.149+0000] {processor.py:830} INFO - Processing file /home/airflow/.local/lib/python3.12/site-packages/airflow/example_dags/example_sensor_decorator.py for tasks to queue
[2026-05-10T17:04:03.151+0000] {logging_mixin.py:188} INFO - [2026-05-10T17:04:03.150+0000] {dagbag.py:545} INFO - Filling up the DagBag from /home/airflow/.local/lib/python3.12/site-packages/airflow/example_dags/example_sensor_decorator.py
[2026-05-10T17:04:03.161+0000] {processor.py:840} INFO - DAG(s) 'example_sensor_decorator' retrieved from /home/airflow/.local/lib/python3.12/site-packages/airflow/example_dags/example_sensor_decorator.py
[2026-05-10T17:04:03.194+0000] {logging_mixin.py:188} INFO - [2026-05-10T17:04:03.194+0000] {dag.py:3089} INFO - Sync 1 DAGs
[2026-05-10T17:04:03.215+0000] {logging_mixin.py:188} INFO - [2026-05-10T17:04:03.215+0000] {dag.py:3947} INFO - Setting next_dagrun for example_sensor_decorator to None, run_after=None
[2026-05-10T17:04:03.246+0000] {processor.py:183} INFO - Processing /home/airflow/.local/lib/python3.12/site-packages/airflow/example_dags/example_sensor_decorator.py took 0.109 seconds
[2026-05-10T17:04:33.502+0000] {processor.py:161} INFO - Started process (PID=37799) to work on /home/airflow/.local/lib/python3.12/site-packages/airflow/example_dags/example_sensor_decorator.py
[2026-05-10T17:04:33.504+0000] {processor.py:830} INFO - Processing file /home/airflow/.local/lib/python3.12/site-packages/airflow/example_dags/example_sensor_decorator.py for tasks to queue
[2026-05-10T17:04:33.505+0000] {logging_mixin.py:188} INFO - [2026-05-10T17:04:33.505+0000] {dagbag.py:545} INFO - Filling up the DagBag from /home/airflow/.local/lib/python3.12/site-packages/airflow/example_dags/example_sensor_decorator.py
[2026-05-10T17:04:33.517+0000] {processor.py:840} INFO - DAG(s) 'example_sensor_decorator' retrieved from /home/airflow/.local/lib/python3.12/site-packages/airflow/example_dags/example_sensor_decorator.py
[2026-05-10T17:04:33.548+0000] {logging_mixin.py:188} INFO - [2026-05-10T17:04:33.547+0000] {dag.py:3089} INFO - Sync 1 DAGs
[2026-05-10T17:04:33.565+0000] {logging_mixin.py:188} INFO - [2026-05-10T17:04:33.565+0000] {dag.py:3947} INFO - Setting next_dagrun for example_sensor_decorator to None, run_after=None
[2026-05-10T17:04:33.594+0000] {processor.py:183} INFO - Processing /home/airflow/.local/lib/python3.12/site-packages/airflow/example_dags/example_sensor_decorator.py took 0.104 seconds
[2026-05-10T17:05:03.795+0000] {processor.py:161} INFO - Started process (PID=37866) to work on /home/airflow/.local/lib/python3.12/site-packages/airflow/example_dags/example_sensor_decorator.py
[2026-05-10T17:05:03.796+0000] {processor.py:830} INFO - Processing file /home/airflow/.local/lib/python3.12/site-packages/airflow/example_dags/example_sensor_decorator.py for tasks to queue
[2026-05-10T17:05:03.798+0000] {logging_mixin.py:188} INFO - [2026-05-10T17:05:03.798+0000] {dagbag.py:545} INFO - Filling up the DagBag from /home/airflow/.local/lib/python3.12/site-packages/airflow/example_dags/example_sensor_decorator.py
[2026-05-10T17:05:03.809+0000] {processor.py:840} INFO - DAG(s) 'example_sensor_decorator' retrieved from /home/airflow/.local/lib/python3.12/site-packages/airflow/example_dags/example_sensor_decorator.py
[2026-05-10T17:05:03.841+0000] {logging_mixin.py:188} INFO - [2026-05-10T17:05:03.840+0000] {dag.py:3089} INFO - Sync 1 DAGs
[2026-05-10T17:05:03.858+0000] {logging_mixin.py:188} INFO - [2026-05-10T17:05:03.858+0000] {dag.py:3947} INFO - Setting next_dagrun for example_sensor_decorator to None, run_after=None
[2026-05-10T17:05:03.889+0000] {processor.py:183} INFO - Processing /home/airflow/.local/lib/python3.12/site-packages/airflow/example_dags/example_sensor_decorator.py took 0.104 seconds
[2026-05-10T17:05:34.416+0000] {processor.py:161} INFO - Started process (PID=37933) to work on /home/airflow/.local/lib/python3.12/site-packages/airflow/example_dags/example_sensor_decorator.py
[2026-05-10T17:05:34.417+0000] {processor.py:830} INFO - Processing file /home/airflow/.local/lib/python3.12/site-packages/airflow/example_dags/example_sensor_decorator.py for tasks to queue
[2026-05-10T17:05:34.419+0000] {logging_mixin.py:188} INFO - [2026-05-10T17:05:34.419+0000] {dagbag.py:545} INFO - Filling up the DagBag from /home/airflow/.local/lib/python3.12/site-packages/airflow/example_dags/example_sensor_decorator.py
[2026-05-10T17:05:34.428+0000] {processor.py:840} INFO - DAG(s) 'example_sensor_decorator' retrieved from /home/airflow/.local/lib/python3.12/site-packages/airflow/example_dags/example_sensor_decorator.py
[2026-05-10T17:05:34.459+0000] {logging_mixin.py:188} INFO - [2026-05-10T17:05:34.459+0000] {dag.py:3089} INFO - Sync 1 DAGs
[2026-05-10T17:05:34.478+0000] {logging_mixin.py:188} INFO - [2026-05-10T17:05:34.477+0000] {dag.py:3947} INFO - Setting next_dagrun for example_sensor_decorator to None, run_after=None
[2026-05-10T17:05:34.533+0000] {processor.py:183} INFO - Processing /home/airflow/.local/lib/python3.12/site-packages/airflow/example_dags/example_sensor_decorator.py took 0.126 seconds
[2026-05-10T17:06:05.676+0000] {processor.py:161} INFO - Started process (PID=38008) to work on /home/airflow/.local/lib/python3.12/site-packages/airflow/example_dags/example_sensor_decorator.py
[2026-05-10T17:06:05.678+0000] {processor.py:830} INFO - Processing file /home/airflow/.local/lib/python3.12/site-packages/airflow/example_dags/example_sensor_decorator.py for tasks to queue
[2026-05-10T17:06:05.681+0000] {logging_mixin.py:188} INFO - [2026-05-10T17:06:05.679+0000] {dagbag.py:545} INFO - Filling up the DagBag from /home/airflow/.local/lib/python3.12/site-packages/airflow/example_dags/example_sensor_decorator.py
[2026-05-10T17:06:05.692+0000] {processor.py:840} INFO - DAG(s) 'example_sensor_decorator' retrieved from /home/airflow/.local/lib/python3.12/site-packages/airflow/example_dags/example_sensor_decorator.py
[2026-05-10T17:06:05.730+0000] {logging_mixin.py:188} INFO - [2026-05-10T17:06:05.729+0000] {dag.py:3089} INFO - Sync 1 DAGs
[2026-05-10T17:06:05.751+0000] {logging_mixin.py:188} INFO - [2026-05-10T17:06:05.751+0000] {dag.py:3947} INFO - Setting next_dagrun for example_sensor_decorator to None, run_after=None
[2026-05-10T17:06:06.091+0000] {processor.py:183} INFO - Processing /home/airflow/.local/lib/python3.12/site-packages/airflow/example_dags/example_sensor_decorator.py took 0.427 seconds
[2026-05-10T17:06:36.782+0000] {processor.py:161} INFO - Started process (PID=38076) to work on /home/airflow/.local/lib/python3.12/site-packages/airflow/example_dags/example_sensor_decorator.py
[2026-05-10T17:06:36.789+0000] {processor.py:830} INFO - Processing file /home/airflow/.local/lib/python3.12/site-packages/airflow/example_dags/example_sensor_decorator.py for tasks to queue
[2026-05-10T17:06:36.791+0000] {logging_mixin.py:188} INFO - [2026-05-10T17:06:36.790+0000] {dagbag.py:545} INFO - Filling up the DagBag from /home/airflow/.local/lib/python3.12/site-packages/airflow/example_dags/example_sensor_decorator.py
[2026-05-10T17:06:36.800+0000] {processor.py:840} INFO - DAG(s) 'example_sensor_decorator' retrieved from /home/airflow/.local/lib/python3.12/site-packages/airflow/example_dags/example_sensor_decorator.py
[2026-05-10T17:06:36.836+0000] {logging_mixin.py:188} INFO - [2026-05-10T17:06:36.836+0000] {dag.py:3089} INFO - Sync 1 DAGs
[2026-05-10T17:06:36.854+0000] {logging_mixin.py:188} INFO - [2026-05-10T17:06:36.854+0000] {dag.py:3947} INFO - Setting next_dagrun for example_sensor_decorator to None, run_after=None
[2026-05-10T17:06:37.168+0000] {processor.py:183} INFO - Processing /home/airflow/.local/lib/python3.12/site-packages/airflow/example_dags/example_sensor_decorator.py took 0.397 seconds
[2026-05-10T17:07:07.503+0000] {processor.py:161} INFO - Started process (PID=38144) to work on /home/airflow/.local/lib/python3.12/site-packages/airflow/example_dags/example_sensor_decorator.py
[2026-05-10T17:07:07.505+0000] {processor.py:830} INFO - Processing file /home/airflow/.local/lib/python3.12/site-packages/airflow/example_dags/example_sensor_decorator.py for tasks to queue
[2026-05-10T17:07:07.507+0000] {logging_mixin.py:188} INFO - [2026-05-10T17:07:07.506+0000] {dagbag.py:545} INFO - Filling up the DagBag from /home/airflow/.local/lib/python3.12/site-packages/airflow/example_dags/example_sensor_decorator.py
[2026-05-10T17:07:07.520+0000] {processor.py:840} INFO - DAG(s) 'example_sensor_decorator' retrieved from /home/airflow/.local/lib/python3.12/site-packages/airflow/example_dags/example_sensor_decorator.py
[2026-05-10T17:07:07.559+0000] {logging_mixin.py:188} INFO - [2026-05-10T17:07:07.559+0000] {dag.py:3089} INFO - Sync 1 DAGs
[2026-05-10T17:07:07.579+0000] {logging_mixin.py:188} INFO - [2026-05-10T17:07:07.578+0000] {dag.py:3947} INFO - Setting next_dagrun for example_sensor_decorator to None, run_after=None
[2026-05-10T17:07:07.643+0000] {processor.py:183} INFO - Processing /home/airflow/.local/lib/python3.12/site-packages/airflow/example_dags/example_sensor_decorator.py took 0.150 seconds
[2026-05-10T17:07:38.120+0000] {processor.py:161} INFO - Started process (PID=38212) to work on /home/airflow/.local/lib/python3.12/site-packages/airflow/example_dags/example_sensor_decorator.py
[2026-05-10T17:07:38.121+0000] {processor.py:830} INFO - Processing file /home/airflow/.local/lib/python3.12/site-packages/airflow/example_dags/example_sensor_decorator.py for tasks to queue
[2026-05-10T17:07:38.123+0000] {logging_mixin.py:188} INFO - [2026-05-10T17:07:38.123+0000] {dagbag.py:545} INFO - Filling up the DagBag from /home/airflow/.local/lib/python3.12/site-packages/airflow/example_dags/example_sensor_decorator.py
[2026-05-10T17:07:38.132+0000] {processor.py:840} INFO - DAG(s) 'example_sensor_decorator' retrieved from /home/airflow/.local/lib/python3.12/site-packages/airflow/example_dags/example_sensor_decorator.py
[2026-05-10T17:07:38.166+0000] {logging_mixin.py:188} INFO - [2026-05-10T17:07:38.165+0000] {dag.py:3089} INFO - Sync 1 DAGs
[2026-05-10T17:07:38.183+0000] {logging_mixin.py:188} INFO - [2026-05-10T17:07:38.183+0000] {dag.py:3947} INFO - Setting next_dagrun for example_sensor_decorator to None, run_after=None
[2026-05-10T17:07:38.248+0000] {processor.py:183} INFO - Processing /home/airflow/.local/lib/python3.12/site-packages/airflow/example_dags/example_sensor_decorator.py took 0.138 seconds
[2026-05-10T17:08:08.557+0000] {processor.py:161} INFO - Started process (PID=38288) to work on /home/airflow/.local/lib/python3.12/site-packages/airflow/example_dags/example_sensor_decorator.py
[2026-05-10T17:08:08.559+0000] {processor.py:830} INFO - Processing file /home/airflow/.local/lib/python3.12/site-packages/airflow/example_dags/example_sensor_decorator.py for tasks to queue
[2026-05-10T17:08:08.561+0000] {logging_mixin.py:188} INFO - [2026-05-10T17:08:08.560+0000] {dagbag.py:545} INFO - Filling up the DagBag from /home/airflow/.local/lib/python3.12/site-packages/airflow/example_dags/example_sensor_decorator.py
[2026-05-10T17:08:08.572+0000] {processor.py:840} INFO - DAG(s) 'example_sensor_decorator' retrieved from /home/airflow/.local/lib/python3.12/site-packages/airflow/example_dags/example_sensor_decorator.py
[2026-05-10T17:08:08.602+0000] {logging_mixin.py:188} INFO - [2026-05-10T17:08:08.601+0000] {dag.py:3089} INFO - Sync 1 DAGs
[2026-05-10T17:08:08.619+0000] {logging_mixin.py:188} INFO - [2026-05-10T17:08:08.619+0000] {dag.py:3947} INFO - Setting next_dagrun for example_sensor_decorator to None, run_after=None
[2026-05-10T17:08:08.655+0000] {processor.py:183} INFO - Processing /home/airflow/.local/lib/python3.12/site-packages/airflow/example_dags/example_sensor_decorator.py took 0.109 seconds
[2026-05-10T17:08:39.263+0000] {processor.py:161} INFO - Started process (PID=38356) to work on /home/airflow/.local/lib/python3.12/site-packages/airflow/example_dags/example_sensor_decorator.py
[2026-05-10T17:08:39.265+0000] {processor.py:830} INFO - Processing file /home/airflow/.local/lib/python3.12/site-packages/airflow/example_dags/example_sensor_decorator.py for tasks to queue
[2026-05-10T17:08:39.267+0000] {logging_mixin.py:188} INFO - [2026-05-10T17:08:39.267+0000] {dagbag.py:545} INFO - Filling up the DagBag from /home/airflow/.local/lib/python3.12/site-packages/airflow/example_dags/example_sensor_decorator.py
[2026-05-10T17:08:39.277+0000] {processor.py:840} INFO - DAG(s) 'example_sensor_decorator' retrieved from /home/airflow/.local/lib/python3.12/site-packages/airflow/example_dags/example_sensor_decorator.py
[2026-05-10T17:08:39.308+0000] {logging_mixin.py:188} INFO - [2026-05-10T17:08:39.308+0000] {dag.py:3089} INFO - Sync 1 DAGs
[2026-05-10T17:08:39.326+0000] {logging_mixin.py:188} INFO - [2026-05-10T17:08:39.325+0000] {dag.py:3947} INFO - Setting next_dagrun for example_sensor_decorator to None, run_after=None
[2026-05-10T17:08:39.353+0000] {processor.py:183} INFO - Processing /home/airflow/.local/lib/python3.12/site-packages/airflow/example_dags/example_sensor_decorator.py took 0.100 seconds
[2026-05-10T17:09:09.872+0000] {processor.py:161} INFO - Started process (PID=38424) to work on /home/airflow/.local/lib/python3.12/site-packages/airflow/example_dags/example_sensor_decorator.py
[2026-05-10T17:09:09.874+0000] {processor.py:830} INFO - Processing file /home/airflow/.local/lib/python3.12/site-packages/airflow/example_dags/example_sensor_decorator.py for tasks to queue
[2026-05-10T17:09:09.876+0000] {logging_mixin.py:188} INFO - [2026-05-10T17:09:09.876+0000] {dagbag.py:545} INFO - Filling up the DagBag from /home/airflow/.local/lib/python3.12/site-packages/airflow/example_dags/example_sensor_decorator.py
[2026-05-10T17:09:09.887+0000] {processor.py:840} INFO - DAG(s) 'example_sensor_decorator' retrieved from /home/airflow/.local/lib/python3.12/site-packages/airflow/example_dags/example_sensor_decorator.py
[2026-05-10T17:09:09.924+0000] {logging_mixin.py:188} INFO - [2026-05-10T17:09:09.924+0000] {dag.py:3089} INFO - Sync 1 DAGs
[2026-05-10T17:09:09.943+0000] {logging_mixin.py:188} INFO - [2026-05-10T17:09:09.943+0000] {dag.py:3947} INFO - Setting next_dagrun for example_sensor_decorator to None, run_after=None
[2026-05-10T17:09:09.973+0000] {processor.py:183} INFO - Processing /home/airflow/.local/lib/python3.12/site-packages/airflow/example_dags/example_sensor_decorator.py took 0.114 seconds
[2026-05-10T17:09:40.335+0000] {processor.py:161} INFO - Started process (PID=38492) to work on /home/airflow/.local/lib/python3.12/site-packages/airflow/example_dags/example_sensor_decorator.py
[2026-05-10T17:09:40.337+0000] {processor.py:830} INFO - Processing file /home/airflow/.local/lib/python3.12/site-packages/airflow/example_dags/example_sensor_decorator.py for tasks to queue
[2026-05-10T17:09:40.339+0000] {logging_mixin.py:188} INFO - [2026-05-10T17:09:40.338+0000] {dagbag.py:545} INFO - Filling up the DagBag from /home/airflow/.local/lib/python3.12/site-packages/airflow/example_dags/example_sensor_decorator.py
[2026-05-10T17:09:40.350+0000] {processor.py:840} INFO - DAG(s) 'example_sensor_decorator' retrieved from /home/airflow/.local/lib/python3.12/site-packages/airflow/example_dags/example_sensor_decorator.py
[2026-05-10T17:09:40.383+0000] {logging_mixin.py:188} INFO - [2026-05-10T17:09:40.382+0000] {dag.py:3089} INFO - Sync 1 DAGs
[2026-05-10T17:09:40.401+0000] {logging_mixin.py:188} INFO - [2026-05-10T17:09:40.401+0000] {dag.py:3947} INFO - Setting next_dagrun for example_sensor_decorator to None, run_after=None
[2026-05-10T17:09:40.431+0000] {processor.py:183} INFO - Processing /home/airflow/.local/lib/python3.12/site-packages/airflow/example_dags/example_sensor_decorator.py took 0.106 seconds
[2026-05-10T17:10:11.246+0000] {processor.py:161} INFO - Started process (PID=38567) to work on /home/airflow/.local/lib/python3.12/site-packages/airflow/example_dags/example_sensor_decorator.py
[2026-05-10T17:10:11.248+0000] {processor.py:830} INFO - Processing file /home/airflow/.local/lib/python3.12/site-packages/airflow/example_dags/example_sensor_decorator.py for tasks to queue
[2026-05-10T17:10:11.250+0000] {logging_mixin.py:188} INFO - [2026-05-10T17:10:11.249+0000] {dagbag.py:545} INFO - Filling up the DagBag from /home/airflow/.local/lib/python3.12/site-packages/airflow/example_dags/example_sensor_decorator.py
[2026-05-10T17:10:11.260+0000] {processor.py:840} INFO - DAG(s) 'example_sensor_decorator' retrieved from /home/airflow/.local/lib/python3.12/site-packages/airflow/example_dags/example_sensor_decorator.py
[2026-05-10T17:10:11.295+0000] {logging_mixin.py:188} INFO - [2026-05-10T17:10:11.294+0000] {dag.py:3089} INFO - Sync 1 DAGs
[2026-05-10T17:10:11.318+0000] {logging_mixin.py:188} INFO - [2026-05-10T17:10:11.318+0000] {dag.py:3947} INFO - Setting next_dagrun for example_sensor_decorator to None, run_after=None
[2026-05-10T17:10:11.349+0000] {processor.py:183} INFO - Processing /home/airflow/.local/lib/python3.12/site-packages/airflow/example_dags/example_sensor_decorator.py took 0.112 seconds
[2026-05-10T17:10:41.615+0000] {processor.py:161} INFO - Started process (PID=38634) to work on /home/airflow/.local/lib/python3.12/site-packages/airflow/example_dags/example_sensor_decorator.py
[2026-05-10T17:10:41.617+0000] {processor.py:830} INFO - Processing file /home/airflow/.local/lib/python3.12/site-packages/airflow/example_dags/example_sensor_decorator.py for tasks to queue
[2026-05-10T17:10:41.619+0000] {logging_mixin.py:188} INFO - [2026-05-10T17:10:41.618+0000] {dagbag.py:545} INFO - Filling up the DagBag from /home/airflow/.local/lib/python3.12/site-packages/airflow/example_dags/example_sensor_decorator.py
[2026-05-10T17:10:41.629+0000] {processor.py:840} INFO - DAG(s) 'example_sensor_decorator' retrieved from /home/airflow/.local/lib/python3.12/site-packages/airflow/example_dags/example_sensor_decorator.py
[2026-05-10T17:10:41.667+0000] {logging_mixin.py:188} INFO - [2026-05-10T17:10:41.667+0000] {dag.py:3089} INFO - Sync 1 DAGs
[2026-05-10T17:10:41.689+0000] {logging_mixin.py:188} INFO - [2026-05-10T17:10:41.688+0000] {dag.py:3947} INFO - Setting next_dagrun for example_sensor_decorator to None, run_after=None
[2026-05-10T17:10:41.718+0000] {processor.py:183} INFO - Processing /home/airflow/.local/lib/python3.12/site-packages/airflow/example_dags/example_sensor_decorator.py took 0.113 seconds
[2026-05-10T17:11:12.017+0000] {processor.py:161} INFO - Started process (PID=38702) to work on /home/airflow/.local/lib/python3.12/site-packages/airflow/example_dags/example_sensor_decorator.py
[2026-05-10T17:11:12.019+0000] {processor.py:830} INFO - Processing file /home/airflow/.local/lib/python3.12/site-packages/airflow/example_dags/example_sensor_decorator.py for tasks to queue
[2026-05-10T17:11:12.021+0000] {logging_mixin.py:188} INFO - [2026-05-10T17:11:12.021+0000] {dagbag.py:545} INFO - Filling up the DagBag from /home/airflow/.local/lib/python3.12/site-packages/airflow/example_dags/example_sensor_decorator.py
[2026-05-10T17:11:12.031+0000] {processor.py:840} INFO - DAG(s) 'example_sensor_decorator' retrieved from /home/airflow/.local/lib/python3.12/site-packages/airflow/example_dags/example_sensor_decorator.py
[2026-05-10T17:11:12.066+0000] {logging_mixin.py:188} INFO - [2026-05-10T17:11:12.065+0000] {dag.py:3089} INFO - Sync 1 DAGs
[2026-05-10T17:11:12.085+0000] {logging_mixin.py:188} INFO - [2026-05-10T17:11:12.084+0000] {dag.py:3947} INFO - Setting next_dagrun for example_sensor_decorator to None, run_after=None
[2026-05-10T17:11:12.113+0000] {processor.py:183} INFO - Processing /home/airflow/.local/lib/python3.12/site-packages/airflow/example_dags/example_sensor_decorator.py took 0.105 seconds
[2026-05-10T17:11:42.969+0000] {processor.py:161} INFO - Started process (PID=38769) to work on /home/airflow/.local/lib/python3.12/site-packages/airflow/example_dags/example_sensor_decorator.py
[2026-05-10T17:11:42.971+0000] {processor.py:830} INFO - Processing file /home/airflow/.local/lib/python3.12/site-packages/airflow/example_dags/example_sensor_decorator.py for tasks to queue
[2026-05-10T17:11:42.973+0000] {logging_mixin.py:188} INFO - [2026-05-10T17:11:42.972+0000] {dagbag.py:545} INFO - Filling up the DagBag from /home/airflow/.local/lib/python3.12/site-packages/airflow/example_dags/example_sensor_decorator.py
[2026-05-10T17:11:42.984+0000] {processor.py:840} INFO - DAG(s) 'example_sensor_decorator' retrieved from /home/airflow/.local/lib/python3.12/site-packages/airflow/example_dags/example_sensor_decorator.py
[2026-05-10T17:11:43.022+0000] {logging_mixin.py:188} INFO - [2026-05-10T17:11:43.021+0000] {dag.py:3089} INFO - Sync 1 DAGs
[2026-05-10T17:11:43.042+0000] {logging_mixin.py:188} INFO - [2026-05-10T17:11:43.041+0000] {dag.py:3947} INFO - Setting next_dagrun for example_sensor_decorator to None, run_after=None
[2026-05-10T17:11:43.106+0000] {processor.py:183} INFO - Processing /home/airflow/.local/lib/python3.12/site-packages/airflow/example_dags/example_sensor_decorator.py took 0.149 seconds
[2026-05-10T17:12:13.446+0000] {processor.py:161} INFO - Started process (PID=38844) to work on /home/airflow/.local/lib/python3.12/site-packages/airflow/example_dags/example_sensor_decorator.py
[2026-05-10T17:12:13.448+0000] {processor.py:830} INFO - Processing file /home/airflow/.local/lib/python3.12/site-packages/airflow/example_dags/example_sensor_decorator.py for tasks to queue
[2026-05-10T17:12:13.451+0000] {logging_mixin.py:188} INFO - [2026-05-10T17:12:13.450+0000] {dagbag.py:545} INFO - Filling up the DagBag from /home/airflow/.local/lib/python3.12/site-packages/airflow/example_dags/example_sensor_decorator.py
[2026-05-10T17:12:13.462+0000] {processor.py:840} INFO - DAG(s) 'example_sensor_decorator' retrieved from /home/airflow/.local/lib/python3.12/site-packages/airflow/example_dags/example_sensor_decorator.py
[2026-05-10T17:12:13.497+0000] {logging_mixin.py:188} INFO - [2026-05-10T17:12:13.497+0000] {dag.py:3089} INFO - Sync 1 DAGs
[2026-05-10T17:12:13.515+0000] {logging_mixin.py:188} INFO - [2026-05-10T17:12:13.515+0000] {dag.py:3947} INFO - Setting next_dagrun for example_sensor_decorator to None, run_after=None
[2026-05-10T17:12:13.545+0000] {processor.py:183} INFO - Processing /home/airflow/.local/lib/python3.12/site-packages/airflow/example_dags/example_sensor_decorator.py took 0.108 seconds
[2026-05-10T17:12:43.832+0000] {processor.py:161} INFO - Started process (PID=38912) to work on /home/airflow/.local/lib/python3.12/site-packages/airflow/example_dags/example_sensor_decorator.py
[2026-05-10T17:12:43.834+0000] {processor.py:830} INFO - Processing file /home/airflow/.local/lib/python3.12/site-packages/airflow/example_dags/example_sensor_decorator.py for tasks to queue
[2026-05-10T17:12:43.836+0000] {logging_mixin.py:188} INFO - [2026-05-10T17:12:43.836+0000] {dagbag.py:545} INFO - Filling up the DagBag from /home/airflow/.local/lib/python3.12/site-packages/airflow/example_dags/example_sensor_decorator.py
[2026-05-10T17:12:43.846+0000] {processor.py:840} INFO - DAG(s) 'example_sensor_decorator' retrieved from /home/airflow/.local/lib/python3.12/site-packages/airflow/example_dags/example_sensor_decorator.py
[2026-05-10T17:12:43.878+0000] {logging_mixin.py:188} INFO - [2026-05-10T17:12:43.878+0000] {dag.py:3089} INFO - Sync 1 DAGs
[2026-05-10T17:12:43.897+0000] {logging_mixin.py:188} INFO - [2026-05-10T17:12:43.896+0000] {dag.py:3947} INFO - Setting next_dagrun for example_sensor_decorator to None, run_after=None
[2026-05-10T17:12:43.931+0000] {processor.py:183} INFO - Processing /home/airflow/.local/lib/python3.12/site-packages/airflow/example_dags/example_sensor_decorator.py took 0.109 seconds
[2026-05-10T17:13:14.490+0000] {processor.py:161} INFO - Started process (PID=38980) to work on /home/airflow/.local/lib/python3.12/site-packages/airflow/example_dags/example_sensor_decorator.py
[2026-05-10T17:13:14.492+0000] {processor.py:830} INFO - Processing file /home/airflow/.local/lib/python3.12/site-packages/airflow/example_dags/example_sensor_decorator.py for tasks to queue
[2026-05-10T17:13:14.494+0000] {logging_mixin.py:188} INFO - [2026-05-10T17:13:14.494+0000] {dagbag.py:545} INFO - Filling up the DagBag from /home/airflow/.local/lib/python3.12/site-packages/airflow/example_dags/example_sensor_decorator.py
[2026-05-10T17:13:14.504+0000] {processor.py:840} INFO - DAG(s) 'example_sensor_decorator' retrieved from /home/airflow/.local/lib/python3.12/site-packages/airflow/example_dags/example_sensor_decorator.py
[2026-05-10T17:13:14.539+0000] {logging_mixin.py:188} INFO - [2026-05-10T17:13:14.539+0000] {dag.py:3089} INFO - Sync 1 DAGs
[2026-05-10T17:13:14.560+0000] {logging_mixin.py:188} INFO - [2026-05-10T17:13:14.559+0000] {dag.py:3947} INFO - Setting next_dagrun for example_sensor_decorator to None, run_after=None
[2026-05-10T17:13:14.593+0000] {processor.py:183} INFO - Processing /home/airflow/.local/lib/python3.12/site-packages/airflow/example_dags/example_sensor_decorator.py took 0.113 seconds
[2026-05-10T17:13:45.205+0000] {processor.py:161} INFO - Started process (PID=39048) to work on /home/airflow/.local/lib/python3.12/site-packages/airflow/example_dags/example_sensor_decorator.py
[2026-05-10T17:13:45.208+0000] {processor.py:830} INFO - Processing file /home/airflow/.local/lib/python3.12/site-packages/airflow/example_dags/example_sensor_decorator.py for tasks to queue
[2026-05-10T17:13:45.209+0000] {logging_mixin.py:188} INFO - [2026-05-10T17:13:45.209+0000] {dagbag.py:545} INFO - Filling up the DagBag from /home/airflow/.local/lib/python3.12/site-packages/airflow/example_dags/example_sensor_decorator.py
[2026-05-10T17:13:45.220+0000] {processor.py:840} INFO - DAG(s) 'example_sensor_decorator' retrieved from /home/airflow/.local/lib/python3.12/site-packages/airflow/example_dags/example_sensor_decorator.py
[2026-05-10T17:13:45.257+0000] {logging_mixin.py:188} INFO - [2026-05-10T17:13:45.257+0000] {dag.py:3089} INFO - Sync 1 DAGs
[2026-05-10T17:13:45.279+0000] {logging_mixin.py:188} INFO - [2026-05-10T17:13:45.278+0000] {dag.py:3947} INFO - Setting next_dagrun for example_sensor_decorator to None, run_after=None
[2026-05-10T17:13:45.318+0000] {processor.py:183} INFO - Processing /home/airflow/.local/lib/python3.12/site-packages/airflow/example_dags/example_sensor_decorator.py took 0.122 seconds
[2026-05-10T17:14:16.075+0000] {processor.py:161} INFO - Started process (PID=39125) to work on /home/airflow/.local/lib/python3.12/site-packages/airflow/example_dags/example_sensor_decorator.py
[2026-05-10T17:14:16.077+0000] {processor.py:830} INFO - Processing file /home/airflow/.local/lib/python3.12/site-packages/airflow/example_dags/example_sensor_decorator.py for tasks to queue
[2026-05-10T17:14:16.078+0000] {logging_mixin.py:188} INFO - [2026-05-10T17:14:16.078+0000] {dagbag.py:545} INFO - Filling up the DagBag from /home/airflow/.local/lib/python3.12/site-packages/airflow/example_dags/example_sensor_decorator.py
[2026-05-10T17:14:16.088+0000] {processor.py:840} INFO - DAG(s) 'example_sensor_decorator' retrieved from /home/airflow/.local/lib/python3.12/site-packages/airflow/example_dags/example_sensor_decorator.py
[2026-05-10T17:14:16.122+0000] {logging_mixin.py:188} INFO - [2026-05-10T17:14:16.122+0000] {dag.py:3089} INFO - Sync 1 DAGs
[2026-05-10T17:14:16.139+0000] {logging_mixin.py:188} INFO - [2026-05-10T17:14:16.139+0000] {dag.py:3947} INFO - Setting next_dagrun for example_sensor_decorator to None, run_after=None
[2026-05-10T17:14:16.169+0000] {processor.py:183} INFO - Processing /home/airflow/.local/lib/python3.12/site-packages/airflow/example_dags/example_sensor_decorator.py took 0.104 seconds
[2026-05-10T17:14:46.420+0000] {processor.py:161} INFO - Started process (PID=39192) to work on /home/airflow/.local/lib/python3.12/site-packages/airflow/example_dags/example_sensor_decorator.py
[2026-05-10T17:14:46.422+0000] {processor.py:830} INFO - Processing file /home/airflow/.local/lib/python3.12/site-packages/airflow/example_dags/example_sensor_decorator.py for tasks to queue
[2026-05-10T17:14:46.424+0000] {logging_mixin.py:188} INFO - [2026-05-10T17:14:46.423+0000] {dagbag.py:545} INFO - Filling up the DagBag from /home/airflow/.local/lib/python3.12/site-packages/airflow/example_dags/example_sensor_decorator.py
[2026-05-10T17:14:46.435+0000] {processor.py:840} INFO - DAG(s) 'example_sensor_decorator' retrieved from /home/airflow/.local/lib/python3.12/site-packages/airflow/example_dags/example_sensor_decorator.py
[2026-05-10T17:14:46.471+0000] {logging_mixin.py:188} INFO - [2026-05-10T17:14:46.471+0000] {dag.py:3089} INFO - Sync 1 DAGs
[2026-05-10T17:14:46.494+0000] {logging_mixin.py:188} INFO - [2026-05-10T17:14:46.493+0000] {dag.py:3947} INFO - Setting next_dagrun for example_sensor_decorator to None, run_after=None
[2026-05-10T17:14:46.526+0000] {processor.py:183} INFO - Processing /home/airflow/.local/lib/python3.12/site-packages/airflow/example_dags/example_sensor_decorator.py took 0.116 seconds
[2026-05-10T17:15:16.952+0000] {processor.py:161} INFO - Started process (PID=39260) to work on /home/airflow/.local/lib/python3.12/site-packages/airflow/example_dags/example_sensor_decorator.py
[2026-05-10T17:15:16.954+0000] {processor.py:830} INFO - Processing file /home/airflow/.local/lib/python3.12/site-packages/airflow/example_dags/example_sensor_decorator.py for tasks to queue
[2026-05-10T17:15:16.956+0000] {logging_mixin.py:188} INFO - [2026-05-10T17:15:16.955+0000] {dagbag.py:545} INFO - Filling up the DagBag from /home/airflow/.local/lib/python3.12/site-packages/airflow/example_dags/example_sensor_decorator.py
[2026-05-10T17:15:16.965+0000] {processor.py:840} INFO - DAG(s) 'example_sensor_decorator' retrieved from /home/airflow/.local/lib/python3.12/site-packages/airflow/example_dags/example_sensor_decorator.py
[2026-05-10T17:15:16.998+0000] {logging_mixin.py:188} INFO - [2026-05-10T17:15:16.998+0000] {dag.py:3089} INFO - Sync 1 DAGs
[2026-05-10T17:15:17.017+0000] {logging_mixin.py:188} INFO - [2026-05-10T17:15:17.016+0000] {dag.py:3947} INFO - Setting next_dagrun for example_sensor_decorator to None, run_after=None
[2026-05-10T17:15:17.047+0000] {processor.py:183} INFO - Processing /home/airflow/.local/lib/python3.12/site-packages/airflow/example_dags/example_sensor_decorator.py took 0.105 seconds
[2026-05-10T17:15:48.429+0000] {processor.py:161} INFO - Started process (PID=39327) to work on /home/airflow/.local/lib/python3.12/site-packages/airflow/example_dags/example_sensor_decorator.py
[2026-05-10T17:15:48.432+0000] {processor.py:830} INFO - Processing file /home/airflow/.local/lib/python3.12/site-packages/airflow/example_dags/example_sensor_decorator.py for tasks to queue
[2026-05-10T17:15:48.434+0000] {logging_mixin.py:188} INFO - [2026-05-10T17:15:48.433+0000] {dagbag.py:545} INFO - Filling up the DagBag from /home/airflow/.local/lib/python3.12/site-packages/airflow/example_dags/example_sensor_decorator.py
[2026-05-10T17:15:48.443+0000] {processor.py:840} INFO - DAG(s) 'example_sensor_decorator' retrieved from /home/airflow/.local/lib/python3.12/site-packages/airflow/example_dags/example_sensor_decorator.py
[2026-05-10T17:15:48.477+0000] {logging_mixin.py:188} INFO - [2026-05-10T17:15:48.477+0000] {dag.py:3089} INFO - Sync 1 DAGs
[2026-05-10T17:15:48.495+0000] {logging_mixin.py:188} INFO - [2026-05-10T17:15:48.495+0000] {dag.py:3947} INFO - Setting next_dagrun for example_sensor_decorator to None, run_after=None
[2026-05-10T17:15:48.525+0000] {processor.py:183} INFO - Processing /home/airflow/.local/lib/python3.12/site-packages/airflow/example_dags/example_sensor_decorator.py took 0.105 seconds
[2026-05-10T17:16:19.421+0000] {processor.py:161} INFO - Started process (PID=39402) to work on /home/airflow/.local/lib/python3.12/site-packages/airflow/example_dags/example_sensor_decorator.py
[2026-05-10T17:16:19.426+0000] {processor.py:830} INFO - Processing file /home/airflow/.local/lib/python3.12/site-packages/airflow/example_dags/example_sensor_decorator.py for tasks to queue
[2026-05-10T17:16:19.429+0000] {logging_mixin.py:188} INFO - [2026-05-10T17:16:19.428+0000] {dagbag.py:545} INFO - Filling up the DagBag from /home/airflow/.local/lib/python3.12/site-packages/airflow/example_dags/example_sensor_decorator.py
[2026-05-10T17:16:19.438+0000] {processor.py:840} INFO - DAG(s) 'example_sensor_decorator' retrieved from /home/airflow/.local/lib/python3.12/site-packages/airflow/example_dags/example_sensor_decorator.py
[2026-05-10T17:16:19.470+0000] {logging_mixin.py:188} INFO - [2026-05-10T17:16:19.470+0000] {dag.py:3089} INFO - Sync 1 DAGs
[2026-05-10T17:16:19.489+0000] {logging_mixin.py:188} INFO - [2026-05-10T17:16:19.488+0000] {dag.py:3947} INFO - Setting next_dagrun for example_sensor_decorator to None, run_after=None
[2026-05-10T17:16:19.545+0000] {processor.py:183} INFO - Processing /home/airflow/.local/lib/python3.12/site-packages/airflow/example_dags/example_sensor_decorator.py took 0.134 seconds
[2026-05-10T17:16:50.035+0000] {processor.py:161} INFO - Started process (PID=39469) to work on /home/airflow/.local/lib/python3.12/site-packages/airflow/example_dags/example_sensor_decorator.py
[2026-05-10T17:16:50.037+0000] {processor.py:830} INFO - Processing file /home/airflow/.local/lib/python3.12/site-packages/airflow/example_dags/example_sensor_decorator.py for tasks to queue
[2026-05-10T17:16:50.038+0000] {logging_mixin.py:188} INFO - [2026-05-10T17:16:50.038+0000] {dagbag.py:545} INFO - Filling up the DagBag from /home/airflow/.local/lib/python3.12/site-packages/airflow/example_dags/example_sensor_decorator.py
[2026-05-10T17:16:50.048+0000] {processor.py:840} INFO - DAG(s) 'example_sensor_decorator' retrieved from /home/airflow/.local/lib/python3.12/site-packages/airflow/example_dags/example_sensor_decorator.py
[2026-05-10T17:16:50.084+0000] {logging_mixin.py:188} INFO - [2026-05-10T17:16:50.084+0000] {dag.py:3089} INFO - Sync 1 DAGs
[2026-05-10T17:16:50.103+0000] {logging_mixin.py:188} INFO - [2026-05-10T17:16:50.102+0000] {dag.py:3947} INFO - Setting next_dagrun for example_sensor_decorator to None, run_after=None
[2026-05-10T17:16:50.135+0000] {processor.py:183} INFO - Processing /home/airflow/.local/lib/python3.12/site-packages/airflow/example_dags/example_sensor_decorator.py took 0.109 seconds
[2026-05-10T17:17:20.322+0000] {processor.py:161} INFO - Started process (PID=39537) to work on /home/airflow/.local/lib/python3.12/site-packages/airflow/example_dags/example_sensor_decorator.py
[2026-05-10T17:17:20.324+0000] {processor.py:830} INFO - Processing file /home/airflow/.local/lib/python3.12/site-packages/airflow/example_dags/example_sensor_decorator.py for tasks to queue
[2026-05-10T17:17:20.325+0000] {logging_mixin.py:188} INFO - [2026-05-10T17:17:20.325+0000] {dagbag.py:545} INFO - Filling up the DagBag from /home/airflow/.local/lib/python3.12/site-packages/airflow/example_dags/example_sensor_decorator.py
[2026-05-10T17:17:20.337+0000] {processor.py:840} INFO - DAG(s) 'example_sensor_decorator' retrieved from /home/airflow/.local/lib/python3.12/site-packages/airflow/example_dags/example_sensor_decorator.py
[2026-05-10T17:17:20.371+0000] {logging_mixin.py:188} INFO - [2026-05-10T17:17:20.371+0000] {dag.py:3089} INFO - Sync 1 DAGs
[2026-05-10T17:17:20.389+0000] {logging_mixin.py:188} INFO - [2026-05-10T17:17:20.389+0000] {dag.py:3947} INFO - Setting next_dagrun for example_sensor_decorator to None, run_after=None
[2026-05-10T17:17:20.450+0000] {processor.py:183} INFO - Processing /home/airflow/.local/lib/python3.12/site-packages/airflow/example_dags/example_sensor_decorator.py took 0.138 seconds
[2026-05-10T17:17:50.676+0000] {processor.py:161} INFO - Started process (PID=39605) to work on /home/airflow/.local/lib/python3.12/site-packages/airflow/example_dags/example_sensor_decorator.py
[2026-05-10T17:17:50.678+0000] {processor.py:830} INFO - Processing file /home/airflow/.local/lib/python3.12/site-packages/airflow/example_dags/example_sensor_decorator.py for tasks to queue
[2026-05-10T17:17:50.680+0000] {logging_mixin.py:188} INFO - [2026-05-10T17:17:50.679+0000] {dagbag.py:545} INFO - Filling up the DagBag from /home/airflow/.local/lib/python3.12/site-packages/airflow/example_dags/example_sensor_decorator.py
[2026-05-10T17:17:50.694+0000] {processor.py:840} INFO - DAG(s) 'example_sensor_decorator' retrieved from /home/airflow/.local/lib/python3.12/site-packages/airflow/example_dags/example_sensor_decorator.py
[2026-05-10T17:17:50.730+0000] {logging_mixin.py:188} INFO - [2026-05-10T17:17:50.729+0000] {dag.py:3089} INFO - Sync 1 DAGs
[2026-05-10T17:17:50.748+0000] {logging_mixin.py:188} INFO - [2026-05-10T17:17:50.747+0000] {dag.py:3947} INFO - Setting next_dagrun for example_sensor_decorator to None, run_after=None
[2026-05-10T17:17:50.804+0000] {processor.py:183} INFO - Processing /home/airflow/.local/lib/python3.12/site-packages/airflow/example_dags/example_sensor_decorator.py took 0.136 seconds
[2026-05-10T17:18:21.506+0000] {processor.py:161} INFO - Started process (PID=39673) to work on /home/airflow/.local/lib/python3.12/site-packages/airflow/example_dags/example_sensor_decorator.py
[2026-05-10T17:18:21.507+0000] {processor.py:830} INFO - Processing file /home/airflow/.local/lib/python3.12/site-packages/airflow/example_dags/example_sensor_decorator.py for tasks to queue
[2026-05-10T17:18:21.508+0000] {logging_mixin.py:188} INFO - [2026-05-10T17:18:21.508+0000] {dagbag.py:545} INFO - Filling up the DagBag from /home/airflow/.local/lib/python3.12/site-packages/airflow/example_dags/example_sensor_decorator.py
[2026-05-10T17:18:21.518+0000] {processor.py:840} INFO - DAG(s) 'example_sensor_decorator' retrieved from /home/airflow/.local/lib/python3.12/site-packages/airflow/example_dags/example_sensor_decorator.py
[2026-05-10T17:18:21.551+0000] {logging_mixin.py:188} INFO - [2026-05-10T17:18:21.550+0000] {dag.py:3089} INFO - Sync 1 DAGs
[2026-05-10T17:18:21.570+0000] {logging_mixin.py:188} INFO - [2026-05-10T17:18:21.570+0000] {dag.py:3947} INFO - Setting next_dagrun for example_sensor_decorator to None, run_after=None
[2026-05-10T17:18:21.625+0000] {processor.py:183} INFO - Processing /home/airflow/.local/lib/python3.12/site-packages/airflow/example_dags/example_sensor_decorator.py took 0.130 seconds
[2026-05-10T17:18:52.456+0000] {processor.py:161} INFO - Started process (PID=39748) to work on /home/airflow/.local/lib/python3.12/site-packages/airflow/example_dags/example_sensor_decorator.py
[2026-05-10T17:18:52.458+0000] {processor.py:830} INFO - Processing file /home/airflow/.local/lib/python3.12/site-packages/airflow/example_dags/example_sensor_decorator.py for tasks to queue
[2026-05-10T17:18:52.460+0000] {logging_mixin.py:188} INFO - [2026-05-10T17:18:52.460+0000] {dagbag.py:545} INFO - Filling up the DagBag from /home/airflow/.local/lib/python3.12/site-packages/airflow/example_dags/example_sensor_decorator.py
[2026-05-10T17:18:52.469+0000] {processor.py:840} INFO - DAG(s) 'example_sensor_decorator' retrieved from /home/airflow/.local/lib/python3.12/site-packages/airflow/example_dags/example_sensor_decorator.py
[2026-05-10T17:18:52.506+0000] {logging_mixin.py:188} INFO - [2026-05-10T17:18:52.506+0000] {dag.py:3089} INFO - Sync 1 DAGs
[2026-05-10T17:18:52.526+0000] {logging_mixin.py:188} INFO - [2026-05-10T17:18:52.525+0000] {dag.py:3947} INFO - Setting next_dagrun for example_sensor_decorator to None, run_after=None
[2026-05-10T17:18:52.563+0000] {processor.py:183} INFO - Processing /home/airflow/.local/lib/python3.12/site-packages/airflow/example_dags/example_sensor_decorator.py took 0.115 seconds
[2026-05-10T17:19:23.130+0000] {processor.py:161} INFO - Started process (PID=39816) to work on /home/airflow/.local/lib/python3.12/site-packages/airflow/example_dags/example_sensor_decorator.py
[2026-05-10T17:19:23.132+0000] {processor.py:830} INFO - Processing file /home/airflow/.local/lib/python3.12/site-packages/airflow/example_dags/example_sensor_decorator.py for tasks to queue
[2026-05-10T17:19:23.134+0000] {logging_mixin.py:188} INFO - [2026-05-10T17:19:23.133+0000] {dagbag.py:545} INFO - Filling up the DagBag from /home/airflow/.local/lib/python3.12/site-packages/airflow/example_dags/example_sensor_decorator.py
[2026-05-10T17:19:23.145+0000] {processor.py:840} INFO - DAG(s) 'example_sensor_decorator' retrieved from /home/airflow/.local/lib/python3.12/site-packages/airflow/example_dags/example_sensor_decorator.py
[2026-05-10T17:19:23.177+0000] {logging_mixin.py:188} INFO - [2026-05-10T17:19:23.176+0000] {dag.py:3089} INFO - Sync 1 DAGs
[2026-05-10T17:19:23.195+0000] {logging_mixin.py:188} INFO - [2026-05-10T17:19:23.194+0000] {dag.py:3947} INFO - Setting next_dagrun for example_sensor_decorator to None, run_after=None
[2026-05-10T17:19:23.254+0000] {processor.py:183} INFO - Processing /home/airflow/.local/lib/python3.12/site-packages/airflow/example_dags/example_sensor_decorator.py took 0.132 seconds
[2026-05-10T17:19:54.127+0000] {processor.py:161} INFO - Started process (PID=39884) to work on /home/airflow/.local/lib/python3.12/site-packages/airflow/example_dags/example_sensor_decorator.py
[2026-05-10T17:19:54.130+0000] {processor.py:830} INFO - Processing file /home/airflow/.local/lib/python3.12/site-packages/airflow/example_dags/example_sensor_decorator.py for tasks to queue
[2026-05-10T17:19:54.132+0000] {logging_mixin.py:188} INFO - [2026-05-10T17:19:54.131+0000] {dagbag.py:545} INFO - Filling up the DagBag from /home/airflow/.local/lib/python3.12/site-packages/airflow/example_dags/example_sensor_decorator.py
[2026-05-10T17:19:54.146+0000] {processor.py:840} INFO - DAG(s) 'example_sensor_decorator' retrieved from /home/airflow/.local/lib/python3.12/site-packages/airflow/example_dags/example_sensor_decorator.py
[2026-05-10T17:19:54.195+0000] {logging_mixin.py:188} INFO - [2026-05-10T17:19:54.194+0000] {dag.py:3089} INFO - Sync 1 DAGs
[2026-05-10T17:19:54.220+0000] {logging_mixin.py:188} INFO - [2026-05-10T17:19:54.219+0000] {dag.py:3947} INFO - Setting next_dagrun for example_sensor_decorator to None, run_after=None
[2026-05-10T17:19:54.260+0000] {processor.py:183} INFO - Processing /home/airflow/.local/lib/python3.12/site-packages/airflow/example_dags/example_sensor_decorator.py took 0.145 seconds
[2026-05-10T17:20:24.387+0000] {processor.py:161} INFO - Started process (PID=39960) to work on /home/airflow/.local/lib/python3.12/site-packages/airflow/example_dags/example_sensor_decorator.py
[2026-05-10T17:20:24.389+0000] {processor.py:830} INFO - Processing file /home/airflow/.local/lib/python3.12/site-packages/airflow/example_dags/example_sensor_decorator.py for tasks to queue
[2026-05-10T17:20:24.392+0000] {logging_mixin.py:188} INFO - [2026-05-10T17:20:24.391+0000] {dagbag.py:545} INFO - Filling up the DagBag from /home/airflow/.local/lib/python3.12/site-packages/airflow/example_dags/example_sensor_decorator.py
[2026-05-10T17:20:24.407+0000] {processor.py:840} INFO - DAG(s) 'example_sensor_decorator' retrieved from /home/airflow/.local/lib/python3.12/site-packages/airflow/example_dags/example_sensor_decorator.py
[2026-05-10T17:20:24.449+0000] {logging_mixin.py:188} INFO - [2026-05-10T17:20:24.449+0000] {dag.py:3089} INFO - Sync 1 DAGs
[2026-05-10T17:20:24.481+0000] {logging_mixin.py:188} INFO - [2026-05-10T17:20:24.480+0000] {dag.py:3947} INFO - Setting next_dagrun for example_sensor_decorator to None, run_after=None
[2026-05-10T17:20:24.527+0000] {processor.py:183} INFO - Processing /home/airflow/.local/lib/python3.12/site-packages/airflow/example_dags/example_sensor_decorator.py took 0.150 seconds
[2026-05-10T17:20:55.404+0000] {processor.py:161} INFO - Started process (PID=40028) to work on /home/airflow/.local/lib/python3.12/site-packages/airflow/example_dags/example_sensor_decorator.py
[2026-05-10T17:20:55.409+0000] {processor.py:830} INFO - Processing file /home/airflow/.local/lib/python3.12/site-packages/airflow/example_dags/example_sensor_decorator.py for tasks to queue
[2026-05-10T17:20:55.412+0000] {logging_mixin.py:188} INFO - [2026-05-10T17:20:55.412+0000] {dagbag.py:545} INFO - Filling up the DagBag from /home/airflow/.local/lib/python3.12/site-packages/airflow/example_dags/example_sensor_decorator.py
[2026-05-10T17:20:55.423+0000] {processor.py:840} INFO - DAG(s) 'example_sensor_decorator' retrieved from /home/airflow/.local/lib/python3.12/site-packages/airflow/example_dags/example_sensor_decorator.py
[2026-05-10T17:20:55.447+0000] {logging_mixin.py:188} INFO - [2026-05-10T17:20:55.446+0000] {dag.py:3089} INFO - Sync 1 DAGs
[2026-05-10T17:20:55.459+0000] {logging_mixin.py:188} INFO - [2026-05-10T17:20:55.459+0000] {dag.py:3947} INFO - Setting next_dagrun for example_sensor_decorator to None, run_after=None
[2026-05-10T17:20:55.489+0000] {processor.py:183} INFO - Processing /home/airflow/.local/lib/python3.12/site-packages/airflow/example_dags/example_sensor_decorator.py took 0.103 seconds
[2026-05-10T17:21:25.648+0000] {processor.py:161} INFO - Started process (PID=40103) to work on /home/airflow/.local/lib/python3.12/site-packages/airflow/example_dags/example_sensor_decorator.py
[2026-05-10T17:21:25.649+0000] {processor.py:830} INFO - Processing file /home/airflow/.local/lib/python3.12/site-packages/airflow/example_dags/example_sensor_decorator.py for tasks to queue
[2026-05-10T17:21:25.651+0000] {logging_mixin.py:188} INFO - [2026-05-10T17:21:25.650+0000] {dagbag.py:545} INFO - Filling up the DagBag from /home/airflow/.local/lib/python3.12/site-packages/airflow/example_dags/example_sensor_decorator.py
[2026-05-10T17:21:25.657+0000] {processor.py:840} INFO - DAG(s) 'example_sensor_decorator' retrieved from /home/airflow/.local/lib/python3.12/site-packages/airflow/example_dags/example_sensor_decorator.py
[2026-05-10T17:21:25.682+0000] {logging_mixin.py:188} INFO - [2026-05-10T17:21:25.681+0000] {dag.py:3089} INFO - Sync 1 DAGs
[2026-05-10T17:21:25.695+0000] {logging_mixin.py:188} INFO - [2026-05-10T17:21:25.695+0000] {dag.py:3947} INFO - Setting next_dagrun for example_sensor_decorator to None, run_after=None
[2026-05-10T17:21:25.723+0000] {processor.py:183} INFO - Processing /home/airflow/.local/lib/python3.12/site-packages/airflow/example_dags/example_sensor_decorator.py took 0.081 seconds
[2026-05-10T17:21:56.008+0000] {processor.py:161} INFO - Started process (PID=40171) to work on /home/airflow/.local/lib/python3.12/site-packages/airflow/example_dags/example_sensor_decorator.py
[2026-05-10T17:21:56.009+0000] {processor.py:830} INFO - Processing file /home/airflow/.local/lib/python3.12/site-packages/airflow/example_dags/example_sensor_decorator.py for tasks to queue
[2026-05-10T17:21:56.010+0000] {logging_mixin.py:188} INFO - [2026-05-10T17:21:56.010+0000] {dagbag.py:545} INFO - Filling up the DagBag from /home/airflow/.local/lib/python3.12/site-packages/airflow/example_dags/example_sensor_decorator.py
[2026-05-10T17:21:56.016+0000] {processor.py:840} INFO - DAG(s) 'example_sensor_decorator' retrieved from /home/airflow/.local/lib/python3.12/site-packages/airflow/example_dags/example_sensor_decorator.py
[2026-05-10T17:21:56.040+0000] {logging_mixin.py:188} INFO - [2026-05-10T17:21:56.040+0000] {dag.py:3089} INFO - Sync 1 DAGs
[2026-05-10T17:21:56.055+0000] {logging_mixin.py:188} INFO - [2026-05-10T17:21:56.055+0000] {dag.py:3947} INFO - Setting next_dagrun for example_sensor_decorator to None, run_after=None
[2026-05-10T17:21:56.087+0000] {processor.py:183} INFO - Processing /home/airflow/.local/lib/python3.12/site-packages/airflow/example_dags/example_sensor_decorator.py took 0.086 seconds
[2026-05-10T17:22:26.496+0000] {processor.py:161} INFO - Started process (PID=40239) to work on /home/airflow/.local/lib/python3.12/site-packages/airflow/example_dags/example_sensor_decorator.py
[2026-05-10T17:22:26.497+0000] {processor.py:830} INFO - Processing file /home/airflow/.local/lib/python3.12/site-packages/airflow/example_dags/example_sensor_decorator.py for tasks to queue
[2026-05-10T17:22:26.501+0000] {logging_mixin.py:188} INFO - [2026-05-10T17:22:26.500+0000] {dagbag.py:545} INFO - Filling up the DagBag from /home/airflow/.local/lib/python3.12/site-packages/airflow/example_dags/example_sensor_decorator.py
[2026-05-10T17:22:26.510+0000] {processor.py:840} INFO - DAG(s) 'example_sensor_decorator' retrieved from /home/airflow/.local/lib/python3.12/site-packages/airflow/example_dags/example_sensor_decorator.py
[2026-05-10T17:22:26.536+0000] {logging_mixin.py:188} INFO - [2026-05-10T17:22:26.536+0000] {dag.py:3089} INFO - Sync 1 DAGs
[2026-05-10T17:22:26.547+0000] {logging_mixin.py:188} INFO - [2026-05-10T17:22:26.547+0000] {dag.py:3947} INFO - Setting next_dagrun for example_sensor_decorator to None, run_after=None
[2026-05-10T17:22:26.572+0000] {processor.py:183} INFO - Processing /home/airflow/.local/lib/python3.12/site-packages/airflow/example_dags/example_sensor_decorator.py took 0.085 seconds
[2026-05-10T17:22:56.634+0000] {processor.py:161} INFO - Started process (PID=40314) to work on /home/airflow/.local/lib/python3.12/site-packages/airflow/example_dags/example_sensor_decorator.py
[2026-05-10T17:22:56.636+0000] {processor.py:830} INFO - Processing file /home/airflow/.local/lib/python3.12/site-packages/airflow/example_dags/example_sensor_decorator.py for tasks to queue
[2026-05-10T17:22:56.637+0000] {logging_mixin.py:188} INFO - [2026-05-10T17:22:56.636+0000] {dagbag.py:545} INFO - Filling up the DagBag from /home/airflow/.local/lib/python3.12/site-packages/airflow/example_dags/example_sensor_decorator.py
[2026-05-10T17:22:56.644+0000] {processor.py:840} INFO - DAG(s) 'example_sensor_decorator' retrieved from /home/airflow/.local/lib/python3.12/site-packages/airflow/example_dags/example_sensor_decorator.py
[2026-05-10T17:22:56.669+0000] {logging_mixin.py:188} INFO - [2026-05-10T17:22:56.668+0000] {dag.py:3089} INFO - Sync 1 DAGs
[2026-05-10T17:22:56.688+0000] {logging_mixin.py:188} INFO - [2026-05-10T17:22:56.688+0000] {dag.py:3947} INFO - Setting next_dagrun for example_sensor_decorator to None, run_after=None
[2026-05-10T17:22:56.718+0000] {processor.py:183} INFO - Processing /home/airflow/.local/lib/python3.12/site-packages/airflow/example_dags/example_sensor_decorator.py took 0.089 seconds
[2026-05-10T17:23:26.920+0000] {processor.py:161} INFO - Started process (PID=40382) to work on /home/airflow/.local/lib/python3.12/site-packages/airflow/example_dags/example_sensor_decorator.py
[2026-05-10T17:23:26.922+0000] {processor.py:830} INFO - Processing file /home/airflow/.local/lib/python3.12/site-packages/airflow/example_dags/example_sensor_decorator.py for tasks to queue
[2026-05-10T17:23:26.924+0000] {logging_mixin.py:188} INFO - [2026-05-10T17:23:26.923+0000] {dagbag.py:545} INFO - Filling up the DagBag from /home/airflow/.local/lib/python3.12/site-packages/airflow/example_dags/example_sensor_decorator.py
[2026-05-10T17:23:26.932+0000] {processor.py:840} INFO - DAG(s) 'example_sensor_decorator' retrieved from /home/airflow/.local/lib/python3.12/site-packages/airflow/example_dags/example_sensor_decorator.py
[2026-05-10T17:23:26.959+0000] {logging_mixin.py:188} INFO - [2026-05-10T17:23:26.959+0000] {dag.py:3089} INFO - Sync 1 DAGs
[2026-05-10T17:23:26.971+0000] {logging_mixin.py:188} INFO - [2026-05-10T17:23:26.971+0000] {dag.py:3947} INFO - Setting next_dagrun for example_sensor_decorator to None, run_after=None
[2026-05-10T17:23:26.996+0000] {processor.py:183} INFO - Processing /home/airflow/.local/lib/python3.12/site-packages/airflow/example_dags/example_sensor_decorator.py took 0.082 seconds
[2026-05-10T17:23:57.239+0000] {processor.py:161} INFO - Started process (PID=40450) to work on /home/airflow/.local/lib/python3.12/site-packages/airflow/example_dags/example_sensor_decorator.py
[2026-05-10T17:23:57.241+0000] {processor.py:830} INFO - Processing file /home/airflow/.local/lib/python3.12/site-packages/airflow/example_dags/example_sensor_decorator.py for tasks to queue
[2026-05-10T17:23:57.242+0000] {logging_mixin.py:188} INFO - [2026-05-10T17:23:57.242+0000] {dagbag.py:545} INFO - Filling up the DagBag from /home/airflow/.local/lib/python3.12/site-packages/airflow/example_dags/example_sensor_decorator.py
[2026-05-10T17:23:57.254+0000] {processor.py:840} INFO - DAG(s) 'example_sensor_decorator' retrieved from /home/airflow/.local/lib/python3.12/site-packages/airflow/example_dags/example_sensor_decorator.py
[2026-05-10T17:23:57.286+0000] {logging_mixin.py:188} INFO - [2026-05-10T17:23:57.285+0000] {dag.py:3089} INFO - Sync 1 DAGs
[2026-05-10T17:23:57.304+0000] {logging_mixin.py:188} INFO - [2026-05-10T17:23:57.304+0000] {dag.py:3947} INFO - Setting next_dagrun for example_sensor_decorator to None, run_after=None
[2026-05-10T17:23:57.336+0000] {processor.py:183} INFO - Processing /home/airflow/.local/lib/python3.12/site-packages/airflow/example_dags/example_sensor_decorator.py took 0.105 seconds
[2026-05-10T17:24:27.450+0000] {processor.py:161} INFO - Started process (PID=40525) to work on /home/airflow/.local/lib/python3.12/site-packages/airflow/example_dags/example_sensor_decorator.py
[2026-05-10T17:24:27.452+0000] {processor.py:830} INFO - Processing file /home/airflow/.local/lib/python3.12/site-packages/airflow/example_dags/example_sensor_decorator.py for tasks to queue
[2026-05-10T17:24:27.453+0000] {logging_mixin.py:188} INFO - [2026-05-10T17:24:27.453+0000] {dagbag.py:545} INFO - Filling up the DagBag from /home/airflow/.local/lib/python3.12/site-packages/airflow/example_dags/example_sensor_decorator.py
[2026-05-10T17:24:27.459+0000] {processor.py:840} INFO - DAG(s) 'example_sensor_decorator' retrieved from /home/airflow/.local/lib/python3.12/site-packages/airflow/example_dags/example_sensor_decorator.py
[2026-05-10T17:24:27.490+0000] {logging_mixin.py:188} INFO - [2026-05-10T17:24:27.490+0000] {dag.py:3089} INFO - Sync 1 DAGs
[2026-05-10T17:24:27.505+0000] {logging_mixin.py:188} INFO - [2026-05-10T17:24:27.505+0000] {dag.py:3947} INFO - Setting next_dagrun for example_sensor_decorator to None, run_after=None
[2026-05-10T17:24:27.532+0000] {processor.py:183} INFO - Processing /home/airflow/.local/lib/python3.12/site-packages/airflow/example_dags/example_sensor_decorator.py took 0.091 seconds
[2026-05-10T17:24:57.996+0000] {processor.py:161} INFO - Started process (PID=40593) to work on /home/airflow/.local/lib/python3.12/site-packages/airflow/example_dags/example_sensor_decorator.py
[2026-05-10T17:24:57.998+0000] {processor.py:830} INFO - Processing file /home/airflow/.local/lib/python3.12/site-packages/airflow/example_dags/example_sensor_decorator.py for tasks to queue
[2026-05-10T17:24:57.999+0000] {logging_mixin.py:188} INFO - [2026-05-10T17:24:57.998+0000] {dagbag.py:545} INFO - Filling up the DagBag from /home/airflow/.local/lib/python3.12/site-packages/airflow/example_dags/example_sensor_decorator.py
[2026-05-10T17:24:58.008+0000] {processor.py:840} INFO - DAG(s) 'example_sensor_decorator' retrieved from /home/airflow/.local/lib/python3.12/site-packages/airflow/example_dags/example_sensor_decorator.py
[2026-05-10T17:24:58.028+0000] {logging_mixin.py:188} INFO - [2026-05-10T17:24:58.028+0000] {dag.py:3089} INFO - Sync 1 DAGs
[2026-05-10T17:24:58.041+0000] {logging_mixin.py:188} INFO - [2026-05-10T17:24:58.041+0000] {dag.py:3947} INFO - Setting next_dagrun for example_sensor_decorator to None, run_after=None
[2026-05-10T17:24:58.071+0000] {processor.py:183} INFO - Processing /home/airflow/.local/lib/python3.12/site-packages/airflow/example_dags/example_sensor_decorator.py took 0.082 seconds
[2026-05-10T17:25:28.324+0000] {processor.py:161} INFO - Started process (PID=40668) to work on /home/airflow/.local/lib/python3.12/site-packages/airflow/example_dags/example_sensor_decorator.py
[2026-05-10T17:25:28.325+0000] {processor.py:830} INFO - Processing file /home/airflow/.local/lib/python3.12/site-packages/airflow/example_dags/example_sensor_decorator.py for tasks to queue
[2026-05-10T17:25:28.326+0000] {logging_mixin.py:188} INFO - [2026-05-10T17:25:28.326+0000] {dagbag.py:545} INFO - Filling up the DagBag from /home/airflow/.local/lib/python3.12/site-packages/airflow/example_dags/example_sensor_decorator.py
[2026-05-10T17:25:28.334+0000] {processor.py:840} INFO - DAG(s) 'example_sensor_decorator' retrieved from /home/airflow/.local/lib/python3.12/site-packages/airflow/example_dags/example_sensor_decorator.py
[2026-05-10T17:25:28.357+0000] {logging_mixin.py:188} INFO - [2026-05-10T17:25:28.357+0000] {dag.py:3089} INFO - Sync 1 DAGs
[2026-05-10T17:25:28.370+0000] {logging_mixin.py:188} INFO - [2026-05-10T17:25:28.370+0000] {dag.py:3947} INFO - Setting next_dagrun for example_sensor_decorator to None, run_after=None
[2026-05-10T17:25:28.393+0000] {processor.py:183} INFO - Processing /home/airflow/.local/lib/python3.12/site-packages/airflow/example_dags/example_sensor_decorator.py took 0.073 seconds
[2026-05-10T17:25:58.739+0000] {processor.py:161} INFO - Started process (PID=40735) to work on /home/airflow/.local/lib/python3.12/site-packages/airflow/example_dags/example_sensor_decorator.py
[2026-05-10T17:25:58.741+0000] {processor.py:830} INFO - Processing file /home/airflow/.local/lib/python3.12/site-packages/airflow/example_dags/example_sensor_decorator.py for tasks to queue
[2026-05-10T17:25:58.742+0000] {logging_mixin.py:188} INFO - [2026-05-10T17:25:58.742+0000] {dagbag.py:545} INFO - Filling up the DagBag from /home/airflow/.local/lib/python3.12/site-packages/airflow/example_dags/example_sensor_decorator.py
[2026-05-10T17:25:58.751+0000] {processor.py:840} INFO - DAG(s) 'example_sensor_decorator' retrieved from /home/airflow/.local/lib/python3.12/site-packages/airflow/example_dags/example_sensor_decorator.py
[2026-05-10T17:25:58.781+0000] {logging_mixin.py:188} INFO - [2026-05-10T17:25:58.780+0000] {dag.py:3089} INFO - Sync 1 DAGs
[2026-05-10T17:25:58.793+0000] {logging_mixin.py:188} INFO - [2026-05-10T17:25:58.793+0000] {dag.py:3947} INFO - Setting next_dagrun for example_sensor_decorator to None, run_after=None
[2026-05-10T17:25:58.821+0000] {processor.py:183} INFO - Processing /home/airflow/.local/lib/python3.12/site-packages/airflow/example_dags/example_sensor_decorator.py took 0.092 seconds
[2026-05-10T17:26:29.094+0000] {processor.py:161} INFO - Started process (PID=40803) to work on /home/airflow/.local/lib/python3.12/site-packages/airflow/example_dags/example_sensor_decorator.py
[2026-05-10T17:26:29.095+0000] {processor.py:830} INFO - Processing file /home/airflow/.local/lib/python3.12/site-packages/airflow/example_dags/example_sensor_decorator.py for tasks to queue
[2026-05-10T17:26:29.096+0000] {logging_mixin.py:188} INFO - [2026-05-10T17:26:29.096+0000] {dagbag.py:545} INFO - Filling up the DagBag from /home/airflow/.local/lib/python3.12/site-packages/airflow/example_dags/example_sensor_decorator.py
[2026-05-10T17:26:29.103+0000] {processor.py:840} INFO - DAG(s) 'example_sensor_decorator' retrieved from /home/airflow/.local/lib/python3.12/site-packages/airflow/example_dags/example_sensor_decorator.py
[2026-05-10T17:26:29.125+0000] {logging_mixin.py:188} INFO - [2026-05-10T17:26:29.125+0000] {dag.py:3089} INFO - Sync 1 DAGs
[2026-05-10T17:26:29.137+0000] {logging_mixin.py:188} INFO - [2026-05-10T17:26:29.137+0000] {dag.py:3947} INFO - Setting next_dagrun for example_sensor_decorator to None, run_after=None
[2026-05-10T17:26:29.161+0000] {processor.py:183} INFO - Processing /home/airflow/.local/lib/python3.12/site-packages/airflow/example_dags/example_sensor_decorator.py took 0.077 seconds
[2026-05-10T17:26:59.723+0000] {processor.py:161} INFO - Started process (PID=40878) to work on /home/airflow/.local/lib/python3.12/site-packages/airflow/example_dags/example_sensor_decorator.py
[2026-05-10T17:26:59.724+0000] {processor.py:830} INFO - Processing file /home/airflow/.local/lib/python3.12/site-packages/airflow/example_dags/example_sensor_decorator.py for tasks to queue
[2026-05-10T17:26:59.725+0000] {logging_mixin.py:188} INFO - [2026-05-10T17:26:59.725+0000] {dagbag.py:545} INFO - Filling up the DagBag from /home/airflow/.local/lib/python3.12/site-packages/airflow/example_dags/example_sensor_decorator.py
[2026-05-10T17:26:59.731+0000] {processor.py:840} INFO - DAG(s) 'example_sensor_decorator' retrieved from /home/airflow/.local/lib/python3.12/site-packages/airflow/example_dags/example_sensor_decorator.py
[2026-05-10T17:26:59.755+0000] {logging_mixin.py:188} INFO - [2026-05-10T17:26:59.755+0000] {dag.py:3089} INFO - Sync 1 DAGs
[2026-05-10T17:26:59.765+0000] {logging_mixin.py:188} INFO - [2026-05-10T17:26:59.765+0000] {dag.py:3947} INFO - Setting next_dagrun for example_sensor_decorator to None, run_after=None
[2026-05-10T17:26:59.794+0000] {processor.py:183} INFO - Processing /home/airflow/.local/lib/python3.12/site-packages/airflow/example_dags/example_sensor_decorator.py took 0.077 seconds
[2026-05-10T17:27:30.253+0000] {processor.py:161} INFO - Started process (PID=40947) to work on /home/airflow/.local/lib/python3.12/site-packages/airflow/example_dags/example_sensor_decorator.py
[2026-05-10T17:27:30.255+0000] {processor.py:830} INFO - Processing file /home/airflow/.local/lib/python3.12/site-packages/airflow/example_dags/example_sensor_decorator.py for tasks to queue
[2026-05-10T17:27:30.257+0000] {logging_mixin.py:188} INFO - [2026-05-10T17:27:30.257+0000] {dagbag.py:545} INFO - Filling up the DagBag from /home/airflow/.local/lib/python3.12/site-packages/airflow/example_dags/example_sensor_decorator.py
[2026-05-10T17:27:30.266+0000] {processor.py:840} INFO - DAG(s) 'example_sensor_decorator' retrieved from /home/airflow/.local/lib/python3.12/site-packages/airflow/example_dags/example_sensor_decorator.py
[2026-05-10T17:27:30.294+0000] {logging_mixin.py:188} INFO - [2026-05-10T17:27:30.293+0000] {dag.py:3089} INFO - Sync 1 DAGs
[2026-05-10T17:27:30.308+0000] {logging_mixin.py:188} INFO - [2026-05-10T17:27:30.308+0000] {dag.py:3947} INFO - Setting next_dagrun for example_sensor_decorator to None, run_after=None
[2026-05-10T17:27:30.339+0000] {processor.py:183} INFO - Processing /home/airflow/.local/lib/python3.12/site-packages/airflow/example_dags/example_sensor_decorator.py took 0.097 seconds
[2026-05-10T17:28:00.935+0000] {processor.py:161} INFO - Started process (PID=41014) to work on /home/airflow/.local/lib/python3.12/site-packages/airflow/example_dags/example_sensor_decorator.py
[2026-05-10T17:28:00.937+0000] {processor.py:830} INFO - Processing file /home/airflow/.local/lib/python3.12/site-packages/airflow/example_dags/example_sensor_decorator.py for tasks to queue
[2026-05-10T17:28:00.939+0000] {logging_mixin.py:188} INFO - [2026-05-10T17:28:00.938+0000] {dagbag.py:545} INFO - Filling up the DagBag from /home/airflow/.local/lib/python3.12/site-packages/airflow/example_dags/example_sensor_decorator.py
[2026-05-10T17:28:00.956+0000] {processor.py:840} INFO - DAG(s) 'example_sensor_decorator' retrieved from /home/airflow/.local/lib/python3.12/site-packages/airflow/example_dags/example_sensor_decorator.py
[2026-05-10T17:28:01.009+0000] {logging_mixin.py:188} INFO - [2026-05-10T17:28:01.008+0000] {dag.py:3089} INFO - Sync 1 DAGs
[2026-05-10T17:28:01.041+0000] {logging_mixin.py:188} INFO - [2026-05-10T17:28:01.041+0000] {dag.py:3947} INFO - Setting next_dagrun for example_sensor_decorator to None, run_after=None
[2026-05-10T17:28:01.089+0000] {processor.py:183} INFO - Processing /home/airflow/.local/lib/python3.12/site-packages/airflow/example_dags/example_sensor_decorator.py took 0.166 seconds
[2026-05-10T17:28:31.550+0000] {processor.py:161} INFO - Started process (PID=41089) to work on /home/airflow/.local/lib/python3.12/site-packages/airflow/example_dags/example_sensor_decorator.py
[2026-05-10T17:28:31.552+0000] {processor.py:830} INFO - Processing file /home/airflow/.local/lib/python3.12/site-packages/airflow/example_dags/example_sensor_decorator.py for tasks to queue
[2026-05-10T17:28:31.553+0000] {logging_mixin.py:188} INFO - [2026-05-10T17:28:31.553+0000] {dagbag.py:545} INFO - Filling up the DagBag from /home/airflow/.local/lib/python3.12/site-packages/airflow/example_dags/example_sensor_decorator.py
[2026-05-10T17:28:31.561+0000] {processor.py:840} INFO - DAG(s) 'example_sensor_decorator' retrieved from /home/airflow/.local/lib/python3.12/site-packages/airflow/example_dags/example_sensor_decorator.py
[2026-05-10T17:28:31.591+0000] {logging_mixin.py:188} INFO - [2026-05-10T17:28:31.591+0000] {dag.py:3089} INFO - Sync 1 DAGs
[2026-05-10T17:28:31.607+0000] {logging_mixin.py:188} INFO - [2026-05-10T17:28:31.606+0000] {dag.py:3947} INFO - Setting next_dagrun for example_sensor_decorator to None, run_after=None
[2026-05-10T17:28:31.645+0000] {processor.py:183} INFO - Processing /home/airflow/.local/lib/python3.12/site-packages/airflow/example_dags/example_sensor_decorator.py took 0.103 seconds
[2026-05-10T17:29:01.702+0000] {processor.py:161} INFO - Started process (PID=41157) to work on /home/airflow/.local/lib/python3.12/site-packages/airflow/example_dags/example_sensor_decorator.py
[2026-05-10T17:29:01.704+0000] {processor.py:830} INFO - Processing file /home/airflow/.local/lib/python3.12/site-packages/airflow/example_dags/example_sensor_decorator.py for tasks to queue
[2026-05-10T17:29:01.705+0000] {logging_mixin.py:188} INFO - [2026-05-10T17:29:01.705+0000] {dagbag.py:545} INFO - Filling up the DagBag from /home/airflow/.local/lib/python3.12/site-packages/airflow/example_dags/example_sensor_decorator.py
[2026-05-10T17:29:01.712+0000] {processor.py:840} INFO - DAG(s) 'example_sensor_decorator' retrieved from /home/airflow/.local/lib/python3.12/site-packages/airflow/example_dags/example_sensor_decorator.py
[2026-05-10T17:29:01.733+0000] {logging_mixin.py:188} INFO - [2026-05-10T17:29:01.733+0000] {dag.py:3089} INFO - Sync 1 DAGs
[2026-05-10T17:29:01.744+0000] {logging_mixin.py:188} INFO - [2026-05-10T17:29:01.744+0000] {dag.py:3947} INFO - Setting next_dagrun for example_sensor_decorator to None, run_after=None
[2026-05-10T17:29:01.777+0000] {processor.py:183} INFO - Processing /home/airflow/.local/lib/python3.12/site-packages/airflow/example_dags/example_sensor_decorator.py took 0.080 seconds
[2026-05-10T17:29:32.199+0000] {processor.py:161} INFO - Started process (PID=41225) to work on /home/airflow/.local/lib/python3.12/site-packages/airflow/example_dags/example_sensor_decorator.py
[2026-05-10T17:29:32.202+0000] {processor.py:830} INFO - Processing file /home/airflow/.local/lib/python3.12/site-packages/airflow/example_dags/example_sensor_decorator.py for tasks to queue
[2026-05-10T17:29:32.205+0000] {logging_mixin.py:188} INFO - [2026-05-10T17:29:32.204+0000] {dagbag.py:545} INFO - Filling up the DagBag from /home/airflow/.local/lib/python3.12/site-packages/airflow/example_dags/example_sensor_decorator.py
[2026-05-10T17:29:32.221+0000] {processor.py:840} INFO - DAG(s) 'example_sensor_decorator' retrieved from /home/airflow/.local/lib/python3.12/site-packages/airflow/example_dags/example_sensor_decorator.py
[2026-05-10T17:29:32.274+0000] {logging_mixin.py:188} INFO - [2026-05-10T17:29:32.273+0000] {dag.py:3089} INFO - Sync 1 DAGs
[2026-05-10T17:29:32.297+0000] {logging_mixin.py:188} INFO - [2026-05-10T17:29:32.296+0000] {dag.py:3947} INFO - Setting next_dagrun for example_sensor_decorator to None, run_after=None
[2026-05-10T17:29:32.349+0000] {processor.py:183} INFO - Processing /home/airflow/.local/lib/python3.12/site-packages/airflow/example_dags/example_sensor_decorator.py took 0.164 seconds
[2026-05-10T17:30:03.396+0000] {processor.py:161} INFO - Started process (PID=41300) to work on /home/airflow/.local/lib/python3.12/site-packages/airflow/example_dags/example_sensor_decorator.py
[2026-05-10T17:30:03.398+0000] {processor.py:830} INFO - Processing file /home/airflow/.local/lib/python3.12/site-packages/airflow/example_dags/example_sensor_decorator.py for tasks to queue
[2026-05-10T17:30:03.399+0000] {logging_mixin.py:188} INFO - [2026-05-10T17:30:03.399+0000] {dagbag.py:545} INFO - Filling up the DagBag from /home/airflow/.local/lib/python3.12/site-packages/airflow/example_dags/example_sensor_decorator.py
[2026-05-10T17:30:03.409+0000] {processor.py:840} INFO - DAG(s) 'example_sensor_decorator' retrieved from /home/airflow/.local/lib/python3.12/site-packages/airflow/example_dags/example_sensor_decorator.py
[2026-05-10T17:30:03.438+0000] {logging_mixin.py:188} INFO - [2026-05-10T17:30:03.437+0000] {dag.py:3089} INFO - Sync 1 DAGs
[2026-05-10T17:30:03.452+0000] {logging_mixin.py:188} INFO - [2026-05-10T17:30:03.451+0000] {dag.py:3947} INFO - Setting next_dagrun for example_sensor_decorator to None, run_after=None
[2026-05-10T17:30:03.487+0000] {processor.py:183} INFO - Processing /home/airflow/.local/lib/python3.12/site-packages/airflow/example_dags/example_sensor_decorator.py took 0.100 seconds
[2026-05-10T17:30:34.257+0000] {processor.py:161} INFO - Started process (PID=41368) to work on /home/airflow/.local/lib/python3.12/site-packages/airflow/example_dags/example_sensor_decorator.py
[2026-05-10T17:30:34.259+0000] {processor.py:830} INFO - Processing file /home/airflow/.local/lib/python3.12/site-packages/airflow/example_dags/example_sensor_decorator.py for tasks to queue
[2026-05-10T17:30:34.260+0000] {logging_mixin.py:188} INFO - [2026-05-10T17:30:34.260+0000] {dagbag.py:545} INFO - Filling up the DagBag from /home/airflow/.local/lib/python3.12/site-packages/airflow/example_dags/example_sensor_decorator.py
[2026-05-10T17:30:34.266+0000] {processor.py:840} INFO - DAG(s) 'example_sensor_decorator' retrieved from /home/airflow/.local/lib/python3.12/site-packages/airflow/example_dags/example_sensor_decorator.py
[2026-05-10T17:30:34.290+0000] {logging_mixin.py:188} INFO - [2026-05-10T17:30:34.290+0000] {dag.py:3089} INFO - Sync 1 DAGs
[2026-05-10T17:30:34.306+0000] {logging_mixin.py:188} INFO - [2026-05-10T17:30:34.305+0000] {dag.py:3947} INFO - Setting next_dagrun for example_sensor_decorator to None, run_after=None
[2026-05-10T17:30:34.344+0000] {processor.py:183} INFO - Processing /home/airflow/.local/lib/python3.12/site-packages/airflow/example_dags/example_sensor_decorator.py took 0.097 seconds
[2026-05-10T17:31:04.870+0000] {processor.py:161} INFO - Started process (PID=41436) to work on /home/airflow/.local/lib/python3.12/site-packages/airflow/example_dags/example_sensor_decorator.py
[2026-05-10T17:31:04.871+0000] {processor.py:830} INFO - Processing file /home/airflow/.local/lib/python3.12/site-packages/airflow/example_dags/example_sensor_decorator.py for tasks to queue
[2026-05-10T17:31:04.873+0000] {logging_mixin.py:188} INFO - [2026-05-10T17:31:04.872+0000] {dagbag.py:545} INFO - Filling up the DagBag from /home/airflow/.local/lib/python3.12/site-packages/airflow/example_dags/example_sensor_decorator.py
[2026-05-10T17:31:04.880+0000] {processor.py:840} INFO - DAG(s) 'example_sensor_decorator' retrieved from /home/airflow/.local/lib/python3.12/site-packages/airflow/example_dags/example_sensor_decorator.py
[2026-05-10T17:31:04.904+0000] {logging_mixin.py:188} INFO - [2026-05-10T17:31:04.904+0000] {dag.py:3089} INFO - Sync 1 DAGs
[2026-05-10T17:31:04.920+0000] {logging_mixin.py:188} INFO - [2026-05-10T17:31:04.919+0000] {dag.py:3947} INFO - Setting next_dagrun for example_sensor_decorator to None, run_after=None
[2026-05-10T17:31:04.948+0000] {processor.py:183} INFO - Processing /home/airflow/.local/lib/python3.12/site-packages/airflow/example_dags/example_sensor_decorator.py took 0.084 seconds
[2026-05-10T17:31:35.484+0000] {processor.py:161} INFO - Started process (PID=41504) to work on /home/airflow/.local/lib/python3.12/site-packages/airflow/example_dags/example_sensor_decorator.py
[2026-05-10T17:31:35.486+0000] {processor.py:830} INFO - Processing file /home/airflow/.local/lib/python3.12/site-packages/airflow/example_dags/example_sensor_decorator.py for tasks to queue
[2026-05-10T17:31:35.489+0000] {logging_mixin.py:188} INFO - [2026-05-10T17:31:35.488+0000] {dagbag.py:545} INFO - Filling up the DagBag from /home/airflow/.local/lib/python3.12/site-packages/airflow/example_dags/example_sensor_decorator.py
[2026-05-10T17:31:35.502+0000] {processor.py:840} INFO - DAG(s) 'example_sensor_decorator' retrieved from /home/airflow/.local/lib/python3.12/site-packages/airflow/example_dags/example_sensor_decorator.py
[2026-05-10T17:31:35.545+0000] {logging_mixin.py:188} INFO - [2026-05-10T17:31:35.545+0000] {dag.py:3089} INFO - Sync 1 DAGs
[2026-05-10T17:31:35.567+0000] {logging_mixin.py:188} INFO - [2026-05-10T17:31:35.567+0000] {dag.py:3947} INFO - Setting next_dagrun for example_sensor_decorator to None, run_after=None
[2026-05-10T17:31:35.618+0000] {processor.py:183} INFO - Processing /home/airflow/.local/lib/python3.12/site-packages/airflow/example_dags/example_sensor_decorator.py took 0.141 seconds
[2026-05-10T17:32:05.737+0000] {processor.py:161} INFO - Started process (PID=41579) to work on /home/airflow/.local/lib/python3.12/site-packages/airflow/example_dags/example_sensor_decorator.py
[2026-05-10T17:32:05.739+0000] {processor.py:830} INFO - Processing file /home/airflow/.local/lib/python3.12/site-packages/airflow/example_dags/example_sensor_decorator.py for tasks to queue
[2026-05-10T17:32:05.740+0000] {logging_mixin.py:188} INFO - [2026-05-10T17:32:05.739+0000] {dagbag.py:545} INFO - Filling up the DagBag from /home/airflow/.local/lib/python3.12/site-packages/airflow/example_dags/example_sensor_decorator.py
[2026-05-10T17:32:05.746+0000] {processor.py:840} INFO - DAG(s) 'example_sensor_decorator' retrieved from /home/airflow/.local/lib/python3.12/site-packages/airflow/example_dags/example_sensor_decorator.py
[2026-05-10T17:32:05.773+0000] {logging_mixin.py:188} INFO - [2026-05-10T17:32:05.773+0000] {dag.py:3089} INFO - Sync 1 DAGs
[2026-05-10T17:32:05.784+0000] {logging_mixin.py:188} INFO - [2026-05-10T17:32:05.784+0000] {dag.py:3947} INFO - Setting next_dagrun for example_sensor_decorator to None, run_after=None
[2026-05-10T17:32:05.818+0000] {processor.py:183} INFO - Processing /home/airflow/.local/lib/python3.12/site-packages/airflow/example_dags/example_sensor_decorator.py took 0.091 seconds
[2026-05-10T17:32:35.887+0000] {processor.py:161} INFO - Started process (PID=41647) to work on /home/airflow/.local/lib/python3.12/site-packages/airflow/example_dags/example_sensor_decorator.py
[2026-05-10T17:32:35.891+0000] {processor.py:830} INFO - Processing file /home/airflow/.local/lib/python3.12/site-packages/airflow/example_dags/example_sensor_decorator.py for tasks to queue
[2026-05-10T17:32:35.893+0000] {logging_mixin.py:188} INFO - [2026-05-10T17:32:35.893+0000] {dagbag.py:545} INFO - Filling up the DagBag from /home/airflow/.local/lib/python3.12/site-packages/airflow/example_dags/example_sensor_decorator.py
[2026-05-10T17:32:35.903+0000] {processor.py:840} INFO - DAG(s) 'example_sensor_decorator' retrieved from /home/airflow/.local/lib/python3.12/site-packages/airflow/example_dags/example_sensor_decorator.py
[2026-05-10T17:32:35.940+0000] {logging_mixin.py:188} INFO - [2026-05-10T17:32:35.939+0000] {dag.py:3089} INFO - Sync 1 DAGs
[2026-05-10T17:32:35.960+0000] {logging_mixin.py:188} INFO - [2026-05-10T17:32:35.960+0000] {dag.py:3947} INFO - Setting next_dagrun for example_sensor_decorator to None, run_after=None
[2026-05-10T17:32:35.998+0000] {processor.py:183} INFO - Processing /home/airflow/.local/lib/python3.12/site-packages/airflow/example_dags/example_sensor_decorator.py took 0.121 seconds
[2026-05-10T17:33:06.428+0000] {processor.py:161} INFO - Started process (PID=41715) to work on /home/airflow/.local/lib/python3.12/site-packages/airflow/example_dags/example_sensor_decorator.py
[2026-05-10T17:33:06.430+0000] {processor.py:830} INFO - Processing file /home/airflow/.local/lib/python3.12/site-packages/airflow/example_dags/example_sensor_decorator.py for tasks to queue
[2026-05-10T17:33:06.431+0000] {logging_mixin.py:188} INFO - [2026-05-10T17:33:06.431+0000] {dagbag.py:545} INFO - Filling up the DagBag from /home/airflow/.local/lib/python3.12/site-packages/airflow/example_dags/example_sensor_decorator.py
[2026-05-10T17:33:06.440+0000] {processor.py:840} INFO - DAG(s) 'example_sensor_decorator' retrieved from /home/airflow/.local/lib/python3.12/site-packages/airflow/example_dags/example_sensor_decorator.py
[2026-05-10T17:33:06.466+0000] {logging_mixin.py:188} INFO - [2026-05-10T17:33:06.465+0000] {dag.py:3089} INFO - Sync 1 DAGs
[2026-05-10T17:33:06.481+0000] {logging_mixin.py:188} INFO - [2026-05-10T17:33:06.480+0000] {dag.py:3947} INFO - Setting next_dagrun for example_sensor_decorator to None, run_after=None
[2026-05-10T17:33:06.510+0000] {processor.py:183} INFO - Processing /home/airflow/.local/lib/python3.12/site-packages/airflow/example_dags/example_sensor_decorator.py took 0.093 seconds
[2026-05-10T17:33:36.612+0000] {processor.py:161} INFO - Started process (PID=41791) to work on /home/airflow/.local/lib/python3.12/site-packages/airflow/example_dags/example_sensor_decorator.py
[2026-05-10T17:33:36.614+0000] {processor.py:830} INFO - Processing file /home/airflow/.local/lib/python3.12/site-packages/airflow/example_dags/example_sensor_decorator.py for tasks to queue
[2026-05-10T17:33:36.615+0000] {logging_mixin.py:188} INFO - [2026-05-10T17:33:36.615+0000] {dagbag.py:545} INFO - Filling up the DagBag from /home/airflow/.local/lib/python3.12/site-packages/airflow/example_dags/example_sensor_decorator.py
[2026-05-10T17:33:36.621+0000] {processor.py:840} INFO - DAG(s) 'example_sensor_decorator' retrieved from /home/airflow/.local/lib/python3.12/site-packages/airflow/example_dags/example_sensor_decorator.py
[2026-05-10T17:33:36.643+0000] {logging_mixin.py:188} INFO - [2026-05-10T17:33:36.643+0000] {dag.py:3089} INFO - Sync 1 DAGs
[2026-05-10T17:33:36.656+0000] {logging_mixin.py:188} INFO - [2026-05-10T17:33:36.655+0000] {dag.py:3947} INFO - Setting next_dagrun for example_sensor_decorator to None, run_after=None
[2026-05-10T17:33:36.679+0000] {processor.py:183} INFO - Processing /home/airflow/.local/lib/python3.12/site-packages/airflow/example_dags/example_sensor_decorator.py took 0.077 seconds
[2026-05-10T17:34:06.862+0000] {processor.py:161} INFO - Started process (PID=41859) to work on /home/airflow/.local/lib/python3.12/site-packages/airflow/example_dags/example_sensor_decorator.py
[2026-05-10T17:34:06.863+0000] {processor.py:830} INFO - Processing file /home/airflow/.local/lib/python3.12/site-packages/airflow/example_dags/example_sensor_decorator.py for tasks to queue
[2026-05-10T17:34:06.864+0000] {logging_mixin.py:188} INFO - [2026-05-10T17:34:06.864+0000] {dagbag.py:545} INFO - Filling up the DagBag from /home/airflow/.local/lib/python3.12/site-packages/airflow/example_dags/example_sensor_decorator.py
[2026-05-10T17:34:06.870+0000] {processor.py:840} INFO - DAG(s) 'example_sensor_decorator' retrieved from /home/airflow/.local/lib/python3.12/site-packages/airflow/example_dags/example_sensor_decorator.py
[2026-05-10T17:34:06.897+0000] {logging_mixin.py:188} INFO - [2026-05-10T17:34:06.896+0000] {dag.py:3089} INFO - Sync 1 DAGs
[2026-05-10T17:34:06.910+0000] {logging_mixin.py:188} INFO - [2026-05-10T17:34:06.910+0000] {dag.py:3947} INFO - Setting next_dagrun for example_sensor_decorator to None, run_after=None
[2026-05-10T17:34:06.933+0000] {processor.py:183} INFO - Processing /home/airflow/.local/lib/python3.12/site-packages/airflow/example_dags/example_sensor_decorator.py took 0.077 seconds
[2026-05-10T17:34:37.479+0000] {processor.py:161} INFO - Started process (PID=41927) to work on /home/airflow/.local/lib/python3.12/site-packages/airflow/example_dags/example_sensor_decorator.py
[2026-05-10T17:34:37.481+0000] {processor.py:830} INFO - Processing file /home/airflow/.local/lib/python3.12/site-packages/airflow/example_dags/example_sensor_decorator.py for tasks to queue
[2026-05-10T17:34:37.482+0000] {logging_mixin.py:188} INFO - [2026-05-10T17:34:37.481+0000] {dagbag.py:545} INFO - Filling up the DagBag from /home/airflow/.local/lib/python3.12/site-packages/airflow/example_dags/example_sensor_decorator.py
[2026-05-10T17:34:37.495+0000] {processor.py:840} INFO - DAG(s) 'example_sensor_decorator' retrieved from /home/airflow/.local/lib/python3.12/site-packages/airflow/example_dags/example_sensor_decorator.py
[2026-05-10T17:34:37.531+0000] {logging_mixin.py:188} INFO - [2026-05-10T17:34:37.530+0000] {dag.py:3089} INFO - Sync 1 DAGs
[2026-05-10T17:34:37.551+0000] {logging_mixin.py:188} INFO - [2026-05-10T17:34:37.551+0000] {dag.py:3947} INFO - Setting next_dagrun for example_sensor_decorator to None, run_after=None
[2026-05-10T17:34:37.603+0000] {processor.py:183} INFO - Processing /home/airflow/.local/lib/python3.12/site-packages/airflow/example_dags/example_sensor_decorator.py took 0.137 seconds
[2026-05-10T17:35:08.258+0000] {processor.py:161} INFO - Started process (PID=42000) to work on /home/airflow/.local/lib/python3.12/site-packages/airflow/example_dags/example_sensor_decorator.py
[2026-05-10T17:35:08.259+0000] {processor.py:830} INFO - Processing file /home/airflow/.local/lib/python3.12/site-packages/airflow/example_dags/example_sensor_decorator.py for tasks to queue
[2026-05-10T17:35:08.260+0000] {logging_mixin.py:188} INFO - [2026-05-10T17:35:08.260+0000] {dagbag.py:545} INFO - Filling up the DagBag from /home/airflow/.local/lib/python3.12/site-packages/airflow/example_dags/example_sensor_decorator.py
[2026-05-10T17:35:08.268+0000] {processor.py:840} INFO - DAG(s) 'example_sensor_decorator' retrieved from /home/airflow/.local/lib/python3.12/site-packages/airflow/example_dags/example_sensor_decorator.py
[2026-05-10T17:35:08.289+0000] {logging_mixin.py:188} INFO - [2026-05-10T17:35:08.288+0000] {dag.py:3089} INFO - Sync 1 DAGs
[2026-05-10T17:35:08.302+0000] {logging_mixin.py:188} INFO - [2026-05-10T17:35:08.302+0000] {dag.py:3947} INFO - Setting next_dagrun for example_sensor_decorator to None, run_after=None
[2026-05-10T17:35:08.321+0000] {processor.py:183} INFO - Processing /home/airflow/.local/lib/python3.12/site-packages/airflow/example_dags/example_sensor_decorator.py took 0.069 seconds
[2026-05-10T17:35:38.808+0000] {processor.py:161} INFO - Started process (PID=42068) to work on /home/airflow/.local/lib/python3.12/site-packages/airflow/example_dags/example_sensor_decorator.py
[2026-05-10T17:35:38.810+0000] {processor.py:830} INFO - Processing file /home/airflow/.local/lib/python3.12/site-packages/airflow/example_dags/example_sensor_decorator.py for tasks to queue
[2026-05-10T17:35:38.812+0000] {logging_mixin.py:188} INFO - [2026-05-10T17:35:38.811+0000] {dagbag.py:545} INFO - Filling up the DagBag from /home/airflow/.local/lib/python3.12/site-packages/airflow/example_dags/example_sensor_decorator.py
[2026-05-10T17:35:38.822+0000] {processor.py:840} INFO - DAG(s) 'example_sensor_decorator' retrieved from /home/airflow/.local/lib/python3.12/site-packages/airflow/example_dags/example_sensor_decorator.py
[2026-05-10T17:35:38.848+0000] {logging_mixin.py:188} INFO - [2026-05-10T17:35:38.848+0000] {dag.py:3089} INFO - Sync 1 DAGs
[2026-05-10T17:35:38.859+0000] {logging_mixin.py:188} INFO - [2026-05-10T17:35:38.858+0000] {dag.py:3947} INFO - Setting next_dagrun for example_sensor_decorator to None, run_after=None
[2026-05-10T17:35:38.878+0000] {processor.py:183} INFO - Processing /home/airflow/.local/lib/python3.12/site-packages/airflow/example_dags/example_sensor_decorator.py took 0.077 seconds
[2026-05-10T17:36:09.241+0000] {processor.py:161} INFO - Started process (PID=42136) to work on /home/airflow/.local/lib/python3.12/site-packages/airflow/example_dags/example_sensor_decorator.py
[2026-05-10T17:36:09.243+0000] {processor.py:830} INFO - Processing file /home/airflow/.local/lib/python3.12/site-packages/airflow/example_dags/example_sensor_decorator.py for tasks to queue
[2026-05-10T17:36:09.246+0000] {logging_mixin.py:188} INFO - [2026-05-10T17:36:09.246+0000] {dagbag.py:545} INFO - Filling up the DagBag from /home/airflow/.local/lib/python3.12/site-packages/airflow/example_dags/example_sensor_decorator.py
[2026-05-10T17:36:09.258+0000] {processor.py:840} INFO - DAG(s) 'example_sensor_decorator' retrieved from /home/airflow/.local/lib/python3.12/site-packages/airflow/example_dags/example_sensor_decorator.py
[2026-05-10T17:36:09.292+0000] {logging_mixin.py:188} INFO - [2026-05-10T17:36:09.292+0000] {dag.py:3089} INFO - Sync 1 DAGs
[2026-05-10T17:36:09.310+0000] {logging_mixin.py:188} INFO - [2026-05-10T17:36:09.309+0000] {dag.py:3947} INFO - Setting next_dagrun for example_sensor_decorator to None, run_after=None
[2026-05-10T17:36:09.352+0000] {processor.py:183} INFO - Processing /home/airflow/.local/lib/python3.12/site-packages/airflow/example_dags/example_sensor_decorator.py took 0.118 seconds
[2026-05-10T17:36:39.599+0000] {processor.py:161} INFO - Started process (PID=42211) to work on /home/airflow/.local/lib/python3.12/site-packages/airflow/example_dags/example_sensor_decorator.py
[2026-05-10T17:36:39.601+0000] {processor.py:830} INFO - Processing file /home/airflow/.local/lib/python3.12/site-packages/airflow/example_dags/example_sensor_decorator.py for tasks to queue
[2026-05-10T17:36:39.602+0000] {logging_mixin.py:188} INFO - [2026-05-10T17:36:39.602+0000] {dagbag.py:545} INFO - Filling up the DagBag from /home/airflow/.local/lib/python3.12/site-packages/airflow/example_dags/example_sensor_decorator.py
[2026-05-10T17:36:39.609+0000] {processor.py:840} INFO - DAG(s) 'example_sensor_decorator' retrieved from /home/airflow/.local/lib/python3.12/site-packages/airflow/example_dags/example_sensor_decorator.py
[2026-05-10T17:36:39.635+0000] {logging_mixin.py:188} INFO - [2026-05-10T17:36:39.635+0000] {dag.py:3089} INFO - Sync 1 DAGs
[2026-05-10T17:36:39.655+0000] {logging_mixin.py:188} INFO - [2026-05-10T17:36:39.655+0000] {dag.py:3947} INFO - Setting next_dagrun for example_sensor_decorator to None, run_after=None
[2026-05-10T17:36:39.679+0000] {processor.py:183} INFO - Processing /home/airflow/.local/lib/python3.12/site-packages/airflow/example_dags/example_sensor_decorator.py took 0.089 seconds
[2026-05-10T17:37:10.164+0000] {processor.py:161} INFO - Started process (PID=42279) to work on /home/airflow/.local/lib/python3.12/site-packages/airflow/example_dags/example_sensor_decorator.py
[2026-05-10T17:37:10.166+0000] {processor.py:830} INFO - Processing file /home/airflow/.local/lib/python3.12/site-packages/airflow/example_dags/example_sensor_decorator.py for tasks to queue
[2026-05-10T17:37:10.168+0000] {logging_mixin.py:188} INFO - [2026-05-10T17:37:10.167+0000] {dagbag.py:545} INFO - Filling up the DagBag from /home/airflow/.local/lib/python3.12/site-packages/airflow/example_dags/example_sensor_decorator.py
[2026-05-10T17:37:10.174+0000] {processor.py:840} INFO - DAG(s) 'example_sensor_decorator' retrieved from /home/airflow/.local/lib/python3.12/site-packages/airflow/example_dags/example_sensor_decorator.py
[2026-05-10T17:37:10.200+0000] {logging_mixin.py:188} INFO - [2026-05-10T17:37:10.200+0000] {dag.py:3089} INFO - Sync 1 DAGs
[2026-05-10T17:37:10.213+0000] {logging_mixin.py:188} INFO - [2026-05-10T17:37:10.213+0000] {dag.py:3947} INFO - Setting next_dagrun for example_sensor_decorator to None, run_after=None
[2026-05-10T17:37:10.239+0000] {processor.py:183} INFO - Processing /home/airflow/.local/lib/python3.12/site-packages/airflow/example_dags/example_sensor_decorator.py took 0.084 seconds
[2026-05-10T17:37:40.522+0000] {processor.py:161} INFO - Started process (PID=42347) to work on /home/airflow/.local/lib/python3.12/site-packages/airflow/example_dags/example_sensor_decorator.py
[2026-05-10T17:37:40.524+0000] {processor.py:830} INFO - Processing file /home/airflow/.local/lib/python3.12/site-packages/airflow/example_dags/example_sensor_decorator.py for tasks to queue
[2026-05-10T17:37:40.526+0000] {logging_mixin.py:188} INFO - [2026-05-10T17:37:40.525+0000] {dagbag.py:545} INFO - Filling up the DagBag from /home/airflow/.local/lib/python3.12/site-packages/airflow/example_dags/example_sensor_decorator.py
[2026-05-10T17:37:40.536+0000] {processor.py:840} INFO - DAG(s) 'example_sensor_decorator' retrieved from /home/airflow/.local/lib/python3.12/site-packages/airflow/example_dags/example_sensor_decorator.py
[2026-05-10T17:37:40.571+0000] {logging_mixin.py:188} INFO - [2026-05-10T17:37:40.570+0000] {dag.py:3089} INFO - Sync 1 DAGs
[2026-05-10T17:37:40.586+0000] {logging_mixin.py:188} INFO - [2026-05-10T17:37:40.586+0000] {dag.py:3947} INFO - Setting next_dagrun for example_sensor_decorator to None, run_after=None
[2026-05-10T17:37:40.622+0000] {processor.py:183} INFO - Processing /home/airflow/.local/lib/python3.12/site-packages/airflow/example_dags/example_sensor_decorator.py took 0.110 seconds
[2026-05-10T17:38:10.719+0000] {processor.py:161} INFO - Started process (PID=42422) to work on /home/airflow/.local/lib/python3.12/site-packages/airflow/example_dags/example_sensor_decorator.py
[2026-05-10T17:38:10.720+0000] {processor.py:830} INFO - Processing file /home/airflow/.local/lib/python3.12/site-packages/airflow/example_dags/example_sensor_decorator.py for tasks to queue
[2026-05-10T17:38:10.722+0000] {logging_mixin.py:188} INFO - [2026-05-10T17:38:10.721+0000] {dagbag.py:545} INFO - Filling up the DagBag from /home/airflow/.local/lib/python3.12/site-packages/airflow/example_dags/example_sensor_decorator.py
[2026-05-10T17:38:10.729+0000] {processor.py:840} INFO - DAG(s) 'example_sensor_decorator' retrieved from /home/airflow/.local/lib/python3.12/site-packages/airflow/example_dags/example_sensor_decorator.py
[2026-05-10T17:38:10.750+0000] {logging_mixin.py:188} INFO - [2026-05-10T17:38:10.749+0000] {dag.py:3089} INFO - Sync 1 DAGs
[2026-05-10T17:38:10.760+0000] {logging_mixin.py:188} INFO - [2026-05-10T17:38:10.760+0000] {dag.py:3947} INFO - Setting next_dagrun for example_sensor_decorator to None, run_after=None
[2026-05-10T17:38:10.790+0000] {processor.py:183} INFO - Processing /home/airflow/.local/lib/python3.12/site-packages/airflow/example_dags/example_sensor_decorator.py took 0.077 seconds
[2026-05-10T17:38:41.267+0000] {processor.py:161} INFO - Started process (PID=42490) to work on /home/airflow/.local/lib/python3.12/site-packages/airflow/example_dags/example_sensor_decorator.py
[2026-05-10T17:38:41.268+0000] {processor.py:830} INFO - Processing file /home/airflow/.local/lib/python3.12/site-packages/airflow/example_dags/example_sensor_decorator.py for tasks to queue
[2026-05-10T17:38:41.269+0000] {logging_mixin.py:188} INFO - [2026-05-10T17:38:41.269+0000] {dagbag.py:545} INFO - Filling up the DagBag from /home/airflow/.local/lib/python3.12/site-packages/airflow/example_dags/example_sensor_decorator.py
[2026-05-10T17:38:41.275+0000] {processor.py:840} INFO - DAG(s) 'example_sensor_decorator' retrieved from /home/airflow/.local/lib/python3.12/site-packages/airflow/example_dags/example_sensor_decorator.py
[2026-05-10T17:38:41.298+0000] {logging_mixin.py:188} INFO - [2026-05-10T17:38:41.298+0000] {dag.py:3089} INFO - Sync 1 DAGs
[2026-05-10T17:38:41.311+0000] {logging_mixin.py:188} INFO - [2026-05-10T17:38:41.311+0000] {dag.py:3947} INFO - Setting next_dagrun for example_sensor_decorator to None, run_after=None
[2026-05-10T17:38:41.331+0000] {processor.py:183} INFO - Processing /home/airflow/.local/lib/python3.12/site-packages/airflow/example_dags/example_sensor_decorator.py took 0.069 seconds
[2026-05-10T17:39:11.660+0000] {processor.py:161} INFO - Started process (PID=42558) to work on /home/airflow/.local/lib/python3.12/site-packages/airflow/example_dags/example_sensor_decorator.py
[2026-05-10T17:39:11.661+0000] {processor.py:830} INFO - Processing file /home/airflow/.local/lib/python3.12/site-packages/airflow/example_dags/example_sensor_decorator.py for tasks to queue
[2026-05-10T17:39:11.663+0000] {logging_mixin.py:188} INFO - [2026-05-10T17:39:11.662+0000] {dagbag.py:545} INFO - Filling up the DagBag from /home/airflow/.local/lib/python3.12/site-packages/airflow/example_dags/example_sensor_decorator.py
[2026-05-10T17:39:11.668+0000] {processor.py:840} INFO - DAG(s) 'example_sensor_decorator' retrieved from /home/airflow/.local/lib/python3.12/site-packages/airflow/example_dags/example_sensor_decorator.py
[2026-05-10T17:39:11.686+0000] {logging_mixin.py:188} INFO - [2026-05-10T17:39:11.686+0000] {dag.py:3089} INFO - Sync 1 DAGs
[2026-05-10T17:39:11.698+0000] {logging_mixin.py:188} INFO - [2026-05-10T17:39:11.698+0000] {dag.py:3947} INFO - Setting next_dagrun for example_sensor_decorator to None, run_after=None
[2026-05-10T17:39:11.732+0000] {processor.py:183} INFO - Processing /home/airflow/.local/lib/python3.12/site-packages/airflow/example_dags/example_sensor_decorator.py took 0.077 seconds
[2026-05-10T17:39:42.292+0000] {processor.py:161} INFO - Started process (PID=42627) to work on /home/airflow/.local/lib/python3.12/site-packages/airflow/example_dags/example_sensor_decorator.py
[2026-05-10T17:39:42.293+0000] {processor.py:830} INFO - Processing file /home/airflow/.local/lib/python3.12/site-packages/airflow/example_dags/example_sensor_decorator.py for tasks to queue
[2026-05-10T17:39:42.295+0000] {logging_mixin.py:188} INFO - [2026-05-10T17:39:42.294+0000] {dagbag.py:545} INFO - Filling up the DagBag from /home/airflow/.local/lib/python3.12/site-packages/airflow/example_dags/example_sensor_decorator.py
[2026-05-10T17:39:42.304+0000] {processor.py:840} INFO - DAG(s) 'example_sensor_decorator' retrieved from /home/airflow/.local/lib/python3.12/site-packages/airflow/example_dags/example_sensor_decorator.py
[2026-05-10T17:39:42.335+0000] {logging_mixin.py:188} INFO - [2026-05-10T17:39:42.335+0000] {dag.py:3089} INFO - Sync 1 DAGs
[2026-05-10T17:39:42.353+0000] {logging_mixin.py:188} INFO - [2026-05-10T17:39:42.352+0000] {dag.py:3947} INFO - Setting next_dagrun for example_sensor_decorator to None, run_after=None
[2026-05-10T17:39:42.391+0000] {processor.py:183} INFO - Processing /home/airflow/.local/lib/python3.12/site-packages/airflow/example_dags/example_sensor_decorator.py took 0.110 seconds
[2026-05-10T17:40:12.446+0000] {processor.py:161} INFO - Started process (PID=42702) to work on /home/airflow/.local/lib/python3.12/site-packages/airflow/example_dags/example_sensor_decorator.py
[2026-05-10T17:40:12.447+0000] {processor.py:830} INFO - Processing file /home/airflow/.local/lib/python3.12/site-packages/airflow/example_dags/example_sensor_decorator.py for tasks to queue
[2026-05-10T17:40:12.449+0000] {logging_mixin.py:188} INFO - [2026-05-10T17:40:12.448+0000] {dagbag.py:545} INFO - Filling up the DagBag from /home/airflow/.local/lib/python3.12/site-packages/airflow/example_dags/example_sensor_decorator.py
[2026-05-10T17:40:12.455+0000] {processor.py:840} INFO - DAG(s) 'example_sensor_decorator' retrieved from /home/airflow/.local/lib/python3.12/site-packages/airflow/example_dags/example_sensor_decorator.py
[2026-05-10T17:40:12.478+0000] {logging_mixin.py:188} INFO - [2026-05-10T17:40:12.477+0000] {dag.py:3089} INFO - Sync 1 DAGs
[2026-05-10T17:40:12.489+0000] {logging_mixin.py:188} INFO - [2026-05-10T17:40:12.489+0000] {dag.py:3947} INFO - Setting next_dagrun for example_sensor_decorator to None, run_after=None
[2026-05-10T17:40:12.510+0000] {processor.py:183} INFO - Processing /home/airflow/.local/lib/python3.12/site-packages/airflow/example_dags/example_sensor_decorator.py took 0.069 seconds
[2026-05-10T17:40:43.127+0000] {processor.py:161} INFO - Started process (PID=42770) to work on /home/airflow/.local/lib/python3.12/site-packages/airflow/example_dags/example_sensor_decorator.py
[2026-05-10T17:40:43.129+0000] {processor.py:830} INFO - Processing file /home/airflow/.local/lib/python3.12/site-packages/airflow/example_dags/example_sensor_decorator.py for tasks to queue
[2026-05-10T17:40:43.131+0000] {logging_mixin.py:188} INFO - [2026-05-10T17:40:43.130+0000] {dagbag.py:545} INFO - Filling up the DagBag from /home/airflow/.local/lib/python3.12/site-packages/airflow/example_dags/example_sensor_decorator.py
[2026-05-10T17:40:43.138+0000] {processor.py:840} INFO - DAG(s) 'example_sensor_decorator' retrieved from /home/airflow/.local/lib/python3.12/site-packages/airflow/example_dags/example_sensor_decorator.py
[2026-05-10T17:40:43.163+0000] {logging_mixin.py:188} INFO - [2026-05-10T17:40:43.162+0000] {dag.py:3089} INFO - Sync 1 DAGs
[2026-05-10T17:40:43.175+0000] {logging_mixin.py:188} INFO - [2026-05-10T17:40:43.175+0000] {dag.py:3947} INFO - Setting next_dagrun for example_sensor_decorator to None, run_after=None
[2026-05-10T17:40:43.201+0000] {processor.py:183} INFO - Processing /home/airflow/.local/lib/python3.12/site-packages/airflow/example_dags/example_sensor_decorator.py took 0.082 seconds
[2026-05-10T17:41:13.872+0000] {processor.py:161} INFO - Started process (PID=42845) to work on /home/airflow/.local/lib/python3.12/site-packages/airflow/example_dags/example_sensor_decorator.py
[2026-05-10T17:41:13.873+0000] {processor.py:830} INFO - Processing file /home/airflow/.local/lib/python3.12/site-packages/airflow/example_dags/example_sensor_decorator.py for tasks to queue
[2026-05-10T17:41:13.874+0000] {logging_mixin.py:188} INFO - [2026-05-10T17:41:13.873+0000] {dagbag.py:545} INFO - Filling up the DagBag from /home/airflow/.local/lib/python3.12/site-packages/airflow/example_dags/example_sensor_decorator.py
[2026-05-10T17:41:13.879+0000] {processor.py:840} INFO - DAG(s) 'example_sensor_decorator' retrieved from /home/airflow/.local/lib/python3.12/site-packages/airflow/example_dags/example_sensor_decorator.py
[2026-05-10T17:41:13.897+0000] {logging_mixin.py:188} INFO - [2026-05-10T17:41:13.897+0000] {dag.py:3089} INFO - Sync 1 DAGs
[2026-05-10T17:41:13.908+0000] {logging_mixin.py:188} INFO - [2026-05-10T17:41:13.908+0000] {dag.py:3947} INFO - Setting next_dagrun for example_sensor_decorator to None, run_after=None
[2026-05-10T17:41:13.929+0000] {processor.py:183} INFO - Processing /home/airflow/.local/lib/python3.12/site-packages/airflow/example_dags/example_sensor_decorator.py took 0.062 seconds
[2026-05-10T17:41:44.442+0000] {processor.py:161} INFO - Started process (PID=42913) to work on /home/airflow/.local/lib/python3.12/site-packages/airflow/example_dags/example_sensor_decorator.py
[2026-05-10T17:41:44.444+0000] {processor.py:830} INFO - Processing file /home/airflow/.local/lib/python3.12/site-packages/airflow/example_dags/example_sensor_decorator.py for tasks to queue
[2026-05-10T17:41:44.446+0000] {logging_mixin.py:188} INFO - [2026-05-10T17:41:44.446+0000] {dagbag.py:545} INFO - Filling up the DagBag from /home/airflow/.local/lib/python3.12/site-packages/airflow/example_dags/example_sensor_decorator.py
[2026-05-10T17:41:44.456+0000] {processor.py:840} INFO - DAG(s) 'example_sensor_decorator' retrieved from /home/airflow/.local/lib/python3.12/site-packages/airflow/example_dags/example_sensor_decorator.py
[2026-05-10T17:41:44.484+0000] {logging_mixin.py:188} INFO - [2026-05-10T17:41:44.483+0000] {dag.py:3089} INFO - Sync 1 DAGs
[2026-05-10T17:41:44.496+0000] {logging_mixin.py:188} INFO - [2026-05-10T17:41:44.496+0000] {dag.py:3947} INFO - Setting next_dagrun for example_sensor_decorator to None, run_after=None
[2026-05-10T17:41:44.521+0000] {processor.py:183} INFO - Processing /home/airflow/.local/lib/python3.12/site-packages/airflow/example_dags/example_sensor_decorator.py took 0.090 seconds
[2026-05-10T17:42:15.165+0000] {processor.py:161} INFO - Started process (PID=42981) to work on /home/airflow/.local/lib/python3.12/site-packages/airflow/example_dags/example_sensor_decorator.py
[2026-05-10T17:42:15.166+0000] {processor.py:830} INFO - Processing file /home/airflow/.local/lib/python3.12/site-packages/airflow/example_dags/example_sensor_decorator.py for tasks to queue
[2026-05-10T17:42:15.168+0000] {logging_mixin.py:188} INFO - [2026-05-10T17:42:15.167+0000] {dagbag.py:545} INFO - Filling up the DagBag from /home/airflow/.local/lib/python3.12/site-packages/airflow/example_dags/example_sensor_decorator.py
[2026-05-10T17:42:15.174+0000] {processor.py:840} INFO - DAG(s) 'example_sensor_decorator' retrieved from /home/airflow/.local/lib/python3.12/site-packages/airflow/example_dags/example_sensor_decorator.py
[2026-05-10T17:42:15.208+0000] {logging_mixin.py:188} INFO - [2026-05-10T17:42:15.207+0000] {dag.py:3089} INFO - Sync 1 DAGs
[2026-05-10T17:42:15.228+0000] {logging_mixin.py:188} INFO - [2026-05-10T17:42:15.228+0000] {dag.py:3947} INFO - Setting next_dagrun for example_sensor_decorator to None, run_after=None
[2026-05-10T17:42:15.272+0000] {processor.py:183} INFO - Processing /home/airflow/.local/lib/python3.12/site-packages/airflow/example_dags/example_sensor_decorator.py took 0.113 seconds
[2026-05-10T17:42:45.768+0000] {processor.py:161} INFO - Started process (PID=43056) to work on /home/airflow/.local/lib/python3.12/site-packages/airflow/example_dags/example_sensor_decorator.py
[2026-05-10T17:42:45.770+0000] {processor.py:830} INFO - Processing file /home/airflow/.local/lib/python3.12/site-packages/airflow/example_dags/example_sensor_decorator.py for tasks to queue
[2026-05-10T17:42:45.771+0000] {logging_mixin.py:188} INFO - [2026-05-10T17:42:45.771+0000] {dagbag.py:545} INFO - Filling up the DagBag from /home/airflow/.local/lib/python3.12/site-packages/airflow/example_dags/example_sensor_decorator.py
[2026-05-10T17:42:45.780+0000] {processor.py:840} INFO - DAG(s) 'example_sensor_decorator' retrieved from /home/airflow/.local/lib/python3.12/site-packages/airflow/example_dags/example_sensor_decorator.py
[2026-05-10T17:42:45.803+0000] {logging_mixin.py:188} INFO - [2026-05-10T17:42:45.803+0000] {dag.py:3089} INFO - Sync 1 DAGs
[2026-05-10T17:42:45.817+0000] {logging_mixin.py:188} INFO - [2026-05-10T17:42:45.816+0000] {dag.py:3947} INFO - Setting next_dagrun for example_sensor_decorator to None, run_after=None
[2026-05-10T17:42:45.841+0000] {processor.py:183} INFO - Processing /home/airflow/.local/lib/python3.12/site-packages/airflow/example_dags/example_sensor_decorator.py took 0.080 seconds
[2026-05-10T17:43:16.359+0000] {processor.py:161} INFO - Started process (PID=43124) to work on /home/airflow/.local/lib/python3.12/site-packages/airflow/example_dags/example_sensor_decorator.py
[2026-05-10T17:43:16.361+0000] {processor.py:830} INFO - Processing file /home/airflow/.local/lib/python3.12/site-packages/airflow/example_dags/example_sensor_decorator.py for tasks to queue
[2026-05-10T17:43:16.363+0000] {logging_mixin.py:188} INFO - [2026-05-10T17:43:16.362+0000] {dagbag.py:545} INFO - Filling up the DagBag from /home/airflow/.local/lib/python3.12/site-packages/airflow/example_dags/example_sensor_decorator.py
[2026-05-10T17:43:16.373+0000] {processor.py:840} INFO - DAG(s) 'example_sensor_decorator' retrieved from /home/airflow/.local/lib/python3.12/site-packages/airflow/example_dags/example_sensor_decorator.py
[2026-05-10T17:43:16.393+0000] {logging_mixin.py:188} INFO - [2026-05-10T17:43:16.393+0000] {dag.py:3089} INFO - Sync 1 DAGs
[2026-05-10T17:43:16.406+0000] {logging_mixin.py:188} INFO - [2026-05-10T17:43:16.405+0000] {dag.py:3947} INFO - Setting next_dagrun for example_sensor_decorator to None, run_after=None
[2026-05-10T17:43:16.441+0000] {processor.py:183} INFO - Processing /home/airflow/.local/lib/python3.12/site-packages/airflow/example_dags/example_sensor_decorator.py took 0.087 seconds
[2026-05-10T17:43:47.155+0000] {processor.py:161} INFO - Started process (PID=43192) to work on /home/airflow/.local/lib/python3.12/site-packages/airflow/example_dags/example_sensor_decorator.py
[2026-05-10T17:43:47.156+0000] {processor.py:830} INFO - Processing file /home/airflow/.local/lib/python3.12/site-packages/airflow/example_dags/example_sensor_decorator.py for tasks to queue
[2026-05-10T17:43:47.159+0000] {logging_mixin.py:188} INFO - [2026-05-10T17:43:47.157+0000] {dagbag.py:545} INFO - Filling up the DagBag from /home/airflow/.local/lib/python3.12/site-packages/airflow/example_dags/example_sensor_decorator.py
[2026-05-10T17:43:47.167+0000] {processor.py:840} INFO - DAG(s) 'example_sensor_decorator' retrieved from /home/airflow/.local/lib/python3.12/site-packages/airflow/example_dags/example_sensor_decorator.py
[2026-05-10T17:43:47.203+0000] {logging_mixin.py:188} INFO - [2026-05-10T17:43:47.202+0000] {dag.py:3089} INFO - Sync 1 DAGs
[2026-05-10T17:43:47.227+0000] {logging_mixin.py:188} INFO - [2026-05-10T17:43:47.226+0000] {dag.py:3947} INFO - Setting next_dagrun for example_sensor_decorator to None, run_after=None
[2026-05-10T17:43:47.263+0000] {processor.py:183} INFO - Processing /home/airflow/.local/lib/python3.12/site-packages/airflow/example_dags/example_sensor_decorator.py took 0.115 seconds
[2026-05-10T17:44:17.671+0000] {processor.py:161} INFO - Started process (PID=43267) to work on /home/airflow/.local/lib/python3.12/site-packages/airflow/example_dags/example_sensor_decorator.py
[2026-05-10T17:44:17.673+0000] {processor.py:830} INFO - Processing file /home/airflow/.local/lib/python3.12/site-packages/airflow/example_dags/example_sensor_decorator.py for tasks to queue
[2026-05-10T17:44:17.674+0000] {logging_mixin.py:188} INFO - [2026-05-10T17:44:17.674+0000] {dagbag.py:545} INFO - Filling up the DagBag from /home/airflow/.local/lib/python3.12/site-packages/airflow/example_dags/example_sensor_decorator.py
[2026-05-10T17:44:17.687+0000] {processor.py:840} INFO - DAG(s) 'example_sensor_decorator' retrieved from /home/airflow/.local/lib/python3.12/site-packages/airflow/example_dags/example_sensor_decorator.py
[2026-05-10T17:44:17.719+0000] {logging_mixin.py:188} INFO - [2026-05-10T17:44:17.718+0000] {dag.py:3089} INFO - Sync 1 DAGs
[2026-05-10T17:44:17.737+0000] {logging_mixin.py:188} INFO - [2026-05-10T17:44:17.736+0000] {dag.py:3947} INFO - Setting next_dagrun for example_sensor_decorator to None, run_after=None
[2026-05-10T17:44:17.772+0000] {processor.py:183} INFO - Processing /home/airflow/.local/lib/python3.12/site-packages/airflow/example_dags/example_sensor_decorator.py took 0.110 seconds
[2026-05-10T17:44:48.059+0000] {processor.py:161} INFO - Started process (PID=43335) to work on /home/airflow/.local/lib/python3.12/site-packages/airflow/example_dags/example_sensor_decorator.py
[2026-05-10T17:44:48.061+0000] {processor.py:830} INFO - Processing file /home/airflow/.local/lib/python3.12/site-packages/airflow/example_dags/example_sensor_decorator.py for tasks to queue
[2026-05-10T17:44:48.063+0000] {logging_mixin.py:188} INFO - [2026-05-10T17:44:48.063+0000] {dagbag.py:545} INFO - Filling up the DagBag from /home/airflow/.local/lib/python3.12/site-packages/airflow/example_dags/example_sensor_decorator.py
[2026-05-10T17:44:48.076+0000] {processor.py:840} INFO - DAG(s) 'example_sensor_decorator' retrieved from /home/airflow/.local/lib/python3.12/site-packages/airflow/example_dags/example_sensor_decorator.py
[2026-05-10T17:44:48.115+0000] {logging_mixin.py:188} INFO - [2026-05-10T17:44:48.114+0000] {dag.py:3089} INFO - Sync 1 DAGs
[2026-05-10T17:44:48.141+0000] {logging_mixin.py:188} INFO - [2026-05-10T17:44:48.141+0000] {dag.py:3947} INFO - Setting next_dagrun for example_sensor_decorator to None, run_after=None
[2026-05-10T17:44:48.184+0000] {processor.py:183} INFO - Processing /home/airflow/.local/lib/python3.12/site-packages/airflow/example_dags/example_sensor_decorator.py took 0.136 seconds
[2026-05-10T17:45:18.517+0000] {processor.py:161} INFO - Started process (PID=43410) to work on /home/airflow/.local/lib/python3.12/site-packages/airflow/example_dags/example_sensor_decorator.py
[2026-05-10T17:45:18.518+0000] {processor.py:830} INFO - Processing file /home/airflow/.local/lib/python3.12/site-packages/airflow/example_dags/example_sensor_decorator.py for tasks to queue
[2026-05-10T17:45:18.519+0000] {logging_mixin.py:188} INFO - [2026-05-10T17:45:18.519+0000] {dagbag.py:545} INFO - Filling up the DagBag from /home/airflow/.local/lib/python3.12/site-packages/airflow/example_dags/example_sensor_decorator.py
[2026-05-10T17:45:18.526+0000] {processor.py:840} INFO - DAG(s) 'example_sensor_decorator' retrieved from /home/airflow/.local/lib/python3.12/site-packages/airflow/example_dags/example_sensor_decorator.py
[2026-05-10T17:45:18.552+0000] {logging_mixin.py:188} INFO - [2026-05-10T17:45:18.551+0000] {dag.py:3089} INFO - Sync 1 DAGs
[2026-05-10T17:45:18.573+0000] {logging_mixin.py:188} INFO - [2026-05-10T17:45:18.573+0000] {dag.py:3947} INFO - Setting next_dagrun for example_sensor_decorator to None, run_after=None
[2026-05-10T17:45:18.599+0000] {processor.py:183} INFO - Processing /home/airflow/.local/lib/python3.12/site-packages/airflow/example_dags/example_sensor_decorator.py took 0.092 seconds
[2026-05-10T17:45:48.868+0000] {processor.py:161} INFO - Started process (PID=43478) to work on /home/airflow/.local/lib/python3.12/site-packages/airflow/example_dags/example_sensor_decorator.py
[2026-05-10T17:45:48.870+0000] {processor.py:830} INFO - Processing file /home/airflow/.local/lib/python3.12/site-packages/airflow/example_dags/example_sensor_decorator.py for tasks to queue
[2026-05-10T17:45:48.872+0000] {logging_mixin.py:188} INFO - [2026-05-10T17:45:48.871+0000] {dagbag.py:545} INFO - Filling up the DagBag from /home/airflow/.local/lib/python3.12/site-packages/airflow/example_dags/example_sensor_decorator.py
[2026-05-10T17:45:48.881+0000] {processor.py:840} INFO - DAG(s) 'example_sensor_decorator' retrieved from /home/airflow/.local/lib/python3.12/site-packages/airflow/example_dags/example_sensor_decorator.py
[2026-05-10T17:45:48.915+0000] {logging_mixin.py:188} INFO - [2026-05-10T17:45:48.915+0000] {dag.py:3089} INFO - Sync 1 DAGs
[2026-05-10T17:45:48.932+0000] {logging_mixin.py:188} INFO - [2026-05-10T17:45:48.932+0000] {dag.py:3947} INFO - Setting next_dagrun for example_sensor_decorator to None, run_after=None
[2026-05-10T17:45:48.963+0000] {processor.py:183} INFO - Processing /home/airflow/.local/lib/python3.12/site-packages/airflow/example_dags/example_sensor_decorator.py took 0.102 seconds
[2026-05-10T17:46:19.512+0000] {processor.py:161} INFO - Started process (PID=43546) to work on /home/airflow/.local/lib/python3.12/site-packages/airflow/example_dags/example_sensor_decorator.py
[2026-05-10T17:46:19.514+0000] {processor.py:830} INFO - Processing file /home/airflow/.local/lib/python3.12/site-packages/airflow/example_dags/example_sensor_decorator.py for tasks to queue
[2026-05-10T17:46:19.515+0000] {logging_mixin.py:188} INFO - [2026-05-10T17:46:19.515+0000] {dagbag.py:545} INFO - Filling up the DagBag from /home/airflow/.local/lib/python3.12/site-packages/airflow/example_dags/example_sensor_decorator.py
[2026-05-10T17:46:19.527+0000] {processor.py:840} INFO - DAG(s) 'example_sensor_decorator' retrieved from /home/airflow/.local/lib/python3.12/site-packages/airflow/example_dags/example_sensor_decorator.py
[2026-05-10T17:46:19.559+0000] {logging_mixin.py:188} INFO - [2026-05-10T17:46:19.559+0000] {dag.py:3089} INFO - Sync 1 DAGs
[2026-05-10T17:46:19.573+0000] {logging_mixin.py:188} INFO - [2026-05-10T17:46:19.573+0000] {dag.py:3947} INFO - Setting next_dagrun for example_sensor_decorator to None, run_after=None
[2026-05-10T17:46:19.612+0000] {processor.py:183} INFO - Processing /home/airflow/.local/lib/python3.12/site-packages/airflow/example_dags/example_sensor_decorator.py took 0.113 seconds
[2026-05-10T17:46:50.060+0000] {processor.py:161} INFO - Started process (PID=43621) to work on /home/airflow/.local/lib/python3.12/site-packages/airflow/example_dags/example_sensor_decorator.py
[2026-05-10T17:46:50.062+0000] {processor.py:830} INFO - Processing file /home/airflow/.local/lib/python3.12/site-packages/airflow/example_dags/example_sensor_decorator.py for tasks to queue
[2026-05-10T17:46:50.064+0000] {logging_mixin.py:188} INFO - [2026-05-10T17:46:50.064+0000] {dagbag.py:545} INFO - Filling up the DagBag from /home/airflow/.local/lib/python3.12/site-packages/airflow/example_dags/example_sensor_decorator.py
[2026-05-10T17:46:50.080+0000] {processor.py:840} INFO - DAG(s) 'example_sensor_decorator' retrieved from /home/airflow/.local/lib/python3.12/site-packages/airflow/example_dags/example_sensor_decorator.py
[2026-05-10T17:46:50.121+0000] {logging_mixin.py:188} INFO - [2026-05-10T17:46:50.120+0000] {dag.py:3089} INFO - Sync 1 DAGs
[2026-05-10T17:46:50.145+0000] {logging_mixin.py:188} INFO - [2026-05-10T17:46:50.144+0000] {dag.py:3947} INFO - Setting next_dagrun for example_sensor_decorator to None, run_after=None
[2026-05-10T17:46:50.213+0000] {processor.py:183} INFO - Processing /home/airflow/.local/lib/python3.12/site-packages/airflow/example_dags/example_sensor_decorator.py took 0.171 seconds
[2026-05-10T17:47:20.551+0000] {processor.py:161} INFO - Started process (PID=43689) to work on /home/airflow/.local/lib/python3.12/site-packages/airflow/example_dags/example_sensor_decorator.py
[2026-05-10T17:47:20.553+0000] {processor.py:830} INFO - Processing file /home/airflow/.local/lib/python3.12/site-packages/airflow/example_dags/example_sensor_decorator.py for tasks to queue
[2026-05-10T17:47:20.556+0000] {logging_mixin.py:188} INFO - [2026-05-10T17:47:20.555+0000] {dagbag.py:545} INFO - Filling up the DagBag from /home/airflow/.local/lib/python3.12/site-packages/airflow/example_dags/example_sensor_decorator.py
[2026-05-10T17:47:20.568+0000] {processor.py:840} INFO - DAG(s) 'example_sensor_decorator' retrieved from /home/airflow/.local/lib/python3.12/site-packages/airflow/example_dags/example_sensor_decorator.py
[2026-05-10T17:47:20.611+0000] {logging_mixin.py:188} INFO - [2026-05-10T17:47:20.611+0000] {dag.py:3089} INFO - Sync 1 DAGs
[2026-05-10T17:47:20.643+0000] {logging_mixin.py:188} INFO - [2026-05-10T17:47:20.642+0000] {dag.py:3947} INFO - Setting next_dagrun for example_sensor_decorator to None, run_after=None
[2026-05-10T17:47:20.705+0000] {processor.py:183} INFO - Processing /home/airflow/.local/lib/python3.12/site-packages/airflow/example_dags/example_sensor_decorator.py took 0.166 seconds
[2026-05-10T17:47:51.158+0000] {processor.py:161} INFO - Started process (PID=43757) to work on /home/airflow/.local/lib/python3.12/site-packages/airflow/example_dags/example_sensor_decorator.py
[2026-05-10T17:47:51.161+0000] {processor.py:830} INFO - Processing file /home/airflow/.local/lib/python3.12/site-packages/airflow/example_dags/example_sensor_decorator.py for tasks to queue
[2026-05-10T17:47:51.163+0000] {logging_mixin.py:188} INFO - [2026-05-10T17:47:51.162+0000] {dagbag.py:545} INFO - Filling up the DagBag from /home/airflow/.local/lib/python3.12/site-packages/airflow/example_dags/example_sensor_decorator.py
[2026-05-10T17:47:51.174+0000] {processor.py:840} INFO - DAG(s) 'example_sensor_decorator' retrieved from /home/airflow/.local/lib/python3.12/site-packages/airflow/example_dags/example_sensor_decorator.py
[2026-05-10T17:47:51.213+0000] {logging_mixin.py:188} INFO - [2026-05-10T17:47:51.213+0000] {dag.py:3089} INFO - Sync 1 DAGs
[2026-05-10T17:47:51.237+0000] {logging_mixin.py:188} INFO - [2026-05-10T17:47:51.237+0000] {dag.py:3947} INFO - Setting next_dagrun for example_sensor_decorator to None, run_after=None
[2026-05-10T17:47:51.273+0000] {processor.py:183} INFO - Processing /home/airflow/.local/lib/python3.12/site-packages/airflow/example_dags/example_sensor_decorator.py took 0.125 seconds
[2026-05-10T17:48:21.997+0000] {processor.py:161} INFO - Started process (PID=43825) to work on /home/airflow/.local/lib/python3.12/site-packages/airflow/example_dags/example_sensor_decorator.py
[2026-05-10T17:48:22.000+0000] {processor.py:830} INFO - Processing file /home/airflow/.local/lib/python3.12/site-packages/airflow/example_dags/example_sensor_decorator.py for tasks to queue
[2026-05-10T17:48:22.002+0000] {logging_mixin.py:188} INFO - [2026-05-10T17:48:22.001+0000] {dagbag.py:545} INFO - Filling up the DagBag from /home/airflow/.local/lib/python3.12/site-packages/airflow/example_dags/example_sensor_decorator.py
[2026-05-10T17:48:22.014+0000] {processor.py:840} INFO - DAG(s) 'example_sensor_decorator' retrieved from /home/airflow/.local/lib/python3.12/site-packages/airflow/example_dags/example_sensor_decorator.py
[2026-05-10T17:48:22.060+0000] {logging_mixin.py:188} INFO - [2026-05-10T17:48:22.059+0000] {dag.py:3089} INFO - Sync 1 DAGs
[2026-05-10T17:48:22.080+0000] {logging_mixin.py:188} INFO - [2026-05-10T17:48:22.079+0000] {dag.py:3947} INFO - Setting next_dagrun for example_sensor_decorator to None, run_after=None
[2026-05-10T17:48:22.143+0000] {processor.py:183} INFO - Processing /home/airflow/.local/lib/python3.12/site-packages/airflow/example_dags/example_sensor_decorator.py took 0.160 seconds
[2026-05-10T17:48:52.210+0000] {processor.py:161} INFO - Started process (PID=43893) to work on /home/airflow/.local/lib/python3.12/site-packages/airflow/example_dags/example_sensor_decorator.py
[2026-05-10T17:48:52.214+0000] {processor.py:830} INFO - Processing file /home/airflow/.local/lib/python3.12/site-packages/airflow/example_dags/example_sensor_decorator.py for tasks to queue
[2026-05-10T17:48:52.216+0000] {logging_mixin.py:188} INFO - [2026-05-10T17:48:52.215+0000] {dagbag.py:545} INFO - Filling up the DagBag from /home/airflow/.local/lib/python3.12/site-packages/airflow/example_dags/example_sensor_decorator.py
[2026-05-10T17:48:52.227+0000] {processor.py:840} INFO - DAG(s) 'example_sensor_decorator' retrieved from /home/airflow/.local/lib/python3.12/site-packages/airflow/example_dags/example_sensor_decorator.py
[2026-05-10T17:48:52.265+0000] {logging_mixin.py:188} INFO - [2026-05-10T17:48:52.265+0000] {dag.py:3089} INFO - Sync 1 DAGs
[2026-05-10T17:48:52.286+0000] {logging_mixin.py:188} INFO - [2026-05-10T17:48:52.285+0000] {dag.py:3947} INFO - Setting next_dagrun for example_sensor_decorator to None, run_after=None
[2026-05-10T17:48:52.329+0000] {processor.py:183} INFO - Processing /home/airflow/.local/lib/python3.12/site-packages/airflow/example_dags/example_sensor_decorator.py took 0.130 seconds
[2026-05-10T17:49:22.713+0000] {processor.py:161} INFO - Started process (PID=43961) to work on /home/airflow/.local/lib/python3.12/site-packages/airflow/example_dags/example_sensor_decorator.py
[2026-05-10T17:49:22.716+0000] {processor.py:830} INFO - Processing file /home/airflow/.local/lib/python3.12/site-packages/airflow/example_dags/example_sensor_decorator.py for tasks to queue
[2026-05-10T17:49:22.719+0000] {logging_mixin.py:188} INFO - [2026-05-10T17:49:22.718+0000] {dagbag.py:545} INFO - Filling up the DagBag from /home/airflow/.local/lib/python3.12/site-packages/airflow/example_dags/example_sensor_decorator.py
[2026-05-10T17:49:22.732+0000] {processor.py:840} INFO - DAG(s) 'example_sensor_decorator' retrieved from /home/airflow/.local/lib/python3.12/site-packages/airflow/example_dags/example_sensor_decorator.py
[2026-05-10T17:49:22.774+0000] {logging_mixin.py:188} INFO - [2026-05-10T17:49:22.773+0000] {dag.py:3089} INFO - Sync 1 DAGs
[2026-05-10T17:49:22.801+0000] {logging_mixin.py:188} INFO - [2026-05-10T17:49:22.800+0000] {dag.py:3947} INFO - Setting next_dagrun for example_sensor_decorator to None, run_after=None
[2026-05-10T17:49:22.871+0000] {processor.py:183} INFO - Processing /home/airflow/.local/lib/python3.12/site-packages/airflow/example_dags/example_sensor_decorator.py took 0.172 seconds
[2026-05-10T17:49:53.597+0000] {processor.py:161} INFO - Started process (PID=44028) to work on /home/airflow/.local/lib/python3.12/site-packages/airflow/example_dags/example_sensor_decorator.py
[2026-05-10T17:49:53.600+0000] {processor.py:830} INFO - Processing file /home/airflow/.local/lib/python3.12/site-packages/airflow/example_dags/example_sensor_decorator.py for tasks to queue
[2026-05-10T17:49:53.602+0000] {logging_mixin.py:188} INFO - [2026-05-10T17:49:53.602+0000] {dagbag.py:545} INFO - Filling up the DagBag from /home/airflow/.local/lib/python3.12/site-packages/airflow/example_dags/example_sensor_decorator.py
[2026-05-10T17:49:53.619+0000] {processor.py:840} INFO - DAG(s) 'example_sensor_decorator' retrieved from /home/airflow/.local/lib/python3.12/site-packages/airflow/example_dags/example_sensor_decorator.py
[2026-05-10T17:49:53.664+0000] {logging_mixin.py:188} INFO - [2026-05-10T17:49:53.664+0000] {dag.py:3089} INFO - Sync 1 DAGs
[2026-05-10T17:49:53.686+0000] {logging_mixin.py:188} INFO - [2026-05-10T17:49:53.686+0000] {dag.py:3947} INFO - Setting next_dagrun for example_sensor_decorator to None, run_after=None
[2026-05-10T17:49:54.071+0000] {processor.py:183} INFO - Processing /home/airflow/.local/lib/python3.12/site-packages/airflow/example_dags/example_sensor_decorator.py took 0.486 seconds
[2026-05-10T17:50:24.429+0000] {processor.py:161} INFO - Started process (PID=44096) to work on /home/airflow/.local/lib/python3.12/site-packages/airflow/example_dags/example_sensor_decorator.py
[2026-05-10T17:50:24.433+0000] {processor.py:830} INFO - Processing file /home/airflow/.local/lib/python3.12/site-packages/airflow/example_dags/example_sensor_decorator.py for tasks to queue
[2026-05-10T17:50:24.438+0000] {logging_mixin.py:188} INFO - [2026-05-10T17:50:24.437+0000] {dagbag.py:545} INFO - Filling up the DagBag from /home/airflow/.local/lib/python3.12/site-packages/airflow/example_dags/example_sensor_decorator.py
[2026-05-10T17:50:24.453+0000] {processor.py:840} INFO - DAG(s) 'example_sensor_decorator' retrieved from /home/airflow/.local/lib/python3.12/site-packages/airflow/example_dags/example_sensor_decorator.py
[2026-05-10T17:50:24.496+0000] {logging_mixin.py:188} INFO - [2026-05-10T17:50:24.496+0000] {dag.py:3089} INFO - Sync 1 DAGs
[2026-05-10T17:50:24.524+0000] {logging_mixin.py:188} INFO - [2026-05-10T17:50:24.523+0000] {dag.py:3947} INFO - Setting next_dagrun for example_sensor_decorator to None, run_after=None
[2026-05-10T17:50:24.597+0000] {processor.py:183} INFO - Processing /home/airflow/.local/lib/python3.12/site-packages/airflow/example_dags/example_sensor_decorator.py took 0.180 seconds
[2026-05-10T17:50:55.091+0000] {processor.py:161} INFO - Started process (PID=44164) to work on /home/airflow/.local/lib/python3.12/site-packages/airflow/example_dags/example_sensor_decorator.py
[2026-05-10T17:50:55.093+0000] {processor.py:830} INFO - Processing file /home/airflow/.local/lib/python3.12/site-packages/airflow/example_dags/example_sensor_decorator.py for tasks to queue
[2026-05-10T17:50:55.096+0000] {logging_mixin.py:188} INFO - [2026-05-10T17:50:55.095+0000] {dagbag.py:545} INFO - Filling up the DagBag from /home/airflow/.local/lib/python3.12/site-packages/airflow/example_dags/example_sensor_decorator.py
[2026-05-10T17:50:55.108+0000] {processor.py:840} INFO - DAG(s) 'example_sensor_decorator' retrieved from /home/airflow/.local/lib/python3.12/site-packages/airflow/example_dags/example_sensor_decorator.py
[2026-05-10T17:50:55.152+0000] {logging_mixin.py:188} INFO - [2026-05-10T17:50:55.151+0000] {dag.py:3089} INFO - Sync 1 DAGs
[2026-05-10T17:50:55.180+0000] {logging_mixin.py:188} INFO - [2026-05-10T17:50:55.179+0000] {dag.py:3947} INFO - Setting next_dagrun for example_sensor_decorator to None, run_after=None
[2026-05-10T17:50:55.221+0000] {processor.py:183} INFO - Processing /home/airflow/.local/lib/python3.12/site-packages/airflow/example_dags/example_sensor_decorator.py took 0.142 seconds
[2026-05-10T17:51:25.664+0000] {processor.py:161} INFO - Started process (PID=44234) to work on /home/airflow/.local/lib/python3.12/site-packages/airflow/example_dags/example_sensor_decorator.py
[2026-05-10T17:51:25.666+0000] {processor.py:830} INFO - Processing file /home/airflow/.local/lib/python3.12/site-packages/airflow/example_dags/example_sensor_decorator.py for tasks to queue
[2026-05-10T17:51:25.668+0000] {logging_mixin.py:188} INFO - [2026-05-10T17:51:25.667+0000] {dagbag.py:545} INFO - Filling up the DagBag from /home/airflow/.local/lib/python3.12/site-packages/airflow/example_dags/example_sensor_decorator.py
[2026-05-10T17:51:25.678+0000] {processor.py:840} INFO - DAG(s) 'example_sensor_decorator' retrieved from /home/airflow/.local/lib/python3.12/site-packages/airflow/example_dags/example_sensor_decorator.py
[2026-05-10T17:51:25.727+0000] {logging_mixin.py:188} INFO - [2026-05-10T17:51:25.726+0000] {dag.py:3089} INFO - Sync 1 DAGs
[2026-05-10T17:51:25.760+0000] {logging_mixin.py:188} INFO - [2026-05-10T17:51:25.759+0000] {dag.py:3947} INFO - Setting next_dagrun for example_sensor_decorator to None, run_after=None
[2026-05-10T17:51:25.814+0000] {processor.py:183} INFO - Processing /home/airflow/.local/lib/python3.12/site-packages/airflow/example_dags/example_sensor_decorator.py took 0.162 seconds
[2026-05-10T17:51:56.122+0000] {processor.py:161} INFO - Started process (PID=44310) to work on /home/airflow/.local/lib/python3.12/site-packages/airflow/example_dags/example_sensor_decorator.py
[2026-05-10T17:51:56.124+0000] {processor.py:830} INFO - Processing file /home/airflow/.local/lib/python3.12/site-packages/airflow/example_dags/example_sensor_decorator.py for tasks to queue
[2026-05-10T17:51:56.126+0000] {logging_mixin.py:188} INFO - [2026-05-10T17:51:56.125+0000] {dagbag.py:545} INFO - Filling up the DagBag from /home/airflow/.local/lib/python3.12/site-packages/airflow/example_dags/example_sensor_decorator.py
[2026-05-10T17:51:56.141+0000] {processor.py:840} INFO - DAG(s) 'example_sensor_decorator' retrieved from /home/airflow/.local/lib/python3.12/site-packages/airflow/example_dags/example_sensor_decorator.py
[2026-05-10T17:51:56.186+0000] {logging_mixin.py:188} INFO - [2026-05-10T17:51:56.185+0000] {dag.py:3089} INFO - Sync 1 DAGs
[2026-05-10T17:51:56.213+0000] {logging_mixin.py:188} INFO - [2026-05-10T17:51:56.213+0000] {dag.py:3947} INFO - Setting next_dagrun for example_sensor_decorator to None, run_after=None
[2026-05-10T17:51:56.255+0000] {processor.py:183} INFO - Processing /home/airflow/.local/lib/python3.12/site-packages/airflow/example_dags/example_sensor_decorator.py took 0.151 seconds
[2026-05-10T17:52:26.654+0000] {processor.py:161} INFO - Started process (PID=44379) to work on /home/airflow/.local/lib/python3.12/site-packages/airflow/example_dags/example_sensor_decorator.py
[2026-05-10T17:52:26.656+0000] {processor.py:830} INFO - Processing file /home/airflow/.local/lib/python3.12/site-packages/airflow/example_dags/example_sensor_decorator.py for tasks to queue
[2026-05-10T17:52:26.659+0000] {logging_mixin.py:188} INFO - [2026-05-10T17:52:26.658+0000] {dagbag.py:545} INFO - Filling up the DagBag from /home/airflow/.local/lib/python3.12/site-packages/airflow/example_dags/example_sensor_decorator.py
[2026-05-10T17:52:26.669+0000] {processor.py:840} INFO - DAG(s) 'example_sensor_decorator' retrieved from /home/airflow/.local/lib/python3.12/site-packages/airflow/example_dags/example_sensor_decorator.py
[2026-05-10T17:52:26.704+0000] {logging_mixin.py:188} INFO - [2026-05-10T17:52:26.704+0000] {dag.py:3089} INFO - Sync 1 DAGs
[2026-05-10T17:52:26.726+0000] {logging_mixin.py:188} INFO - [2026-05-10T17:52:26.726+0000] {dag.py:3947} INFO - Setting next_dagrun for example_sensor_decorator to None, run_after=None
[2026-05-10T17:52:26.765+0000] {processor.py:183} INFO - Processing /home/airflow/.local/lib/python3.12/site-packages/airflow/example_dags/example_sensor_decorator.py took 0.120 seconds
[2026-05-10T17:52:57.003+0000] {processor.py:161} INFO - Started process (PID=44445) to work on /home/airflow/.local/lib/python3.12/site-packages/airflow/example_dags/example_sensor_decorator.py
[2026-05-10T17:52:57.004+0000] {processor.py:830} INFO - Processing file /home/airflow/.local/lib/python3.12/site-packages/airflow/example_dags/example_sensor_decorator.py for tasks to queue
[2026-05-10T17:52:57.006+0000] {logging_mixin.py:188} INFO - [2026-05-10T17:52:57.005+0000] {dagbag.py:545} INFO - Filling up the DagBag from /home/airflow/.local/lib/python3.12/site-packages/airflow/example_dags/example_sensor_decorator.py
[2026-05-10T17:52:57.017+0000] {processor.py:840} INFO - DAG(s) 'example_sensor_decorator' retrieved from /home/airflow/.local/lib/python3.12/site-packages/airflow/example_dags/example_sensor_decorator.py
[2026-05-10T17:52:57.053+0000] {logging_mixin.py:188} INFO - [2026-05-10T17:52:57.053+0000] {dag.py:3089} INFO - Sync 1 DAGs
[2026-05-10T17:52:57.074+0000] {logging_mixin.py:188} INFO - [2026-05-10T17:52:57.073+0000] {dag.py:3947} INFO - Setting next_dagrun for example_sensor_decorator to None, run_after=None
[2026-05-10T17:52:57.117+0000] {processor.py:183} INFO - Processing /home/airflow/.local/lib/python3.12/site-packages/airflow/example_dags/example_sensor_decorator.py took 0.124 seconds
[2026-05-10T17:53:27.552+0000] {processor.py:161} INFO - Started process (PID=44512) to work on /home/airflow/.local/lib/python3.12/site-packages/airflow/example_dags/example_sensor_decorator.py
[2026-05-10T17:53:27.555+0000] {processor.py:830} INFO - Processing file /home/airflow/.local/lib/python3.12/site-packages/airflow/example_dags/example_sensor_decorator.py for tasks to queue
[2026-05-10T17:53:27.557+0000] {logging_mixin.py:188} INFO - [2026-05-10T17:53:27.557+0000] {dagbag.py:545} INFO - Filling up the DagBag from /home/airflow/.local/lib/python3.12/site-packages/airflow/example_dags/example_sensor_decorator.py
[2026-05-10T17:53:27.569+0000] {processor.py:840} INFO - DAG(s) 'example_sensor_decorator' retrieved from /home/airflow/.local/lib/python3.12/site-packages/airflow/example_dags/example_sensor_decorator.py
[2026-05-10T17:53:27.612+0000] {logging_mixin.py:188} INFO - [2026-05-10T17:53:27.611+0000] {dag.py:3089} INFO - Sync 1 DAGs
[2026-05-10T17:53:27.636+0000] {logging_mixin.py:188} INFO - [2026-05-10T17:53:27.635+0000] {dag.py:3947} INFO - Setting next_dagrun for example_sensor_decorator to None, run_after=None
[2026-05-10T17:53:27.679+0000] {processor.py:183} INFO - Processing /home/airflow/.local/lib/python3.12/site-packages/airflow/example_dags/example_sensor_decorator.py took 0.139 seconds
[2026-05-10T17:53:58.225+0000] {processor.py:161} INFO - Started process (PID=44579) to work on /home/airflow/.local/lib/python3.12/site-packages/airflow/example_dags/example_sensor_decorator.py
[2026-05-10T17:53:58.228+0000] {processor.py:830} INFO - Processing file /home/airflow/.local/lib/python3.12/site-packages/airflow/example_dags/example_sensor_decorator.py for tasks to queue
[2026-05-10T17:53:58.230+0000] {logging_mixin.py:188} INFO - [2026-05-10T17:53:58.229+0000] {dagbag.py:545} INFO - Filling up the DagBag from /home/airflow/.local/lib/python3.12/site-packages/airflow/example_dags/example_sensor_decorator.py
[2026-05-10T17:53:58.246+0000] {processor.py:840} INFO - DAG(s) 'example_sensor_decorator' retrieved from /home/airflow/.local/lib/python3.12/site-packages/airflow/example_dags/example_sensor_decorator.py
[2026-05-10T17:53:58.295+0000] {logging_mixin.py:188} INFO - [2026-05-10T17:53:58.294+0000] {dag.py:3089} INFO - Sync 1 DAGs
[2026-05-10T17:53:58.322+0000] {logging_mixin.py:188} INFO - [2026-05-10T17:53:58.322+0000] {dag.py:3947} INFO - Setting next_dagrun for example_sensor_decorator to None, run_after=None
[2026-05-10T17:53:58.357+0000] {processor.py:183} INFO - Processing /home/airflow/.local/lib/python3.12/site-packages/airflow/example_dags/example_sensor_decorator.py took 0.146 seconds
[2026-05-10T17:54:28.904+0000] {processor.py:161} INFO - Started process (PID=44645) to work on /home/airflow/.local/lib/python3.12/site-packages/airflow/example_dags/example_sensor_decorator.py
[2026-05-10T17:54:28.906+0000] {processor.py:830} INFO - Processing file /home/airflow/.local/lib/python3.12/site-packages/airflow/example_dags/example_sensor_decorator.py for tasks to queue
[2026-05-10T17:54:28.908+0000] {logging_mixin.py:188} INFO - [2026-05-10T17:54:28.907+0000] {dagbag.py:545} INFO - Filling up the DagBag from /home/airflow/.local/lib/python3.12/site-packages/airflow/example_dags/example_sensor_decorator.py
[2026-05-10T17:54:28.918+0000] {processor.py:840} INFO - DAG(s) 'example_sensor_decorator' retrieved from /home/airflow/.local/lib/python3.12/site-packages/airflow/example_dags/example_sensor_decorator.py
[2026-05-10T17:54:28.958+0000] {logging_mixin.py:188} INFO - [2026-05-10T17:54:28.958+0000] {dag.py:3089} INFO - Sync 1 DAGs
[2026-05-10T17:54:28.981+0000] {logging_mixin.py:188} INFO - [2026-05-10T17:54:28.980+0000] {dag.py:3947} INFO - Setting next_dagrun for example_sensor_decorator to None, run_after=None
[2026-05-10T17:54:29.020+0000] {processor.py:183} INFO - Processing /home/airflow/.local/lib/python3.12/site-packages/airflow/example_dags/example_sensor_decorator.py took 0.129 seconds
[2026-05-10T17:54:59.499+0000] {processor.py:161} INFO - Started process (PID=44713) to work on /home/airflow/.local/lib/python3.12/site-packages/airflow/example_dags/example_sensor_decorator.py
[2026-05-10T17:54:59.501+0000] {processor.py:830} INFO - Processing file /home/airflow/.local/lib/python3.12/site-packages/airflow/example_dags/example_sensor_decorator.py for tasks to queue
[2026-05-10T17:54:59.503+0000] {logging_mixin.py:188} INFO - [2026-05-10T17:54:59.503+0000] {dagbag.py:545} INFO - Filling up the DagBag from /home/airflow/.local/lib/python3.12/site-packages/airflow/example_dags/example_sensor_decorator.py
[2026-05-10T17:54:59.516+0000] {processor.py:840} INFO - DAG(s) 'example_sensor_decorator' retrieved from /home/airflow/.local/lib/python3.12/site-packages/airflow/example_dags/example_sensor_decorator.py
[2026-05-10T17:54:59.553+0000] {logging_mixin.py:188} INFO - [2026-05-10T17:54:59.552+0000] {dag.py:3089} INFO - Sync 1 DAGs
[2026-05-10T17:54:59.580+0000] {logging_mixin.py:188} INFO - [2026-05-10T17:54:59.580+0000] {dag.py:3947} INFO - Setting next_dagrun for example_sensor_decorator to None, run_after=None
[2026-05-10T17:54:59.620+0000] {processor.py:183} INFO - Processing /home/airflow/.local/lib/python3.12/site-packages/airflow/example_dags/example_sensor_decorator.py took 0.131 seconds
[2026-05-10T17:55:30.078+0000] {processor.py:161} INFO - Started process (PID=44781) to work on /home/airflow/.local/lib/python3.12/site-packages/airflow/example_dags/example_sensor_decorator.py
[2026-05-10T17:55:30.081+0000] {processor.py:830} INFO - Processing file /home/airflow/.local/lib/python3.12/site-packages/airflow/example_dags/example_sensor_decorator.py for tasks to queue
[2026-05-10T17:55:30.083+0000] {logging_mixin.py:188} INFO - [2026-05-10T17:55:30.082+0000] {dagbag.py:545} INFO - Filling up the DagBag from /home/airflow/.local/lib/python3.12/site-packages/airflow/example_dags/example_sensor_decorator.py
[2026-05-10T17:55:30.094+0000] {processor.py:840} INFO - DAG(s) 'example_sensor_decorator' retrieved from /home/airflow/.local/lib/python3.12/site-packages/airflow/example_dags/example_sensor_decorator.py
[2026-05-10T17:55:30.129+0000] {logging_mixin.py:188} INFO - [2026-05-10T17:55:30.128+0000] {dag.py:3089} INFO - Sync 1 DAGs
[2026-05-10T17:55:30.152+0000] {logging_mixin.py:188} INFO - [2026-05-10T17:55:30.151+0000] {dag.py:3947} INFO - Setting next_dagrun for example_sensor_decorator to None, run_after=None
[2026-05-10T17:55:30.195+0000] {processor.py:183} INFO - Processing /home/airflow/.local/lib/python3.12/site-packages/airflow/example_dags/example_sensor_decorator.py took 0.128 seconds
[2026-05-10T17:56:00.650+0000] {processor.py:161} INFO - Started process (PID=44855) to work on /home/airflow/.local/lib/python3.12/site-packages/airflow/example_dags/example_sensor_decorator.py
[2026-05-10T17:56:00.652+0000] {processor.py:830} INFO - Processing file /home/airflow/.local/lib/python3.12/site-packages/airflow/example_dags/example_sensor_decorator.py for tasks to queue
[2026-05-10T17:56:00.656+0000] {logging_mixin.py:188} INFO - [2026-05-10T17:56:00.655+0000] {dagbag.py:545} INFO - Filling up the DagBag from /home/airflow/.local/lib/python3.12/site-packages/airflow/example_dags/example_sensor_decorator.py
[2026-05-10T17:56:00.673+0000] {processor.py:840} INFO - DAG(s) 'example_sensor_decorator' retrieved from /home/airflow/.local/lib/python3.12/site-packages/airflow/example_dags/example_sensor_decorator.py
[2026-05-10T17:56:00.713+0000] {logging_mixin.py:188} INFO - [2026-05-10T17:56:00.713+0000] {dag.py:3089} INFO - Sync 1 DAGs
[2026-05-10T17:56:00.735+0000] {logging_mixin.py:188} INFO - [2026-05-10T17:56:00.734+0000] {dag.py:3947} INFO - Setting next_dagrun for example_sensor_decorator to None, run_after=None
[2026-05-10T17:56:00.802+0000] {processor.py:183} INFO - Processing /home/airflow/.local/lib/python3.12/site-packages/airflow/example_dags/example_sensor_decorator.py took 0.165 seconds
[2026-05-10T17:56:31.092+0000] {processor.py:161} INFO - Started process (PID=44923) to work on /home/airflow/.local/lib/python3.12/site-packages/airflow/example_dags/example_sensor_decorator.py
[2026-05-10T17:56:31.095+0000] {processor.py:830} INFO - Processing file /home/airflow/.local/lib/python3.12/site-packages/airflow/example_dags/example_sensor_decorator.py for tasks to queue
[2026-05-10T17:56:31.097+0000] {logging_mixin.py:188} INFO - [2026-05-10T17:56:31.096+0000] {dagbag.py:545} INFO - Filling up the DagBag from /home/airflow/.local/lib/python3.12/site-packages/airflow/example_dags/example_sensor_decorator.py
[2026-05-10T17:56:31.108+0000] {processor.py:840} INFO - DAG(s) 'example_sensor_decorator' retrieved from /home/airflow/.local/lib/python3.12/site-packages/airflow/example_dags/example_sensor_decorator.py
[2026-05-10T17:56:31.147+0000] {logging_mixin.py:188} INFO - [2026-05-10T17:56:31.147+0000] {dag.py:3089} INFO - Sync 1 DAGs
[2026-05-10T17:56:31.167+0000] {logging_mixin.py:188} INFO - [2026-05-10T17:56:31.167+0000] {dag.py:3947} INFO - Setting next_dagrun for example_sensor_decorator to None, run_after=None
[2026-05-10T17:56:31.233+0000] {processor.py:183} INFO - Processing /home/airflow/.local/lib/python3.12/site-packages/airflow/example_dags/example_sensor_decorator.py took 0.152 seconds
[2026-05-10T17:57:01.841+0000] {processor.py:161} INFO - Started process (PID=44991) to work on /home/airflow/.local/lib/python3.12/site-packages/airflow/example_dags/example_sensor_decorator.py
[2026-05-10T17:57:01.843+0000] {processor.py:830} INFO - Processing file /home/airflow/.local/lib/python3.12/site-packages/airflow/example_dags/example_sensor_decorator.py for tasks to queue
[2026-05-10T17:57:01.845+0000] {logging_mixin.py:188} INFO - [2026-05-10T17:57:01.844+0000] {dagbag.py:545} INFO - Filling up the DagBag from /home/airflow/.local/lib/python3.12/site-packages/airflow/example_dags/example_sensor_decorator.py
[2026-05-10T17:57:01.856+0000] {processor.py:840} INFO - DAG(s) 'example_sensor_decorator' retrieved from /home/airflow/.local/lib/python3.12/site-packages/airflow/example_dags/example_sensor_decorator.py
[2026-05-10T17:57:01.891+0000] {logging_mixin.py:188} INFO - [2026-05-10T17:57:01.890+0000] {dag.py:3089} INFO - Sync 1 DAGs
[2026-05-10T17:57:01.916+0000] {logging_mixin.py:188} INFO - [2026-05-10T17:57:01.916+0000] {dag.py:3947} INFO - Setting next_dagrun for example_sensor_decorator to None, run_after=None
[2026-05-10T17:57:01.956+0000] {processor.py:183} INFO - Processing /home/airflow/.local/lib/python3.12/site-packages/airflow/example_dags/example_sensor_decorator.py took 0.124 seconds
[2026-05-10T17:57:32.687+0000] {processor.py:161} INFO - Started process (PID=45059) to work on /home/airflow/.local/lib/python3.12/site-packages/airflow/example_dags/example_sensor_decorator.py
[2026-05-10T17:57:32.690+0000] {processor.py:830} INFO - Processing file /home/airflow/.local/lib/python3.12/site-packages/airflow/example_dags/example_sensor_decorator.py for tasks to queue
[2026-05-10T17:57:32.693+0000] {logging_mixin.py:188} INFO - [2026-05-10T17:57:32.692+0000] {dagbag.py:545} INFO - Filling up the DagBag from /home/airflow/.local/lib/python3.12/site-packages/airflow/example_dags/example_sensor_decorator.py
[2026-05-10T17:57:32.703+0000] {processor.py:840} INFO - DAG(s) 'example_sensor_decorator' retrieved from /home/airflow/.local/lib/python3.12/site-packages/airflow/example_dags/example_sensor_decorator.py
[2026-05-10T17:57:32.740+0000] {logging_mixin.py:188} INFO - [2026-05-10T17:57:32.739+0000] {dag.py:3089} INFO - Sync 1 DAGs
[2026-05-10T17:57:32.766+0000] {logging_mixin.py:188} INFO - [2026-05-10T17:57:32.765+0000] {dag.py:3947} INFO - Setting next_dagrun for example_sensor_decorator to None, run_after=None
[2026-05-10T17:57:32.816+0000] {processor.py:183} INFO - Processing /home/airflow/.local/lib/python3.12/site-packages/airflow/example_dags/example_sensor_decorator.py took 0.139 seconds
[2026-05-10T17:58:05.397+0000] {processor.py:161} INFO - Started process (PID=45127) to work on /home/airflow/.local/lib/python3.12/site-packages/airflow/example_dags/example_sensor_decorator.py
[2026-05-10T17:58:05.407+0000] {processor.py:830} INFO - Processing file /home/airflow/.local/lib/python3.12/site-packages/airflow/example_dags/example_sensor_decorator.py for tasks to queue
[2026-05-10T17:58:05.412+0000] {logging_mixin.py:188} INFO - [2026-05-10T17:58:05.411+0000] {dagbag.py:545} INFO - Filling up the DagBag from /home/airflow/.local/lib/python3.12/site-packages/airflow/example_dags/example_sensor_decorator.py
[2026-05-10T17:58:05.424+0000] {processor.py:840} INFO - DAG(s) 'example_sensor_decorator' retrieved from /home/airflow/.local/lib/python3.12/site-packages/airflow/example_dags/example_sensor_decorator.py
[2026-05-10T17:58:05.481+0000] {logging_mixin.py:188} INFO - [2026-05-10T17:58:05.480+0000] {dag.py:3089} INFO - Sync 1 DAGs
[2026-05-10T17:58:05.503+0000] {logging_mixin.py:188} INFO - [2026-05-10T17:58:05.503+0000] {dag.py:3947} INFO - Setting next_dagrun for example_sensor_decorator to None, run_after=None
[2026-05-10T17:58:05.572+0000] {processor.py:183} INFO - Processing /home/airflow/.local/lib/python3.12/site-packages/airflow/example_dags/example_sensor_decorator.py took 0.187 seconds
[2026-05-10T17:58:35.683+0000] {processor.py:161} INFO - Started process (PID=45195) to work on /home/airflow/.local/lib/python3.12/site-packages/airflow/example_dags/example_sensor_decorator.py
[2026-05-10T17:58:35.685+0000] {processor.py:830} INFO - Processing file /home/airflow/.local/lib/python3.12/site-packages/airflow/example_dags/example_sensor_decorator.py for tasks to queue
[2026-05-10T17:58:35.687+0000] {logging_mixin.py:188} INFO - [2026-05-10T17:58:35.686+0000] {dagbag.py:545} INFO - Filling up the DagBag from /home/airflow/.local/lib/python3.12/site-packages/airflow/example_dags/example_sensor_decorator.py
[2026-05-10T17:58:35.699+0000] {processor.py:840} INFO - DAG(s) 'example_sensor_decorator' retrieved from /home/airflow/.local/lib/python3.12/site-packages/airflow/example_dags/example_sensor_decorator.py
[2026-05-10T17:58:35.736+0000] {logging_mixin.py:188} INFO - [2026-05-10T17:58:35.735+0000] {dag.py:3089} INFO - Sync 1 DAGs
[2026-05-10T17:58:35.759+0000] {logging_mixin.py:188} INFO - [2026-05-10T17:58:35.758+0000] {dag.py:3947} INFO - Setting next_dagrun for example_sensor_decorator to None, run_after=None
[2026-05-10T17:58:35.797+0000] {processor.py:183} INFO - Processing /home/airflow/.local/lib/python3.12/site-packages/airflow/example_dags/example_sensor_decorator.py took 0.126 seconds
[2026-05-10T17:59:06.204+0000] {processor.py:161} INFO - Started process (PID=45262) to work on /home/airflow/.local/lib/python3.12/site-packages/airflow/example_dags/example_sensor_decorator.py
[2026-05-10T17:59:06.206+0000] {processor.py:830} INFO - Processing file /home/airflow/.local/lib/python3.12/site-packages/airflow/example_dags/example_sensor_decorator.py for tasks to queue
[2026-05-10T17:59:06.207+0000] {logging_mixin.py:188} INFO - [2026-05-10T17:59:06.207+0000] {dagbag.py:545} INFO - Filling up the DagBag from /home/airflow/.local/lib/python3.12/site-packages/airflow/example_dags/example_sensor_decorator.py
[2026-05-10T17:59:06.218+0000] {processor.py:840} INFO - DAG(s) 'example_sensor_decorator' retrieved from /home/airflow/.local/lib/python3.12/site-packages/airflow/example_dags/example_sensor_decorator.py
[2026-05-10T17:59:06.259+0000] {logging_mixin.py:188} INFO - [2026-05-10T17:59:06.258+0000] {dag.py:3089} INFO - Sync 1 DAGs
[2026-05-10T17:59:06.284+0000] {logging_mixin.py:188} INFO - [2026-05-10T17:59:06.283+0000] {dag.py:3947} INFO - Setting next_dagrun for example_sensor_decorator to None, run_after=None
[2026-05-10T17:59:06.354+0000] {processor.py:183} INFO - Processing /home/airflow/.local/lib/python3.12/site-packages/airflow/example_dags/example_sensor_decorator.py took 0.162 seconds
[2026-05-10T17:59:36.454+0000] {processor.py:161} INFO - Started process (PID=45337) to work on /home/airflow/.local/lib/python3.12/site-packages/airflow/example_dags/example_sensor_decorator.py
[2026-05-10T17:59:36.456+0000] {processor.py:830} INFO - Processing file /home/airflow/.local/lib/python3.12/site-packages/airflow/example_dags/example_sensor_decorator.py for tasks to queue
[2026-05-10T17:59:36.458+0000] {logging_mixin.py:188} INFO - [2026-05-10T17:59:36.458+0000] {dagbag.py:545} INFO - Filling up the DagBag from /home/airflow/.local/lib/python3.12/site-packages/airflow/example_dags/example_sensor_decorator.py
[2026-05-10T17:59:36.469+0000] {processor.py:840} INFO - DAG(s) 'example_sensor_decorator' retrieved from /home/airflow/.local/lib/python3.12/site-packages/airflow/example_dags/example_sensor_decorator.py
[2026-05-10T17:59:36.513+0000] {logging_mixin.py:188} INFO - [2026-05-10T17:59:36.512+0000] {dag.py:3089} INFO - Sync 1 DAGs
[2026-05-10T17:59:36.538+0000] {logging_mixin.py:188} INFO - [2026-05-10T17:59:36.538+0000] {dag.py:3947} INFO - Setting next_dagrun for example_sensor_decorator to None, run_after=None
[2026-05-10T17:59:36.602+0000] {processor.py:183} INFO - Processing /home/airflow/.local/lib/python3.12/site-packages/airflow/example_dags/example_sensor_decorator.py took 0.161 seconds
[2026-05-10T18:00:07.292+0000] {processor.py:161} INFO - Started process (PID=45406) to work on /home/airflow/.local/lib/python3.12/site-packages/airflow/example_dags/example_sensor_decorator.py
[2026-05-10T18:00:07.294+0000] {processor.py:830} INFO - Processing file /home/airflow/.local/lib/python3.12/site-packages/airflow/example_dags/example_sensor_decorator.py for tasks to queue
[2026-05-10T18:00:07.296+0000] {logging_mixin.py:188} INFO - [2026-05-10T18:00:07.296+0000] {dagbag.py:545} INFO - Filling up the DagBag from /home/airflow/.local/lib/python3.12/site-packages/airflow/example_dags/example_sensor_decorator.py
[2026-05-10T18:00:07.311+0000] {processor.py:840} INFO - DAG(s) 'example_sensor_decorator' retrieved from /home/airflow/.local/lib/python3.12/site-packages/airflow/example_dags/example_sensor_decorator.py
[2026-05-10T18:00:07.355+0000] {logging_mixin.py:188} INFO - [2026-05-10T18:00:07.354+0000] {dag.py:3089} INFO - Sync 1 DAGs
[2026-05-10T18:00:07.378+0000] {logging_mixin.py:188} INFO - [2026-05-10T18:00:07.377+0000] {dag.py:3947} INFO - Setting next_dagrun for example_sensor_decorator to None, run_after=None
[2026-05-10T18:00:07.444+0000] {processor.py:183} INFO - Processing /home/airflow/.local/lib/python3.12/site-packages/airflow/example_dags/example_sensor_decorator.py took 0.161 seconds
[2026-05-10T18:00:37.771+0000] {processor.py:161} INFO - Started process (PID=45474) to work on /home/airflow/.local/lib/python3.12/site-packages/airflow/example_dags/example_sensor_decorator.py
[2026-05-10T18:00:37.776+0000] {processor.py:830} INFO - Processing file /home/airflow/.local/lib/python3.12/site-packages/airflow/example_dags/example_sensor_decorator.py for tasks to queue
[2026-05-10T18:00:37.779+0000] {logging_mixin.py:188} INFO - [2026-05-10T18:00:37.778+0000] {dagbag.py:545} INFO - Filling up the DagBag from /home/airflow/.local/lib/python3.12/site-packages/airflow/example_dags/example_sensor_decorator.py
[2026-05-10T18:00:37.793+0000] {processor.py:840} INFO - DAG(s) 'example_sensor_decorator' retrieved from /home/airflow/.local/lib/python3.12/site-packages/airflow/example_dags/example_sensor_decorator.py
[2026-05-10T18:00:37.835+0000] {logging_mixin.py:188} INFO - [2026-05-10T18:00:37.835+0000] {dag.py:3089} INFO - Sync 1 DAGs
[2026-05-10T18:00:37.862+0000] {logging_mixin.py:188} INFO - [2026-05-10T18:00:37.861+0000] {dag.py:3947} INFO - Setting next_dagrun for example_sensor_decorator to None, run_after=None
[2026-05-10T18:00:37.934+0000] {processor.py:183} INFO - Processing /home/airflow/.local/lib/python3.12/site-packages/airflow/example_dags/example_sensor_decorator.py took 0.177 seconds
[2026-05-10T18:01:08.512+0000] {processor.py:161} INFO - Started process (PID=45542) to work on /home/airflow/.local/lib/python3.12/site-packages/airflow/example_dags/example_sensor_decorator.py
[2026-05-10T18:01:08.515+0000] {processor.py:830} INFO - Processing file /home/airflow/.local/lib/python3.12/site-packages/airflow/example_dags/example_sensor_decorator.py for tasks to queue
[2026-05-10T18:01:08.518+0000] {logging_mixin.py:188} INFO - [2026-05-10T18:01:08.517+0000] {dagbag.py:545} INFO - Filling up the DagBag from /home/airflow/.local/lib/python3.12/site-packages/airflow/example_dags/example_sensor_decorator.py
[2026-05-10T18:01:08.537+0000] {processor.py:840} INFO - DAG(s) 'example_sensor_decorator' retrieved from /home/airflow/.local/lib/python3.12/site-packages/airflow/example_dags/example_sensor_decorator.py
[2026-05-10T18:01:08.581+0000] {logging_mixin.py:188} INFO - [2026-05-10T18:01:08.581+0000] {dag.py:3089} INFO - Sync 1 DAGs
[2026-05-10T18:01:08.605+0000] {logging_mixin.py:188} INFO - [2026-05-10T18:01:08.605+0000] {dag.py:3947} INFO - Setting next_dagrun for example_sensor_decorator to None, run_after=None
[2026-05-10T18:01:08.644+0000] {processor.py:183} INFO - Processing /home/airflow/.local/lib/python3.12/site-packages/airflow/example_dags/example_sensor_decorator.py took 0.143 seconds
[2026-05-10T18:01:38.793+0000] {processor.py:161} INFO - Started process (PID=45610) to work on /home/airflow/.local/lib/python3.12/site-packages/airflow/example_dags/example_sensor_decorator.py
[2026-05-10T18:01:38.795+0000] {processor.py:830} INFO - Processing file /home/airflow/.local/lib/python3.12/site-packages/airflow/example_dags/example_sensor_decorator.py for tasks to queue
[2026-05-10T18:01:38.796+0000] {logging_mixin.py:188} INFO - [2026-05-10T18:01:38.796+0000] {dagbag.py:545} INFO - Filling up the DagBag from /home/airflow/.local/lib/python3.12/site-packages/airflow/example_dags/example_sensor_decorator.py
[2026-05-10T18:01:38.807+0000] {processor.py:840} INFO - DAG(s) 'example_sensor_decorator' retrieved from /home/airflow/.local/lib/python3.12/site-packages/airflow/example_dags/example_sensor_decorator.py
[2026-05-10T18:01:38.846+0000] {logging_mixin.py:188} INFO - [2026-05-10T18:01:38.846+0000] {dag.py:3089} INFO - Sync 1 DAGs
[2026-05-10T18:01:38.871+0000] {logging_mixin.py:188} INFO - [2026-05-10T18:01:38.870+0000] {dag.py:3947} INFO - Setting next_dagrun for example_sensor_decorator to None, run_after=None
[2026-05-10T18:01:38.946+0000] {processor.py:183} INFO - Processing /home/airflow/.local/lib/python3.12/site-packages/airflow/example_dags/example_sensor_decorator.py took 0.163 seconds
[2026-05-10T18:02:09.113+0000] {processor.py:161} INFO - Started process (PID=45676) to work on /home/airflow/.local/lib/python3.12/site-packages/airflow/example_dags/example_sensor_decorator.py
[2026-05-10T18:02:09.116+0000] {processor.py:830} INFO - Processing file /home/airflow/.local/lib/python3.12/site-packages/airflow/example_dags/example_sensor_decorator.py for tasks to queue
[2026-05-10T18:02:09.120+0000] {logging_mixin.py:188} INFO - [2026-05-10T18:02:09.119+0000] {dagbag.py:545} INFO - Filling up the DagBag from /home/airflow/.local/lib/python3.12/site-packages/airflow/example_dags/example_sensor_decorator.py
[2026-05-10T18:02:09.134+0000] {processor.py:840} INFO - DAG(s) 'example_sensor_decorator' retrieved from /home/airflow/.local/lib/python3.12/site-packages/airflow/example_dags/example_sensor_decorator.py
[2026-05-10T18:02:09.180+0000] {logging_mixin.py:188} INFO - [2026-05-10T18:02:09.179+0000] {dag.py:3089} INFO - Sync 1 DAGs
[2026-05-10T18:02:09.202+0000] {logging_mixin.py:188} INFO - [2026-05-10T18:02:09.202+0000] {dag.py:3947} INFO - Setting next_dagrun for example_sensor_decorator to None, run_after=None
[2026-05-10T18:02:09.272+0000] {processor.py:183} INFO - Processing /home/airflow/.local/lib/python3.12/site-packages/airflow/example_dags/example_sensor_decorator.py took 0.168 seconds
[2026-05-10T18:02:39.501+0000] {processor.py:161} INFO - Started process (PID=45744) to work on /home/airflow/.local/lib/python3.12/site-packages/airflow/example_dags/example_sensor_decorator.py
[2026-05-10T18:02:39.503+0000] {processor.py:830} INFO - Processing file /home/airflow/.local/lib/python3.12/site-packages/airflow/example_dags/example_sensor_decorator.py for tasks to queue
[2026-05-10T18:02:39.505+0000] {logging_mixin.py:188} INFO - [2026-05-10T18:02:39.504+0000] {dagbag.py:545} INFO - Filling up the DagBag from /home/airflow/.local/lib/python3.12/site-packages/airflow/example_dags/example_sensor_decorator.py
[2026-05-10T18:02:39.516+0000] {processor.py:840} INFO - DAG(s) 'example_sensor_decorator' retrieved from /home/airflow/.local/lib/python3.12/site-packages/airflow/example_dags/example_sensor_decorator.py
[2026-05-10T18:02:39.556+0000] {logging_mixin.py:188} INFO - [2026-05-10T18:02:39.556+0000] {dag.py:3089} INFO - Sync 1 DAGs
[2026-05-10T18:02:39.577+0000] {logging_mixin.py:188} INFO - [2026-05-10T18:02:39.576+0000] {dag.py:3947} INFO - Setting next_dagrun for example_sensor_decorator to None, run_after=None
[2026-05-10T18:02:39.616+0000] {processor.py:183} INFO - Processing /home/airflow/.local/lib/python3.12/site-packages/airflow/example_dags/example_sensor_decorator.py took 0.125 seconds
[2026-05-10T18:03:10.490+0000] {processor.py:161} INFO - Started process (PID=45819) to work on /home/airflow/.local/lib/python3.12/site-packages/airflow/example_dags/example_sensor_decorator.py
[2026-05-10T18:03:10.492+0000] {processor.py:830} INFO - Processing file /home/airflow/.local/lib/python3.12/site-packages/airflow/example_dags/example_sensor_decorator.py for tasks to queue
[2026-05-10T18:03:10.494+0000] {logging_mixin.py:188} INFO - [2026-05-10T18:03:10.493+0000] {dagbag.py:545} INFO - Filling up the DagBag from /home/airflow/.local/lib/python3.12/site-packages/airflow/example_dags/example_sensor_decorator.py
[2026-05-10T18:03:10.506+0000] {processor.py:840} INFO - DAG(s) 'example_sensor_decorator' retrieved from /home/airflow/.local/lib/python3.12/site-packages/airflow/example_dags/example_sensor_decorator.py
[2026-05-10T18:03:10.544+0000] {logging_mixin.py:188} INFO - [2026-05-10T18:03:10.543+0000] {dag.py:3089} INFO - Sync 1 DAGs
[2026-05-10T18:03:10.564+0000] {logging_mixin.py:188} INFO - [2026-05-10T18:03:10.564+0000] {dag.py:3947} INFO - Setting next_dagrun for example_sensor_decorator to None, run_after=None
[2026-05-10T18:03:10.611+0000] {processor.py:183} INFO - Processing /home/airflow/.local/lib/python3.12/site-packages/airflow/example_dags/example_sensor_decorator.py took 0.131 seconds
[2026-05-10T18:03:41.119+0000] {processor.py:161} INFO - Started process (PID=45887) to work on /home/airflow/.local/lib/python3.12/site-packages/airflow/example_dags/example_sensor_decorator.py
[2026-05-10T18:03:41.121+0000] {processor.py:830} INFO - Processing file /home/airflow/.local/lib/python3.12/site-packages/airflow/example_dags/example_sensor_decorator.py for tasks to queue
[2026-05-10T18:03:41.124+0000] {logging_mixin.py:188} INFO - [2026-05-10T18:03:41.123+0000] {dagbag.py:545} INFO - Filling up the DagBag from /home/airflow/.local/lib/python3.12/site-packages/airflow/example_dags/example_sensor_decorator.py
[2026-05-10T18:03:41.136+0000] {processor.py:840} INFO - DAG(s) 'example_sensor_decorator' retrieved from /home/airflow/.local/lib/python3.12/site-packages/airflow/example_dags/example_sensor_decorator.py
[2026-05-10T18:03:41.179+0000] {logging_mixin.py:188} INFO - [2026-05-10T18:03:41.178+0000] {dag.py:3089} INFO - Sync 1 DAGs
[2026-05-10T18:03:41.202+0000] {logging_mixin.py:188} INFO - [2026-05-10T18:03:41.202+0000] {dag.py:3947} INFO - Setting next_dagrun for example_sensor_decorator to None, run_after=None
[2026-05-10T18:03:41.264+0000] {processor.py:183} INFO - Processing /home/airflow/.local/lib/python3.12/site-packages/airflow/example_dags/example_sensor_decorator.py took 0.157 seconds
[2026-05-10T18:04:11.681+0000] {processor.py:161} INFO - Started process (PID=45954) to work on /home/airflow/.local/lib/python3.12/site-packages/airflow/example_dags/example_sensor_decorator.py
[2026-05-10T18:04:11.691+0000] {processor.py:830} INFO - Processing file /home/airflow/.local/lib/python3.12/site-packages/airflow/example_dags/example_sensor_decorator.py for tasks to queue
[2026-05-10T18:04:11.699+0000] {logging_mixin.py:188} INFO - [2026-05-10T18:04:11.698+0000] {dagbag.py:545} INFO - Filling up the DagBag from /home/airflow/.local/lib/python3.12/site-packages/airflow/example_dags/example_sensor_decorator.py
[2026-05-10T18:04:11.712+0000] {processor.py:840} INFO - DAG(s) 'example_sensor_decorator' retrieved from /home/airflow/.local/lib/python3.12/site-packages/airflow/example_dags/example_sensor_decorator.py
[2026-05-10T18:04:11.753+0000] {logging_mixin.py:188} INFO - [2026-05-10T18:04:11.753+0000] {dag.py:3089} INFO - Sync 1 DAGs
[2026-05-10T18:04:11.776+0000] {logging_mixin.py:188} INFO - [2026-05-10T18:04:11.775+0000] {dag.py:3947} INFO - Setting next_dagrun for example_sensor_decorator to None, run_after=None
[2026-05-10T18:04:11.839+0000] {processor.py:183} INFO - Processing /home/airflow/.local/lib/python3.12/site-packages/airflow/example_dags/example_sensor_decorator.py took 0.171 seconds
[2026-05-10T18:04:42.157+0000] {processor.py:161} INFO - Started process (PID=46022) to work on /home/airflow/.local/lib/python3.12/site-packages/airflow/example_dags/example_sensor_decorator.py
[2026-05-10T18:04:42.160+0000] {processor.py:830} INFO - Processing file /home/airflow/.local/lib/python3.12/site-packages/airflow/example_dags/example_sensor_decorator.py for tasks to queue
[2026-05-10T18:04:42.163+0000] {logging_mixin.py:188} INFO - [2026-05-10T18:04:42.162+0000] {dagbag.py:545} INFO - Filling up the DagBag from /home/airflow/.local/lib/python3.12/site-packages/airflow/example_dags/example_sensor_decorator.py
[2026-05-10T18:04:42.176+0000] {processor.py:840} INFO - DAG(s) 'example_sensor_decorator' retrieved from /home/airflow/.local/lib/python3.12/site-packages/airflow/example_dags/example_sensor_decorator.py
[2026-05-10T18:04:42.219+0000] {logging_mixin.py:188} INFO - [2026-05-10T18:04:42.219+0000] {dag.py:3089} INFO - Sync 1 DAGs
[2026-05-10T18:04:42.240+0000] {logging_mixin.py:188} INFO - [2026-05-10T18:04:42.239+0000] {dag.py:3947} INFO - Setting next_dagrun for example_sensor_decorator to None, run_after=None
[2026-05-10T18:04:42.271+0000] {processor.py:183} INFO - Processing /home/airflow/.local/lib/python3.12/site-packages/airflow/example_dags/example_sensor_decorator.py took 0.128 seconds
[2026-05-10T18:05:12.663+0000] {processor.py:161} INFO - Started process (PID=46090) to work on /home/airflow/.local/lib/python3.12/site-packages/airflow/example_dags/example_sensor_decorator.py
[2026-05-10T18:05:12.665+0000] {processor.py:830} INFO - Processing file /home/airflow/.local/lib/python3.12/site-packages/airflow/example_dags/example_sensor_decorator.py for tasks to queue
[2026-05-10T18:05:12.667+0000] {logging_mixin.py:188} INFO - [2026-05-10T18:05:12.666+0000] {dagbag.py:545} INFO - Filling up the DagBag from /home/airflow/.local/lib/python3.12/site-packages/airflow/example_dags/example_sensor_decorator.py
[2026-05-10T18:05:12.679+0000] {processor.py:840} INFO - DAG(s) 'example_sensor_decorator' retrieved from /home/airflow/.local/lib/python3.12/site-packages/airflow/example_dags/example_sensor_decorator.py
[2026-05-10T18:05:12.722+0000] {logging_mixin.py:188} INFO - [2026-05-10T18:05:12.720+0000] {dag.py:3089} INFO - Sync 1 DAGs
[2026-05-10T18:05:12.750+0000] {logging_mixin.py:188} INFO - [2026-05-10T18:05:12.749+0000] {dag.py:3947} INFO - Setting next_dagrun for example_sensor_decorator to None, run_after=None
[2026-05-10T18:05:12.802+0000] {processor.py:183} INFO - Processing /home/airflow/.local/lib/python3.12/site-packages/airflow/example_dags/example_sensor_decorator.py took 0.149 seconds
[2026-05-10T18:05:43.069+0000] {processor.py:161} INFO - Started process (PID=46157) to work on /home/airflow/.local/lib/python3.12/site-packages/airflow/example_dags/example_sensor_decorator.py
[2026-05-10T18:05:43.071+0000] {processor.py:830} INFO - Processing file /home/airflow/.local/lib/python3.12/site-packages/airflow/example_dags/example_sensor_decorator.py for tasks to queue
[2026-05-10T18:05:43.074+0000] {logging_mixin.py:188} INFO - [2026-05-10T18:05:43.073+0000] {dagbag.py:545} INFO - Filling up the DagBag from /home/airflow/.local/lib/python3.12/site-packages/airflow/example_dags/example_sensor_decorator.py
[2026-05-10T18:05:43.087+0000] {processor.py:840} INFO - DAG(s) 'example_sensor_decorator' retrieved from /home/airflow/.local/lib/python3.12/site-packages/airflow/example_dags/example_sensor_decorator.py
[2026-05-10T18:05:43.130+0000] {logging_mixin.py:188} INFO - [2026-05-10T18:05:43.129+0000] {dag.py:3089} INFO - Sync 1 DAGs
[2026-05-10T18:05:43.158+0000] {logging_mixin.py:188} INFO - [2026-05-10T18:05:43.157+0000] {dag.py:3947} INFO - Setting next_dagrun for example_sensor_decorator to None, run_after=None
[2026-05-10T18:05:43.224+0000] {processor.py:183} INFO - Processing /home/airflow/.local/lib/python3.12/site-packages/airflow/example_dags/example_sensor_decorator.py took 0.168 seconds
[2026-05-10T18:06:13.633+0000] {processor.py:161} INFO - Started process (PID=46225) to work on /home/airflow/.local/lib/python3.12/site-packages/airflow/example_dags/example_sensor_decorator.py
[2026-05-10T18:06:13.635+0000] {processor.py:830} INFO - Processing file /home/airflow/.local/lib/python3.12/site-packages/airflow/example_dags/example_sensor_decorator.py for tasks to queue
[2026-05-10T18:06:13.636+0000] {logging_mixin.py:188} INFO - [2026-05-10T18:06:13.636+0000] {dagbag.py:545} INFO - Filling up the DagBag from /home/airflow/.local/lib/python3.12/site-packages/airflow/example_dags/example_sensor_decorator.py
[2026-05-10T18:06:13.649+0000] {processor.py:840} INFO - DAG(s) 'example_sensor_decorator' retrieved from /home/airflow/.local/lib/python3.12/site-packages/airflow/example_dags/example_sensor_decorator.py
[2026-05-10T18:06:13.689+0000] {logging_mixin.py:188} INFO - [2026-05-10T18:06:13.688+0000] {dag.py:3089} INFO - Sync 1 DAGs
[2026-05-10T18:06:13.711+0000] {logging_mixin.py:188} INFO - [2026-05-10T18:06:13.709+0000] {dag.py:3947} INFO - Setting next_dagrun for example_sensor_decorator to None, run_after=None
[2026-05-10T18:06:13.809+0000] {processor.py:183} INFO - Processing /home/airflow/.local/lib/python3.12/site-packages/airflow/example_dags/example_sensor_decorator.py took 0.191 seconds
[2026-05-10T18:06:44.003+0000] {processor.py:161} INFO - Started process (PID=46293) to work on /home/airflow/.local/lib/python3.12/site-packages/airflow/example_dags/example_sensor_decorator.py
[2026-05-10T18:06:44.006+0000] {processor.py:830} INFO - Processing file /home/airflow/.local/lib/python3.12/site-packages/airflow/example_dags/example_sensor_decorator.py for tasks to queue
[2026-05-10T18:06:44.009+0000] {logging_mixin.py:188} INFO - [2026-05-10T18:06:44.008+0000] {dagbag.py:545} INFO - Filling up the DagBag from /home/airflow/.local/lib/python3.12/site-packages/airflow/example_dags/example_sensor_decorator.py
[2026-05-10T18:06:44.022+0000] {processor.py:840} INFO - DAG(s) 'example_sensor_decorator' retrieved from /home/airflow/.local/lib/python3.12/site-packages/airflow/example_dags/example_sensor_decorator.py
[2026-05-10T18:06:44.068+0000] {logging_mixin.py:188} INFO - [2026-05-10T18:06:44.067+0000] {dag.py:3089} INFO - Sync 1 DAGs
[2026-05-10T18:06:44.099+0000] {logging_mixin.py:188} INFO - [2026-05-10T18:06:44.098+0000] {dag.py:3947} INFO - Setting next_dagrun for example_sensor_decorator to None, run_after=None
[2026-05-10T18:06:44.144+0000] {processor.py:183} INFO - Processing /home/airflow/.local/lib/python3.12/site-packages/airflow/example_dags/example_sensor_decorator.py took 0.153 seconds
[2026-05-10T18:07:14.624+0000] {processor.py:161} INFO - Started process (PID=46368) to work on /home/airflow/.local/lib/python3.12/site-packages/airflow/example_dags/example_sensor_decorator.py
[2026-05-10T18:07:14.628+0000] {processor.py:830} INFO - Processing file /home/airflow/.local/lib/python3.12/site-packages/airflow/example_dags/example_sensor_decorator.py for tasks to queue
[2026-05-10T18:07:14.631+0000] {logging_mixin.py:188} INFO - [2026-05-10T18:07:14.630+0000] {dagbag.py:545} INFO - Filling up the DagBag from /home/airflow/.local/lib/python3.12/site-packages/airflow/example_dags/example_sensor_decorator.py
[2026-05-10T18:07:14.649+0000] {processor.py:840} INFO - DAG(s) 'example_sensor_decorator' retrieved from /home/airflow/.local/lib/python3.12/site-packages/airflow/example_dags/example_sensor_decorator.py
[2026-05-10T18:07:14.700+0000] {logging_mixin.py:188} INFO - [2026-05-10T18:07:14.699+0000] {dag.py:3089} INFO - Sync 1 DAGs
[2026-05-10T18:07:14.724+0000] {logging_mixin.py:188} INFO - [2026-05-10T18:07:14.723+0000] {dag.py:3947} INFO - Setting next_dagrun for example_sensor_decorator to None, run_after=None
[2026-05-10T18:07:14.765+0000] {processor.py:183} INFO - Processing /home/airflow/.local/lib/python3.12/site-packages/airflow/example_dags/example_sensor_decorator.py took 0.158 seconds
[2026-05-10T18:07:44.951+0000] {processor.py:161} INFO - Started process (PID=46436) to work on /home/airflow/.local/lib/python3.12/site-packages/airflow/example_dags/example_sensor_decorator.py
[2026-05-10T18:07:44.953+0000] {processor.py:830} INFO - Processing file /home/airflow/.local/lib/python3.12/site-packages/airflow/example_dags/example_sensor_decorator.py for tasks to queue
[2026-05-10T18:07:44.956+0000] {logging_mixin.py:188} INFO - [2026-05-10T18:07:44.955+0000] {dagbag.py:545} INFO - Filling up the DagBag from /home/airflow/.local/lib/python3.12/site-packages/airflow/example_dags/example_sensor_decorator.py
[2026-05-10T18:07:44.969+0000] {processor.py:840} INFO - DAG(s) 'example_sensor_decorator' retrieved from /home/airflow/.local/lib/python3.12/site-packages/airflow/example_dags/example_sensor_decorator.py
[2026-05-10T18:07:45.005+0000] {logging_mixin.py:188} INFO - [2026-05-10T18:07:45.004+0000] {dag.py:3089} INFO - Sync 1 DAGs
[2026-05-10T18:07:45.028+0000] {logging_mixin.py:188} INFO - [2026-05-10T18:07:45.028+0000] {dag.py:3947} INFO - Setting next_dagrun for example_sensor_decorator to None, run_after=None
[2026-05-10T18:07:45.098+0000] {processor.py:183} INFO - Processing /home/airflow/.local/lib/python3.12/site-packages/airflow/example_dags/example_sensor_decorator.py took 0.157 seconds
[2026-05-10T18:08:15.775+0000] {processor.py:161} INFO - Started process (PID=46504) to work on /home/airflow/.local/lib/python3.12/site-packages/airflow/example_dags/example_sensor_decorator.py
[2026-05-10T18:08:15.778+0000] {processor.py:830} INFO - Processing file /home/airflow/.local/lib/python3.12/site-packages/airflow/example_dags/example_sensor_decorator.py for tasks to queue
[2026-05-10T18:08:15.780+0000] {logging_mixin.py:188} INFO - [2026-05-10T18:08:15.779+0000] {dagbag.py:545} INFO - Filling up the DagBag from /home/airflow/.local/lib/python3.12/site-packages/airflow/example_dags/example_sensor_decorator.py
[2026-05-10T18:08:15.791+0000] {processor.py:840} INFO - DAG(s) 'example_sensor_decorator' retrieved from /home/airflow/.local/lib/python3.12/site-packages/airflow/example_dags/example_sensor_decorator.py
[2026-05-10T18:08:15.841+0000] {logging_mixin.py:188} INFO - [2026-05-10T18:08:15.840+0000] {dag.py:3089} INFO - Sync 1 DAGs
[2026-05-10T18:08:15.870+0000] {logging_mixin.py:188} INFO - [2026-05-10T18:08:15.869+0000] {dag.py:3947} INFO - Setting next_dagrun for example_sensor_decorator to None, run_after=None
[2026-05-10T18:08:16.025+0000] {processor.py:183} INFO - Processing /home/airflow/.local/lib/python3.12/site-packages/airflow/example_dags/example_sensor_decorator.py took 0.263 seconds
[2026-05-10T18:08:46.383+0000] {processor.py:161} INFO - Started process (PID=46571) to work on /home/airflow/.local/lib/python3.12/site-packages/airflow/example_dags/example_sensor_decorator.py
[2026-05-10T18:08:46.386+0000] {processor.py:830} INFO - Processing file /home/airflow/.local/lib/python3.12/site-packages/airflow/example_dags/example_sensor_decorator.py for tasks to queue
[2026-05-10T18:08:46.388+0000] {logging_mixin.py:188} INFO - [2026-05-10T18:08:46.388+0000] {dagbag.py:545} INFO - Filling up the DagBag from /home/airflow/.local/lib/python3.12/site-packages/airflow/example_dags/example_sensor_decorator.py
[2026-05-10T18:08:46.403+0000] {processor.py:840} INFO - DAG(s) 'example_sensor_decorator' retrieved from /home/airflow/.local/lib/python3.12/site-packages/airflow/example_dags/example_sensor_decorator.py
[2026-05-10T18:08:46.445+0000] {logging_mixin.py:188} INFO - [2026-05-10T18:08:46.445+0000] {dag.py:3089} INFO - Sync 1 DAGs
[2026-05-10T18:08:46.468+0000] {logging_mixin.py:188} INFO - [2026-05-10T18:08:46.468+0000] {dag.py:3947} INFO - Setting next_dagrun for example_sensor_decorator to None, run_after=None
[2026-05-10T18:08:46.532+0000] {processor.py:183} INFO - Processing /home/airflow/.local/lib/python3.12/site-packages/airflow/example_dags/example_sensor_decorator.py took 0.161 seconds
[2026-05-10T18:09:16.914+0000] {processor.py:161} INFO - Started process (PID=46639) to work on /home/airflow/.local/lib/python3.12/site-packages/airflow/example_dags/example_sensor_decorator.py
[2026-05-10T18:09:16.917+0000] {processor.py:830} INFO - Processing file /home/airflow/.local/lib/python3.12/site-packages/airflow/example_dags/example_sensor_decorator.py for tasks to queue
[2026-05-10T18:09:16.920+0000] {logging_mixin.py:188} INFO - [2026-05-10T18:09:16.919+0000] {dagbag.py:545} INFO - Filling up the DagBag from /home/airflow/.local/lib/python3.12/site-packages/airflow/example_dags/example_sensor_decorator.py
[2026-05-10T18:09:16.934+0000] {processor.py:840} INFO - DAG(s) 'example_sensor_decorator' retrieved from /home/airflow/.local/lib/python3.12/site-packages/airflow/example_dags/example_sensor_decorator.py
[2026-05-10T18:09:16.973+0000] {logging_mixin.py:188} INFO - [2026-05-10T18:09:16.972+0000] {dag.py:3089} INFO - Sync 1 DAGs
[2026-05-10T18:09:16.995+0000] {logging_mixin.py:188} INFO - [2026-05-10T18:09:16.995+0000] {dag.py:3947} INFO - Setting next_dagrun for example_sensor_decorator to None, run_after=None
[2026-05-10T18:09:17.064+0000] {processor.py:183} INFO - Processing /home/airflow/.local/lib/python3.12/site-packages/airflow/example_dags/example_sensor_decorator.py took 0.159 seconds
[2026-05-10T18:09:47.342+0000] {processor.py:161} INFO - Started process (PID=46706) to work on /home/airflow/.local/lib/python3.12/site-packages/airflow/example_dags/example_sensor_decorator.py
[2026-05-10T18:09:47.344+0000] {processor.py:830} INFO - Processing file /home/airflow/.local/lib/python3.12/site-packages/airflow/example_dags/example_sensor_decorator.py for tasks to queue
[2026-05-10T18:09:47.347+0000] {logging_mixin.py:188} INFO - [2026-05-10T18:09:47.346+0000] {dagbag.py:545} INFO - Filling up the DagBag from /home/airflow/.local/lib/python3.12/site-packages/airflow/example_dags/example_sensor_decorator.py
[2026-05-10T18:09:47.358+0000] {processor.py:840} INFO - DAG(s) 'example_sensor_decorator' retrieved from /home/airflow/.local/lib/python3.12/site-packages/airflow/example_dags/example_sensor_decorator.py
[2026-05-10T18:09:47.401+0000] {logging_mixin.py:188} INFO - [2026-05-10T18:09:47.401+0000] {dag.py:3089} INFO - Sync 1 DAGs
[2026-05-10T18:09:47.427+0000] {logging_mixin.py:188} INFO - [2026-05-10T18:09:47.426+0000] {dag.py:3947} INFO - Setting next_dagrun for example_sensor_decorator to None, run_after=None
[2026-05-10T18:09:47.501+0000] {processor.py:183} INFO - Processing /home/airflow/.local/lib/python3.12/site-packages/airflow/example_dags/example_sensor_decorator.py took 0.172 seconds
[2026-05-10T18:10:17.981+0000] {processor.py:161} INFO - Started process (PID=46774) to work on /home/airflow/.local/lib/python3.12/site-packages/airflow/example_dags/example_sensor_decorator.py
[2026-05-10T18:10:17.984+0000] {processor.py:830} INFO - Processing file /home/airflow/.local/lib/python3.12/site-packages/airflow/example_dags/example_sensor_decorator.py for tasks to queue
[2026-05-10T18:10:17.986+0000] {logging_mixin.py:188} INFO - [2026-05-10T18:10:17.985+0000] {dagbag.py:545} INFO - Filling up the DagBag from /home/airflow/.local/lib/python3.12/site-packages/airflow/example_dags/example_sensor_decorator.py
[2026-05-10T18:10:18.001+0000] {processor.py:840} INFO - DAG(s) 'example_sensor_decorator' retrieved from /home/airflow/.local/lib/python3.12/site-packages/airflow/example_dags/example_sensor_decorator.py
[2026-05-10T18:10:18.041+0000] {logging_mixin.py:188} INFO - [2026-05-10T18:10:18.041+0000] {dag.py:3089} INFO - Sync 1 DAGs
[2026-05-10T18:10:18.064+0000] {logging_mixin.py:188} INFO - [2026-05-10T18:10:18.064+0000] {dag.py:3947} INFO - Setting next_dagrun for example_sensor_decorator to None, run_after=None
[2026-05-10T18:10:18.143+0000] {processor.py:183} INFO - Processing /home/airflow/.local/lib/python3.12/site-packages/airflow/example_dags/example_sensor_decorator.py took 0.173 seconds
[2026-05-10T18:10:48.688+0000] {processor.py:161} INFO - Started process (PID=46842) to work on /home/airflow/.local/lib/python3.12/site-packages/airflow/example_dags/example_sensor_decorator.py
[2026-05-10T18:10:48.691+0000] {processor.py:830} INFO - Processing file /home/airflow/.local/lib/python3.12/site-packages/airflow/example_dags/example_sensor_decorator.py for tasks to queue
[2026-05-10T18:10:48.694+0000] {logging_mixin.py:188} INFO - [2026-05-10T18:10:48.693+0000] {dagbag.py:545} INFO - Filling up the DagBag from /home/airflow/.local/lib/python3.12/site-packages/airflow/example_dags/example_sensor_decorator.py
[2026-05-10T18:10:48.713+0000] {processor.py:840} INFO - DAG(s) 'example_sensor_decorator' retrieved from /home/airflow/.local/lib/python3.12/site-packages/airflow/example_dags/example_sensor_decorator.py
[2026-05-10T18:10:48.776+0000] {logging_mixin.py:188} INFO - [2026-05-10T18:10:48.776+0000] {dag.py:3089} INFO - Sync 1 DAGs
[2026-05-10T18:10:48.797+0000] {logging_mixin.py:188} INFO - [2026-05-10T18:10:48.796+0000] {dag.py:3947} INFO - Setting next_dagrun for example_sensor_decorator to None, run_after=None
[2026-05-10T18:10:48.838+0000] {processor.py:183} INFO - Processing /home/airflow/.local/lib/python3.12/site-packages/airflow/example_dags/example_sensor_decorator.py took 0.168 seconds
[2026-05-10T18:11:18.994+0000] {processor.py:161} INFO - Started process (PID=46910) to work on /home/airflow/.local/lib/python3.12/site-packages/airflow/example_dags/example_sensor_decorator.py
[2026-05-10T18:11:18.997+0000] {processor.py:830} INFO - Processing file /home/airflow/.local/lib/python3.12/site-packages/airflow/example_dags/example_sensor_decorator.py for tasks to queue
[2026-05-10T18:11:18.999+0000] {logging_mixin.py:188} INFO - [2026-05-10T18:11:18.998+0000] {dagbag.py:545} INFO - Filling up the DagBag from /home/airflow/.local/lib/python3.12/site-packages/airflow/example_dags/example_sensor_decorator.py
[2026-05-10T18:11:19.014+0000] {processor.py:840} INFO - DAG(s) 'example_sensor_decorator' retrieved from /home/airflow/.local/lib/python3.12/site-packages/airflow/example_dags/example_sensor_decorator.py
[2026-05-10T18:11:19.053+0000] {logging_mixin.py:188} INFO - [2026-05-10T18:11:19.053+0000] {dag.py:3089} INFO - Sync 1 DAGs
[2026-05-10T18:11:19.076+0000] {logging_mixin.py:188} INFO - [2026-05-10T18:11:19.076+0000] {dag.py:3947} INFO - Setting next_dagrun for example_sensor_decorator to None, run_after=None
[2026-05-10T18:11:19.140+0000] {processor.py:183} INFO - Processing /home/airflow/.local/lib/python3.12/site-packages/airflow/example_dags/example_sensor_decorator.py took 0.158 seconds
[2026-05-10T18:11:49.342+0000] {processor.py:161} INFO - Started process (PID=46987) to work on /home/airflow/.local/lib/python3.12/site-packages/airflow/example_dags/example_sensor_decorator.py
[2026-05-10T18:11:49.344+0000] {processor.py:830} INFO - Processing file /home/airflow/.local/lib/python3.12/site-packages/airflow/example_dags/example_sensor_decorator.py for tasks to queue
[2026-05-10T18:11:49.346+0000] {logging_mixin.py:188} INFO - [2026-05-10T18:11:49.345+0000] {dagbag.py:545} INFO - Filling up the DagBag from /home/airflow/.local/lib/python3.12/site-packages/airflow/example_dags/example_sensor_decorator.py
[2026-05-10T18:11:49.356+0000] {processor.py:840} INFO - DAG(s) 'example_sensor_decorator' retrieved from /home/airflow/.local/lib/python3.12/site-packages/airflow/example_dags/example_sensor_decorator.py
[2026-05-10T18:11:49.391+0000] {logging_mixin.py:188} INFO - [2026-05-10T18:11:49.391+0000] {dag.py:3089} INFO - Sync 1 DAGs
[2026-05-10T18:11:49.413+0000] {logging_mixin.py:188} INFO - [2026-05-10T18:11:49.412+0000] {dag.py:3947} INFO - Setting next_dagrun for example_sensor_decorator to None, run_after=None
[2026-05-10T18:11:49.476+0000] {processor.py:183} INFO - Processing /home/airflow/.local/lib/python3.12/site-packages/airflow/example_dags/example_sensor_decorator.py took 0.145 seconds
[2026-05-10T18:12:19.966+0000] {processor.py:161} INFO - Started process (PID=47055) to work on /home/airflow/.local/lib/python3.12/site-packages/airflow/example_dags/example_sensor_decorator.py
[2026-05-10T18:12:19.968+0000] {processor.py:830} INFO - Processing file /home/airflow/.local/lib/python3.12/site-packages/airflow/example_dags/example_sensor_decorator.py for tasks to queue
[2026-05-10T18:12:19.970+0000] {logging_mixin.py:188} INFO - [2026-05-10T18:12:19.970+0000] {dagbag.py:545} INFO - Filling up the DagBag from /home/airflow/.local/lib/python3.12/site-packages/airflow/example_dags/example_sensor_decorator.py
[2026-05-10T18:12:19.988+0000] {processor.py:840} INFO - DAG(s) 'example_sensor_decorator' retrieved from /home/airflow/.local/lib/python3.12/site-packages/airflow/example_dags/example_sensor_decorator.py
[2026-05-10T18:12:20.030+0000] {logging_mixin.py:188} INFO - [2026-05-10T18:12:20.030+0000] {dag.py:3089} INFO - Sync 1 DAGs
[2026-05-10T18:12:20.051+0000] {logging_mixin.py:188} INFO - [2026-05-10T18:12:20.051+0000] {dag.py:3947} INFO - Setting next_dagrun for example_sensor_decorator to None, run_after=None
[2026-05-10T18:12:20.090+0000] {processor.py:183} INFO - Processing /home/airflow/.local/lib/python3.12/site-packages/airflow/example_dags/example_sensor_decorator.py took 0.139 seconds
[2026-05-10T18:12:50.569+0000] {processor.py:161} INFO - Started process (PID=47123) to work on /home/airflow/.local/lib/python3.12/site-packages/airflow/example_dags/example_sensor_decorator.py
[2026-05-10T18:12:50.572+0000] {processor.py:830} INFO - Processing file /home/airflow/.local/lib/python3.12/site-packages/airflow/example_dags/example_sensor_decorator.py for tasks to queue
[2026-05-10T18:12:50.574+0000] {logging_mixin.py:188} INFO - [2026-05-10T18:12:50.574+0000] {dagbag.py:545} INFO - Filling up the DagBag from /home/airflow/.local/lib/python3.12/site-packages/airflow/example_dags/example_sensor_decorator.py
[2026-05-10T18:12:50.586+0000] {processor.py:840} INFO - DAG(s) 'example_sensor_decorator' retrieved from /home/airflow/.local/lib/python3.12/site-packages/airflow/example_dags/example_sensor_decorator.py
[2026-05-10T18:12:50.624+0000] {logging_mixin.py:188} INFO - [2026-05-10T18:12:50.623+0000] {dag.py:3089} INFO - Sync 1 DAGs
[2026-05-10T18:12:50.646+0000] {logging_mixin.py:188} INFO - [2026-05-10T18:12:50.646+0000] {dag.py:3947} INFO - Setting next_dagrun for example_sensor_decorator to None, run_after=None
[2026-05-10T18:12:50.682+0000] {processor.py:183} INFO - Processing /home/airflow/.local/lib/python3.12/site-packages/airflow/example_dags/example_sensor_decorator.py took 0.126 seconds
[2026-05-10T18:13:21.157+0000] {processor.py:161} INFO - Started process (PID=47190) to work on /home/airflow/.local/lib/python3.12/site-packages/airflow/example_dags/example_sensor_decorator.py
[2026-05-10T18:13:21.162+0000] {processor.py:830} INFO - Processing file /home/airflow/.local/lib/python3.12/site-packages/airflow/example_dags/example_sensor_decorator.py for tasks to queue
[2026-05-10T18:13:21.164+0000] {logging_mixin.py:188} INFO - [2026-05-10T18:13:21.164+0000] {dagbag.py:545} INFO - Filling up the DagBag from /home/airflow/.local/lib/python3.12/site-packages/airflow/example_dags/example_sensor_decorator.py
[2026-05-10T18:13:21.179+0000] {processor.py:840} INFO - DAG(s) 'example_sensor_decorator' retrieved from /home/airflow/.local/lib/python3.12/site-packages/airflow/example_dags/example_sensor_decorator.py
[2026-05-10T18:13:21.223+0000] {logging_mixin.py:188} INFO - [2026-05-10T18:13:21.222+0000] {dag.py:3089} INFO - Sync 1 DAGs
[2026-05-10T18:13:21.247+0000] {logging_mixin.py:188} INFO - [2026-05-10T18:13:21.246+0000] {dag.py:3947} INFO - Setting next_dagrun for example_sensor_decorator to None, run_after=None
[2026-05-10T18:13:21.298+0000] {processor.py:183} INFO - Processing /home/airflow/.local/lib/python3.12/site-packages/airflow/example_dags/example_sensor_decorator.py took 0.152 seconds
[2026-05-10T18:13:51.703+0000] {processor.py:161} INFO - Started process (PID=47258) to work on /home/airflow/.local/lib/python3.12/site-packages/airflow/example_dags/example_sensor_decorator.py
[2026-05-10T18:13:51.705+0000] {processor.py:830} INFO - Processing file /home/airflow/.local/lib/python3.12/site-packages/airflow/example_dags/example_sensor_decorator.py for tasks to queue
[2026-05-10T18:13:51.709+0000] {logging_mixin.py:188} INFO - [2026-05-10T18:13:51.708+0000] {dagbag.py:545} INFO - Filling up the DagBag from /home/airflow/.local/lib/python3.12/site-packages/airflow/example_dags/example_sensor_decorator.py
[2026-05-10T18:13:51.721+0000] {processor.py:840} INFO - DAG(s) 'example_sensor_decorator' retrieved from /home/airflow/.local/lib/python3.12/site-packages/airflow/example_dags/example_sensor_decorator.py
[2026-05-10T18:13:51.758+0000] {logging_mixin.py:188} INFO - [2026-05-10T18:13:51.757+0000] {dag.py:3089} INFO - Sync 1 DAGs
[2026-05-10T18:13:51.777+0000] {logging_mixin.py:188} INFO - [2026-05-10T18:13:51.777+0000] {dag.py:3947} INFO - Setting next_dagrun for example_sensor_decorator to None, run_after=None
[2026-05-10T18:13:51.841+0000] {processor.py:183} INFO - Processing /home/airflow/.local/lib/python3.12/site-packages/airflow/example_dags/example_sensor_decorator.py took 0.150 seconds
[2026-05-10T18:14:22.233+0000] {processor.py:161} INFO - Started process (PID=47326) to work on /home/airflow/.local/lib/python3.12/site-packages/airflow/example_dags/example_sensor_decorator.py
[2026-05-10T18:14:22.237+0000] {processor.py:830} INFO - Processing file /home/airflow/.local/lib/python3.12/site-packages/airflow/example_dags/example_sensor_decorator.py for tasks to queue
[2026-05-10T18:14:22.240+0000] {logging_mixin.py:188} INFO - [2026-05-10T18:14:22.239+0000] {dagbag.py:545} INFO - Filling up the DagBag from /home/airflow/.local/lib/python3.12/site-packages/airflow/example_dags/example_sensor_decorator.py
[2026-05-10T18:14:22.256+0000] {processor.py:840} INFO - DAG(s) 'example_sensor_decorator' retrieved from /home/airflow/.local/lib/python3.12/site-packages/airflow/example_dags/example_sensor_decorator.py
[2026-05-10T18:14:22.303+0000] {logging_mixin.py:188} INFO - [2026-05-10T18:14:22.302+0000] {dag.py:3089} INFO - Sync 1 DAGs
[2026-05-10T18:14:22.325+0000] {logging_mixin.py:188} INFO - [2026-05-10T18:14:22.325+0000] {dag.py:3947} INFO - Setting next_dagrun for example_sensor_decorator to None, run_after=None
[2026-05-10T18:14:22.363+0000] {processor.py:183} INFO - Processing /home/airflow/.local/lib/python3.12/site-packages/airflow/example_dags/example_sensor_decorator.py took 0.149 seconds
[2026-05-10T18:14:52.781+0000] {processor.py:161} INFO - Started process (PID=47394) to work on /home/airflow/.local/lib/python3.12/site-packages/airflow/example_dags/example_sensor_decorator.py
[2026-05-10T18:14:52.783+0000] {processor.py:830} INFO - Processing file /home/airflow/.local/lib/python3.12/site-packages/airflow/example_dags/example_sensor_decorator.py for tasks to queue
[2026-05-10T18:14:52.786+0000] {logging_mixin.py:188} INFO - [2026-05-10T18:14:52.786+0000] {dagbag.py:545} INFO - Filling up the DagBag from /home/airflow/.local/lib/python3.12/site-packages/airflow/example_dags/example_sensor_decorator.py
[2026-05-10T18:14:52.801+0000] {processor.py:840} INFO - DAG(s) 'example_sensor_decorator' retrieved from /home/airflow/.local/lib/python3.12/site-packages/airflow/example_dags/example_sensor_decorator.py
[2026-05-10T18:14:52.840+0000] {logging_mixin.py:188} INFO - [2026-05-10T18:14:52.840+0000] {dag.py:3089} INFO - Sync 1 DAGs
[2026-05-10T18:14:52.868+0000] {logging_mixin.py:188} INFO - [2026-05-10T18:14:52.868+0000] {dag.py:3947} INFO - Setting next_dagrun for example_sensor_decorator to None, run_after=None
[2026-05-10T18:14:53.046+0000] {processor.py:183} INFO - Processing /home/airflow/.local/lib/python3.12/site-packages/airflow/example_dags/example_sensor_decorator.py took 0.277 seconds
[2026-05-10T18:15:23.151+0000] {processor.py:161} INFO - Started process (PID=47469) to work on /home/airflow/.local/lib/python3.12/site-packages/airflow/example_dags/example_sensor_decorator.py
[2026-05-10T18:15:23.153+0000] {processor.py:830} INFO - Processing file /home/airflow/.local/lib/python3.12/site-packages/airflow/example_dags/example_sensor_decorator.py for tasks to queue
[2026-05-10T18:15:23.157+0000] {logging_mixin.py:188} INFO - [2026-05-10T18:15:23.155+0000] {dagbag.py:545} INFO - Filling up the DagBag from /home/airflow/.local/lib/python3.12/site-packages/airflow/example_dags/example_sensor_decorator.py
[2026-05-10T18:15:23.170+0000] {processor.py:840} INFO - DAG(s) 'example_sensor_decorator' retrieved from /home/airflow/.local/lib/python3.12/site-packages/airflow/example_dags/example_sensor_decorator.py
[2026-05-10T18:15:23.215+0000] {logging_mixin.py:188} INFO - [2026-05-10T18:15:23.215+0000] {dag.py:3089} INFO - Sync 1 DAGs
[2026-05-10T18:15:23.241+0000] {logging_mixin.py:188} INFO - [2026-05-10T18:15:23.240+0000] {dag.py:3947} INFO - Setting next_dagrun for example_sensor_decorator to None, run_after=None
[2026-05-10T18:15:23.311+0000] {processor.py:183} INFO - Processing /home/airflow/.local/lib/python3.12/site-packages/airflow/example_dags/example_sensor_decorator.py took 0.171 seconds
[2026-05-10T18:15:53.695+0000] {processor.py:161} INFO - Started process (PID=47537) to work on /home/airflow/.local/lib/python3.12/site-packages/airflow/example_dags/example_sensor_decorator.py
[2026-05-10T18:15:53.698+0000] {processor.py:830} INFO - Processing file /home/airflow/.local/lib/python3.12/site-packages/airflow/example_dags/example_sensor_decorator.py for tasks to queue
[2026-05-10T18:15:53.701+0000] {logging_mixin.py:188} INFO - [2026-05-10T18:15:53.700+0000] {dagbag.py:545} INFO - Filling up the DagBag from /home/airflow/.local/lib/python3.12/site-packages/airflow/example_dags/example_sensor_decorator.py
[2026-05-10T18:15:53.719+0000] {processor.py:840} INFO - DAG(s) 'example_sensor_decorator' retrieved from /home/airflow/.local/lib/python3.12/site-packages/airflow/example_dags/example_sensor_decorator.py
[2026-05-10T18:15:53.776+0000] {logging_mixin.py:188} INFO - [2026-05-10T18:15:53.776+0000] {dag.py:3089} INFO - Sync 1 DAGs
[2026-05-10T18:15:53.804+0000] {logging_mixin.py:188} INFO - [2026-05-10T18:15:53.804+0000] {dag.py:3947} INFO - Setting next_dagrun for example_sensor_decorator to None, run_after=None
[2026-05-10T18:15:53.852+0000] {processor.py:183} INFO - Processing /home/airflow/.local/lib/python3.12/site-packages/airflow/example_dags/example_sensor_decorator.py took 0.171 seconds
[2026-05-10T18:16:24.447+0000] {processor.py:161} INFO - Started process (PID=47605) to work on /home/airflow/.local/lib/python3.12/site-packages/airflow/example_dags/example_sensor_decorator.py
[2026-05-10T18:16:24.450+0000] {processor.py:830} INFO - Processing file /home/airflow/.local/lib/python3.12/site-packages/airflow/example_dags/example_sensor_decorator.py for tasks to queue
[2026-05-10T18:16:24.452+0000] {logging_mixin.py:188} INFO - [2026-05-10T18:16:24.451+0000] {dagbag.py:545} INFO - Filling up the DagBag from /home/airflow/.local/lib/python3.12/site-packages/airflow/example_dags/example_sensor_decorator.py
[2026-05-10T18:16:24.463+0000] {processor.py:840} INFO - DAG(s) 'example_sensor_decorator' retrieved from /home/airflow/.local/lib/python3.12/site-packages/airflow/example_dags/example_sensor_decorator.py
[2026-05-10T18:16:24.502+0000] {logging_mixin.py:188} INFO - [2026-05-10T18:16:24.501+0000] {dag.py:3089} INFO - Sync 1 DAGs
[2026-05-10T18:16:24.530+0000] {logging_mixin.py:188} INFO - [2026-05-10T18:16:24.529+0000] {dag.py:3947} INFO - Setting next_dagrun for example_sensor_decorator to None, run_after=None
[2026-05-10T18:16:24.597+0000] {processor.py:183} INFO - Processing /home/airflow/.local/lib/python3.12/site-packages/airflow/example_dags/example_sensor_decorator.py took 0.161 seconds
[2026-05-10T18:16:55.383+0000] {processor.py:161} INFO - Started process (PID=47673) to work on /home/airflow/.local/lib/python3.12/site-packages/airflow/example_dags/example_sensor_decorator.py
[2026-05-10T18:16:55.385+0000] {processor.py:830} INFO - Processing file /home/airflow/.local/lib/python3.12/site-packages/airflow/example_dags/example_sensor_decorator.py for tasks to queue
[2026-05-10T18:16:55.388+0000] {logging_mixin.py:188} INFO - [2026-05-10T18:16:55.387+0000] {dagbag.py:545} INFO - Filling up the DagBag from /home/airflow/.local/lib/python3.12/site-packages/airflow/example_dags/example_sensor_decorator.py
[2026-05-10T18:16:55.401+0000] {processor.py:840} INFO - DAG(s) 'example_sensor_decorator' retrieved from /home/airflow/.local/lib/python3.12/site-packages/airflow/example_dags/example_sensor_decorator.py
[2026-05-10T18:16:55.451+0000] {logging_mixin.py:188} INFO - [2026-05-10T18:16:55.450+0000] {dag.py:3089} INFO - Sync 1 DAGs
[2026-05-10T18:16:55.474+0000] {logging_mixin.py:188} INFO - [2026-05-10T18:16:55.473+0000] {dag.py:3947} INFO - Setting next_dagrun for example_sensor_decorator to None, run_after=None
[2026-05-10T18:16:55.511+0000] {processor.py:183} INFO - Processing /home/airflow/.local/lib/python3.12/site-packages/airflow/example_dags/example_sensor_decorator.py took 0.141 seconds
[2026-05-10T18:17:25.755+0000] {processor.py:161} INFO - Started process (PID=47741) to work on /home/airflow/.local/lib/python3.12/site-packages/airflow/example_dags/example_sensor_decorator.py
[2026-05-10T18:17:25.757+0000] {processor.py:830} INFO - Processing file /home/airflow/.local/lib/python3.12/site-packages/airflow/example_dags/example_sensor_decorator.py for tasks to queue
[2026-05-10T18:17:25.759+0000] {logging_mixin.py:188} INFO - [2026-05-10T18:17:25.759+0000] {dagbag.py:545} INFO - Filling up the DagBag from /home/airflow/.local/lib/python3.12/site-packages/airflow/example_dags/example_sensor_decorator.py
[2026-05-10T18:17:25.772+0000] {processor.py:840} INFO - DAG(s) 'example_sensor_decorator' retrieved from /home/airflow/.local/lib/python3.12/site-packages/airflow/example_dags/example_sensor_decorator.py
[2026-05-10T18:17:25.813+0000] {logging_mixin.py:188} INFO - [2026-05-10T18:17:25.813+0000] {dag.py:3089} INFO - Sync 1 DAGs
[2026-05-10T18:17:25.840+0000] {logging_mixin.py:188} INFO - [2026-05-10T18:17:25.840+0000] {dag.py:3947} INFO - Setting next_dagrun for example_sensor_decorator to None, run_after=None
[2026-05-10T18:17:25.876+0000] {processor.py:183} INFO - Processing /home/airflow/.local/lib/python3.12/site-packages/airflow/example_dags/example_sensor_decorator.py took 0.132 seconds
[2026-05-10T18:17:56.254+0000] {processor.py:161} INFO - Started process (PID=47809) to work on /home/airflow/.local/lib/python3.12/site-packages/airflow/example_dags/example_sensor_decorator.py
[2026-05-10T18:17:56.256+0000] {processor.py:830} INFO - Processing file /home/airflow/.local/lib/python3.12/site-packages/airflow/example_dags/example_sensor_decorator.py for tasks to queue
[2026-05-10T18:17:56.259+0000] {logging_mixin.py:188} INFO - [2026-05-10T18:17:56.258+0000] {dagbag.py:545} INFO - Filling up the DagBag from /home/airflow/.local/lib/python3.12/site-packages/airflow/example_dags/example_sensor_decorator.py
[2026-05-10T18:17:56.271+0000] {processor.py:840} INFO - DAG(s) 'example_sensor_decorator' retrieved from /home/airflow/.local/lib/python3.12/site-packages/airflow/example_dags/example_sensor_decorator.py
[2026-05-10T18:17:56.308+0000] {logging_mixin.py:188} INFO - [2026-05-10T18:17:56.308+0000] {dag.py:3089} INFO - Sync 1 DAGs
[2026-05-10T18:17:56.328+0000] {logging_mixin.py:188} INFO - [2026-05-10T18:17:56.328+0000] {dag.py:3947} INFO - Setting next_dagrun for example_sensor_decorator to None, run_after=None
[2026-05-10T18:17:56.517+0000] {processor.py:183} INFO - Processing /home/airflow/.local/lib/python3.12/site-packages/airflow/example_dags/example_sensor_decorator.py took 0.272 seconds
[2026-05-10T18:18:26.734+0000] {processor.py:161} INFO - Started process (PID=47877) to work on /home/airflow/.local/lib/python3.12/site-packages/airflow/example_dags/example_sensor_decorator.py
[2026-05-10T18:18:26.737+0000] {processor.py:830} INFO - Processing file /home/airflow/.local/lib/python3.12/site-packages/airflow/example_dags/example_sensor_decorator.py for tasks to queue
[2026-05-10T18:18:26.740+0000] {logging_mixin.py:188} INFO - [2026-05-10T18:18:26.739+0000] {dagbag.py:545} INFO - Filling up the DagBag from /home/airflow/.local/lib/python3.12/site-packages/airflow/example_dags/example_sensor_decorator.py
[2026-05-10T18:18:26.754+0000] {processor.py:840} INFO - DAG(s) 'example_sensor_decorator' retrieved from /home/airflow/.local/lib/python3.12/site-packages/airflow/example_dags/example_sensor_decorator.py
[2026-05-10T18:18:26.793+0000] {logging_mixin.py:188} INFO - [2026-05-10T18:18:26.792+0000] {dag.py:3089} INFO - Sync 1 DAGs
[2026-05-10T18:18:26.816+0000] {logging_mixin.py:188} INFO - [2026-05-10T18:18:26.815+0000] {dag.py:3947} INFO - Setting next_dagrun for example_sensor_decorator to None, run_after=None
[2026-05-10T18:18:26.883+0000] {processor.py:183} INFO - Processing /home/airflow/.local/lib/python3.12/site-packages/airflow/example_dags/example_sensor_decorator.py took 0.161 seconds
[2026-05-10T18:18:57.168+0000] {processor.py:161} INFO - Started process (PID=47951) to work on /home/airflow/.local/lib/python3.12/site-packages/airflow/example_dags/example_sensor_decorator.py
[2026-05-10T18:18:57.172+0000] {processor.py:830} INFO - Processing file /home/airflow/.local/lib/python3.12/site-packages/airflow/example_dags/example_sensor_decorator.py for tasks to queue
[2026-05-10T18:18:57.178+0000] {logging_mixin.py:188} INFO - [2026-05-10T18:18:57.174+0000] {dagbag.py:545} INFO - Filling up the DagBag from /home/airflow/.local/lib/python3.12/site-packages/airflow/example_dags/example_sensor_decorator.py
[2026-05-10T18:18:57.197+0000] {processor.py:840} INFO - DAG(s) 'example_sensor_decorator' retrieved from /home/airflow/.local/lib/python3.12/site-packages/airflow/example_dags/example_sensor_decorator.py
[2026-05-10T18:18:57.244+0000] {logging_mixin.py:188} INFO - [2026-05-10T18:18:57.243+0000] {dag.py:3089} INFO - Sync 1 DAGs
[2026-05-10T18:18:57.268+0000] {logging_mixin.py:188} INFO - [2026-05-10T18:18:57.268+0000] {dag.py:3947} INFO - Setting next_dagrun for example_sensor_decorator to None, run_after=None
[2026-05-10T18:18:57.310+0000] {processor.py:183} INFO - Processing /home/airflow/.local/lib/python3.12/site-packages/airflow/example_dags/example_sensor_decorator.py took 0.156 seconds
[2026-05-10T18:19:28.059+0000] {processor.py:161} INFO - Started process (PID=48019) to work on /home/airflow/.local/lib/python3.12/site-packages/airflow/example_dags/example_sensor_decorator.py
[2026-05-10T18:19:28.062+0000] {processor.py:830} INFO - Processing file /home/airflow/.local/lib/python3.12/site-packages/airflow/example_dags/example_sensor_decorator.py for tasks to queue
[2026-05-10T18:19:28.063+0000] {logging_mixin.py:188} INFO - [2026-05-10T18:19:28.063+0000] {dagbag.py:545} INFO - Filling up the DagBag from /home/airflow/.local/lib/python3.12/site-packages/airflow/example_dags/example_sensor_decorator.py
[2026-05-10T18:19:28.078+0000] {processor.py:840} INFO - DAG(s) 'example_sensor_decorator' retrieved from /home/airflow/.local/lib/python3.12/site-packages/airflow/example_dags/example_sensor_decorator.py
[2026-05-10T18:19:28.123+0000] {logging_mixin.py:188} INFO - [2026-05-10T18:19:28.122+0000] {dag.py:3089} INFO - Sync 1 DAGs
[2026-05-10T18:19:28.150+0000] {logging_mixin.py:188} INFO - [2026-05-10T18:19:28.149+0000] {dag.py:3947} INFO - Setting next_dagrun for example_sensor_decorator to None, run_after=None
[2026-05-10T18:19:28.194+0000] {processor.py:183} INFO - Processing /home/airflow/.local/lib/python3.12/site-packages/airflow/example_dags/example_sensor_decorator.py took 0.149 seconds
[2026-05-10T18:19:58.847+0000] {processor.py:161} INFO - Started process (PID=48087) to work on /home/airflow/.local/lib/python3.12/site-packages/airflow/example_dags/example_sensor_decorator.py
[2026-05-10T18:19:58.849+0000] {processor.py:830} INFO - Processing file /home/airflow/.local/lib/python3.12/site-packages/airflow/example_dags/example_sensor_decorator.py for tasks to queue
[2026-05-10T18:19:58.850+0000] {logging_mixin.py:188} INFO - [2026-05-10T18:19:58.850+0000] {dagbag.py:545} INFO - Filling up the DagBag from /home/airflow/.local/lib/python3.12/site-packages/airflow/example_dags/example_sensor_decorator.py
[2026-05-10T18:19:58.862+0000] {processor.py:840} INFO - DAG(s) 'example_sensor_decorator' retrieved from /home/airflow/.local/lib/python3.12/site-packages/airflow/example_dags/example_sensor_decorator.py
[2026-05-10T18:19:58.906+0000] {logging_mixin.py:188} INFO - [2026-05-10T18:19:58.905+0000] {dag.py:3089} INFO - Sync 1 DAGs
[2026-05-10T18:19:58.929+0000] {logging_mixin.py:188} INFO - [2026-05-10T18:19:58.928+0000] {dag.py:3947} INFO - Setting next_dagrun for example_sensor_decorator to None, run_after=None
[2026-05-10T18:19:58.998+0000] {processor.py:183} INFO - Processing /home/airflow/.local/lib/python3.12/site-packages/airflow/example_dags/example_sensor_decorator.py took 0.163 seconds
[2026-05-10T18:20:29.297+0000] {processor.py:161} INFO - Started process (PID=48155) to work on /home/airflow/.local/lib/python3.12/site-packages/airflow/example_dags/example_sensor_decorator.py
[2026-05-10T18:20:29.300+0000] {processor.py:830} INFO - Processing file /home/airflow/.local/lib/python3.12/site-packages/airflow/example_dags/example_sensor_decorator.py for tasks to queue
[2026-05-10T18:20:29.302+0000] {logging_mixin.py:188} INFO - [2026-05-10T18:20:29.302+0000] {dagbag.py:545} INFO - Filling up the DagBag from /home/airflow/.local/lib/python3.12/site-packages/airflow/example_dags/example_sensor_decorator.py
[2026-05-10T18:20:29.316+0000] {processor.py:840} INFO - DAG(s) 'example_sensor_decorator' retrieved from /home/airflow/.local/lib/python3.12/site-packages/airflow/example_dags/example_sensor_decorator.py
[2026-05-10T18:20:29.350+0000] {logging_mixin.py:188} INFO - [2026-05-10T18:20:29.350+0000] {dag.py:3089} INFO - Sync 1 DAGs
[2026-05-10T18:20:29.369+0000] {logging_mixin.py:188} INFO - [2026-05-10T18:20:29.369+0000] {dag.py:3947} INFO - Setting next_dagrun for example_sensor_decorator to None, run_after=None
[2026-05-10T18:20:29.437+0000] {processor.py:183} INFO - Processing /home/airflow/.local/lib/python3.12/site-packages/airflow/example_dags/example_sensor_decorator.py took 0.154 seconds
[2026-05-10T18:20:59.719+0000] {processor.py:161} INFO - Started process (PID=48224) to work on /home/airflow/.local/lib/python3.12/site-packages/airflow/example_dags/example_sensor_decorator.py
[2026-05-10T18:20:59.721+0000] {processor.py:830} INFO - Processing file /home/airflow/.local/lib/python3.12/site-packages/airflow/example_dags/example_sensor_decorator.py for tasks to queue
[2026-05-10T18:20:59.723+0000] {logging_mixin.py:188} INFO - [2026-05-10T18:20:59.723+0000] {dagbag.py:545} INFO - Filling up the DagBag from /home/airflow/.local/lib/python3.12/site-packages/airflow/example_dags/example_sensor_decorator.py
[2026-05-10T18:20:59.735+0000] {processor.py:840} INFO - DAG(s) 'example_sensor_decorator' retrieved from /home/airflow/.local/lib/python3.12/site-packages/airflow/example_dags/example_sensor_decorator.py
[2026-05-10T18:20:59.775+0000] {logging_mixin.py:188} INFO - [2026-05-10T18:20:59.774+0000] {dag.py:3089} INFO - Sync 1 DAGs
[2026-05-10T18:20:59.796+0000] {logging_mixin.py:188} INFO - [2026-05-10T18:20:59.796+0000] {dag.py:3947} INFO - Setting next_dagrun for example_sensor_decorator to None, run_after=None
[2026-05-10T18:20:59.863+0000] {processor.py:183} INFO - Processing /home/airflow/.local/lib/python3.12/site-packages/airflow/example_dags/example_sensor_decorator.py took 0.158 seconds
[2026-05-10T18:21:30.327+0000] {processor.py:161} INFO - Started process (PID=48292) to work on /home/airflow/.local/lib/python3.12/site-packages/airflow/example_dags/example_sensor_decorator.py
[2026-05-10T18:21:30.329+0000] {processor.py:830} INFO - Processing file /home/airflow/.local/lib/python3.12/site-packages/airflow/example_dags/example_sensor_decorator.py for tasks to queue
[2026-05-10T18:21:30.331+0000] {logging_mixin.py:188} INFO - [2026-05-10T18:21:30.331+0000] {dagbag.py:545} INFO - Filling up the DagBag from /home/airflow/.local/lib/python3.12/site-packages/airflow/example_dags/example_sensor_decorator.py
[2026-05-10T18:21:30.346+0000] {processor.py:840} INFO - DAG(s) 'example_sensor_decorator' retrieved from /home/airflow/.local/lib/python3.12/site-packages/airflow/example_dags/example_sensor_decorator.py
[2026-05-10T18:21:30.391+0000] {logging_mixin.py:188} INFO - [2026-05-10T18:21:30.391+0000] {dag.py:3089} INFO - Sync 1 DAGs
[2026-05-10T18:21:30.416+0000] {logging_mixin.py:188} INFO - [2026-05-10T18:21:30.415+0000] {dag.py:3947} INFO - Setting next_dagrun for example_sensor_decorator to None, run_after=None
[2026-05-10T18:21:30.502+0000] {processor.py:183} INFO - Processing /home/airflow/.local/lib/python3.12/site-packages/airflow/example_dags/example_sensor_decorator.py took 0.185 seconds
[2026-05-10T18:22:00.701+0000] {processor.py:161} INFO - Started process (PID=48361) to work on /home/airflow/.local/lib/python3.12/site-packages/airflow/example_dags/example_sensor_decorator.py
[2026-05-10T18:22:00.703+0000] {processor.py:830} INFO - Processing file /home/airflow/.local/lib/python3.12/site-packages/airflow/example_dags/example_sensor_decorator.py for tasks to queue
[2026-05-10T18:22:00.705+0000] {logging_mixin.py:188} INFO - [2026-05-10T18:22:00.705+0000] {dagbag.py:545} INFO - Filling up the DagBag from /home/airflow/.local/lib/python3.12/site-packages/airflow/example_dags/example_sensor_decorator.py
[2026-05-10T18:22:00.717+0000] {processor.py:840} INFO - DAG(s) 'example_sensor_decorator' retrieved from /home/airflow/.local/lib/python3.12/site-packages/airflow/example_dags/example_sensor_decorator.py
[2026-05-10T18:22:00.753+0000] {logging_mixin.py:188} INFO - [2026-05-10T18:22:00.752+0000] {dag.py:3089} INFO - Sync 1 DAGs
[2026-05-10T18:22:00.775+0000] {logging_mixin.py:188} INFO - [2026-05-10T18:22:00.775+0000] {dag.py:3947} INFO - Setting next_dagrun for example_sensor_decorator to None, run_after=None
[2026-05-10T18:22:00.843+0000] {processor.py:183} INFO - Processing /home/airflow/.local/lib/python3.12/site-packages/airflow/example_dags/example_sensor_decorator.py took 0.154 seconds
[2026-05-10T18:22:30.956+0000] {processor.py:161} INFO - Started process (PID=48429) to work on /home/airflow/.local/lib/python3.12/site-packages/airflow/example_dags/example_sensor_decorator.py
[2026-05-10T18:22:30.958+0000] {processor.py:830} INFO - Processing file /home/airflow/.local/lib/python3.12/site-packages/airflow/example_dags/example_sensor_decorator.py for tasks to queue
[2026-05-10T18:22:30.961+0000] {logging_mixin.py:188} INFO - [2026-05-10T18:22:30.960+0000] {dagbag.py:545} INFO - Filling up the DagBag from /home/airflow/.local/lib/python3.12/site-packages/airflow/example_dags/example_sensor_decorator.py
[2026-05-10T18:22:30.977+0000] {processor.py:840} INFO - DAG(s) 'example_sensor_decorator' retrieved from /home/airflow/.local/lib/python3.12/site-packages/airflow/example_dags/example_sensor_decorator.py
[2026-05-10T18:22:31.023+0000] {logging_mixin.py:188} INFO - [2026-05-10T18:22:31.023+0000] {dag.py:3089} INFO - Sync 1 DAGs
[2026-05-10T18:22:31.046+0000] {logging_mixin.py:188} INFO - [2026-05-10T18:22:31.046+0000] {dag.py:3947} INFO - Setting next_dagrun for example_sensor_decorator to None, run_after=None
[2026-05-10T18:22:31.108+0000] {processor.py:183} INFO - Processing /home/airflow/.local/lib/python3.12/site-packages/airflow/example_dags/example_sensor_decorator.py took 0.164 seconds
[2026-05-10T18:23:01.354+0000] {processor.py:161} INFO - Started process (PID=48505) to work on /home/airflow/.local/lib/python3.12/site-packages/airflow/example_dags/example_sensor_decorator.py
[2026-05-10T18:23:01.355+0000] {processor.py:830} INFO - Processing file /home/airflow/.local/lib/python3.12/site-packages/airflow/example_dags/example_sensor_decorator.py for tasks to queue
[2026-05-10T18:23:01.357+0000] {logging_mixin.py:188} INFO - [2026-05-10T18:23:01.356+0000] {dagbag.py:545} INFO - Filling up the DagBag from /home/airflow/.local/lib/python3.12/site-packages/airflow/example_dags/example_sensor_decorator.py
[2026-05-10T18:23:01.367+0000] {processor.py:840} INFO - DAG(s) 'example_sensor_decorator' retrieved from /home/airflow/.local/lib/python3.12/site-packages/airflow/example_dags/example_sensor_decorator.py
[2026-05-10T18:23:01.404+0000] {logging_mixin.py:188} INFO - [2026-05-10T18:23:01.404+0000] {dag.py:3089} INFO - Sync 1 DAGs
[2026-05-10T18:23:01.427+0000] {logging_mixin.py:188} INFO - [2026-05-10T18:23:01.426+0000] {dag.py:3947} INFO - Setting next_dagrun for example_sensor_decorator to None, run_after=None
[2026-05-10T18:23:01.462+0000] {processor.py:183} INFO - Processing /home/airflow/.local/lib/python3.12/site-packages/airflow/example_dags/example_sensor_decorator.py took 0.119 seconds
[2026-05-10T18:23:31.777+0000] {processor.py:161} INFO - Started process (PID=48573) to work on /home/airflow/.local/lib/python3.12/site-packages/airflow/example_dags/example_sensor_decorator.py
[2026-05-10T18:23:31.780+0000] {processor.py:830} INFO - Processing file /home/airflow/.local/lib/python3.12/site-packages/airflow/example_dags/example_sensor_decorator.py for tasks to queue
[2026-05-10T18:23:31.783+0000] {logging_mixin.py:188} INFO - [2026-05-10T18:23:31.782+0000] {dagbag.py:545} INFO - Filling up the DagBag from /home/airflow/.local/lib/python3.12/site-packages/airflow/example_dags/example_sensor_decorator.py
[2026-05-10T18:23:31.793+0000] {processor.py:840} INFO - DAG(s) 'example_sensor_decorator' retrieved from /home/airflow/.local/lib/python3.12/site-packages/airflow/example_dags/example_sensor_decorator.py
[2026-05-10T18:23:31.831+0000] {logging_mixin.py:188} INFO - [2026-05-10T18:23:31.830+0000] {dag.py:3089} INFO - Sync 1 DAGs
[2026-05-10T18:23:31.851+0000] {logging_mixin.py:188} INFO - [2026-05-10T18:23:31.851+0000] {dag.py:3947} INFO - Setting next_dagrun for example_sensor_decorator to None, run_after=None
[2026-05-10T18:23:31.890+0000] {processor.py:183} INFO - Processing /home/airflow/.local/lib/python3.12/site-packages/airflow/example_dags/example_sensor_decorator.py took 0.127 seconds
[2026-05-10T18:24:02.273+0000] {processor.py:161} INFO - Started process (PID=48639) to work on /home/airflow/.local/lib/python3.12/site-packages/airflow/example_dags/example_sensor_decorator.py
[2026-05-10T18:24:02.276+0000] {processor.py:830} INFO - Processing file /home/airflow/.local/lib/python3.12/site-packages/airflow/example_dags/example_sensor_decorator.py for tasks to queue
[2026-05-10T18:24:02.278+0000] {logging_mixin.py:188} INFO - [2026-05-10T18:24:02.277+0000] {dagbag.py:545} INFO - Filling up the DagBag from /home/airflow/.local/lib/python3.12/site-packages/airflow/example_dags/example_sensor_decorator.py
[2026-05-10T18:24:02.291+0000] {processor.py:840} INFO - DAG(s) 'example_sensor_decorator' retrieved from /home/airflow/.local/lib/python3.12/site-packages/airflow/example_dags/example_sensor_decorator.py
[2026-05-10T18:24:02.339+0000] {logging_mixin.py:188} INFO - [2026-05-10T18:24:02.338+0000] {dag.py:3089} INFO - Sync 1 DAGs
[2026-05-10T18:24:02.365+0000] {logging_mixin.py:188} INFO - [2026-05-10T18:24:02.364+0000] {dag.py:3947} INFO - Setting next_dagrun for example_sensor_decorator to None, run_after=None
[2026-05-10T18:24:02.403+0000] {processor.py:183} INFO - Processing /home/airflow/.local/lib/python3.12/site-packages/airflow/example_dags/example_sensor_decorator.py took 0.145 seconds
[2026-05-10T18:24:32.974+0000] {processor.py:161} INFO - Started process (PID=48709) to work on /home/airflow/.local/lib/python3.12/site-packages/airflow/example_dags/example_sensor_decorator.py
[2026-05-10T18:24:32.979+0000] {processor.py:830} INFO - Processing file /home/airflow/.local/lib/python3.12/site-packages/airflow/example_dags/example_sensor_decorator.py for tasks to queue
[2026-05-10T18:24:32.983+0000] {logging_mixin.py:188} INFO - [2026-05-10T18:24:32.982+0000] {dagbag.py:545} INFO - Filling up the DagBag from /home/airflow/.local/lib/python3.12/site-packages/airflow/example_dags/example_sensor_decorator.py
[2026-05-10T18:24:32.997+0000] {processor.py:840} INFO - DAG(s) 'example_sensor_decorator' retrieved from /home/airflow/.local/lib/python3.12/site-packages/airflow/example_dags/example_sensor_decorator.py
[2026-05-10T18:24:33.040+0000] {logging_mixin.py:188} INFO - [2026-05-10T18:24:33.039+0000] {dag.py:3089} INFO - Sync 1 DAGs
[2026-05-10T18:24:33.058+0000] {logging_mixin.py:188} INFO - [2026-05-10T18:24:33.058+0000] {dag.py:3947} INFO - Setting next_dagrun for example_sensor_decorator to None, run_after=None
[2026-05-10T18:24:33.125+0000] {processor.py:183} INFO - Processing /home/airflow/.local/lib/python3.12/site-packages/airflow/example_dags/example_sensor_decorator.py took 0.162 seconds
[2026-05-10T18:25:03.811+0000] {processor.py:161} INFO - Started process (PID=48777) to work on /home/airflow/.local/lib/python3.12/site-packages/airflow/example_dags/example_sensor_decorator.py
[2026-05-10T18:25:03.813+0000] {processor.py:830} INFO - Processing file /home/airflow/.local/lib/python3.12/site-packages/airflow/example_dags/example_sensor_decorator.py for tasks to queue
[2026-05-10T18:25:03.817+0000] {logging_mixin.py:188} INFO - [2026-05-10T18:25:03.816+0000] {dagbag.py:545} INFO - Filling up the DagBag from /home/airflow/.local/lib/python3.12/site-packages/airflow/example_dags/example_sensor_decorator.py
[2026-05-10T18:25:03.830+0000] {processor.py:840} INFO - DAG(s) 'example_sensor_decorator' retrieved from /home/airflow/.local/lib/python3.12/site-packages/airflow/example_dags/example_sensor_decorator.py
[2026-05-10T18:25:03.867+0000] {logging_mixin.py:188} INFO - [2026-05-10T18:25:03.866+0000] {dag.py:3089} INFO - Sync 1 DAGs
[2026-05-10T18:25:03.887+0000] {logging_mixin.py:188} INFO - [2026-05-10T18:25:03.886+0000] {dag.py:3947} INFO - Setting next_dagrun for example_sensor_decorator to None, run_after=None
[2026-05-10T18:25:03.933+0000] {processor.py:183} INFO - Processing /home/airflow/.local/lib/python3.12/site-packages/airflow/example_dags/example_sensor_decorator.py took 0.131 seconds
[2026-05-10T18:25:34.376+0000] {processor.py:161} INFO - Started process (PID=48845) to work on /home/airflow/.local/lib/python3.12/site-packages/airflow/example_dags/example_sensor_decorator.py
[2026-05-10T18:25:34.379+0000] {processor.py:830} INFO - Processing file /home/airflow/.local/lib/python3.12/site-packages/airflow/example_dags/example_sensor_decorator.py for tasks to queue
[2026-05-10T18:25:34.381+0000] {logging_mixin.py:188} INFO - [2026-05-10T18:25:34.380+0000] {dagbag.py:545} INFO - Filling up the DagBag from /home/airflow/.local/lib/python3.12/site-packages/airflow/example_dags/example_sensor_decorator.py
[2026-05-10T18:25:34.393+0000] {processor.py:840} INFO - DAG(s) 'example_sensor_decorator' retrieved from /home/airflow/.local/lib/python3.12/site-packages/airflow/example_dags/example_sensor_decorator.py
[2026-05-10T18:25:34.438+0000] {logging_mixin.py:188} INFO - [2026-05-10T18:25:34.438+0000] {dag.py:3089} INFO - Sync 1 DAGs
[2026-05-10T18:25:34.467+0000] {logging_mixin.py:188} INFO - [2026-05-10T18:25:34.467+0000] {dag.py:3947} INFO - Setting next_dagrun for example_sensor_decorator to None, run_after=None
[2026-05-10T18:25:34.517+0000] {processor.py:183} INFO - Processing /home/airflow/.local/lib/python3.12/site-packages/airflow/example_dags/example_sensor_decorator.py took 0.150 seconds
[2026-05-10T18:26:04.915+0000] {processor.py:161} INFO - Started process (PID=48913) to work on /home/airflow/.local/lib/python3.12/site-packages/airflow/example_dags/example_sensor_decorator.py
[2026-05-10T18:26:04.917+0000] {processor.py:830} INFO - Processing file /home/airflow/.local/lib/python3.12/site-packages/airflow/example_dags/example_sensor_decorator.py for tasks to queue
[2026-05-10T18:26:04.919+0000] {logging_mixin.py:188} INFO - [2026-05-10T18:26:04.919+0000] {dagbag.py:545} INFO - Filling up the DagBag from /home/airflow/.local/lib/python3.12/site-packages/airflow/example_dags/example_sensor_decorator.py
[2026-05-10T18:26:04.930+0000] {processor.py:840} INFO - DAG(s) 'example_sensor_decorator' retrieved from /home/airflow/.local/lib/python3.12/site-packages/airflow/example_dags/example_sensor_decorator.py
[2026-05-10T18:26:04.972+0000] {logging_mixin.py:188} INFO - [2026-05-10T18:26:04.971+0000] {dag.py:3089} INFO - Sync 1 DAGs
[2026-05-10T18:26:05.000+0000] {logging_mixin.py:188} INFO - [2026-05-10T18:26:04.999+0000] {dag.py:3947} INFO - Setting next_dagrun for example_sensor_decorator to None, run_after=None
[2026-05-10T18:26:05.062+0000] {processor.py:183} INFO - Processing /home/airflow/.local/lib/python3.12/site-packages/airflow/example_dags/example_sensor_decorator.py took 0.157 seconds
[2026-05-10T18:26:35.143+0000] {processor.py:161} INFO - Started process (PID=48981) to work on /home/airflow/.local/lib/python3.12/site-packages/airflow/example_dags/example_sensor_decorator.py
[2026-05-10T18:26:35.145+0000] {processor.py:830} INFO - Processing file /home/airflow/.local/lib/python3.12/site-packages/airflow/example_dags/example_sensor_decorator.py for tasks to queue
[2026-05-10T18:26:35.147+0000] {logging_mixin.py:188} INFO - [2026-05-10T18:26:35.146+0000] {dagbag.py:545} INFO - Filling up the DagBag from /home/airflow/.local/lib/python3.12/site-packages/airflow/example_dags/example_sensor_decorator.py
[2026-05-10T18:26:35.158+0000] {processor.py:840} INFO - DAG(s) 'example_sensor_decorator' retrieved from /home/airflow/.local/lib/python3.12/site-packages/airflow/example_dags/example_sensor_decorator.py
[2026-05-10T18:26:35.193+0000] {logging_mixin.py:188} INFO - [2026-05-10T18:26:35.192+0000] {dag.py:3089} INFO - Sync 1 DAGs
[2026-05-10T18:26:35.214+0000] {logging_mixin.py:188} INFO - [2026-05-10T18:26:35.213+0000] {dag.py:3947} INFO - Setting next_dagrun for example_sensor_decorator to None, run_after=None
[2026-05-10T18:26:35.288+0000] {processor.py:183} INFO - Processing /home/airflow/.local/lib/python3.12/site-packages/airflow/example_dags/example_sensor_decorator.py took 0.156 seconds
[2026-05-10T18:27:05.902+0000] {processor.py:161} INFO - Started process (PID=49049) to work on /home/airflow/.local/lib/python3.12/site-packages/airflow/example_dags/example_sensor_decorator.py
[2026-05-10T18:27:05.904+0000] {processor.py:830} INFO - Processing file /home/airflow/.local/lib/python3.12/site-packages/airflow/example_dags/example_sensor_decorator.py for tasks to queue
[2026-05-10T18:27:05.907+0000] {logging_mixin.py:188} INFO - [2026-05-10T18:27:05.906+0000] {dagbag.py:545} INFO - Filling up the DagBag from /home/airflow/.local/lib/python3.12/site-packages/airflow/example_dags/example_sensor_decorator.py
[2026-05-10T18:27:05.920+0000] {processor.py:840} INFO - DAG(s) 'example_sensor_decorator' retrieved from /home/airflow/.local/lib/python3.12/site-packages/airflow/example_dags/example_sensor_decorator.py
[2026-05-10T18:27:05.974+0000] {logging_mixin.py:188} INFO - [2026-05-10T18:27:05.974+0000] {dag.py:3089} INFO - Sync 1 DAGs
[2026-05-10T18:27:06.002+0000] {logging_mixin.py:188} INFO - [2026-05-10T18:27:06.002+0000] {dag.py:3947} INFO - Setting next_dagrun for example_sensor_decorator to None, run_after=None
[2026-05-10T18:27:06.055+0000] {processor.py:183} INFO - Processing /home/airflow/.local/lib/python3.12/site-packages/airflow/example_dags/example_sensor_decorator.py took 0.162 seconds
[2026-05-10T18:27:36.160+0000] {processor.py:161} INFO - Started process (PID=49123) to work on /home/airflow/.local/lib/python3.12/site-packages/airflow/example_dags/example_sensor_decorator.py
[2026-05-10T18:27:36.161+0000] {processor.py:830} INFO - Processing file /home/airflow/.local/lib/python3.12/site-packages/airflow/example_dags/example_sensor_decorator.py for tasks to queue
[2026-05-10T18:27:36.163+0000] {logging_mixin.py:188} INFO - [2026-05-10T18:27:36.162+0000] {dagbag.py:545} INFO - Filling up the DagBag from /home/airflow/.local/lib/python3.12/site-packages/airflow/example_dags/example_sensor_decorator.py
[2026-05-10T18:27:36.175+0000] {processor.py:840} INFO - DAG(s) 'example_sensor_decorator' retrieved from /home/airflow/.local/lib/python3.12/site-packages/airflow/example_dags/example_sensor_decorator.py
[2026-05-10T18:27:36.210+0000] {logging_mixin.py:188} INFO - [2026-05-10T18:27:36.209+0000] {dag.py:3089} INFO - Sync 1 DAGs
[2026-05-10T18:27:36.229+0000] {logging_mixin.py:188} INFO - [2026-05-10T18:27:36.229+0000] {dag.py:3947} INFO - Setting next_dagrun for example_sensor_decorator to None, run_after=None
[2026-05-10T18:27:36.295+0000] {processor.py:183} INFO - Processing /home/airflow/.local/lib/python3.12/site-packages/airflow/example_dags/example_sensor_decorator.py took 0.149 seconds
[2026-05-10T18:28:07.339+0000] {processor.py:161} INFO - Started process (PID=49191) to work on /home/airflow/.local/lib/python3.12/site-packages/airflow/example_dags/example_sensor_decorator.py
[2026-05-10T18:28:07.341+0000] {processor.py:830} INFO - Processing file /home/airflow/.local/lib/python3.12/site-packages/airflow/example_dags/example_sensor_decorator.py for tasks to queue
[2026-05-10T18:28:07.343+0000] {logging_mixin.py:188} INFO - [2026-05-10T18:28:07.342+0000] {dagbag.py:545} INFO - Filling up the DagBag from /home/airflow/.local/lib/python3.12/site-packages/airflow/example_dags/example_sensor_decorator.py
[2026-05-10T18:28:07.356+0000] {processor.py:840} INFO - DAG(s) 'example_sensor_decorator' retrieved from /home/airflow/.local/lib/python3.12/site-packages/airflow/example_dags/example_sensor_decorator.py
[2026-05-10T18:28:07.404+0000] {logging_mixin.py:188} INFO - [2026-05-10T18:28:07.403+0000] {dag.py:3089} INFO - Sync 1 DAGs
[2026-05-10T18:28:07.432+0000] {logging_mixin.py:188} INFO - [2026-05-10T18:28:07.432+0000] {dag.py:3947} INFO - Setting next_dagrun for example_sensor_decorator to None, run_after=None
[2026-05-10T18:28:07.499+0000] {processor.py:183} INFO - Processing /home/airflow/.local/lib/python3.12/site-packages/airflow/example_dags/example_sensor_decorator.py took 0.172 seconds
[2026-05-10T18:28:37.657+0000] {processor.py:161} INFO - Started process (PID=49258) to work on /home/airflow/.local/lib/python3.12/site-packages/airflow/example_dags/example_sensor_decorator.py
[2026-05-10T18:28:37.659+0000] {processor.py:830} INFO - Processing file /home/airflow/.local/lib/python3.12/site-packages/airflow/example_dags/example_sensor_decorator.py for tasks to queue
[2026-05-10T18:28:37.661+0000] {logging_mixin.py:188} INFO - [2026-05-10T18:28:37.661+0000] {dagbag.py:545} INFO - Filling up the DagBag from /home/airflow/.local/lib/python3.12/site-packages/airflow/example_dags/example_sensor_decorator.py
[2026-05-10T18:28:37.674+0000] {processor.py:840} INFO - DAG(s) 'example_sensor_decorator' retrieved from /home/airflow/.local/lib/python3.12/site-packages/airflow/example_dags/example_sensor_decorator.py
[2026-05-10T18:28:37.713+0000] {logging_mixin.py:188} INFO - [2026-05-10T18:28:37.712+0000] {dag.py:3089} INFO - Sync 1 DAGs
[2026-05-10T18:28:37.734+0000] {logging_mixin.py:188} INFO - [2026-05-10T18:28:37.733+0000] {dag.py:3947} INFO - Setting next_dagrun for example_sensor_decorator to None, run_after=None
[2026-05-10T18:28:37.768+0000] {processor.py:183} INFO - Processing /home/airflow/.local/lib/python3.12/site-packages/airflow/example_dags/example_sensor_decorator.py took 0.123 seconds
[2026-05-10T18:29:08.285+0000] {processor.py:161} INFO - Started process (PID=49326) to work on /home/airflow/.local/lib/python3.12/site-packages/airflow/example_dags/example_sensor_decorator.py
[2026-05-10T18:29:08.288+0000] {processor.py:830} INFO - Processing file /home/airflow/.local/lib/python3.12/site-packages/airflow/example_dags/example_sensor_decorator.py for tasks to queue
[2026-05-10T18:29:08.291+0000] {logging_mixin.py:188} INFO - [2026-05-10T18:29:08.290+0000] {dagbag.py:545} INFO - Filling up the DagBag from /home/airflow/.local/lib/python3.12/site-packages/airflow/example_dags/example_sensor_decorator.py
[2026-05-10T18:29:08.303+0000] {processor.py:840} INFO - DAG(s) 'example_sensor_decorator' retrieved from /home/airflow/.local/lib/python3.12/site-packages/airflow/example_dags/example_sensor_decorator.py
[2026-05-10T18:29:08.354+0000] {logging_mixin.py:188} INFO - [2026-05-10T18:29:08.353+0000] {dag.py:3089} INFO - Sync 1 DAGs
[2026-05-10T18:29:08.387+0000] {logging_mixin.py:188} INFO - [2026-05-10T18:29:08.386+0000] {dag.py:3947} INFO - Setting next_dagrun for example_sensor_decorator to None, run_after=None
[2026-05-10T18:29:08.442+0000] {processor.py:183} INFO - Processing /home/airflow/.local/lib/python3.12/site-packages/airflow/example_dags/example_sensor_decorator.py took 0.171 seconds
[2026-05-10T18:29:38.859+0000] {processor.py:161} INFO - Started process (PID=49394) to work on /home/airflow/.local/lib/python3.12/site-packages/airflow/example_dags/example_sensor_decorator.py
[2026-05-10T18:29:38.861+0000] {processor.py:830} INFO - Processing file /home/airflow/.local/lib/python3.12/site-packages/airflow/example_dags/example_sensor_decorator.py for tasks to queue
[2026-05-10T18:29:38.864+0000] {logging_mixin.py:188} INFO - [2026-05-10T18:29:38.863+0000] {dagbag.py:545} INFO - Filling up the DagBag from /home/airflow/.local/lib/python3.12/site-packages/airflow/example_dags/example_sensor_decorator.py
[2026-05-10T18:29:38.876+0000] {processor.py:840} INFO - DAG(s) 'example_sensor_decorator' retrieved from /home/airflow/.local/lib/python3.12/site-packages/airflow/example_dags/example_sensor_decorator.py
[2026-05-10T18:29:38.920+0000] {logging_mixin.py:188} INFO - [2026-05-10T18:29:38.920+0000] {dag.py:3089} INFO - Sync 1 DAGs
[2026-05-10T18:29:38.943+0000] {logging_mixin.py:188} INFO - [2026-05-10T18:29:38.943+0000] {dag.py:3947} INFO - Setting next_dagrun for example_sensor_decorator to None, run_after=None
[2026-05-10T18:29:39.016+0000] {processor.py:183} INFO - Processing /home/airflow/.local/lib/python3.12/site-packages/airflow/example_dags/example_sensor_decorator.py took 0.169 seconds
[2026-05-10T18:30:09.301+0000] {processor.py:161} INFO - Started process (PID=49462) to work on /home/airflow/.local/lib/python3.12/site-packages/airflow/example_dags/example_sensor_decorator.py
[2026-05-10T18:30:09.304+0000] {processor.py:830} INFO - Processing file /home/airflow/.local/lib/python3.12/site-packages/airflow/example_dags/example_sensor_decorator.py for tasks to queue
[2026-05-10T18:30:09.306+0000] {logging_mixin.py:188} INFO - [2026-05-10T18:30:09.305+0000] {dagbag.py:545} INFO - Filling up the DagBag from /home/airflow/.local/lib/python3.12/site-packages/airflow/example_dags/example_sensor_decorator.py
[2026-05-10T18:30:09.319+0000] {processor.py:840} INFO - DAG(s) 'example_sensor_decorator' retrieved from /home/airflow/.local/lib/python3.12/site-packages/airflow/example_dags/example_sensor_decorator.py
[2026-05-10T18:30:09.365+0000] {logging_mixin.py:188} INFO - [2026-05-10T18:30:09.365+0000] {dag.py:3089} INFO - Sync 1 DAGs
[2026-05-10T18:30:09.385+0000] {logging_mixin.py:188} INFO - [2026-05-10T18:30:09.384+0000] {dag.py:3947} INFO - Setting next_dagrun for example_sensor_decorator to None, run_after=None
[2026-05-10T18:30:09.452+0000] {processor.py:183} INFO - Processing /home/airflow/.local/lib/python3.12/site-packages/airflow/example_dags/example_sensor_decorator.py took 0.164 seconds
[2026-05-10T18:30:40.489+0000] {processor.py:161} INFO - Started process (PID=49537) to work on /home/airflow/.local/lib/python3.12/site-packages/airflow/example_dags/example_sensor_decorator.py
[2026-05-10T18:30:40.492+0000] {processor.py:830} INFO - Processing file /home/airflow/.local/lib/python3.12/site-packages/airflow/example_dags/example_sensor_decorator.py for tasks to queue
[2026-05-10T18:30:40.494+0000] {logging_mixin.py:188} INFO - [2026-05-10T18:30:40.493+0000] {dagbag.py:545} INFO - Filling up the DagBag from /home/airflow/.local/lib/python3.12/site-packages/airflow/example_dags/example_sensor_decorator.py
[2026-05-10T18:30:40.511+0000] {processor.py:840} INFO - DAG(s) 'example_sensor_decorator' retrieved from /home/airflow/.local/lib/python3.12/site-packages/airflow/example_dags/example_sensor_decorator.py
[2026-05-10T18:30:40.562+0000] {logging_mixin.py:188} INFO - [2026-05-10T18:30:40.562+0000] {dag.py:3089} INFO - Sync 1 DAGs
[2026-05-10T18:30:40.585+0000] {logging_mixin.py:188} INFO - [2026-05-10T18:30:40.585+0000] {dag.py:3947} INFO - Setting next_dagrun for example_sensor_decorator to None, run_after=None
[2026-05-10T18:30:40.653+0000] {processor.py:183} INFO - Processing /home/airflow/.local/lib/python3.12/site-packages/airflow/example_dags/example_sensor_decorator.py took 0.177 seconds
[2026-05-10T18:31:11.407+0000] {processor.py:161} INFO - Started process (PID=49604) to work on /home/airflow/.local/lib/python3.12/site-packages/airflow/example_dags/example_sensor_decorator.py
[2026-05-10T18:31:11.461+0000] {processor.py:830} INFO - Processing file /home/airflow/.local/lib/python3.12/site-packages/airflow/example_dags/example_sensor_decorator.py for tasks to queue
[2026-05-10T18:31:11.465+0000] {logging_mixin.py:188} INFO - [2026-05-10T18:31:11.465+0000] {dagbag.py:545} INFO - Filling up the DagBag from /home/airflow/.local/lib/python3.12/site-packages/airflow/example_dags/example_sensor_decorator.py
[2026-05-10T18:31:11.481+0000] {processor.py:840} INFO - DAG(s) 'example_sensor_decorator' retrieved from /home/airflow/.local/lib/python3.12/site-packages/airflow/example_dags/example_sensor_decorator.py
[2026-05-10T18:31:11.535+0000] {logging_mixin.py:188} INFO - [2026-05-10T18:31:11.534+0000] {dag.py:3089} INFO - Sync 1 DAGs
[2026-05-10T18:31:11.557+0000] {logging_mixin.py:188} INFO - [2026-05-10T18:31:11.557+0000] {dag.py:3947} INFO - Setting next_dagrun for example_sensor_decorator to None, run_after=None
[2026-05-10T18:31:11.628+0000] {processor.py:183} INFO - Processing /home/airflow/.local/lib/python3.12/site-packages/airflow/example_dags/example_sensor_decorator.py took 0.235 seconds
[2026-05-10T18:31:42.332+0000] {processor.py:161} INFO - Started process (PID=49672) to work on /home/airflow/.local/lib/python3.12/site-packages/airflow/example_dags/example_sensor_decorator.py
[2026-05-10T18:31:42.336+0000] {processor.py:830} INFO - Processing file /home/airflow/.local/lib/python3.12/site-packages/airflow/example_dags/example_sensor_decorator.py for tasks to queue
[2026-05-10T18:31:42.339+0000] {logging_mixin.py:188} INFO - [2026-05-10T18:31:42.339+0000] {dagbag.py:545} INFO - Filling up the DagBag from /home/airflow/.local/lib/python3.12/site-packages/airflow/example_dags/example_sensor_decorator.py
[2026-05-10T18:31:42.349+0000] {processor.py:840} INFO - DAG(s) 'example_sensor_decorator' retrieved from /home/airflow/.local/lib/python3.12/site-packages/airflow/example_dags/example_sensor_decorator.py
[2026-05-10T18:31:42.388+0000] {logging_mixin.py:188} INFO - [2026-05-10T18:31:42.388+0000] {dag.py:3089} INFO - Sync 1 DAGs
[2026-05-10T18:31:42.408+0000] {logging_mixin.py:188} INFO - [2026-05-10T18:31:42.407+0000] {dag.py:3947} INFO - Setting next_dagrun for example_sensor_decorator to None, run_after=None
[2026-05-10T18:31:42.441+0000] {processor.py:183} INFO - Processing /home/airflow/.local/lib/python3.12/site-packages/airflow/example_dags/example_sensor_decorator.py took 0.119 seconds
[2026-05-10T18:32:13.261+0000] {processor.py:161} INFO - Started process (PID=49740) to work on /home/airflow/.local/lib/python3.12/site-packages/airflow/example_dags/example_sensor_decorator.py
[2026-05-10T18:32:13.264+0000] {processor.py:830} INFO - Processing file /home/airflow/.local/lib/python3.12/site-packages/airflow/example_dags/example_sensor_decorator.py for tasks to queue
[2026-05-10T18:32:13.266+0000] {logging_mixin.py:188} INFO - [2026-05-10T18:32:13.266+0000] {dagbag.py:545} INFO - Filling up the DagBag from /home/airflow/.local/lib/python3.12/site-packages/airflow/example_dags/example_sensor_decorator.py
[2026-05-10T18:32:13.277+0000] {processor.py:840} INFO - DAG(s) 'example_sensor_decorator' retrieved from /home/airflow/.local/lib/python3.12/site-packages/airflow/example_dags/example_sensor_decorator.py
[2026-05-10T18:32:13.316+0000] {logging_mixin.py:188} INFO - [2026-05-10T18:32:13.316+0000] {dag.py:3089} INFO - Sync 1 DAGs
[2026-05-10T18:32:13.336+0000] {logging_mixin.py:188} INFO - [2026-05-10T18:32:13.336+0000] {dag.py:3947} INFO - Setting next_dagrun for example_sensor_decorator to None, run_after=None
[2026-05-10T18:32:13.403+0000] {processor.py:183} INFO - Processing /home/airflow/.local/lib/python3.12/site-packages/airflow/example_dags/example_sensor_decorator.py took 0.152 seconds
[2026-05-10T18:32:44.059+0000] {processor.py:161} INFO - Started process (PID=49808) to work on /home/airflow/.local/lib/python3.12/site-packages/airflow/example_dags/example_sensor_decorator.py
[2026-05-10T18:32:44.062+0000] {processor.py:830} INFO - Processing file /home/airflow/.local/lib/python3.12/site-packages/airflow/example_dags/example_sensor_decorator.py for tasks to queue
[2026-05-10T18:32:44.065+0000] {logging_mixin.py:188} INFO - [2026-05-10T18:32:44.064+0000] {dagbag.py:545} INFO - Filling up the DagBag from /home/airflow/.local/lib/python3.12/site-packages/airflow/example_dags/example_sensor_decorator.py
[2026-05-10T18:32:44.081+0000] {processor.py:840} INFO - DAG(s) 'example_sensor_decorator' retrieved from /home/airflow/.local/lib/python3.12/site-packages/airflow/example_dags/example_sensor_decorator.py
[2026-05-10T18:32:44.124+0000] {logging_mixin.py:188} INFO - [2026-05-10T18:32:44.123+0000] {dag.py:3089} INFO - Sync 1 DAGs
[2026-05-10T18:32:44.147+0000] {logging_mixin.py:188} INFO - [2026-05-10T18:32:44.146+0000] {dag.py:3947} INFO - Setting next_dagrun for example_sensor_decorator to None, run_after=None
[2026-05-10T18:32:44.209+0000] {processor.py:183} INFO - Processing /home/airflow/.local/lib/python3.12/site-packages/airflow/example_dags/example_sensor_decorator.py took 0.165 seconds
[2026-05-10T18:33:14.362+0000] {processor.py:161} INFO - Started process (PID=49875) to work on /home/airflow/.local/lib/python3.12/site-packages/airflow/example_dags/example_sensor_decorator.py
[2026-05-10T18:33:14.364+0000] {processor.py:830} INFO - Processing file /home/airflow/.local/lib/python3.12/site-packages/airflow/example_dags/example_sensor_decorator.py for tasks to queue
[2026-05-10T18:33:14.367+0000] {logging_mixin.py:188} INFO - [2026-05-10T18:33:14.366+0000] {dagbag.py:545} INFO - Filling up the DagBag from /home/airflow/.local/lib/python3.12/site-packages/airflow/example_dags/example_sensor_decorator.py
[2026-05-10T18:33:14.377+0000] {processor.py:840} INFO - DAG(s) 'example_sensor_decorator' retrieved from /home/airflow/.local/lib/python3.12/site-packages/airflow/example_dags/example_sensor_decorator.py
[2026-05-10T18:33:14.414+0000] {logging_mixin.py:188} INFO - [2026-05-10T18:33:14.414+0000] {dag.py:3089} INFO - Sync 1 DAGs
[2026-05-10T18:33:14.441+0000] {logging_mixin.py:188} INFO - [2026-05-10T18:33:14.440+0000] {dag.py:3947} INFO - Setting next_dagrun for example_sensor_decorator to None, run_after=None
[2026-05-10T18:33:14.762+0000] {processor.py:183} INFO - Processing /home/airflow/.local/lib/python3.12/site-packages/airflow/example_dags/example_sensor_decorator.py took 0.410 seconds
[2026-05-10T18:33:44.915+0000] {processor.py:161} INFO - Started process (PID=49943) to work on /home/airflow/.local/lib/python3.12/site-packages/airflow/example_dags/example_sensor_decorator.py
[2026-05-10T18:33:44.918+0000] {processor.py:830} INFO - Processing file /home/airflow/.local/lib/python3.12/site-packages/airflow/example_dags/example_sensor_decorator.py for tasks to queue
[2026-05-10T18:33:44.920+0000] {logging_mixin.py:188} INFO - [2026-05-10T18:33:44.919+0000] {dagbag.py:545} INFO - Filling up the DagBag from /home/airflow/.local/lib/python3.12/site-packages/airflow/example_dags/example_sensor_decorator.py
[2026-05-10T18:33:44.933+0000] {processor.py:840} INFO - DAG(s) 'example_sensor_decorator' retrieved from /home/airflow/.local/lib/python3.12/site-packages/airflow/example_dags/example_sensor_decorator.py
[2026-05-10T18:33:44.969+0000] {logging_mixin.py:188} INFO - [2026-05-10T18:33:44.969+0000] {dag.py:3089} INFO - Sync 1 DAGs
[2026-05-10T18:33:44.988+0000] {logging_mixin.py:188} INFO - [2026-05-10T18:33:44.987+0000] {dag.py:3947} INFO - Setting next_dagrun for example_sensor_decorator to None, run_after=None
[2026-05-10T18:33:45.026+0000] {processor.py:183} INFO - Processing /home/airflow/.local/lib/python3.12/site-packages/airflow/example_dags/example_sensor_decorator.py took 0.120 seconds
[2026-05-10T18:34:15.298+0000] {processor.py:161} INFO - Started process (PID=50018) to work on /home/airflow/.local/lib/python3.12/site-packages/airflow/example_dags/example_sensor_decorator.py
[2026-05-10T18:34:15.300+0000] {processor.py:830} INFO - Processing file /home/airflow/.local/lib/python3.12/site-packages/airflow/example_dags/example_sensor_decorator.py for tasks to queue
[2026-05-10T18:34:15.303+0000] {logging_mixin.py:188} INFO - [2026-05-10T18:34:15.302+0000] {dagbag.py:545} INFO - Filling up the DagBag from /home/airflow/.local/lib/python3.12/site-packages/airflow/example_dags/example_sensor_decorator.py
[2026-05-10T18:34:15.316+0000] {processor.py:840} INFO - DAG(s) 'example_sensor_decorator' retrieved from /home/airflow/.local/lib/python3.12/site-packages/airflow/example_dags/example_sensor_decorator.py
[2026-05-10T18:34:15.352+0000] {logging_mixin.py:188} INFO - [2026-05-10T18:34:15.351+0000] {dag.py:3089} INFO - Sync 1 DAGs
[2026-05-10T18:34:15.371+0000] {logging_mixin.py:188} INFO - [2026-05-10T18:34:15.371+0000] {dag.py:3947} INFO - Setting next_dagrun for example_sensor_decorator to None, run_after=None
[2026-05-10T18:34:15.436+0000] {processor.py:183} INFO - Processing /home/airflow/.local/lib/python3.12/site-packages/airflow/example_dags/example_sensor_decorator.py took 0.149 seconds
[2026-05-10T18:34:45.944+0000] {processor.py:161} INFO - Started process (PID=50087) to work on /home/airflow/.local/lib/python3.12/site-packages/airflow/example_dags/example_sensor_decorator.py
[2026-05-10T18:34:45.945+0000] {processor.py:830} INFO - Processing file /home/airflow/.local/lib/python3.12/site-packages/airflow/example_dags/example_sensor_decorator.py for tasks to queue
[2026-05-10T18:34:45.947+0000] {logging_mixin.py:188} INFO - [2026-05-10T18:34:45.946+0000] {dagbag.py:545} INFO - Filling up the DagBag from /home/airflow/.local/lib/python3.12/site-packages/airflow/example_dags/example_sensor_decorator.py
[2026-05-10T18:34:45.956+0000] {processor.py:840} INFO - DAG(s) 'example_sensor_decorator' retrieved from /home/airflow/.local/lib/python3.12/site-packages/airflow/example_dags/example_sensor_decorator.py
[2026-05-10T18:34:45.993+0000] {logging_mixin.py:188} INFO - [2026-05-10T18:34:45.993+0000] {dag.py:3089} INFO - Sync 1 DAGs
[2026-05-10T18:34:46.268+0000] {logging_mixin.py:188} INFO - [2026-05-10T18:34:46.268+0000] {dag.py:3947} INFO - Setting next_dagrun for example_sensor_decorator to None, run_after=None
[2026-05-10T18:34:46.305+0000] {processor.py:183} INFO - Processing /home/airflow/.local/lib/python3.12/site-packages/airflow/example_dags/example_sensor_decorator.py took 0.373 seconds
[2026-05-10T18:35:16.584+0000] {processor.py:161} INFO - Started process (PID=50155) to work on /home/airflow/.local/lib/python3.12/site-packages/airflow/example_dags/example_sensor_decorator.py
[2026-05-10T18:35:16.586+0000] {processor.py:830} INFO - Processing file /home/airflow/.local/lib/python3.12/site-packages/airflow/example_dags/example_sensor_decorator.py for tasks to queue
[2026-05-10T18:35:16.587+0000] {logging_mixin.py:188} INFO - [2026-05-10T18:35:16.587+0000] {dagbag.py:545} INFO - Filling up the DagBag from /home/airflow/.local/lib/python3.12/site-packages/airflow/example_dags/example_sensor_decorator.py
[2026-05-10T18:35:16.597+0000] {processor.py:840} INFO - DAG(s) 'example_sensor_decorator' retrieved from /home/airflow/.local/lib/python3.12/site-packages/airflow/example_dags/example_sensor_decorator.py
[2026-05-10T18:35:16.635+0000] {logging_mixin.py:188} INFO - [2026-05-10T18:35:16.635+0000] {dag.py:3089} INFO - Sync 1 DAGs
[2026-05-10T18:35:16.657+0000] {logging_mixin.py:188} INFO - [2026-05-10T18:35:16.657+0000] {dag.py:3947} INFO - Setting next_dagrun for example_sensor_decorator to None, run_after=None
[2026-05-10T18:35:16.695+0000] {processor.py:183} INFO - Processing /home/airflow/.local/lib/python3.12/site-packages/airflow/example_dags/example_sensor_decorator.py took 0.121 seconds
[2026-05-10T18:35:47.154+0000] {processor.py:161} INFO - Started process (PID=50223) to work on /home/airflow/.local/lib/python3.12/site-packages/airflow/example_dags/example_sensor_decorator.py
[2026-05-10T18:35:47.156+0000] {processor.py:830} INFO - Processing file /home/airflow/.local/lib/python3.12/site-packages/airflow/example_dags/example_sensor_decorator.py for tasks to queue
[2026-05-10T18:35:47.158+0000] {logging_mixin.py:188} INFO - [2026-05-10T18:35:47.157+0000] {dagbag.py:545} INFO - Filling up the DagBag from /home/airflow/.local/lib/python3.12/site-packages/airflow/example_dags/example_sensor_decorator.py
[2026-05-10T18:35:47.168+0000] {processor.py:840} INFO - DAG(s) 'example_sensor_decorator' retrieved from /home/airflow/.local/lib/python3.12/site-packages/airflow/example_dags/example_sensor_decorator.py
[2026-05-10T18:35:47.205+0000] {logging_mixin.py:188} INFO - [2026-05-10T18:35:47.205+0000] {dag.py:3089} INFO - Sync 1 DAGs
[2026-05-10T18:35:47.225+0000] {logging_mixin.py:188} INFO - [2026-05-10T18:35:47.225+0000] {dag.py:3947} INFO - Setting next_dagrun for example_sensor_decorator to None, run_after=None
[2026-05-10T18:35:47.287+0000] {processor.py:183} INFO - Processing /home/airflow/.local/lib/python3.12/site-packages/airflow/example_dags/example_sensor_decorator.py took 0.141 seconds
[2026-05-10T18:36:17.632+0000] {processor.py:161} INFO - Started process (PID=50291) to work on /home/airflow/.local/lib/python3.12/site-packages/airflow/example_dags/example_sensor_decorator.py
[2026-05-10T18:36:17.634+0000] {processor.py:830} INFO - Processing file /home/airflow/.local/lib/python3.12/site-packages/airflow/example_dags/example_sensor_decorator.py for tasks to queue
[2026-05-10T18:36:17.635+0000] {logging_mixin.py:188} INFO - [2026-05-10T18:36:17.635+0000] {dagbag.py:545} INFO - Filling up the DagBag from /home/airflow/.local/lib/python3.12/site-packages/airflow/example_dags/example_sensor_decorator.py
[2026-05-10T18:36:17.648+0000] {processor.py:840} INFO - DAG(s) 'example_sensor_decorator' retrieved from /home/airflow/.local/lib/python3.12/site-packages/airflow/example_dags/example_sensor_decorator.py
[2026-05-10T18:36:17.691+0000] {logging_mixin.py:188} INFO - [2026-05-10T18:36:17.691+0000] {dag.py:3089} INFO - Sync 1 DAGs
[2026-05-10T18:36:17.719+0000] {logging_mixin.py:188} INFO - [2026-05-10T18:36:17.718+0000] {dag.py:3947} INFO - Setting next_dagrun for example_sensor_decorator to None, run_after=None
[2026-05-10T18:36:17.757+0000] {processor.py:183} INFO - Processing /home/airflow/.local/lib/python3.12/site-packages/airflow/example_dags/example_sensor_decorator.py took 0.134 seconds
[2026-05-10T18:36:48.542+0000] {processor.py:161} INFO - Started process (PID=50359) to work on /home/airflow/.local/lib/python3.12/site-packages/airflow/example_dags/example_sensor_decorator.py
[2026-05-10T18:36:48.554+0000] {processor.py:830} INFO - Processing file /home/airflow/.local/lib/python3.12/site-packages/airflow/example_dags/example_sensor_decorator.py for tasks to queue
[2026-05-10T18:36:48.556+0000] {logging_mixin.py:188} INFO - [2026-05-10T18:36:48.556+0000] {dagbag.py:545} INFO - Filling up the DagBag from /home/airflow/.local/lib/python3.12/site-packages/airflow/example_dags/example_sensor_decorator.py
[2026-05-10T18:36:48.572+0000] {processor.py:840} INFO - DAG(s) 'example_sensor_decorator' retrieved from /home/airflow/.local/lib/python3.12/site-packages/airflow/example_dags/example_sensor_decorator.py
[2026-05-10T18:36:48.607+0000] {logging_mixin.py:188} INFO - [2026-05-10T18:36:48.607+0000] {dag.py:3089} INFO - Sync 1 DAGs
[2026-05-10T18:36:48.629+0000] {logging_mixin.py:188} INFO - [2026-05-10T18:36:48.629+0000] {dag.py:3947} INFO - Setting next_dagrun for example_sensor_decorator to None, run_after=None
[2026-05-10T18:36:48.691+0000] {processor.py:183} INFO - Processing /home/airflow/.local/lib/python3.12/site-packages/airflow/example_dags/example_sensor_decorator.py took 0.165 seconds
[2026-05-10T18:37:19.042+0000] {processor.py:161} INFO - Started process (PID=50427) to work on /home/airflow/.local/lib/python3.12/site-packages/airflow/example_dags/example_sensor_decorator.py
[2026-05-10T18:37:19.044+0000] {processor.py:830} INFO - Processing file /home/airflow/.local/lib/python3.12/site-packages/airflow/example_dags/example_sensor_decorator.py for tasks to queue
[2026-05-10T18:37:19.046+0000] {logging_mixin.py:188} INFO - [2026-05-10T18:37:19.045+0000] {dagbag.py:545} INFO - Filling up the DagBag from /home/airflow/.local/lib/python3.12/site-packages/airflow/example_dags/example_sensor_decorator.py
[2026-05-10T18:37:19.058+0000] {processor.py:840} INFO - DAG(s) 'example_sensor_decorator' retrieved from /home/airflow/.local/lib/python3.12/site-packages/airflow/example_dags/example_sensor_decorator.py
[2026-05-10T18:37:19.094+0000] {logging_mixin.py:188} INFO - [2026-05-10T18:37:19.093+0000] {dag.py:3089} INFO - Sync 1 DAGs
[2026-05-10T18:37:19.117+0000] {logging_mixin.py:188} INFO - [2026-05-10T18:37:19.116+0000] {dag.py:3947} INFO - Setting next_dagrun for example_sensor_decorator to None, run_after=None
[2026-05-10T18:37:19.178+0000] {processor.py:183} INFO - Processing /home/airflow/.local/lib/python3.12/site-packages/airflow/example_dags/example_sensor_decorator.py took 0.148 seconds
[2026-05-10T18:37:49.612+0000] {processor.py:161} INFO - Started process (PID=50502) to work on /home/airflow/.local/lib/python3.12/site-packages/airflow/example_dags/example_sensor_decorator.py
[2026-05-10T18:37:49.613+0000] {processor.py:830} INFO - Processing file /home/airflow/.local/lib/python3.12/site-packages/airflow/example_dags/example_sensor_decorator.py for tasks to queue
[2026-05-10T18:37:49.615+0000] {logging_mixin.py:188} INFO - [2026-05-10T18:37:49.615+0000] {dagbag.py:545} INFO - Filling up the DagBag from /home/airflow/.local/lib/python3.12/site-packages/airflow/example_dags/example_sensor_decorator.py
[2026-05-10T18:37:49.627+0000] {processor.py:840} INFO - DAG(s) 'example_sensor_decorator' retrieved from /home/airflow/.local/lib/python3.12/site-packages/airflow/example_dags/example_sensor_decorator.py
[2026-05-10T18:37:49.663+0000] {logging_mixin.py:188} INFO - [2026-05-10T18:37:49.663+0000] {dag.py:3089} INFO - Sync 1 DAGs
[2026-05-10T18:37:49.682+0000] {logging_mixin.py:188} INFO - [2026-05-10T18:37:49.682+0000] {dag.py:3947} INFO - Setting next_dagrun for example_sensor_decorator to None, run_after=None
[2026-05-10T18:37:49.718+0000] {processor.py:183} INFO - Processing /home/airflow/.local/lib/python3.12/site-packages/airflow/example_dags/example_sensor_decorator.py took 0.123 seconds
[2026-05-10T18:38:20.378+0000] {processor.py:161} INFO - Started process (PID=50571) to work on /home/airflow/.local/lib/python3.12/site-packages/airflow/example_dags/example_sensor_decorator.py
[2026-05-10T18:38:20.380+0000] {processor.py:830} INFO - Processing file /home/airflow/.local/lib/python3.12/site-packages/airflow/example_dags/example_sensor_decorator.py for tasks to queue
[2026-05-10T18:38:20.382+0000] {logging_mixin.py:188} INFO - [2026-05-10T18:38:20.381+0000] {dagbag.py:545} INFO - Filling up the DagBag from /home/airflow/.local/lib/python3.12/site-packages/airflow/example_dags/example_sensor_decorator.py
[2026-05-10T18:38:20.394+0000] {processor.py:840} INFO - DAG(s) 'example_sensor_decorator' retrieved from /home/airflow/.local/lib/python3.12/site-packages/airflow/example_dags/example_sensor_decorator.py
[2026-05-10T18:38:20.435+0000] {logging_mixin.py:188} INFO - [2026-05-10T18:38:20.435+0000] {dag.py:3089} INFO - Sync 1 DAGs
[2026-05-10T18:38:20.460+0000] {logging_mixin.py:188} INFO - [2026-05-10T18:38:20.460+0000] {dag.py:3947} INFO - Setting next_dagrun for example_sensor_decorator to None, run_after=None
[2026-05-10T18:38:20.532+0000] {processor.py:183} INFO - Processing /home/airflow/.local/lib/python3.12/site-packages/airflow/example_dags/example_sensor_decorator.py took 0.164 seconds
[2026-05-10T18:38:50.770+0000] {processor.py:161} INFO - Started process (PID=50639) to work on /home/airflow/.local/lib/python3.12/site-packages/airflow/example_dags/example_sensor_decorator.py
[2026-05-10T18:38:50.772+0000] {processor.py:830} INFO - Processing file /home/airflow/.local/lib/python3.12/site-packages/airflow/example_dags/example_sensor_decorator.py for tasks to queue
[2026-05-10T18:38:50.775+0000] {logging_mixin.py:188} INFO - [2026-05-10T18:38:50.774+0000] {dagbag.py:545} INFO - Filling up the DagBag from /home/airflow/.local/lib/python3.12/site-packages/airflow/example_dags/example_sensor_decorator.py
[2026-05-10T18:38:50.789+0000] {processor.py:840} INFO - DAG(s) 'example_sensor_decorator' retrieved from /home/airflow/.local/lib/python3.12/site-packages/airflow/example_dags/example_sensor_decorator.py
[2026-05-10T18:38:50.838+0000] {logging_mixin.py:188} INFO - [2026-05-10T18:38:50.837+0000] {dag.py:3089} INFO - Sync 1 DAGs
[2026-05-10T18:38:50.861+0000] {logging_mixin.py:188} INFO - [2026-05-10T18:38:50.861+0000] {dag.py:3947} INFO - Setting next_dagrun for example_sensor_decorator to None, run_after=None
[2026-05-10T18:38:50.908+0000] {processor.py:183} INFO - Processing /home/airflow/.local/lib/python3.12/site-packages/airflow/example_dags/example_sensor_decorator.py took 0.152 seconds
[2026-05-10T18:39:21.257+0000] {processor.py:161} INFO - Started process (PID=50706) to work on /home/airflow/.local/lib/python3.12/site-packages/airflow/example_dags/example_sensor_decorator.py
[2026-05-10T18:39:21.261+0000] {processor.py:830} INFO - Processing file /home/airflow/.local/lib/python3.12/site-packages/airflow/example_dags/example_sensor_decorator.py for tasks to queue
[2026-05-10T18:39:21.263+0000] {logging_mixin.py:188} INFO - [2026-05-10T18:39:21.262+0000] {dagbag.py:545} INFO - Filling up the DagBag from /home/airflow/.local/lib/python3.12/site-packages/airflow/example_dags/example_sensor_decorator.py
[2026-05-10T18:39:21.276+0000] {processor.py:840} INFO - DAG(s) 'example_sensor_decorator' retrieved from /home/airflow/.local/lib/python3.12/site-packages/airflow/example_dags/example_sensor_decorator.py
[2026-05-10T18:39:21.314+0000] {logging_mixin.py:188} INFO - [2026-05-10T18:39:21.313+0000] {dag.py:3089} INFO - Sync 1 DAGs
[2026-05-10T18:39:21.333+0000] {logging_mixin.py:188} INFO - [2026-05-10T18:39:21.332+0000] {dag.py:3947} INFO - Setting next_dagrun for example_sensor_decorator to None, run_after=None
[2026-05-10T18:39:21.397+0000] {processor.py:183} INFO - Processing /home/airflow/.local/lib/python3.12/site-packages/airflow/example_dags/example_sensor_decorator.py took 0.153 seconds
[2026-05-10T18:39:51.667+0000] {processor.py:161} INFO - Started process (PID=50774) to work on /home/airflow/.local/lib/python3.12/site-packages/airflow/example_dags/example_sensor_decorator.py
[2026-05-10T18:39:51.669+0000] {processor.py:830} INFO - Processing file /home/airflow/.local/lib/python3.12/site-packages/airflow/example_dags/example_sensor_decorator.py for tasks to queue
[2026-05-10T18:39:51.671+0000] {logging_mixin.py:188} INFO - [2026-05-10T18:39:51.670+0000] {dagbag.py:545} INFO - Filling up the DagBag from /home/airflow/.local/lib/python3.12/site-packages/airflow/example_dags/example_sensor_decorator.py
[2026-05-10T18:39:51.685+0000] {processor.py:840} INFO - DAG(s) 'example_sensor_decorator' retrieved from /home/airflow/.local/lib/python3.12/site-packages/airflow/example_dags/example_sensor_decorator.py
[2026-05-10T18:39:51.724+0000] {logging_mixin.py:188} INFO - [2026-05-10T18:39:51.723+0000] {dag.py:3089} INFO - Sync 1 DAGs
[2026-05-10T18:39:51.742+0000] {logging_mixin.py:188} INFO - [2026-05-10T18:39:51.742+0000] {dag.py:3947} INFO - Setting next_dagrun for example_sensor_decorator to None, run_after=None
[2026-05-10T18:39:51.780+0000] {processor.py:183} INFO - Processing /home/airflow/.local/lib/python3.12/site-packages/airflow/example_dags/example_sensor_decorator.py took 0.125 seconds
[2026-05-10T18:40:22.172+0000] {processor.py:161} INFO - Started process (PID=50842) to work on /home/airflow/.local/lib/python3.12/site-packages/airflow/example_dags/example_sensor_decorator.py
[2026-05-10T18:40:22.174+0000] {processor.py:830} INFO - Processing file /home/airflow/.local/lib/python3.12/site-packages/airflow/example_dags/example_sensor_decorator.py for tasks to queue
[2026-05-10T18:40:22.176+0000] {logging_mixin.py:188} INFO - [2026-05-10T18:40:22.175+0000] {dagbag.py:545} INFO - Filling up the DagBag from /home/airflow/.local/lib/python3.12/site-packages/airflow/example_dags/example_sensor_decorator.py
[2026-05-10T18:40:22.185+0000] {processor.py:840} INFO - DAG(s) 'example_sensor_decorator' retrieved from /home/airflow/.local/lib/python3.12/site-packages/airflow/example_dags/example_sensor_decorator.py
[2026-05-10T18:40:22.220+0000] {logging_mixin.py:188} INFO - [2026-05-10T18:40:22.220+0000] {dag.py:3089} INFO - Sync 1 DAGs
[2026-05-10T18:40:22.242+0000] {logging_mixin.py:188} INFO - [2026-05-10T18:40:22.242+0000] {dag.py:3947} INFO - Setting next_dagrun for example_sensor_decorator to None, run_after=None
[2026-05-10T18:40:22.432+0000] {processor.py:183} INFO - Processing /home/airflow/.local/lib/python3.12/site-packages/airflow/example_dags/example_sensor_decorator.py took 0.269 seconds
[2026-05-10T18:40:52.521+0000] {processor.py:161} INFO - Started process (PID=50910) to work on /home/airflow/.local/lib/python3.12/site-packages/airflow/example_dags/example_sensor_decorator.py
[2026-05-10T18:40:52.523+0000] {processor.py:830} INFO - Processing file /home/airflow/.local/lib/python3.12/site-packages/airflow/example_dags/example_sensor_decorator.py for tasks to queue
[2026-05-10T18:40:52.525+0000] {logging_mixin.py:188} INFO - [2026-05-10T18:40:52.525+0000] {dagbag.py:545} INFO - Filling up the DagBag from /home/airflow/.local/lib/python3.12/site-packages/airflow/example_dags/example_sensor_decorator.py
[2026-05-10T18:40:52.535+0000] {processor.py:840} INFO - DAG(s) 'example_sensor_decorator' retrieved from /home/airflow/.local/lib/python3.12/site-packages/airflow/example_dags/example_sensor_decorator.py
[2026-05-10T18:40:52.576+0000] {logging_mixin.py:188} INFO - [2026-05-10T18:40:52.576+0000] {dag.py:3089} INFO - Sync 1 DAGs
[2026-05-10T18:40:52.594+0000] {logging_mixin.py:188} INFO - [2026-05-10T18:40:52.593+0000] {dag.py:3947} INFO - Setting next_dagrun for example_sensor_decorator to None, run_after=None
[2026-05-10T18:40:52.636+0000] {processor.py:183} INFO - Processing /home/airflow/.local/lib/python3.12/site-packages/airflow/example_dags/example_sensor_decorator.py took 0.118 seconds
[2026-05-10T18:41:22.953+0000] {processor.py:161} INFO - Started process (PID=50986) to work on /home/airflow/.local/lib/python3.12/site-packages/airflow/example_dags/example_sensor_decorator.py
[2026-05-10T18:41:22.954+0000] {processor.py:830} INFO - Processing file /home/airflow/.local/lib/python3.12/site-packages/airflow/example_dags/example_sensor_decorator.py for tasks to queue
[2026-05-10T18:41:22.956+0000] {logging_mixin.py:188} INFO - [2026-05-10T18:41:22.955+0000] {dagbag.py:545} INFO - Filling up the DagBag from /home/airflow/.local/lib/python3.12/site-packages/airflow/example_dags/example_sensor_decorator.py
[2026-05-10T18:41:22.966+0000] {processor.py:840} INFO - DAG(s) 'example_sensor_decorator' retrieved from /home/airflow/.local/lib/python3.12/site-packages/airflow/example_dags/example_sensor_decorator.py
[2026-05-10T18:41:23.005+0000] {logging_mixin.py:188} INFO - [2026-05-10T18:41:23.005+0000] {dag.py:3089} INFO - Sync 1 DAGs
[2026-05-10T18:41:23.023+0000] {logging_mixin.py:188} INFO - [2026-05-10T18:41:23.023+0000] {dag.py:3947} INFO - Setting next_dagrun for example_sensor_decorator to None, run_after=None
[2026-05-10T18:41:23.084+0000] {processor.py:183} INFO - Processing /home/airflow/.local/lib/python3.12/site-packages/airflow/example_dags/example_sensor_decorator.py took 0.142 seconds
[2026-05-10T18:41:53.731+0000] {processor.py:161} INFO - Started process (PID=51054) to work on /home/airflow/.local/lib/python3.12/site-packages/airflow/example_dags/example_sensor_decorator.py
[2026-05-10T18:41:53.733+0000] {processor.py:830} INFO - Processing file /home/airflow/.local/lib/python3.12/site-packages/airflow/example_dags/example_sensor_decorator.py for tasks to queue
[2026-05-10T18:41:53.734+0000] {logging_mixin.py:188} INFO - [2026-05-10T18:41:53.734+0000] {dagbag.py:545} INFO - Filling up the DagBag from /home/airflow/.local/lib/python3.12/site-packages/airflow/example_dags/example_sensor_decorator.py
[2026-05-10T18:41:53.747+0000] {processor.py:840} INFO - DAG(s) 'example_sensor_decorator' retrieved from /home/airflow/.local/lib/python3.12/site-packages/airflow/example_dags/example_sensor_decorator.py
[2026-05-10T18:41:53.783+0000] {logging_mixin.py:188} INFO - [2026-05-10T18:41:53.783+0000] {dag.py:3089} INFO - Sync 1 DAGs
[2026-05-10T18:41:53.802+0000] {logging_mixin.py:188} INFO - [2026-05-10T18:41:53.801+0000] {dag.py:3947} INFO - Setting next_dagrun for example_sensor_decorator to None, run_after=None
[2026-05-10T18:41:53.863+0000] {processor.py:183} INFO - Processing /home/airflow/.local/lib/python3.12/site-packages/airflow/example_dags/example_sensor_decorator.py took 0.145 seconds
[2026-05-10T18:42:24.211+0000] {processor.py:161} INFO - Started process (PID=51121) to work on /home/airflow/.local/lib/python3.12/site-packages/airflow/example_dags/example_sensor_decorator.py
[2026-05-10T18:42:24.213+0000] {processor.py:830} INFO - Processing file /home/airflow/.local/lib/python3.12/site-packages/airflow/example_dags/example_sensor_decorator.py for tasks to queue
[2026-05-10T18:42:24.215+0000] {logging_mixin.py:188} INFO - [2026-05-10T18:42:24.215+0000] {dagbag.py:545} INFO - Filling up the DagBag from /home/airflow/.local/lib/python3.12/site-packages/airflow/example_dags/example_sensor_decorator.py
[2026-05-10T18:42:24.228+0000] {processor.py:840} INFO - DAG(s) 'example_sensor_decorator' retrieved from /home/airflow/.local/lib/python3.12/site-packages/airflow/example_dags/example_sensor_decorator.py
[2026-05-10T18:42:24.270+0000] {logging_mixin.py:188} INFO - [2026-05-10T18:42:24.270+0000] {dag.py:3089} INFO - Sync 1 DAGs
[2026-05-10T18:42:24.291+0000] {logging_mixin.py:188} INFO - [2026-05-10T18:42:24.290+0000] {dag.py:3947} INFO - Setting next_dagrun for example_sensor_decorator to None, run_after=None
[2026-05-10T18:42:24.359+0000] {processor.py:183} INFO - Processing /home/airflow/.local/lib/python3.12/site-packages/airflow/example_dags/example_sensor_decorator.py took 0.162 seconds
[2026-05-10T18:42:54.524+0000] {processor.py:161} INFO - Started process (PID=51189) to work on /home/airflow/.local/lib/python3.12/site-packages/airflow/example_dags/example_sensor_decorator.py
[2026-05-10T18:42:54.526+0000] {processor.py:830} INFO - Processing file /home/airflow/.local/lib/python3.12/site-packages/airflow/example_dags/example_sensor_decorator.py for tasks to queue
[2026-05-10T18:42:54.529+0000] {logging_mixin.py:188} INFO - [2026-05-10T18:42:54.529+0000] {dagbag.py:545} INFO - Filling up the DagBag from /home/airflow/.local/lib/python3.12/site-packages/airflow/example_dags/example_sensor_decorator.py
[2026-05-10T18:42:54.542+0000] {processor.py:840} INFO - DAG(s) 'example_sensor_decorator' retrieved from /home/airflow/.local/lib/python3.12/site-packages/airflow/example_dags/example_sensor_decorator.py
[2026-05-10T18:42:54.585+0000] {logging_mixin.py:188} INFO - [2026-05-10T18:42:54.585+0000] {dag.py:3089} INFO - Sync 1 DAGs
[2026-05-10T18:42:54.604+0000] {logging_mixin.py:188} INFO - [2026-05-10T18:42:54.603+0000] {dag.py:3947} INFO - Setting next_dagrun for example_sensor_decorator to None, run_after=None
[2026-05-10T18:42:54.679+0000] {processor.py:183} INFO - Processing /home/airflow/.local/lib/python3.12/site-packages/airflow/example_dags/example_sensor_decorator.py took 0.167 seconds
[2026-05-10T18:43:24.789+0000] {processor.py:161} INFO - Started process (PID=51257) to work on /home/airflow/.local/lib/python3.12/site-packages/airflow/example_dags/example_sensor_decorator.py
[2026-05-10T18:43:24.791+0000] {processor.py:830} INFO - Processing file /home/airflow/.local/lib/python3.12/site-packages/airflow/example_dags/example_sensor_decorator.py for tasks to queue
[2026-05-10T18:43:24.793+0000] {logging_mixin.py:188} INFO - [2026-05-10T18:43:24.792+0000] {dagbag.py:545} INFO - Filling up the DagBag from /home/airflow/.local/lib/python3.12/site-packages/airflow/example_dags/example_sensor_decorator.py
[2026-05-10T18:43:24.804+0000] {processor.py:840} INFO - DAG(s) 'example_sensor_decorator' retrieved from /home/airflow/.local/lib/python3.12/site-packages/airflow/example_dags/example_sensor_decorator.py
[2026-05-10T18:43:24.844+0000] {logging_mixin.py:188} INFO - [2026-05-10T18:43:24.844+0000] {dag.py:3089} INFO - Sync 1 DAGs
[2026-05-10T18:43:24.868+0000] {logging_mixin.py:188} INFO - [2026-05-10T18:43:24.868+0000] {dag.py:3947} INFO - Setting next_dagrun for example_sensor_decorator to None, run_after=None
[2026-05-10T18:43:24.932+0000] {processor.py:183} INFO - Processing /home/airflow/.local/lib/python3.12/site-packages/airflow/example_dags/example_sensor_decorator.py took 0.157 seconds
[2026-05-10T18:43:55.333+0000] {processor.py:161} INFO - Started process (PID=51325) to work on /home/airflow/.local/lib/python3.12/site-packages/airflow/example_dags/example_sensor_decorator.py
[2026-05-10T18:43:55.335+0000] {processor.py:830} INFO - Processing file /home/airflow/.local/lib/python3.12/site-packages/airflow/example_dags/example_sensor_decorator.py for tasks to queue
[2026-05-10T18:43:55.336+0000] {logging_mixin.py:188} INFO - [2026-05-10T18:43:55.336+0000] {dagbag.py:545} INFO - Filling up the DagBag from /home/airflow/.local/lib/python3.12/site-packages/airflow/example_dags/example_sensor_decorator.py
[2026-05-10T18:43:55.347+0000] {processor.py:840} INFO - DAG(s) 'example_sensor_decorator' retrieved from /home/airflow/.local/lib/python3.12/site-packages/airflow/example_dags/example_sensor_decorator.py
[2026-05-10T18:43:55.380+0000] {logging_mixin.py:188} INFO - [2026-05-10T18:43:55.379+0000] {dag.py:3089} INFO - Sync 1 DAGs
[2026-05-10T18:43:55.402+0000] {logging_mixin.py:188} INFO - [2026-05-10T18:43:55.401+0000] {dag.py:3947} INFO - Setting next_dagrun for example_sensor_decorator to None, run_after=None
[2026-05-10T18:43:55.471+0000] {processor.py:183} INFO - Processing /home/airflow/.local/lib/python3.12/site-packages/airflow/example_dags/example_sensor_decorator.py took 0.149 seconds
[2026-05-10T18:44:26.257+0000] {processor.py:161} INFO - Started process (PID=51400) to work on /home/airflow/.local/lib/python3.12/site-packages/airflow/example_dags/example_sensor_decorator.py
[2026-05-10T18:44:26.260+0000] {processor.py:830} INFO - Processing file /home/airflow/.local/lib/python3.12/site-packages/airflow/example_dags/example_sensor_decorator.py for tasks to queue
[2026-05-10T18:44:26.262+0000] {logging_mixin.py:188} INFO - [2026-05-10T18:44:26.261+0000] {dagbag.py:545} INFO - Filling up the DagBag from /home/airflow/.local/lib/python3.12/site-packages/airflow/example_dags/example_sensor_decorator.py
[2026-05-10T18:44:26.274+0000] {processor.py:840} INFO - DAG(s) 'example_sensor_decorator' retrieved from /home/airflow/.local/lib/python3.12/site-packages/airflow/example_dags/example_sensor_decorator.py
[2026-05-10T18:44:26.319+0000] {logging_mixin.py:188} INFO - [2026-05-10T18:44:26.318+0000] {dag.py:3089} INFO - Sync 1 DAGs
[2026-05-10T18:44:26.340+0000] {logging_mixin.py:188} INFO - [2026-05-10T18:44:26.340+0000] {dag.py:3947} INFO - Setting next_dagrun for example_sensor_decorator to None, run_after=None
[2026-05-10T18:44:26.505+0000] {processor.py:183} INFO - Processing /home/airflow/.local/lib/python3.12/site-packages/airflow/example_dags/example_sensor_decorator.py took 0.262 seconds
[2026-05-10T18:44:57.013+0000] {processor.py:161} INFO - Started process (PID=51467) to work on /home/airflow/.local/lib/python3.12/site-packages/airflow/example_dags/example_sensor_decorator.py
[2026-05-10T18:44:57.015+0000] {processor.py:830} INFO - Processing file /home/airflow/.local/lib/python3.12/site-packages/airflow/example_dags/example_sensor_decorator.py for tasks to queue
[2026-05-10T18:44:57.017+0000] {logging_mixin.py:188} INFO - [2026-05-10T18:44:57.016+0000] {dagbag.py:545} INFO - Filling up the DagBag from /home/airflow/.local/lib/python3.12/site-packages/airflow/example_dags/example_sensor_decorator.py
[2026-05-10T18:44:57.031+0000] {processor.py:840} INFO - DAG(s) 'example_sensor_decorator' retrieved from /home/airflow/.local/lib/python3.12/site-packages/airflow/example_dags/example_sensor_decorator.py
[2026-05-10T18:44:57.071+0000] {logging_mixin.py:188} INFO - [2026-05-10T18:44:57.071+0000] {dag.py:3089} INFO - Sync 1 DAGs
[2026-05-10T18:44:57.098+0000] {logging_mixin.py:188} INFO - [2026-05-10T18:44:57.098+0000] {dag.py:3947} INFO - Setting next_dagrun for example_sensor_decorator to None, run_after=None
[2026-05-10T18:44:57.153+0000] {processor.py:183} INFO - Processing /home/airflow/.local/lib/python3.12/site-packages/airflow/example_dags/example_sensor_decorator.py took 0.150 seconds
[2026-05-10T18:45:27.276+0000] {processor.py:161} INFO - Started process (PID=51535) to work on /home/airflow/.local/lib/python3.12/site-packages/airflow/example_dags/example_sensor_decorator.py
[2026-05-10T18:45:27.280+0000] {processor.py:830} INFO - Processing file /home/airflow/.local/lib/python3.12/site-packages/airflow/example_dags/example_sensor_decorator.py for tasks to queue
[2026-05-10T18:45:27.283+0000] {logging_mixin.py:188} INFO - [2026-05-10T18:45:27.282+0000] {dagbag.py:545} INFO - Filling up the DagBag from /home/airflow/.local/lib/python3.12/site-packages/airflow/example_dags/example_sensor_decorator.py
[2026-05-10T18:45:27.294+0000] {processor.py:840} INFO - DAG(s) 'example_sensor_decorator' retrieved from /home/airflow/.local/lib/python3.12/site-packages/airflow/example_dags/example_sensor_decorator.py
[2026-05-10T18:45:27.330+0000] {logging_mixin.py:188} INFO - [2026-05-10T18:45:27.329+0000] {dag.py:3089} INFO - Sync 1 DAGs
[2026-05-10T18:45:27.348+0000] {logging_mixin.py:188} INFO - [2026-05-10T18:45:27.347+0000] {dag.py:3947} INFO - Setting next_dagrun for example_sensor_decorator to None, run_after=None
[2026-05-10T18:45:27.379+0000] {processor.py:183} INFO - Processing /home/airflow/.local/lib/python3.12/site-packages/airflow/example_dags/example_sensor_decorator.py took 0.115 seconds
[2026-05-10T18:45:58.323+0000] {processor.py:161} INFO - Started process (PID=51604) to work on /home/airflow/.local/lib/python3.12/site-packages/airflow/example_dags/example_sensor_decorator.py
[2026-05-10T18:45:58.326+0000] {processor.py:830} INFO - Processing file /home/airflow/.local/lib/python3.12/site-packages/airflow/example_dags/example_sensor_decorator.py for tasks to queue
[2026-05-10T18:45:58.328+0000] {logging_mixin.py:188} INFO - [2026-05-10T18:45:58.327+0000] {dagbag.py:545} INFO - Filling up the DagBag from /home/airflow/.local/lib/python3.12/site-packages/airflow/example_dags/example_sensor_decorator.py
[2026-05-10T18:45:58.339+0000] {processor.py:840} INFO - DAG(s) 'example_sensor_decorator' retrieved from /home/airflow/.local/lib/python3.12/site-packages/airflow/example_dags/example_sensor_decorator.py
[2026-05-10T18:45:58.395+0000] {logging_mixin.py:188} INFO - [2026-05-10T18:45:58.394+0000] {dag.py:3089} INFO - Sync 1 DAGs
[2026-05-10T18:45:58.420+0000] {logging_mixin.py:188} INFO - [2026-05-10T18:45:58.420+0000] {dag.py:3947} INFO - Setting next_dagrun for example_sensor_decorator to None, run_after=None
[2026-05-10T18:45:58.479+0000] {processor.py:183} INFO - Processing /home/airflow/.local/lib/python3.12/site-packages/airflow/example_dags/example_sensor_decorator.py took 0.166 seconds
[2026-05-10T18:46:29.657+0000] {processor.py:161} INFO - Started process (PID=51671) to work on /home/airflow/.local/lib/python3.12/site-packages/airflow/example_dags/example_sensor_decorator.py
[2026-05-10T18:46:29.658+0000] {processor.py:830} INFO - Processing file /home/airflow/.local/lib/python3.12/site-packages/airflow/example_dags/example_sensor_decorator.py for tasks to queue
[2026-05-10T18:46:29.659+0000] {logging_mixin.py:188} INFO - [2026-05-10T18:46:29.659+0000] {dagbag.py:545} INFO - Filling up the DagBag from /home/airflow/.local/lib/python3.12/site-packages/airflow/example_dags/example_sensor_decorator.py
[2026-05-10T18:46:29.672+0000] {processor.py:840} INFO - DAG(s) 'example_sensor_decorator' retrieved from /home/airflow/.local/lib/python3.12/site-packages/airflow/example_dags/example_sensor_decorator.py
[2026-05-10T18:46:29.704+0000] {logging_mixin.py:188} INFO - [2026-05-10T18:46:29.703+0000] {dag.py:3089} INFO - Sync 1 DAGs
[2026-05-10T18:46:29.723+0000] {logging_mixin.py:188} INFO - [2026-05-10T18:46:29.723+0000] {dag.py:3947} INFO - Setting next_dagrun for example_sensor_decorator to None, run_after=None
[2026-05-10T18:46:29.772+0000] {processor.py:183} INFO - Processing /home/airflow/.local/lib/python3.12/site-packages/airflow/example_dags/example_sensor_decorator.py took 0.125 seconds
[2026-05-10T18:47:00.220+0000] {processor.py:161} INFO - Started process (PID=51739) to work on /home/airflow/.local/lib/python3.12/site-packages/airflow/example_dags/example_sensor_decorator.py
[2026-05-10T18:47:00.226+0000] {processor.py:830} INFO - Processing file /home/airflow/.local/lib/python3.12/site-packages/airflow/example_dags/example_sensor_decorator.py for tasks to queue
[2026-05-10T18:47:00.228+0000] {logging_mixin.py:188} INFO - [2026-05-10T18:47:00.227+0000] {dagbag.py:545} INFO - Filling up the DagBag from /home/airflow/.local/lib/python3.12/site-packages/airflow/example_dags/example_sensor_decorator.py
[2026-05-10T18:47:00.239+0000] {processor.py:840} INFO - DAG(s) 'example_sensor_decorator' retrieved from /home/airflow/.local/lib/python3.12/site-packages/airflow/example_dags/example_sensor_decorator.py
[2026-05-10T18:47:00.280+0000] {logging_mixin.py:188} INFO - [2026-05-10T18:47:00.279+0000] {dag.py:3089} INFO - Sync 1 DAGs
[2026-05-10T18:47:00.299+0000] {logging_mixin.py:188} INFO - [2026-05-10T18:47:00.299+0000] {dag.py:3947} INFO - Setting next_dagrun for example_sensor_decorator to None, run_after=None
[2026-05-10T18:47:00.367+0000] {processor.py:183} INFO - Processing /home/airflow/.local/lib/python3.12/site-packages/airflow/example_dags/example_sensor_decorator.py took 0.156 seconds
[2026-05-10T18:47:30.749+0000] {processor.py:161} INFO - Started process (PID=51812) to work on /home/airflow/.local/lib/python3.12/site-packages/airflow/example_dags/example_sensor_decorator.py
[2026-05-10T18:47:30.751+0000] {processor.py:830} INFO - Processing file /home/airflow/.local/lib/python3.12/site-packages/airflow/example_dags/example_sensor_decorator.py for tasks to queue
[2026-05-10T18:47:30.752+0000] {logging_mixin.py:188} INFO - [2026-05-10T18:47:30.752+0000] {dagbag.py:545} INFO - Filling up the DagBag from /home/airflow/.local/lib/python3.12/site-packages/airflow/example_dags/example_sensor_decorator.py
[2026-05-10T18:47:30.758+0000] {processor.py:840} INFO - DAG(s) 'example_sensor_decorator' retrieved from /home/airflow/.local/lib/python3.12/site-packages/airflow/example_dags/example_sensor_decorator.py
[2026-05-10T18:47:30.780+0000] {logging_mixin.py:188} INFO - [2026-05-10T18:47:30.780+0000] {dag.py:3089} INFO - Sync 1 DAGs
[2026-05-10T18:47:30.791+0000] {logging_mixin.py:188} INFO - [2026-05-10T18:47:30.791+0000] {dag.py:3947} INFO - Setting next_dagrun for example_sensor_decorator to None, run_after=None
[2026-05-10T18:47:30.820+0000] {processor.py:183} INFO - Processing /home/airflow/.local/lib/python3.12/site-packages/airflow/example_dags/example_sensor_decorator.py took 0.076 seconds
[2026-05-10T18:48:01.255+0000] {processor.py:161} INFO - Started process (PID=51879) to work on /home/airflow/.local/lib/python3.12/site-packages/airflow/example_dags/example_sensor_decorator.py
[2026-05-10T18:48:01.257+0000] {processor.py:830} INFO - Processing file /home/airflow/.local/lib/python3.12/site-packages/airflow/example_dags/example_sensor_decorator.py for tasks to queue
[2026-05-10T18:48:01.260+0000] {logging_mixin.py:188} INFO - [2026-05-10T18:48:01.259+0000] {dagbag.py:545} INFO - Filling up the DagBag from /home/airflow/.local/lib/python3.12/site-packages/airflow/example_dags/example_sensor_decorator.py
[2026-05-10T18:48:01.271+0000] {processor.py:840} INFO - DAG(s) 'example_sensor_decorator' retrieved from /home/airflow/.local/lib/python3.12/site-packages/airflow/example_dags/example_sensor_decorator.py
[2026-05-10T18:48:01.313+0000] {logging_mixin.py:188} INFO - [2026-05-10T18:48:01.313+0000] {dag.py:3089} INFO - Sync 1 DAGs
[2026-05-10T18:48:01.336+0000] {logging_mixin.py:188} INFO - [2026-05-10T18:48:01.336+0000] {dag.py:3947} INFO - Setting next_dagrun for example_sensor_decorator to None, run_after=None
[2026-05-10T18:48:01.403+0000] {processor.py:183} INFO - Processing /home/airflow/.local/lib/python3.12/site-packages/airflow/example_dags/example_sensor_decorator.py took 0.159 seconds
[2026-05-10T18:48:31.609+0000] {processor.py:161} INFO - Started process (PID=51947) to work on /home/airflow/.local/lib/python3.12/site-packages/airflow/example_dags/example_sensor_decorator.py
[2026-05-10T18:48:31.611+0000] {processor.py:830} INFO - Processing file /home/airflow/.local/lib/python3.12/site-packages/airflow/example_dags/example_sensor_decorator.py for tasks to queue
[2026-05-10T18:48:31.613+0000] {logging_mixin.py:188} INFO - [2026-05-10T18:48:31.612+0000] {dagbag.py:545} INFO - Filling up the DagBag from /home/airflow/.local/lib/python3.12/site-packages/airflow/example_dags/example_sensor_decorator.py
[2026-05-10T18:48:31.624+0000] {processor.py:840} INFO - DAG(s) 'example_sensor_decorator' retrieved from /home/airflow/.local/lib/python3.12/site-packages/airflow/example_dags/example_sensor_decorator.py
[2026-05-10T18:48:31.661+0000] {logging_mixin.py:188} INFO - [2026-05-10T18:48:31.661+0000] {dag.py:3089} INFO - Sync 1 DAGs
[2026-05-10T18:48:31.680+0000] {logging_mixin.py:188} INFO - [2026-05-10T18:48:31.679+0000] {dag.py:3947} INFO - Setting next_dagrun for example_sensor_decorator to None, run_after=None
[2026-05-10T18:48:31.731+0000] {processor.py:183} INFO - Processing /home/airflow/.local/lib/python3.12/site-packages/airflow/example_dags/example_sensor_decorator.py took 0.136 seconds
[2026-05-10T18:49:02.587+0000] {processor.py:161} INFO - Started process (PID=52015) to work on /home/airflow/.local/lib/python3.12/site-packages/airflow/example_dags/example_sensor_decorator.py
[2026-05-10T18:49:02.590+0000] {processor.py:830} INFO - Processing file /home/airflow/.local/lib/python3.12/site-packages/airflow/example_dags/example_sensor_decorator.py for tasks to queue
[2026-05-10T18:49:02.594+0000] {logging_mixin.py:188} INFO - [2026-05-10T18:49:02.593+0000] {dagbag.py:545} INFO - Filling up the DagBag from /home/airflow/.local/lib/python3.12/site-packages/airflow/example_dags/example_sensor_decorator.py
[2026-05-10T18:49:02.609+0000] {processor.py:840} INFO - DAG(s) 'example_sensor_decorator' retrieved from /home/airflow/.local/lib/python3.12/site-packages/airflow/example_dags/example_sensor_decorator.py
[2026-05-10T18:49:02.662+0000] {logging_mixin.py:188} INFO - [2026-05-10T18:49:02.661+0000] {dag.py:3089} INFO - Sync 1 DAGs
[2026-05-10T18:49:02.708+0000] {logging_mixin.py:188} INFO - [2026-05-10T18:49:02.707+0000] {dag.py:3947} INFO - Setting next_dagrun for example_sensor_decorator to None, run_after=None
[2026-05-10T18:49:02.768+0000] {processor.py:183} INFO - Processing /home/airflow/.local/lib/python3.12/site-packages/airflow/example_dags/example_sensor_decorator.py took 0.198 seconds
[2026-05-10T18:49:33.178+0000] {processor.py:161} INFO - Started process (PID=52083) to work on /home/airflow/.local/lib/python3.12/site-packages/airflow/example_dags/example_sensor_decorator.py
[2026-05-10T18:49:33.182+0000] {processor.py:830} INFO - Processing file /home/airflow/.local/lib/python3.12/site-packages/airflow/example_dags/example_sensor_decorator.py for tasks to queue
[2026-05-10T18:49:33.185+0000] {logging_mixin.py:188} INFO - [2026-05-10T18:49:33.184+0000] {dagbag.py:545} INFO - Filling up the DagBag from /home/airflow/.local/lib/python3.12/site-packages/airflow/example_dags/example_sensor_decorator.py
[2026-05-10T18:49:33.200+0000] {processor.py:840} INFO - DAG(s) 'example_sensor_decorator' retrieved from /home/airflow/.local/lib/python3.12/site-packages/airflow/example_dags/example_sensor_decorator.py
[2026-05-10T18:49:33.248+0000] {logging_mixin.py:188} INFO - [2026-05-10T18:49:33.247+0000] {dag.py:3089} INFO - Sync 1 DAGs
[2026-05-10T18:49:33.272+0000] {logging_mixin.py:188} INFO - [2026-05-10T18:49:33.271+0000] {dag.py:3947} INFO - Setting next_dagrun for example_sensor_decorator to None, run_after=None
[2026-05-10T18:49:33.320+0000] {processor.py:183} INFO - Processing /home/airflow/.local/lib/python3.12/site-packages/airflow/example_dags/example_sensor_decorator.py took 0.159 seconds
[2026-05-10T18:50:03.864+0000] {processor.py:161} INFO - Started process (PID=52151) to work on /home/airflow/.local/lib/python3.12/site-packages/airflow/example_dags/example_sensor_decorator.py
[2026-05-10T18:50:03.869+0000] {processor.py:830} INFO - Processing file /home/airflow/.local/lib/python3.12/site-packages/airflow/example_dags/example_sensor_decorator.py for tasks to queue
[2026-05-10T18:50:03.874+0000] {logging_mixin.py:188} INFO - [2026-05-10T18:50:03.873+0000] {dagbag.py:545} INFO - Filling up the DagBag from /home/airflow/.local/lib/python3.12/site-packages/airflow/example_dags/example_sensor_decorator.py
[2026-05-10T18:50:03.885+0000] {processor.py:840} INFO - DAG(s) 'example_sensor_decorator' retrieved from /home/airflow/.local/lib/python3.12/site-packages/airflow/example_dags/example_sensor_decorator.py
[2026-05-10T18:50:03.927+0000] {logging_mixin.py:188} INFO - [2026-05-10T18:50:03.927+0000] {dag.py:3089} INFO - Sync 1 DAGs
[2026-05-10T18:50:03.949+0000] {logging_mixin.py:188} INFO - [2026-05-10T18:50:03.948+0000] {dag.py:3947} INFO - Setting next_dagrun for example_sensor_decorator to None, run_after=None
[2026-05-10T18:50:04.021+0000] {processor.py:183} INFO - Processing /home/airflow/.local/lib/python3.12/site-packages/airflow/example_dags/example_sensor_decorator.py took 0.168 seconds
[2026-05-10T18:50:34.339+0000] {processor.py:161} INFO - Started process (PID=52226) to work on /home/airflow/.local/lib/python3.12/site-packages/airflow/example_dags/example_sensor_decorator.py
[2026-05-10T18:50:34.341+0000] {processor.py:830} INFO - Processing file /home/airflow/.local/lib/python3.12/site-packages/airflow/example_dags/example_sensor_decorator.py for tasks to queue
[2026-05-10T18:50:34.343+0000] {logging_mixin.py:188} INFO - [2026-05-10T18:50:34.342+0000] {dagbag.py:545} INFO - Filling up the DagBag from /home/airflow/.local/lib/python3.12/site-packages/airflow/example_dags/example_sensor_decorator.py
[2026-05-10T18:50:34.357+0000] {processor.py:840} INFO - DAG(s) 'example_sensor_decorator' retrieved from /home/airflow/.local/lib/python3.12/site-packages/airflow/example_dags/example_sensor_decorator.py
[2026-05-10T18:50:34.400+0000] {logging_mixin.py:188} INFO - [2026-05-10T18:50:34.399+0000] {dag.py:3089} INFO - Sync 1 DAGs
[2026-05-10T18:50:34.425+0000] {logging_mixin.py:188} INFO - [2026-05-10T18:50:34.425+0000] {dag.py:3947} INFO - Setting next_dagrun for example_sensor_decorator to None, run_after=None
[2026-05-10T18:50:34.496+0000] {processor.py:183} INFO - Processing /home/airflow/.local/lib/python3.12/site-packages/airflow/example_dags/example_sensor_decorator.py took 0.166 seconds
[2026-05-10T18:51:04.983+0000] {processor.py:161} INFO - Started process (PID=52294) to work on /home/airflow/.local/lib/python3.12/site-packages/airflow/example_dags/example_sensor_decorator.py
[2026-05-10T18:51:04.985+0000] {processor.py:830} INFO - Processing file /home/airflow/.local/lib/python3.12/site-packages/airflow/example_dags/example_sensor_decorator.py for tasks to queue
[2026-05-10T18:51:04.987+0000] {logging_mixin.py:188} INFO - [2026-05-10T18:51:04.986+0000] {dagbag.py:545} INFO - Filling up the DagBag from /home/airflow/.local/lib/python3.12/site-packages/airflow/example_dags/example_sensor_decorator.py
[2026-05-10T18:51:05.003+0000] {processor.py:840} INFO - DAG(s) 'example_sensor_decorator' retrieved from /home/airflow/.local/lib/python3.12/site-packages/airflow/example_dags/example_sensor_decorator.py
[2026-05-10T18:51:05.056+0000] {logging_mixin.py:188} INFO - [2026-05-10T18:51:05.056+0000] {dag.py:3089} INFO - Sync 1 DAGs
[2026-05-10T18:51:05.096+0000] {logging_mixin.py:188} INFO - [2026-05-10T18:51:05.095+0000] {dag.py:3947} INFO - Setting next_dagrun for example_sensor_decorator to None, run_after=None
[2026-05-10T18:51:05.164+0000] {processor.py:183} INFO - Processing /home/airflow/.local/lib/python3.12/site-packages/airflow/example_dags/example_sensor_decorator.py took 0.192 seconds
[2026-05-10T18:51:35.603+0000] {processor.py:161} INFO - Started process (PID=52362) to work on /home/airflow/.local/lib/python3.12/site-packages/airflow/example_dags/example_sensor_decorator.py
[2026-05-10T18:51:35.605+0000] {processor.py:830} INFO - Processing file /home/airflow/.local/lib/python3.12/site-packages/airflow/example_dags/example_sensor_decorator.py for tasks to queue
[2026-05-10T18:51:35.608+0000] {logging_mixin.py:188} INFO - [2026-05-10T18:51:35.607+0000] {dagbag.py:545} INFO - Filling up the DagBag from /home/airflow/.local/lib/python3.12/site-packages/airflow/example_dags/example_sensor_decorator.py
[2026-05-10T18:51:35.618+0000] {processor.py:840} INFO - DAG(s) 'example_sensor_decorator' retrieved from /home/airflow/.local/lib/python3.12/site-packages/airflow/example_dags/example_sensor_decorator.py
[2026-05-10T18:51:35.655+0000] {logging_mixin.py:188} INFO - [2026-05-10T18:51:35.654+0000] {dag.py:3089} INFO - Sync 1 DAGs
[2026-05-10T18:51:35.674+0000] {logging_mixin.py:188} INFO - [2026-05-10T18:51:35.674+0000] {dag.py:3947} INFO - Setting next_dagrun for example_sensor_decorator to None, run_after=None
[2026-05-10T18:51:35.714+0000] {processor.py:183} INFO - Processing /home/airflow/.local/lib/python3.12/site-packages/airflow/example_dags/example_sensor_decorator.py took 0.122 seconds
[2026-05-10T18:52:06.097+0000] {processor.py:161} INFO - Started process (PID=52430) to work on /home/airflow/.local/lib/python3.12/site-packages/airflow/example_dags/example_sensor_decorator.py
[2026-05-10T18:52:06.099+0000] {processor.py:830} INFO - Processing file /home/airflow/.local/lib/python3.12/site-packages/airflow/example_dags/example_sensor_decorator.py for tasks to queue
[2026-05-10T18:52:06.101+0000] {logging_mixin.py:188} INFO - [2026-05-10T18:52:06.101+0000] {dagbag.py:545} INFO - Filling up the DagBag from /home/airflow/.local/lib/python3.12/site-packages/airflow/example_dags/example_sensor_decorator.py
[2026-05-10T18:52:06.114+0000] {processor.py:840} INFO - DAG(s) 'example_sensor_decorator' retrieved from /home/airflow/.local/lib/python3.12/site-packages/airflow/example_dags/example_sensor_decorator.py
[2026-05-10T18:52:06.156+0000] {logging_mixin.py:188} INFO - [2026-05-10T18:52:06.156+0000] {dag.py:3089} INFO - Sync 1 DAGs
[2026-05-10T18:52:06.194+0000] {logging_mixin.py:188} INFO - [2026-05-10T18:52:06.193+0000] {dag.py:3947} INFO - Setting next_dagrun for example_sensor_decorator to None, run_after=None
[2026-05-10T18:52:06.234+0000] {processor.py:183} INFO - Processing /home/airflow/.local/lib/python3.12/site-packages/airflow/example_dags/example_sensor_decorator.py took 0.148 seconds
[2026-05-10T18:52:36.736+0000] {processor.py:161} INFO - Started process (PID=52498) to work on /home/airflow/.local/lib/python3.12/site-packages/airflow/example_dags/example_sensor_decorator.py
[2026-05-10T18:52:36.737+0000] {processor.py:830} INFO - Processing file /home/airflow/.local/lib/python3.12/site-packages/airflow/example_dags/example_sensor_decorator.py for tasks to queue
[2026-05-10T18:52:36.739+0000] {logging_mixin.py:188} INFO - [2026-05-10T18:52:36.738+0000] {dagbag.py:545} INFO - Filling up the DagBag from /home/airflow/.local/lib/python3.12/site-packages/airflow/example_dags/example_sensor_decorator.py
[2026-05-10T18:52:36.748+0000] {processor.py:840} INFO - DAG(s) 'example_sensor_decorator' retrieved from /home/airflow/.local/lib/python3.12/site-packages/airflow/example_dags/example_sensor_decorator.py
[2026-05-10T18:52:36.785+0000] {logging_mixin.py:188} INFO - [2026-05-10T18:52:36.785+0000] {dag.py:3089} INFO - Sync 1 DAGs
[2026-05-10T18:52:36.804+0000] {logging_mixin.py:188} INFO - [2026-05-10T18:52:36.804+0000] {dag.py:3947} INFO - Setting next_dagrun for example_sensor_decorator to None, run_after=None
[2026-05-10T18:52:36.886+0000] {processor.py:183} INFO - Processing /home/airflow/.local/lib/python3.12/site-packages/airflow/example_dags/example_sensor_decorator.py took 0.163 seconds
[2026-05-10T18:53:08.452+0000] {processor.py:161} INFO - Started process (PID=52566) to work on /home/airflow/.local/lib/python3.12/site-packages/airflow/example_dags/example_sensor_decorator.py
[2026-05-10T18:53:08.454+0000] {processor.py:830} INFO - Processing file /home/airflow/.local/lib/python3.12/site-packages/airflow/example_dags/example_sensor_decorator.py for tasks to queue
[2026-05-10T18:53:08.457+0000] {logging_mixin.py:188} INFO - [2026-05-10T18:53:08.456+0000] {dagbag.py:545} INFO - Filling up the DagBag from /home/airflow/.local/lib/python3.12/site-packages/airflow/example_dags/example_sensor_decorator.py
[2026-05-10T18:53:08.472+0000] {processor.py:840} INFO - DAG(s) 'example_sensor_decorator' retrieved from /home/airflow/.local/lib/python3.12/site-packages/airflow/example_dags/example_sensor_decorator.py
[2026-05-10T18:53:08.516+0000] {logging_mixin.py:188} INFO - [2026-05-10T18:53:08.515+0000] {dag.py:3089} INFO - Sync 1 DAGs
[2026-05-10T18:53:08.540+0000] {logging_mixin.py:188} INFO - [2026-05-10T18:53:08.539+0000] {dag.py:3947} INFO - Setting next_dagrun for example_sensor_decorator to None, run_after=None
[2026-05-10T18:53:08.604+0000] {processor.py:183} INFO - Processing /home/airflow/.local/lib/python3.12/site-packages/airflow/example_dags/example_sensor_decorator.py took 0.166 seconds
[2026-05-10T18:53:38.778+0000] {processor.py:161} INFO - Started process (PID=52634) to work on /home/airflow/.local/lib/python3.12/site-packages/airflow/example_dags/example_sensor_decorator.py
[2026-05-10T18:53:38.781+0000] {processor.py:830} INFO - Processing file /home/airflow/.local/lib/python3.12/site-packages/airflow/example_dags/example_sensor_decorator.py for tasks to queue
[2026-05-10T18:53:38.782+0000] {logging_mixin.py:188} INFO - [2026-05-10T18:53:38.782+0000] {dagbag.py:545} INFO - Filling up the DagBag from /home/airflow/.local/lib/python3.12/site-packages/airflow/example_dags/example_sensor_decorator.py
[2026-05-10T18:53:38.793+0000] {processor.py:840} INFO - DAG(s) 'example_sensor_decorator' retrieved from /home/airflow/.local/lib/python3.12/site-packages/airflow/example_dags/example_sensor_decorator.py
[2026-05-10T18:53:38.831+0000] {logging_mixin.py:188} INFO - [2026-05-10T18:53:38.830+0000] {dag.py:3089} INFO - Sync 1 DAGs
[2026-05-10T18:53:38.850+0000] {logging_mixin.py:188} INFO - [2026-05-10T18:53:38.850+0000] {dag.py:3947} INFO - Setting next_dagrun for example_sensor_decorator to None, run_after=None
[2026-05-10T18:53:38.918+0000] {processor.py:183} INFO - Processing /home/airflow/.local/lib/python3.12/site-packages/airflow/example_dags/example_sensor_decorator.py took 0.152 seconds
[2026-05-10T18:54:09.319+0000] {processor.py:161} INFO - Started process (PID=52702) to work on /home/airflow/.local/lib/python3.12/site-packages/airflow/example_dags/example_sensor_decorator.py
[2026-05-10T18:54:09.321+0000] {processor.py:830} INFO - Processing file /home/airflow/.local/lib/python3.12/site-packages/airflow/example_dags/example_sensor_decorator.py for tasks to queue
[2026-05-10T18:54:09.323+0000] {logging_mixin.py:188} INFO - [2026-05-10T18:54:09.322+0000] {dagbag.py:545} INFO - Filling up the DagBag from /home/airflow/.local/lib/python3.12/site-packages/airflow/example_dags/example_sensor_decorator.py
[2026-05-10T18:54:09.333+0000] {processor.py:840} INFO - DAG(s) 'example_sensor_decorator' retrieved from /home/airflow/.local/lib/python3.12/site-packages/airflow/example_dags/example_sensor_decorator.py
[2026-05-10T18:54:09.366+0000] {logging_mixin.py:188} INFO - [2026-05-10T18:54:09.366+0000] {dag.py:3089} INFO - Sync 1 DAGs
[2026-05-10T18:54:09.397+0000] {logging_mixin.py:188} INFO - [2026-05-10T18:54:09.396+0000] {dag.py:3947} INFO - Setting next_dagrun for example_sensor_decorator to None, run_after=None
[2026-05-10T18:54:09.426+0000] {processor.py:183} INFO - Processing /home/airflow/.local/lib/python3.12/site-packages/airflow/example_dags/example_sensor_decorator.py took 0.117 seconds
[2026-05-10T18:54:39.706+0000] {processor.py:161} INFO - Started process (PID=52770) to work on /home/airflow/.local/lib/python3.12/site-packages/airflow/example_dags/example_sensor_decorator.py
[2026-05-10T18:54:39.708+0000] {processor.py:830} INFO - Processing file /home/airflow/.local/lib/python3.12/site-packages/airflow/example_dags/example_sensor_decorator.py for tasks to queue
[2026-05-10T18:54:39.709+0000] {logging_mixin.py:188} INFO - [2026-05-10T18:54:39.709+0000] {dagbag.py:545} INFO - Filling up the DagBag from /home/airflow/.local/lib/python3.12/site-packages/airflow/example_dags/example_sensor_decorator.py
[2026-05-10T18:54:39.722+0000] {processor.py:840} INFO - DAG(s) 'example_sensor_decorator' retrieved from /home/airflow/.local/lib/python3.12/site-packages/airflow/example_dags/example_sensor_decorator.py
[2026-05-10T18:54:39.765+0000] {logging_mixin.py:188} INFO - [2026-05-10T18:54:39.764+0000] {dag.py:3089} INFO - Sync 1 DAGs
[2026-05-10T18:54:39.796+0000] {logging_mixin.py:188} INFO - [2026-05-10T18:54:39.796+0000] {dag.py:3947} INFO - Setting next_dagrun for example_sensor_decorator to None, run_after=None
[2026-05-10T18:54:39.861+0000] {processor.py:183} INFO - Processing /home/airflow/.local/lib/python3.12/site-packages/airflow/example_dags/example_sensor_decorator.py took 0.166 seconds
[2026-05-10T18:55:10.873+0000] {processor.py:161} INFO - Started process (PID=52845) to work on /home/airflow/.local/lib/python3.12/site-packages/airflow/example_dags/example_sensor_decorator.py
[2026-05-10T18:55:10.874+0000] {processor.py:830} INFO - Processing file /home/airflow/.local/lib/python3.12/site-packages/airflow/example_dags/example_sensor_decorator.py for tasks to queue
[2026-05-10T18:55:10.876+0000] {logging_mixin.py:188} INFO - [2026-05-10T18:55:10.876+0000] {dagbag.py:545} INFO - Filling up the DagBag from /home/airflow/.local/lib/python3.12/site-packages/airflow/example_dags/example_sensor_decorator.py
[2026-05-10T18:55:10.889+0000] {processor.py:840} INFO - DAG(s) 'example_sensor_decorator' retrieved from /home/airflow/.local/lib/python3.12/site-packages/airflow/example_dags/example_sensor_decorator.py
[2026-05-10T18:55:10.923+0000] {logging_mixin.py:188} INFO - [2026-05-10T18:55:10.923+0000] {dag.py:3089} INFO - Sync 1 DAGs
[2026-05-10T18:55:10.942+0000] {logging_mixin.py:188} INFO - [2026-05-10T18:55:10.942+0000] {dag.py:3947} INFO - Setting next_dagrun for example_sensor_decorator to None, run_after=None
[2026-05-10T18:55:10.981+0000] {processor.py:183} INFO - Processing /home/airflow/.local/lib/python3.12/site-packages/airflow/example_dags/example_sensor_decorator.py took 0.118 seconds
[2026-05-10T18:55:41.170+0000] {processor.py:161} INFO - Started process (PID=52913) to work on /home/airflow/.local/lib/python3.12/site-packages/airflow/example_dags/example_sensor_decorator.py
[2026-05-10T18:55:41.171+0000] {processor.py:830} INFO - Processing file /home/airflow/.local/lib/python3.12/site-packages/airflow/example_dags/example_sensor_decorator.py for tasks to queue
[2026-05-10T18:55:41.173+0000] {logging_mixin.py:188} INFO - [2026-05-10T18:55:41.172+0000] {dagbag.py:545} INFO - Filling up the DagBag from /home/airflow/.local/lib/python3.12/site-packages/airflow/example_dags/example_sensor_decorator.py
[2026-05-10T18:55:41.182+0000] {processor.py:840} INFO - DAG(s) 'example_sensor_decorator' retrieved from /home/airflow/.local/lib/python3.12/site-packages/airflow/example_dags/example_sensor_decorator.py
[2026-05-10T18:55:41.220+0000] {logging_mixin.py:188} INFO - [2026-05-10T18:55:41.219+0000] {dag.py:3089} INFO - Sync 1 DAGs
[2026-05-10T18:55:41.239+0000] {logging_mixin.py:188} INFO - [2026-05-10T18:55:41.238+0000] {dag.py:3947} INFO - Setting next_dagrun for example_sensor_decorator to None, run_after=None
[2026-05-10T18:55:41.282+0000] {processor.py:183} INFO - Processing /home/airflow/.local/lib/python3.12/site-packages/airflow/example_dags/example_sensor_decorator.py took 0.122 seconds
[2026-05-10T18:56:11.831+0000] {processor.py:161} INFO - Started process (PID=52981) to work on /home/airflow/.local/lib/python3.12/site-packages/airflow/example_dags/example_sensor_decorator.py
[2026-05-10T18:56:11.833+0000] {processor.py:830} INFO - Processing file /home/airflow/.local/lib/python3.12/site-packages/airflow/example_dags/example_sensor_decorator.py for tasks to queue
[2026-05-10T18:56:11.835+0000] {logging_mixin.py:188} INFO - [2026-05-10T18:56:11.835+0000] {dagbag.py:545} INFO - Filling up the DagBag from /home/airflow/.local/lib/python3.12/site-packages/airflow/example_dags/example_sensor_decorator.py
[2026-05-10T18:56:11.847+0000] {processor.py:840} INFO - DAG(s) 'example_sensor_decorator' retrieved from /home/airflow/.local/lib/python3.12/site-packages/airflow/example_dags/example_sensor_decorator.py
[2026-05-10T18:56:11.884+0000] {logging_mixin.py:188} INFO - [2026-05-10T18:56:11.884+0000] {dag.py:3089} INFO - Sync 1 DAGs
[2026-05-10T18:56:11.904+0000] {logging_mixin.py:188} INFO - [2026-05-10T18:56:11.903+0000] {dag.py:3947} INFO - Setting next_dagrun for example_sensor_decorator to None, run_after=None
[2026-05-10T18:56:11.969+0000] {processor.py:183} INFO - Processing /home/airflow/.local/lib/python3.12/site-packages/airflow/example_dags/example_sensor_decorator.py took 0.148 seconds
[2026-05-10T18:56:42.096+0000] {processor.py:161} INFO - Started process (PID=53050) to work on /home/airflow/.local/lib/python3.12/site-packages/airflow/example_dags/example_sensor_decorator.py
[2026-05-10T18:56:42.099+0000] {processor.py:830} INFO - Processing file /home/airflow/.local/lib/python3.12/site-packages/airflow/example_dags/example_sensor_decorator.py for tasks to queue
[2026-05-10T18:56:42.101+0000] {logging_mixin.py:188} INFO - [2026-05-10T18:56:42.100+0000] {dagbag.py:545} INFO - Filling up the DagBag from /home/airflow/.local/lib/python3.12/site-packages/airflow/example_dags/example_sensor_decorator.py
[2026-05-10T18:56:42.112+0000] {processor.py:840} INFO - DAG(s) 'example_sensor_decorator' retrieved from /home/airflow/.local/lib/python3.12/site-packages/airflow/example_dags/example_sensor_decorator.py
[2026-05-10T18:56:42.145+0000] {logging_mixin.py:188} INFO - [2026-05-10T18:56:42.144+0000] {dag.py:3089} INFO - Sync 1 DAGs
[2026-05-10T18:56:42.166+0000] {logging_mixin.py:188} INFO - [2026-05-10T18:56:42.166+0000] {dag.py:3947} INFO - Setting next_dagrun for example_sensor_decorator to None, run_after=None
[2026-05-10T18:56:42.203+0000] {processor.py:183} INFO - Processing /home/airflow/.local/lib/python3.12/site-packages/airflow/example_dags/example_sensor_decorator.py took 0.117 seconds
[2026-05-10T18:57:12.957+0000] {processor.py:161} INFO - Started process (PID=53118) to work on /home/airflow/.local/lib/python3.12/site-packages/airflow/example_dags/example_sensor_decorator.py
[2026-05-10T18:57:12.961+0000] {processor.py:830} INFO - Processing file /home/airflow/.local/lib/python3.12/site-packages/airflow/example_dags/example_sensor_decorator.py for tasks to queue
[2026-05-10T18:57:12.963+0000] {logging_mixin.py:188} INFO - [2026-05-10T18:57:12.962+0000] {dagbag.py:545} INFO - Filling up the DagBag from /home/airflow/.local/lib/python3.12/site-packages/airflow/example_dags/example_sensor_decorator.py
[2026-05-10T18:57:12.973+0000] {processor.py:840} INFO - DAG(s) 'example_sensor_decorator' retrieved from /home/airflow/.local/lib/python3.12/site-packages/airflow/example_dags/example_sensor_decorator.py
[2026-05-10T18:57:13.008+0000] {logging_mixin.py:188} INFO - [2026-05-10T18:57:13.008+0000] {dag.py:3089} INFO - Sync 1 DAGs
[2026-05-10T18:57:13.027+0000] {logging_mixin.py:188} INFO - [2026-05-10T18:57:13.026+0000] {dag.py:3947} INFO - Setting next_dagrun for example_sensor_decorator to None, run_after=None
[2026-05-10T18:57:13.094+0000] {processor.py:183} INFO - Processing /home/airflow/.local/lib/python3.12/site-packages/airflow/example_dags/example_sensor_decorator.py took 0.150 seconds
[2026-05-10T18:57:43.545+0000] {processor.py:161} INFO - Started process (PID=53186) to work on /home/airflow/.local/lib/python3.12/site-packages/airflow/example_dags/example_sensor_decorator.py
[2026-05-10T18:57:43.547+0000] {processor.py:830} INFO - Processing file /home/airflow/.local/lib/python3.12/site-packages/airflow/example_dags/example_sensor_decorator.py for tasks to queue
[2026-05-10T18:57:43.549+0000] {logging_mixin.py:188} INFO - [2026-05-10T18:57:43.548+0000] {dagbag.py:545} INFO - Filling up the DagBag from /home/airflow/.local/lib/python3.12/site-packages/airflow/example_dags/example_sensor_decorator.py
[2026-05-10T18:57:43.559+0000] {processor.py:840} INFO - DAG(s) 'example_sensor_decorator' retrieved from /home/airflow/.local/lib/python3.12/site-packages/airflow/example_dags/example_sensor_decorator.py
[2026-05-10T18:57:43.596+0000] {logging_mixin.py:188} INFO - [2026-05-10T18:57:43.596+0000] {dag.py:3089} INFO - Sync 1 DAGs
[2026-05-10T18:57:43.613+0000] {logging_mixin.py:188} INFO - [2026-05-10T18:57:43.613+0000] {dag.py:3947} INFO - Setting next_dagrun for example_sensor_decorator to None, run_after=None
[2026-05-10T18:57:43.653+0000] {processor.py:183} INFO - Processing /home/airflow/.local/lib/python3.12/site-packages/airflow/example_dags/example_sensor_decorator.py took 0.117 seconds
[2026-05-10T18:58:15.294+0000] {processor.py:161} INFO - Started process (PID=53260) to work on /home/airflow/.local/lib/python3.12/site-packages/airflow/example_dags/example_sensor_decorator.py
[2026-05-10T18:58:15.296+0000] {processor.py:830} INFO - Processing file /home/airflow/.local/lib/python3.12/site-packages/airflow/example_dags/example_sensor_decorator.py for tasks to queue
[2026-05-10T18:58:15.297+0000] {logging_mixin.py:188} INFO - [2026-05-10T18:58:15.297+0000] {dagbag.py:545} INFO - Filling up the DagBag from /home/airflow/.local/lib/python3.12/site-packages/airflow/example_dags/example_sensor_decorator.py
[2026-05-10T18:58:15.307+0000] {processor.py:840} INFO - DAG(s) 'example_sensor_decorator' retrieved from /home/airflow/.local/lib/python3.12/site-packages/airflow/example_dags/example_sensor_decorator.py
[2026-05-10T18:58:15.340+0000] {logging_mixin.py:188} INFO - [2026-05-10T18:58:15.340+0000] {dag.py:3089} INFO - Sync 1 DAGs
[2026-05-10T18:58:15.366+0000] {logging_mixin.py:188} INFO - [2026-05-10T18:58:15.366+0000] {dag.py:3947} INFO - Setting next_dagrun for example_sensor_decorator to None, run_after=None
[2026-05-10T18:58:15.439+0000] {processor.py:183} INFO - Processing /home/airflow/.local/lib/python3.12/site-packages/airflow/example_dags/example_sensor_decorator.py took 0.155 seconds
[2026-05-10T18:58:45.799+0000] {processor.py:161} INFO - Started process (PID=53328) to work on /home/airflow/.local/lib/python3.12/site-packages/airflow/example_dags/example_sensor_decorator.py
[2026-05-10T18:58:45.801+0000] {processor.py:830} INFO - Processing file /home/airflow/.local/lib/python3.12/site-packages/airflow/example_dags/example_sensor_decorator.py for tasks to queue
[2026-05-10T18:58:45.803+0000] {logging_mixin.py:188} INFO - [2026-05-10T18:58:45.802+0000] {dagbag.py:545} INFO - Filling up the DagBag from /home/airflow/.local/lib/python3.12/site-packages/airflow/example_dags/example_sensor_decorator.py
[2026-05-10T18:58:45.812+0000] {processor.py:840} INFO - DAG(s) 'example_sensor_decorator' retrieved from /home/airflow/.local/lib/python3.12/site-packages/airflow/example_dags/example_sensor_decorator.py
[2026-05-10T18:58:45.856+0000] {logging_mixin.py:188} INFO - [2026-05-10T18:58:45.856+0000] {dag.py:3089} INFO - Sync 1 DAGs
[2026-05-10T18:58:45.875+0000] {logging_mixin.py:188} INFO - [2026-05-10T18:58:45.874+0000] {dag.py:3947} INFO - Setting next_dagrun for example_sensor_decorator to None, run_after=None
[2026-05-10T18:58:45.910+0000] {processor.py:183} INFO - Processing /home/airflow/.local/lib/python3.12/site-packages/airflow/example_dags/example_sensor_decorator.py took 0.121 seconds
[2026-05-10T18:59:16.120+0000] {processor.py:161} INFO - Started process (PID=53396) to work on /home/airflow/.local/lib/python3.12/site-packages/airflow/example_dags/example_sensor_decorator.py
[2026-05-10T18:59:16.123+0000] {processor.py:830} INFO - Processing file /home/airflow/.local/lib/python3.12/site-packages/airflow/example_dags/example_sensor_decorator.py for tasks to queue
[2026-05-10T18:59:16.126+0000] {logging_mixin.py:188} INFO - [2026-05-10T18:59:16.126+0000] {dagbag.py:545} INFO - Filling up the DagBag from /home/airflow/.local/lib/python3.12/site-packages/airflow/example_dags/example_sensor_decorator.py
[2026-05-10T18:59:16.142+0000] {processor.py:840} INFO - DAG(s) 'example_sensor_decorator' retrieved from /home/airflow/.local/lib/python3.12/site-packages/airflow/example_dags/example_sensor_decorator.py
[2026-05-10T18:59:16.189+0000] {logging_mixin.py:188} INFO - [2026-05-10T18:59:16.188+0000] {dag.py:3089} INFO - Sync 1 DAGs
[2026-05-10T18:59:16.216+0000] {logging_mixin.py:188} INFO - [2026-05-10T18:59:16.215+0000] {dag.py:3947} INFO - Setting next_dagrun for example_sensor_decorator to None, run_after=None
[2026-05-10T18:59:16.292+0000] {processor.py:183} INFO - Processing /home/airflow/.local/lib/python3.12/site-packages/airflow/example_dags/example_sensor_decorator.py took 0.188 seconds
[2026-05-10T18:59:46.850+0000] {processor.py:161} INFO - Started process (PID=53464) to work on /home/airflow/.local/lib/python3.12/site-packages/airflow/example_dags/example_sensor_decorator.py
[2026-05-10T18:59:46.856+0000] {processor.py:830} INFO - Processing file /home/airflow/.local/lib/python3.12/site-packages/airflow/example_dags/example_sensor_decorator.py for tasks to queue
[2026-05-10T18:59:46.859+0000] {logging_mixin.py:188} INFO - [2026-05-10T18:59:46.858+0000] {dagbag.py:545} INFO - Filling up the DagBag from /home/airflow/.local/lib/python3.12/site-packages/airflow/example_dags/example_sensor_decorator.py
[2026-05-10T18:59:46.872+0000] {processor.py:840} INFO - DAG(s) 'example_sensor_decorator' retrieved from /home/airflow/.local/lib/python3.12/site-packages/airflow/example_dags/example_sensor_decorator.py
[2026-05-10T18:59:46.910+0000] {logging_mixin.py:188} INFO - [2026-05-10T18:59:46.909+0000] {dag.py:3089} INFO - Sync 1 DAGs
[2026-05-10T18:59:46.930+0000] {logging_mixin.py:188} INFO - [2026-05-10T18:59:46.929+0000] {dag.py:3947} INFO - Setting next_dagrun for example_sensor_decorator to None, run_after=None
[2026-05-10T18:59:46.997+0000] {processor.py:183} INFO - Processing /home/airflow/.local/lib/python3.12/site-packages/airflow/example_dags/example_sensor_decorator.py took 0.159 seconds
[2026-05-10T19:00:17.089+0000] {processor.py:161} INFO - Started process (PID=53532) to work on /home/airflow/.local/lib/python3.12/site-packages/airflow/example_dags/example_sensor_decorator.py
[2026-05-10T19:00:17.092+0000] {processor.py:830} INFO - Processing file /home/airflow/.local/lib/python3.12/site-packages/airflow/example_dags/example_sensor_decorator.py for tasks to queue
[2026-05-10T19:00:17.094+0000] {logging_mixin.py:188} INFO - [2026-05-10T19:00:17.093+0000] {dagbag.py:545} INFO - Filling up the DagBag from /home/airflow/.local/lib/python3.12/site-packages/airflow/example_dags/example_sensor_decorator.py
[2026-05-10T19:00:17.109+0000] {processor.py:840} INFO - DAG(s) 'example_sensor_decorator' retrieved from /home/airflow/.local/lib/python3.12/site-packages/airflow/example_dags/example_sensor_decorator.py
[2026-05-10T19:00:17.157+0000] {logging_mixin.py:188} INFO - [2026-05-10T19:00:17.156+0000] {dag.py:3089} INFO - Sync 1 DAGs
[2026-05-10T19:00:17.184+0000] {logging_mixin.py:188} INFO - [2026-05-10T19:00:17.183+0000] {dag.py:3947} INFO - Setting next_dagrun for example_sensor_decorator to None, run_after=None
[2026-05-10T19:00:17.254+0000] {processor.py:183} INFO - Processing /home/airflow/.local/lib/python3.12/site-packages/airflow/example_dags/example_sensor_decorator.py took 0.179 seconds
[2026-05-10T19:00:47.576+0000] {processor.py:161} INFO - Started process (PID=53601) to work on /home/airflow/.local/lib/python3.12/site-packages/airflow/example_dags/example_sensor_decorator.py
[2026-05-10T19:00:47.579+0000] {processor.py:830} INFO - Processing file /home/airflow/.local/lib/python3.12/site-packages/airflow/example_dags/example_sensor_decorator.py for tasks to queue
[2026-05-10T19:00:47.581+0000] {logging_mixin.py:188} INFO - [2026-05-10T19:00:47.581+0000] {dagbag.py:545} INFO - Filling up the DagBag from /home/airflow/.local/lib/python3.12/site-packages/airflow/example_dags/example_sensor_decorator.py
[2026-05-10T19:00:47.595+0000] {processor.py:840} INFO - DAG(s) 'example_sensor_decorator' retrieved from /home/airflow/.local/lib/python3.12/site-packages/airflow/example_dags/example_sensor_decorator.py
[2026-05-10T19:00:47.635+0000] {logging_mixin.py:188} INFO - [2026-05-10T19:00:47.634+0000] {dag.py:3089} INFO - Sync 1 DAGs
[2026-05-10T19:00:47.655+0000] {logging_mixin.py:188} INFO - [2026-05-10T19:00:47.655+0000] {dag.py:3947} INFO - Setting next_dagrun for example_sensor_decorator to None, run_after=None
[2026-05-10T19:00:47.695+0000] {processor.py:183} INFO - Processing /home/airflow/.local/lib/python3.12/site-packages/airflow/example_dags/example_sensor_decorator.py took 0.133 seconds
[2026-05-10T19:01:17.864+0000] {processor.py:161} INFO - Started process (PID=53668) to work on /home/airflow/.local/lib/python3.12/site-packages/airflow/example_dags/example_sensor_decorator.py
[2026-05-10T19:01:17.866+0000] {processor.py:830} INFO - Processing file /home/airflow/.local/lib/python3.12/site-packages/airflow/example_dags/example_sensor_decorator.py for tasks to queue
[2026-05-10T19:01:17.869+0000] {logging_mixin.py:188} INFO - [2026-05-10T19:01:17.868+0000] {dagbag.py:545} INFO - Filling up the DagBag from /home/airflow/.local/lib/python3.12/site-packages/airflow/example_dags/example_sensor_decorator.py
[2026-05-10T19:01:17.883+0000] {processor.py:840} INFO - DAG(s) 'example_sensor_decorator' retrieved from /home/airflow/.local/lib/python3.12/site-packages/airflow/example_dags/example_sensor_decorator.py
[2026-05-10T19:01:17.918+0000] {logging_mixin.py:188} INFO - [2026-05-10T19:01:17.917+0000] {dag.py:3089} INFO - Sync 1 DAGs
[2026-05-10T19:01:17.938+0000] {logging_mixin.py:188} INFO - [2026-05-10T19:01:17.937+0000] {dag.py:3947} INFO - Setting next_dagrun for example_sensor_decorator to None, run_after=None
[2026-05-10T19:01:18.002+0000] {processor.py:183} INFO - Processing /home/airflow/.local/lib/python3.12/site-packages/airflow/example_dags/example_sensor_decorator.py took 0.149 seconds
[2026-05-10T19:01:48.183+0000] {processor.py:161} INFO - Started process (PID=53736) to work on /home/airflow/.local/lib/python3.12/site-packages/airflow/example_dags/example_sensor_decorator.py
[2026-05-10T19:01:48.188+0000] {processor.py:830} INFO - Processing file /home/airflow/.local/lib/python3.12/site-packages/airflow/example_dags/example_sensor_decorator.py for tasks to queue
[2026-05-10T19:01:48.190+0000] {logging_mixin.py:188} INFO - [2026-05-10T19:01:48.189+0000] {dagbag.py:545} INFO - Filling up the DagBag from /home/airflow/.local/lib/python3.12/site-packages/airflow/example_dags/example_sensor_decorator.py
[2026-05-10T19:01:48.203+0000] {processor.py:840} INFO - DAG(s) 'example_sensor_decorator' retrieved from /home/airflow/.local/lib/python3.12/site-packages/airflow/example_dags/example_sensor_decorator.py
[2026-05-10T19:01:48.248+0000] {logging_mixin.py:188} INFO - [2026-05-10T19:01:48.248+0000] {dag.py:3089} INFO - Sync 1 DAGs
[2026-05-10T19:01:48.279+0000] {logging_mixin.py:188} INFO - [2026-05-10T19:01:48.279+0000] {dag.py:3947} INFO - Setting next_dagrun for example_sensor_decorator to None, run_after=None
[2026-05-10T19:01:48.360+0000] {processor.py:183} INFO - Processing /home/airflow/.local/lib/python3.12/site-packages/airflow/example_dags/example_sensor_decorator.py took 0.195 seconds
[2026-05-10T19:02:18.435+0000] {processor.py:161} INFO - Started process (PID=53813) to work on /home/airflow/.local/lib/python3.12/site-packages/airflow/example_dags/example_sensor_decorator.py
[2026-05-10T19:02:18.438+0000] {processor.py:830} INFO - Processing file /home/airflow/.local/lib/python3.12/site-packages/airflow/example_dags/example_sensor_decorator.py for tasks to queue
[2026-05-10T19:02:18.440+0000] {logging_mixin.py:188} INFO - [2026-05-10T19:02:18.439+0000] {dagbag.py:545} INFO - Filling up the DagBag from /home/airflow/.local/lib/python3.12/site-packages/airflow/example_dags/example_sensor_decorator.py
[2026-05-10T19:02:18.449+0000] {processor.py:840} INFO - DAG(s) 'example_sensor_decorator' retrieved from /home/airflow/.local/lib/python3.12/site-packages/airflow/example_dags/example_sensor_decorator.py
[2026-05-10T19:02:18.486+0000] {logging_mixin.py:188} INFO - [2026-05-10T19:02:18.486+0000] {dag.py:3089} INFO - Sync 1 DAGs
[2026-05-10T19:02:18.506+0000] {logging_mixin.py:188} INFO - [2026-05-10T19:02:18.505+0000] {dag.py:3947} INFO - Setting next_dagrun for example_sensor_decorator to None, run_after=None
[2026-05-10T19:02:18.539+0000] {processor.py:183} INFO - Processing /home/airflow/.local/lib/python3.12/site-packages/airflow/example_dags/example_sensor_decorator.py took 0.113 seconds
[2026-05-10T19:02:49.075+0000] {processor.py:161} INFO - Started process (PID=53881) to work on /home/airflow/.local/lib/python3.12/site-packages/airflow/example_dags/example_sensor_decorator.py
[2026-05-10T19:02:49.077+0000] {processor.py:830} INFO - Processing file /home/airflow/.local/lib/python3.12/site-packages/airflow/example_dags/example_sensor_decorator.py for tasks to queue
[2026-05-10T19:02:49.079+0000] {logging_mixin.py:188} INFO - [2026-05-10T19:02:49.079+0000] {dagbag.py:545} INFO - Filling up the DagBag from /home/airflow/.local/lib/python3.12/site-packages/airflow/example_dags/example_sensor_decorator.py
[2026-05-10T19:02:49.089+0000] {processor.py:840} INFO - DAG(s) 'example_sensor_decorator' retrieved from /home/airflow/.local/lib/python3.12/site-packages/airflow/example_dags/example_sensor_decorator.py
[2026-05-10T19:02:49.129+0000] {logging_mixin.py:188} INFO - [2026-05-10T19:02:49.129+0000] {dag.py:3089} INFO - Sync 1 DAGs
[2026-05-10T19:02:49.159+0000] {logging_mixin.py:188} INFO - [2026-05-10T19:02:49.158+0000] {dag.py:3947} INFO - Setting next_dagrun for example_sensor_decorator to None, run_after=None
[2026-05-10T19:02:49.339+0000] {processor.py:183} INFO - Processing /home/airflow/.local/lib/python3.12/site-packages/airflow/example_dags/example_sensor_decorator.py took 0.279 seconds
[2026-05-10T19:03:20.249+0000] {processor.py:161} INFO - Started process (PID=53949) to work on /home/airflow/.local/lib/python3.12/site-packages/airflow/example_dags/example_sensor_decorator.py
[2026-05-10T19:03:20.251+0000] {processor.py:830} INFO - Processing file /home/airflow/.local/lib/python3.12/site-packages/airflow/example_dags/example_sensor_decorator.py for tasks to queue
[2026-05-10T19:03:20.254+0000] {logging_mixin.py:188} INFO - [2026-05-10T19:03:20.253+0000] {dagbag.py:545} INFO - Filling up the DagBag from /home/airflow/.local/lib/python3.12/site-packages/airflow/example_dags/example_sensor_decorator.py
[2026-05-10T19:03:20.265+0000] {processor.py:840} INFO - DAG(s) 'example_sensor_decorator' retrieved from /home/airflow/.local/lib/python3.12/site-packages/airflow/example_dags/example_sensor_decorator.py
[2026-05-10T19:03:20.312+0000] {logging_mixin.py:188} INFO - [2026-05-10T19:03:20.311+0000] {dag.py:3089} INFO - Sync 1 DAGs
[2026-05-10T19:03:20.333+0000] {logging_mixin.py:188} INFO - [2026-05-10T19:03:20.333+0000] {dag.py:3947} INFO - Setting next_dagrun for example_sensor_decorator to None, run_after=None
[2026-05-10T19:03:20.382+0000] {processor.py:183} INFO - Processing /home/airflow/.local/lib/python3.12/site-packages/airflow/example_dags/example_sensor_decorator.py took 0.145 seconds
[2026-05-10T19:03:50.951+0000] {processor.py:161} INFO - Started process (PID=54017) to work on /home/airflow/.local/lib/python3.12/site-packages/airflow/example_dags/example_sensor_decorator.py
[2026-05-10T19:03:50.953+0000] {processor.py:830} INFO - Processing file /home/airflow/.local/lib/python3.12/site-packages/airflow/example_dags/example_sensor_decorator.py for tasks to queue
[2026-05-10T19:03:50.957+0000] {logging_mixin.py:188} INFO - [2026-05-10T19:03:50.956+0000] {dagbag.py:545} INFO - Filling up the DagBag from /home/airflow/.local/lib/python3.12/site-packages/airflow/example_dags/example_sensor_decorator.py
[2026-05-10T19:03:50.968+0000] {processor.py:840} INFO - DAG(s) 'example_sensor_decorator' retrieved from /home/airflow/.local/lib/python3.12/site-packages/airflow/example_dags/example_sensor_decorator.py
[2026-05-10T19:03:51.010+0000] {logging_mixin.py:188} INFO - [2026-05-10T19:03:51.010+0000] {dag.py:3089} INFO - Sync 1 DAGs
[2026-05-10T19:03:51.033+0000] {logging_mixin.py:188} INFO - [2026-05-10T19:03:51.033+0000] {dag.py:3947} INFO - Setting next_dagrun for example_sensor_decorator to None, run_after=None
[2026-05-10T19:03:51.101+0000] {processor.py:183} INFO - Processing /home/airflow/.local/lib/python3.12/site-packages/airflow/example_dags/example_sensor_decorator.py took 0.164 seconds
[2026-05-10T19:04:21.297+0000] {processor.py:161} INFO - Started process (PID=54084) to work on /home/airflow/.local/lib/python3.12/site-packages/airflow/example_dags/example_sensor_decorator.py
[2026-05-10T19:04:21.300+0000] {processor.py:830} INFO - Processing file /home/airflow/.local/lib/python3.12/site-packages/airflow/example_dags/example_sensor_decorator.py for tasks to queue
[2026-05-10T19:04:21.302+0000] {logging_mixin.py:188} INFO - [2026-05-10T19:04:21.301+0000] {dagbag.py:545} INFO - Filling up the DagBag from /home/airflow/.local/lib/python3.12/site-packages/airflow/example_dags/example_sensor_decorator.py
[2026-05-10T19:04:21.315+0000] {processor.py:840} INFO - DAG(s) 'example_sensor_decorator' retrieved from /home/airflow/.local/lib/python3.12/site-packages/airflow/example_dags/example_sensor_decorator.py
[2026-05-10T19:04:21.359+0000] {logging_mixin.py:188} INFO - [2026-05-10T19:04:21.358+0000] {dag.py:3089} INFO - Sync 1 DAGs
[2026-05-10T19:04:21.389+0000] {logging_mixin.py:188} INFO - [2026-05-10T19:04:21.388+0000] {dag.py:3947} INFO - Setting next_dagrun for example_sensor_decorator to None, run_after=None
[2026-05-10T19:04:21.449+0000] {processor.py:183} INFO - Processing /home/airflow/.local/lib/python3.12/site-packages/airflow/example_dags/example_sensor_decorator.py took 0.169 seconds
[2026-05-10T19:04:51.644+0000] {processor.py:161} INFO - Started process (PID=54152) to work on /home/airflow/.local/lib/python3.12/site-packages/airflow/example_dags/example_sensor_decorator.py
[2026-05-10T19:04:51.647+0000] {processor.py:830} INFO - Processing file /home/airflow/.local/lib/python3.12/site-packages/airflow/example_dags/example_sensor_decorator.py for tasks to queue
[2026-05-10T19:04:51.650+0000] {logging_mixin.py:188} INFO - [2026-05-10T19:04:51.649+0000] {dagbag.py:545} INFO - Filling up the DagBag from /home/airflow/.local/lib/python3.12/site-packages/airflow/example_dags/example_sensor_decorator.py
[2026-05-10T19:04:51.660+0000] {processor.py:840} INFO - DAG(s) 'example_sensor_decorator' retrieved from /home/airflow/.local/lib/python3.12/site-packages/airflow/example_dags/example_sensor_decorator.py
[2026-05-10T19:04:51.703+0000] {logging_mixin.py:188} INFO - [2026-05-10T19:04:51.703+0000] {dag.py:3089} INFO - Sync 1 DAGs
[2026-05-10T19:04:51.725+0000] {logging_mixin.py:188} INFO - [2026-05-10T19:04:51.724+0000] {dag.py:3947} INFO - Setting next_dagrun for example_sensor_decorator to None, run_after=None
[2026-05-10T19:04:51.761+0000] {processor.py:183} INFO - Processing /home/airflow/.local/lib/python3.12/site-packages/airflow/example_dags/example_sensor_decorator.py took 0.126 seconds
[2026-05-10T19:05:22.194+0000] {processor.py:161} INFO - Started process (PID=54220) to work on /home/airflow/.local/lib/python3.12/site-packages/airflow/example_dags/example_sensor_decorator.py
[2026-05-10T19:05:22.197+0000] {processor.py:830} INFO - Processing file /home/airflow/.local/lib/python3.12/site-packages/airflow/example_dags/example_sensor_decorator.py for tasks to queue
[2026-05-10T19:05:22.199+0000] {logging_mixin.py:188} INFO - [2026-05-10T19:05:22.199+0000] {dagbag.py:545} INFO - Filling up the DagBag from /home/airflow/.local/lib/python3.12/site-packages/airflow/example_dags/example_sensor_decorator.py
[2026-05-10T19:05:22.212+0000] {processor.py:840} INFO - DAG(s) 'example_sensor_decorator' retrieved from /home/airflow/.local/lib/python3.12/site-packages/airflow/example_dags/example_sensor_decorator.py
[2026-05-10T19:05:22.251+0000] {logging_mixin.py:188} INFO - [2026-05-10T19:05:22.251+0000] {dag.py:3089} INFO - Sync 1 DAGs
[2026-05-10T19:05:22.278+0000] {logging_mixin.py:188} INFO - [2026-05-10T19:05:22.277+0000] {dag.py:3947} INFO - Setting next_dagrun for example_sensor_decorator to None, run_after=None
[2026-05-10T19:05:22.311+0000] {processor.py:183} INFO - Processing /home/airflow/.local/lib/python3.12/site-packages/airflow/example_dags/example_sensor_decorator.py took 0.126 seconds
[2026-05-10T19:05:52.974+0000] {processor.py:161} INFO - Started process (PID=54294) to work on /home/airflow/.local/lib/python3.12/site-packages/airflow/example_dags/example_sensor_decorator.py
[2026-05-10T19:05:52.976+0000] {processor.py:830} INFO - Processing file /home/airflow/.local/lib/python3.12/site-packages/airflow/example_dags/example_sensor_decorator.py for tasks to queue
[2026-05-10T19:05:52.978+0000] {logging_mixin.py:188} INFO - [2026-05-10T19:05:52.977+0000] {dagbag.py:545} INFO - Filling up the DagBag from /home/airflow/.local/lib/python3.12/site-packages/airflow/example_dags/example_sensor_decorator.py
[2026-05-10T19:05:52.992+0000] {processor.py:840} INFO - DAG(s) 'example_sensor_decorator' retrieved from /home/airflow/.local/lib/python3.12/site-packages/airflow/example_dags/example_sensor_decorator.py
[2026-05-10T19:05:53.028+0000] {logging_mixin.py:188} INFO - [2026-05-10T19:05:53.028+0000] {dag.py:3089} INFO - Sync 1 DAGs
[2026-05-10T19:05:53.048+0000] {logging_mixin.py:188} INFO - [2026-05-10T19:05:53.047+0000] {dag.py:3947} INFO - Setting next_dagrun for example_sensor_decorator to None, run_after=None
[2026-05-10T19:05:53.106+0000] {processor.py:183} INFO - Processing /home/airflow/.local/lib/python3.12/site-packages/airflow/example_dags/example_sensor_decorator.py took 0.143 seconds
[2026-05-10T19:06:23.685+0000] {processor.py:161} INFO - Started process (PID=54362) to work on /home/airflow/.local/lib/python3.12/site-packages/airflow/example_dags/example_sensor_decorator.py
[2026-05-10T19:06:23.688+0000] {processor.py:830} INFO - Processing file /home/airflow/.local/lib/python3.12/site-packages/airflow/example_dags/example_sensor_decorator.py for tasks to queue
[2026-05-10T19:06:23.690+0000] {logging_mixin.py:188} INFO - [2026-05-10T19:06:23.690+0000] {dagbag.py:545} INFO - Filling up the DagBag from /home/airflow/.local/lib/python3.12/site-packages/airflow/example_dags/example_sensor_decorator.py
[2026-05-10T19:06:23.705+0000] {processor.py:840} INFO - DAG(s) 'example_sensor_decorator' retrieved from /home/airflow/.local/lib/python3.12/site-packages/airflow/example_dags/example_sensor_decorator.py
[2026-05-10T19:06:23.752+0000] {logging_mixin.py:188} INFO - [2026-05-10T19:06:23.752+0000] {dag.py:3089} INFO - Sync 1 DAGs
[2026-05-10T19:06:23.778+0000] {logging_mixin.py:188} INFO - [2026-05-10T19:06:23.777+0000] {dag.py:3947} INFO - Setting next_dagrun for example_sensor_decorator to None, run_after=None
[2026-05-10T19:06:23.849+0000] {processor.py:183} INFO - Processing /home/airflow/.local/lib/python3.12/site-packages/airflow/example_dags/example_sensor_decorator.py took 0.175 seconds
[2026-05-10T19:06:54.713+0000] {processor.py:161} INFO - Started process (PID=54431) to work on /home/airflow/.local/lib/python3.12/site-packages/airflow/example_dags/example_sensor_decorator.py
[2026-05-10T19:06:54.715+0000] {processor.py:830} INFO - Processing file /home/airflow/.local/lib/python3.12/site-packages/airflow/example_dags/example_sensor_decorator.py for tasks to queue
[2026-05-10T19:06:54.718+0000] {logging_mixin.py:188} INFO - [2026-05-10T19:06:54.718+0000] {dagbag.py:545} INFO - Filling up the DagBag from /home/airflow/.local/lib/python3.12/site-packages/airflow/example_dags/example_sensor_decorator.py
[2026-05-10T19:06:54.732+0000] {processor.py:840} INFO - DAG(s) 'example_sensor_decorator' retrieved from /home/airflow/.local/lib/python3.12/site-packages/airflow/example_dags/example_sensor_decorator.py
[2026-05-10T19:06:54.777+0000] {logging_mixin.py:188} INFO - [2026-05-10T19:06:54.776+0000] {dag.py:3089} INFO - Sync 1 DAGs
[2026-05-10T19:06:54.797+0000] {logging_mixin.py:188} INFO - [2026-05-10T19:06:54.796+0000] {dag.py:3947} INFO - Setting next_dagrun for example_sensor_decorator to None, run_after=None
[2026-05-10T19:06:54.862+0000] {processor.py:183} INFO - Processing /home/airflow/.local/lib/python3.12/site-packages/airflow/example_dags/example_sensor_decorator.py took 0.161 seconds
[2026-05-10T19:07:25.235+0000] {processor.py:161} INFO - Started process (PID=54499) to work on /home/airflow/.local/lib/python3.12/site-packages/airflow/example_dags/example_sensor_decorator.py
[2026-05-10T19:07:25.238+0000] {processor.py:830} INFO - Processing file /home/airflow/.local/lib/python3.12/site-packages/airflow/example_dags/example_sensor_decorator.py for tasks to queue
[2026-05-10T19:07:25.240+0000] {logging_mixin.py:188} INFO - [2026-05-10T19:07:25.240+0000] {dagbag.py:545} INFO - Filling up the DagBag from /home/airflow/.local/lib/python3.12/site-packages/airflow/example_dags/example_sensor_decorator.py
[2026-05-10T19:07:25.254+0000] {processor.py:840} INFO - DAG(s) 'example_sensor_decorator' retrieved from /home/airflow/.local/lib/python3.12/site-packages/airflow/example_dags/example_sensor_decorator.py
[2026-05-10T19:07:25.293+0000] {logging_mixin.py:188} INFO - [2026-05-10T19:07:25.292+0000] {dag.py:3089} INFO - Sync 1 DAGs
[2026-05-10T19:07:25.313+0000] {logging_mixin.py:188} INFO - [2026-05-10T19:07:25.313+0000] {dag.py:3947} INFO - Setting next_dagrun for example_sensor_decorator to None, run_after=None
[2026-05-10T19:07:25.350+0000] {processor.py:183} INFO - Processing /home/airflow/.local/lib/python3.12/site-packages/airflow/example_dags/example_sensor_decorator.py took 0.127 seconds
[2026-05-10T19:07:56.051+0000] {processor.py:161} INFO - Started process (PID=54567) to work on /home/airflow/.local/lib/python3.12/site-packages/airflow/example_dags/example_sensor_decorator.py
[2026-05-10T19:07:56.053+0000] {processor.py:830} INFO - Processing file /home/airflow/.local/lib/python3.12/site-packages/airflow/example_dags/example_sensor_decorator.py for tasks to queue
[2026-05-10T19:07:56.055+0000] {logging_mixin.py:188} INFO - [2026-05-10T19:07:56.055+0000] {dagbag.py:545} INFO - Filling up the DagBag from /home/airflow/.local/lib/python3.12/site-packages/airflow/example_dags/example_sensor_decorator.py
[2026-05-10T19:07:56.065+0000] {processor.py:840} INFO - DAG(s) 'example_sensor_decorator' retrieved from /home/airflow/.local/lib/python3.12/site-packages/airflow/example_dags/example_sensor_decorator.py
[2026-05-10T19:07:56.105+0000] {logging_mixin.py:188} INFO - [2026-05-10T19:07:56.104+0000] {dag.py:3089} INFO - Sync 1 DAGs
[2026-05-10T19:07:56.133+0000] {logging_mixin.py:188} INFO - [2026-05-10T19:07:56.133+0000] {dag.py:3947} INFO - Setting next_dagrun for example_sensor_decorator to None, run_after=None
[2026-05-10T19:07:56.197+0000] {processor.py:183} INFO - Processing /home/airflow/.local/lib/python3.12/site-packages/airflow/example_dags/example_sensor_decorator.py took 0.158 seconds
[2026-05-10T19:08:26.423+0000] {processor.py:161} INFO - Started process (PID=54635) to work on /home/airflow/.local/lib/python3.12/site-packages/airflow/example_dags/example_sensor_decorator.py
[2026-05-10T19:08:26.426+0000] {processor.py:830} INFO - Processing file /home/airflow/.local/lib/python3.12/site-packages/airflow/example_dags/example_sensor_decorator.py for tasks to queue
[2026-05-10T19:08:26.429+0000] {logging_mixin.py:188} INFO - [2026-05-10T19:08:26.428+0000] {dagbag.py:545} INFO - Filling up the DagBag from /home/airflow/.local/lib/python3.12/site-packages/airflow/example_dags/example_sensor_decorator.py
[2026-05-10T19:08:26.460+0000] {processor.py:840} INFO - DAG(s) 'example_sensor_decorator' retrieved from /home/airflow/.local/lib/python3.12/site-packages/airflow/example_dags/example_sensor_decorator.py
[2026-05-10T19:08:26.500+0000] {logging_mixin.py:188} INFO - [2026-05-10T19:08:26.500+0000] {dag.py:3089} INFO - Sync 1 DAGs
[2026-05-10T19:08:26.520+0000] {logging_mixin.py:188} INFO - [2026-05-10T19:08:26.519+0000] {dag.py:3947} INFO - Setting next_dagrun for example_sensor_decorator to None, run_after=None
[2026-05-10T19:08:26.584+0000] {processor.py:183} INFO - Processing /home/airflow/.local/lib/python3.12/site-packages/airflow/example_dags/example_sensor_decorator.py took 0.177 seconds
[2026-05-10T19:08:56.804+0000] {processor.py:161} INFO - Started process (PID=54703) to work on /home/airflow/.local/lib/python3.12/site-packages/airflow/example_dags/example_sensor_decorator.py
[2026-05-10T19:08:56.810+0000] {processor.py:830} INFO - Processing file /home/airflow/.local/lib/python3.12/site-packages/airflow/example_dags/example_sensor_decorator.py for tasks to queue
[2026-05-10T19:08:56.827+0000] {logging_mixin.py:188} INFO - [2026-05-10T19:08:56.826+0000] {dagbag.py:545} INFO - Filling up the DagBag from /home/airflow/.local/lib/python3.12/site-packages/airflow/example_dags/example_sensor_decorator.py
[2026-05-10T19:08:56.850+0000] {processor.py:840} INFO - DAG(s) 'example_sensor_decorator' retrieved from /home/airflow/.local/lib/python3.12/site-packages/airflow/example_dags/example_sensor_decorator.py
[2026-05-10T19:08:56.893+0000] {logging_mixin.py:188} INFO - [2026-05-10T19:08:56.893+0000] {dag.py:3089} INFO - Sync 1 DAGs
[2026-05-10T19:08:56.914+0000] {logging_mixin.py:188} INFO - [2026-05-10T19:08:56.913+0000] {dag.py:3947} INFO - Setting next_dagrun for example_sensor_decorator to None, run_after=None
[2026-05-10T19:08:56.958+0000] {processor.py:183} INFO - Processing /home/airflow/.local/lib/python3.12/site-packages/airflow/example_dags/example_sensor_decorator.py took 0.163 seconds
[2026-05-10T19:09:27.205+0000] {processor.py:161} INFO - Started process (PID=54771) to work on /home/airflow/.local/lib/python3.12/site-packages/airflow/example_dags/example_sensor_decorator.py
[2026-05-10T19:09:27.208+0000] {processor.py:830} INFO - Processing file /home/airflow/.local/lib/python3.12/site-packages/airflow/example_dags/example_sensor_decorator.py for tasks to queue
[2026-05-10T19:09:27.209+0000] {logging_mixin.py:188} INFO - [2026-05-10T19:09:27.209+0000] {dagbag.py:545} INFO - Filling up the DagBag from /home/airflow/.local/lib/python3.12/site-packages/airflow/example_dags/example_sensor_decorator.py
[2026-05-10T19:09:27.219+0000] {processor.py:840} INFO - DAG(s) 'example_sensor_decorator' retrieved from /home/airflow/.local/lib/python3.12/site-packages/airflow/example_dags/example_sensor_decorator.py
[2026-05-10T19:09:27.265+0000] {logging_mixin.py:188} INFO - [2026-05-10T19:09:27.265+0000] {dag.py:3089} INFO - Sync 1 DAGs
[2026-05-10T19:09:27.296+0000] {logging_mixin.py:188} INFO - [2026-05-10T19:09:27.295+0000] {dag.py:3947} INFO - Setting next_dagrun for example_sensor_decorator to None, run_after=None
[2026-05-10T19:09:27.366+0000] {processor.py:183} INFO - Processing /home/airflow/.local/lib/python3.12/site-packages/airflow/example_dags/example_sensor_decorator.py took 0.171 seconds
[2026-05-10T19:09:57.680+0000] {processor.py:161} INFO - Started process (PID=54846) to work on /home/airflow/.local/lib/python3.12/site-packages/airflow/example_dags/example_sensor_decorator.py
[2026-05-10T19:09:57.683+0000] {processor.py:830} INFO - Processing file /home/airflow/.local/lib/python3.12/site-packages/airflow/example_dags/example_sensor_decorator.py for tasks to queue
[2026-05-10T19:09:57.685+0000] {logging_mixin.py:188} INFO - [2026-05-10T19:09:57.684+0000] {dagbag.py:545} INFO - Filling up the DagBag from /home/airflow/.local/lib/python3.12/site-packages/airflow/example_dags/example_sensor_decorator.py
[2026-05-10T19:09:57.695+0000] {processor.py:840} INFO - DAG(s) 'example_sensor_decorator' retrieved from /home/airflow/.local/lib/python3.12/site-packages/airflow/example_dags/example_sensor_decorator.py
[2026-05-10T19:09:57.732+0000] {logging_mixin.py:188} INFO - [2026-05-10T19:09:57.732+0000] {dag.py:3089} INFO - Sync 1 DAGs
[2026-05-10T19:09:57.754+0000] {logging_mixin.py:188} INFO - [2026-05-10T19:09:57.754+0000] {dag.py:3947} INFO - Setting next_dagrun for example_sensor_decorator to None, run_after=None
[2026-05-10T19:09:57.816+0000] {processor.py:183} INFO - Processing /home/airflow/.local/lib/python3.12/site-packages/airflow/example_dags/example_sensor_decorator.py took 0.149 seconds
[2026-05-10T19:10:28.878+0000] {processor.py:161} INFO - Started process (PID=54914) to work on /home/airflow/.local/lib/python3.12/site-packages/airflow/example_dags/example_sensor_decorator.py
[2026-05-10T19:10:28.881+0000] {processor.py:830} INFO - Processing file /home/airflow/.local/lib/python3.12/site-packages/airflow/example_dags/example_sensor_decorator.py for tasks to queue
[2026-05-10T19:10:28.882+0000] {logging_mixin.py:188} INFO - [2026-05-10T19:10:28.882+0000] {dagbag.py:545} INFO - Filling up the DagBag from /home/airflow/.local/lib/python3.12/site-packages/airflow/example_dags/example_sensor_decorator.py
[2026-05-10T19:10:28.893+0000] {processor.py:840} INFO - DAG(s) 'example_sensor_decorator' retrieved from /home/airflow/.local/lib/python3.12/site-packages/airflow/example_dags/example_sensor_decorator.py
[2026-05-10T19:10:28.929+0000] {logging_mixin.py:188} INFO - [2026-05-10T19:10:28.929+0000] {dag.py:3089} INFO - Sync 1 DAGs
[2026-05-10T19:10:28.956+0000] {logging_mixin.py:188} INFO - [2026-05-10T19:10:28.955+0000] {dag.py:3947} INFO - Setting next_dagrun for example_sensor_decorator to None, run_after=None
[2026-05-10T19:10:29.001+0000] {processor.py:183} INFO - Processing /home/airflow/.local/lib/python3.12/site-packages/airflow/example_dags/example_sensor_decorator.py took 0.136 seconds
[2026-05-10T19:10:59.656+0000] {processor.py:161} INFO - Started process (PID=54980) to work on /home/airflow/.local/lib/python3.12/site-packages/airflow/example_dags/example_sensor_decorator.py
[2026-05-10T19:10:59.657+0000] {processor.py:830} INFO - Processing file /home/airflow/.local/lib/python3.12/site-packages/airflow/example_dags/example_sensor_decorator.py for tasks to queue
[2026-05-10T19:10:59.659+0000] {logging_mixin.py:188} INFO - [2026-05-10T19:10:59.659+0000] {dagbag.py:545} INFO - Filling up the DagBag from /home/airflow/.local/lib/python3.12/site-packages/airflow/example_dags/example_sensor_decorator.py
[2026-05-10T19:10:59.677+0000] {processor.py:840} INFO - DAG(s) 'example_sensor_decorator' retrieved from /home/airflow/.local/lib/python3.12/site-packages/airflow/example_dags/example_sensor_decorator.py
[2026-05-10T19:10:59.717+0000] {logging_mixin.py:188} INFO - [2026-05-10T19:10:59.716+0000] {dag.py:3089} INFO - Sync 1 DAGs
[2026-05-10T19:10:59.737+0000] {logging_mixin.py:188} INFO - [2026-05-10T19:10:59.737+0000] {dag.py:3947} INFO - Setting next_dagrun for example_sensor_decorator to None, run_after=None
[2026-05-10T19:10:59.798+0000] {processor.py:183} INFO - Processing /home/airflow/.local/lib/python3.12/site-packages/airflow/example_dags/example_sensor_decorator.py took 0.153 seconds
[2026-05-10T19:11:30.227+0000] {processor.py:161} INFO - Started process (PID=55048) to work on /home/airflow/.local/lib/python3.12/site-packages/airflow/example_dags/example_sensor_decorator.py
[2026-05-10T19:11:30.229+0000] {processor.py:830} INFO - Processing file /home/airflow/.local/lib/python3.12/site-packages/airflow/example_dags/example_sensor_decorator.py for tasks to queue
[2026-05-10T19:11:30.231+0000] {logging_mixin.py:188} INFO - [2026-05-10T19:11:30.231+0000] {dagbag.py:545} INFO - Filling up the DagBag from /home/airflow/.local/lib/python3.12/site-packages/airflow/example_dags/example_sensor_decorator.py
[2026-05-10T19:11:30.243+0000] {processor.py:840} INFO - DAG(s) 'example_sensor_decorator' retrieved from /home/airflow/.local/lib/python3.12/site-packages/airflow/example_dags/example_sensor_decorator.py
[2026-05-10T19:11:30.290+0000] {logging_mixin.py:188} INFO - [2026-05-10T19:11:30.290+0000] {dag.py:3089} INFO - Sync 1 DAGs
[2026-05-10T19:11:30.313+0000] {logging_mixin.py:188} INFO - [2026-05-10T19:11:30.313+0000] {dag.py:3947} INFO - Setting next_dagrun for example_sensor_decorator to None, run_after=None
[2026-05-10T19:11:30.346+0000] {processor.py:183} INFO - Processing /home/airflow/.local/lib/python3.12/site-packages/airflow/example_dags/example_sensor_decorator.py took 0.133 seconds
[2026-05-10T19:12:00.682+0000] {processor.py:161} INFO - Started process (PID=55116) to work on /home/airflow/.local/lib/python3.12/site-packages/airflow/example_dags/example_sensor_decorator.py
[2026-05-10T19:12:00.684+0000] {processor.py:830} INFO - Processing file /home/airflow/.local/lib/python3.12/site-packages/airflow/example_dags/example_sensor_decorator.py for tasks to queue
[2026-05-10T19:12:00.686+0000] {logging_mixin.py:188} INFO - [2026-05-10T19:12:00.686+0000] {dagbag.py:545} INFO - Filling up the DagBag from /home/airflow/.local/lib/python3.12/site-packages/airflow/example_dags/example_sensor_decorator.py
[2026-05-10T19:12:00.701+0000] {processor.py:840} INFO - DAG(s) 'example_sensor_decorator' retrieved from /home/airflow/.local/lib/python3.12/site-packages/airflow/example_dags/example_sensor_decorator.py
[2026-05-10T19:12:00.745+0000] {logging_mixin.py:188} INFO - [2026-05-10T19:12:00.745+0000] {dag.py:3089} INFO - Sync 1 DAGs
[2026-05-10T19:12:00.769+0000] {logging_mixin.py:188} INFO - [2026-05-10T19:12:00.768+0000] {dag.py:3947} INFO - Setting next_dagrun for example_sensor_decorator to None, run_after=None
[2026-05-10T19:12:00.861+0000] {processor.py:183} INFO - Processing /home/airflow/.local/lib/python3.12/site-packages/airflow/example_dags/example_sensor_decorator.py took 0.191 seconds
[2026-05-10T19:12:30.983+0000] {processor.py:161} INFO - Started process (PID=55184) to work on /home/airflow/.local/lib/python3.12/site-packages/airflow/example_dags/example_sensor_decorator.py
[2026-05-10T19:12:30.986+0000] {processor.py:830} INFO - Processing file /home/airflow/.local/lib/python3.12/site-packages/airflow/example_dags/example_sensor_decorator.py for tasks to queue
[2026-05-10T19:12:30.989+0000] {logging_mixin.py:188} INFO - [2026-05-10T19:12:30.987+0000] {dagbag.py:545} INFO - Filling up the DagBag from /home/airflow/.local/lib/python3.12/site-packages/airflow/example_dags/example_sensor_decorator.py
[2026-05-10T19:12:31.016+0000] {processor.py:840} INFO - DAG(s) 'example_sensor_decorator' retrieved from /home/airflow/.local/lib/python3.12/site-packages/airflow/example_dags/example_sensor_decorator.py
[2026-05-10T19:12:31.056+0000] {logging_mixin.py:188} INFO - [2026-05-10T19:12:31.055+0000] {dag.py:3089} INFO - Sync 1 DAGs
[2026-05-10T19:12:31.075+0000] {logging_mixin.py:188} INFO - [2026-05-10T19:12:31.075+0000] {dag.py:3947} INFO - Setting next_dagrun for example_sensor_decorator to None, run_after=None
[2026-05-10T19:12:31.137+0000] {processor.py:183} INFO - Processing /home/airflow/.local/lib/python3.12/site-packages/airflow/example_dags/example_sensor_decorator.py took 0.165 seconds
[2026-05-10T19:13:01.529+0000] {processor.py:161} INFO - Started process (PID=55252) to work on /home/airflow/.local/lib/python3.12/site-packages/airflow/example_dags/example_sensor_decorator.py
[2026-05-10T19:13:01.536+0000] {processor.py:830} INFO - Processing file /home/airflow/.local/lib/python3.12/site-packages/airflow/example_dags/example_sensor_decorator.py for tasks to queue
[2026-05-10T19:13:01.538+0000] {logging_mixin.py:188} INFO - [2026-05-10T19:13:01.538+0000] {dagbag.py:545} INFO - Filling up the DagBag from /home/airflow/.local/lib/python3.12/site-packages/airflow/example_dags/example_sensor_decorator.py
[2026-05-10T19:13:01.548+0000] {processor.py:840} INFO - DAG(s) 'example_sensor_decorator' retrieved from /home/airflow/.local/lib/python3.12/site-packages/airflow/example_dags/example_sensor_decorator.py
[2026-05-10T19:13:01.586+0000] {logging_mixin.py:188} INFO - [2026-05-10T19:13:01.586+0000] {dag.py:3089} INFO - Sync 1 DAGs
[2026-05-10T19:13:01.606+0000] {logging_mixin.py:188} INFO - [2026-05-10T19:13:01.605+0000] {dag.py:3947} INFO - Setting next_dagrun for example_sensor_decorator to None, run_after=None
[2026-05-10T19:13:01.642+0000] {processor.py:183} INFO - Processing /home/airflow/.local/lib/python3.12/site-packages/airflow/example_dags/example_sensor_decorator.py took 0.124 seconds
[2026-05-10T19:13:31.813+0000] {processor.py:161} INFO - Started process (PID=55320) to work on /home/airflow/.local/lib/python3.12/site-packages/airflow/example_dags/example_sensor_decorator.py
[2026-05-10T19:13:31.815+0000] {processor.py:830} INFO - Processing file /home/airflow/.local/lib/python3.12/site-packages/airflow/example_dags/example_sensor_decorator.py for tasks to queue
[2026-05-10T19:13:31.817+0000] {logging_mixin.py:188} INFO - [2026-05-10T19:13:31.816+0000] {dagbag.py:545} INFO - Filling up the DagBag from /home/airflow/.local/lib/python3.12/site-packages/airflow/example_dags/example_sensor_decorator.py
[2026-05-10T19:13:31.827+0000] {processor.py:840} INFO - DAG(s) 'example_sensor_decorator' retrieved from /home/airflow/.local/lib/python3.12/site-packages/airflow/example_dags/example_sensor_decorator.py
[2026-05-10T19:13:31.861+0000] {logging_mixin.py:188} INFO - [2026-05-10T19:13:31.861+0000] {dag.py:3089} INFO - Sync 1 DAGs
[2026-05-10T19:13:31.881+0000] {logging_mixin.py:188} INFO - [2026-05-10T19:13:31.880+0000] {dag.py:3947} INFO - Setting next_dagrun for example_sensor_decorator to None, run_after=None
[2026-05-10T19:13:31.939+0000] {processor.py:183} INFO - Processing /home/airflow/.local/lib/python3.12/site-packages/airflow/example_dags/example_sensor_decorator.py took 0.137 seconds
[2026-05-10T19:14:02.825+0000] {processor.py:161} INFO - Started process (PID=55395) to work on /home/airflow/.local/lib/python3.12/site-packages/airflow/example_dags/example_sensor_decorator.py
[2026-05-10T19:14:02.828+0000] {processor.py:830} INFO - Processing file /home/airflow/.local/lib/python3.12/site-packages/airflow/example_dags/example_sensor_decorator.py for tasks to queue
[2026-05-10T19:14:02.830+0000] {logging_mixin.py:188} INFO - [2026-05-10T19:14:02.829+0000] {dagbag.py:545} INFO - Filling up the DagBag from /home/airflow/.local/lib/python3.12/site-packages/airflow/example_dags/example_sensor_decorator.py
[2026-05-10T19:14:02.841+0000] {processor.py:840} INFO - DAG(s) 'example_sensor_decorator' retrieved from /home/airflow/.local/lib/python3.12/site-packages/airflow/example_dags/example_sensor_decorator.py
[2026-05-10T19:14:02.874+0000] {logging_mixin.py:188} INFO - [2026-05-10T19:14:02.873+0000] {dag.py:3089} INFO - Sync 1 DAGs
[2026-05-10T19:14:02.894+0000] {logging_mixin.py:188} INFO - [2026-05-10T19:14:02.894+0000] {dag.py:3947} INFO - Setting next_dagrun for example_sensor_decorator to None, run_after=None
[2026-05-10T19:14:02.928+0000] {processor.py:183} INFO - Processing /home/airflow/.local/lib/python3.12/site-packages/airflow/example_dags/example_sensor_decorator.py took 0.112 seconds
[2026-05-10T19:14:33.448+0000] {processor.py:161} INFO - Started process (PID=55463) to work on /home/airflow/.local/lib/python3.12/site-packages/airflow/example_dags/example_sensor_decorator.py
[2026-05-10T19:14:33.451+0000] {processor.py:830} INFO - Processing file /home/airflow/.local/lib/python3.12/site-packages/airflow/example_dags/example_sensor_decorator.py for tasks to queue
[2026-05-10T19:14:33.452+0000] {logging_mixin.py:188} INFO - [2026-05-10T19:14:33.452+0000] {dagbag.py:545} INFO - Filling up the DagBag from /home/airflow/.local/lib/python3.12/site-packages/airflow/example_dags/example_sensor_decorator.py
[2026-05-10T19:14:33.465+0000] {processor.py:840} INFO - DAG(s) 'example_sensor_decorator' retrieved from /home/airflow/.local/lib/python3.12/site-packages/airflow/example_dags/example_sensor_decorator.py
[2026-05-10T19:14:33.517+0000] {logging_mixin.py:188} INFO - [2026-05-10T19:14:33.517+0000] {dag.py:3089} INFO - Sync 1 DAGs
[2026-05-10T19:14:33.544+0000] {logging_mixin.py:188} INFO - [2026-05-10T19:14:33.543+0000] {dag.py:3947} INFO - Setting next_dagrun for example_sensor_decorator to None, run_after=None
[2026-05-10T19:14:33.624+0000] {processor.py:183} INFO - Processing /home/airflow/.local/lib/python3.12/site-packages/airflow/example_dags/example_sensor_decorator.py took 0.190 seconds
[2026-05-10T19:15:04.122+0000] {processor.py:161} INFO - Started process (PID=55531) to work on /home/airflow/.local/lib/python3.12/site-packages/airflow/example_dags/example_sensor_decorator.py
[2026-05-10T19:15:04.127+0000] {processor.py:830} INFO - Processing file /home/airflow/.local/lib/python3.12/site-packages/airflow/example_dags/example_sensor_decorator.py for tasks to queue
[2026-05-10T19:15:04.130+0000] {logging_mixin.py:188} INFO - [2026-05-10T19:15:04.129+0000] {dagbag.py:545} INFO - Filling up the DagBag from /home/airflow/.local/lib/python3.12/site-packages/airflow/example_dags/example_sensor_decorator.py
[2026-05-10T19:15:04.144+0000] {processor.py:840} INFO - DAG(s) 'example_sensor_decorator' retrieved from /home/airflow/.local/lib/python3.12/site-packages/airflow/example_dags/example_sensor_decorator.py
[2026-05-10T19:15:04.207+0000] {logging_mixin.py:188} INFO - [2026-05-10T19:15:04.206+0000] {dag.py:3089} INFO - Sync 1 DAGs
[2026-05-10T19:15:04.236+0000] {logging_mixin.py:188} INFO - [2026-05-10T19:15:04.236+0000] {dag.py:3947} INFO - Setting next_dagrun for example_sensor_decorator to None, run_after=None
[2026-05-10T19:15:04.313+0000] {processor.py:183} INFO - Processing /home/airflow/.local/lib/python3.12/site-packages/airflow/example_dags/example_sensor_decorator.py took 0.209 seconds
[2026-05-10T19:15:34.537+0000] {processor.py:161} INFO - Started process (PID=55598) to work on /home/airflow/.local/lib/python3.12/site-packages/airflow/example_dags/example_sensor_decorator.py
[2026-05-10T19:15:34.552+0000] {processor.py:830} INFO - Processing file /home/airflow/.local/lib/python3.12/site-packages/airflow/example_dags/example_sensor_decorator.py for tasks to queue
[2026-05-10T19:15:34.555+0000] {logging_mixin.py:188} INFO - [2026-05-10T19:15:34.554+0000] {dagbag.py:545} INFO - Filling up the DagBag from /home/airflow/.local/lib/python3.12/site-packages/airflow/example_dags/example_sensor_decorator.py
[2026-05-10T19:15:34.579+0000] {processor.py:840} INFO - DAG(s) 'example_sensor_decorator' retrieved from /home/airflow/.local/lib/python3.12/site-packages/airflow/example_dags/example_sensor_decorator.py
[2026-05-10T19:15:34.629+0000] {logging_mixin.py:188} INFO - [2026-05-10T19:15:34.628+0000] {dag.py:3089} INFO - Sync 1 DAGs
[2026-05-10T19:15:34.658+0000] {logging_mixin.py:188} INFO - [2026-05-10T19:15:34.658+0000] {dag.py:3947} INFO - Setting next_dagrun for example_sensor_decorator to None, run_after=None
[2026-05-10T19:15:34.735+0000] {processor.py:183} INFO - Processing /home/airflow/.local/lib/python3.12/site-packages/airflow/example_dags/example_sensor_decorator.py took 0.219 seconds
[2026-05-10T19:16:05.114+0000] {processor.py:161} INFO - Started process (PID=55667) to work on /home/airflow/.local/lib/python3.12/site-packages/airflow/example_dags/example_sensor_decorator.py
[2026-05-10T19:16:05.117+0000] {processor.py:830} INFO - Processing file /home/airflow/.local/lib/python3.12/site-packages/airflow/example_dags/example_sensor_decorator.py for tasks to queue
[2026-05-10T19:16:05.120+0000] {logging_mixin.py:188} INFO - [2026-05-10T19:16:05.119+0000] {dagbag.py:545} INFO - Filling up the DagBag from /home/airflow/.local/lib/python3.12/site-packages/airflow/example_dags/example_sensor_decorator.py
[2026-05-10T19:16:05.135+0000] {processor.py:840} INFO - DAG(s) 'example_sensor_decorator' retrieved from /home/airflow/.local/lib/python3.12/site-packages/airflow/example_dags/example_sensor_decorator.py
[2026-05-10T19:16:05.179+0000] {logging_mixin.py:188} INFO - [2026-05-10T19:16:05.178+0000] {dag.py:3089} INFO - Sync 1 DAGs
[2026-05-10T19:16:05.200+0000] {logging_mixin.py:188} INFO - [2026-05-10T19:16:05.199+0000] {dag.py:3947} INFO - Setting next_dagrun for example_sensor_decorator to None, run_after=None
[2026-05-10T19:16:05.235+0000] {processor.py:183} INFO - Processing /home/airflow/.local/lib/python3.12/site-packages/airflow/example_dags/example_sensor_decorator.py took 0.139 seconds
[2026-05-10T19:16:35.849+0000] {processor.py:161} INFO - Started process (PID=55735) to work on /home/airflow/.local/lib/python3.12/site-packages/airflow/example_dags/example_sensor_decorator.py
[2026-05-10T19:16:35.854+0000] {processor.py:830} INFO - Processing file /home/airflow/.local/lib/python3.12/site-packages/airflow/example_dags/example_sensor_decorator.py for tasks to queue
[2026-05-10T19:16:35.856+0000] {logging_mixin.py:188} INFO - [2026-05-10T19:16:35.855+0000] {dagbag.py:545} INFO - Filling up the DagBag from /home/airflow/.local/lib/python3.12/site-packages/airflow/example_dags/example_sensor_decorator.py
[2026-05-10T19:16:35.866+0000] {processor.py:840} INFO - DAG(s) 'example_sensor_decorator' retrieved from /home/airflow/.local/lib/python3.12/site-packages/airflow/example_dags/example_sensor_decorator.py
[2026-05-10T19:16:35.900+0000] {logging_mixin.py:188} INFO - [2026-05-10T19:16:35.900+0000] {dag.py:3089} INFO - Sync 1 DAGs
[2026-05-10T19:16:35.920+0000] {logging_mixin.py:188} INFO - [2026-05-10T19:16:35.919+0000] {dag.py:3947} INFO - Setting next_dagrun for example_sensor_decorator to None, run_after=None
[2026-05-10T19:16:36.257+0000] {processor.py:183} INFO - Processing /home/airflow/.local/lib/python3.12/site-packages/airflow/example_dags/example_sensor_decorator.py took 0.417 seconds
[2026-05-10T19:17:06.766+0000] {processor.py:161} INFO - Started process (PID=55802) to work on /home/airflow/.local/lib/python3.12/site-packages/airflow/example_dags/example_sensor_decorator.py
[2026-05-10T19:17:06.768+0000] {processor.py:830} INFO - Processing file /home/airflow/.local/lib/python3.12/site-packages/airflow/example_dags/example_sensor_decorator.py for tasks to queue
[2026-05-10T19:17:06.772+0000] {logging_mixin.py:188} INFO - [2026-05-10T19:17:06.771+0000] {dagbag.py:545} INFO - Filling up the DagBag from /home/airflow/.local/lib/python3.12/site-packages/airflow/example_dags/example_sensor_decorator.py
[2026-05-10T19:17:06.782+0000] {processor.py:840} INFO - DAG(s) 'example_sensor_decorator' retrieved from /home/airflow/.local/lib/python3.12/site-packages/airflow/example_dags/example_sensor_decorator.py
[2026-05-10T19:17:06.824+0000] {logging_mixin.py:188} INFO - [2026-05-10T19:17:06.824+0000] {dag.py:3089} INFO - Sync 1 DAGs
[2026-05-10T19:17:06.847+0000] {logging_mixin.py:188} INFO - [2026-05-10T19:17:06.846+0000] {dag.py:3947} INFO - Setting next_dagrun for example_sensor_decorator to None, run_after=None
[2026-05-10T19:17:06.892+0000] {processor.py:183} INFO - Processing /home/airflow/.local/lib/python3.12/site-packages/airflow/example_dags/example_sensor_decorator.py took 0.141 seconds
[2026-05-10T19:17:37.430+0000] {processor.py:161} INFO - Started process (PID=55877) to work on /home/airflow/.local/lib/python3.12/site-packages/airflow/example_dags/example_sensor_decorator.py
[2026-05-10T19:17:37.432+0000] {processor.py:830} INFO - Processing file /home/airflow/.local/lib/python3.12/site-packages/airflow/example_dags/example_sensor_decorator.py for tasks to queue
[2026-05-10T19:17:37.434+0000] {logging_mixin.py:188} INFO - [2026-05-10T19:17:37.433+0000] {dagbag.py:545} INFO - Filling up the DagBag from /home/airflow/.local/lib/python3.12/site-packages/airflow/example_dags/example_sensor_decorator.py
[2026-05-10T19:17:37.443+0000] {processor.py:840} INFO - DAG(s) 'example_sensor_decorator' retrieved from /home/airflow/.local/lib/python3.12/site-packages/airflow/example_dags/example_sensor_decorator.py
[2026-05-10T19:17:37.482+0000] {logging_mixin.py:188} INFO - [2026-05-10T19:17:37.482+0000] {dag.py:3089} INFO - Sync 1 DAGs
[2026-05-10T19:17:37.501+0000] {logging_mixin.py:188} INFO - [2026-05-10T19:17:37.501+0000] {dag.py:3947} INFO - Setting next_dagrun for example_sensor_decorator to None, run_after=None
[2026-05-10T19:17:37.538+0000] {processor.py:183} INFO - Processing /home/airflow/.local/lib/python3.12/site-packages/airflow/example_dags/example_sensor_decorator.py took 0.117 seconds
[2026-05-10T19:18:09.646+0000] {processor.py:161} INFO - Started process (PID=55945) to work on /home/airflow/.local/lib/python3.12/site-packages/airflow/example_dags/example_sensor_decorator.py
[2026-05-10T19:18:09.648+0000] {processor.py:830} INFO - Processing file /home/airflow/.local/lib/python3.12/site-packages/airflow/example_dags/example_sensor_decorator.py for tasks to queue
[2026-05-10T19:18:09.650+0000] {logging_mixin.py:188} INFO - [2026-05-10T19:18:09.649+0000] {dagbag.py:545} INFO - Filling up the DagBag from /home/airflow/.local/lib/python3.12/site-packages/airflow/example_dags/example_sensor_decorator.py
[2026-05-10T19:18:09.661+0000] {processor.py:840} INFO - DAG(s) 'example_sensor_decorator' retrieved from /home/airflow/.local/lib/python3.12/site-packages/airflow/example_dags/example_sensor_decorator.py
[2026-05-10T19:18:09.706+0000] {logging_mixin.py:188} INFO - [2026-05-10T19:18:09.706+0000] {dag.py:3089} INFO - Sync 1 DAGs
[2026-05-10T19:18:09.729+0000] {logging_mixin.py:188} INFO - [2026-05-10T19:18:09.728+0000] {dag.py:3947} INFO - Setting next_dagrun for example_sensor_decorator to None, run_after=None
[2026-05-10T19:18:09.765+0000] {processor.py:183} INFO - Processing /home/airflow/.local/lib/python3.12/site-packages/airflow/example_dags/example_sensor_decorator.py took 0.132 seconds
[2026-05-10T19:18:41.109+0000] {processor.py:161} INFO - Started process (PID=56013) to work on /home/airflow/.local/lib/python3.12/site-packages/airflow/example_dags/example_sensor_decorator.py
[2026-05-10T19:18:41.111+0000] {processor.py:830} INFO - Processing file /home/airflow/.local/lib/python3.12/site-packages/airflow/example_dags/example_sensor_decorator.py for tasks to queue
[2026-05-10T19:18:41.113+0000] {logging_mixin.py:188} INFO - [2026-05-10T19:18:41.112+0000] {dagbag.py:545} INFO - Filling up the DagBag from /home/airflow/.local/lib/python3.12/site-packages/airflow/example_dags/example_sensor_decorator.py
[2026-05-10T19:18:41.127+0000] {processor.py:840} INFO - DAG(s) 'example_sensor_decorator' retrieved from /home/airflow/.local/lib/python3.12/site-packages/airflow/example_dags/example_sensor_decorator.py
[2026-05-10T19:18:41.168+0000] {logging_mixin.py:188} INFO - [2026-05-10T19:18:41.167+0000] {dag.py:3089} INFO - Sync 1 DAGs
[2026-05-10T19:18:41.467+0000] {logging_mixin.py:188} INFO - [2026-05-10T19:18:41.466+0000] {dag.py:3947} INFO - Setting next_dagrun for example_sensor_decorator to None, run_after=None
[2026-05-10T19:18:41.502+0000] {processor.py:183} INFO - Processing /home/airflow/.local/lib/python3.12/site-packages/airflow/example_dags/example_sensor_decorator.py took 0.407 seconds
[2026-05-10T19:19:12.227+0000] {processor.py:161} INFO - Started process (PID=56081) to work on /home/airflow/.local/lib/python3.12/site-packages/airflow/example_dags/example_sensor_decorator.py
[2026-05-10T19:19:12.229+0000] {processor.py:830} INFO - Processing file /home/airflow/.local/lib/python3.12/site-packages/airflow/example_dags/example_sensor_decorator.py for tasks to queue
[2026-05-10T19:19:12.232+0000] {logging_mixin.py:188} INFO - [2026-05-10T19:19:12.231+0000] {dagbag.py:545} INFO - Filling up the DagBag from /home/airflow/.local/lib/python3.12/site-packages/airflow/example_dags/example_sensor_decorator.py
[2026-05-10T19:19:12.243+0000] {processor.py:840} INFO - DAG(s) 'example_sensor_decorator' retrieved from /home/airflow/.local/lib/python3.12/site-packages/airflow/example_dags/example_sensor_decorator.py
[2026-05-10T19:19:12.277+0000] {logging_mixin.py:188} INFO - [2026-05-10T19:19:12.277+0000] {dag.py:3089} INFO - Sync 1 DAGs
[2026-05-10T19:19:12.302+0000] {logging_mixin.py:188} INFO - [2026-05-10T19:19:12.302+0000] {dag.py:3947} INFO - Setting next_dagrun for example_sensor_decorator to None, run_after=None
[2026-05-10T19:19:12.343+0000] {processor.py:183} INFO - Processing /home/airflow/.local/lib/python3.12/site-packages/airflow/example_dags/example_sensor_decorator.py took 0.127 seconds
[2026-05-10T19:19:42.681+0000] {processor.py:161} INFO - Started process (PID=56149) to work on /home/airflow/.local/lib/python3.12/site-packages/airflow/example_dags/example_sensor_decorator.py
[2026-05-10T19:19:42.683+0000] {processor.py:830} INFO - Processing file /home/airflow/.local/lib/python3.12/site-packages/airflow/example_dags/example_sensor_decorator.py for tasks to queue
[2026-05-10T19:19:42.685+0000] {logging_mixin.py:188} INFO - [2026-05-10T19:19:42.684+0000] {dagbag.py:545} INFO - Filling up the DagBag from /home/airflow/.local/lib/python3.12/site-packages/airflow/example_dags/example_sensor_decorator.py
[2026-05-10T19:19:42.697+0000] {processor.py:840} INFO - DAG(s) 'example_sensor_decorator' retrieved from /home/airflow/.local/lib/python3.12/site-packages/airflow/example_dags/example_sensor_decorator.py
[2026-05-10T19:19:42.730+0000] {logging_mixin.py:188} INFO - [2026-05-10T19:19:42.730+0000] {dag.py:3089} INFO - Sync 1 DAGs
[2026-05-10T19:19:42.750+0000] {logging_mixin.py:188} INFO - [2026-05-10T19:19:42.750+0000] {dag.py:3947} INFO - Setting next_dagrun for example_sensor_decorator to None, run_after=None
[2026-05-10T19:19:42.784+0000] {processor.py:183} INFO - Processing /home/airflow/.local/lib/python3.12/site-packages/airflow/example_dags/example_sensor_decorator.py took 0.117 seconds
[2026-05-10T19:20:13.443+0000] {processor.py:161} INFO - Started process (PID=56217) to work on /home/airflow/.local/lib/python3.12/site-packages/airflow/example_dags/example_sensor_decorator.py
[2026-05-10T19:20:13.445+0000] {processor.py:830} INFO - Processing file /home/airflow/.local/lib/python3.12/site-packages/airflow/example_dags/example_sensor_decorator.py for tasks to queue
[2026-05-10T19:20:13.448+0000] {logging_mixin.py:188} INFO - [2026-05-10T19:20:13.447+0000] {dagbag.py:545} INFO - Filling up the DagBag from /home/airflow/.local/lib/python3.12/site-packages/airflow/example_dags/example_sensor_decorator.py
[2026-05-10T19:20:13.462+0000] {processor.py:840} INFO - DAG(s) 'example_sensor_decorator' retrieved from /home/airflow/.local/lib/python3.12/site-packages/airflow/example_dags/example_sensor_decorator.py
[2026-05-10T19:20:13.513+0000] {logging_mixin.py:188} INFO - [2026-05-10T19:20:13.512+0000] {dag.py:3089} INFO - Sync 1 DAGs
[2026-05-10T19:20:13.535+0000] {logging_mixin.py:188} INFO - [2026-05-10T19:20:13.535+0000] {dag.py:3947} INFO - Setting next_dagrun for example_sensor_decorator to None, run_after=None
[2026-05-10T19:20:13.601+0000] {processor.py:183} INFO - Processing /home/airflow/.local/lib/python3.12/site-packages/airflow/example_dags/example_sensor_decorator.py took 0.173 seconds
[2026-05-10T19:20:44.207+0000] {processor.py:161} INFO - Started process (PID=56292) to work on /home/airflow/.local/lib/python3.12/site-packages/airflow/example_dags/example_sensor_decorator.py
[2026-05-10T19:20:44.209+0000] {processor.py:830} INFO - Processing file /home/airflow/.local/lib/python3.12/site-packages/airflow/example_dags/example_sensor_decorator.py for tasks to queue
[2026-05-10T19:20:44.212+0000] {logging_mixin.py:188} INFO - [2026-05-10T19:20:44.211+0000] {dagbag.py:545} INFO - Filling up the DagBag from /home/airflow/.local/lib/python3.12/site-packages/airflow/example_dags/example_sensor_decorator.py
[2026-05-10T19:20:44.224+0000] {processor.py:840} INFO - DAG(s) 'example_sensor_decorator' retrieved from /home/airflow/.local/lib/python3.12/site-packages/airflow/example_dags/example_sensor_decorator.py
[2026-05-10T19:20:44.289+0000] {logging_mixin.py:188} INFO - [2026-05-10T19:20:44.289+0000] {dag.py:3089} INFO - Sync 1 DAGs
[2026-05-10T19:20:44.311+0000] {logging_mixin.py:188} INFO - [2026-05-10T19:20:44.310+0000] {dag.py:3947} INFO - Setting next_dagrun for example_sensor_decorator to None, run_after=None
[2026-05-10T19:20:44.353+0000] {processor.py:183} INFO - Processing /home/airflow/.local/lib/python3.12/site-packages/airflow/example_dags/example_sensor_decorator.py took 0.157 seconds
[2026-05-10T19:21:14.699+0000] {processor.py:161} INFO - Started process (PID=56360) to work on /home/airflow/.local/lib/python3.12/site-packages/airflow/example_dags/example_sensor_decorator.py
[2026-05-10T19:21:14.701+0000] {processor.py:830} INFO - Processing file /home/airflow/.local/lib/python3.12/site-packages/airflow/example_dags/example_sensor_decorator.py for tasks to queue
[2026-05-10T19:21:14.703+0000] {logging_mixin.py:188} INFO - [2026-05-10T19:21:14.702+0000] {dagbag.py:545} INFO - Filling up the DagBag from /home/airflow/.local/lib/python3.12/site-packages/airflow/example_dags/example_sensor_decorator.py
[2026-05-10T19:21:14.716+0000] {processor.py:840} INFO - DAG(s) 'example_sensor_decorator' retrieved from /home/airflow/.local/lib/python3.12/site-packages/airflow/example_dags/example_sensor_decorator.py
[2026-05-10T19:21:14.756+0000] {logging_mixin.py:188} INFO - [2026-05-10T19:21:14.756+0000] {dag.py:3089} INFO - Sync 1 DAGs
[2026-05-10T19:21:14.777+0000] {logging_mixin.py:188} INFO - [2026-05-10T19:21:14.777+0000] {dag.py:3947} INFO - Setting next_dagrun for example_sensor_decorator to None, run_after=None
[2026-05-10T19:21:14.892+0000] {processor.py:183} INFO - Processing /home/airflow/.local/lib/python3.12/site-packages/airflow/example_dags/example_sensor_decorator.py took 0.203 seconds
[2026-05-10T19:21:45.382+0000] {processor.py:161} INFO - Started process (PID=56427) to work on /home/airflow/.local/lib/python3.12/site-packages/airflow/example_dags/example_sensor_decorator.py
[2026-05-10T19:21:45.390+0000] {processor.py:830} INFO - Processing file /home/airflow/.local/lib/python3.12/site-packages/airflow/example_dags/example_sensor_decorator.py for tasks to queue
[2026-05-10T19:21:45.394+0000] {logging_mixin.py:188} INFO - [2026-05-10T19:21:45.393+0000] {dagbag.py:545} INFO - Filling up the DagBag from /home/airflow/.local/lib/python3.12/site-packages/airflow/example_dags/example_sensor_decorator.py
[2026-05-10T19:21:45.410+0000] {processor.py:840} INFO - DAG(s) 'example_sensor_decorator' retrieved from /home/airflow/.local/lib/python3.12/site-packages/airflow/example_dags/example_sensor_decorator.py
[2026-05-10T19:21:45.447+0000] {logging_mixin.py:188} INFO - [2026-05-10T19:21:45.446+0000] {dag.py:3089} INFO - Sync 1 DAGs
[2026-05-10T19:21:45.474+0000] {logging_mixin.py:188} INFO - [2026-05-10T19:21:45.474+0000] {dag.py:3947} INFO - Setting next_dagrun for example_sensor_decorator to None, run_after=None
[2026-05-10T19:21:45.535+0000] {processor.py:183} INFO - Processing /home/airflow/.local/lib/python3.12/site-packages/airflow/example_dags/example_sensor_decorator.py took 0.163 seconds
[2026-05-10T19:22:16.064+0000] {processor.py:161} INFO - Started process (PID=56495) to work on /home/airflow/.local/lib/python3.12/site-packages/airflow/example_dags/example_sensor_decorator.py
[2026-05-10T19:22:16.066+0000] {processor.py:830} INFO - Processing file /home/airflow/.local/lib/python3.12/site-packages/airflow/example_dags/example_sensor_decorator.py for tasks to queue
[2026-05-10T19:22:16.069+0000] {logging_mixin.py:188} INFO - [2026-05-10T19:22:16.068+0000] {dagbag.py:545} INFO - Filling up the DagBag from /home/airflow/.local/lib/python3.12/site-packages/airflow/example_dags/example_sensor_decorator.py
[2026-05-10T19:22:16.089+0000] {processor.py:840} INFO - DAG(s) 'example_sensor_decorator' retrieved from /home/airflow/.local/lib/python3.12/site-packages/airflow/example_dags/example_sensor_decorator.py
[2026-05-10T19:22:16.136+0000] {logging_mixin.py:188} INFO - [2026-05-10T19:22:16.135+0000] {dag.py:3089} INFO - Sync 1 DAGs
[2026-05-10T19:22:16.160+0000] {logging_mixin.py:188} INFO - [2026-05-10T19:22:16.160+0000] {dag.py:3947} INFO - Setting next_dagrun for example_sensor_decorator to None, run_after=None
[2026-05-10T19:22:16.223+0000] {processor.py:183} INFO - Processing /home/airflow/.local/lib/python3.12/site-packages/airflow/example_dags/example_sensor_decorator.py took 0.169 seconds
[2026-05-10T19:22:46.529+0000] {processor.py:161} INFO - Started process (PID=56562) to work on /home/airflow/.local/lib/python3.12/site-packages/airflow/example_dags/example_sensor_decorator.py
[2026-05-10T19:22:46.531+0000] {processor.py:830} INFO - Processing file /home/airflow/.local/lib/python3.12/site-packages/airflow/example_dags/example_sensor_decorator.py for tasks to queue
[2026-05-10T19:22:46.533+0000] {logging_mixin.py:188} INFO - [2026-05-10T19:22:46.533+0000] {dagbag.py:545} INFO - Filling up the DagBag from /home/airflow/.local/lib/python3.12/site-packages/airflow/example_dags/example_sensor_decorator.py
[2026-05-10T19:22:46.553+0000] {processor.py:840} INFO - DAG(s) 'example_sensor_decorator' retrieved from /home/airflow/.local/lib/python3.12/site-packages/airflow/example_dags/example_sensor_decorator.py
[2026-05-10T19:22:46.610+0000] {logging_mixin.py:188} INFO - [2026-05-10T19:22:46.610+0000] {dag.py:3089} INFO - Sync 1 DAGs
[2026-05-10T19:22:46.633+0000] {logging_mixin.py:188} INFO - [2026-05-10T19:22:46.632+0000] {dag.py:3947} INFO - Setting next_dagrun for example_sensor_decorator to None, run_after=None
[2026-05-10T19:22:46.668+0000] {processor.py:183} INFO - Processing /home/airflow/.local/lib/python3.12/site-packages/airflow/example_dags/example_sensor_decorator.py took 0.151 seconds
[2026-05-10T19:23:16.935+0000] {processor.py:161} INFO - Started process (PID=56630) to work on /home/airflow/.local/lib/python3.12/site-packages/airflow/example_dags/example_sensor_decorator.py
[2026-05-10T19:23:16.938+0000] {processor.py:830} INFO - Processing file /home/airflow/.local/lib/python3.12/site-packages/airflow/example_dags/example_sensor_decorator.py for tasks to queue
[2026-05-10T19:23:16.940+0000] {logging_mixin.py:188} INFO - [2026-05-10T19:23:16.940+0000] {dagbag.py:545} INFO - Filling up the DagBag from /home/airflow/.local/lib/python3.12/site-packages/airflow/example_dags/example_sensor_decorator.py
[2026-05-10T19:23:16.952+0000] {processor.py:840} INFO - DAG(s) 'example_sensor_decorator' retrieved from /home/airflow/.local/lib/python3.12/site-packages/airflow/example_dags/example_sensor_decorator.py
[2026-05-10T19:23:16.992+0000] {logging_mixin.py:188} INFO - [2026-05-10T19:23:16.992+0000] {dag.py:3089} INFO - Sync 1 DAGs
[2026-05-10T19:23:17.015+0000] {logging_mixin.py:188} INFO - [2026-05-10T19:23:17.014+0000] {dag.py:3947} INFO - Setting next_dagrun for example_sensor_decorator to None, run_after=None
[2026-05-10T19:23:17.077+0000] {processor.py:183} INFO - Processing /home/airflow/.local/lib/python3.12/site-packages/airflow/example_dags/example_sensor_decorator.py took 0.153 seconds
[2026-05-10T19:23:47.518+0000] {processor.py:161} INFO - Started process (PID=56698) to work on /home/airflow/.local/lib/python3.12/site-packages/airflow/example_dags/example_sensor_decorator.py
[2026-05-10T19:23:47.530+0000] {processor.py:830} INFO - Processing file /home/airflow/.local/lib/python3.12/site-packages/airflow/example_dags/example_sensor_decorator.py for tasks to queue
[2026-05-10T19:23:47.532+0000] {logging_mixin.py:188} INFO - [2026-05-10T19:23:47.532+0000] {dagbag.py:545} INFO - Filling up the DagBag from /home/airflow/.local/lib/python3.12/site-packages/airflow/example_dags/example_sensor_decorator.py
[2026-05-10T19:23:47.545+0000] {processor.py:840} INFO - DAG(s) 'example_sensor_decorator' retrieved from /home/airflow/.local/lib/python3.12/site-packages/airflow/example_dags/example_sensor_decorator.py
[2026-05-10T19:23:47.584+0000] {logging_mixin.py:188} INFO - [2026-05-10T19:23:47.584+0000] {dag.py:3089} INFO - Sync 1 DAGs
[2026-05-10T19:23:47.603+0000] {logging_mixin.py:188} INFO - [2026-05-10T19:23:47.602+0000] {dag.py:3947} INFO - Setting next_dagrun for example_sensor_decorator to None, run_after=None
[2026-05-10T19:23:47.640+0000] {processor.py:183} INFO - Processing /home/airflow/.local/lib/python3.12/site-packages/airflow/example_dags/example_sensor_decorator.py took 0.134 seconds
[2026-05-10T19:24:18.124+0000] {processor.py:161} INFO - Started process (PID=56772) to work on /home/airflow/.local/lib/python3.12/site-packages/airflow/example_dags/example_sensor_decorator.py
[2026-05-10T19:24:18.135+0000] {processor.py:830} INFO - Processing file /home/airflow/.local/lib/python3.12/site-packages/airflow/example_dags/example_sensor_decorator.py for tasks to queue
[2026-05-10T19:24:18.137+0000] {logging_mixin.py:188} INFO - [2026-05-10T19:24:18.136+0000] {dagbag.py:545} INFO - Filling up the DagBag from /home/airflow/.local/lib/python3.12/site-packages/airflow/example_dags/example_sensor_decorator.py
[2026-05-10T19:24:18.180+0000] {processor.py:840} INFO - DAG(s) 'example_sensor_decorator' retrieved from /home/airflow/.local/lib/python3.12/site-packages/airflow/example_dags/example_sensor_decorator.py
[2026-05-10T19:24:18.215+0000] {logging_mixin.py:188} INFO - [2026-05-10T19:24:18.214+0000] {dag.py:3089} INFO - Sync 1 DAGs
[2026-05-10T19:24:18.235+0000] {logging_mixin.py:188} INFO - [2026-05-10T19:24:18.234+0000] {dag.py:3947} INFO - Setting next_dagrun for example_sensor_decorator to None, run_after=None
[2026-05-10T19:24:18.293+0000] {processor.py:183} INFO - Processing /home/airflow/.local/lib/python3.12/site-packages/airflow/example_dags/example_sensor_decorator.py took 0.180 seconds
[2026-05-10T19:24:48.992+0000] {processor.py:161} INFO - Started process (PID=56840) to work on /home/airflow/.local/lib/python3.12/site-packages/airflow/example_dags/example_sensor_decorator.py
[2026-05-10T19:24:48.994+0000] {processor.py:830} INFO - Processing file /home/airflow/.local/lib/python3.12/site-packages/airflow/example_dags/example_sensor_decorator.py for tasks to queue
[2026-05-10T19:24:48.996+0000] {logging_mixin.py:188} INFO - [2026-05-10T19:24:48.995+0000] {dagbag.py:545} INFO - Filling up the DagBag from /home/airflow/.local/lib/python3.12/site-packages/airflow/example_dags/example_sensor_decorator.py
[2026-05-10T19:24:49.006+0000] {processor.py:840} INFO - DAG(s) 'example_sensor_decorator' retrieved from /home/airflow/.local/lib/python3.12/site-packages/airflow/example_dags/example_sensor_decorator.py
[2026-05-10T19:24:49.042+0000] {logging_mixin.py:188} INFO - [2026-05-10T19:24:49.042+0000] {dag.py:3089} INFO - Sync 1 DAGs
[2026-05-10T19:24:49.061+0000] {logging_mixin.py:188} INFO - [2026-05-10T19:24:49.060+0000] {dag.py:3947} INFO - Setting next_dagrun for example_sensor_decorator to None, run_after=None
[2026-05-10T19:24:49.120+0000] {processor.py:183} INFO - Processing /home/airflow/.local/lib/python3.12/site-packages/airflow/example_dags/example_sensor_decorator.py took 0.139 seconds
[2026-05-10T19:25:19.331+0000] {processor.py:161} INFO - Started process (PID=56908) to work on /home/airflow/.local/lib/python3.12/site-packages/airflow/example_dags/example_sensor_decorator.py
[2026-05-10T19:25:19.333+0000] {processor.py:830} INFO - Processing file /home/airflow/.local/lib/python3.12/site-packages/airflow/example_dags/example_sensor_decorator.py for tasks to queue
[2026-05-10T19:25:19.335+0000] {logging_mixin.py:188} INFO - [2026-05-10T19:25:19.335+0000] {dagbag.py:545} INFO - Filling up the DagBag from /home/airflow/.local/lib/python3.12/site-packages/airflow/example_dags/example_sensor_decorator.py
[2026-05-10T19:25:19.347+0000] {processor.py:840} INFO - DAG(s) 'example_sensor_decorator' retrieved from /home/airflow/.local/lib/python3.12/site-packages/airflow/example_dags/example_sensor_decorator.py
[2026-05-10T19:25:19.389+0000] {logging_mixin.py:188} INFO - [2026-05-10T19:25:19.388+0000] {dag.py:3089} INFO - Sync 1 DAGs
[2026-05-10T19:25:19.411+0000] {logging_mixin.py:188} INFO - [2026-05-10T19:25:19.410+0000] {dag.py:3947} INFO - Setting next_dagrun for example_sensor_decorator to None, run_after=None
[2026-05-10T19:25:19.471+0000] {processor.py:183} INFO - Processing /home/airflow/.local/lib/python3.12/site-packages/airflow/example_dags/example_sensor_decorator.py took 0.153 seconds
[2026-05-10T19:25:49.820+0000] {processor.py:161} INFO - Started process (PID=56976) to work on /home/airflow/.local/lib/python3.12/site-packages/airflow/example_dags/example_sensor_decorator.py
[2026-05-10T19:25:49.823+0000] {processor.py:830} INFO - Processing file /home/airflow/.local/lib/python3.12/site-packages/airflow/example_dags/example_sensor_decorator.py for tasks to queue
[2026-05-10T19:25:49.826+0000] {logging_mixin.py:188} INFO - [2026-05-10T19:25:49.825+0000] {dagbag.py:545} INFO - Filling up the DagBag from /home/airflow/.local/lib/python3.12/site-packages/airflow/example_dags/example_sensor_decorator.py
[2026-05-10T19:25:49.838+0000] {processor.py:840} INFO - DAG(s) 'example_sensor_decorator' retrieved from /home/airflow/.local/lib/python3.12/site-packages/airflow/example_dags/example_sensor_decorator.py
[2026-05-10T19:25:49.877+0000] {logging_mixin.py:188} INFO - [2026-05-10T19:25:49.876+0000] {dag.py:3089} INFO - Sync 1 DAGs
[2026-05-10T19:25:49.898+0000] {logging_mixin.py:188} INFO - [2026-05-10T19:25:49.898+0000] {dag.py:3947} INFO - Setting next_dagrun for example_sensor_decorator to None, run_after=None
[2026-05-10T19:25:49.930+0000] {processor.py:183} INFO - Processing /home/airflow/.local/lib/python3.12/site-packages/airflow/example_dags/example_sensor_decorator.py took 0.125 seconds
[2026-05-10T19:26:20.807+0000] {processor.py:161} INFO - Started process (PID=57044) to work on /home/airflow/.local/lib/python3.12/site-packages/airflow/example_dags/example_sensor_decorator.py
[2026-05-10T19:26:20.810+0000] {processor.py:830} INFO - Processing file /home/airflow/.local/lib/python3.12/site-packages/airflow/example_dags/example_sensor_decorator.py for tasks to queue
[2026-05-10T19:26:20.812+0000] {logging_mixin.py:188} INFO - [2026-05-10T19:26:20.812+0000] {dagbag.py:545} INFO - Filling up the DagBag from /home/airflow/.local/lib/python3.12/site-packages/airflow/example_dags/example_sensor_decorator.py
[2026-05-10T19:26:20.823+0000] {processor.py:840} INFO - DAG(s) 'example_sensor_decorator' retrieved from /home/airflow/.local/lib/python3.12/site-packages/airflow/example_dags/example_sensor_decorator.py
[2026-05-10T19:26:20.865+0000] {logging_mixin.py:188} INFO - [2026-05-10T19:26:20.865+0000] {dag.py:3089} INFO - Sync 1 DAGs
[2026-05-10T19:26:20.884+0000] {logging_mixin.py:188} INFO - [2026-05-10T19:26:20.883+0000] {dag.py:3947} INFO - Setting next_dagrun for example_sensor_decorator to None, run_after=None
[2026-05-10T19:26:20.949+0000] {processor.py:183} INFO - Processing /home/airflow/.local/lib/python3.12/site-packages/airflow/example_dags/example_sensor_decorator.py took 0.154 seconds
[2026-05-10T19:26:51.077+0000] {processor.py:161} INFO - Started process (PID=57112) to work on /home/airflow/.local/lib/python3.12/site-packages/airflow/example_dags/example_sensor_decorator.py
[2026-05-10T19:26:51.081+0000] {processor.py:830} INFO - Processing file /home/airflow/.local/lib/python3.12/site-packages/airflow/example_dags/example_sensor_decorator.py for tasks to queue
[2026-05-10T19:26:51.083+0000] {logging_mixin.py:188} INFO - [2026-05-10T19:26:51.082+0000] {dagbag.py:545} INFO - Filling up the DagBag from /home/airflow/.local/lib/python3.12/site-packages/airflow/example_dags/example_sensor_decorator.py
[2026-05-10T19:26:51.095+0000] {processor.py:840} INFO - DAG(s) 'example_sensor_decorator' retrieved from /home/airflow/.local/lib/python3.12/site-packages/airflow/example_dags/example_sensor_decorator.py
[2026-05-10T19:26:51.140+0000] {logging_mixin.py:188} INFO - [2026-05-10T19:26:51.140+0000] {dag.py:3089} INFO - Sync 1 DAGs
[2026-05-10T19:26:51.167+0000] {logging_mixin.py:188} INFO - [2026-05-10T19:26:51.166+0000] {dag.py:3947} INFO - Setting next_dagrun for example_sensor_decorator to None, run_after=None
[2026-05-10T19:26:51.230+0000] {processor.py:183} INFO - Processing /home/airflow/.local/lib/python3.12/site-packages/airflow/example_dags/example_sensor_decorator.py took 0.168 seconds
[2026-05-10T19:27:21.384+0000] {processor.py:161} INFO - Started process (PID=57180) to work on /home/airflow/.local/lib/python3.12/site-packages/airflow/example_dags/example_sensor_decorator.py
[2026-05-10T19:27:21.386+0000] {processor.py:830} INFO - Processing file /home/airflow/.local/lib/python3.12/site-packages/airflow/example_dags/example_sensor_decorator.py for tasks to queue
[2026-05-10T19:27:21.388+0000] {logging_mixin.py:188} INFO - [2026-05-10T19:27:21.387+0000] {dagbag.py:545} INFO - Filling up the DagBag from /home/airflow/.local/lib/python3.12/site-packages/airflow/example_dags/example_sensor_decorator.py
[2026-05-10T19:27:21.400+0000] {processor.py:840} INFO - DAG(s) 'example_sensor_decorator' retrieved from /home/airflow/.local/lib/python3.12/site-packages/airflow/example_dags/example_sensor_decorator.py
[2026-05-10T19:27:21.439+0000] {logging_mixin.py:188} INFO - [2026-05-10T19:27:21.438+0000] {dag.py:3089} INFO - Sync 1 DAGs
[2026-05-10T19:27:21.459+0000] {logging_mixin.py:188} INFO - [2026-05-10T19:27:21.458+0000] {dag.py:3947} INFO - Setting next_dagrun for example_sensor_decorator to None, run_after=None
[2026-05-10T19:27:21.628+0000] {processor.py:183} INFO - Processing /home/airflow/.local/lib/python3.12/site-packages/airflow/example_dags/example_sensor_decorator.py took 0.254 seconds
[2026-05-10T19:27:51.951+0000] {processor.py:161} INFO - Started process (PID=57247) to work on /home/airflow/.local/lib/python3.12/site-packages/airflow/example_dags/example_sensor_decorator.py
[2026-05-10T19:27:51.954+0000] {processor.py:830} INFO - Processing file /home/airflow/.local/lib/python3.12/site-packages/airflow/example_dags/example_sensor_decorator.py for tasks to queue
[2026-05-10T19:27:51.956+0000] {logging_mixin.py:188} INFO - [2026-05-10T19:27:51.955+0000] {dagbag.py:545} INFO - Filling up the DagBag from /home/airflow/.local/lib/python3.12/site-packages/airflow/example_dags/example_sensor_decorator.py
[2026-05-10T19:27:51.965+0000] {processor.py:840} INFO - DAG(s) 'example_sensor_decorator' retrieved from /home/airflow/.local/lib/python3.12/site-packages/airflow/example_dags/example_sensor_decorator.py
[2026-05-10T19:27:52.002+0000] {logging_mixin.py:188} INFO - [2026-05-10T19:27:52.002+0000] {dag.py:3089} INFO - Sync 1 DAGs
[2026-05-10T19:27:52.031+0000] {logging_mixin.py:188} INFO - [2026-05-10T19:27:52.030+0000] {dag.py:3947} INFO - Setting next_dagrun for example_sensor_decorator to None, run_after=None
[2026-05-10T19:27:52.099+0000] {processor.py:183} INFO - Processing /home/airflow/.local/lib/python3.12/site-packages/airflow/example_dags/example_sensor_decorator.py took 0.157 seconds
[2026-05-10T19:28:22.444+0000] {processor.py:161} INFO - Started process (PID=57315) to work on /home/airflow/.local/lib/python3.12/site-packages/airflow/example_dags/example_sensor_decorator.py
[2026-05-10T19:28:22.446+0000] {processor.py:830} INFO - Processing file /home/airflow/.local/lib/python3.12/site-packages/airflow/example_dags/example_sensor_decorator.py for tasks to queue
[2026-05-10T19:28:22.448+0000] {logging_mixin.py:188} INFO - [2026-05-10T19:28:22.447+0000] {dagbag.py:545} INFO - Filling up the DagBag from /home/airflow/.local/lib/python3.12/site-packages/airflow/example_dags/example_sensor_decorator.py
[2026-05-10T19:28:22.460+0000] {processor.py:840} INFO - DAG(s) 'example_sensor_decorator' retrieved from /home/airflow/.local/lib/python3.12/site-packages/airflow/example_dags/example_sensor_decorator.py
[2026-05-10T19:28:22.497+0000] {logging_mixin.py:188} INFO - [2026-05-10T19:28:22.497+0000] {dag.py:3089} INFO - Sync 1 DAGs
[2026-05-10T19:28:22.519+0000] {logging_mixin.py:188} INFO - [2026-05-10T19:28:22.518+0000] {dag.py:3947} INFO - Setting next_dagrun for example_sensor_decorator to None, run_after=None
[2026-05-10T19:28:22.555+0000] {processor.py:183} INFO - Processing /home/airflow/.local/lib/python3.12/site-packages/airflow/example_dags/example_sensor_decorator.py took 0.122 seconds
[2026-05-10T19:28:52.775+0000] {processor.py:161} INFO - Started process (PID=57390) to work on /home/airflow/.local/lib/python3.12/site-packages/airflow/example_dags/example_sensor_decorator.py
[2026-05-10T19:28:52.777+0000] {processor.py:830} INFO - Processing file /home/airflow/.local/lib/python3.12/site-packages/airflow/example_dags/example_sensor_decorator.py for tasks to queue
[2026-05-10T19:28:52.778+0000] {logging_mixin.py:188} INFO - [2026-05-10T19:28:52.778+0000] {dagbag.py:545} INFO - Filling up the DagBag from /home/airflow/.local/lib/python3.12/site-packages/airflow/example_dags/example_sensor_decorator.py
[2026-05-10T19:28:52.788+0000] {processor.py:840} INFO - DAG(s) 'example_sensor_decorator' retrieved from /home/airflow/.local/lib/python3.12/site-packages/airflow/example_dags/example_sensor_decorator.py
[2026-05-10T19:28:52.828+0000] {logging_mixin.py:188} INFO - [2026-05-10T19:28:52.827+0000] {dag.py:3089} INFO - Sync 1 DAGs
[2026-05-10T19:28:52.849+0000] {logging_mixin.py:188} INFO - [2026-05-10T19:28:52.849+0000] {dag.py:3947} INFO - Setting next_dagrun for example_sensor_decorator to None, run_after=None
[2026-05-10T19:28:52.890+0000] {processor.py:183} INFO - Processing /home/airflow/.local/lib/python3.12/site-packages/airflow/example_dags/example_sensor_decorator.py took 0.126 seconds
[2026-05-10T19:29:23.708+0000] {processor.py:161} INFO - Started process (PID=57458) to work on /home/airflow/.local/lib/python3.12/site-packages/airflow/example_dags/example_sensor_decorator.py
[2026-05-10T19:29:23.711+0000] {processor.py:830} INFO - Processing file /home/airflow/.local/lib/python3.12/site-packages/airflow/example_dags/example_sensor_decorator.py for tasks to queue
[2026-05-10T19:29:23.713+0000] {logging_mixin.py:188} INFO - [2026-05-10T19:29:23.713+0000] {dagbag.py:545} INFO - Filling up the DagBag from /home/airflow/.local/lib/python3.12/site-packages/airflow/example_dags/example_sensor_decorator.py
[2026-05-10T19:29:23.726+0000] {processor.py:840} INFO - DAG(s) 'example_sensor_decorator' retrieved from /home/airflow/.local/lib/python3.12/site-packages/airflow/example_dags/example_sensor_decorator.py
[2026-05-10T19:29:23.759+0000] {logging_mixin.py:188} INFO - [2026-05-10T19:29:23.758+0000] {dag.py:3089} INFO - Sync 1 DAGs
[2026-05-10T19:29:23.782+0000] {logging_mixin.py:188} INFO - [2026-05-10T19:29:23.781+0000] {dag.py:3947} INFO - Setting next_dagrun for example_sensor_decorator to None, run_after=None
[2026-05-10T19:29:23.847+0000] {processor.py:183} INFO - Processing /home/airflow/.local/lib/python3.12/site-packages/airflow/example_dags/example_sensor_decorator.py took 0.148 seconds
[2026-05-10T19:29:54.015+0000] {processor.py:161} INFO - Started process (PID=57526) to work on /home/airflow/.local/lib/python3.12/site-packages/airflow/example_dags/example_sensor_decorator.py
[2026-05-10T19:29:54.019+0000] {processor.py:830} INFO - Processing file /home/airflow/.local/lib/python3.12/site-packages/airflow/example_dags/example_sensor_decorator.py for tasks to queue
[2026-05-10T19:29:54.020+0000] {logging_mixin.py:188} INFO - [2026-05-10T19:29:54.020+0000] {dagbag.py:545} INFO - Filling up the DagBag from /home/airflow/.local/lib/python3.12/site-packages/airflow/example_dags/example_sensor_decorator.py
[2026-05-10T19:29:54.032+0000] {processor.py:840} INFO - DAG(s) 'example_sensor_decorator' retrieved from /home/airflow/.local/lib/python3.12/site-packages/airflow/example_dags/example_sensor_decorator.py
[2026-05-10T19:29:54.071+0000] {logging_mixin.py:188} INFO - [2026-05-10T19:29:54.070+0000] {dag.py:3089} INFO - Sync 1 DAGs
[2026-05-10T19:29:54.090+0000] {logging_mixin.py:188} INFO - [2026-05-10T19:29:54.090+0000] {dag.py:3947} INFO - Setting next_dagrun for example_sensor_decorator to None, run_after=None
[2026-05-10T19:29:54.149+0000] {processor.py:183} INFO - Processing /home/airflow/.local/lib/python3.12/site-packages/airflow/example_dags/example_sensor_decorator.py took 0.149 seconds
[2026-05-10T19:30:24.683+0000] {processor.py:161} INFO - Started process (PID=57593) to work on /home/airflow/.local/lib/python3.12/site-packages/airflow/example_dags/example_sensor_decorator.py
[2026-05-10T19:30:24.686+0000] {processor.py:830} INFO - Processing file /home/airflow/.local/lib/python3.12/site-packages/airflow/example_dags/example_sensor_decorator.py for tasks to queue
[2026-05-10T19:30:24.688+0000] {logging_mixin.py:188} INFO - [2026-05-10T19:30:24.687+0000] {dagbag.py:545} INFO - Filling up the DagBag from /home/airflow/.local/lib/python3.12/site-packages/airflow/example_dags/example_sensor_decorator.py
[2026-05-10T19:30:24.699+0000] {processor.py:840} INFO - DAG(s) 'example_sensor_decorator' retrieved from /home/airflow/.local/lib/python3.12/site-packages/airflow/example_dags/example_sensor_decorator.py
[2026-05-10T19:30:24.735+0000] {logging_mixin.py:188} INFO - [2026-05-10T19:30:24.734+0000] {dag.py:3089} INFO - Sync 1 DAGs
[2026-05-10T19:30:24.759+0000] {logging_mixin.py:188} INFO - [2026-05-10T19:30:24.758+0000] {dag.py:3947} INFO - Setting next_dagrun for example_sensor_decorator to None, run_after=None
[2026-05-10T19:30:24.932+0000] {processor.py:183} INFO - Processing /home/airflow/.local/lib/python3.12/site-packages/airflow/example_dags/example_sensor_decorator.py took 0.259 seconds
[2026-05-10T19:30:55.883+0000] {processor.py:161} INFO - Started process (PID=57662) to work on /home/airflow/.local/lib/python3.12/site-packages/airflow/example_dags/example_sensor_decorator.py
[2026-05-10T19:30:55.887+0000] {processor.py:830} INFO - Processing file /home/airflow/.local/lib/python3.12/site-packages/airflow/example_dags/example_sensor_decorator.py for tasks to queue
[2026-05-10T19:30:55.890+0000] {logging_mixin.py:188} INFO - [2026-05-10T19:30:55.889+0000] {dagbag.py:545} INFO - Filling up the DagBag from /home/airflow/.local/lib/python3.12/site-packages/airflow/example_dags/example_sensor_decorator.py
[2026-05-10T19:30:55.903+0000] {processor.py:840} INFO - DAG(s) 'example_sensor_decorator' retrieved from /home/airflow/.local/lib/python3.12/site-packages/airflow/example_dags/example_sensor_decorator.py
[2026-05-10T19:30:55.950+0000] {logging_mixin.py:188} INFO - [2026-05-10T19:30:55.950+0000] {dag.py:3089} INFO - Sync 1 DAGs
[2026-05-10T19:30:55.976+0000] {logging_mixin.py:188} INFO - [2026-05-10T19:30:55.975+0000] {dag.py:3947} INFO - Setting next_dagrun for example_sensor_decorator to None, run_after=None
[2026-05-10T19:30:56.044+0000] {processor.py:183} INFO - Processing /home/airflow/.local/lib/python3.12/site-packages/airflow/example_dags/example_sensor_decorator.py took 0.172 seconds
[2026-05-10T19:31:26.343+0000] {processor.py:161} INFO - Started process (PID=57730) to work on /home/airflow/.local/lib/python3.12/site-packages/airflow/example_dags/example_sensor_decorator.py
[2026-05-10T19:31:26.346+0000] {processor.py:830} INFO - Processing file /home/airflow/.local/lib/python3.12/site-packages/airflow/example_dags/example_sensor_decorator.py for tasks to queue
[2026-05-10T19:31:26.349+0000] {logging_mixin.py:188} INFO - [2026-05-10T19:31:26.348+0000] {dagbag.py:545} INFO - Filling up the DagBag from /home/airflow/.local/lib/python3.12/site-packages/airflow/example_dags/example_sensor_decorator.py
[2026-05-10T19:31:26.366+0000] {processor.py:840} INFO - DAG(s) 'example_sensor_decorator' retrieved from /home/airflow/.local/lib/python3.12/site-packages/airflow/example_dags/example_sensor_decorator.py
[2026-05-10T19:31:26.411+0000] {logging_mixin.py:188} INFO - [2026-05-10T19:31:26.410+0000] {dag.py:3089} INFO - Sync 1 DAGs
[2026-05-10T19:31:26.440+0000] {logging_mixin.py:188} INFO - [2026-05-10T19:31:26.439+0000] {dag.py:3947} INFO - Setting next_dagrun for example_sensor_decorator to None, run_after=None
[2026-05-10T19:31:26.485+0000] {processor.py:183} INFO - Processing /home/airflow/.local/lib/python3.12/site-packages/airflow/example_dags/example_sensor_decorator.py took 0.156 seconds
[2026-05-10T19:31:56.789+0000] {processor.py:161} INFO - Started process (PID=57798) to work on /home/airflow/.local/lib/python3.12/site-packages/airflow/example_dags/example_sensor_decorator.py
[2026-05-10T19:31:56.791+0000] {processor.py:830} INFO - Processing file /home/airflow/.local/lib/python3.12/site-packages/airflow/example_dags/example_sensor_decorator.py for tasks to queue
[2026-05-10T19:31:56.793+0000] {logging_mixin.py:188} INFO - [2026-05-10T19:31:56.793+0000] {dagbag.py:545} INFO - Filling up the DagBag from /home/airflow/.local/lib/python3.12/site-packages/airflow/example_dags/example_sensor_decorator.py
[2026-05-10T19:31:56.803+0000] {processor.py:840} INFO - DAG(s) 'example_sensor_decorator' retrieved from /home/airflow/.local/lib/python3.12/site-packages/airflow/example_dags/example_sensor_decorator.py
[2026-05-10T19:31:56.839+0000] {logging_mixin.py:188} INFO - [2026-05-10T19:31:56.839+0000] {dag.py:3089} INFO - Sync 1 DAGs
[2026-05-10T19:31:56.859+0000] {logging_mixin.py:188} INFO - [2026-05-10T19:31:56.858+0000] {dag.py:3947} INFO - Setting next_dagrun for example_sensor_decorator to None, run_after=None
[2026-05-10T19:31:56.904+0000] {processor.py:183} INFO - Processing /home/airflow/.local/lib/python3.12/site-packages/airflow/example_dags/example_sensor_decorator.py took 0.126 seconds
[2026-05-10T19:32:27.172+0000] {processor.py:161} INFO - Started process (PID=57866) to work on /home/airflow/.local/lib/python3.12/site-packages/airflow/example_dags/example_sensor_decorator.py
[2026-05-10T19:32:27.175+0000] {processor.py:830} INFO - Processing file /home/airflow/.local/lib/python3.12/site-packages/airflow/example_dags/example_sensor_decorator.py for tasks to queue
[2026-05-10T19:32:27.180+0000] {logging_mixin.py:188} INFO - [2026-05-10T19:32:27.179+0000] {dagbag.py:545} INFO - Filling up the DagBag from /home/airflow/.local/lib/python3.12/site-packages/airflow/example_dags/example_sensor_decorator.py
[2026-05-10T19:32:27.190+0000] {processor.py:840} INFO - DAG(s) 'example_sensor_decorator' retrieved from /home/airflow/.local/lib/python3.12/site-packages/airflow/example_dags/example_sensor_decorator.py
[2026-05-10T19:32:27.229+0000] {logging_mixin.py:188} INFO - [2026-05-10T19:32:27.228+0000] {dag.py:3089} INFO - Sync 1 DAGs
[2026-05-10T19:32:27.250+0000] {logging_mixin.py:188} INFO - [2026-05-10T19:32:27.250+0000] {dag.py:3947} INFO - Setting next_dagrun for example_sensor_decorator to None, run_after=None
[2026-05-10T19:32:27.302+0000] {processor.py:183} INFO - Processing /home/airflow/.local/lib/python3.12/site-packages/airflow/example_dags/example_sensor_decorator.py took 0.140 seconds
[2026-05-10T19:32:57.542+0000] {processor.py:161} INFO - Started process (PID=57941) to work on /home/airflow/.local/lib/python3.12/site-packages/airflow/example_dags/example_sensor_decorator.py
[2026-05-10T19:32:57.544+0000] {processor.py:830} INFO - Processing file /home/airflow/.local/lib/python3.12/site-packages/airflow/example_dags/example_sensor_decorator.py for tasks to queue
[2026-05-10T19:32:57.545+0000] {logging_mixin.py:188} INFO - [2026-05-10T19:32:57.544+0000] {dagbag.py:545} INFO - Filling up the DagBag from /home/airflow/.local/lib/python3.12/site-packages/airflow/example_dags/example_sensor_decorator.py
[2026-05-10T19:32:57.556+0000] {processor.py:840} INFO - DAG(s) 'example_sensor_decorator' retrieved from /home/airflow/.local/lib/python3.12/site-packages/airflow/example_dags/example_sensor_decorator.py
[2026-05-10T19:32:57.596+0000] {logging_mixin.py:188} INFO - [2026-05-10T19:32:57.596+0000] {dag.py:3089} INFO - Sync 1 DAGs
[2026-05-10T19:32:57.617+0000] {logging_mixin.py:188} INFO - [2026-05-10T19:32:57.617+0000] {dag.py:3947} INFO - Setting next_dagrun for example_sensor_decorator to None, run_after=None
[2026-05-10T19:32:57.651+0000] {processor.py:183} INFO - Processing /home/airflow/.local/lib/python3.12/site-packages/airflow/example_dags/example_sensor_decorator.py took 0.119 seconds
[2026-05-10T19:33:28.313+0000] {processor.py:161} INFO - Started process (PID=58009) to work on /home/airflow/.local/lib/python3.12/site-packages/airflow/example_dags/example_sensor_decorator.py
[2026-05-10T19:33:28.315+0000] {processor.py:830} INFO - Processing file /home/airflow/.local/lib/python3.12/site-packages/airflow/example_dags/example_sensor_decorator.py for tasks to queue
[2026-05-10T19:33:28.317+0000] {logging_mixin.py:188} INFO - [2026-05-10T19:33:28.317+0000] {dagbag.py:545} INFO - Filling up the DagBag from /home/airflow/.local/lib/python3.12/site-packages/airflow/example_dags/example_sensor_decorator.py
[2026-05-10T19:33:28.332+0000] {processor.py:840} INFO - DAG(s) 'example_sensor_decorator' retrieved from /home/airflow/.local/lib/python3.12/site-packages/airflow/example_dags/example_sensor_decorator.py
[2026-05-10T19:33:28.373+0000] {logging_mixin.py:188} INFO - [2026-05-10T19:33:28.372+0000] {dag.py:3089} INFO - Sync 1 DAGs
[2026-05-10T19:33:28.395+0000] {logging_mixin.py:188} INFO - [2026-05-10T19:33:28.395+0000] {dag.py:3947} INFO - Setting next_dagrun for example_sensor_decorator to None, run_after=None
[2026-05-10T19:33:28.462+0000] {processor.py:183} INFO - Processing /home/airflow/.local/lib/python3.12/site-packages/airflow/example_dags/example_sensor_decorator.py took 0.161 seconds
[2026-05-10T19:33:58.630+0000] {processor.py:161} INFO - Started process (PID=58077) to work on /home/airflow/.local/lib/python3.12/site-packages/airflow/example_dags/example_sensor_decorator.py
[2026-05-10T19:33:58.632+0000] {processor.py:830} INFO - Processing file /home/airflow/.local/lib/python3.12/site-packages/airflow/example_dags/example_sensor_decorator.py for tasks to queue
[2026-05-10T19:33:58.635+0000] {logging_mixin.py:188} INFO - [2026-05-10T19:33:58.634+0000] {dagbag.py:545} INFO - Filling up the DagBag from /home/airflow/.local/lib/python3.12/site-packages/airflow/example_dags/example_sensor_decorator.py
[2026-05-10T19:33:58.648+0000] {processor.py:840} INFO - DAG(s) 'example_sensor_decorator' retrieved from /home/airflow/.local/lib/python3.12/site-packages/airflow/example_dags/example_sensor_decorator.py
[2026-05-10T19:33:58.691+0000] {logging_mixin.py:188} INFO - [2026-05-10T19:33:58.690+0000] {dag.py:3089} INFO - Sync 1 DAGs
[2026-05-10T19:33:58.713+0000] {logging_mixin.py:188} INFO - [2026-05-10T19:33:58.712+0000] {dag.py:3947} INFO - Setting next_dagrun for example_sensor_decorator to None, run_after=None
[2026-05-10T19:33:58.780+0000] {processor.py:183} INFO - Processing /home/airflow/.local/lib/python3.12/site-packages/airflow/example_dags/example_sensor_decorator.py took 0.163 seconds
[2026-05-10T19:34:29.040+0000] {processor.py:161} INFO - Started process (PID=58145) to work on /home/airflow/.local/lib/python3.12/site-packages/airflow/example_dags/example_sensor_decorator.py
[2026-05-10T19:34:29.042+0000] {processor.py:830} INFO - Processing file /home/airflow/.local/lib/python3.12/site-packages/airflow/example_dags/example_sensor_decorator.py for tasks to queue
[2026-05-10T19:34:29.044+0000] {logging_mixin.py:188} INFO - [2026-05-10T19:34:29.044+0000] {dagbag.py:545} INFO - Filling up the DagBag from /home/airflow/.local/lib/python3.12/site-packages/airflow/example_dags/example_sensor_decorator.py
[2026-05-10T19:34:29.060+0000] {processor.py:840} INFO - DAG(s) 'example_sensor_decorator' retrieved from /home/airflow/.local/lib/python3.12/site-packages/airflow/example_dags/example_sensor_decorator.py
[2026-05-10T19:34:29.102+0000] {logging_mixin.py:188} INFO - [2026-05-10T19:34:29.102+0000] {dag.py:3089} INFO - Sync 1 DAGs
[2026-05-10T19:34:29.122+0000] {logging_mixin.py:188} INFO - [2026-05-10T19:34:29.121+0000] {dag.py:3947} INFO - Setting next_dagrun for example_sensor_decorator to None, run_after=None
[2026-05-10T19:34:29.166+0000] {processor.py:183} INFO - Processing /home/airflow/.local/lib/python3.12/site-packages/airflow/example_dags/example_sensor_decorator.py took 0.139 seconds
[2026-05-10T19:34:59.771+0000] {processor.py:161} INFO - Started process (PID=58213) to work on /home/airflow/.local/lib/python3.12/site-packages/airflow/example_dags/example_sensor_decorator.py
[2026-05-10T19:34:59.773+0000] {processor.py:830} INFO - Processing file /home/airflow/.local/lib/python3.12/site-packages/airflow/example_dags/example_sensor_decorator.py for tasks to queue
[2026-05-10T19:34:59.775+0000] {logging_mixin.py:188} INFO - [2026-05-10T19:34:59.774+0000] {dagbag.py:545} INFO - Filling up the DagBag from /home/airflow/.local/lib/python3.12/site-packages/airflow/example_dags/example_sensor_decorator.py
[2026-05-10T19:34:59.788+0000] {processor.py:840} INFO - DAG(s) 'example_sensor_decorator' retrieved from /home/airflow/.local/lib/python3.12/site-packages/airflow/example_dags/example_sensor_decorator.py
[2026-05-10T19:34:59.830+0000] {logging_mixin.py:188} INFO - [2026-05-10T19:34:59.829+0000] {dag.py:3089} INFO - Sync 1 DAGs
[2026-05-10T19:34:59.849+0000] {logging_mixin.py:188} INFO - [2026-05-10T19:34:59.849+0000] {dag.py:3947} INFO - Setting next_dagrun for example_sensor_decorator to None, run_after=None
[2026-05-10T19:34:59.916+0000] {processor.py:183} INFO - Processing /home/airflow/.local/lib/python3.12/site-packages/airflow/example_dags/example_sensor_decorator.py took 0.157 seconds
[2026-05-10T19:35:30.083+0000] {processor.py:161} INFO - Started process (PID=58281) to work on /home/airflow/.local/lib/python3.12/site-packages/airflow/example_dags/example_sensor_decorator.py
[2026-05-10T19:35:30.085+0000] {processor.py:830} INFO - Processing file /home/airflow/.local/lib/python3.12/site-packages/airflow/example_dags/example_sensor_decorator.py for tasks to queue
[2026-05-10T19:35:30.088+0000] {logging_mixin.py:188} INFO - [2026-05-10T19:35:30.087+0000] {dagbag.py:545} INFO - Filling up the DagBag from /home/airflow/.local/lib/python3.12/site-packages/airflow/example_dags/example_sensor_decorator.py
[2026-05-10T19:35:30.101+0000] {processor.py:840} INFO - DAG(s) 'example_sensor_decorator' retrieved from /home/airflow/.local/lib/python3.12/site-packages/airflow/example_dags/example_sensor_decorator.py
[2026-05-10T19:35:30.140+0000] {logging_mixin.py:188} INFO - [2026-05-10T19:35:30.140+0000] {dag.py:3089} INFO - Sync 1 DAGs
[2026-05-10T19:35:30.161+0000] {logging_mixin.py:188} INFO - [2026-05-10T19:35:30.161+0000] {dag.py:3947} INFO - Setting next_dagrun for example_sensor_decorator to None, run_after=None
[2026-05-10T19:35:30.201+0000] {processor.py:183} INFO - Processing /home/airflow/.local/lib/python3.12/site-packages/airflow/example_dags/example_sensor_decorator.py took 0.132 seconds
[2026-05-10T19:36:00.357+0000] {processor.py:161} INFO - Started process (PID=58349) to work on /home/airflow/.local/lib/python3.12/site-packages/airflow/example_dags/example_sensor_decorator.py
[2026-05-10T19:36:00.358+0000] {processor.py:830} INFO - Processing file /home/airflow/.local/lib/python3.12/site-packages/airflow/example_dags/example_sensor_decorator.py for tasks to queue
[2026-05-10T19:36:00.360+0000] {logging_mixin.py:188} INFO - [2026-05-10T19:36:00.359+0000] {dagbag.py:545} INFO - Filling up the DagBag from /home/airflow/.local/lib/python3.12/site-packages/airflow/example_dags/example_sensor_decorator.py
[2026-05-10T19:36:00.369+0000] {processor.py:840} INFO - DAG(s) 'example_sensor_decorator' retrieved from /home/airflow/.local/lib/python3.12/site-packages/airflow/example_dags/example_sensor_decorator.py
[2026-05-10T19:36:00.404+0000] {logging_mixin.py:188} INFO - [2026-05-10T19:36:00.403+0000] {dag.py:3089} INFO - Sync 1 DAGs
[2026-05-10T19:36:00.426+0000] {logging_mixin.py:188} INFO - [2026-05-10T19:36:00.425+0000] {dag.py:3947} INFO - Setting next_dagrun for example_sensor_decorator to None, run_after=None
[2026-05-10T19:36:00.462+0000] {processor.py:183} INFO - Processing /home/airflow/.local/lib/python3.12/site-packages/airflow/example_dags/example_sensor_decorator.py took 0.114 seconds
[2026-05-10T19:36:30.801+0000] {processor.py:161} INFO - Started process (PID=58415) to work on /home/airflow/.local/lib/python3.12/site-packages/airflow/example_dags/example_sensor_decorator.py
[2026-05-10T19:36:30.803+0000] {processor.py:830} INFO - Processing file /home/airflow/.local/lib/python3.12/site-packages/airflow/example_dags/example_sensor_decorator.py for tasks to queue
[2026-05-10T19:36:30.805+0000] {logging_mixin.py:188} INFO - [2026-05-10T19:36:30.804+0000] {dagbag.py:545} INFO - Filling up the DagBag from /home/airflow/.local/lib/python3.12/site-packages/airflow/example_dags/example_sensor_decorator.py
[2026-05-10T19:36:30.818+0000] {processor.py:840} INFO - DAG(s) 'example_sensor_decorator' retrieved from /home/airflow/.local/lib/python3.12/site-packages/airflow/example_dags/example_sensor_decorator.py
[2026-05-10T19:36:30.855+0000] {logging_mixin.py:188} INFO - [2026-05-10T19:36:30.854+0000] {dag.py:3089} INFO - Sync 1 DAGs
[2026-05-10T19:36:30.875+0000] {logging_mixin.py:188} INFO - [2026-05-10T19:36:30.875+0000] {dag.py:3947} INFO - Setting next_dagrun for example_sensor_decorator to None, run_after=None
[2026-05-10T19:36:30.936+0000] {processor.py:183} INFO - Processing /home/airflow/.local/lib/python3.12/site-packages/airflow/example_dags/example_sensor_decorator.py took 0.144 seconds
[2026-05-10T19:37:01.390+0000] {processor.py:161} INFO - Started process (PID=58483) to work on /home/airflow/.local/lib/python3.12/site-packages/airflow/example_dags/example_sensor_decorator.py
[2026-05-10T19:37:01.393+0000] {processor.py:830} INFO - Processing file /home/airflow/.local/lib/python3.12/site-packages/airflow/example_dags/example_sensor_decorator.py for tasks to queue
[2026-05-10T19:37:01.396+0000] {logging_mixin.py:188} INFO - [2026-05-10T19:37:01.395+0000] {dagbag.py:545} INFO - Filling up the DagBag from /home/airflow/.local/lib/python3.12/site-packages/airflow/example_dags/example_sensor_decorator.py
[2026-05-10T19:37:01.406+0000] {processor.py:840} INFO - DAG(s) 'example_sensor_decorator' retrieved from /home/airflow/.local/lib/python3.12/site-packages/airflow/example_dags/example_sensor_decorator.py
[2026-05-10T19:37:01.445+0000] {logging_mixin.py:188} INFO - [2026-05-10T19:37:01.444+0000] {dag.py:3089} INFO - Sync 1 DAGs
[2026-05-10T19:37:01.465+0000] {logging_mixin.py:188} INFO - [2026-05-10T19:37:01.465+0000] {dag.py:3947} INFO - Setting next_dagrun for example_sensor_decorator to None, run_after=None
[2026-05-10T19:37:01.501+0000] {processor.py:183} INFO - Processing /home/airflow/.local/lib/python3.12/site-packages/airflow/example_dags/example_sensor_decorator.py took 0.124 seconds
[2026-05-10T19:37:32.126+0000] {processor.py:161} INFO - Started process (PID=58558) to work on /home/airflow/.local/lib/python3.12/site-packages/airflow/example_dags/example_sensor_decorator.py
[2026-05-10T19:37:32.129+0000] {processor.py:830} INFO - Processing file /home/airflow/.local/lib/python3.12/site-packages/airflow/example_dags/example_sensor_decorator.py for tasks to queue
[2026-05-10T19:37:32.130+0000] {logging_mixin.py:188} INFO - [2026-05-10T19:37:32.130+0000] {dagbag.py:545} INFO - Filling up the DagBag from /home/airflow/.local/lib/python3.12/site-packages/airflow/example_dags/example_sensor_decorator.py
[2026-05-10T19:37:32.140+0000] {processor.py:840} INFO - DAG(s) 'example_sensor_decorator' retrieved from /home/airflow/.local/lib/python3.12/site-packages/airflow/example_dags/example_sensor_decorator.py
[2026-05-10T19:37:32.182+0000] {logging_mixin.py:188} INFO - [2026-05-10T19:37:32.181+0000] {dag.py:3089} INFO - Sync 1 DAGs
[2026-05-10T19:37:32.218+0000] {logging_mixin.py:188} INFO - [2026-05-10T19:37:32.217+0000] {dag.py:3947} INFO - Setting next_dagrun for example_sensor_decorator to None, run_after=None
[2026-05-10T19:37:32.288+0000] {processor.py:183} INFO - Processing /home/airflow/.local/lib/python3.12/site-packages/airflow/example_dags/example_sensor_decorator.py took 0.172 seconds
[2026-05-10T19:38:02.548+0000] {processor.py:161} INFO - Started process (PID=58626) to work on /home/airflow/.local/lib/python3.12/site-packages/airflow/example_dags/example_sensor_decorator.py
[2026-05-10T19:38:02.550+0000] {processor.py:830} INFO - Processing file /home/airflow/.local/lib/python3.12/site-packages/airflow/example_dags/example_sensor_decorator.py for tasks to queue
[2026-05-10T19:38:02.551+0000] {logging_mixin.py:188} INFO - [2026-05-10T19:38:02.551+0000] {dagbag.py:545} INFO - Filling up the DagBag from /home/airflow/.local/lib/python3.12/site-packages/airflow/example_dags/example_sensor_decorator.py
[2026-05-10T19:38:02.563+0000] {processor.py:840} INFO - DAG(s) 'example_sensor_decorator' retrieved from /home/airflow/.local/lib/python3.12/site-packages/airflow/example_dags/example_sensor_decorator.py
[2026-05-10T19:38:02.601+0000] {logging_mixin.py:188} INFO - [2026-05-10T19:38:02.600+0000] {dag.py:3089} INFO - Sync 1 DAGs
[2026-05-10T19:38:02.624+0000] {logging_mixin.py:188} INFO - [2026-05-10T19:38:02.623+0000] {dag.py:3947} INFO - Setting next_dagrun for example_sensor_decorator to None, run_after=None
[2026-05-10T19:38:02.794+0000] {processor.py:183} INFO - Processing /home/airflow/.local/lib/python3.12/site-packages/airflow/example_dags/example_sensor_decorator.py took 0.261 seconds
[2026-05-10T19:38:33.058+0000] {processor.py:161} INFO - Started process (PID=58694) to work on /home/airflow/.local/lib/python3.12/site-packages/airflow/example_dags/example_sensor_decorator.py
[2026-05-10T19:38:33.060+0000] {processor.py:830} INFO - Processing file /home/airflow/.local/lib/python3.12/site-packages/airflow/example_dags/example_sensor_decorator.py for tasks to queue
[2026-05-10T19:38:33.062+0000] {logging_mixin.py:188} INFO - [2026-05-10T19:38:33.061+0000] {dagbag.py:545} INFO - Filling up the DagBag from /home/airflow/.local/lib/python3.12/site-packages/airflow/example_dags/example_sensor_decorator.py
[2026-05-10T19:38:33.076+0000] {processor.py:840} INFO - DAG(s) 'example_sensor_decorator' retrieved from /home/airflow/.local/lib/python3.12/site-packages/airflow/example_dags/example_sensor_decorator.py
[2026-05-10T19:38:33.114+0000] {logging_mixin.py:188} INFO - [2026-05-10T19:38:33.113+0000] {dag.py:3089} INFO - Sync 1 DAGs
[2026-05-10T19:38:33.134+0000] {logging_mixin.py:188} INFO - [2026-05-10T19:38:33.133+0000] {dag.py:3947} INFO - Setting next_dagrun for example_sensor_decorator to None, run_after=None
[2026-05-10T19:38:33.189+0000] {processor.py:183} INFO - Processing /home/airflow/.local/lib/python3.12/site-packages/airflow/example_dags/example_sensor_decorator.py took 0.144 seconds
[2026-05-10T19:39:03.450+0000] {processor.py:161} INFO - Started process (PID=58762) to work on /home/airflow/.local/lib/python3.12/site-packages/airflow/example_dags/example_sensor_decorator.py
[2026-05-10T19:39:03.453+0000] {processor.py:830} INFO - Processing file /home/airflow/.local/lib/python3.12/site-packages/airflow/example_dags/example_sensor_decorator.py for tasks to queue
[2026-05-10T19:39:03.455+0000] {logging_mixin.py:188} INFO - [2026-05-10T19:39:03.454+0000] {dagbag.py:545} INFO - Filling up the DagBag from /home/airflow/.local/lib/python3.12/site-packages/airflow/example_dags/example_sensor_decorator.py
[2026-05-10T19:39:03.466+0000] {processor.py:840} INFO - DAG(s) 'example_sensor_decorator' retrieved from /home/airflow/.local/lib/python3.12/site-packages/airflow/example_dags/example_sensor_decorator.py
[2026-05-10T19:39:03.513+0000] {logging_mixin.py:188} INFO - [2026-05-10T19:39:03.512+0000] {dag.py:3089} INFO - Sync 1 DAGs
[2026-05-10T19:39:03.535+0000] {logging_mixin.py:188} INFO - [2026-05-10T19:39:03.535+0000] {dag.py:3947} INFO - Setting next_dagrun for example_sensor_decorator to None, run_after=None
[2026-05-10T19:39:03.603+0000] {processor.py:183} INFO - Processing /home/airflow/.local/lib/python3.12/site-packages/airflow/example_dags/example_sensor_decorator.py took 0.166 seconds
[2026-05-10T19:39:33.769+0000] {processor.py:161} INFO - Started process (PID=58830) to work on /home/airflow/.local/lib/python3.12/site-packages/airflow/example_dags/example_sensor_decorator.py
[2026-05-10T19:39:33.772+0000] {processor.py:830} INFO - Processing file /home/airflow/.local/lib/python3.12/site-packages/airflow/example_dags/example_sensor_decorator.py for tasks to queue
[2026-05-10T19:39:33.774+0000] {logging_mixin.py:188} INFO - [2026-05-10T19:39:33.773+0000] {dagbag.py:545} INFO - Filling up the DagBag from /home/airflow/.local/lib/python3.12/site-packages/airflow/example_dags/example_sensor_decorator.py
[2026-05-10T19:39:33.784+0000] {processor.py:840} INFO - DAG(s) 'example_sensor_decorator' retrieved from /home/airflow/.local/lib/python3.12/site-packages/airflow/example_dags/example_sensor_decorator.py
[2026-05-10T19:39:33.830+0000] {logging_mixin.py:188} INFO - [2026-05-10T19:39:33.830+0000] {dag.py:3089} INFO - Sync 1 DAGs
[2026-05-10T19:39:33.857+0000] {logging_mixin.py:188} INFO - [2026-05-10T19:39:33.856+0000] {dag.py:3947} INFO - Setting next_dagrun for example_sensor_decorator to None, run_after=None
[2026-05-10T19:39:33.923+0000] {processor.py:183} INFO - Processing /home/airflow/.local/lib/python3.12/site-packages/airflow/example_dags/example_sensor_decorator.py took 0.165 seconds
[2026-05-10T19:40:04.451+0000] {processor.py:161} INFO - Started process (PID=58898) to work on /home/airflow/.local/lib/python3.12/site-packages/airflow/example_dags/example_sensor_decorator.py
[2026-05-10T19:40:04.454+0000] {processor.py:830} INFO - Processing file /home/airflow/.local/lib/python3.12/site-packages/airflow/example_dags/example_sensor_decorator.py for tasks to queue
[2026-05-10T19:40:04.458+0000] {logging_mixin.py:188} INFO - [2026-05-10T19:40:04.456+0000] {dagbag.py:545} INFO - Filling up the DagBag from /home/airflow/.local/lib/python3.12/site-packages/airflow/example_dags/example_sensor_decorator.py
[2026-05-10T19:40:04.474+0000] {processor.py:840} INFO - DAG(s) 'example_sensor_decorator' retrieved from /home/airflow/.local/lib/python3.12/site-packages/airflow/example_dags/example_sensor_decorator.py
[2026-05-10T19:40:04.515+0000] {logging_mixin.py:188} INFO - [2026-05-10T19:40:04.514+0000] {dag.py:3089} INFO - Sync 1 DAGs
[2026-05-10T19:40:04.535+0000] {logging_mixin.py:188} INFO - [2026-05-10T19:40:04.534+0000] {dag.py:3947} INFO - Setting next_dagrun for example_sensor_decorator to None, run_after=None
[2026-05-10T19:40:04.603+0000] {processor.py:183} INFO - Processing /home/airflow/.local/lib/python3.12/site-packages/airflow/example_dags/example_sensor_decorator.py took 0.166 seconds
[2026-05-10T19:40:35.003+0000] {processor.py:161} INFO - Started process (PID=58967) to work on /home/airflow/.local/lib/python3.12/site-packages/airflow/example_dags/example_sensor_decorator.py
[2026-05-10T19:40:35.006+0000] {processor.py:830} INFO - Processing file /home/airflow/.local/lib/python3.12/site-packages/airflow/example_dags/example_sensor_decorator.py for tasks to queue
[2026-05-10T19:40:35.008+0000] {logging_mixin.py:188} INFO - [2026-05-10T19:40:35.007+0000] {dagbag.py:545} INFO - Filling up the DagBag from /home/airflow/.local/lib/python3.12/site-packages/airflow/example_dags/example_sensor_decorator.py
[2026-05-10T19:40:35.017+0000] {processor.py:840} INFO - DAG(s) 'example_sensor_decorator' retrieved from /home/airflow/.local/lib/python3.12/site-packages/airflow/example_dags/example_sensor_decorator.py
[2026-05-10T19:40:35.054+0000] {logging_mixin.py:188} INFO - [2026-05-10T19:40:35.054+0000] {dag.py:3089} INFO - Sync 1 DAGs
[2026-05-10T19:40:35.074+0000] {logging_mixin.py:188} INFO - [2026-05-10T19:40:35.074+0000] {dag.py:3947} INFO - Setting next_dagrun for example_sensor_decorator to None, run_after=None
[2026-05-10T19:40:35.139+0000] {processor.py:183} INFO - Processing /home/airflow/.local/lib/python3.12/site-packages/airflow/example_dags/example_sensor_decorator.py took 0.145 seconds
[2026-05-10T19:41:05.759+0000] {processor.py:161} INFO - Started process (PID=59035) to work on /home/airflow/.local/lib/python3.12/site-packages/airflow/example_dags/example_sensor_decorator.py
[2026-05-10T19:41:05.761+0000] {processor.py:830} INFO - Processing file /home/airflow/.local/lib/python3.12/site-packages/airflow/example_dags/example_sensor_decorator.py for tasks to queue
[2026-05-10T19:41:05.763+0000] {logging_mixin.py:188} INFO - [2026-05-10T19:41:05.763+0000] {dagbag.py:545} INFO - Filling up the DagBag from /home/airflow/.local/lib/python3.12/site-packages/airflow/example_dags/example_sensor_decorator.py
[2026-05-10T19:41:05.775+0000] {processor.py:840} INFO - DAG(s) 'example_sensor_decorator' retrieved from /home/airflow/.local/lib/python3.12/site-packages/airflow/example_dags/example_sensor_decorator.py
[2026-05-10T19:41:05.820+0000] {logging_mixin.py:188} INFO - [2026-05-10T19:41:05.819+0000] {dag.py:3089} INFO - Sync 1 DAGs
[2026-05-10T19:41:05.841+0000] {logging_mixin.py:188} INFO - [2026-05-10T19:41:05.841+0000] {dag.py:3947} INFO - Setting next_dagrun for example_sensor_decorator to None, run_after=None
[2026-05-10T19:41:05.905+0000] {processor.py:183} INFO - Processing /home/airflow/.local/lib/python3.12/site-packages/airflow/example_dags/example_sensor_decorator.py took 0.156 seconds
[2026-05-10T19:41:36.351+0000] {processor.py:161} INFO - Started process (PID=59110) to work on /home/airflow/.local/lib/python3.12/site-packages/airflow/example_dags/example_sensor_decorator.py
[2026-05-10T19:41:36.354+0000] {processor.py:830} INFO - Processing file /home/airflow/.local/lib/python3.12/site-packages/airflow/example_dags/example_sensor_decorator.py for tasks to queue
[2026-05-10T19:41:36.356+0000] {logging_mixin.py:188} INFO - [2026-05-10T19:41:36.355+0000] {dagbag.py:545} INFO - Filling up the DagBag from /home/airflow/.local/lib/python3.12/site-packages/airflow/example_dags/example_sensor_decorator.py
[2026-05-10T19:41:36.368+0000] {processor.py:840} INFO - DAG(s) 'example_sensor_decorator' retrieved from /home/airflow/.local/lib/python3.12/site-packages/airflow/example_dags/example_sensor_decorator.py
[2026-05-10T19:41:36.406+0000] {logging_mixin.py:188} INFO - [2026-05-10T19:41:36.406+0000] {dag.py:3089} INFO - Sync 1 DAGs
[2026-05-10T19:41:36.429+0000] {logging_mixin.py:188} INFO - [2026-05-10T19:41:36.429+0000] {dag.py:3947} INFO - Setting next_dagrun for example_sensor_decorator to None, run_after=None
[2026-05-10T19:41:36.570+0000] {processor.py:183} INFO - Processing /home/airflow/.local/lib/python3.12/site-packages/airflow/example_dags/example_sensor_decorator.py took 0.227 seconds
[2026-05-10T19:42:06.780+0000] {processor.py:161} INFO - Started process (PID=59178) to work on /home/airflow/.local/lib/python3.12/site-packages/airflow/example_dags/example_sensor_decorator.py
[2026-05-10T19:42:06.783+0000] {processor.py:830} INFO - Processing file /home/airflow/.local/lib/python3.12/site-packages/airflow/example_dags/example_sensor_decorator.py for tasks to queue
[2026-05-10T19:42:06.789+0000] {logging_mixin.py:188} INFO - [2026-05-10T19:42:06.789+0000] {dagbag.py:545} INFO - Filling up the DagBag from /home/airflow/.local/lib/python3.12/site-packages/airflow/example_dags/example_sensor_decorator.py
[2026-05-10T19:42:06.800+0000] {processor.py:840} INFO - DAG(s) 'example_sensor_decorator' retrieved from /home/airflow/.local/lib/python3.12/site-packages/airflow/example_dags/example_sensor_decorator.py
[2026-05-10T19:42:06.844+0000] {logging_mixin.py:188} INFO - [2026-05-10T19:42:06.843+0000] {dag.py:3089} INFO - Sync 1 DAGs
[2026-05-10T19:42:06.868+0000] {logging_mixin.py:188} INFO - [2026-05-10T19:42:06.868+0000] {dag.py:3947} INFO - Setting next_dagrun for example_sensor_decorator to None, run_after=None
[2026-05-10T19:42:06.929+0000] {processor.py:183} INFO - Processing /home/airflow/.local/lib/python3.12/site-packages/airflow/example_dags/example_sensor_decorator.py took 0.158 seconds
[2026-05-10T19:42:37.321+0000] {processor.py:161} INFO - Started process (PID=59246) to work on /home/airflow/.local/lib/python3.12/site-packages/airflow/example_dags/example_sensor_decorator.py
[2026-05-10T19:42:37.323+0000] {processor.py:830} INFO - Processing file /home/airflow/.local/lib/python3.12/site-packages/airflow/example_dags/example_sensor_decorator.py for tasks to queue
[2026-05-10T19:42:37.325+0000] {logging_mixin.py:188} INFO - [2026-05-10T19:42:37.325+0000] {dagbag.py:545} INFO - Filling up the DagBag from /home/airflow/.local/lib/python3.12/site-packages/airflow/example_dags/example_sensor_decorator.py
[2026-05-10T19:42:37.336+0000] {processor.py:840} INFO - DAG(s) 'example_sensor_decorator' retrieved from /home/airflow/.local/lib/python3.12/site-packages/airflow/example_dags/example_sensor_decorator.py
[2026-05-10T19:42:37.376+0000] {logging_mixin.py:188} INFO - [2026-05-10T19:42:37.376+0000] {dag.py:3089} INFO - Sync 1 DAGs
[2026-05-10T19:42:37.397+0000] {logging_mixin.py:188} INFO - [2026-05-10T19:42:37.397+0000] {dag.py:3947} INFO - Setting next_dagrun for example_sensor_decorator to None, run_after=None
[2026-05-10T19:42:37.462+0000] {processor.py:183} INFO - Processing /home/airflow/.local/lib/python3.12/site-packages/airflow/example_dags/example_sensor_decorator.py took 0.153 seconds
[2026-05-10T19:43:07.625+0000] {processor.py:161} INFO - Started process (PID=59314) to work on /home/airflow/.local/lib/python3.12/site-packages/airflow/example_dags/example_sensor_decorator.py
[2026-05-10T19:43:07.627+0000] {processor.py:830} INFO - Processing file /home/airflow/.local/lib/python3.12/site-packages/airflow/example_dags/example_sensor_decorator.py for tasks to queue
[2026-05-10T19:43:07.629+0000] {logging_mixin.py:188} INFO - [2026-05-10T19:43:07.629+0000] {dagbag.py:545} INFO - Filling up the DagBag from /home/airflow/.local/lib/python3.12/site-packages/airflow/example_dags/example_sensor_decorator.py
[2026-05-10T19:43:07.643+0000] {processor.py:840} INFO - DAG(s) 'example_sensor_decorator' retrieved from /home/airflow/.local/lib/python3.12/site-packages/airflow/example_dags/example_sensor_decorator.py
[2026-05-10T19:43:07.679+0000] {logging_mixin.py:188} INFO - [2026-05-10T19:43:07.679+0000] {dag.py:3089} INFO - Sync 1 DAGs
[2026-05-10T19:43:07.698+0000] {logging_mixin.py:188} INFO - [2026-05-10T19:43:07.697+0000] {dag.py:3947} INFO - Setting next_dagrun for example_sensor_decorator to None, run_after=None
[2026-05-10T19:43:07.764+0000] {processor.py:183} INFO - Processing /home/airflow/.local/lib/python3.12/site-packages/airflow/example_dags/example_sensor_decorator.py took 0.152 seconds
[2026-05-10T19:43:38.142+0000] {processor.py:161} INFO - Started process (PID=59382) to work on /home/airflow/.local/lib/python3.12/site-packages/airflow/example_dags/example_sensor_decorator.py
[2026-05-10T19:43:38.145+0000] {processor.py:830} INFO - Processing file /home/airflow/.local/lib/python3.12/site-packages/airflow/example_dags/example_sensor_decorator.py for tasks to queue
[2026-05-10T19:43:38.147+0000] {logging_mixin.py:188} INFO - [2026-05-10T19:43:38.146+0000] {dagbag.py:545} INFO - Filling up the DagBag from /home/airflow/.local/lib/python3.12/site-packages/airflow/example_dags/example_sensor_decorator.py
[2026-05-10T19:43:38.160+0000] {processor.py:840} INFO - DAG(s) 'example_sensor_decorator' retrieved from /home/airflow/.local/lib/python3.12/site-packages/airflow/example_dags/example_sensor_decorator.py
[2026-05-10T19:43:38.199+0000] {logging_mixin.py:188} INFO - [2026-05-10T19:43:38.199+0000] {dag.py:3089} INFO - Sync 1 DAGs
[2026-05-10T19:43:38.218+0000] {logging_mixin.py:188} INFO - [2026-05-10T19:43:38.217+0000] {dag.py:3947} INFO - Setting next_dagrun for example_sensor_decorator to None, run_after=None
[2026-05-10T19:43:38.257+0000] {processor.py:183} INFO - Processing /home/airflow/.local/lib/python3.12/site-packages/airflow/example_dags/example_sensor_decorator.py took 0.128 seconds
[2026-05-10T19:44:08.855+0000] {processor.py:161} INFO - Started process (PID=59449) to work on /home/airflow/.local/lib/python3.12/site-packages/airflow/example_dags/example_sensor_decorator.py
[2026-05-10T19:44:08.857+0000] {processor.py:830} INFO - Processing file /home/airflow/.local/lib/python3.12/site-packages/airflow/example_dags/example_sensor_decorator.py for tasks to queue
[2026-05-10T19:44:08.860+0000] {logging_mixin.py:188} INFO - [2026-05-10T19:44:08.859+0000] {dagbag.py:545} INFO - Filling up the DagBag from /home/airflow/.local/lib/python3.12/site-packages/airflow/example_dags/example_sensor_decorator.py
[2026-05-10T19:44:08.871+0000] {processor.py:840} INFO - DAG(s) 'example_sensor_decorator' retrieved from /home/airflow/.local/lib/python3.12/site-packages/airflow/example_dags/example_sensor_decorator.py
[2026-05-10T19:44:08.907+0000] {logging_mixin.py:188} INFO - [2026-05-10T19:44:08.906+0000] {dag.py:3089} INFO - Sync 1 DAGs
[2026-05-10T19:44:08.925+0000] {logging_mixin.py:188} INFO - [2026-05-10T19:44:08.925+0000] {dag.py:3947} INFO - Setting next_dagrun for example_sensor_decorator to None, run_after=None
[2026-05-10T19:44:08.964+0000] {processor.py:183} INFO - Processing /home/airflow/.local/lib/python3.12/site-packages/airflow/example_dags/example_sensor_decorator.py took 0.121 seconds
[2026-05-10T19:44:39.313+0000] {processor.py:161} INFO - Started process (PID=59517) to work on /home/airflow/.local/lib/python3.12/site-packages/airflow/example_dags/example_sensor_decorator.py
[2026-05-10T19:44:39.316+0000] {processor.py:830} INFO - Processing file /home/airflow/.local/lib/python3.12/site-packages/airflow/example_dags/example_sensor_decorator.py for tasks to queue
[2026-05-10T19:44:39.319+0000] {logging_mixin.py:188} INFO - [2026-05-10T19:44:39.318+0000] {dagbag.py:545} INFO - Filling up the DagBag from /home/airflow/.local/lib/python3.12/site-packages/airflow/example_dags/example_sensor_decorator.py
[2026-05-10T19:44:39.332+0000] {processor.py:840} INFO - DAG(s) 'example_sensor_decorator' retrieved from /home/airflow/.local/lib/python3.12/site-packages/airflow/example_dags/example_sensor_decorator.py
[2026-05-10T19:44:39.372+0000] {logging_mixin.py:188} INFO - [2026-05-10T19:44:39.371+0000] {dag.py:3089} INFO - Sync 1 DAGs
[2026-05-10T19:44:39.391+0000] {logging_mixin.py:188} INFO - [2026-05-10T19:44:39.391+0000] {dag.py:3947} INFO - Setting next_dagrun for example_sensor_decorator to None, run_after=None
[2026-05-10T19:44:39.455+0000] {processor.py:183} INFO - Processing /home/airflow/.local/lib/python3.12/site-packages/airflow/example_dags/example_sensor_decorator.py took 0.156 seconds
[2026-05-10T19:45:09.654+0000] {processor.py:161} INFO - Started process (PID=59585) to work on /home/airflow/.local/lib/python3.12/site-packages/airflow/example_dags/example_sensor_decorator.py
[2026-05-10T19:45:09.656+0000] {processor.py:830} INFO - Processing file /home/airflow/.local/lib/python3.12/site-packages/airflow/example_dags/example_sensor_decorator.py for tasks to queue
[2026-05-10T19:45:09.658+0000] {logging_mixin.py:188} INFO - [2026-05-10T19:45:09.658+0000] {dagbag.py:545} INFO - Filling up the DagBag from /home/airflow/.local/lib/python3.12/site-packages/airflow/example_dags/example_sensor_decorator.py
[2026-05-10T19:45:09.673+0000] {processor.py:840} INFO - DAG(s) 'example_sensor_decorator' retrieved from /home/airflow/.local/lib/python3.12/site-packages/airflow/example_dags/example_sensor_decorator.py
[2026-05-10T19:45:09.716+0000] {logging_mixin.py:188} INFO - [2026-05-10T19:45:09.716+0000] {dag.py:3089} INFO - Sync 1 DAGs
[2026-05-10T19:45:09.736+0000] {logging_mixin.py:188} INFO - [2026-05-10T19:45:09.736+0000] {dag.py:3947} INFO - Setting next_dagrun for example_sensor_decorator to None, run_after=None
[2026-05-10T19:45:09.776+0000] {processor.py:183} INFO - Processing /home/airflow/.local/lib/python3.12/site-packages/airflow/example_dags/example_sensor_decorator.py took 0.135 seconds
[2026-05-10T19:45:39.968+0000] {processor.py:161} INFO - Started process (PID=59660) to work on /home/airflow/.local/lib/python3.12/site-packages/airflow/example_dags/example_sensor_decorator.py
[2026-05-10T19:45:39.971+0000] {processor.py:830} INFO - Processing file /home/airflow/.local/lib/python3.12/site-packages/airflow/example_dags/example_sensor_decorator.py for tasks to queue
[2026-05-10T19:45:39.973+0000] {logging_mixin.py:188} INFO - [2026-05-10T19:45:39.972+0000] {dagbag.py:545} INFO - Filling up the DagBag from /home/airflow/.local/lib/python3.12/site-packages/airflow/example_dags/example_sensor_decorator.py
[2026-05-10T19:45:39.984+0000] {processor.py:840} INFO - DAG(s) 'example_sensor_decorator' retrieved from /home/airflow/.local/lib/python3.12/site-packages/airflow/example_dags/example_sensor_decorator.py
[2026-05-10T19:45:40.029+0000] {logging_mixin.py:188} INFO - [2026-05-10T19:45:40.029+0000] {dag.py:3089} INFO - Sync 1 DAGs
[2026-05-10T19:45:40.055+0000] {logging_mixin.py:188} INFO - [2026-05-10T19:45:40.055+0000] {dag.py:3947} INFO - Setting next_dagrun for example_sensor_decorator to None, run_after=None
[2026-05-10T19:45:40.116+0000] {processor.py:183} INFO - Processing /home/airflow/.local/lib/python3.12/site-packages/airflow/example_dags/example_sensor_decorator.py took 0.160 seconds
[2026-05-10T19:46:10.622+0000] {processor.py:161} INFO - Started process (PID=59728) to work on /home/airflow/.local/lib/python3.12/site-packages/airflow/example_dags/example_sensor_decorator.py
[2026-05-10T19:46:10.624+0000] {processor.py:830} INFO - Processing file /home/airflow/.local/lib/python3.12/site-packages/airflow/example_dags/example_sensor_decorator.py for tasks to queue
[2026-05-10T19:46:10.626+0000] {logging_mixin.py:188} INFO - [2026-05-10T19:46:10.626+0000] {dagbag.py:545} INFO - Filling up the DagBag from /home/airflow/.local/lib/python3.12/site-packages/airflow/example_dags/example_sensor_decorator.py
[2026-05-10T19:46:10.637+0000] {processor.py:840} INFO - DAG(s) 'example_sensor_decorator' retrieved from /home/airflow/.local/lib/python3.12/site-packages/airflow/example_dags/example_sensor_decorator.py
[2026-05-10T19:46:10.671+0000] {logging_mixin.py:188} INFO - [2026-05-10T19:46:10.670+0000] {dag.py:3089} INFO - Sync 1 DAGs
[2026-05-10T19:46:10.689+0000] {logging_mixin.py:188} INFO - [2026-05-10T19:46:10.688+0000] {dag.py:3947} INFO - Setting next_dagrun for example_sensor_decorator to None, run_after=None
[2026-05-10T19:46:10.749+0000] {processor.py:183} INFO - Processing /home/airflow/.local/lib/python3.12/site-packages/airflow/example_dags/example_sensor_decorator.py took 0.138 seconds
[2026-05-10T19:46:41.406+0000] {processor.py:161} INFO - Started process (PID=59796) to work on /home/airflow/.local/lib/python3.12/site-packages/airflow/example_dags/example_sensor_decorator.py
[2026-05-10T19:46:41.409+0000] {processor.py:830} INFO - Processing file /home/airflow/.local/lib/python3.12/site-packages/airflow/example_dags/example_sensor_decorator.py for tasks to queue
[2026-05-10T19:46:41.411+0000] {logging_mixin.py:188} INFO - [2026-05-10T19:46:41.410+0000] {dagbag.py:545} INFO - Filling up the DagBag from /home/airflow/.local/lib/python3.12/site-packages/airflow/example_dags/example_sensor_decorator.py
[2026-05-10T19:46:41.423+0000] {processor.py:840} INFO - DAG(s) 'example_sensor_decorator' retrieved from /home/airflow/.local/lib/python3.12/site-packages/airflow/example_dags/example_sensor_decorator.py
[2026-05-10T19:46:41.466+0000] {logging_mixin.py:188} INFO - [2026-05-10T19:46:41.466+0000] {dag.py:3089} INFO - Sync 1 DAGs
[2026-05-10T19:46:41.490+0000] {logging_mixin.py:188} INFO - [2026-05-10T19:46:41.490+0000] {dag.py:3947} INFO - Setting next_dagrun for example_sensor_decorator to None, run_after=None
[2026-05-10T19:46:41.539+0000] {processor.py:183} INFO - Processing /home/airflow/.local/lib/python3.12/site-packages/airflow/example_dags/example_sensor_decorator.py took 0.144 seconds
[2026-05-10T19:47:12.353+0000] {processor.py:161} INFO - Started process (PID=59864) to work on /home/airflow/.local/lib/python3.12/site-packages/airflow/example_dags/example_sensor_decorator.py
[2026-05-10T19:47:12.355+0000] {processor.py:830} INFO - Processing file /home/airflow/.local/lib/python3.12/site-packages/airflow/example_dags/example_sensor_decorator.py for tasks to queue
[2026-05-10T19:47:12.356+0000] {logging_mixin.py:188} INFO - [2026-05-10T19:47:12.356+0000] {dagbag.py:545} INFO - Filling up the DagBag from /home/airflow/.local/lib/python3.12/site-packages/airflow/example_dags/example_sensor_decorator.py
[2026-05-10T19:47:12.367+0000] {processor.py:840} INFO - DAG(s) 'example_sensor_decorator' retrieved from /home/airflow/.local/lib/python3.12/site-packages/airflow/example_dags/example_sensor_decorator.py
[2026-05-10T19:47:12.401+0000] {logging_mixin.py:188} INFO - [2026-05-10T19:47:12.400+0000] {dag.py:3089} INFO - Sync 1 DAGs
[2026-05-10T19:47:12.420+0000] {logging_mixin.py:188} INFO - [2026-05-10T19:47:12.419+0000] {dag.py:3947} INFO - Setting next_dagrun for example_sensor_decorator to None, run_after=None
[2026-05-10T19:47:12.481+0000] {processor.py:183} INFO - Processing /home/airflow/.local/lib/python3.12/site-packages/airflow/example_dags/example_sensor_decorator.py took 0.145 seconds
[2026-05-10T19:47:42.931+0000] {processor.py:161} INFO - Started process (PID=59932) to work on /home/airflow/.local/lib/python3.12/site-packages/airflow/example_dags/example_sensor_decorator.py
[2026-05-10T19:47:42.933+0000] {processor.py:830} INFO - Processing file /home/airflow/.local/lib/python3.12/site-packages/airflow/example_dags/example_sensor_decorator.py for tasks to queue
[2026-05-10T19:47:42.942+0000] {logging_mixin.py:188} INFO - [2026-05-10T19:47:42.941+0000] {dagbag.py:545} INFO - Filling up the DagBag from /home/airflow/.local/lib/python3.12/site-packages/airflow/example_dags/example_sensor_decorator.py
[2026-05-10T19:47:42.956+0000] {processor.py:840} INFO - DAG(s) 'example_sensor_decorator' retrieved from /home/airflow/.local/lib/python3.12/site-packages/airflow/example_dags/example_sensor_decorator.py
[2026-05-10T19:47:42.994+0000] {logging_mixin.py:188} INFO - [2026-05-10T19:47:42.993+0000] {dag.py:3089} INFO - Sync 1 DAGs
[2026-05-10T19:47:43.015+0000] {logging_mixin.py:188} INFO - [2026-05-10T19:47:43.015+0000] {dag.py:3947} INFO - Setting next_dagrun for example_sensor_decorator to None, run_after=None
[2026-05-10T19:47:43.081+0000] {processor.py:183} INFO - Processing /home/airflow/.local/lib/python3.12/site-packages/airflow/example_dags/example_sensor_decorator.py took 0.161 seconds
[2026-05-10T19:48:13.831+0000] {processor.py:161} INFO - Started process (PID=60000) to work on /home/airflow/.local/lib/python3.12/site-packages/airflow/example_dags/example_sensor_decorator.py
[2026-05-10T19:48:13.833+0000] {processor.py:830} INFO - Processing file /home/airflow/.local/lib/python3.12/site-packages/airflow/example_dags/example_sensor_decorator.py for tasks to queue
[2026-05-10T19:48:13.835+0000] {logging_mixin.py:188} INFO - [2026-05-10T19:48:13.834+0000] {dagbag.py:545} INFO - Filling up the DagBag from /home/airflow/.local/lib/python3.12/site-packages/airflow/example_dags/example_sensor_decorator.py
[2026-05-10T19:48:13.847+0000] {processor.py:840} INFO - DAG(s) 'example_sensor_decorator' retrieved from /home/airflow/.local/lib/python3.12/site-packages/airflow/example_dags/example_sensor_decorator.py
[2026-05-10T19:48:13.884+0000] {logging_mixin.py:188} INFO - [2026-05-10T19:48:13.883+0000] {dag.py:3089} INFO - Sync 1 DAGs
[2026-05-10T19:48:13.906+0000] {logging_mixin.py:188} INFO - [2026-05-10T19:48:13.906+0000] {dag.py:3947} INFO - Setting next_dagrun for example_sensor_decorator to None, run_after=None
[2026-05-10T19:48:13.970+0000] {processor.py:183} INFO - Processing /home/airflow/.local/lib/python3.12/site-packages/airflow/example_dags/example_sensor_decorator.py took 0.149 seconds
[2026-05-10T19:48:44.742+0000] {processor.py:161} INFO - Started process (PID=60068) to work on /home/airflow/.local/lib/python3.12/site-packages/airflow/example_dags/example_sensor_decorator.py
[2026-05-10T19:48:44.744+0000] {processor.py:830} INFO - Processing file /home/airflow/.local/lib/python3.12/site-packages/airflow/example_dags/example_sensor_decorator.py for tasks to queue
[2026-05-10T19:48:44.746+0000] {logging_mixin.py:188} INFO - [2026-05-10T19:48:44.745+0000] {dagbag.py:545} INFO - Filling up the DagBag from /home/airflow/.local/lib/python3.12/site-packages/airflow/example_dags/example_sensor_decorator.py
[2026-05-10T19:48:44.758+0000] {processor.py:840} INFO - DAG(s) 'example_sensor_decorator' retrieved from /home/airflow/.local/lib/python3.12/site-packages/airflow/example_dags/example_sensor_decorator.py
[2026-05-10T19:48:44.793+0000] {logging_mixin.py:188} INFO - [2026-05-10T19:48:44.793+0000] {dag.py:3089} INFO - Sync 1 DAGs
[2026-05-10T19:48:44.812+0000] {logging_mixin.py:188} INFO - [2026-05-10T19:48:44.812+0000] {dag.py:3947} INFO - Setting next_dagrun for example_sensor_decorator to None, run_after=None
[2026-05-10T19:48:44.879+0000] {processor.py:183} INFO - Processing /home/airflow/.local/lib/python3.12/site-packages/airflow/example_dags/example_sensor_decorator.py took 0.150 seconds
[2026-05-10T19:49:15.952+0000] {processor.py:161} INFO - Started process (PID=60144) to work on /home/airflow/.local/lib/python3.12/site-packages/airflow/example_dags/example_sensor_decorator.py
[2026-05-10T19:49:15.954+0000] {processor.py:830} INFO - Processing file /home/airflow/.local/lib/python3.12/site-packages/airflow/example_dags/example_sensor_decorator.py for tasks to queue
[2026-05-10T19:49:15.956+0000] {logging_mixin.py:188} INFO - [2026-05-10T19:49:15.956+0000] {dagbag.py:545} INFO - Filling up the DagBag from /home/airflow/.local/lib/python3.12/site-packages/airflow/example_dags/example_sensor_decorator.py
[2026-05-10T19:49:15.971+0000] {processor.py:840} INFO - DAG(s) 'example_sensor_decorator' retrieved from /home/airflow/.local/lib/python3.12/site-packages/airflow/example_dags/example_sensor_decorator.py
[2026-05-10T19:49:16.017+0000] {logging_mixin.py:188} INFO - [2026-05-10T19:49:16.017+0000] {dag.py:3089} INFO - Sync 1 DAGs
[2026-05-10T19:49:16.046+0000] {logging_mixin.py:188} INFO - [2026-05-10T19:49:16.045+0000] {dag.py:3947} INFO - Setting next_dagrun for example_sensor_decorator to None, run_after=None
[2026-05-10T19:49:16.118+0000] {processor.py:183} INFO - Processing /home/airflow/.local/lib/python3.12/site-packages/airflow/example_dags/example_sensor_decorator.py took 0.175 seconds
[2026-05-10T19:49:47.052+0000] {processor.py:161} INFO - Started process (PID=60212) to work on /home/airflow/.local/lib/python3.12/site-packages/airflow/example_dags/example_sensor_decorator.py
[2026-05-10T19:49:47.057+0000] {processor.py:830} INFO - Processing file /home/airflow/.local/lib/python3.12/site-packages/airflow/example_dags/example_sensor_decorator.py for tasks to queue
[2026-05-10T19:49:47.062+0000] {logging_mixin.py:188} INFO - [2026-05-10T19:49:47.061+0000] {dagbag.py:545} INFO - Filling up the DagBag from /home/airflow/.local/lib/python3.12/site-packages/airflow/example_dags/example_sensor_decorator.py
[2026-05-10T19:49:47.078+0000] {processor.py:840} INFO - DAG(s) 'example_sensor_decorator' retrieved from /home/airflow/.local/lib/python3.12/site-packages/airflow/example_dags/example_sensor_decorator.py
[2026-05-10T19:49:47.145+0000] {logging_mixin.py:188} INFO - [2026-05-10T19:49:47.145+0000] {dag.py:3089} INFO - Sync 1 DAGs
[2026-05-10T19:49:47.178+0000] {logging_mixin.py:188} INFO - [2026-05-10T19:49:47.177+0000] {dag.py:3947} INFO - Setting next_dagrun for example_sensor_decorator to None, run_after=None
[2026-05-10T19:49:47.227+0000] {processor.py:183} INFO - Processing /home/airflow/.local/lib/python3.12/site-packages/airflow/example_dags/example_sensor_decorator.py took 0.187 seconds
[2026-05-10T19:50:17.763+0000] {processor.py:161} INFO - Started process (PID=60280) to work on /home/airflow/.local/lib/python3.12/site-packages/airflow/example_dags/example_sensor_decorator.py
[2026-05-10T19:50:17.765+0000] {processor.py:830} INFO - Processing file /home/airflow/.local/lib/python3.12/site-packages/airflow/example_dags/example_sensor_decorator.py for tasks to queue
[2026-05-10T19:50:17.768+0000] {logging_mixin.py:188} INFO - [2026-05-10T19:50:17.767+0000] {dagbag.py:545} INFO - Filling up the DagBag from /home/airflow/.local/lib/python3.12/site-packages/airflow/example_dags/example_sensor_decorator.py
[2026-05-10T19:50:17.780+0000] {processor.py:840} INFO - DAG(s) 'example_sensor_decorator' retrieved from /home/airflow/.local/lib/python3.12/site-packages/airflow/example_dags/example_sensor_decorator.py
[2026-05-10T19:50:17.821+0000] {logging_mixin.py:188} INFO - [2026-05-10T19:50:17.820+0000] {dag.py:3089} INFO - Sync 1 DAGs
[2026-05-10T19:50:17.846+0000] {logging_mixin.py:188} INFO - [2026-05-10T19:50:17.845+0000] {dag.py:3947} INFO - Setting next_dagrun for example_sensor_decorator to None, run_after=None
[2026-05-10T19:50:18.000+0000] {processor.py:183} INFO - Processing /home/airflow/.local/lib/python3.12/site-packages/airflow/example_dags/example_sensor_decorator.py took 0.251 seconds
[2026-05-10T19:50:48.392+0000] {processor.py:161} INFO - Started process (PID=60348) to work on /home/airflow/.local/lib/python3.12/site-packages/airflow/example_dags/example_sensor_decorator.py
[2026-05-10T19:50:48.396+0000] {processor.py:830} INFO - Processing file /home/airflow/.local/lib/python3.12/site-packages/airflow/example_dags/example_sensor_decorator.py for tasks to queue
[2026-05-10T19:50:48.399+0000] {logging_mixin.py:188} INFO - [2026-05-10T19:50:48.398+0000] {dagbag.py:545} INFO - Filling up the DagBag from /home/airflow/.local/lib/python3.12/site-packages/airflow/example_dags/example_sensor_decorator.py
[2026-05-10T19:50:48.416+0000] {processor.py:840} INFO - DAG(s) 'example_sensor_decorator' retrieved from /home/airflow/.local/lib/python3.12/site-packages/airflow/example_dags/example_sensor_decorator.py
[2026-05-10T19:50:48.464+0000] {logging_mixin.py:188} INFO - [2026-05-10T19:50:48.463+0000] {dag.py:3089} INFO - Sync 1 DAGs
[2026-05-10T19:50:48.493+0000] {logging_mixin.py:188} INFO - [2026-05-10T19:50:48.493+0000] {dag.py:3947} INFO - Setting next_dagrun for example_sensor_decorator to None, run_after=None
[2026-05-10T19:50:48.571+0000] {processor.py:183} INFO - Processing /home/airflow/.local/lib/python3.12/site-packages/airflow/example_dags/example_sensor_decorator.py took 0.197 seconds
[2026-05-10T19:51:18.873+0000] {processor.py:161} INFO - Started process (PID=60416) to work on /home/airflow/.local/lib/python3.12/site-packages/airflow/example_dags/example_sensor_decorator.py
[2026-05-10T19:51:18.877+0000] {processor.py:830} INFO - Processing file /home/airflow/.local/lib/python3.12/site-packages/airflow/example_dags/example_sensor_decorator.py for tasks to queue
[2026-05-10T19:51:18.878+0000] {logging_mixin.py:188} INFO - [2026-05-10T19:51:18.878+0000] {dagbag.py:545} INFO - Filling up the DagBag from /home/airflow/.local/lib/python3.12/site-packages/airflow/example_dags/example_sensor_decorator.py
[2026-05-10T19:51:18.893+0000] {processor.py:840} INFO - DAG(s) 'example_sensor_decorator' retrieved from /home/airflow/.local/lib/python3.12/site-packages/airflow/example_dags/example_sensor_decorator.py
[2026-05-10T19:51:18.941+0000] {logging_mixin.py:188} INFO - [2026-05-10T19:51:18.940+0000] {dag.py:3089} INFO - Sync 1 DAGs
[2026-05-10T19:51:18.961+0000] {logging_mixin.py:188} INFO - [2026-05-10T19:51:18.961+0000] {dag.py:3947} INFO - Setting next_dagrun for example_sensor_decorator to None, run_after=None
[2026-05-10T19:51:19.035+0000] {processor.py:183} INFO - Processing /home/airflow/.local/lib/python3.12/site-packages/airflow/example_dags/example_sensor_decorator.py took 0.177 seconds
[2026-05-10T19:51:49.358+0000] {processor.py:161} INFO - Started process (PID=60484) to work on /home/airflow/.local/lib/python3.12/site-packages/airflow/example_dags/example_sensor_decorator.py
[2026-05-10T19:51:49.360+0000] {processor.py:830} INFO - Processing file /home/airflow/.local/lib/python3.12/site-packages/airflow/example_dags/example_sensor_decorator.py for tasks to queue
[2026-05-10T19:51:49.367+0000] {logging_mixin.py:188} INFO - [2026-05-10T19:51:49.367+0000] {dagbag.py:545} INFO - Filling up the DagBag from /home/airflow/.local/lib/python3.12/site-packages/airflow/example_dags/example_sensor_decorator.py
[2026-05-10T19:51:49.379+0000] {processor.py:840} INFO - DAG(s) 'example_sensor_decorator' retrieved from /home/airflow/.local/lib/python3.12/site-packages/airflow/example_dags/example_sensor_decorator.py
[2026-05-10T19:51:49.419+0000] {logging_mixin.py:188} INFO - [2026-05-10T19:51:49.419+0000] {dag.py:3089} INFO - Sync 1 DAGs
[2026-05-10T19:51:49.439+0000] {logging_mixin.py:188} INFO - [2026-05-10T19:51:49.439+0000] {dag.py:3947} INFO - Setting next_dagrun for example_sensor_decorator to None, run_after=None
[2026-05-10T19:51:49.501+0000] {processor.py:183} INFO - Processing /home/airflow/.local/lib/python3.12/site-packages/airflow/example_dags/example_sensor_decorator.py took 0.158 seconds
[2026-05-10T19:52:19.797+0000] {processor.py:161} INFO - Started process (PID=60552) to work on /home/airflow/.local/lib/python3.12/site-packages/airflow/example_dags/example_sensor_decorator.py
[2026-05-10T19:52:19.799+0000] {processor.py:830} INFO - Processing file /home/airflow/.local/lib/python3.12/site-packages/airflow/example_dags/example_sensor_decorator.py for tasks to queue
[2026-05-10T19:52:19.801+0000] {logging_mixin.py:188} INFO - [2026-05-10T19:52:19.800+0000] {dagbag.py:545} INFO - Filling up the DagBag from /home/airflow/.local/lib/python3.12/site-packages/airflow/example_dags/example_sensor_decorator.py
[2026-05-10T19:52:19.810+0000] {processor.py:840} INFO - DAG(s) 'example_sensor_decorator' retrieved from /home/airflow/.local/lib/python3.12/site-packages/airflow/example_dags/example_sensor_decorator.py
[2026-05-10T19:52:19.865+0000] {logging_mixin.py:188} INFO - [2026-05-10T19:52:19.865+0000] {dag.py:3089} INFO - Sync 1 DAGs
[2026-05-10T19:52:19.886+0000] {logging_mixin.py:188} INFO - [2026-05-10T19:52:19.886+0000] {dag.py:3947} INFO - Setting next_dagrun for example_sensor_decorator to None, run_after=None
[2026-05-10T19:52:19.952+0000] {processor.py:183} INFO - Processing /home/airflow/.local/lib/python3.12/site-packages/airflow/example_dags/example_sensor_decorator.py took 0.166 seconds
[2026-05-10T19:52:50.937+0000] {processor.py:161} INFO - Started process (PID=60627) to work on /home/airflow/.local/lib/python3.12/site-packages/airflow/example_dags/example_sensor_decorator.py
[2026-05-10T19:52:50.939+0000] {processor.py:830} INFO - Processing file /home/airflow/.local/lib/python3.12/site-packages/airflow/example_dags/example_sensor_decorator.py for tasks to queue
[2026-05-10T19:52:50.941+0000] {logging_mixin.py:188} INFO - [2026-05-10T19:52:50.941+0000] {dagbag.py:545} INFO - Filling up the DagBag from /home/airflow/.local/lib/python3.12/site-packages/airflow/example_dags/example_sensor_decorator.py
[2026-05-10T19:52:50.954+0000] {processor.py:840} INFO - DAG(s) 'example_sensor_decorator' retrieved from /home/airflow/.local/lib/python3.12/site-packages/airflow/example_dags/example_sensor_decorator.py
[2026-05-10T19:52:50.990+0000] {logging_mixin.py:188} INFO - [2026-05-10T19:52:50.989+0000] {dag.py:3089} INFO - Sync 1 DAGs
[2026-05-10T19:52:51.013+0000] {logging_mixin.py:188} INFO - [2026-05-10T19:52:51.012+0000] {dag.py:3947} INFO - Setting next_dagrun for example_sensor_decorator to None, run_after=None
[2026-05-10T19:52:51.186+0000] {processor.py:183} INFO - Processing /home/airflow/.local/lib/python3.12/site-packages/airflow/example_dags/example_sensor_decorator.py took 0.262 seconds
[2026-05-10T19:53:21.374+0000] {processor.py:161} INFO - Started process (PID=60695) to work on /home/airflow/.local/lib/python3.12/site-packages/airflow/example_dags/example_sensor_decorator.py
[2026-05-10T19:53:21.376+0000] {processor.py:830} INFO - Processing file /home/airflow/.local/lib/python3.12/site-packages/airflow/example_dags/example_sensor_decorator.py for tasks to queue
[2026-05-10T19:53:21.378+0000] {logging_mixin.py:188} INFO - [2026-05-10T19:53:21.377+0000] {dagbag.py:545} INFO - Filling up the DagBag from /home/airflow/.local/lib/python3.12/site-packages/airflow/example_dags/example_sensor_decorator.py
[2026-05-10T19:53:21.392+0000] {processor.py:840} INFO - DAG(s) 'example_sensor_decorator' retrieved from /home/airflow/.local/lib/python3.12/site-packages/airflow/example_dags/example_sensor_decorator.py
[2026-05-10T19:53:21.431+0000] {logging_mixin.py:188} INFO - [2026-05-10T19:53:21.430+0000] {dag.py:3089} INFO - Sync 1 DAGs
[2026-05-10T19:53:21.450+0000] {logging_mixin.py:188} INFO - [2026-05-10T19:53:21.449+0000] {dag.py:3947} INFO - Setting next_dagrun for example_sensor_decorator to None, run_after=None
[2026-05-10T19:53:21.513+0000] {processor.py:183} INFO - Processing /home/airflow/.local/lib/python3.12/site-packages/airflow/example_dags/example_sensor_decorator.py took 0.149 seconds
[2026-05-10T19:53:51.867+0000] {processor.py:161} INFO - Started process (PID=60763) to work on /home/airflow/.local/lib/python3.12/site-packages/airflow/example_dags/example_sensor_decorator.py
[2026-05-10T19:53:51.869+0000] {processor.py:830} INFO - Processing file /home/airflow/.local/lib/python3.12/site-packages/airflow/example_dags/example_sensor_decorator.py for tasks to queue
[2026-05-10T19:53:51.871+0000] {logging_mixin.py:188} INFO - [2026-05-10T19:53:51.871+0000] {dagbag.py:545} INFO - Filling up the DagBag from /home/airflow/.local/lib/python3.12/site-packages/airflow/example_dags/example_sensor_decorator.py
[2026-05-10T19:53:51.883+0000] {processor.py:840} INFO - DAG(s) 'example_sensor_decorator' retrieved from /home/airflow/.local/lib/python3.12/site-packages/airflow/example_dags/example_sensor_decorator.py
[2026-05-10T19:53:51.914+0000] {logging_mixin.py:188} INFO - [2026-05-10T19:53:51.913+0000] {dag.py:3089} INFO - Sync 1 DAGs
[2026-05-10T19:53:51.931+0000] {logging_mixin.py:188} INFO - [2026-05-10T19:53:51.931+0000] {dag.py:3947} INFO - Setting next_dagrun for example_sensor_decorator to None, run_after=None
[2026-05-10T19:53:51.964+0000] {processor.py:183} INFO - Processing /home/airflow/.local/lib/python3.12/site-packages/airflow/example_dags/example_sensor_decorator.py took 0.107 seconds
[2026-05-10T19:54:23.014+0000] {processor.py:161} INFO - Started process (PID=60832) to work on /home/airflow/.local/lib/python3.12/site-packages/airflow/example_dags/example_sensor_decorator.py
[2026-05-10T19:54:23.016+0000] {processor.py:830} INFO - Processing file /home/airflow/.local/lib/python3.12/site-packages/airflow/example_dags/example_sensor_decorator.py for tasks to queue
[2026-05-10T19:54:23.018+0000] {logging_mixin.py:188} INFO - [2026-05-10T19:54:23.018+0000] {dagbag.py:545} INFO - Filling up the DagBag from /home/airflow/.local/lib/python3.12/site-packages/airflow/example_dags/example_sensor_decorator.py
[2026-05-10T19:54:23.032+0000] {processor.py:840} INFO - DAG(s) 'example_sensor_decorator' retrieved from /home/airflow/.local/lib/python3.12/site-packages/airflow/example_dags/example_sensor_decorator.py
[2026-05-10T19:54:23.074+0000] {logging_mixin.py:188} INFO - [2026-05-10T19:54:23.073+0000] {dag.py:3089} INFO - Sync 1 DAGs
[2026-05-10T19:54:23.108+0000] {logging_mixin.py:188} INFO - [2026-05-10T19:54:23.108+0000] {dag.py:3947} INFO - Setting next_dagrun for example_sensor_decorator to None, run_after=None
[2026-05-10T19:54:23.183+0000] {processor.py:183} INFO - Processing /home/airflow/.local/lib/python3.12/site-packages/airflow/example_dags/example_sensor_decorator.py took 0.182 seconds
[2026-05-10T19:54:53.916+0000] {processor.py:161} INFO - Started process (PID=60900) to work on /home/airflow/.local/lib/python3.12/site-packages/airflow/example_dags/example_sensor_decorator.py
[2026-05-10T19:54:53.918+0000] {processor.py:830} INFO - Processing file /home/airflow/.local/lib/python3.12/site-packages/airflow/example_dags/example_sensor_decorator.py for tasks to queue
[2026-05-10T19:54:53.919+0000] {logging_mixin.py:188} INFO - [2026-05-10T19:54:53.919+0000] {dagbag.py:545} INFO - Filling up the DagBag from /home/airflow/.local/lib/python3.12/site-packages/airflow/example_dags/example_sensor_decorator.py
[2026-05-10T19:54:53.932+0000] {processor.py:840} INFO - DAG(s) 'example_sensor_decorator' retrieved from /home/airflow/.local/lib/python3.12/site-packages/airflow/example_dags/example_sensor_decorator.py
[2026-05-10T19:54:53.968+0000] {logging_mixin.py:188} INFO - [2026-05-10T19:54:53.968+0000] {dag.py:3089} INFO - Sync 1 DAGs
[2026-05-10T19:54:53.993+0000] {logging_mixin.py:188} INFO - [2026-05-10T19:54:53.992+0000] {dag.py:3947} INFO - Setting next_dagrun for example_sensor_decorator to None, run_after=None
[2026-05-10T19:54:54.076+0000] {processor.py:183} INFO - Processing /home/airflow/.local/lib/python3.12/site-packages/airflow/example_dags/example_sensor_decorator.py took 0.171 seconds
[2026-05-10T19:55:24.224+0000] {processor.py:161} INFO - Started process (PID=60968) to work on /home/airflow/.local/lib/python3.12/site-packages/airflow/example_dags/example_sensor_decorator.py
[2026-05-10T19:55:24.227+0000] {processor.py:830} INFO - Processing file /home/airflow/.local/lib/python3.12/site-packages/airflow/example_dags/example_sensor_decorator.py for tasks to queue
[2026-05-10T19:55:24.229+0000] {logging_mixin.py:188} INFO - [2026-05-10T19:55:24.229+0000] {dagbag.py:545} INFO - Filling up the DagBag from /home/airflow/.local/lib/python3.12/site-packages/airflow/example_dags/example_sensor_decorator.py
[2026-05-10T19:55:24.242+0000] {processor.py:840} INFO - DAG(s) 'example_sensor_decorator' retrieved from /home/airflow/.local/lib/python3.12/site-packages/airflow/example_dags/example_sensor_decorator.py
[2026-05-10T19:55:24.287+0000] {logging_mixin.py:188} INFO - [2026-05-10T19:55:24.286+0000] {dag.py:3089} INFO - Sync 1 DAGs
[2026-05-10T19:55:24.309+0000] {logging_mixin.py:188} INFO - [2026-05-10T19:55:24.308+0000] {dag.py:3947} INFO - Setting next_dagrun for example_sensor_decorator to None, run_after=None
[2026-05-10T19:55:24.371+0000] {processor.py:183} INFO - Processing /home/airflow/.local/lib/python3.12/site-packages/airflow/example_dags/example_sensor_decorator.py took 0.158 seconds
[2026-05-10T19:55:54.693+0000] {processor.py:161} INFO - Started process (PID=61036) to work on /home/airflow/.local/lib/python3.12/site-packages/airflow/example_dags/example_sensor_decorator.py
[2026-05-10T19:55:54.695+0000] {processor.py:830} INFO - Processing file /home/airflow/.local/lib/python3.12/site-packages/airflow/example_dags/example_sensor_decorator.py for tasks to queue
[2026-05-10T19:55:54.697+0000] {logging_mixin.py:188} INFO - [2026-05-10T19:55:54.697+0000] {dagbag.py:545} INFO - Filling up the DagBag from /home/airflow/.local/lib/python3.12/site-packages/airflow/example_dags/example_sensor_decorator.py
[2026-05-10T19:55:54.707+0000] {processor.py:840} INFO - DAG(s) 'example_sensor_decorator' retrieved from /home/airflow/.local/lib/python3.12/site-packages/airflow/example_dags/example_sensor_decorator.py
[2026-05-10T19:55:54.737+0000] {logging_mixin.py:188} INFO - [2026-05-10T19:55:54.737+0000] {dag.py:3089} INFO - Sync 1 DAGs
[2026-05-10T19:55:54.755+0000] {logging_mixin.py:188} INFO - [2026-05-10T19:55:54.755+0000] {dag.py:3947} INFO - Setting next_dagrun for example_sensor_decorator to None, run_after=None
[2026-05-10T19:55:54.815+0000] {processor.py:183} INFO - Processing /home/airflow/.local/lib/python3.12/site-packages/airflow/example_dags/example_sensor_decorator.py took 0.133 seconds
[2026-05-10T19:56:25.615+0000] {processor.py:161} INFO - Started process (PID=61104) to work on /home/airflow/.local/lib/python3.12/site-packages/airflow/example_dags/example_sensor_decorator.py
[2026-05-10T19:56:25.618+0000] {processor.py:830} INFO - Processing file /home/airflow/.local/lib/python3.12/site-packages/airflow/example_dags/example_sensor_decorator.py for tasks to queue
[2026-05-10T19:56:25.620+0000] {logging_mixin.py:188} INFO - [2026-05-10T19:56:25.619+0000] {dagbag.py:545} INFO - Filling up the DagBag from /home/airflow/.local/lib/python3.12/site-packages/airflow/example_dags/example_sensor_decorator.py
[2026-05-10T19:56:25.634+0000] {processor.py:840} INFO - DAG(s) 'example_sensor_decorator' retrieved from /home/airflow/.local/lib/python3.12/site-packages/airflow/example_dags/example_sensor_decorator.py
[2026-05-10T19:56:25.670+0000] {logging_mixin.py:188} INFO - [2026-05-10T19:56:25.669+0000] {dag.py:3089} INFO - Sync 1 DAGs
[2026-05-10T19:56:25.688+0000] {logging_mixin.py:188} INFO - [2026-05-10T19:56:25.688+0000] {dag.py:3947} INFO - Setting next_dagrun for example_sensor_decorator to None, run_after=None
[2026-05-10T19:56:25.751+0000] {processor.py:183} INFO - Processing /home/airflow/.local/lib/python3.12/site-packages/airflow/example_dags/example_sensor_decorator.py took 0.150 seconds
[2026-05-10T19:56:55.975+0000] {processor.py:161} INFO - Started process (PID=61178) to work on /home/airflow/.local/lib/python3.12/site-packages/airflow/example_dags/example_sensor_decorator.py
[2026-05-10T19:56:55.977+0000] {processor.py:830} INFO - Processing file /home/airflow/.local/lib/python3.12/site-packages/airflow/example_dags/example_sensor_decorator.py for tasks to queue
[2026-05-10T19:56:55.979+0000] {logging_mixin.py:188} INFO - [2026-05-10T19:56:55.978+0000] {dagbag.py:545} INFO - Filling up the DagBag from /home/airflow/.local/lib/python3.12/site-packages/airflow/example_dags/example_sensor_decorator.py
[2026-05-10T19:56:55.991+0000] {processor.py:840} INFO - DAG(s) 'example_sensor_decorator' retrieved from /home/airflow/.local/lib/python3.12/site-packages/airflow/example_dags/example_sensor_decorator.py
[2026-05-10T19:56:56.027+0000] {logging_mixin.py:188} INFO - [2026-05-10T19:56:56.027+0000] {dag.py:3089} INFO - Sync 1 DAGs
[2026-05-10T19:56:56.054+0000] {logging_mixin.py:188} INFO - [2026-05-10T19:56:56.054+0000] {dag.py:3947} INFO - Setting next_dagrun for example_sensor_decorator to None, run_after=None
[2026-05-10T19:56:56.194+0000] {processor.py:183} INFO - Processing /home/airflow/.local/lib/python3.12/site-packages/airflow/example_dags/example_sensor_decorator.py took 0.230 seconds
[2026-05-10T19:57:27.113+0000] {processor.py:161} INFO - Started process (PID=61248) to work on /home/airflow/.local/lib/python3.12/site-packages/airflow/example_dags/example_sensor_decorator.py
[2026-05-10T19:57:27.117+0000] {processor.py:830} INFO - Processing file /home/airflow/.local/lib/python3.12/site-packages/airflow/example_dags/example_sensor_decorator.py for tasks to queue
[2026-05-10T19:57:27.122+0000] {logging_mixin.py:188} INFO - [2026-05-10T19:57:27.121+0000] {dagbag.py:545} INFO - Filling up the DagBag from /home/airflow/.local/lib/python3.12/site-packages/airflow/example_dags/example_sensor_decorator.py
[2026-05-10T19:57:27.133+0000] {processor.py:840} INFO - DAG(s) 'example_sensor_decorator' retrieved from /home/airflow/.local/lib/python3.12/site-packages/airflow/example_dags/example_sensor_decorator.py
[2026-05-10T19:57:27.167+0000] {logging_mixin.py:188} INFO - [2026-05-10T19:57:27.166+0000] {dag.py:3089} INFO - Sync 1 DAGs
[2026-05-10T19:57:27.186+0000] {logging_mixin.py:188} INFO - [2026-05-10T19:57:27.186+0000] {dag.py:3947} INFO - Setting next_dagrun for example_sensor_decorator to None, run_after=None
[2026-05-10T19:57:27.226+0000] {processor.py:183} INFO - Processing /home/airflow/.local/lib/python3.12/site-packages/airflow/example_dags/example_sensor_decorator.py took 0.127 seconds
[2026-05-10T19:57:57.889+0000] {processor.py:161} INFO - Started process (PID=61317) to work on /home/airflow/.local/lib/python3.12/site-packages/airflow/example_dags/example_sensor_decorator.py
[2026-05-10T19:57:57.891+0000] {processor.py:830} INFO - Processing file /home/airflow/.local/lib/python3.12/site-packages/airflow/example_dags/example_sensor_decorator.py for tasks to queue
[2026-05-10T19:57:57.893+0000] {logging_mixin.py:188} INFO - [2026-05-10T19:57:57.892+0000] {dagbag.py:545} INFO - Filling up the DagBag from /home/airflow/.local/lib/python3.12/site-packages/airflow/example_dags/example_sensor_decorator.py
[2026-05-10T19:57:57.905+0000] {processor.py:840} INFO - DAG(s) 'example_sensor_decorator' retrieved from /home/airflow/.local/lib/python3.12/site-packages/airflow/example_dags/example_sensor_decorator.py
[2026-05-10T19:57:57.942+0000] {logging_mixin.py:188} INFO - [2026-05-10T19:57:57.942+0000] {dag.py:3089} INFO - Sync 1 DAGs
[2026-05-10T19:57:57.962+0000] {logging_mixin.py:188} INFO - [2026-05-10T19:57:57.961+0000] {dag.py:3947} INFO - Setting next_dagrun for example_sensor_decorator to None, run_after=None
[2026-05-10T19:57:58.024+0000] {processor.py:183} INFO - Processing /home/airflow/.local/lib/python3.12/site-packages/airflow/example_dags/example_sensor_decorator.py took 0.144 seconds
[2026-05-10T19:58:28.335+0000] {processor.py:161} INFO - Started process (PID=61383) to work on /home/airflow/.local/lib/python3.12/site-packages/airflow/example_dags/example_sensor_decorator.py
[2026-05-10T19:58:28.338+0000] {processor.py:830} INFO - Processing file /home/airflow/.local/lib/python3.12/site-packages/airflow/example_dags/example_sensor_decorator.py for tasks to queue
[2026-05-10T19:58:28.343+0000] {logging_mixin.py:188} INFO - [2026-05-10T19:58:28.342+0000] {dagbag.py:545} INFO - Filling up the DagBag from /home/airflow/.local/lib/python3.12/site-packages/airflow/example_dags/example_sensor_decorator.py
[2026-05-10T19:58:28.355+0000] {processor.py:840} INFO - DAG(s) 'example_sensor_decorator' retrieved from /home/airflow/.local/lib/python3.12/site-packages/airflow/example_dags/example_sensor_decorator.py
[2026-05-10T19:58:28.393+0000] {logging_mixin.py:188} INFO - [2026-05-10T19:58:28.393+0000] {dag.py:3089} INFO - Sync 1 DAGs
[2026-05-10T19:58:28.417+0000] {logging_mixin.py:188} INFO - [2026-05-10T19:58:28.417+0000] {dag.py:3947} INFO - Setting next_dagrun for example_sensor_decorator to None, run_after=None
[2026-05-10T19:58:28.464+0000] {processor.py:183} INFO - Processing /home/airflow/.local/lib/python3.12/site-packages/airflow/example_dags/example_sensor_decorator.py took 0.145 seconds
[2026-05-10T19:58:58.743+0000] {processor.py:161} INFO - Started process (PID=61451) to work on /home/airflow/.local/lib/python3.12/site-packages/airflow/example_dags/example_sensor_decorator.py
[2026-05-10T19:58:58.745+0000] {processor.py:830} INFO - Processing file /home/airflow/.local/lib/python3.12/site-packages/airflow/example_dags/example_sensor_decorator.py for tasks to queue
[2026-05-10T19:58:58.747+0000] {logging_mixin.py:188} INFO - [2026-05-10T19:58:58.746+0000] {dagbag.py:545} INFO - Filling up the DagBag from /home/airflow/.local/lib/python3.12/site-packages/airflow/example_dags/example_sensor_decorator.py
[2026-05-10T19:58:58.762+0000] {processor.py:840} INFO - DAG(s) 'example_sensor_decorator' retrieved from /home/airflow/.local/lib/python3.12/site-packages/airflow/example_dags/example_sensor_decorator.py
[2026-05-10T19:58:58.798+0000] {logging_mixin.py:188} INFO - [2026-05-10T19:58:58.798+0000] {dag.py:3089} INFO - Sync 1 DAGs
[2026-05-10T19:58:58.818+0000] {logging_mixin.py:188} INFO - [2026-05-10T19:58:58.818+0000] {dag.py:3947} INFO - Setting next_dagrun for example_sensor_decorator to None, run_after=None
[2026-05-10T19:58:58.893+0000] {processor.py:183} INFO - Processing /home/airflow/.local/lib/python3.12/site-packages/airflow/example_dags/example_sensor_decorator.py took 0.159 seconds
[2026-05-10T19:59:29.151+0000] {processor.py:161} INFO - Started process (PID=61518) to work on /home/airflow/.local/lib/python3.12/site-packages/airflow/example_dags/example_sensor_decorator.py
[2026-05-10T19:59:29.153+0000] {processor.py:830} INFO - Processing file /home/airflow/.local/lib/python3.12/site-packages/airflow/example_dags/example_sensor_decorator.py for tasks to queue
[2026-05-10T19:59:29.156+0000] {logging_mixin.py:188} INFO - [2026-05-10T19:59:29.156+0000] {dagbag.py:545} INFO - Filling up the DagBag from /home/airflow/.local/lib/python3.12/site-packages/airflow/example_dags/example_sensor_decorator.py
[2026-05-10T19:59:29.174+0000] {processor.py:840} INFO - DAG(s) 'example_sensor_decorator' retrieved from /home/airflow/.local/lib/python3.12/site-packages/airflow/example_dags/example_sensor_decorator.py
[2026-05-10T19:59:29.211+0000] {logging_mixin.py:188} INFO - [2026-05-10T19:59:29.210+0000] {dag.py:3089} INFO - Sync 1 DAGs
[2026-05-10T19:59:29.233+0000] {logging_mixin.py:188} INFO - [2026-05-10T19:59:29.233+0000] {dag.py:3947} INFO - Setting next_dagrun for example_sensor_decorator to None, run_after=None
[2026-05-10T19:59:29.279+0000] {processor.py:183} INFO - Processing /home/airflow/.local/lib/python3.12/site-packages/airflow/example_dags/example_sensor_decorator.py took 0.142 seconds
[2026-05-10T20:00:00.288+0000] {processor.py:161} INFO - Started process (PID=61586) to work on /home/airflow/.local/lib/python3.12/site-packages/airflow/example_dags/example_sensor_decorator.py
[2026-05-10T20:00:00.292+0000] {processor.py:830} INFO - Processing file /home/airflow/.local/lib/python3.12/site-packages/airflow/example_dags/example_sensor_decorator.py for tasks to queue
[2026-05-10T20:00:00.297+0000] {logging_mixin.py:188} INFO - [2026-05-10T20:00:00.296+0000] {dagbag.py:545} INFO - Filling up the DagBag from /home/airflow/.local/lib/python3.12/site-packages/airflow/example_dags/example_sensor_decorator.py
[2026-05-10T20:00:00.310+0000] {processor.py:840} INFO - DAG(s) 'example_sensor_decorator' retrieved from /home/airflow/.local/lib/python3.12/site-packages/airflow/example_dags/example_sensor_decorator.py
[2026-05-10T20:00:00.357+0000] {logging_mixin.py:188} INFO - [2026-05-10T20:00:00.356+0000] {dag.py:3089} INFO - Sync 1 DAGs
[2026-05-10T20:00:00.383+0000] {logging_mixin.py:188} INFO - [2026-05-10T20:00:00.382+0000] {dag.py:3947} INFO - Setting next_dagrun for example_sensor_decorator to None, run_after=None
[2026-05-10T20:00:00.425+0000] {processor.py:183} INFO - Processing /home/airflow/.local/lib/python3.12/site-packages/airflow/example_dags/example_sensor_decorator.py took 0.148 seconds
[2026-05-10T20:00:30.892+0000] {processor.py:161} INFO - Started process (PID=61660) to work on /home/airflow/.local/lib/python3.12/site-packages/airflow/example_dags/example_sensor_decorator.py
[2026-05-10T20:00:30.894+0000] {processor.py:830} INFO - Processing file /home/airflow/.local/lib/python3.12/site-packages/airflow/example_dags/example_sensor_decorator.py for tasks to queue
[2026-05-10T20:00:30.896+0000] {logging_mixin.py:188} INFO - [2026-05-10T20:00:30.895+0000] {dagbag.py:545} INFO - Filling up the DagBag from /home/airflow/.local/lib/python3.12/site-packages/airflow/example_dags/example_sensor_decorator.py
[2026-05-10T20:00:30.905+0000] {processor.py:840} INFO - DAG(s) 'example_sensor_decorator' retrieved from /home/airflow/.local/lib/python3.12/site-packages/airflow/example_dags/example_sensor_decorator.py
[2026-05-10T20:00:30.938+0000] {logging_mixin.py:188} INFO - [2026-05-10T20:00:30.937+0000] {dag.py:3089} INFO - Sync 1 DAGs
[2026-05-10T20:00:30.960+0000] {logging_mixin.py:188} INFO - [2026-05-10T20:00:30.959+0000] {dag.py:3947} INFO - Setting next_dagrun for example_sensor_decorator to None, run_after=None
[2026-05-10T20:00:30.995+0000] {processor.py:183} INFO - Processing /home/airflow/.local/lib/python3.12/site-packages/airflow/example_dags/example_sensor_decorator.py took 0.114 seconds
[2026-05-10T20:01:01.384+0000] {processor.py:161} INFO - Started process (PID=61728) to work on /home/airflow/.local/lib/python3.12/site-packages/airflow/example_dags/example_sensor_decorator.py
[2026-05-10T20:01:01.390+0000] {processor.py:830} INFO - Processing file /home/airflow/.local/lib/python3.12/site-packages/airflow/example_dags/example_sensor_decorator.py for tasks to queue
[2026-05-10T20:01:01.392+0000] {logging_mixin.py:188} INFO - [2026-05-10T20:01:01.391+0000] {dagbag.py:545} INFO - Filling up the DagBag from /home/airflow/.local/lib/python3.12/site-packages/airflow/example_dags/example_sensor_decorator.py
[2026-05-10T20:01:01.407+0000] {processor.py:840} INFO - DAG(s) 'example_sensor_decorator' retrieved from /home/airflow/.local/lib/python3.12/site-packages/airflow/example_dags/example_sensor_decorator.py
[2026-05-10T20:01:01.447+0000] {logging_mixin.py:188} INFO - [2026-05-10T20:01:01.446+0000] {dag.py:3089} INFO - Sync 1 DAGs
[2026-05-10T20:01:01.466+0000] {logging_mixin.py:188} INFO - [2026-05-10T20:01:01.466+0000] {dag.py:3947} INFO - Setting next_dagrun for example_sensor_decorator to None, run_after=None
[2026-05-10T20:01:01.503+0000] {processor.py:183} INFO - Processing /home/airflow/.local/lib/python3.12/site-packages/airflow/example_dags/example_sensor_decorator.py took 0.133 seconds
[2026-05-10T20:01:32.315+0000] {processor.py:161} INFO - Started process (PID=61796) to work on /home/airflow/.local/lib/python3.12/site-packages/airflow/example_dags/example_sensor_decorator.py
[2026-05-10T20:01:32.318+0000] {processor.py:830} INFO - Processing file /home/airflow/.local/lib/python3.12/site-packages/airflow/example_dags/example_sensor_decorator.py for tasks to queue
[2026-05-10T20:01:32.320+0000] {logging_mixin.py:188} INFO - [2026-05-10T20:01:32.320+0000] {dagbag.py:545} INFO - Filling up the DagBag from /home/airflow/.local/lib/python3.12/site-packages/airflow/example_dags/example_sensor_decorator.py
[2026-05-10T20:01:32.330+0000] {processor.py:840} INFO - DAG(s) 'example_sensor_decorator' retrieved from /home/airflow/.local/lib/python3.12/site-packages/airflow/example_dags/example_sensor_decorator.py
[2026-05-10T20:01:32.374+0000] {logging_mixin.py:188} INFO - [2026-05-10T20:01:32.374+0000] {dag.py:3089} INFO - Sync 1 DAGs
[2026-05-10T20:01:32.394+0000] {logging_mixin.py:188} INFO - [2026-05-10T20:01:32.393+0000] {dag.py:3947} INFO - Setting next_dagrun for example_sensor_decorator to None, run_after=None
[2026-05-10T20:01:32.470+0000] {processor.py:183} INFO - Processing /home/airflow/.local/lib/python3.12/site-packages/airflow/example_dags/example_sensor_decorator.py took 0.168 seconds
[2026-05-10T20:02:02.725+0000] {processor.py:161} INFO - Started process (PID=61864) to work on /home/airflow/.local/lib/python3.12/site-packages/airflow/example_dags/example_sensor_decorator.py
[2026-05-10T20:02:02.727+0000] {processor.py:830} INFO - Processing file /home/airflow/.local/lib/python3.12/site-packages/airflow/example_dags/example_sensor_decorator.py for tasks to queue
[2026-05-10T20:02:02.728+0000] {logging_mixin.py:188} INFO - [2026-05-10T20:02:02.728+0000] {dagbag.py:545} INFO - Filling up the DagBag from /home/airflow/.local/lib/python3.12/site-packages/airflow/example_dags/example_sensor_decorator.py
[2026-05-10T20:02:02.738+0000] {processor.py:840} INFO - DAG(s) 'example_sensor_decorator' retrieved from /home/airflow/.local/lib/python3.12/site-packages/airflow/example_dags/example_sensor_decorator.py
[2026-05-10T20:02:02.779+0000] {logging_mixin.py:188} INFO - [2026-05-10T20:02:02.778+0000] {dag.py:3089} INFO - Sync 1 DAGs
[2026-05-10T20:02:02.799+0000] {logging_mixin.py:188} INFO - [2026-05-10T20:02:02.799+0000] {dag.py:3947} INFO - Setting next_dagrun for example_sensor_decorator to None, run_after=None
[2026-05-10T20:02:02.872+0000] {processor.py:183} INFO - Processing /home/airflow/.local/lib/python3.12/site-packages/airflow/example_dags/example_sensor_decorator.py took 0.161 seconds
[2026-05-10T20:02:33.294+0000] {processor.py:161} INFO - Started process (PID=61931) to work on /home/airflow/.local/lib/python3.12/site-packages/airflow/example_dags/example_sensor_decorator.py
[2026-05-10T20:02:33.295+0000] {processor.py:830} INFO - Processing file /home/airflow/.local/lib/python3.12/site-packages/airflow/example_dags/example_sensor_decorator.py for tasks to queue
[2026-05-10T20:02:33.297+0000] {logging_mixin.py:188} INFO - [2026-05-10T20:02:33.297+0000] {dagbag.py:545} INFO - Filling up the DagBag from /home/airflow/.local/lib/python3.12/site-packages/airflow/example_dags/example_sensor_decorator.py
[2026-05-10T20:02:33.310+0000] {processor.py:840} INFO - DAG(s) 'example_sensor_decorator' retrieved from /home/airflow/.local/lib/python3.12/site-packages/airflow/example_dags/example_sensor_decorator.py
[2026-05-10T20:02:33.346+0000] {logging_mixin.py:188} INFO - [2026-05-10T20:02:33.345+0000] {dag.py:3089} INFO - Sync 1 DAGs
[2026-05-10T20:02:33.367+0000] {logging_mixin.py:188} INFO - [2026-05-10T20:02:33.367+0000] {dag.py:3947} INFO - Setting next_dagrun for example_sensor_decorator to None, run_after=None
[2026-05-10T20:02:33.440+0000] {processor.py:183} INFO - Processing /home/airflow/.local/lib/python3.12/site-packages/airflow/example_dags/example_sensor_decorator.py took 0.158 seconds
[2026-05-10T20:03:04.639+0000] {processor.py:161} INFO - Started process (PID=61999) to work on /home/airflow/.local/lib/python3.12/site-packages/airflow/example_dags/example_sensor_decorator.py
[2026-05-10T20:03:04.641+0000] {processor.py:830} INFO - Processing file /home/airflow/.local/lib/python3.12/site-packages/airflow/example_dags/example_sensor_decorator.py for tasks to queue
[2026-05-10T20:03:04.643+0000] {logging_mixin.py:188} INFO - [2026-05-10T20:03:04.642+0000] {dagbag.py:545} INFO - Filling up the DagBag from /home/airflow/.local/lib/python3.12/site-packages/airflow/example_dags/example_sensor_decorator.py
[2026-05-10T20:03:04.653+0000] {processor.py:840} INFO - DAG(s) 'example_sensor_decorator' retrieved from /home/airflow/.local/lib/python3.12/site-packages/airflow/example_dags/example_sensor_decorator.py
[2026-05-10T20:03:04.688+0000] {logging_mixin.py:188} INFO - [2026-05-10T20:03:04.688+0000] {dag.py:3089} INFO - Sync 1 DAGs
[2026-05-10T20:03:04.951+0000] {logging_mixin.py:188} INFO - [2026-05-10T20:03:04.950+0000] {dag.py:3947} INFO - Setting next_dagrun for example_sensor_decorator to None, run_after=None
[2026-05-10T20:03:04.987+0000] {processor.py:183} INFO - Processing /home/airflow/.local/lib/python3.12/site-packages/airflow/example_dags/example_sensor_decorator.py took 0.359 seconds
[2026-05-10T20:03:35.291+0000] {processor.py:161} INFO - Started process (PID=62067) to work on /home/airflow/.local/lib/python3.12/site-packages/airflow/example_dags/example_sensor_decorator.py
[2026-05-10T20:03:35.296+0000] {processor.py:830} INFO - Processing file /home/airflow/.local/lib/python3.12/site-packages/airflow/example_dags/example_sensor_decorator.py for tasks to queue
[2026-05-10T20:03:35.298+0000] {logging_mixin.py:188} INFO - [2026-05-10T20:03:35.297+0000] {dagbag.py:545} INFO - Filling up the DagBag from /home/airflow/.local/lib/python3.12/site-packages/airflow/example_dags/example_sensor_decorator.py
[2026-05-10T20:03:35.310+0000] {processor.py:840} INFO - DAG(s) 'example_sensor_decorator' retrieved from /home/airflow/.local/lib/python3.12/site-packages/airflow/example_dags/example_sensor_decorator.py
[2026-05-10T20:03:35.345+0000] {logging_mixin.py:188} INFO - [2026-05-10T20:03:35.344+0000] {dag.py:3089} INFO - Sync 1 DAGs
[2026-05-10T20:03:35.366+0000] {logging_mixin.py:188} INFO - [2026-05-10T20:03:35.366+0000] {dag.py:3947} INFO - Setting next_dagrun for example_sensor_decorator to None, run_after=None
[2026-05-10T20:03:35.402+0000] {processor.py:183} INFO - Processing /home/airflow/.local/lib/python3.12/site-packages/airflow/example_dags/example_sensor_decorator.py took 0.121 seconds
[2026-05-10T20:04:05.809+0000] {processor.py:161} INFO - Started process (PID=62135) to work on /home/airflow/.local/lib/python3.12/site-packages/airflow/example_dags/example_sensor_decorator.py
[2026-05-10T20:04:05.811+0000] {processor.py:830} INFO - Processing file /home/airflow/.local/lib/python3.12/site-packages/airflow/example_dags/example_sensor_decorator.py for tasks to queue
[2026-05-10T20:04:05.813+0000] {logging_mixin.py:188} INFO - [2026-05-10T20:04:05.813+0000] {dagbag.py:545} INFO - Filling up the DagBag from /home/airflow/.local/lib/python3.12/site-packages/airflow/example_dags/example_sensor_decorator.py
[2026-05-10T20:04:05.822+0000] {processor.py:840} INFO - DAG(s) 'example_sensor_decorator' retrieved from /home/airflow/.local/lib/python3.12/site-packages/airflow/example_dags/example_sensor_decorator.py
[2026-05-10T20:04:05.857+0000] {logging_mixin.py:188} INFO - [2026-05-10T20:04:05.857+0000] {dag.py:3089} INFO - Sync 1 DAGs
[2026-05-10T20:04:05.876+0000] {logging_mixin.py:188} INFO - [2026-05-10T20:04:05.876+0000] {dag.py:3947} INFO - Setting next_dagrun for example_sensor_decorator to None, run_after=None
[2026-05-10T20:04:05.953+0000] {processor.py:183} INFO - Processing /home/airflow/.local/lib/python3.12/site-packages/airflow/example_dags/example_sensor_decorator.py took 0.155 seconds
[2026-05-10T20:04:36.373+0000] {processor.py:161} INFO - Started process (PID=62210) to work on /home/airflow/.local/lib/python3.12/site-packages/airflow/example_dags/example_sensor_decorator.py
[2026-05-10T20:04:36.375+0000] {processor.py:830} INFO - Processing file /home/airflow/.local/lib/python3.12/site-packages/airflow/example_dags/example_sensor_decorator.py for tasks to queue
[2026-05-10T20:04:36.377+0000] {logging_mixin.py:188} INFO - [2026-05-10T20:04:36.376+0000] {dagbag.py:545} INFO - Filling up the DagBag from /home/airflow/.local/lib/python3.12/site-packages/airflow/example_dags/example_sensor_decorator.py
[2026-05-10T20:04:36.387+0000] {processor.py:840} INFO - DAG(s) 'example_sensor_decorator' retrieved from /home/airflow/.local/lib/python3.12/site-packages/airflow/example_dags/example_sensor_decorator.py
[2026-05-10T20:04:36.426+0000] {logging_mixin.py:188} INFO - [2026-05-10T20:04:36.425+0000] {dag.py:3089} INFO - Sync 1 DAGs
[2026-05-10T20:04:36.443+0000] {logging_mixin.py:188} INFO - [2026-05-10T20:04:36.442+0000] {dag.py:3947} INFO - Setting next_dagrun for example_sensor_decorator to None, run_after=None
[2026-05-10T20:04:36.511+0000] {processor.py:183} INFO - Processing /home/airflow/.local/lib/python3.12/site-packages/airflow/example_dags/example_sensor_decorator.py took 0.150 seconds
[2026-05-10T20:05:06.707+0000] {processor.py:161} INFO - Started process (PID=62277) to work on /home/airflow/.local/lib/python3.12/site-packages/airflow/example_dags/example_sensor_decorator.py
[2026-05-10T20:05:06.709+0000] {processor.py:830} INFO - Processing file /home/airflow/.local/lib/python3.12/site-packages/airflow/example_dags/example_sensor_decorator.py for tasks to queue
[2026-05-10T20:05:06.715+0000] {logging_mixin.py:188} INFO - [2026-05-10T20:05:06.714+0000] {dagbag.py:545} INFO - Filling up the DagBag from /home/airflow/.local/lib/python3.12/site-packages/airflow/example_dags/example_sensor_decorator.py
[2026-05-10T20:05:06.728+0000] {processor.py:840} INFO - DAG(s) 'example_sensor_decorator' retrieved from /home/airflow/.local/lib/python3.12/site-packages/airflow/example_dags/example_sensor_decorator.py
[2026-05-10T20:05:06.765+0000] {logging_mixin.py:188} INFO - [2026-05-10T20:05:06.764+0000] {dag.py:3089} INFO - Sync 1 DAGs
[2026-05-10T20:05:06.790+0000] {logging_mixin.py:188} INFO - [2026-05-10T20:05:06.789+0000] {dag.py:3947} INFO - Setting next_dagrun for example_sensor_decorator to None, run_after=None
[2026-05-10T20:05:06.828+0000] {processor.py:183} INFO - Processing /home/airflow/.local/lib/python3.12/site-packages/airflow/example_dags/example_sensor_decorator.py took 0.132 seconds
