[2026-05-10T13:32:21.108+0000] {processor.py:161} INFO - Started process (PID=14199) to work on /home/airflow/.local/lib/python3.12/site-packages/airflow/example_dags/example_trigger_controller_dag.py
[2026-05-10T13:32:21.109+0000] {processor.py:830} INFO - Processing file /home/airflow/.local/lib/python3.12/site-packages/airflow/example_dags/example_trigger_controller_dag.py for tasks to queue
[2026-05-10T13:32:21.110+0000] {logging_mixin.py:188} INFO - [2026-05-10T13:32:21.110+0000] {dagbag.py:545} INFO - Filling up the DagBag from /home/airflow/.local/lib/python3.12/site-packages/airflow/example_dags/example_trigger_controller_dag.py
[2026-05-10T13:32:21.115+0000] {processor.py:840} INFO - DAG(s) 'example_trigger_controller_dag' retrieved from /home/airflow/.local/lib/python3.12/site-packages/airflow/example_dags/example_trigger_controller_dag.py
[2026-05-10T13:32:21.139+0000] {logging_mixin.py:188} INFO - [2026-05-10T13:32:21.139+0000] {dag.py:3089} INFO - Sync 1 DAGs
[2026-05-10T13:32:21.164+0000] {logging_mixin.py:188} INFO - [2026-05-10T13:32:21.164+0000] {dag.py:3947} INFO - Setting next_dagrun for example_trigger_controller_dag to 2021-01-01 00:00:00+00:00, run_after=2021-01-01 00:00:00+00:00
[2026-05-10T13:32:21.190+0000] {processor.py:183} INFO - Processing /home/airflow/.local/lib/python3.12/site-packages/airflow/example_dags/example_trigger_controller_dag.py took 0.088 seconds
[2026-05-10T13:32:51.741+0000] {processor.py:161} INFO - Started process (PID=14274) to work on /home/airflow/.local/lib/python3.12/site-packages/airflow/example_dags/example_trigger_controller_dag.py
[2026-05-10T13:32:51.743+0000] {processor.py:830} INFO - Processing file /home/airflow/.local/lib/python3.12/site-packages/airflow/example_dags/example_trigger_controller_dag.py for tasks to queue
[2026-05-10T13:32:51.744+0000] {logging_mixin.py:188} INFO - [2026-05-10T13:32:51.744+0000] {dagbag.py:545} INFO - Filling up the DagBag from /home/airflow/.local/lib/python3.12/site-packages/airflow/example_dags/example_trigger_controller_dag.py
[2026-05-10T13:32:51.750+0000] {processor.py:840} INFO - DAG(s) 'example_trigger_controller_dag' retrieved from /home/airflow/.local/lib/python3.12/site-packages/airflow/example_dags/example_trigger_controller_dag.py
[2026-05-10T13:32:51.772+0000] {logging_mixin.py:188} INFO - [2026-05-10T13:32:51.772+0000] {dag.py:3089} INFO - Sync 1 DAGs
[2026-05-10T13:32:51.793+0000] {logging_mixin.py:188} INFO - [2026-05-10T13:32:51.793+0000] {dag.py:3947} INFO - Setting next_dagrun for example_trigger_controller_dag to 2021-01-01 00:00:00+00:00, run_after=2021-01-01 00:00:00+00:00
[2026-05-10T13:32:51.821+0000] {processor.py:183} INFO - Processing /home/airflow/.local/lib/python3.12/site-packages/airflow/example_dags/example_trigger_controller_dag.py took 0.088 seconds
[2026-05-10T13:33:22.254+0000] {processor.py:161} INFO - Started process (PID=14342) to work on /home/airflow/.local/lib/python3.12/site-packages/airflow/example_dags/example_trigger_controller_dag.py
[2026-05-10T13:33:22.255+0000] {processor.py:830} INFO - Processing file /home/airflow/.local/lib/python3.12/site-packages/airflow/example_dags/example_trigger_controller_dag.py for tasks to queue
[2026-05-10T13:33:22.256+0000] {logging_mixin.py:188} INFO - [2026-05-10T13:33:22.256+0000] {dagbag.py:545} INFO - Filling up the DagBag from /home/airflow/.local/lib/python3.12/site-packages/airflow/example_dags/example_trigger_controller_dag.py
[2026-05-10T13:33:22.260+0000] {processor.py:840} INFO - DAG(s) 'example_trigger_controller_dag' retrieved from /home/airflow/.local/lib/python3.12/site-packages/airflow/example_dags/example_trigger_controller_dag.py
[2026-05-10T13:33:22.279+0000] {logging_mixin.py:188} INFO - [2026-05-10T13:33:22.278+0000] {dag.py:3089} INFO - Sync 1 DAGs
[2026-05-10T13:33:22.443+0000] {logging_mixin.py:188} INFO - [2026-05-10T13:33:22.443+0000] {dag.py:3947} INFO - Setting next_dagrun for example_trigger_controller_dag to 2021-01-01 00:00:00+00:00, run_after=2021-01-01 00:00:00+00:00
[2026-05-10T13:33:22.466+0000] {processor.py:183} INFO - Processing /home/airflow/.local/lib/python3.12/site-packages/airflow/example_dags/example_trigger_controller_dag.py took 0.217 seconds
[2026-05-10T13:33:53.017+0000] {processor.py:161} INFO - Started process (PID=14417) to work on /home/airflow/.local/lib/python3.12/site-packages/airflow/example_dags/example_trigger_controller_dag.py
[2026-05-10T13:33:53.018+0000] {processor.py:830} INFO - Processing file /home/airflow/.local/lib/python3.12/site-packages/airflow/example_dags/example_trigger_controller_dag.py for tasks to queue
[2026-05-10T13:33:53.019+0000] {logging_mixin.py:188} INFO - [2026-05-10T13:33:53.019+0000] {dagbag.py:545} INFO - Filling up the DagBag from /home/airflow/.local/lib/python3.12/site-packages/airflow/example_dags/example_trigger_controller_dag.py
[2026-05-10T13:33:53.024+0000] {processor.py:840} INFO - DAG(s) 'example_trigger_controller_dag' retrieved from /home/airflow/.local/lib/python3.12/site-packages/airflow/example_dags/example_trigger_controller_dag.py
[2026-05-10T13:33:53.052+0000] {logging_mixin.py:188} INFO - [2026-05-10T13:33:53.052+0000] {dag.py:3089} INFO - Sync 1 DAGs
[2026-05-10T13:33:53.078+0000] {logging_mixin.py:188} INFO - [2026-05-10T13:33:53.077+0000] {dag.py:3947} INFO - Setting next_dagrun for example_trigger_controller_dag to 2021-01-01 00:00:00+00:00, run_after=2021-01-01 00:00:00+00:00
[2026-05-10T13:33:53.366+0000] {processor.py:183} INFO - Processing /home/airflow/.local/lib/python3.12/site-packages/airflow/example_dags/example_trigger_controller_dag.py took 0.355 seconds
[2026-05-10T13:34:23.547+0000] {processor.py:161} INFO - Started process (PID=14485) to work on /home/airflow/.local/lib/python3.12/site-packages/airflow/example_dags/example_trigger_controller_dag.py
[2026-05-10T13:34:23.550+0000] {processor.py:830} INFO - Processing file /home/airflow/.local/lib/python3.12/site-packages/airflow/example_dags/example_trigger_controller_dag.py for tasks to queue
[2026-05-10T13:34:23.552+0000] {logging_mixin.py:188} INFO - [2026-05-10T13:34:23.552+0000] {dagbag.py:545} INFO - Filling up the DagBag from /home/airflow/.local/lib/python3.12/site-packages/airflow/example_dags/example_trigger_controller_dag.py
[2026-05-10T13:34:23.562+0000] {processor.py:840} INFO - DAG(s) 'example_trigger_controller_dag' retrieved from /home/airflow/.local/lib/python3.12/site-packages/airflow/example_dags/example_trigger_controller_dag.py
[2026-05-10T13:34:23.609+0000] {logging_mixin.py:188} INFO - [2026-05-10T13:34:23.608+0000] {dag.py:3089} INFO - Sync 1 DAGs
[2026-05-10T13:34:23.656+0000] {logging_mixin.py:188} INFO - [2026-05-10T13:34:23.656+0000] {dag.py:3947} INFO - Setting next_dagrun for example_trigger_controller_dag to 2021-01-01 00:00:00+00:00, run_after=2021-01-01 00:00:00+00:00
[2026-05-10T13:34:23.756+0000] {processor.py:183} INFO - Processing /home/airflow/.local/lib/python3.12/site-packages/airflow/example_dags/example_trigger_controller_dag.py took 0.220 seconds
[2026-05-10T13:34:53.943+0000] {processor.py:161} INFO - Started process (PID=14553) to work on /home/airflow/.local/lib/python3.12/site-packages/airflow/example_dags/example_trigger_controller_dag.py
[2026-05-10T13:34:53.945+0000] {processor.py:830} INFO - Processing file /home/airflow/.local/lib/python3.12/site-packages/airflow/example_dags/example_trigger_controller_dag.py for tasks to queue
[2026-05-10T13:34:53.946+0000] {logging_mixin.py:188} INFO - [2026-05-10T13:34:53.946+0000] {dagbag.py:545} INFO - Filling up the DagBag from /home/airflow/.local/lib/python3.12/site-packages/airflow/example_dags/example_trigger_controller_dag.py
[2026-05-10T13:34:53.952+0000] {processor.py:840} INFO - DAG(s) 'example_trigger_controller_dag' retrieved from /home/airflow/.local/lib/python3.12/site-packages/airflow/example_dags/example_trigger_controller_dag.py
[2026-05-10T13:34:53.979+0000] {logging_mixin.py:188} INFO - [2026-05-10T13:34:53.978+0000] {dag.py:3089} INFO - Sync 1 DAGs
[2026-05-10T13:34:53.995+0000] {logging_mixin.py:188} INFO - [2026-05-10T13:34:53.994+0000] {dag.py:3947} INFO - Setting next_dagrun for example_trigger_controller_dag to 2021-01-01 00:00:00+00:00, run_after=2021-01-01 00:00:00+00:00
[2026-05-10T13:34:54.025+0000] {processor.py:183} INFO - Processing /home/airflow/.local/lib/python3.12/site-packages/airflow/example_dags/example_trigger_controller_dag.py took 0.086 seconds
[2026-05-10T13:35:24.968+0000] {processor.py:161} INFO - Started process (PID=14629) to work on /home/airflow/.local/lib/python3.12/site-packages/airflow/example_dags/example_trigger_controller_dag.py
[2026-05-10T13:35:24.970+0000] {processor.py:830} INFO - Processing file /home/airflow/.local/lib/python3.12/site-packages/airflow/example_dags/example_trigger_controller_dag.py for tasks to queue
[2026-05-10T13:35:24.971+0000] {logging_mixin.py:188} INFO - [2026-05-10T13:35:24.971+0000] {dagbag.py:545} INFO - Filling up the DagBag from /home/airflow/.local/lib/python3.12/site-packages/airflow/example_dags/example_trigger_controller_dag.py
[2026-05-10T13:35:24.979+0000] {processor.py:840} INFO - DAG(s) 'example_trigger_controller_dag' retrieved from /home/airflow/.local/lib/python3.12/site-packages/airflow/example_dags/example_trigger_controller_dag.py
[2026-05-10T13:35:25.188+0000] {logging_mixin.py:188} INFO - [2026-05-10T13:35:25.187+0000] {dag.py:3089} INFO - Sync 1 DAGs
[2026-05-10T13:35:25.215+0000] {logging_mixin.py:188} INFO - [2026-05-10T13:35:25.214+0000] {dag.py:3947} INFO - Setting next_dagrun for example_trigger_controller_dag to 2021-01-01 00:00:00+00:00, run_after=2021-01-01 00:00:00+00:00
[2026-05-10T13:35:25.247+0000] {processor.py:183} INFO - Processing /home/airflow/.local/lib/python3.12/site-packages/airflow/example_dags/example_trigger_controller_dag.py took 0.288 seconds
[2026-05-10T13:35:56.033+0000] {processor.py:161} INFO - Started process (PID=14697) to work on /home/airflow/.local/lib/python3.12/site-packages/airflow/example_dags/example_trigger_controller_dag.py
[2026-05-10T13:35:56.035+0000] {processor.py:830} INFO - Processing file /home/airflow/.local/lib/python3.12/site-packages/airflow/example_dags/example_trigger_controller_dag.py for tasks to queue
[2026-05-10T13:35:56.036+0000] {logging_mixin.py:188} INFO - [2026-05-10T13:35:56.036+0000] {dagbag.py:545} INFO - Filling up the DagBag from /home/airflow/.local/lib/python3.12/site-packages/airflow/example_dags/example_trigger_controller_dag.py
[2026-05-10T13:35:56.043+0000] {processor.py:840} INFO - DAG(s) 'example_trigger_controller_dag' retrieved from /home/airflow/.local/lib/python3.12/site-packages/airflow/example_dags/example_trigger_controller_dag.py
[2026-05-10T13:35:56.073+0000] {logging_mixin.py:188} INFO - [2026-05-10T13:35:56.072+0000] {dag.py:3089} INFO - Sync 1 DAGs
[2026-05-10T13:35:56.097+0000] {logging_mixin.py:188} INFO - [2026-05-10T13:35:56.097+0000] {dag.py:3947} INFO - Setting next_dagrun for example_trigger_controller_dag to 2021-01-01 00:00:00+00:00, run_after=2021-01-01 00:00:00+00:00
[2026-05-10T13:35:56.126+0000] {processor.py:183} INFO - Processing /home/airflow/.local/lib/python3.12/site-packages/airflow/example_dags/example_trigger_controller_dag.py took 0.103 seconds
[2026-05-10T13:36:26.823+0000] {processor.py:161} INFO - Started process (PID=14772) to work on /home/airflow/.local/lib/python3.12/site-packages/airflow/example_dags/example_trigger_controller_dag.py
[2026-05-10T13:36:26.825+0000] {processor.py:830} INFO - Processing file /home/airflow/.local/lib/python3.12/site-packages/airflow/example_dags/example_trigger_controller_dag.py for tasks to queue
[2026-05-10T13:36:26.827+0000] {logging_mixin.py:188} INFO - [2026-05-10T13:36:26.826+0000] {dagbag.py:545} INFO - Filling up the DagBag from /home/airflow/.local/lib/python3.12/site-packages/airflow/example_dags/example_trigger_controller_dag.py
[2026-05-10T13:36:26.834+0000] {processor.py:840} INFO - DAG(s) 'example_trigger_controller_dag' retrieved from /home/airflow/.local/lib/python3.12/site-packages/airflow/example_dags/example_trigger_controller_dag.py
[2026-05-10T13:36:26.860+0000] {logging_mixin.py:188} INFO - [2026-05-10T13:36:26.860+0000] {dag.py:3089} INFO - Sync 1 DAGs
[2026-05-10T13:36:26.891+0000] {logging_mixin.py:188} INFO - [2026-05-10T13:36:26.891+0000] {dag.py:3947} INFO - Setting next_dagrun for example_trigger_controller_dag to 2021-01-01 00:00:00+00:00, run_after=2021-01-01 00:00:00+00:00
[2026-05-10T13:36:26.925+0000] {processor.py:183} INFO - Processing /home/airflow/.local/lib/python3.12/site-packages/airflow/example_dags/example_trigger_controller_dag.py took 0.108 seconds
[2026-05-10T13:36:57.345+0000] {processor.py:161} INFO - Started process (PID=14841) to work on /home/airflow/.local/lib/python3.12/site-packages/airflow/example_dags/example_trigger_controller_dag.py
[2026-05-10T13:36:57.347+0000] {processor.py:830} INFO - Processing file /home/airflow/.local/lib/python3.12/site-packages/airflow/example_dags/example_trigger_controller_dag.py for tasks to queue
[2026-05-10T13:36:57.348+0000] {logging_mixin.py:188} INFO - [2026-05-10T13:36:57.348+0000] {dagbag.py:545} INFO - Filling up the DagBag from /home/airflow/.local/lib/python3.12/site-packages/airflow/example_dags/example_trigger_controller_dag.py
[2026-05-10T13:36:57.356+0000] {processor.py:840} INFO - DAG(s) 'example_trigger_controller_dag' retrieved from /home/airflow/.local/lib/python3.12/site-packages/airflow/example_dags/example_trigger_controller_dag.py
[2026-05-10T13:36:57.389+0000] {logging_mixin.py:188} INFO - [2026-05-10T13:36:57.388+0000] {dag.py:3089} INFO - Sync 1 DAGs
[2026-05-10T13:36:57.427+0000] {logging_mixin.py:188} INFO - [2026-05-10T13:36:57.427+0000] {dag.py:3947} INFO - Setting next_dagrun for example_trigger_controller_dag to 2021-01-01 00:00:00+00:00, run_after=2021-01-01 00:00:00+00:00
[2026-05-10T13:36:57.459+0000] {processor.py:183} INFO - Processing /home/airflow/.local/lib/python3.12/site-packages/airflow/example_dags/example_trigger_controller_dag.py took 0.123 seconds
[2026-05-10T13:37:28.379+0000] {processor.py:161} INFO - Started process (PID=14909) to work on /home/airflow/.local/lib/python3.12/site-packages/airflow/example_dags/example_trigger_controller_dag.py
[2026-05-10T13:37:28.380+0000] {processor.py:830} INFO - Processing file /home/airflow/.local/lib/python3.12/site-packages/airflow/example_dags/example_trigger_controller_dag.py for tasks to queue
[2026-05-10T13:37:28.381+0000] {logging_mixin.py:188} INFO - [2026-05-10T13:37:28.380+0000] {dagbag.py:545} INFO - Filling up the DagBag from /home/airflow/.local/lib/python3.12/site-packages/airflow/example_dags/example_trigger_controller_dag.py
[2026-05-10T13:37:28.385+0000] {processor.py:840} INFO - DAG(s) 'example_trigger_controller_dag' retrieved from /home/airflow/.local/lib/python3.12/site-packages/airflow/example_dags/example_trigger_controller_dag.py
[2026-05-10T13:37:28.408+0000] {logging_mixin.py:188} INFO - [2026-05-10T13:37:28.408+0000] {dag.py:3089} INFO - Sync 1 DAGs
[2026-05-10T13:37:28.428+0000] {logging_mixin.py:188} INFO - [2026-05-10T13:37:28.428+0000] {dag.py:3947} INFO - Setting next_dagrun for example_trigger_controller_dag to 2021-01-01 00:00:00+00:00, run_after=2021-01-01 00:00:00+00:00
[2026-05-10T13:37:28.462+0000] {processor.py:183} INFO - Processing /home/airflow/.local/lib/python3.12/site-packages/airflow/example_dags/example_trigger_controller_dag.py took 0.090 seconds
[2026-05-10T13:37:59.067+0000] {processor.py:161} INFO - Started process (PID=14984) to work on /home/airflow/.local/lib/python3.12/site-packages/airflow/example_dags/example_trigger_controller_dag.py
[2026-05-10T13:37:59.068+0000] {processor.py:830} INFO - Processing file /home/airflow/.local/lib/python3.12/site-packages/airflow/example_dags/example_trigger_controller_dag.py for tasks to queue
[2026-05-10T13:37:59.069+0000] {logging_mixin.py:188} INFO - [2026-05-10T13:37:59.069+0000] {dagbag.py:545} INFO - Filling up the DagBag from /home/airflow/.local/lib/python3.12/site-packages/airflow/example_dags/example_trigger_controller_dag.py
[2026-05-10T13:37:59.075+0000] {processor.py:840} INFO - DAG(s) 'example_trigger_controller_dag' retrieved from /home/airflow/.local/lib/python3.12/site-packages/airflow/example_dags/example_trigger_controller_dag.py
[2026-05-10T13:37:59.105+0000] {logging_mixin.py:188} INFO - [2026-05-10T13:37:59.105+0000] {dag.py:3089} INFO - Sync 1 DAGs
[2026-05-10T13:37:59.131+0000] {logging_mixin.py:188} INFO - [2026-05-10T13:37:59.131+0000] {dag.py:3947} INFO - Setting next_dagrun for example_trigger_controller_dag to 2021-01-01 00:00:00+00:00, run_after=2021-01-01 00:00:00+00:00
[2026-05-10T13:37:59.154+0000] {processor.py:183} INFO - Processing /home/airflow/.local/lib/python3.12/site-packages/airflow/example_dags/example_trigger_controller_dag.py took 0.096 seconds
[2026-05-10T13:38:29.314+0000] {processor.py:161} INFO - Started process (PID=15052) to work on /home/airflow/.local/lib/python3.12/site-packages/airflow/example_dags/example_trigger_controller_dag.py
[2026-05-10T13:38:29.315+0000] {processor.py:830} INFO - Processing file /home/airflow/.local/lib/python3.12/site-packages/airflow/example_dags/example_trigger_controller_dag.py for tasks to queue
[2026-05-10T13:38:29.316+0000] {logging_mixin.py:188} INFO - [2026-05-10T13:38:29.316+0000] {dagbag.py:545} INFO - Filling up the DagBag from /home/airflow/.local/lib/python3.12/site-packages/airflow/example_dags/example_trigger_controller_dag.py
[2026-05-10T13:38:29.320+0000] {processor.py:840} INFO - DAG(s) 'example_trigger_controller_dag' retrieved from /home/airflow/.local/lib/python3.12/site-packages/airflow/example_dags/example_trigger_controller_dag.py
[2026-05-10T13:38:29.345+0000] {logging_mixin.py:188} INFO - [2026-05-10T13:38:29.345+0000] {dag.py:3089} INFO - Sync 1 DAGs
[2026-05-10T13:38:29.364+0000] {logging_mixin.py:188} INFO - [2026-05-10T13:38:29.364+0000] {dag.py:3947} INFO - Setting next_dagrun for example_trigger_controller_dag to 2021-01-01 00:00:00+00:00, run_after=2021-01-01 00:00:00+00:00
[2026-05-10T13:38:29.384+0000] {processor.py:183} INFO - Processing /home/airflow/.local/lib/python3.12/site-packages/airflow/example_dags/example_trigger_controller_dag.py took 0.075 seconds
[2026-05-10T13:38:59.812+0000] {processor.py:161} INFO - Started process (PID=15120) to work on /home/airflow/.local/lib/python3.12/site-packages/airflow/example_dags/example_trigger_controller_dag.py
[2026-05-10T13:38:59.814+0000] {processor.py:830} INFO - Processing file /home/airflow/.local/lib/python3.12/site-packages/airflow/example_dags/example_trigger_controller_dag.py for tasks to queue
[2026-05-10T13:38:59.815+0000] {logging_mixin.py:188} INFO - [2026-05-10T13:38:59.815+0000] {dagbag.py:545} INFO - Filling up the DagBag from /home/airflow/.local/lib/python3.12/site-packages/airflow/example_dags/example_trigger_controller_dag.py
[2026-05-10T13:38:59.822+0000] {processor.py:840} INFO - DAG(s) 'example_trigger_controller_dag' retrieved from /home/airflow/.local/lib/python3.12/site-packages/airflow/example_dags/example_trigger_controller_dag.py
[2026-05-10T13:38:59.850+0000] {logging_mixin.py:188} INFO - [2026-05-10T13:38:59.850+0000] {dag.py:3089} INFO - Sync 1 DAGs
[2026-05-10T13:38:59.872+0000] {logging_mixin.py:188} INFO - [2026-05-10T13:38:59.871+0000] {dag.py:3947} INFO - Setting next_dagrun for example_trigger_controller_dag to 2021-01-01 00:00:00+00:00, run_after=2021-01-01 00:00:00+00:00
[2026-05-10T13:38:59.903+0000] {processor.py:183} INFO - Processing /home/airflow/.local/lib/python3.12/site-packages/airflow/example_dags/example_trigger_controller_dag.py took 0.100 seconds
[2026-05-10T13:39:30.350+0000] {processor.py:161} INFO - Started process (PID=15195) to work on /home/airflow/.local/lib/python3.12/site-packages/airflow/example_dags/example_trigger_controller_dag.py
[2026-05-10T13:39:30.351+0000] {processor.py:830} INFO - Processing file /home/airflow/.local/lib/python3.12/site-packages/airflow/example_dags/example_trigger_controller_dag.py for tasks to queue
[2026-05-10T13:39:30.353+0000] {logging_mixin.py:188} INFO - [2026-05-10T13:39:30.352+0000] {dagbag.py:545} INFO - Filling up the DagBag from /home/airflow/.local/lib/python3.12/site-packages/airflow/example_dags/example_trigger_controller_dag.py
[2026-05-10T13:39:30.360+0000] {processor.py:840} INFO - DAG(s) 'example_trigger_controller_dag' retrieved from /home/airflow/.local/lib/python3.12/site-packages/airflow/example_dags/example_trigger_controller_dag.py
[2026-05-10T13:39:30.381+0000] {logging_mixin.py:188} INFO - [2026-05-10T13:39:30.381+0000] {dag.py:3089} INFO - Sync 1 DAGs
[2026-05-10T13:39:30.403+0000] {logging_mixin.py:188} INFO - [2026-05-10T13:39:30.403+0000] {dag.py:3947} INFO - Setting next_dagrun for example_trigger_controller_dag to 2021-01-01 00:00:00+00:00, run_after=2021-01-01 00:00:00+00:00
[2026-05-10T13:39:30.439+0000] {processor.py:183} INFO - Processing /home/airflow/.local/lib/python3.12/site-packages/airflow/example_dags/example_trigger_controller_dag.py took 0.094 seconds
[2026-05-10T13:40:00.752+0000] {processor.py:161} INFO - Started process (PID=15263) to work on /home/airflow/.local/lib/python3.12/site-packages/airflow/example_dags/example_trigger_controller_dag.py
[2026-05-10T13:40:00.754+0000] {processor.py:830} INFO - Processing file /home/airflow/.local/lib/python3.12/site-packages/airflow/example_dags/example_trigger_controller_dag.py for tasks to queue
[2026-05-10T13:40:00.755+0000] {logging_mixin.py:188} INFO - [2026-05-10T13:40:00.755+0000] {dagbag.py:545} INFO - Filling up the DagBag from /home/airflow/.local/lib/python3.12/site-packages/airflow/example_dags/example_trigger_controller_dag.py
[2026-05-10T13:40:00.759+0000] {processor.py:840} INFO - DAG(s) 'example_trigger_controller_dag' retrieved from /home/airflow/.local/lib/python3.12/site-packages/airflow/example_dags/example_trigger_controller_dag.py
[2026-05-10T13:40:00.786+0000] {logging_mixin.py:188} INFO - [2026-05-10T13:40:00.786+0000] {dag.py:3089} INFO - Sync 1 DAGs
[2026-05-10T13:40:00.808+0000] {logging_mixin.py:188} INFO - [2026-05-10T13:40:00.808+0000] {dag.py:3947} INFO - Setting next_dagrun for example_trigger_controller_dag to 2021-01-01 00:00:00+00:00, run_after=2021-01-01 00:00:00+00:00
[2026-05-10T13:40:00.832+0000] {processor.py:183} INFO - Processing /home/airflow/.local/lib/python3.12/site-packages/airflow/example_dags/example_trigger_controller_dag.py took 0.094 seconds
[2026-05-10T13:40:30.910+0000] {processor.py:161} INFO - Started process (PID=15331) to work on /home/airflow/.local/lib/python3.12/site-packages/airflow/example_dags/example_trigger_controller_dag.py
[2026-05-10T13:40:30.911+0000] {processor.py:830} INFO - Processing file /home/airflow/.local/lib/python3.12/site-packages/airflow/example_dags/example_trigger_controller_dag.py for tasks to queue
[2026-05-10T13:40:30.912+0000] {logging_mixin.py:188} INFO - [2026-05-10T13:40:30.912+0000] {dagbag.py:545} INFO - Filling up the DagBag from /home/airflow/.local/lib/python3.12/site-packages/airflow/example_dags/example_trigger_controller_dag.py
[2026-05-10T13:40:30.921+0000] {processor.py:840} INFO - DAG(s) 'example_trigger_controller_dag' retrieved from /home/airflow/.local/lib/python3.12/site-packages/airflow/example_dags/example_trigger_controller_dag.py
[2026-05-10T13:40:30.944+0000] {logging_mixin.py:188} INFO - [2026-05-10T13:40:30.944+0000] {dag.py:3089} INFO - Sync 1 DAGs
[2026-05-10T13:40:30.973+0000] {logging_mixin.py:188} INFO - [2026-05-10T13:40:30.971+0000] {dag.py:3947} INFO - Setting next_dagrun for example_trigger_controller_dag to 2021-01-01 00:00:00+00:00, run_after=2021-01-01 00:00:00+00:00
[2026-05-10T13:40:31.005+0000] {processor.py:183} INFO - Processing /home/airflow/.local/lib/python3.12/site-packages/airflow/example_dags/example_trigger_controller_dag.py took 0.100 seconds
[2026-05-10T13:41:01.094+0000] {processor.py:161} INFO - Started process (PID=15405) to work on /home/airflow/.local/lib/python3.12/site-packages/airflow/example_dags/example_trigger_controller_dag.py
[2026-05-10T13:41:01.095+0000] {processor.py:830} INFO - Processing file /home/airflow/.local/lib/python3.12/site-packages/airflow/example_dags/example_trigger_controller_dag.py for tasks to queue
[2026-05-10T13:41:01.095+0000] {logging_mixin.py:188} INFO - [2026-05-10T13:41:01.095+0000] {dagbag.py:545} INFO - Filling up the DagBag from /home/airflow/.local/lib/python3.12/site-packages/airflow/example_dags/example_trigger_controller_dag.py
[2026-05-10T13:41:01.102+0000] {processor.py:840} INFO - DAG(s) 'example_trigger_controller_dag' retrieved from /home/airflow/.local/lib/python3.12/site-packages/airflow/example_dags/example_trigger_controller_dag.py
[2026-05-10T13:41:01.123+0000] {logging_mixin.py:188} INFO - [2026-05-10T13:41:01.122+0000] {dag.py:3089} INFO - Sync 1 DAGs
[2026-05-10T13:41:01.144+0000] {logging_mixin.py:188} INFO - [2026-05-10T13:41:01.144+0000] {dag.py:3947} INFO - Setting next_dagrun for example_trigger_controller_dag to 2021-01-01 00:00:00+00:00, run_after=2021-01-01 00:00:00+00:00
[2026-05-10T13:41:01.172+0000] {processor.py:183} INFO - Processing /home/airflow/.local/lib/python3.12/site-packages/airflow/example_dags/example_trigger_controller_dag.py took 0.083 seconds
[2026-05-10T13:41:31.543+0000] {processor.py:161} INFO - Started process (PID=15473) to work on /home/airflow/.local/lib/python3.12/site-packages/airflow/example_dags/example_trigger_controller_dag.py
[2026-05-10T13:41:31.544+0000] {processor.py:830} INFO - Processing file /home/airflow/.local/lib/python3.12/site-packages/airflow/example_dags/example_trigger_controller_dag.py for tasks to queue
[2026-05-10T13:41:31.545+0000] {logging_mixin.py:188} INFO - [2026-05-10T13:41:31.545+0000] {dagbag.py:545} INFO - Filling up the DagBag from /home/airflow/.local/lib/python3.12/site-packages/airflow/example_dags/example_trigger_controller_dag.py
[2026-05-10T13:41:31.551+0000] {processor.py:840} INFO - DAG(s) 'example_trigger_controller_dag' retrieved from /home/airflow/.local/lib/python3.12/site-packages/airflow/example_dags/example_trigger_controller_dag.py
[2026-05-10T13:41:31.579+0000] {logging_mixin.py:188} INFO - [2026-05-10T13:41:31.579+0000] {dag.py:3089} INFO - Sync 1 DAGs
[2026-05-10T13:41:31.620+0000] {logging_mixin.py:188} INFO - [2026-05-10T13:41:31.620+0000] {dag.py:3947} INFO - Setting next_dagrun for example_trigger_controller_dag to 2021-01-01 00:00:00+00:00, run_after=2021-01-01 00:00:00+00:00
[2026-05-10T13:41:31.656+0000] {processor.py:183} INFO - Processing /home/airflow/.local/lib/python3.12/site-packages/airflow/example_dags/example_trigger_controller_dag.py took 0.121 seconds
[2026-05-10T13:42:01.722+0000] {processor.py:161} INFO - Started process (PID=15549) to work on /home/airflow/.local/lib/python3.12/site-packages/airflow/example_dags/example_trigger_controller_dag.py
[2026-05-10T13:42:01.724+0000] {processor.py:830} INFO - Processing file /home/airflow/.local/lib/python3.12/site-packages/airflow/example_dags/example_trigger_controller_dag.py for tasks to queue
[2026-05-10T13:42:01.726+0000] {logging_mixin.py:188} INFO - [2026-05-10T13:42:01.725+0000] {dagbag.py:545} INFO - Filling up the DagBag from /home/airflow/.local/lib/python3.12/site-packages/airflow/example_dags/example_trigger_controller_dag.py
[2026-05-10T13:42:01.733+0000] {processor.py:840} INFO - DAG(s) 'example_trigger_controller_dag' retrieved from /home/airflow/.local/lib/python3.12/site-packages/airflow/example_dags/example_trigger_controller_dag.py
[2026-05-10T13:42:01.760+0000] {logging_mixin.py:188} INFO - [2026-05-10T13:42:01.759+0000] {dag.py:3089} INFO - Sync 1 DAGs
[2026-05-10T13:42:01.784+0000] {logging_mixin.py:188} INFO - [2026-05-10T13:42:01.784+0000] {dag.py:3947} INFO - Setting next_dagrun for example_trigger_controller_dag to 2021-01-01 00:00:00+00:00, run_after=2021-01-01 00:00:00+00:00
[2026-05-10T13:42:01.808+0000] {processor.py:183} INFO - Processing /home/airflow/.local/lib/python3.12/site-packages/airflow/example_dags/example_trigger_controller_dag.py took 0.093 seconds
[2026-05-10T13:42:32.796+0000] {processor.py:161} INFO - Started process (PID=15616) to work on /home/airflow/.local/lib/python3.12/site-packages/airflow/example_dags/example_trigger_controller_dag.py
[2026-05-10T13:42:32.797+0000] {processor.py:830} INFO - Processing file /home/airflow/.local/lib/python3.12/site-packages/airflow/example_dags/example_trigger_controller_dag.py for tasks to queue
[2026-05-10T13:42:32.798+0000] {logging_mixin.py:188} INFO - [2026-05-10T13:42:32.797+0000] {dagbag.py:545} INFO - Filling up the DagBag from /home/airflow/.local/lib/python3.12/site-packages/airflow/example_dags/example_trigger_controller_dag.py
[2026-05-10T13:42:32.802+0000] {processor.py:840} INFO - DAG(s) 'example_trigger_controller_dag' retrieved from /home/airflow/.local/lib/python3.12/site-packages/airflow/example_dags/example_trigger_controller_dag.py
[2026-05-10T13:42:32.822+0000] {logging_mixin.py:188} INFO - [2026-05-10T13:42:32.822+0000] {dag.py:3089} INFO - Sync 1 DAGs
[2026-05-10T13:42:32.840+0000] {logging_mixin.py:188} INFO - [2026-05-10T13:42:32.839+0000] {dag.py:3947} INFO - Setting next_dagrun for example_trigger_controller_dag to 2021-01-01 00:00:00+00:00, run_after=2021-01-01 00:00:00+00:00
[2026-05-10T13:42:32.872+0000] {processor.py:183} INFO - Processing /home/airflow/.local/lib/python3.12/site-packages/airflow/example_dags/example_trigger_controller_dag.py took 0.081 seconds
[2026-05-10T13:43:03.082+0000] {processor.py:161} INFO - Started process (PID=15691) to work on /home/airflow/.local/lib/python3.12/site-packages/airflow/example_dags/example_trigger_controller_dag.py
[2026-05-10T13:43:03.083+0000] {processor.py:830} INFO - Processing file /home/airflow/.local/lib/python3.12/site-packages/airflow/example_dags/example_trigger_controller_dag.py for tasks to queue
[2026-05-10T13:43:03.084+0000] {logging_mixin.py:188} INFO - [2026-05-10T13:43:03.084+0000] {dagbag.py:545} INFO - Filling up the DagBag from /home/airflow/.local/lib/python3.12/site-packages/airflow/example_dags/example_trigger_controller_dag.py
[2026-05-10T13:43:03.088+0000] {processor.py:840} INFO - DAG(s) 'example_trigger_controller_dag' retrieved from /home/airflow/.local/lib/python3.12/site-packages/airflow/example_dags/example_trigger_controller_dag.py
[2026-05-10T13:43:03.110+0000] {logging_mixin.py:188} INFO - [2026-05-10T13:43:03.110+0000] {dag.py:3089} INFO - Sync 1 DAGs
[2026-05-10T13:43:03.130+0000] {logging_mixin.py:188} INFO - [2026-05-10T13:43:03.130+0000] {dag.py:3947} INFO - Setting next_dagrun for example_trigger_controller_dag to 2021-01-01 00:00:00+00:00, run_after=2021-01-01 00:00:00+00:00
[2026-05-10T13:43:03.152+0000] {processor.py:183} INFO - Processing /home/airflow/.local/lib/python3.12/site-packages/airflow/example_dags/example_trigger_controller_dag.py took 0.076 seconds
[2026-05-10T13:43:33.697+0000] {processor.py:161} INFO - Started process (PID=15758) to work on /home/airflow/.local/lib/python3.12/site-packages/airflow/example_dags/example_trigger_controller_dag.py
[2026-05-10T13:43:33.698+0000] {processor.py:830} INFO - Processing file /home/airflow/.local/lib/python3.12/site-packages/airflow/example_dags/example_trigger_controller_dag.py for tasks to queue
[2026-05-10T13:43:33.699+0000] {logging_mixin.py:188} INFO - [2026-05-10T13:43:33.699+0000] {dagbag.py:545} INFO - Filling up the DagBag from /home/airflow/.local/lib/python3.12/site-packages/airflow/example_dags/example_trigger_controller_dag.py
[2026-05-10T13:43:33.708+0000] {processor.py:840} INFO - DAG(s) 'example_trigger_controller_dag' retrieved from /home/airflow/.local/lib/python3.12/site-packages/airflow/example_dags/example_trigger_controller_dag.py
[2026-05-10T13:43:33.731+0000] {logging_mixin.py:188} INFO - [2026-05-10T13:43:33.731+0000] {dag.py:3089} INFO - Sync 1 DAGs
[2026-05-10T13:43:33.750+0000] {logging_mixin.py:188} INFO - [2026-05-10T13:43:33.750+0000] {dag.py:3947} INFO - Setting next_dagrun for example_trigger_controller_dag to 2021-01-01 00:00:00+00:00, run_after=2021-01-01 00:00:00+00:00
[2026-05-10T13:43:33.783+0000] {processor.py:183} INFO - Processing /home/airflow/.local/lib/python3.12/site-packages/airflow/example_dags/example_trigger_controller_dag.py took 0.093 seconds
[2026-05-10T13:44:04.225+0000] {processor.py:161} INFO - Started process (PID=15826) to work on /home/airflow/.local/lib/python3.12/site-packages/airflow/example_dags/example_trigger_controller_dag.py
[2026-05-10T13:44:04.226+0000] {processor.py:830} INFO - Processing file /home/airflow/.local/lib/python3.12/site-packages/airflow/example_dags/example_trigger_controller_dag.py for tasks to queue
[2026-05-10T13:44:04.228+0000] {logging_mixin.py:188} INFO - [2026-05-10T13:44:04.227+0000] {dagbag.py:545} INFO - Filling up the DagBag from /home/airflow/.local/lib/python3.12/site-packages/airflow/example_dags/example_trigger_controller_dag.py
[2026-05-10T13:44:04.236+0000] {processor.py:840} INFO - DAG(s) 'example_trigger_controller_dag' retrieved from /home/airflow/.local/lib/python3.12/site-packages/airflow/example_dags/example_trigger_controller_dag.py
[2026-05-10T13:44:04.263+0000] {logging_mixin.py:188} INFO - [2026-05-10T13:44:04.263+0000] {dag.py:3089} INFO - Sync 1 DAGs
[2026-05-10T13:44:04.295+0000] {logging_mixin.py:188} INFO - [2026-05-10T13:44:04.294+0000] {dag.py:3947} INFO - Setting next_dagrun for example_trigger_controller_dag to 2021-01-01 00:00:00+00:00, run_after=2021-01-01 00:00:00+00:00
[2026-05-10T13:44:04.339+0000] {processor.py:183} INFO - Processing /home/airflow/.local/lib/python3.12/site-packages/airflow/example_dags/example_trigger_controller_dag.py took 0.123 seconds
[2026-05-10T13:44:34.839+0000] {processor.py:161} INFO - Started process (PID=15901) to work on /home/airflow/.local/lib/python3.12/site-packages/airflow/example_dags/example_trigger_controller_dag.py
[2026-05-10T13:44:34.840+0000] {processor.py:830} INFO - Processing file /home/airflow/.local/lib/python3.12/site-packages/airflow/example_dags/example_trigger_controller_dag.py for tasks to queue
[2026-05-10T13:44:34.842+0000] {logging_mixin.py:188} INFO - [2026-05-10T13:44:34.841+0000] {dagbag.py:545} INFO - Filling up the DagBag from /home/airflow/.local/lib/python3.12/site-packages/airflow/example_dags/example_trigger_controller_dag.py
[2026-05-10T13:44:34.847+0000] {processor.py:840} INFO - DAG(s) 'example_trigger_controller_dag' retrieved from /home/airflow/.local/lib/python3.12/site-packages/airflow/example_dags/example_trigger_controller_dag.py
[2026-05-10T13:44:34.872+0000] {logging_mixin.py:188} INFO - [2026-05-10T13:44:34.872+0000] {dag.py:3089} INFO - Sync 1 DAGs
[2026-05-10T13:44:34.892+0000] {logging_mixin.py:188} INFO - [2026-05-10T13:44:34.892+0000] {dag.py:3947} INFO - Setting next_dagrun for example_trigger_controller_dag to 2021-01-01 00:00:00+00:00, run_after=2021-01-01 00:00:00+00:00
[2026-05-10T13:44:34.914+0000] {processor.py:183} INFO - Processing /home/airflow/.local/lib/python3.12/site-packages/airflow/example_dags/example_trigger_controller_dag.py took 0.082 seconds
[2026-05-10T13:45:05.708+0000] {processor.py:161} INFO - Started process (PID=15968) to work on /home/airflow/.local/lib/python3.12/site-packages/airflow/example_dags/example_trigger_controller_dag.py
[2026-05-10T13:45:05.709+0000] {processor.py:830} INFO - Processing file /home/airflow/.local/lib/python3.12/site-packages/airflow/example_dags/example_trigger_controller_dag.py for tasks to queue
[2026-05-10T13:45:05.710+0000] {logging_mixin.py:188} INFO - [2026-05-10T13:45:05.710+0000] {dagbag.py:545} INFO - Filling up the DagBag from /home/airflow/.local/lib/python3.12/site-packages/airflow/example_dags/example_trigger_controller_dag.py
[2026-05-10T13:45:05.716+0000] {processor.py:840} INFO - DAG(s) 'example_trigger_controller_dag' retrieved from /home/airflow/.local/lib/python3.12/site-packages/airflow/example_dags/example_trigger_controller_dag.py
[2026-05-10T13:45:05.739+0000] {logging_mixin.py:188} INFO - [2026-05-10T13:45:05.739+0000] {dag.py:3089} INFO - Sync 1 DAGs
[2026-05-10T13:45:05.762+0000] {logging_mixin.py:188} INFO - [2026-05-10T13:45:05.762+0000] {dag.py:3947} INFO - Setting next_dagrun for example_trigger_controller_dag to 2021-01-01 00:00:00+00:00, run_after=2021-01-01 00:00:00+00:00
[2026-05-10T13:45:05.784+0000] {processor.py:183} INFO - Processing /home/airflow/.local/lib/python3.12/site-packages/airflow/example_dags/example_trigger_controller_dag.py took 0.082 seconds
[2026-05-10T13:45:36.030+0000] {processor.py:161} INFO - Started process (PID=16036) to work on /home/airflow/.local/lib/python3.12/site-packages/airflow/example_dags/example_trigger_controller_dag.py
[2026-05-10T13:45:36.031+0000] {processor.py:830} INFO - Processing file /home/airflow/.local/lib/python3.12/site-packages/airflow/example_dags/example_trigger_controller_dag.py for tasks to queue
[2026-05-10T13:45:36.032+0000] {logging_mixin.py:188} INFO - [2026-05-10T13:45:36.032+0000] {dagbag.py:545} INFO - Filling up the DagBag from /home/airflow/.local/lib/python3.12/site-packages/airflow/example_dags/example_trigger_controller_dag.py
[2026-05-10T13:45:36.036+0000] {processor.py:840} INFO - DAG(s) 'example_trigger_controller_dag' retrieved from /home/airflow/.local/lib/python3.12/site-packages/airflow/example_dags/example_trigger_controller_dag.py
[2026-05-10T13:45:36.060+0000] {logging_mixin.py:188} INFO - [2026-05-10T13:45:36.059+0000] {dag.py:3089} INFO - Sync 1 DAGs
[2026-05-10T13:45:36.086+0000] {logging_mixin.py:188} INFO - [2026-05-10T13:45:36.086+0000] {dag.py:3947} INFO - Setting next_dagrun for example_trigger_controller_dag to 2021-01-01 00:00:00+00:00, run_after=2021-01-01 00:00:00+00:00
[2026-05-10T13:45:36.108+0000] {processor.py:183} INFO - Processing /home/airflow/.local/lib/python3.12/site-packages/airflow/example_dags/example_trigger_controller_dag.py took 0.084 seconds
[2026-05-10T13:46:06.272+0000] {processor.py:161} INFO - Started process (PID=16104) to work on /home/airflow/.local/lib/python3.12/site-packages/airflow/example_dags/example_trigger_controller_dag.py
[2026-05-10T13:46:06.274+0000] {processor.py:830} INFO - Processing file /home/airflow/.local/lib/python3.12/site-packages/airflow/example_dags/example_trigger_controller_dag.py for tasks to queue
[2026-05-10T13:46:06.276+0000] {logging_mixin.py:188} INFO - [2026-05-10T13:46:06.275+0000] {dagbag.py:545} INFO - Filling up the DagBag from /home/airflow/.local/lib/python3.12/site-packages/airflow/example_dags/example_trigger_controller_dag.py
[2026-05-10T13:46:06.284+0000] {processor.py:840} INFO - DAG(s) 'example_trigger_controller_dag' retrieved from /home/airflow/.local/lib/python3.12/site-packages/airflow/example_dags/example_trigger_controller_dag.py
[2026-05-10T13:46:06.309+0000] {logging_mixin.py:188} INFO - [2026-05-10T13:46:06.309+0000] {dag.py:3089} INFO - Sync 1 DAGs
[2026-05-10T13:46:06.341+0000] {logging_mixin.py:188} INFO - [2026-05-10T13:46:06.341+0000] {dag.py:3947} INFO - Setting next_dagrun for example_trigger_controller_dag to 2021-01-01 00:00:00+00:00, run_after=2021-01-01 00:00:00+00:00
[2026-05-10T13:46:06.386+0000] {processor.py:183} INFO - Processing /home/airflow/.local/lib/python3.12/site-packages/airflow/example_dags/example_trigger_controller_dag.py took 0.123 seconds
[2026-05-10T13:46:36.637+0000] {processor.py:161} INFO - Started process (PID=16179) to work on /home/airflow/.local/lib/python3.12/site-packages/airflow/example_dags/example_trigger_controller_dag.py
[2026-05-10T13:46:36.638+0000] {processor.py:830} INFO - Processing file /home/airflow/.local/lib/python3.12/site-packages/airflow/example_dags/example_trigger_controller_dag.py for tasks to queue
[2026-05-10T13:46:36.639+0000] {logging_mixin.py:188} INFO - [2026-05-10T13:46:36.639+0000] {dagbag.py:545} INFO - Filling up the DagBag from /home/airflow/.local/lib/python3.12/site-packages/airflow/example_dags/example_trigger_controller_dag.py
[2026-05-10T13:46:36.644+0000] {processor.py:840} INFO - DAG(s) 'example_trigger_controller_dag' retrieved from /home/airflow/.local/lib/python3.12/site-packages/airflow/example_dags/example_trigger_controller_dag.py
[2026-05-10T13:46:36.665+0000] {logging_mixin.py:188} INFO - [2026-05-10T13:46:36.665+0000] {dag.py:3089} INFO - Sync 1 DAGs
[2026-05-10T13:46:36.685+0000] {logging_mixin.py:188} INFO - [2026-05-10T13:46:36.685+0000] {dag.py:3947} INFO - Setting next_dagrun for example_trigger_controller_dag to 2021-01-01 00:00:00+00:00, run_after=2021-01-01 00:00:00+00:00
[2026-05-10T13:46:36.705+0000] {processor.py:183} INFO - Processing /home/airflow/.local/lib/python3.12/site-packages/airflow/example_dags/example_trigger_controller_dag.py took 0.073 seconds
[2026-05-10T13:47:06.973+0000] {processor.py:161} INFO - Started process (PID=16247) to work on /home/airflow/.local/lib/python3.12/site-packages/airflow/example_dags/example_trigger_controller_dag.py
[2026-05-10T13:47:06.974+0000] {processor.py:830} INFO - Processing file /home/airflow/.local/lib/python3.12/site-packages/airflow/example_dags/example_trigger_controller_dag.py for tasks to queue
[2026-05-10T13:47:06.976+0000] {logging_mixin.py:188} INFO - [2026-05-10T13:47:06.975+0000] {dagbag.py:545} INFO - Filling up the DagBag from /home/airflow/.local/lib/python3.12/site-packages/airflow/example_dags/example_trigger_controller_dag.py
[2026-05-10T13:47:06.982+0000] {processor.py:840} INFO - DAG(s) 'example_trigger_controller_dag' retrieved from /home/airflow/.local/lib/python3.12/site-packages/airflow/example_dags/example_trigger_controller_dag.py
[2026-05-10T13:47:07.014+0000] {logging_mixin.py:188} INFO - [2026-05-10T13:47:07.013+0000] {dag.py:3089} INFO - Sync 1 DAGs
[2026-05-10T13:47:07.039+0000] {logging_mixin.py:188} INFO - [2026-05-10T13:47:07.039+0000] {dag.py:3947} INFO - Setting next_dagrun for example_trigger_controller_dag to 2021-01-01 00:00:00+00:00, run_after=2021-01-01 00:00:00+00:00
[2026-05-10T13:47:07.059+0000] {processor.py:183} INFO - Processing /home/airflow/.local/lib/python3.12/site-packages/airflow/example_dags/example_trigger_controller_dag.py took 0.097 seconds
[2026-05-10T13:47:37.250+0000] {processor.py:161} INFO - Started process (PID=16315) to work on /home/airflow/.local/lib/python3.12/site-packages/airflow/example_dags/example_trigger_controller_dag.py
[2026-05-10T13:47:37.251+0000] {processor.py:830} INFO - Processing file /home/airflow/.local/lib/python3.12/site-packages/airflow/example_dags/example_trigger_controller_dag.py for tasks to queue
[2026-05-10T13:47:37.253+0000] {logging_mixin.py:188} INFO - [2026-05-10T13:47:37.253+0000] {dagbag.py:545} INFO - Filling up the DagBag from /home/airflow/.local/lib/python3.12/site-packages/airflow/example_dags/example_trigger_controller_dag.py
[2026-05-10T13:47:37.259+0000] {processor.py:840} INFO - DAG(s) 'example_trigger_controller_dag' retrieved from /home/airflow/.local/lib/python3.12/site-packages/airflow/example_dags/example_trigger_controller_dag.py
[2026-05-10T13:47:37.286+0000] {logging_mixin.py:188} INFO - [2026-05-10T13:47:37.285+0000] {dag.py:3089} INFO - Sync 1 DAGs
[2026-05-10T13:47:37.315+0000] {logging_mixin.py:188} INFO - [2026-05-10T13:47:37.314+0000] {dag.py:3947} INFO - Setting next_dagrun for example_trigger_controller_dag to 2021-01-01 00:00:00+00:00, run_after=2021-01-01 00:00:00+00:00
[2026-05-10T13:47:37.340+0000] {processor.py:183} INFO - Processing /home/airflow/.local/lib/python3.12/site-packages/airflow/example_dags/example_trigger_controller_dag.py took 0.106 seconds
[2026-05-10T13:48:08.044+0000] {processor.py:161} INFO - Started process (PID=16390) to work on /home/airflow/.local/lib/python3.12/site-packages/airflow/example_dags/example_trigger_controller_dag.py
[2026-05-10T13:48:08.045+0000] {processor.py:830} INFO - Processing file /home/airflow/.local/lib/python3.12/site-packages/airflow/example_dags/example_trigger_controller_dag.py for tasks to queue
[2026-05-10T13:48:08.046+0000] {logging_mixin.py:188} INFO - [2026-05-10T13:48:08.045+0000] {dagbag.py:545} INFO - Filling up the DagBag from /home/airflow/.local/lib/python3.12/site-packages/airflow/example_dags/example_trigger_controller_dag.py
[2026-05-10T13:48:08.050+0000] {processor.py:840} INFO - DAG(s) 'example_trigger_controller_dag' retrieved from /home/airflow/.local/lib/python3.12/site-packages/airflow/example_dags/example_trigger_controller_dag.py
[2026-05-10T13:48:08.075+0000] {logging_mixin.py:188} INFO - [2026-05-10T13:48:08.075+0000] {dag.py:3089} INFO - Sync 1 DAGs
[2026-05-10T13:48:08.095+0000] {logging_mixin.py:188} INFO - [2026-05-10T13:48:08.095+0000] {dag.py:3947} INFO - Setting next_dagrun for example_trigger_controller_dag to 2021-01-01 00:00:00+00:00, run_after=2021-01-01 00:00:00+00:00
[2026-05-10T13:48:08.129+0000] {processor.py:183} INFO - Processing /home/airflow/.local/lib/python3.12/site-packages/airflow/example_dags/example_trigger_controller_dag.py took 0.091 seconds
[2026-05-10T13:48:38.232+0000] {processor.py:161} INFO - Started process (PID=16458) to work on /home/airflow/.local/lib/python3.12/site-packages/airflow/example_dags/example_trigger_controller_dag.py
[2026-05-10T13:48:38.233+0000] {processor.py:830} INFO - Processing file /home/airflow/.local/lib/python3.12/site-packages/airflow/example_dags/example_trigger_controller_dag.py for tasks to queue
[2026-05-10T13:48:38.234+0000] {logging_mixin.py:188} INFO - [2026-05-10T13:48:38.233+0000] {dagbag.py:545} INFO - Filling up the DagBag from /home/airflow/.local/lib/python3.12/site-packages/airflow/example_dags/example_trigger_controller_dag.py
[2026-05-10T13:48:38.238+0000] {processor.py:840} INFO - DAG(s) 'example_trigger_controller_dag' retrieved from /home/airflow/.local/lib/python3.12/site-packages/airflow/example_dags/example_trigger_controller_dag.py
[2026-05-10T13:48:38.259+0000] {logging_mixin.py:188} INFO - [2026-05-10T13:48:38.258+0000] {dag.py:3089} INFO - Sync 1 DAGs
[2026-05-10T13:48:38.279+0000] {logging_mixin.py:188} INFO - [2026-05-10T13:48:38.278+0000] {dag.py:3947} INFO - Setting next_dagrun for example_trigger_controller_dag to 2021-01-01 00:00:00+00:00, run_after=2021-01-01 00:00:00+00:00
[2026-05-10T13:48:38.301+0000] {processor.py:183} INFO - Processing /home/airflow/.local/lib/python3.12/site-packages/airflow/example_dags/example_trigger_controller_dag.py took 0.075 seconds
[2026-05-10T13:49:08.564+0000] {processor.py:161} INFO - Started process (PID=16526) to work on /home/airflow/.local/lib/python3.12/site-packages/airflow/example_dags/example_trigger_controller_dag.py
[2026-05-10T13:49:08.565+0000] {processor.py:830} INFO - Processing file /home/airflow/.local/lib/python3.12/site-packages/airflow/example_dags/example_trigger_controller_dag.py for tasks to queue
[2026-05-10T13:49:08.566+0000] {logging_mixin.py:188} INFO - [2026-05-10T13:49:08.566+0000] {dagbag.py:545} INFO - Filling up the DagBag from /home/airflow/.local/lib/python3.12/site-packages/airflow/example_dags/example_trigger_controller_dag.py
[2026-05-10T13:49:08.571+0000] {processor.py:840} INFO - DAG(s) 'example_trigger_controller_dag' retrieved from /home/airflow/.local/lib/python3.12/site-packages/airflow/example_dags/example_trigger_controller_dag.py
[2026-05-10T13:49:08.592+0000] {logging_mixin.py:188} INFO - [2026-05-10T13:49:08.592+0000] {dag.py:3089} INFO - Sync 1 DAGs
[2026-05-10T13:49:08.610+0000] {logging_mixin.py:188} INFO - [2026-05-10T13:49:08.610+0000] {dag.py:3947} INFO - Setting next_dagrun for example_trigger_controller_dag to 2021-01-01 00:00:00+00:00, run_after=2021-01-01 00:00:00+00:00
[2026-05-10T13:49:08.632+0000] {processor.py:183} INFO - Processing /home/airflow/.local/lib/python3.12/site-packages/airflow/example_dags/example_trigger_controller_dag.py took 0.074 seconds
[2026-05-10T13:49:38.919+0000] {processor.py:161} INFO - Started process (PID=16601) to work on /home/airflow/.local/lib/python3.12/site-packages/airflow/example_dags/example_trigger_controller_dag.py
[2026-05-10T13:49:38.920+0000] {processor.py:830} INFO - Processing file /home/airflow/.local/lib/python3.12/site-packages/airflow/example_dags/example_trigger_controller_dag.py for tasks to queue
[2026-05-10T13:49:38.921+0000] {logging_mixin.py:188} INFO - [2026-05-10T13:49:38.921+0000] {dagbag.py:545} INFO - Filling up the DagBag from /home/airflow/.local/lib/python3.12/site-packages/airflow/example_dags/example_trigger_controller_dag.py
[2026-05-10T13:49:38.925+0000] {processor.py:840} INFO - DAG(s) 'example_trigger_controller_dag' retrieved from /home/airflow/.local/lib/python3.12/site-packages/airflow/example_dags/example_trigger_controller_dag.py
[2026-05-10T13:49:38.944+0000] {logging_mixin.py:188} INFO - [2026-05-10T13:49:38.943+0000] {dag.py:3089} INFO - Sync 1 DAGs
[2026-05-10T13:49:38.961+0000] {logging_mixin.py:188} INFO - [2026-05-10T13:49:38.961+0000] {dag.py:3947} INFO - Setting next_dagrun for example_trigger_controller_dag to 2021-01-01 00:00:00+00:00, run_after=2021-01-01 00:00:00+00:00
[2026-05-10T13:49:38.982+0000] {processor.py:183} INFO - Processing /home/airflow/.local/lib/python3.12/site-packages/airflow/example_dags/example_trigger_controller_dag.py took 0.069 seconds
[2026-05-10T13:50:09.281+0000] {processor.py:161} INFO - Started process (PID=16669) to work on /home/airflow/.local/lib/python3.12/site-packages/airflow/example_dags/example_trigger_controller_dag.py
[2026-05-10T13:50:09.283+0000] {processor.py:830} INFO - Processing file /home/airflow/.local/lib/python3.12/site-packages/airflow/example_dags/example_trigger_controller_dag.py for tasks to queue
[2026-05-10T13:50:09.285+0000] {logging_mixin.py:188} INFO - [2026-05-10T13:50:09.285+0000] {dagbag.py:545} INFO - Filling up the DagBag from /home/airflow/.local/lib/python3.12/site-packages/airflow/example_dags/example_trigger_controller_dag.py
[2026-05-10T13:50:09.296+0000] {processor.py:840} INFO - DAG(s) 'example_trigger_controller_dag' retrieved from /home/airflow/.local/lib/python3.12/site-packages/airflow/example_dags/example_trigger_controller_dag.py
[2026-05-10T13:50:09.327+0000] {logging_mixin.py:188} INFO - [2026-05-10T13:50:09.327+0000] {dag.py:3089} INFO - Sync 1 DAGs
[2026-05-10T13:50:09.349+0000] {logging_mixin.py:188} INFO - [2026-05-10T13:50:09.349+0000] {dag.py:3947} INFO - Setting next_dagrun for example_trigger_controller_dag to 2021-01-01 00:00:00+00:00, run_after=2021-01-01 00:00:00+00:00
[2026-05-10T13:50:09.518+0000] {processor.py:183} INFO - Processing /home/airflow/.local/lib/python3.12/site-packages/airflow/example_dags/example_trigger_controller_dag.py took 0.250 seconds
[2026-05-10T13:50:39.735+0000] {processor.py:161} INFO - Started process (PID=16737) to work on /home/airflow/.local/lib/python3.12/site-packages/airflow/example_dags/example_trigger_controller_dag.py
[2026-05-10T13:50:39.742+0000] {processor.py:830} INFO - Processing file /home/airflow/.local/lib/python3.12/site-packages/airflow/example_dags/example_trigger_controller_dag.py for tasks to queue
[2026-05-10T13:50:39.746+0000] {logging_mixin.py:188} INFO - [2026-05-10T13:50:39.746+0000] {dagbag.py:545} INFO - Filling up the DagBag from /home/airflow/.local/lib/python3.12/site-packages/airflow/example_dags/example_trigger_controller_dag.py
[2026-05-10T13:50:39.762+0000] {processor.py:840} INFO - DAG(s) 'example_trigger_controller_dag' retrieved from /home/airflow/.local/lib/python3.12/site-packages/airflow/example_dags/example_trigger_controller_dag.py
[2026-05-10T13:50:39.810+0000] {logging_mixin.py:188} INFO - [2026-05-10T13:50:39.810+0000] {dag.py:3089} INFO - Sync 1 DAGs
[2026-05-10T13:50:39.837+0000] {logging_mixin.py:188} INFO - [2026-05-10T13:50:39.837+0000] {dag.py:3947} INFO - Setting next_dagrun for example_trigger_controller_dag to 2021-01-01 00:00:00+00:00, run_after=2021-01-01 00:00:00+00:00
[2026-05-10T13:50:39.871+0000] {processor.py:183} INFO - Processing /home/airflow/.local/lib/python3.12/site-packages/airflow/example_dags/example_trigger_controller_dag.py took 0.153 seconds
[2026-05-10T13:51:09.954+0000] {processor.py:161} INFO - Started process (PID=16812) to work on /home/airflow/.local/lib/python3.12/site-packages/airflow/example_dags/example_trigger_controller_dag.py
[2026-05-10T13:51:09.955+0000] {processor.py:830} INFO - Processing file /home/airflow/.local/lib/python3.12/site-packages/airflow/example_dags/example_trigger_controller_dag.py for tasks to queue
[2026-05-10T13:51:09.956+0000] {logging_mixin.py:188} INFO - [2026-05-10T13:51:09.956+0000] {dagbag.py:545} INFO - Filling up the DagBag from /home/airflow/.local/lib/python3.12/site-packages/airflow/example_dags/example_trigger_controller_dag.py
[2026-05-10T13:51:09.962+0000] {processor.py:840} INFO - DAG(s) 'example_trigger_controller_dag' retrieved from /home/airflow/.local/lib/python3.12/site-packages/airflow/example_dags/example_trigger_controller_dag.py
[2026-05-10T13:51:09.984+0000] {logging_mixin.py:188} INFO - [2026-05-10T13:51:09.983+0000] {dag.py:3089} INFO - Sync 1 DAGs
[2026-05-10T13:51:10.004+0000] {logging_mixin.py:188} INFO - [2026-05-10T13:51:10.004+0000] {dag.py:3947} INFO - Setting next_dagrun for example_trigger_controller_dag to 2021-01-01 00:00:00+00:00, run_after=2021-01-01 00:00:00+00:00
[2026-05-10T13:51:10.030+0000] {processor.py:183} INFO - Processing /home/airflow/.local/lib/python3.12/site-packages/airflow/example_dags/example_trigger_controller_dag.py took 0.082 seconds
[2026-05-10T13:51:40.187+0000] {processor.py:161} INFO - Started process (PID=16880) to work on /home/airflow/.local/lib/python3.12/site-packages/airflow/example_dags/example_trigger_controller_dag.py
[2026-05-10T13:51:40.188+0000] {processor.py:830} INFO - Processing file /home/airflow/.local/lib/python3.12/site-packages/airflow/example_dags/example_trigger_controller_dag.py for tasks to queue
[2026-05-10T13:51:40.189+0000] {logging_mixin.py:188} INFO - [2026-05-10T13:51:40.188+0000] {dagbag.py:545} INFO - Filling up the DagBag from /home/airflow/.local/lib/python3.12/site-packages/airflow/example_dags/example_trigger_controller_dag.py
[2026-05-10T13:51:40.196+0000] {processor.py:840} INFO - DAG(s) 'example_trigger_controller_dag' retrieved from /home/airflow/.local/lib/python3.12/site-packages/airflow/example_dags/example_trigger_controller_dag.py
[2026-05-10T13:51:40.221+0000] {logging_mixin.py:188} INFO - [2026-05-10T13:51:40.221+0000] {dag.py:3089} INFO - Sync 1 DAGs
[2026-05-10T13:51:40.248+0000] {logging_mixin.py:188} INFO - [2026-05-10T13:51:40.248+0000] {dag.py:3947} INFO - Setting next_dagrun for example_trigger_controller_dag to 2021-01-01 00:00:00+00:00, run_after=2021-01-01 00:00:00+00:00
[2026-05-10T13:51:40.279+0000] {processor.py:183} INFO - Processing /home/airflow/.local/lib/python3.12/site-packages/airflow/example_dags/example_trigger_controller_dag.py took 0.098 seconds
[2026-05-10T13:52:10.709+0000] {processor.py:161} INFO - Started process (PID=16948) to work on /home/airflow/.local/lib/python3.12/site-packages/airflow/example_dags/example_trigger_controller_dag.py
[2026-05-10T13:52:10.710+0000] {processor.py:830} INFO - Processing file /home/airflow/.local/lib/python3.12/site-packages/airflow/example_dags/example_trigger_controller_dag.py for tasks to queue
[2026-05-10T13:52:10.712+0000] {logging_mixin.py:188} INFO - [2026-05-10T13:52:10.711+0000] {dagbag.py:545} INFO - Filling up the DagBag from /home/airflow/.local/lib/python3.12/site-packages/airflow/example_dags/example_trigger_controller_dag.py
[2026-05-10T13:52:10.721+0000] {processor.py:840} INFO - DAG(s) 'example_trigger_controller_dag' retrieved from /home/airflow/.local/lib/python3.12/site-packages/airflow/example_dags/example_trigger_controller_dag.py
[2026-05-10T13:52:10.751+0000] {logging_mixin.py:188} INFO - [2026-05-10T13:52:10.751+0000] {dag.py:3089} INFO - Sync 1 DAGs
[2026-05-10T13:52:10.778+0000] {logging_mixin.py:188} INFO - [2026-05-10T13:52:10.777+0000] {dag.py:3947} INFO - Setting next_dagrun for example_trigger_controller_dag to 2021-01-01 00:00:00+00:00, run_after=2021-01-01 00:00:00+00:00
[2026-05-10T13:52:10.811+0000] {processor.py:183} INFO - Processing /home/airflow/.local/lib/python3.12/site-packages/airflow/example_dags/example_trigger_controller_dag.py took 0.117 seconds
[2026-05-10T13:52:40.995+0000] {processor.py:161} INFO - Started process (PID=17024) to work on /home/airflow/.local/lib/python3.12/site-packages/airflow/example_dags/example_trigger_controller_dag.py
[2026-05-10T13:52:40.996+0000] {processor.py:830} INFO - Processing file /home/airflow/.local/lib/python3.12/site-packages/airflow/example_dags/example_trigger_controller_dag.py for tasks to queue
[2026-05-10T13:52:40.997+0000] {logging_mixin.py:188} INFO - [2026-05-10T13:52:40.997+0000] {dagbag.py:545} INFO - Filling up the DagBag from /home/airflow/.local/lib/python3.12/site-packages/airflow/example_dags/example_trigger_controller_dag.py
[2026-05-10T13:52:41.007+0000] {processor.py:840} INFO - DAG(s) 'example_trigger_controller_dag' retrieved from /home/airflow/.local/lib/python3.12/site-packages/airflow/example_dags/example_trigger_controller_dag.py
[2026-05-10T13:52:41.026+0000] {logging_mixin.py:188} INFO - [2026-05-10T13:52:41.026+0000] {dag.py:3089} INFO - Sync 1 DAGs
[2026-05-10T13:52:41.048+0000] {logging_mixin.py:188} INFO - [2026-05-10T13:52:41.048+0000] {dag.py:3947} INFO - Setting next_dagrun for example_trigger_controller_dag to 2021-01-01 00:00:00+00:00, run_after=2021-01-01 00:00:00+00:00
[2026-05-10T13:52:41.076+0000] {processor.py:183} INFO - Processing /home/airflow/.local/lib/python3.12/site-packages/airflow/example_dags/example_trigger_controller_dag.py took 0.086 seconds
[2026-05-10T13:53:11.305+0000] {processor.py:161} INFO - Started process (PID=17092) to work on /home/airflow/.local/lib/python3.12/site-packages/airflow/example_dags/example_trigger_controller_dag.py
[2026-05-10T13:53:11.306+0000] {processor.py:830} INFO - Processing file /home/airflow/.local/lib/python3.12/site-packages/airflow/example_dags/example_trigger_controller_dag.py for tasks to queue
[2026-05-10T13:53:11.307+0000] {logging_mixin.py:188} INFO - [2026-05-10T13:53:11.307+0000] {dagbag.py:545} INFO - Filling up the DagBag from /home/airflow/.local/lib/python3.12/site-packages/airflow/example_dags/example_trigger_controller_dag.py
[2026-05-10T13:53:11.315+0000] {processor.py:840} INFO - DAG(s) 'example_trigger_controller_dag' retrieved from /home/airflow/.local/lib/python3.12/site-packages/airflow/example_dags/example_trigger_controller_dag.py
[2026-05-10T13:53:11.349+0000] {logging_mixin.py:188} INFO - [2026-05-10T13:53:11.349+0000] {dag.py:3089} INFO - Sync 1 DAGs
[2026-05-10T13:53:11.371+0000] {logging_mixin.py:188} INFO - [2026-05-10T13:53:11.370+0000] {dag.py:3947} INFO - Setting next_dagrun for example_trigger_controller_dag to 2021-01-01 00:00:00+00:00, run_after=2021-01-01 00:00:00+00:00
[2026-05-10T13:53:11.397+0000] {processor.py:183} INFO - Processing /home/airflow/.local/lib/python3.12/site-packages/airflow/example_dags/example_trigger_controller_dag.py took 0.102 seconds
[2026-05-10T13:53:41.876+0000] {processor.py:161} INFO - Started process (PID=17167) to work on /home/airflow/.local/lib/python3.12/site-packages/airflow/example_dags/example_trigger_controller_dag.py
[2026-05-10T13:53:41.883+0000] {processor.py:830} INFO - Processing file /home/airflow/.local/lib/python3.12/site-packages/airflow/example_dags/example_trigger_controller_dag.py for tasks to queue
[2026-05-10T13:53:41.889+0000] {logging_mixin.py:188} INFO - [2026-05-10T13:53:41.888+0000] {dagbag.py:545} INFO - Filling up the DagBag from /home/airflow/.local/lib/python3.12/site-packages/airflow/example_dags/example_trigger_controller_dag.py
[2026-05-10T13:53:41.894+0000] {processor.py:840} INFO - DAG(s) 'example_trigger_controller_dag' retrieved from /home/airflow/.local/lib/python3.12/site-packages/airflow/example_dags/example_trigger_controller_dag.py
[2026-05-10T13:53:41.921+0000] {logging_mixin.py:188} INFO - [2026-05-10T13:53:41.921+0000] {dag.py:3089} INFO - Sync 1 DAGs
[2026-05-10T13:53:41.940+0000] {logging_mixin.py:188} INFO - [2026-05-10T13:53:41.939+0000] {dag.py:3947} INFO - Setting next_dagrun for example_trigger_controller_dag to 2021-01-01 00:00:00+00:00, run_after=2021-01-01 00:00:00+00:00
[2026-05-10T13:53:41.970+0000] {processor.py:183} INFO - Processing /home/airflow/.local/lib/python3.12/site-packages/airflow/example_dags/example_trigger_controller_dag.py took 0.101 seconds
[2026-05-10T13:54:12.610+0000] {processor.py:161} INFO - Started process (PID=17235) to work on /home/airflow/.local/lib/python3.12/site-packages/airflow/example_dags/example_trigger_controller_dag.py
[2026-05-10T13:54:12.612+0000] {processor.py:830} INFO - Processing file /home/airflow/.local/lib/python3.12/site-packages/airflow/example_dags/example_trigger_controller_dag.py for tasks to queue
[2026-05-10T13:54:12.614+0000] {logging_mixin.py:188} INFO - [2026-05-10T13:54:12.613+0000] {dagbag.py:545} INFO - Filling up the DagBag from /home/airflow/.local/lib/python3.12/site-packages/airflow/example_dags/example_trigger_controller_dag.py
[2026-05-10T13:54:12.623+0000] {processor.py:840} INFO - DAG(s) 'example_trigger_controller_dag' retrieved from /home/airflow/.local/lib/python3.12/site-packages/airflow/example_dags/example_trigger_controller_dag.py
[2026-05-10T13:54:12.653+0000] {logging_mixin.py:188} INFO - [2026-05-10T13:54:12.653+0000] {dag.py:3089} INFO - Sync 1 DAGs
[2026-05-10T13:54:12.673+0000] {logging_mixin.py:188} INFO - [2026-05-10T13:54:12.672+0000] {dag.py:3947} INFO - Setting next_dagrun for example_trigger_controller_dag to 2021-01-01 00:00:00+00:00, run_after=2021-01-01 00:00:00+00:00
[2026-05-10T13:54:12.696+0000] {processor.py:183} INFO - Processing /home/airflow/.local/lib/python3.12/site-packages/airflow/example_dags/example_trigger_controller_dag.py took 0.098 seconds
[2026-05-10T13:54:43.246+0000] {processor.py:161} INFO - Started process (PID=17303) to work on /home/airflow/.local/lib/python3.12/site-packages/airflow/example_dags/example_trigger_controller_dag.py
[2026-05-10T13:54:43.248+0000] {processor.py:830} INFO - Processing file /home/airflow/.local/lib/python3.12/site-packages/airflow/example_dags/example_trigger_controller_dag.py for tasks to queue
[2026-05-10T13:54:43.250+0000] {logging_mixin.py:188} INFO - [2026-05-10T13:54:43.250+0000] {dagbag.py:545} INFO - Filling up the DagBag from /home/airflow/.local/lib/python3.12/site-packages/airflow/example_dags/example_trigger_controller_dag.py
[2026-05-10T13:54:43.256+0000] {processor.py:840} INFO - DAG(s) 'example_trigger_controller_dag' retrieved from /home/airflow/.local/lib/python3.12/site-packages/airflow/example_dags/example_trigger_controller_dag.py
[2026-05-10T13:54:43.280+0000] {logging_mixin.py:188} INFO - [2026-05-10T13:54:43.280+0000] {dag.py:3089} INFO - Sync 1 DAGs
[2026-05-10T13:54:43.305+0000] {logging_mixin.py:188} INFO - [2026-05-10T13:54:43.304+0000] {dag.py:3947} INFO - Setting next_dagrun for example_trigger_controller_dag to 2021-01-01 00:00:00+00:00, run_after=2021-01-01 00:00:00+00:00
[2026-05-10T13:54:43.325+0000] {processor.py:183} INFO - Processing /home/airflow/.local/lib/python3.12/site-packages/airflow/example_dags/example_trigger_controller_dag.py took 0.088 seconds
[2026-05-10T13:55:13.514+0000] {processor.py:161} INFO - Started process (PID=17377) to work on /home/airflow/.local/lib/python3.12/site-packages/airflow/example_dags/example_trigger_controller_dag.py
[2026-05-10T13:55:13.515+0000] {processor.py:830} INFO - Processing file /home/airflow/.local/lib/python3.12/site-packages/airflow/example_dags/example_trigger_controller_dag.py for tasks to queue
[2026-05-10T13:55:13.516+0000] {logging_mixin.py:188} INFO - [2026-05-10T13:55:13.516+0000] {dagbag.py:545} INFO - Filling up the DagBag from /home/airflow/.local/lib/python3.12/site-packages/airflow/example_dags/example_trigger_controller_dag.py
[2026-05-10T13:55:13.522+0000] {processor.py:840} INFO - DAG(s) 'example_trigger_controller_dag' retrieved from /home/airflow/.local/lib/python3.12/site-packages/airflow/example_dags/example_trigger_controller_dag.py
[2026-05-10T13:55:13.542+0000] {logging_mixin.py:188} INFO - [2026-05-10T13:55:13.542+0000] {dag.py:3089} INFO - Sync 1 DAGs
[2026-05-10T13:55:13.563+0000] {logging_mixin.py:188} INFO - [2026-05-10T13:55:13.563+0000] {dag.py:3947} INFO - Setting next_dagrun for example_trigger_controller_dag to 2021-01-01 00:00:00+00:00, run_after=2021-01-01 00:00:00+00:00
[2026-05-10T13:55:13.581+0000] {processor.py:183} INFO - Processing /home/airflow/.local/lib/python3.12/site-packages/airflow/example_dags/example_trigger_controller_dag.py took 0.073 seconds
[2026-05-10T13:55:44.137+0000] {processor.py:161} INFO - Started process (PID=17445) to work on /home/airflow/.local/lib/python3.12/site-packages/airflow/example_dags/example_trigger_controller_dag.py
[2026-05-10T13:55:44.138+0000] {processor.py:830} INFO - Processing file /home/airflow/.local/lib/python3.12/site-packages/airflow/example_dags/example_trigger_controller_dag.py for tasks to queue
[2026-05-10T13:55:44.139+0000] {logging_mixin.py:188} INFO - [2026-05-10T13:55:44.139+0000] {dagbag.py:545} INFO - Filling up the DagBag from /home/airflow/.local/lib/python3.12/site-packages/airflow/example_dags/example_trigger_controller_dag.py
[2026-05-10T13:55:44.151+0000] {processor.py:840} INFO - DAG(s) 'example_trigger_controller_dag' retrieved from /home/airflow/.local/lib/python3.12/site-packages/airflow/example_dags/example_trigger_controller_dag.py
[2026-05-10T13:55:44.188+0000] {logging_mixin.py:188} INFO - [2026-05-10T13:55:44.187+0000] {dag.py:3089} INFO - Sync 1 DAGs
[2026-05-10T13:55:44.216+0000] {logging_mixin.py:188} INFO - [2026-05-10T13:55:44.216+0000] {dag.py:3947} INFO - Setting next_dagrun for example_trigger_controller_dag to 2021-01-01 00:00:00+00:00, run_after=2021-01-01 00:00:00+00:00
[2026-05-10T13:55:44.251+0000] {processor.py:183} INFO - Processing /home/airflow/.local/lib/python3.12/site-packages/airflow/example_dags/example_trigger_controller_dag.py took 0.124 seconds
[2026-05-10T13:56:14.512+0000] {processor.py:161} INFO - Started process (PID=17520) to work on /home/airflow/.local/lib/python3.12/site-packages/airflow/example_dags/example_trigger_controller_dag.py
[2026-05-10T13:56:14.513+0000] {processor.py:830} INFO - Processing file /home/airflow/.local/lib/python3.12/site-packages/airflow/example_dags/example_trigger_controller_dag.py for tasks to queue
[2026-05-10T13:56:14.514+0000] {logging_mixin.py:188} INFO - [2026-05-10T13:56:14.514+0000] {dagbag.py:545} INFO - Filling up the DagBag from /home/airflow/.local/lib/python3.12/site-packages/airflow/example_dags/example_trigger_controller_dag.py
[2026-05-10T13:56:14.521+0000] {processor.py:840} INFO - DAG(s) 'example_trigger_controller_dag' retrieved from /home/airflow/.local/lib/python3.12/site-packages/airflow/example_dags/example_trigger_controller_dag.py
[2026-05-10T13:56:14.543+0000] {logging_mixin.py:188} INFO - [2026-05-10T13:56:14.542+0000] {dag.py:3089} INFO - Sync 1 DAGs
[2026-05-10T13:56:14.570+0000] {logging_mixin.py:188} INFO - [2026-05-10T13:56:14.570+0000] {dag.py:3947} INFO - Setting next_dagrun for example_trigger_controller_dag to 2021-01-01 00:00:00+00:00, run_after=2021-01-01 00:00:00+00:00
[2026-05-10T13:56:14.598+0000] {processor.py:183} INFO - Processing /home/airflow/.local/lib/python3.12/site-packages/airflow/example_dags/example_trigger_controller_dag.py took 0.092 seconds
[2026-05-10T13:56:44.865+0000] {processor.py:161} INFO - Started process (PID=17588) to work on /home/airflow/.local/lib/python3.12/site-packages/airflow/example_dags/example_trigger_controller_dag.py
[2026-05-10T13:56:44.867+0000] {processor.py:830} INFO - Processing file /home/airflow/.local/lib/python3.12/site-packages/airflow/example_dags/example_trigger_controller_dag.py for tasks to queue
[2026-05-10T13:56:44.868+0000] {logging_mixin.py:188} INFO - [2026-05-10T13:56:44.867+0000] {dagbag.py:545} INFO - Filling up the DagBag from /home/airflow/.local/lib/python3.12/site-packages/airflow/example_dags/example_trigger_controller_dag.py
[2026-05-10T13:56:44.873+0000] {processor.py:840} INFO - DAG(s) 'example_trigger_controller_dag' retrieved from /home/airflow/.local/lib/python3.12/site-packages/airflow/example_dags/example_trigger_controller_dag.py
[2026-05-10T13:56:44.893+0000] {logging_mixin.py:188} INFO - [2026-05-10T13:56:44.892+0000] {dag.py:3089} INFO - Sync 1 DAGs
[2026-05-10T13:56:44.914+0000] {logging_mixin.py:188} INFO - [2026-05-10T13:56:44.914+0000] {dag.py:3947} INFO - Setting next_dagrun for example_trigger_controller_dag to 2021-01-01 00:00:00+00:00, run_after=2021-01-01 00:00:00+00:00
[2026-05-10T13:56:44.937+0000] {processor.py:183} INFO - Processing /home/airflow/.local/lib/python3.12/site-packages/airflow/example_dags/example_trigger_controller_dag.py took 0.078 seconds
[2026-05-10T13:57:15.038+0000] {processor.py:161} INFO - Started process (PID=17655) to work on /home/airflow/.local/lib/python3.12/site-packages/airflow/example_dags/example_trigger_controller_dag.py
[2026-05-10T13:57:15.039+0000] {processor.py:830} INFO - Processing file /home/airflow/.local/lib/python3.12/site-packages/airflow/example_dags/example_trigger_controller_dag.py for tasks to queue
[2026-05-10T13:57:15.041+0000] {logging_mixin.py:188} INFO - [2026-05-10T13:57:15.040+0000] {dagbag.py:545} INFO - Filling up the DagBag from /home/airflow/.local/lib/python3.12/site-packages/airflow/example_dags/example_trigger_controller_dag.py
[2026-05-10T13:57:15.048+0000] {processor.py:840} INFO - DAG(s) 'example_trigger_controller_dag' retrieved from /home/airflow/.local/lib/python3.12/site-packages/airflow/example_dags/example_trigger_controller_dag.py
[2026-05-10T13:57:15.078+0000] {logging_mixin.py:188} INFO - [2026-05-10T13:57:15.077+0000] {dag.py:3089} INFO - Sync 1 DAGs
[2026-05-10T13:57:15.099+0000] {logging_mixin.py:188} INFO - [2026-05-10T13:57:15.099+0000] {dag.py:3947} INFO - Setting next_dagrun for example_trigger_controller_dag to 2021-01-01 00:00:00+00:00, run_after=2021-01-01 00:00:00+00:00
[2026-05-10T13:57:15.133+0000] {processor.py:183} INFO - Processing /home/airflow/.local/lib/python3.12/site-packages/airflow/example_dags/example_trigger_controller_dag.py took 0.101 seconds
[2026-05-10T13:57:45.852+0000] {processor.py:161} INFO - Started process (PID=17730) to work on /home/airflow/.local/lib/python3.12/site-packages/airflow/example_dags/example_trigger_controller_dag.py
[2026-05-10T13:57:45.855+0000] {processor.py:830} INFO - Processing file /home/airflow/.local/lib/python3.12/site-packages/airflow/example_dags/example_trigger_controller_dag.py for tasks to queue
[2026-05-10T13:57:45.857+0000] {logging_mixin.py:188} INFO - [2026-05-10T13:57:45.856+0000] {dagbag.py:545} INFO - Filling up the DagBag from /home/airflow/.local/lib/python3.12/site-packages/airflow/example_dags/example_trigger_controller_dag.py
[2026-05-10T13:57:45.864+0000] {processor.py:840} INFO - DAG(s) 'example_trigger_controller_dag' retrieved from /home/airflow/.local/lib/python3.12/site-packages/airflow/example_dags/example_trigger_controller_dag.py
[2026-05-10T13:57:45.890+0000] {logging_mixin.py:188} INFO - [2026-05-10T13:57:45.890+0000] {dag.py:3089} INFO - Sync 1 DAGs
[2026-05-10T13:57:45.911+0000] {logging_mixin.py:188} INFO - [2026-05-10T13:57:45.911+0000] {dag.py:3947} INFO - Setting next_dagrun for example_trigger_controller_dag to 2021-01-01 00:00:00+00:00, run_after=2021-01-01 00:00:00+00:00
[2026-05-10T13:57:45.936+0000] {processor.py:183} INFO - Processing /home/airflow/.local/lib/python3.12/site-packages/airflow/example_dags/example_trigger_controller_dag.py took 0.090 seconds
[2026-05-10T13:58:16.287+0000] {processor.py:161} INFO - Started process (PID=17798) to work on /home/airflow/.local/lib/python3.12/site-packages/airflow/example_dags/example_trigger_controller_dag.py
[2026-05-10T13:58:16.288+0000] {processor.py:830} INFO - Processing file /home/airflow/.local/lib/python3.12/site-packages/airflow/example_dags/example_trigger_controller_dag.py for tasks to queue
[2026-05-10T13:58:16.289+0000] {logging_mixin.py:188} INFO - [2026-05-10T13:58:16.289+0000] {dagbag.py:545} INFO - Filling up the DagBag from /home/airflow/.local/lib/python3.12/site-packages/airflow/example_dags/example_trigger_controller_dag.py
[2026-05-10T13:58:16.294+0000] {processor.py:840} INFO - DAG(s) 'example_trigger_controller_dag' retrieved from /home/airflow/.local/lib/python3.12/site-packages/airflow/example_dags/example_trigger_controller_dag.py
[2026-05-10T13:58:16.316+0000] {logging_mixin.py:188} INFO - [2026-05-10T13:58:16.316+0000] {dag.py:3089} INFO - Sync 1 DAGs
[2026-05-10T13:58:16.337+0000] {logging_mixin.py:188} INFO - [2026-05-10T13:58:16.337+0000] {dag.py:3947} INFO - Setting next_dagrun for example_trigger_controller_dag to 2021-01-01 00:00:00+00:00, run_after=2021-01-01 00:00:00+00:00
[2026-05-10T13:58:16.362+0000] {processor.py:183} INFO - Processing /home/airflow/.local/lib/python3.12/site-packages/airflow/example_dags/example_trigger_controller_dag.py took 0.081 seconds
[2026-05-10T13:58:46.469+0000] {processor.py:161} INFO - Started process (PID=17866) to work on /home/airflow/.local/lib/python3.12/site-packages/airflow/example_dags/example_trigger_controller_dag.py
[2026-05-10T13:58:46.471+0000] {processor.py:830} INFO - Processing file /home/airflow/.local/lib/python3.12/site-packages/airflow/example_dags/example_trigger_controller_dag.py for tasks to queue
[2026-05-10T13:58:46.472+0000] {logging_mixin.py:188} INFO - [2026-05-10T13:58:46.472+0000] {dagbag.py:545} INFO - Filling up the DagBag from /home/airflow/.local/lib/python3.12/site-packages/airflow/example_dags/example_trigger_controller_dag.py
[2026-05-10T13:58:46.479+0000] {processor.py:840} INFO - DAG(s) 'example_trigger_controller_dag' retrieved from /home/airflow/.local/lib/python3.12/site-packages/airflow/example_dags/example_trigger_controller_dag.py
[2026-05-10T13:58:46.518+0000] {logging_mixin.py:188} INFO - [2026-05-10T13:58:46.517+0000] {dag.py:3089} INFO - Sync 1 DAGs
[2026-05-10T13:58:46.548+0000] {logging_mixin.py:188} INFO - [2026-05-10T13:58:46.548+0000] {dag.py:3947} INFO - Setting next_dagrun for example_trigger_controller_dag to 2021-01-01 00:00:00+00:00, run_after=2021-01-01 00:00:00+00:00
[2026-05-10T13:58:46.584+0000] {processor.py:183} INFO - Processing /home/airflow/.local/lib/python3.12/site-packages/airflow/example_dags/example_trigger_controller_dag.py took 0.127 seconds
[2026-05-10T13:59:16.787+0000] {processor.py:161} INFO - Started process (PID=17941) to work on /home/airflow/.local/lib/python3.12/site-packages/airflow/example_dags/example_trigger_controller_dag.py
[2026-05-10T13:59:16.788+0000] {processor.py:830} INFO - Processing file /home/airflow/.local/lib/python3.12/site-packages/airflow/example_dags/example_trigger_controller_dag.py for tasks to queue
[2026-05-10T13:59:16.790+0000] {logging_mixin.py:188} INFO - [2026-05-10T13:59:16.789+0000] {dagbag.py:545} INFO - Filling up the DagBag from /home/airflow/.local/lib/python3.12/site-packages/airflow/example_dags/example_trigger_controller_dag.py
[2026-05-10T13:59:16.796+0000] {processor.py:840} INFO - DAG(s) 'example_trigger_controller_dag' retrieved from /home/airflow/.local/lib/python3.12/site-packages/airflow/example_dags/example_trigger_controller_dag.py
[2026-05-10T13:59:16.821+0000] {logging_mixin.py:188} INFO - [2026-05-10T13:59:16.821+0000] {dag.py:3089} INFO - Sync 1 DAGs
[2026-05-10T13:59:16.840+0000] {logging_mixin.py:188} INFO - [2026-05-10T13:59:16.839+0000] {dag.py:3947} INFO - Setting next_dagrun for example_trigger_controller_dag to 2021-01-01 00:00:00+00:00, run_after=2021-01-01 00:00:00+00:00
[2026-05-10T13:59:16.860+0000] {processor.py:183} INFO - Processing /home/airflow/.local/lib/python3.12/site-packages/airflow/example_dags/example_trigger_controller_dag.py took 0.080 seconds
[2026-05-10T13:59:47.298+0000] {processor.py:161} INFO - Started process (PID=18009) to work on /home/airflow/.local/lib/python3.12/site-packages/airflow/example_dags/example_trigger_controller_dag.py
[2026-05-10T13:59:47.299+0000] {processor.py:830} INFO - Processing file /home/airflow/.local/lib/python3.12/site-packages/airflow/example_dags/example_trigger_controller_dag.py for tasks to queue
[2026-05-10T13:59:47.300+0000] {logging_mixin.py:188} INFO - [2026-05-10T13:59:47.300+0000] {dagbag.py:545} INFO - Filling up the DagBag from /home/airflow/.local/lib/python3.12/site-packages/airflow/example_dags/example_trigger_controller_dag.py
[2026-05-10T13:59:47.306+0000] {processor.py:840} INFO - DAG(s) 'example_trigger_controller_dag' retrieved from /home/airflow/.local/lib/python3.12/site-packages/airflow/example_dags/example_trigger_controller_dag.py
[2026-05-10T13:59:47.331+0000] {logging_mixin.py:188} INFO - [2026-05-10T13:59:47.330+0000] {dag.py:3089} INFO - Sync 1 DAGs
[2026-05-10T13:59:47.356+0000] {logging_mixin.py:188} INFO - [2026-05-10T13:59:47.355+0000] {dag.py:3947} INFO - Setting next_dagrun for example_trigger_controller_dag to 2021-01-01 00:00:00+00:00, run_after=2021-01-01 00:00:00+00:00
[2026-05-10T13:59:47.384+0000] {processor.py:183} INFO - Processing /home/airflow/.local/lib/python3.12/site-packages/airflow/example_dags/example_trigger_controller_dag.py took 0.092 seconds
[2026-05-10T14:00:17.552+0000] {processor.py:161} INFO - Started process (PID=18078) to work on /home/airflow/.local/lib/python3.12/site-packages/airflow/example_dags/example_trigger_controller_dag.py
[2026-05-10T14:00:17.553+0000] {processor.py:830} INFO - Processing file /home/airflow/.local/lib/python3.12/site-packages/airflow/example_dags/example_trigger_controller_dag.py for tasks to queue
[2026-05-10T14:00:17.554+0000] {logging_mixin.py:188} INFO - [2026-05-10T14:00:17.554+0000] {dagbag.py:545} INFO - Filling up the DagBag from /home/airflow/.local/lib/python3.12/site-packages/airflow/example_dags/example_trigger_controller_dag.py
[2026-05-10T14:00:17.560+0000] {processor.py:840} INFO - DAG(s) 'example_trigger_controller_dag' retrieved from /home/airflow/.local/lib/python3.12/site-packages/airflow/example_dags/example_trigger_controller_dag.py
[2026-05-10T14:00:17.586+0000] {logging_mixin.py:188} INFO - [2026-05-10T14:00:17.586+0000] {dag.py:3089} INFO - Sync 1 DAGs
[2026-05-10T14:00:17.615+0000] {logging_mixin.py:188} INFO - [2026-05-10T14:00:17.614+0000] {dag.py:3947} INFO - Setting next_dagrun for example_trigger_controller_dag to 2021-01-01 00:00:00+00:00, run_after=2021-01-01 00:00:00+00:00
[2026-05-10T14:00:17.651+0000] {processor.py:183} INFO - Processing /home/airflow/.local/lib/python3.12/site-packages/airflow/example_dags/example_trigger_controller_dag.py took 0.105 seconds
[2026-05-10T14:00:47.789+0000] {processor.py:161} INFO - Started process (PID=18153) to work on /home/airflow/.local/lib/python3.12/site-packages/airflow/example_dags/example_trigger_controller_dag.py
[2026-05-10T14:00:47.790+0000] {processor.py:830} INFO - Processing file /home/airflow/.local/lib/python3.12/site-packages/airflow/example_dags/example_trigger_controller_dag.py for tasks to queue
[2026-05-10T14:00:47.792+0000] {logging_mixin.py:188} INFO - [2026-05-10T14:00:47.791+0000] {dagbag.py:545} INFO - Filling up the DagBag from /home/airflow/.local/lib/python3.12/site-packages/airflow/example_dags/example_trigger_controller_dag.py
[2026-05-10T14:00:47.799+0000] {processor.py:840} INFO - DAG(s) 'example_trigger_controller_dag' retrieved from /home/airflow/.local/lib/python3.12/site-packages/airflow/example_dags/example_trigger_controller_dag.py
[2026-05-10T14:00:47.830+0000] {logging_mixin.py:188} INFO - [2026-05-10T14:00:47.830+0000] {dag.py:3089} INFO - Sync 1 DAGs
[2026-05-10T14:00:47.853+0000] {logging_mixin.py:188} INFO - [2026-05-10T14:00:47.853+0000] {dag.py:3947} INFO - Setting next_dagrun for example_trigger_controller_dag to 2021-01-01 00:00:00+00:00, run_after=2021-01-01 00:00:00+00:00
[2026-05-10T14:00:47.885+0000] {processor.py:183} INFO - Processing /home/airflow/.local/lib/python3.12/site-packages/airflow/example_dags/example_trigger_controller_dag.py took 0.103 seconds
[2026-05-10T14:01:17.984+0000] {processor.py:161} INFO - Started process (PID=18221) to work on /home/airflow/.local/lib/python3.12/site-packages/airflow/example_dags/example_trigger_controller_dag.py
[2026-05-10T14:01:17.985+0000] {processor.py:830} INFO - Processing file /home/airflow/.local/lib/python3.12/site-packages/airflow/example_dags/example_trigger_controller_dag.py for tasks to queue
[2026-05-10T14:01:17.986+0000] {logging_mixin.py:188} INFO - [2026-05-10T14:01:17.986+0000] {dagbag.py:545} INFO - Filling up the DagBag from /home/airflow/.local/lib/python3.12/site-packages/airflow/example_dags/example_trigger_controller_dag.py
[2026-05-10T14:01:17.993+0000] {processor.py:840} INFO - DAG(s) 'example_trigger_controller_dag' retrieved from /home/airflow/.local/lib/python3.12/site-packages/airflow/example_dags/example_trigger_controller_dag.py
[2026-05-10T14:01:18.017+0000] {logging_mixin.py:188} INFO - [2026-05-10T14:01:18.017+0000] {dag.py:3089} INFO - Sync 1 DAGs
[2026-05-10T14:01:18.043+0000] {logging_mixin.py:188} INFO - [2026-05-10T14:01:18.043+0000] {dag.py:3947} INFO - Setting next_dagrun for example_trigger_controller_dag to 2021-01-01 00:00:00+00:00, run_after=2021-01-01 00:00:00+00:00
[2026-05-10T14:01:18.069+0000] {processor.py:183} INFO - Processing /home/airflow/.local/lib/python3.12/site-packages/airflow/example_dags/example_trigger_controller_dag.py took 0.094 seconds
[2026-05-10T14:01:48.661+0000] {processor.py:161} INFO - Started process (PID=18288) to work on /home/airflow/.local/lib/python3.12/site-packages/airflow/example_dags/example_trigger_controller_dag.py
[2026-05-10T14:01:48.663+0000] {processor.py:830} INFO - Processing file /home/airflow/.local/lib/python3.12/site-packages/airflow/example_dags/example_trigger_controller_dag.py for tasks to queue
[2026-05-10T14:01:48.664+0000] {logging_mixin.py:188} INFO - [2026-05-10T14:01:48.664+0000] {dagbag.py:545} INFO - Filling up the DagBag from /home/airflow/.local/lib/python3.12/site-packages/airflow/example_dags/example_trigger_controller_dag.py
[2026-05-10T14:01:48.671+0000] {processor.py:840} INFO - DAG(s) 'example_trigger_controller_dag' retrieved from /home/airflow/.local/lib/python3.12/site-packages/airflow/example_dags/example_trigger_controller_dag.py
[2026-05-10T14:01:48.699+0000] {logging_mixin.py:188} INFO - [2026-05-10T14:01:48.698+0000] {dag.py:3089} INFO - Sync 1 DAGs
[2026-05-10T14:01:48.722+0000] {logging_mixin.py:188} INFO - [2026-05-10T14:01:48.721+0000] {dag.py:3947} INFO - Setting next_dagrun for example_trigger_controller_dag to 2021-01-01 00:00:00+00:00, run_after=2021-01-01 00:00:00+00:00
[2026-05-10T14:01:48.759+0000] {processor.py:183} INFO - Processing /home/airflow/.local/lib/python3.12/site-packages/airflow/example_dags/example_trigger_controller_dag.py took 0.103 seconds
[2026-05-10T14:02:18.824+0000] {processor.py:161} INFO - Started process (PID=18363) to work on /home/airflow/.local/lib/python3.12/site-packages/airflow/example_dags/example_trigger_controller_dag.py
[2026-05-10T14:02:18.825+0000] {processor.py:830} INFO - Processing file /home/airflow/.local/lib/python3.12/site-packages/airflow/example_dags/example_trigger_controller_dag.py for tasks to queue
[2026-05-10T14:02:18.826+0000] {logging_mixin.py:188} INFO - [2026-05-10T14:02:18.826+0000] {dagbag.py:545} INFO - Filling up the DagBag from /home/airflow/.local/lib/python3.12/site-packages/airflow/example_dags/example_trigger_controller_dag.py
[2026-05-10T14:02:18.830+0000] {processor.py:840} INFO - DAG(s) 'example_trigger_controller_dag' retrieved from /home/airflow/.local/lib/python3.12/site-packages/airflow/example_dags/example_trigger_controller_dag.py
[2026-05-10T14:02:18.850+0000] {logging_mixin.py:188} INFO - [2026-05-10T14:02:18.850+0000] {dag.py:3089} INFO - Sync 1 DAGs
[2026-05-10T14:02:18.868+0000] {logging_mixin.py:188} INFO - [2026-05-10T14:02:18.867+0000] {dag.py:3947} INFO - Setting next_dagrun for example_trigger_controller_dag to 2021-01-01 00:00:00+00:00, run_after=2021-01-01 00:00:00+00:00
[2026-05-10T14:02:18.887+0000] {processor.py:183} INFO - Processing /home/airflow/.local/lib/python3.12/site-packages/airflow/example_dags/example_trigger_controller_dag.py took 0.068 seconds
[2026-05-10T14:02:49.060+0000] {processor.py:161} INFO - Started process (PID=18432) to work on /home/airflow/.local/lib/python3.12/site-packages/airflow/example_dags/example_trigger_controller_dag.py
[2026-05-10T14:02:49.061+0000] {processor.py:830} INFO - Processing file /home/airflow/.local/lib/python3.12/site-packages/airflow/example_dags/example_trigger_controller_dag.py for tasks to queue
[2026-05-10T14:02:49.062+0000] {logging_mixin.py:188} INFO - [2026-05-10T14:02:49.062+0000] {dagbag.py:545} INFO - Filling up the DagBag from /home/airflow/.local/lib/python3.12/site-packages/airflow/example_dags/example_trigger_controller_dag.py
[2026-05-10T14:02:49.069+0000] {processor.py:840} INFO - DAG(s) 'example_trigger_controller_dag' retrieved from /home/airflow/.local/lib/python3.12/site-packages/airflow/example_dags/example_trigger_controller_dag.py
[2026-05-10T14:02:49.094+0000] {logging_mixin.py:188} INFO - [2026-05-10T14:02:49.094+0000] {dag.py:3089} INFO - Sync 1 DAGs
[2026-05-10T14:02:49.123+0000] {logging_mixin.py:188} INFO - [2026-05-10T14:02:49.123+0000] {dag.py:3947} INFO - Setting next_dagrun for example_trigger_controller_dag to 2021-01-01 00:00:00+00:00, run_after=2021-01-01 00:00:00+00:00
[2026-05-10T14:02:49.160+0000] {processor.py:183} INFO - Processing /home/airflow/.local/lib/python3.12/site-packages/airflow/example_dags/example_trigger_controller_dag.py took 0.106 seconds
[2026-05-10T14:03:19.236+0000] {processor.py:161} INFO - Started process (PID=18500) to work on /home/airflow/.local/lib/python3.12/site-packages/airflow/example_dags/example_trigger_controller_dag.py
[2026-05-10T14:03:19.238+0000] {processor.py:830} INFO - Processing file /home/airflow/.local/lib/python3.12/site-packages/airflow/example_dags/example_trigger_controller_dag.py for tasks to queue
[2026-05-10T14:03:19.240+0000] {logging_mixin.py:188} INFO - [2026-05-10T14:03:19.239+0000] {dagbag.py:545} INFO - Filling up the DagBag from /home/airflow/.local/lib/python3.12/site-packages/airflow/example_dags/example_trigger_controller_dag.py
[2026-05-10T14:03:19.248+0000] {processor.py:840} INFO - DAG(s) 'example_trigger_controller_dag' retrieved from /home/airflow/.local/lib/python3.12/site-packages/airflow/example_dags/example_trigger_controller_dag.py
[2026-05-10T14:03:19.275+0000] {logging_mixin.py:188} INFO - [2026-05-10T14:03:19.275+0000] {dag.py:3089} INFO - Sync 1 DAGs
[2026-05-10T14:03:19.303+0000] {logging_mixin.py:188} INFO - [2026-05-10T14:03:19.302+0000] {dag.py:3947} INFO - Setting next_dagrun for example_trigger_controller_dag to 2021-01-01 00:00:00+00:00, run_after=2021-01-01 00:00:00+00:00
[2026-05-10T14:03:19.334+0000] {processor.py:183} INFO - Processing /home/airflow/.local/lib/python3.12/site-packages/airflow/example_dags/example_trigger_controller_dag.py took 0.107 seconds
[2026-05-10T14:03:49.678+0000] {processor.py:161} INFO - Started process (PID=18574) to work on /home/airflow/.local/lib/python3.12/site-packages/airflow/example_dags/example_trigger_controller_dag.py
[2026-05-10T14:03:49.679+0000] {processor.py:830} INFO - Processing file /home/airflow/.local/lib/python3.12/site-packages/airflow/example_dags/example_trigger_controller_dag.py for tasks to queue
[2026-05-10T14:03:49.680+0000] {logging_mixin.py:188} INFO - [2026-05-10T14:03:49.680+0000] {dagbag.py:545} INFO - Filling up the DagBag from /home/airflow/.local/lib/python3.12/site-packages/airflow/example_dags/example_trigger_controller_dag.py
[2026-05-10T14:03:49.684+0000] {processor.py:840} INFO - DAG(s) 'example_trigger_controller_dag' retrieved from /home/airflow/.local/lib/python3.12/site-packages/airflow/example_dags/example_trigger_controller_dag.py
[2026-05-10T14:03:49.701+0000] {logging_mixin.py:188} INFO - [2026-05-10T14:03:49.701+0000] {dag.py:3089} INFO - Sync 1 DAGs
[2026-05-10T14:03:49.722+0000] {logging_mixin.py:188} INFO - [2026-05-10T14:03:49.722+0000] {dag.py:3947} INFO - Setting next_dagrun for example_trigger_controller_dag to 2021-01-01 00:00:00+00:00, run_after=2021-01-01 00:00:00+00:00
[2026-05-10T14:03:49.753+0000] {processor.py:183} INFO - Processing /home/airflow/.local/lib/python3.12/site-packages/airflow/example_dags/example_trigger_controller_dag.py took 0.080 seconds
[2026-05-10T14:04:20.271+0000] {processor.py:161} INFO - Started process (PID=18642) to work on /home/airflow/.local/lib/python3.12/site-packages/airflow/example_dags/example_trigger_controller_dag.py
[2026-05-10T14:04:20.273+0000] {processor.py:830} INFO - Processing file /home/airflow/.local/lib/python3.12/site-packages/airflow/example_dags/example_trigger_controller_dag.py for tasks to queue
[2026-05-10T14:04:20.274+0000] {logging_mixin.py:188} INFO - [2026-05-10T14:04:20.274+0000] {dagbag.py:545} INFO - Filling up the DagBag from /home/airflow/.local/lib/python3.12/site-packages/airflow/example_dags/example_trigger_controller_dag.py
[2026-05-10T14:04:20.281+0000] {processor.py:840} INFO - DAG(s) 'example_trigger_controller_dag' retrieved from /home/airflow/.local/lib/python3.12/site-packages/airflow/example_dags/example_trigger_controller_dag.py
[2026-05-10T14:04:20.315+0000] {logging_mixin.py:188} INFO - [2026-05-10T14:04:20.314+0000] {dag.py:3089} INFO - Sync 1 DAGs
[2026-05-10T14:04:20.355+0000] {logging_mixin.py:188} INFO - [2026-05-10T14:04:20.354+0000] {dag.py:3947} INFO - Setting next_dagrun for example_trigger_controller_dag to 2021-01-01 00:00:00+00:00, run_after=2021-01-01 00:00:00+00:00
[2026-05-10T14:04:20.392+0000] {processor.py:183} INFO - Processing /home/airflow/.local/lib/python3.12/site-packages/airflow/example_dags/example_trigger_controller_dag.py took 0.128 seconds
[2026-05-10T14:04:50.980+0000] {processor.py:161} INFO - Started process (PID=18710) to work on /home/airflow/.local/lib/python3.12/site-packages/airflow/example_dags/example_trigger_controller_dag.py
[2026-05-10T14:04:50.983+0000] {processor.py:830} INFO - Processing file /home/airflow/.local/lib/python3.12/site-packages/airflow/example_dags/example_trigger_controller_dag.py for tasks to queue
[2026-05-10T14:04:50.987+0000] {logging_mixin.py:188} INFO - [2026-05-10T14:04:50.986+0000] {dagbag.py:545} INFO - Filling up the DagBag from /home/airflow/.local/lib/python3.12/site-packages/airflow/example_dags/example_trigger_controller_dag.py
[2026-05-10T14:04:51.001+0000] {processor.py:840} INFO - DAG(s) 'example_trigger_controller_dag' retrieved from /home/airflow/.local/lib/python3.12/site-packages/airflow/example_dags/example_trigger_controller_dag.py
[2026-05-10T14:04:51.055+0000] {logging_mixin.py:188} INFO - [2026-05-10T14:04:51.054+0000] {dag.py:3089} INFO - Sync 1 DAGs
[2026-05-10T14:04:51.096+0000] {logging_mixin.py:188} INFO - [2026-05-10T14:04:51.096+0000] {dag.py:3947} INFO - Setting next_dagrun for example_trigger_controller_dag to 2021-01-01 00:00:00+00:00, run_after=2021-01-01 00:00:00+00:00
[2026-05-10T14:04:51.139+0000] {processor.py:183} INFO - Processing /home/airflow/.local/lib/python3.12/site-packages/airflow/example_dags/example_trigger_controller_dag.py took 0.176 seconds
[2026-05-10T14:05:21.456+0000] {processor.py:161} INFO - Started process (PID=18785) to work on /home/airflow/.local/lib/python3.12/site-packages/airflow/example_dags/example_trigger_controller_dag.py
[2026-05-10T14:05:21.458+0000] {processor.py:830} INFO - Processing file /home/airflow/.local/lib/python3.12/site-packages/airflow/example_dags/example_trigger_controller_dag.py for tasks to queue
[2026-05-10T14:05:21.459+0000] {logging_mixin.py:188} INFO - [2026-05-10T14:05:21.459+0000] {dagbag.py:545} INFO - Filling up the DagBag from /home/airflow/.local/lib/python3.12/site-packages/airflow/example_dags/example_trigger_controller_dag.py
[2026-05-10T14:05:21.467+0000] {processor.py:840} INFO - DAG(s) 'example_trigger_controller_dag' retrieved from /home/airflow/.local/lib/python3.12/site-packages/airflow/example_dags/example_trigger_controller_dag.py
[2026-05-10T14:05:21.501+0000] {logging_mixin.py:188} INFO - [2026-05-10T14:05:21.500+0000] {dag.py:3089} INFO - Sync 1 DAGs
[2026-05-10T14:05:21.534+0000] {logging_mixin.py:188} INFO - [2026-05-10T14:05:21.533+0000] {dag.py:3947} INFO - Setting next_dagrun for example_trigger_controller_dag to 2021-01-01 00:00:00+00:00, run_after=2021-01-01 00:00:00+00:00
[2026-05-10T14:05:21.599+0000] {processor.py:183} INFO - Processing /home/airflow/.local/lib/python3.12/site-packages/airflow/example_dags/example_trigger_controller_dag.py took 0.153 seconds
[2026-05-10T14:05:52.260+0000] {processor.py:161} INFO - Started process (PID=18853) to work on /home/airflow/.local/lib/python3.12/site-packages/airflow/example_dags/example_trigger_controller_dag.py
[2026-05-10T14:05:52.262+0000] {processor.py:830} INFO - Processing file /home/airflow/.local/lib/python3.12/site-packages/airflow/example_dags/example_trigger_controller_dag.py for tasks to queue
[2026-05-10T14:05:52.264+0000] {logging_mixin.py:188} INFO - [2026-05-10T14:05:52.264+0000] {dagbag.py:545} INFO - Filling up the DagBag from /home/airflow/.local/lib/python3.12/site-packages/airflow/example_dags/example_trigger_controller_dag.py
[2026-05-10T14:05:52.273+0000] {processor.py:840} INFO - DAG(s) 'example_trigger_controller_dag' retrieved from /home/airflow/.local/lib/python3.12/site-packages/airflow/example_dags/example_trigger_controller_dag.py
[2026-05-10T14:05:52.304+0000] {logging_mixin.py:188} INFO - [2026-05-10T14:05:52.303+0000] {dag.py:3089} INFO - Sync 1 DAGs
[2026-05-10T14:05:52.337+0000] {logging_mixin.py:188} INFO - [2026-05-10T14:05:52.336+0000] {dag.py:3947} INFO - Setting next_dagrun for example_trigger_controller_dag to 2021-01-01 00:00:00+00:00, run_after=2021-01-01 00:00:00+00:00
[2026-05-10T14:05:52.375+0000] {processor.py:183} INFO - Processing /home/airflow/.local/lib/python3.12/site-packages/airflow/example_dags/example_trigger_controller_dag.py took 0.124 seconds
[2026-05-10T14:06:23.076+0000] {processor.py:161} INFO - Started process (PID=18921) to work on /home/airflow/.local/lib/python3.12/site-packages/airflow/example_dags/example_trigger_controller_dag.py
[2026-05-10T14:06:23.077+0000] {processor.py:830} INFO - Processing file /home/airflow/.local/lib/python3.12/site-packages/airflow/example_dags/example_trigger_controller_dag.py for tasks to queue
[2026-05-10T14:06:23.079+0000] {logging_mixin.py:188} INFO - [2026-05-10T14:06:23.078+0000] {dagbag.py:545} INFO - Filling up the DagBag from /home/airflow/.local/lib/python3.12/site-packages/airflow/example_dags/example_trigger_controller_dag.py
[2026-05-10T14:06:23.087+0000] {processor.py:840} INFO - DAG(s) 'example_trigger_controller_dag' retrieved from /home/airflow/.local/lib/python3.12/site-packages/airflow/example_dags/example_trigger_controller_dag.py
[2026-05-10T14:06:23.123+0000] {logging_mixin.py:188} INFO - [2026-05-10T14:06:23.123+0000] {dag.py:3089} INFO - Sync 1 DAGs
[2026-05-10T14:06:23.161+0000] {logging_mixin.py:188} INFO - [2026-05-10T14:06:23.160+0000] {dag.py:3947} INFO - Setting next_dagrun for example_trigger_controller_dag to 2021-01-01 00:00:00+00:00, run_after=2021-01-01 00:00:00+00:00
[2026-05-10T14:06:23.198+0000] {processor.py:183} INFO - Processing /home/airflow/.local/lib/python3.12/site-packages/airflow/example_dags/example_trigger_controller_dag.py took 0.132 seconds
[2026-05-10T14:06:54.035+0000] {processor.py:161} INFO - Started process (PID=18989) to work on /home/airflow/.local/lib/python3.12/site-packages/airflow/example_dags/example_trigger_controller_dag.py
[2026-05-10T14:06:54.037+0000] {processor.py:830} INFO - Processing file /home/airflow/.local/lib/python3.12/site-packages/airflow/example_dags/example_trigger_controller_dag.py for tasks to queue
[2026-05-10T14:06:54.040+0000] {logging_mixin.py:188} INFO - [2026-05-10T14:06:54.039+0000] {dagbag.py:545} INFO - Filling up the DagBag from /home/airflow/.local/lib/python3.12/site-packages/airflow/example_dags/example_trigger_controller_dag.py
[2026-05-10T14:06:54.052+0000] {processor.py:840} INFO - DAG(s) 'example_trigger_controller_dag' retrieved from /home/airflow/.local/lib/python3.12/site-packages/airflow/example_dags/example_trigger_controller_dag.py
[2026-05-10T14:06:54.099+0000] {logging_mixin.py:188} INFO - [2026-05-10T14:06:54.099+0000] {dag.py:3089} INFO - Sync 1 DAGs
[2026-05-10T14:06:54.145+0000] {logging_mixin.py:188} INFO - [2026-05-10T14:06:54.144+0000] {dag.py:3947} INFO - Setting next_dagrun for example_trigger_controller_dag to 2021-01-01 00:00:00+00:00, run_after=2021-01-01 00:00:00+00:00
[2026-05-10T14:06:54.218+0000] {processor.py:183} INFO - Processing /home/airflow/.local/lib/python3.12/site-packages/airflow/example_dags/example_trigger_controller_dag.py took 0.197 seconds
[2026-05-10T14:07:24.612+0000] {processor.py:161} INFO - Started process (PID=19057) to work on /home/airflow/.local/lib/python3.12/site-packages/airflow/example_dags/example_trigger_controller_dag.py
[2026-05-10T14:07:24.615+0000] {processor.py:830} INFO - Processing file /home/airflow/.local/lib/python3.12/site-packages/airflow/example_dags/example_trigger_controller_dag.py for tasks to queue
[2026-05-10T14:07:24.618+0000] {logging_mixin.py:188} INFO - [2026-05-10T14:07:24.617+0000] {dagbag.py:545} INFO - Filling up the DagBag from /home/airflow/.local/lib/python3.12/site-packages/airflow/example_dags/example_trigger_controller_dag.py
[2026-05-10T14:07:24.631+0000] {processor.py:840} INFO - DAG(s) 'example_trigger_controller_dag' retrieved from /home/airflow/.local/lib/python3.12/site-packages/airflow/example_dags/example_trigger_controller_dag.py
[2026-05-10T14:07:24.672+0000] {logging_mixin.py:188} INFO - [2026-05-10T14:07:24.672+0000] {dag.py:3089} INFO - Sync 1 DAGs
[2026-05-10T14:07:24.710+0000] {logging_mixin.py:188} INFO - [2026-05-10T14:07:24.710+0000] {dag.py:3947} INFO - Setting next_dagrun for example_trigger_controller_dag to 2021-01-01 00:00:00+00:00, run_after=2021-01-01 00:00:00+00:00
[2026-05-10T14:07:24.772+0000] {processor.py:183} INFO - Processing /home/airflow/.local/lib/python3.12/site-packages/airflow/example_dags/example_trigger_controller_dag.py took 0.178 seconds
[2026-05-10T14:07:55.829+0000] {processor.py:161} INFO - Started process (PID=19125) to work on /home/airflow/.local/lib/python3.12/site-packages/airflow/example_dags/example_trigger_controller_dag.py
[2026-05-10T14:07:55.831+0000] {processor.py:830} INFO - Processing file /home/airflow/.local/lib/python3.12/site-packages/airflow/example_dags/example_trigger_controller_dag.py for tasks to queue
[2026-05-10T14:07:55.834+0000] {logging_mixin.py:188} INFO - [2026-05-10T14:07:55.833+0000] {dagbag.py:545} INFO - Filling up the DagBag from /home/airflow/.local/lib/python3.12/site-packages/airflow/example_dags/example_trigger_controller_dag.py
[2026-05-10T14:07:55.845+0000] {processor.py:840} INFO - DAG(s) 'example_trigger_controller_dag' retrieved from /home/airflow/.local/lib/python3.12/site-packages/airflow/example_dags/example_trigger_controller_dag.py
[2026-05-10T14:07:55.885+0000] {logging_mixin.py:188} INFO - [2026-05-10T14:07:55.884+0000] {dag.py:3089} INFO - Sync 1 DAGs
[2026-05-10T14:07:55.931+0000] {logging_mixin.py:188} INFO - [2026-05-10T14:07:55.930+0000] {dag.py:3947} INFO - Setting next_dagrun for example_trigger_controller_dag to 2021-01-01 00:00:00+00:00, run_after=2021-01-01 00:00:00+00:00
[2026-05-10T14:07:55.983+0000] {processor.py:183} INFO - Processing /home/airflow/.local/lib/python3.12/site-packages/airflow/example_dags/example_trigger_controller_dag.py took 0.165 seconds
[2026-05-10T14:08:26.524+0000] {processor.py:161} INFO - Started process (PID=19200) to work on /home/airflow/.local/lib/python3.12/site-packages/airflow/example_dags/example_trigger_controller_dag.py
[2026-05-10T14:08:26.526+0000] {processor.py:830} INFO - Processing file /home/airflow/.local/lib/python3.12/site-packages/airflow/example_dags/example_trigger_controller_dag.py for tasks to queue
[2026-05-10T14:08:26.528+0000] {logging_mixin.py:188} INFO - [2026-05-10T14:08:26.528+0000] {dagbag.py:545} INFO - Filling up the DagBag from /home/airflow/.local/lib/python3.12/site-packages/airflow/example_dags/example_trigger_controller_dag.py
[2026-05-10T14:08:26.537+0000] {processor.py:840} INFO - DAG(s) 'example_trigger_controller_dag' retrieved from /home/airflow/.local/lib/python3.12/site-packages/airflow/example_dags/example_trigger_controller_dag.py
[2026-05-10T14:08:26.576+0000] {logging_mixin.py:188} INFO - [2026-05-10T14:08:26.576+0000] {dag.py:3089} INFO - Sync 1 DAGs
[2026-05-10T14:08:26.609+0000] {logging_mixin.py:188} INFO - [2026-05-10T14:08:26.608+0000] {dag.py:3947} INFO - Setting next_dagrun for example_trigger_controller_dag to 2021-01-01 00:00:00+00:00, run_after=2021-01-01 00:00:00+00:00
[2026-05-10T14:08:26.652+0000] {processor.py:183} INFO - Processing /home/airflow/.local/lib/python3.12/site-packages/airflow/example_dags/example_trigger_controller_dag.py took 0.141 seconds
[2026-05-10T14:08:57.593+0000] {processor.py:161} INFO - Started process (PID=19268) to work on /home/airflow/.local/lib/python3.12/site-packages/airflow/example_dags/example_trigger_controller_dag.py
[2026-05-10T14:08:57.595+0000] {processor.py:830} INFO - Processing file /home/airflow/.local/lib/python3.12/site-packages/airflow/example_dags/example_trigger_controller_dag.py for tasks to queue
[2026-05-10T14:08:57.597+0000] {logging_mixin.py:188} INFO - [2026-05-10T14:08:57.596+0000] {dagbag.py:545} INFO - Filling up the DagBag from /home/airflow/.local/lib/python3.12/site-packages/airflow/example_dags/example_trigger_controller_dag.py
[2026-05-10T14:08:57.605+0000] {processor.py:840} INFO - DAG(s) 'example_trigger_controller_dag' retrieved from /home/airflow/.local/lib/python3.12/site-packages/airflow/example_dags/example_trigger_controller_dag.py
[2026-05-10T14:08:57.642+0000] {logging_mixin.py:188} INFO - [2026-05-10T14:08:57.641+0000] {dag.py:3089} INFO - Sync 1 DAGs
[2026-05-10T14:08:57.679+0000] {logging_mixin.py:188} INFO - [2026-05-10T14:08:57.678+0000] {dag.py:3947} INFO - Setting next_dagrun for example_trigger_controller_dag to 2021-01-01 00:00:00+00:00, run_after=2021-01-01 00:00:00+00:00
[2026-05-10T14:08:57.740+0000] {processor.py:183} INFO - Processing /home/airflow/.local/lib/python3.12/site-packages/airflow/example_dags/example_trigger_controller_dag.py took 0.157 seconds
[2026-05-10T14:09:27.977+0000] {processor.py:161} INFO - Started process (PID=19336) to work on /home/airflow/.local/lib/python3.12/site-packages/airflow/example_dags/example_trigger_controller_dag.py
[2026-05-10T14:09:27.979+0000] {processor.py:830} INFO - Processing file /home/airflow/.local/lib/python3.12/site-packages/airflow/example_dags/example_trigger_controller_dag.py for tasks to queue
[2026-05-10T14:09:27.982+0000] {logging_mixin.py:188} INFO - [2026-05-10T14:09:27.981+0000] {dagbag.py:545} INFO - Filling up the DagBag from /home/airflow/.local/lib/python3.12/site-packages/airflow/example_dags/example_trigger_controller_dag.py
[2026-05-10T14:09:27.994+0000] {processor.py:840} INFO - DAG(s) 'example_trigger_controller_dag' retrieved from /home/airflow/.local/lib/python3.12/site-packages/airflow/example_dags/example_trigger_controller_dag.py
[2026-05-10T14:09:28.068+0000] {logging_mixin.py:188} INFO - [2026-05-10T14:09:28.067+0000] {dag.py:3089} INFO - Sync 1 DAGs
[2026-05-10T14:09:28.118+0000] {logging_mixin.py:188} INFO - [2026-05-10T14:09:28.117+0000] {dag.py:3947} INFO - Setting next_dagrun for example_trigger_controller_dag to 2021-01-01 00:00:00+00:00, run_after=2021-01-01 00:00:00+00:00
[2026-05-10T14:09:28.174+0000] {processor.py:183} INFO - Processing /home/airflow/.local/lib/python3.12/site-packages/airflow/example_dags/example_trigger_controller_dag.py took 0.210 seconds
[2026-05-10T14:09:58.933+0000] {processor.py:161} INFO - Started process (PID=19404) to work on /home/airflow/.local/lib/python3.12/site-packages/airflow/example_dags/example_trigger_controller_dag.py
[2026-05-10T14:09:58.936+0000] {processor.py:830} INFO - Processing file /home/airflow/.local/lib/python3.12/site-packages/airflow/example_dags/example_trigger_controller_dag.py for tasks to queue
[2026-05-10T14:09:58.940+0000] {logging_mixin.py:188} INFO - [2026-05-10T14:09:58.939+0000] {dagbag.py:545} INFO - Filling up the DagBag from /home/airflow/.local/lib/python3.12/site-packages/airflow/example_dags/example_trigger_controller_dag.py
[2026-05-10T14:09:58.949+0000] {processor.py:840} INFO - DAG(s) 'example_trigger_controller_dag' retrieved from /home/airflow/.local/lib/python3.12/site-packages/airflow/example_dags/example_trigger_controller_dag.py
[2026-05-10T14:09:58.985+0000] {logging_mixin.py:188} INFO - [2026-05-10T14:09:58.984+0000] {dag.py:3089} INFO - Sync 1 DAGs
[2026-05-10T14:09:59.021+0000] {logging_mixin.py:188} INFO - [2026-05-10T14:09:59.020+0000] {dag.py:3947} INFO - Setting next_dagrun for example_trigger_controller_dag to 2021-01-01 00:00:00+00:00, run_after=2021-01-01 00:00:00+00:00
[2026-05-10T14:09:59.083+0000] {processor.py:183} INFO - Processing /home/airflow/.local/lib/python3.12/site-packages/airflow/example_dags/example_trigger_controller_dag.py took 0.162 seconds
[2026-05-10T14:10:29.825+0000] {processor.py:161} INFO - Started process (PID=19473) to work on /home/airflow/.local/lib/python3.12/site-packages/airflow/example_dags/example_trigger_controller_dag.py
[2026-05-10T14:10:29.828+0000] {processor.py:830} INFO - Processing file /home/airflow/.local/lib/python3.12/site-packages/airflow/example_dags/example_trigger_controller_dag.py for tasks to queue
[2026-05-10T14:10:29.831+0000] {logging_mixin.py:188} INFO - [2026-05-10T14:10:29.830+0000] {dagbag.py:545} INFO - Filling up the DagBag from /home/airflow/.local/lib/python3.12/site-packages/airflow/example_dags/example_trigger_controller_dag.py
[2026-05-10T14:10:29.841+0000] {processor.py:840} INFO - DAG(s) 'example_trigger_controller_dag' retrieved from /home/airflow/.local/lib/python3.12/site-packages/airflow/example_dags/example_trigger_controller_dag.py
[2026-05-10T14:10:29.877+0000] {logging_mixin.py:188} INFO - [2026-05-10T14:10:29.877+0000] {dag.py:3089} INFO - Sync 1 DAGs
[2026-05-10T14:10:29.916+0000] {logging_mixin.py:188} INFO - [2026-05-10T14:10:29.915+0000] {dag.py:3947} INFO - Setting next_dagrun for example_trigger_controller_dag to 2021-01-01 00:00:00+00:00, run_after=2021-01-01 00:00:00+00:00
[2026-05-10T14:10:29.982+0000] {processor.py:183} INFO - Processing /home/airflow/.local/lib/python3.12/site-packages/airflow/example_dags/example_trigger_controller_dag.py took 0.169 seconds
[2026-05-10T14:11:00.851+0000] {processor.py:161} INFO - Started process (PID=19541) to work on /home/airflow/.local/lib/python3.12/site-packages/airflow/example_dags/example_trigger_controller_dag.py
[2026-05-10T14:11:00.853+0000] {processor.py:830} INFO - Processing file /home/airflow/.local/lib/python3.12/site-packages/airflow/example_dags/example_trigger_controller_dag.py for tasks to queue
[2026-05-10T14:11:00.856+0000] {logging_mixin.py:188} INFO - [2026-05-10T14:11:00.855+0000] {dagbag.py:545} INFO - Filling up the DagBag from /home/airflow/.local/lib/python3.12/site-packages/airflow/example_dags/example_trigger_controller_dag.py
[2026-05-10T14:11:00.866+0000] {processor.py:840} INFO - DAG(s) 'example_trigger_controller_dag' retrieved from /home/airflow/.local/lib/python3.12/site-packages/airflow/example_dags/example_trigger_controller_dag.py
[2026-05-10T14:11:00.904+0000] {logging_mixin.py:188} INFO - [2026-05-10T14:11:00.903+0000] {dag.py:3089} INFO - Sync 1 DAGs
[2026-05-10T14:11:00.939+0000] {logging_mixin.py:188} INFO - [2026-05-10T14:11:00.938+0000] {dag.py:3947} INFO - Setting next_dagrun for example_trigger_controller_dag to 2021-01-01 00:00:00+00:00, run_after=2021-01-01 00:00:00+00:00
[2026-05-10T14:11:01.006+0000] {processor.py:183} INFO - Processing /home/airflow/.local/lib/python3.12/site-packages/airflow/example_dags/example_trigger_controller_dag.py took 0.171 seconds
[2026-05-10T14:11:31.123+0000] {processor.py:161} INFO - Started process (PID=19609) to work on /home/airflow/.local/lib/python3.12/site-packages/airflow/example_dags/example_trigger_controller_dag.py
[2026-05-10T14:11:31.126+0000] {processor.py:830} INFO - Processing file /home/airflow/.local/lib/python3.12/site-packages/airflow/example_dags/example_trigger_controller_dag.py for tasks to queue
[2026-05-10T14:11:31.128+0000] {logging_mixin.py:188} INFO - [2026-05-10T14:11:31.127+0000] {dagbag.py:545} INFO - Filling up the DagBag from /home/airflow/.local/lib/python3.12/site-packages/airflow/example_dags/example_trigger_controller_dag.py
[2026-05-10T14:11:31.144+0000] {processor.py:840} INFO - DAG(s) 'example_trigger_controller_dag' retrieved from /home/airflow/.local/lib/python3.12/site-packages/airflow/example_dags/example_trigger_controller_dag.py
[2026-05-10T14:11:31.188+0000] {logging_mixin.py:188} INFO - [2026-05-10T14:11:31.188+0000] {dag.py:3089} INFO - Sync 1 DAGs
[2026-05-10T14:11:31.226+0000] {logging_mixin.py:188} INFO - [2026-05-10T14:11:31.225+0000] {dag.py:3947} INFO - Setting next_dagrun for example_trigger_controller_dag to 2021-01-01 00:00:00+00:00, run_after=2021-01-01 00:00:00+00:00
[2026-05-10T14:11:31.291+0000] {processor.py:183} INFO - Processing /home/airflow/.local/lib/python3.12/site-packages/airflow/example_dags/example_trigger_controller_dag.py took 0.178 seconds
[2026-05-10T14:12:01.686+0000] {processor.py:161} INFO - Started process (PID=19684) to work on /home/airflow/.local/lib/python3.12/site-packages/airflow/example_dags/example_trigger_controller_dag.py
[2026-05-10T14:12:01.705+0000] {processor.py:830} INFO - Processing file /home/airflow/.local/lib/python3.12/site-packages/airflow/example_dags/example_trigger_controller_dag.py for tasks to queue
[2026-05-10T14:12:01.719+0000] {logging_mixin.py:188} INFO - [2026-05-10T14:12:01.718+0000] {dagbag.py:545} INFO - Filling up the DagBag from /home/airflow/.local/lib/python3.12/site-packages/airflow/example_dags/example_trigger_controller_dag.py
[2026-05-10T14:12:01.733+0000] {processor.py:840} INFO - DAG(s) 'example_trigger_controller_dag' retrieved from /home/airflow/.local/lib/python3.12/site-packages/airflow/example_dags/example_trigger_controller_dag.py
[2026-05-10T14:12:01.780+0000] {logging_mixin.py:188} INFO - [2026-05-10T14:12:01.780+0000] {dag.py:3089} INFO - Sync 1 DAGs
[2026-05-10T14:12:01.817+0000] {logging_mixin.py:188} INFO - [2026-05-10T14:12:01.816+0000] {dag.py:3947} INFO - Setting next_dagrun for example_trigger_controller_dag to 2021-01-01 00:00:00+00:00, run_after=2021-01-01 00:00:00+00:00
[2026-05-10T14:12:01.858+0000] {processor.py:183} INFO - Processing /home/airflow/.local/lib/python3.12/site-packages/airflow/example_dags/example_trigger_controller_dag.py took 0.183 seconds
[2026-05-10T14:12:32.406+0000] {processor.py:161} INFO - Started process (PID=19752) to work on /home/airflow/.local/lib/python3.12/site-packages/airflow/example_dags/example_trigger_controller_dag.py
[2026-05-10T14:12:32.408+0000] {processor.py:830} INFO - Processing file /home/airflow/.local/lib/python3.12/site-packages/airflow/example_dags/example_trigger_controller_dag.py for tasks to queue
[2026-05-10T14:12:32.415+0000] {logging_mixin.py:188} INFO - [2026-05-10T14:12:32.414+0000] {dagbag.py:545} INFO - Filling up the DagBag from /home/airflow/.local/lib/python3.12/site-packages/airflow/example_dags/example_trigger_controller_dag.py
[2026-05-10T14:12:32.426+0000] {processor.py:840} INFO - DAG(s) 'example_trigger_controller_dag' retrieved from /home/airflow/.local/lib/python3.12/site-packages/airflow/example_dags/example_trigger_controller_dag.py
[2026-05-10T14:12:32.462+0000] {logging_mixin.py:188} INFO - [2026-05-10T14:12:32.461+0000] {dag.py:3089} INFO - Sync 1 DAGs
[2026-05-10T14:12:32.498+0000] {logging_mixin.py:188} INFO - [2026-05-10T14:12:32.498+0000] {dag.py:3947} INFO - Setting next_dagrun for example_trigger_controller_dag to 2021-01-01 00:00:00+00:00, run_after=2021-01-01 00:00:00+00:00
[2026-05-10T14:12:32.557+0000] {processor.py:183} INFO - Processing /home/airflow/.local/lib/python3.12/site-packages/airflow/example_dags/example_trigger_controller_dag.py took 0.161 seconds
[2026-05-10T14:13:03.247+0000] {processor.py:161} INFO - Started process (PID=19820) to work on /home/airflow/.local/lib/python3.12/site-packages/airflow/example_dags/example_trigger_controller_dag.py
[2026-05-10T14:13:03.248+0000] {processor.py:830} INFO - Processing file /home/airflow/.local/lib/python3.12/site-packages/airflow/example_dags/example_trigger_controller_dag.py for tasks to queue
[2026-05-10T14:13:03.250+0000] {logging_mixin.py:188} INFO - [2026-05-10T14:13:03.249+0000] {dagbag.py:545} INFO - Filling up the DagBag from /home/airflow/.local/lib/python3.12/site-packages/airflow/example_dags/example_trigger_controller_dag.py
[2026-05-10T14:13:03.257+0000] {processor.py:840} INFO - DAG(s) 'example_trigger_controller_dag' retrieved from /home/airflow/.local/lib/python3.12/site-packages/airflow/example_dags/example_trigger_controller_dag.py
[2026-05-10T14:13:03.294+0000] {logging_mixin.py:188} INFO - [2026-05-10T14:13:03.293+0000] {dag.py:3089} INFO - Sync 1 DAGs
[2026-05-10T14:13:03.328+0000] {logging_mixin.py:188} INFO - [2026-05-10T14:13:03.328+0000] {dag.py:3947} INFO - Setting next_dagrun for example_trigger_controller_dag to 2021-01-01 00:00:00+00:00, run_after=2021-01-01 00:00:00+00:00
[2026-05-10T14:13:03.390+0000] {processor.py:183} INFO - Processing /home/airflow/.local/lib/python3.12/site-packages/airflow/example_dags/example_trigger_controller_dag.py took 0.153 seconds
[2026-05-10T14:13:33.979+0000] {processor.py:161} INFO - Started process (PID=19888) to work on /home/airflow/.local/lib/python3.12/site-packages/airflow/example_dags/example_trigger_controller_dag.py
[2026-05-10T14:13:33.982+0000] {processor.py:830} INFO - Processing file /home/airflow/.local/lib/python3.12/site-packages/airflow/example_dags/example_trigger_controller_dag.py for tasks to queue
[2026-05-10T14:13:33.984+0000] {logging_mixin.py:188} INFO - [2026-05-10T14:13:33.983+0000] {dagbag.py:545} INFO - Filling up the DagBag from /home/airflow/.local/lib/python3.12/site-packages/airflow/example_dags/example_trigger_controller_dag.py
[2026-05-10T14:13:33.995+0000] {processor.py:840} INFO - DAG(s) 'example_trigger_controller_dag' retrieved from /home/airflow/.local/lib/python3.12/site-packages/airflow/example_dags/example_trigger_controller_dag.py
[2026-05-10T14:13:34.039+0000] {logging_mixin.py:188} INFO - [2026-05-10T14:13:34.039+0000] {dag.py:3089} INFO - Sync 1 DAGs
[2026-05-10T14:13:34.076+0000] {logging_mixin.py:188} INFO - [2026-05-10T14:13:34.076+0000] {dag.py:3947} INFO - Setting next_dagrun for example_trigger_controller_dag to 2021-01-01 00:00:00+00:00, run_after=2021-01-01 00:00:00+00:00
[2026-05-10T14:13:34.117+0000] {processor.py:183} INFO - Processing /home/airflow/.local/lib/python3.12/site-packages/airflow/example_dags/example_trigger_controller_dag.py took 0.155 seconds
[2026-05-10T14:14:04.683+0000] {processor.py:161} INFO - Started process (PID=19956) to work on /home/airflow/.local/lib/python3.12/site-packages/airflow/example_dags/example_trigger_controller_dag.py
[2026-05-10T14:14:04.686+0000] {processor.py:830} INFO - Processing file /home/airflow/.local/lib/python3.12/site-packages/airflow/example_dags/example_trigger_controller_dag.py for tasks to queue
[2026-05-10T14:14:04.688+0000] {logging_mixin.py:188} INFO - [2026-05-10T14:14:04.688+0000] {dagbag.py:545} INFO - Filling up the DagBag from /home/airflow/.local/lib/python3.12/site-packages/airflow/example_dags/example_trigger_controller_dag.py
[2026-05-10T14:14:04.703+0000] {processor.py:840} INFO - DAG(s) 'example_trigger_controller_dag' retrieved from /home/airflow/.local/lib/python3.12/site-packages/airflow/example_dags/example_trigger_controller_dag.py
[2026-05-10T14:14:04.759+0000] {logging_mixin.py:188} INFO - [2026-05-10T14:14:04.759+0000] {dag.py:3089} INFO - Sync 1 DAGs
[2026-05-10T14:14:04.795+0000] {logging_mixin.py:188} INFO - [2026-05-10T14:14:04.795+0000] {dag.py:3947} INFO - Setting next_dagrun for example_trigger_controller_dag to 2021-01-01 00:00:00+00:00, run_after=2021-01-01 00:00:00+00:00
[2026-05-10T14:14:04.840+0000] {processor.py:183} INFO - Processing /home/airflow/.local/lib/python3.12/site-packages/airflow/example_dags/example_trigger_controller_dag.py took 0.172 seconds
[2026-05-10T14:14:35.051+0000] {processor.py:161} INFO - Started process (PID=20024) to work on /home/airflow/.local/lib/python3.12/site-packages/airflow/example_dags/example_trigger_controller_dag.py
[2026-05-10T14:14:35.052+0000] {processor.py:830} INFO - Processing file /home/airflow/.local/lib/python3.12/site-packages/airflow/example_dags/example_trigger_controller_dag.py for tasks to queue
[2026-05-10T14:14:35.054+0000] {logging_mixin.py:188} INFO - [2026-05-10T14:14:35.053+0000] {dagbag.py:545} INFO - Filling up the DagBag from /home/airflow/.local/lib/python3.12/site-packages/airflow/example_dags/example_trigger_controller_dag.py
[2026-05-10T14:14:35.063+0000] {processor.py:840} INFO - DAG(s) 'example_trigger_controller_dag' retrieved from /home/airflow/.local/lib/python3.12/site-packages/airflow/example_dags/example_trigger_controller_dag.py
[2026-05-10T14:14:35.098+0000] {logging_mixin.py:188} INFO - [2026-05-10T14:14:35.098+0000] {dag.py:3089} INFO - Sync 1 DAGs
[2026-05-10T14:14:35.133+0000] {logging_mixin.py:188} INFO - [2026-05-10T14:14:35.132+0000] {dag.py:3947} INFO - Setting next_dagrun for example_trigger_controller_dag to 2021-01-01 00:00:00+00:00, run_after=2021-01-01 00:00:00+00:00
[2026-05-10T14:14:35.199+0000] {processor.py:183} INFO - Processing /home/airflow/.local/lib/python3.12/site-packages/airflow/example_dags/example_trigger_controller_dag.py took 0.159 seconds
[2026-05-10T14:15:05.956+0000] {processor.py:161} INFO - Started process (PID=20092) to work on /home/airflow/.local/lib/python3.12/site-packages/airflow/example_dags/example_trigger_controller_dag.py
[2026-05-10T14:15:05.958+0000] {processor.py:830} INFO - Processing file /home/airflow/.local/lib/python3.12/site-packages/airflow/example_dags/example_trigger_controller_dag.py for tasks to queue
[2026-05-10T14:15:05.962+0000] {logging_mixin.py:188} INFO - [2026-05-10T14:15:05.961+0000] {dagbag.py:545} INFO - Filling up the DagBag from /home/airflow/.local/lib/python3.12/site-packages/airflow/example_dags/example_trigger_controller_dag.py
[2026-05-10T14:15:05.971+0000] {processor.py:840} INFO - DAG(s) 'example_trigger_controller_dag' retrieved from /home/airflow/.local/lib/python3.12/site-packages/airflow/example_dags/example_trigger_controller_dag.py
[2026-05-10T14:15:06.006+0000] {logging_mixin.py:188} INFO - [2026-05-10T14:15:06.005+0000] {dag.py:3089} INFO - Sync 1 DAGs
[2026-05-10T14:15:06.039+0000] {logging_mixin.py:188} INFO - [2026-05-10T14:15:06.038+0000] {dag.py:3947} INFO - Setting next_dagrun for example_trigger_controller_dag to 2021-01-01 00:00:00+00:00, run_after=2021-01-01 00:00:00+00:00
[2026-05-10T14:15:06.088+0000] {processor.py:183} INFO - Processing /home/airflow/.local/lib/python3.12/site-packages/airflow/example_dags/example_trigger_controller_dag.py took 0.144 seconds
[2026-05-10T14:15:36.960+0000] {processor.py:161} INFO - Started process (PID=20160) to work on /home/airflow/.local/lib/python3.12/site-packages/airflow/example_dags/example_trigger_controller_dag.py
[2026-05-10T14:15:36.962+0000] {processor.py:830} INFO - Processing file /home/airflow/.local/lib/python3.12/site-packages/airflow/example_dags/example_trigger_controller_dag.py for tasks to queue
[2026-05-10T14:15:36.965+0000] {logging_mixin.py:188} INFO - [2026-05-10T14:15:36.964+0000] {dagbag.py:545} INFO - Filling up the DagBag from /home/airflow/.local/lib/python3.12/site-packages/airflow/example_dags/example_trigger_controller_dag.py
[2026-05-10T14:15:36.975+0000] {processor.py:840} INFO - DAG(s) 'example_trigger_controller_dag' retrieved from /home/airflow/.local/lib/python3.12/site-packages/airflow/example_dags/example_trigger_controller_dag.py
[2026-05-10T14:15:37.019+0000] {logging_mixin.py:188} INFO - [2026-05-10T14:15:37.018+0000] {dag.py:3089} INFO - Sync 1 DAGs
[2026-05-10T14:15:37.054+0000] {logging_mixin.py:188} INFO - [2026-05-10T14:15:37.054+0000] {dag.py:3947} INFO - Setting next_dagrun for example_trigger_controller_dag to 2021-01-01 00:00:00+00:00, run_after=2021-01-01 00:00:00+00:00
[2026-05-10T14:15:37.107+0000] {processor.py:183} INFO - Processing /home/airflow/.local/lib/python3.12/site-packages/airflow/example_dags/example_trigger_controller_dag.py took 0.162 seconds
[2026-05-10T14:16:07.630+0000] {processor.py:161} INFO - Started process (PID=20236) to work on /home/airflow/.local/lib/python3.12/site-packages/airflow/example_dags/example_trigger_controller_dag.py
[2026-05-10T14:16:07.635+0000] {processor.py:830} INFO - Processing file /home/airflow/.local/lib/python3.12/site-packages/airflow/example_dags/example_trigger_controller_dag.py for tasks to queue
[2026-05-10T14:16:07.638+0000] {logging_mixin.py:188} INFO - [2026-05-10T14:16:07.637+0000] {dagbag.py:545} INFO - Filling up the DagBag from /home/airflow/.local/lib/python3.12/site-packages/airflow/example_dags/example_trigger_controller_dag.py
[2026-05-10T14:16:07.646+0000] {processor.py:840} INFO - DAG(s) 'example_trigger_controller_dag' retrieved from /home/airflow/.local/lib/python3.12/site-packages/airflow/example_dags/example_trigger_controller_dag.py
[2026-05-10T14:16:07.685+0000] {logging_mixin.py:188} INFO - [2026-05-10T14:16:07.684+0000] {dag.py:3089} INFO - Sync 1 DAGs
[2026-05-10T14:16:07.763+0000] {logging_mixin.py:188} INFO - [2026-05-10T14:16:07.762+0000] {dag.py:3947} INFO - Setting next_dagrun for example_trigger_controller_dag to 2021-01-01 00:00:00+00:00, run_after=2021-01-01 00:00:00+00:00
[2026-05-10T14:16:07.826+0000] {processor.py:183} INFO - Processing /home/airflow/.local/lib/python3.12/site-packages/airflow/example_dags/example_trigger_controller_dag.py took 0.205 seconds
[2026-05-10T14:16:38.559+0000] {processor.py:161} INFO - Started process (PID=20304) to work on /home/airflow/.local/lib/python3.12/site-packages/airflow/example_dags/example_trigger_controller_dag.py
[2026-05-10T14:16:38.561+0000] {processor.py:830} INFO - Processing file /home/airflow/.local/lib/python3.12/site-packages/airflow/example_dags/example_trigger_controller_dag.py for tasks to queue
[2026-05-10T14:16:38.563+0000] {logging_mixin.py:188} INFO - [2026-05-10T14:16:38.562+0000] {dagbag.py:545} INFO - Filling up the DagBag from /home/airflow/.local/lib/python3.12/site-packages/airflow/example_dags/example_trigger_controller_dag.py
[2026-05-10T14:16:38.572+0000] {processor.py:840} INFO - DAG(s) 'example_trigger_controller_dag' retrieved from /home/airflow/.local/lib/python3.12/site-packages/airflow/example_dags/example_trigger_controller_dag.py
[2026-05-10T14:16:38.611+0000] {logging_mixin.py:188} INFO - [2026-05-10T14:16:38.611+0000] {dag.py:3089} INFO - Sync 1 DAGs
[2026-05-10T14:16:38.651+0000] {logging_mixin.py:188} INFO - [2026-05-10T14:16:38.651+0000] {dag.py:3947} INFO - Setting next_dagrun for example_trigger_controller_dag to 2021-01-01 00:00:00+00:00, run_after=2021-01-01 00:00:00+00:00
[2026-05-10T14:16:38.693+0000] {processor.py:183} INFO - Processing /home/airflow/.local/lib/python3.12/site-packages/airflow/example_dags/example_trigger_controller_dag.py took 0.145 seconds
[2026-05-10T14:17:09.718+0000] {processor.py:161} INFO - Started process (PID=20373) to work on /home/airflow/.local/lib/python3.12/site-packages/airflow/example_dags/example_trigger_controller_dag.py
[2026-05-10T14:17:09.720+0000] {processor.py:830} INFO - Processing file /home/airflow/.local/lib/python3.12/site-packages/airflow/example_dags/example_trigger_controller_dag.py for tasks to queue
[2026-05-10T14:17:09.722+0000] {logging_mixin.py:188} INFO - [2026-05-10T14:17:09.721+0000] {dagbag.py:545} INFO - Filling up the DagBag from /home/airflow/.local/lib/python3.12/site-packages/airflow/example_dags/example_trigger_controller_dag.py
[2026-05-10T14:17:09.730+0000] {processor.py:840} INFO - DAG(s) 'example_trigger_controller_dag' retrieved from /home/airflow/.local/lib/python3.12/site-packages/airflow/example_dags/example_trigger_controller_dag.py
[2026-05-10T14:17:09.772+0000] {logging_mixin.py:188} INFO - [2026-05-10T14:17:09.771+0000] {dag.py:3089} INFO - Sync 1 DAGs
[2026-05-10T14:17:10.057+0000] {logging_mixin.py:188} INFO - [2026-05-10T14:17:10.056+0000] {dag.py:3947} INFO - Setting next_dagrun for example_trigger_controller_dag to 2021-01-01 00:00:00+00:00, run_after=2021-01-01 00:00:00+00:00
[2026-05-10T14:17:10.092+0000] {processor.py:183} INFO - Processing /home/airflow/.local/lib/python3.12/site-packages/airflow/example_dags/example_trigger_controller_dag.py took 0.391 seconds
[2026-05-10T14:17:41.349+0000] {processor.py:161} INFO - Started process (PID=20441) to work on /home/airflow/.local/lib/python3.12/site-packages/airflow/example_dags/example_trigger_controller_dag.py
[2026-05-10T14:17:41.370+0000] {processor.py:830} INFO - Processing file /home/airflow/.local/lib/python3.12/site-packages/airflow/example_dags/example_trigger_controller_dag.py for tasks to queue
[2026-05-10T14:17:41.393+0000] {logging_mixin.py:188} INFO - [2026-05-10T14:17:41.393+0000] {dagbag.py:545} INFO - Filling up the DagBag from /home/airflow/.local/lib/python3.12/site-packages/airflow/example_dags/example_trigger_controller_dag.py
[2026-05-10T14:17:41.420+0000] {processor.py:840} INFO - DAG(s) 'example_trigger_controller_dag' retrieved from /home/airflow/.local/lib/python3.12/site-packages/airflow/example_dags/example_trigger_controller_dag.py
[2026-05-10T14:17:41.463+0000] {logging_mixin.py:188} INFO - [2026-05-10T14:17:41.462+0000] {dag.py:3089} INFO - Sync 1 DAGs
[2026-05-10T14:17:41.517+0000] {logging_mixin.py:188} INFO - [2026-05-10T14:17:41.517+0000] {dag.py:3947} INFO - Setting next_dagrun for example_trigger_controller_dag to 2021-01-01 00:00:00+00:00, run_after=2021-01-01 00:00:00+00:00
[2026-05-10T14:17:41.773+0000] {processor.py:183} INFO - Processing /home/airflow/.local/lib/python3.12/site-packages/airflow/example_dags/example_trigger_controller_dag.py took 0.432 seconds
[2026-05-10T14:57:50.748+0000] {processor.py:161} INFO - Started process (PID=20469) to work on /home/airflow/.local/lib/python3.12/site-packages/airflow/example_dags/example_trigger_controller_dag.py
[2026-05-10T14:57:50.750+0000] {processor.py:830} INFO - Processing file /home/airflow/.local/lib/python3.12/site-packages/airflow/example_dags/example_trigger_controller_dag.py for tasks to queue
[2026-05-10T14:57:50.752+0000] {logging_mixin.py:188} INFO - [2026-05-10T14:57:50.751+0000] {dagbag.py:545} INFO - Filling up the DagBag from /home/airflow/.local/lib/python3.12/site-packages/airflow/example_dags/example_trigger_controller_dag.py
[2026-05-10T14:57:50.760+0000] {processor.py:840} INFO - DAG(s) 'example_trigger_controller_dag' retrieved from /home/airflow/.local/lib/python3.12/site-packages/airflow/example_dags/example_trigger_controller_dag.py
[2026-05-10T14:57:50.789+0000] {logging_mixin.py:188} INFO - [2026-05-10T14:57:50.788+0000] {dag.py:3089} INFO - Sync 1 DAGs
[2026-05-10T14:57:50.812+0000] {logging_mixin.py:188} INFO - [2026-05-10T14:57:50.812+0000] {dag.py:3947} INFO - Setting next_dagrun for example_trigger_controller_dag to 2021-01-01 00:00:00+00:00, run_after=2021-01-01 00:00:00+00:00
[2026-05-10T14:57:50.839+0000] {processor.py:183} INFO - Processing /home/airflow/.local/lib/python3.12/site-packages/airflow/example_dags/example_trigger_controller_dag.py took 0.099 seconds
[2026-05-10T14:58:21.292+0000] {processor.py:161} INFO - Started process (PID=20537) to work on /home/airflow/.local/lib/python3.12/site-packages/airflow/example_dags/example_trigger_controller_dag.py
[2026-05-10T14:58:21.293+0000] {processor.py:830} INFO - Processing file /home/airflow/.local/lib/python3.12/site-packages/airflow/example_dags/example_trigger_controller_dag.py for tasks to queue
[2026-05-10T14:58:21.294+0000] {logging_mixin.py:188} INFO - [2026-05-10T14:58:21.294+0000] {dagbag.py:545} INFO - Filling up the DagBag from /home/airflow/.local/lib/python3.12/site-packages/airflow/example_dags/example_trigger_controller_dag.py
[2026-05-10T14:58:21.299+0000] {processor.py:840} INFO - DAG(s) 'example_trigger_controller_dag' retrieved from /home/airflow/.local/lib/python3.12/site-packages/airflow/example_dags/example_trigger_controller_dag.py
[2026-05-10T14:58:21.318+0000] {logging_mixin.py:188} INFO - [2026-05-10T14:58:21.317+0000] {dag.py:3089} INFO - Sync 1 DAGs
[2026-05-10T14:58:21.484+0000] {logging_mixin.py:188} INFO - [2026-05-10T14:58:21.483+0000] {dag.py:3947} INFO - Setting next_dagrun for example_trigger_controller_dag to 2021-01-01 00:00:00+00:00, run_after=2021-01-01 00:00:00+00:00
[2026-05-10T14:58:21.507+0000] {processor.py:183} INFO - Processing /home/airflow/.local/lib/python3.12/site-packages/airflow/example_dags/example_trigger_controller_dag.py took 0.220 seconds
[2026-05-10T14:58:52.243+0000] {processor.py:161} INFO - Started process (PID=20605) to work on /home/airflow/.local/lib/python3.12/site-packages/airflow/example_dags/example_trigger_controller_dag.py
[2026-05-10T14:58:52.244+0000] {processor.py:830} INFO - Processing file /home/airflow/.local/lib/python3.12/site-packages/airflow/example_dags/example_trigger_controller_dag.py for tasks to queue
[2026-05-10T14:58:52.246+0000] {logging_mixin.py:188} INFO - [2026-05-10T14:58:52.245+0000] {dagbag.py:545} INFO - Filling up the DagBag from /home/airflow/.local/lib/python3.12/site-packages/airflow/example_dags/example_trigger_controller_dag.py
[2026-05-10T14:58:52.258+0000] {processor.py:840} INFO - DAG(s) 'example_trigger_controller_dag' retrieved from /home/airflow/.local/lib/python3.12/site-packages/airflow/example_dags/example_trigger_controller_dag.py
[2026-05-10T14:58:52.300+0000] {logging_mixin.py:188} INFO - [2026-05-10T14:58:52.300+0000] {dag.py:3089} INFO - Sync 1 DAGs
[2026-05-10T14:58:52.328+0000] {logging_mixin.py:188} INFO - [2026-05-10T14:58:52.327+0000] {dag.py:3947} INFO - Setting next_dagrun for example_trigger_controller_dag to 2021-01-01 00:00:00+00:00, run_after=2021-01-01 00:00:00+00:00
[2026-05-10T14:58:52.354+0000] {processor.py:183} INFO - Processing /home/airflow/.local/lib/python3.12/site-packages/airflow/example_dags/example_trigger_controller_dag.py took 0.122 seconds
[2026-05-10T14:59:22.977+0000] {processor.py:161} INFO - Started process (PID=20679) to work on /home/airflow/.local/lib/python3.12/site-packages/airflow/example_dags/example_trigger_controller_dag.py
[2026-05-10T14:59:22.978+0000] {processor.py:830} INFO - Processing file /home/airflow/.local/lib/python3.12/site-packages/airflow/example_dags/example_trigger_controller_dag.py for tasks to queue
[2026-05-10T14:59:22.980+0000] {logging_mixin.py:188} INFO - [2026-05-10T14:59:22.979+0000] {dagbag.py:545} INFO - Filling up the DagBag from /home/airflow/.local/lib/python3.12/site-packages/airflow/example_dags/example_trigger_controller_dag.py
[2026-05-10T14:59:22.989+0000] {processor.py:840} INFO - DAG(s) 'example_trigger_controller_dag' retrieved from /home/airflow/.local/lib/python3.12/site-packages/airflow/example_dags/example_trigger_controller_dag.py
[2026-05-10T14:59:23.017+0000] {logging_mixin.py:188} INFO - [2026-05-10T14:59:23.017+0000] {dag.py:3089} INFO - Sync 1 DAGs
[2026-05-10T14:59:23.040+0000] {logging_mixin.py:188} INFO - [2026-05-10T14:59:23.040+0000] {dag.py:3947} INFO - Setting next_dagrun for example_trigger_controller_dag to 2021-01-01 00:00:00+00:00, run_after=2021-01-01 00:00:00+00:00
[2026-05-10T14:59:23.074+0000] {processor.py:183} INFO - Processing /home/airflow/.local/lib/python3.12/site-packages/airflow/example_dags/example_trigger_controller_dag.py took 0.103 seconds
[2026-05-10T14:59:53.254+0000] {processor.py:161} INFO - Started process (PID=20747) to work on /home/airflow/.local/lib/python3.12/site-packages/airflow/example_dags/example_trigger_controller_dag.py
[2026-05-10T14:59:53.256+0000] {processor.py:830} INFO - Processing file /home/airflow/.local/lib/python3.12/site-packages/airflow/example_dags/example_trigger_controller_dag.py for tasks to queue
[2026-05-10T14:59:53.258+0000] {logging_mixin.py:188} INFO - [2026-05-10T14:59:53.258+0000] {dagbag.py:545} INFO - Filling up the DagBag from /home/airflow/.local/lib/python3.12/site-packages/airflow/example_dags/example_trigger_controller_dag.py
[2026-05-10T14:59:53.266+0000] {processor.py:840} INFO - DAG(s) 'example_trigger_controller_dag' retrieved from /home/airflow/.local/lib/python3.12/site-packages/airflow/example_dags/example_trigger_controller_dag.py
[2026-05-10T14:59:53.296+0000] {logging_mixin.py:188} INFO - [2026-05-10T14:59:53.296+0000] {dag.py:3089} INFO - Sync 1 DAGs
[2026-05-10T14:59:53.327+0000] {logging_mixin.py:188} INFO - [2026-05-10T14:59:53.327+0000] {dag.py:3947} INFO - Setting next_dagrun for example_trigger_controller_dag to 2021-01-01 00:00:00+00:00, run_after=2021-01-01 00:00:00+00:00
[2026-05-10T14:59:53.364+0000] {processor.py:183} INFO - Processing /home/airflow/.local/lib/python3.12/site-packages/airflow/example_dags/example_trigger_controller_dag.py took 0.122 seconds
[2026-05-10T15:00:23.484+0000] {processor.py:161} INFO - Started process (PID=20815) to work on /home/airflow/.local/lib/python3.12/site-packages/airflow/example_dags/example_trigger_controller_dag.py
[2026-05-10T15:00:23.487+0000] {processor.py:830} INFO - Processing file /home/airflow/.local/lib/python3.12/site-packages/airflow/example_dags/example_trigger_controller_dag.py for tasks to queue
[2026-05-10T15:00:23.489+0000] {logging_mixin.py:188} INFO - [2026-05-10T15:00:23.488+0000] {dagbag.py:545} INFO - Filling up the DagBag from /home/airflow/.local/lib/python3.12/site-packages/airflow/example_dags/example_trigger_controller_dag.py
[2026-05-10T15:00:23.498+0000] {processor.py:840} INFO - DAG(s) 'example_trigger_controller_dag' retrieved from /home/airflow/.local/lib/python3.12/site-packages/airflow/example_dags/example_trigger_controller_dag.py
[2026-05-10T15:00:23.538+0000] {logging_mixin.py:188} INFO - [2026-05-10T15:00:23.538+0000] {dag.py:3089} INFO - Sync 1 DAGs
[2026-05-10T15:00:23.576+0000] {logging_mixin.py:188} INFO - [2026-05-10T15:00:23.575+0000] {dag.py:3947} INFO - Setting next_dagrun for example_trigger_controller_dag to 2021-01-01 00:00:00+00:00, run_after=2021-01-01 00:00:00+00:00
[2026-05-10T15:00:23.609+0000] {processor.py:183} INFO - Processing /home/airflow/.local/lib/python3.12/site-packages/airflow/example_dags/example_trigger_controller_dag.py took 0.135 seconds
[2026-05-10T15:00:54.462+0000] {processor.py:161} INFO - Started process (PID=20890) to work on /home/airflow/.local/lib/python3.12/site-packages/airflow/example_dags/example_trigger_controller_dag.py
[2026-05-10T15:00:54.464+0000] {processor.py:830} INFO - Processing file /home/airflow/.local/lib/python3.12/site-packages/airflow/example_dags/example_trigger_controller_dag.py for tasks to queue
[2026-05-10T15:00:54.465+0000] {logging_mixin.py:188} INFO - [2026-05-10T15:00:54.465+0000] {dagbag.py:545} INFO - Filling up the DagBag from /home/airflow/.local/lib/python3.12/site-packages/airflow/example_dags/example_trigger_controller_dag.py
[2026-05-10T15:00:54.471+0000] {processor.py:840} INFO - DAG(s) 'example_trigger_controller_dag' retrieved from /home/airflow/.local/lib/python3.12/site-packages/airflow/example_dags/example_trigger_controller_dag.py
[2026-05-10T15:00:54.494+0000] {logging_mixin.py:188} INFO - [2026-05-10T15:00:54.494+0000] {dag.py:3089} INFO - Sync 1 DAGs
[2026-05-10T15:00:54.514+0000] {logging_mixin.py:188} INFO - [2026-05-10T15:00:54.514+0000] {dag.py:3947} INFO - Setting next_dagrun for example_trigger_controller_dag to 2021-01-01 00:00:00+00:00, run_after=2021-01-01 00:00:00+00:00
[2026-05-10T15:00:54.547+0000] {processor.py:183} INFO - Processing /home/airflow/.local/lib/python3.12/site-packages/airflow/example_dags/example_trigger_controller_dag.py took 0.094 seconds
[2026-05-10T15:01:24.976+0000] {processor.py:161} INFO - Started process (PID=20958) to work on /home/airflow/.local/lib/python3.12/site-packages/airflow/example_dags/example_trigger_controller_dag.py
[2026-05-10T15:01:24.980+0000] {processor.py:830} INFO - Processing file /home/airflow/.local/lib/python3.12/site-packages/airflow/example_dags/example_trigger_controller_dag.py for tasks to queue
[2026-05-10T15:01:24.983+0000] {logging_mixin.py:188} INFO - [2026-05-10T15:01:24.982+0000] {dagbag.py:545} INFO - Filling up the DagBag from /home/airflow/.local/lib/python3.12/site-packages/airflow/example_dags/example_trigger_controller_dag.py
[2026-05-10T15:01:24.998+0000] {processor.py:840} INFO - DAG(s) 'example_trigger_controller_dag' retrieved from /home/airflow/.local/lib/python3.12/site-packages/airflow/example_dags/example_trigger_controller_dag.py
[2026-05-10T15:01:25.031+0000] {logging_mixin.py:188} INFO - [2026-05-10T15:01:25.031+0000] {dag.py:3089} INFO - Sync 1 DAGs
[2026-05-10T15:01:25.064+0000] {logging_mixin.py:188} INFO - [2026-05-10T15:01:25.064+0000] {dag.py:3947} INFO - Setting next_dagrun for example_trigger_controller_dag to 2021-01-01 00:00:00+00:00, run_after=2021-01-01 00:00:00+00:00
[2026-05-10T15:01:25.102+0000] {processor.py:183} INFO - Processing /home/airflow/.local/lib/python3.12/site-packages/airflow/example_dags/example_trigger_controller_dag.py took 0.139 seconds
[2026-05-10T15:01:55.307+0000] {processor.py:161} INFO - Started process (PID=21033) to work on /home/airflow/.local/lib/python3.12/site-packages/airflow/example_dags/example_trigger_controller_dag.py
[2026-05-10T15:01:55.308+0000] {processor.py:830} INFO - Processing file /home/airflow/.local/lib/python3.12/site-packages/airflow/example_dags/example_trigger_controller_dag.py for tasks to queue
[2026-05-10T15:01:55.309+0000] {logging_mixin.py:188} INFO - [2026-05-10T15:01:55.309+0000] {dagbag.py:545} INFO - Filling up the DagBag from /home/airflow/.local/lib/python3.12/site-packages/airflow/example_dags/example_trigger_controller_dag.py
[2026-05-10T15:01:55.313+0000] {processor.py:840} INFO - DAG(s) 'example_trigger_controller_dag' retrieved from /home/airflow/.local/lib/python3.12/site-packages/airflow/example_dags/example_trigger_controller_dag.py
[2026-05-10T15:01:55.332+0000] {logging_mixin.py:188} INFO - [2026-05-10T15:01:55.332+0000] {dag.py:3089} INFO - Sync 1 DAGs
[2026-05-10T15:01:55.353+0000] {logging_mixin.py:188} INFO - [2026-05-10T15:01:55.353+0000] {dag.py:3947} INFO - Setting next_dagrun for example_trigger_controller_dag to 2021-01-01 00:00:00+00:00, run_after=2021-01-01 00:00:00+00:00
[2026-05-10T15:01:55.375+0000] {processor.py:183} INFO - Processing /home/airflow/.local/lib/python3.12/site-packages/airflow/example_dags/example_trigger_controller_dag.py took 0.073 seconds
[2026-05-10T15:02:25.625+0000] {processor.py:161} INFO - Started process (PID=21101) to work on /home/airflow/.local/lib/python3.12/site-packages/airflow/example_dags/example_trigger_controller_dag.py
[2026-05-10T15:02:25.628+0000] {processor.py:830} INFO - Processing file /home/airflow/.local/lib/python3.12/site-packages/airflow/example_dags/example_trigger_controller_dag.py for tasks to queue
[2026-05-10T15:02:25.630+0000] {logging_mixin.py:188} INFO - [2026-05-10T15:02:25.630+0000] {dagbag.py:545} INFO - Filling up the DagBag from /home/airflow/.local/lib/python3.12/site-packages/airflow/example_dags/example_trigger_controller_dag.py
[2026-05-10T15:02:25.642+0000] {processor.py:840} INFO - DAG(s) 'example_trigger_controller_dag' retrieved from /home/airflow/.local/lib/python3.12/site-packages/airflow/example_dags/example_trigger_controller_dag.py
[2026-05-10T15:02:25.672+0000] {logging_mixin.py:188} INFO - [2026-05-10T15:02:25.671+0000] {dag.py:3089} INFO - Sync 1 DAGs
[2026-05-10T15:02:25.701+0000] {logging_mixin.py:188} INFO - [2026-05-10T15:02:25.701+0000] {dag.py:3947} INFO - Setting next_dagrun for example_trigger_controller_dag to 2021-01-01 00:00:00+00:00, run_after=2021-01-01 00:00:00+00:00
[2026-05-10T15:02:25.735+0000] {processor.py:183} INFO - Processing /home/airflow/.local/lib/python3.12/site-packages/airflow/example_dags/example_trigger_controller_dag.py took 0.122 seconds
[2026-05-10T15:02:56.133+0000] {processor.py:161} INFO - Started process (PID=21169) to work on /home/airflow/.local/lib/python3.12/site-packages/airflow/example_dags/example_trigger_controller_dag.py
[2026-05-10T15:02:56.134+0000] {processor.py:830} INFO - Processing file /home/airflow/.local/lib/python3.12/site-packages/airflow/example_dags/example_trigger_controller_dag.py for tasks to queue
[2026-05-10T15:02:56.135+0000] {logging_mixin.py:188} INFO - [2026-05-10T15:02:56.135+0000] {dagbag.py:545} INFO - Filling up the DagBag from /home/airflow/.local/lib/python3.12/site-packages/airflow/example_dags/example_trigger_controller_dag.py
[2026-05-10T15:02:56.141+0000] {processor.py:840} INFO - DAG(s) 'example_trigger_controller_dag' retrieved from /home/airflow/.local/lib/python3.12/site-packages/airflow/example_dags/example_trigger_controller_dag.py
[2026-05-10T15:02:56.164+0000] {logging_mixin.py:188} INFO - [2026-05-10T15:02:56.163+0000] {dag.py:3089} INFO - Sync 1 DAGs
[2026-05-10T15:02:56.187+0000] {logging_mixin.py:188} INFO - [2026-05-10T15:02:56.187+0000] {dag.py:3947} INFO - Setting next_dagrun for example_trigger_controller_dag to 2021-01-01 00:00:00+00:00, run_after=2021-01-01 00:00:00+00:00
[2026-05-10T15:02:56.220+0000] {processor.py:183} INFO - Processing /home/airflow/.local/lib/python3.12/site-packages/airflow/example_dags/example_trigger_controller_dag.py took 0.094 seconds
[2026-05-10T15:03:26.534+0000] {processor.py:161} INFO - Started process (PID=21245) to work on /home/airflow/.local/lib/python3.12/site-packages/airflow/example_dags/example_trigger_controller_dag.py
[2026-05-10T15:03:26.535+0000] {processor.py:830} INFO - Processing file /home/airflow/.local/lib/python3.12/site-packages/airflow/example_dags/example_trigger_controller_dag.py for tasks to queue
[2026-05-10T15:03:26.537+0000] {logging_mixin.py:188} INFO - [2026-05-10T15:03:26.536+0000] {dagbag.py:545} INFO - Filling up the DagBag from /home/airflow/.local/lib/python3.12/site-packages/airflow/example_dags/example_trigger_controller_dag.py
[2026-05-10T15:03:26.549+0000] {processor.py:840} INFO - DAG(s) 'example_trigger_controller_dag' retrieved from /home/airflow/.local/lib/python3.12/site-packages/airflow/example_dags/example_trigger_controller_dag.py
[2026-05-10T15:03:26.579+0000] {logging_mixin.py:188} INFO - [2026-05-10T15:03:26.579+0000] {dag.py:3089} INFO - Sync 1 DAGs
[2026-05-10T15:03:26.607+0000] {logging_mixin.py:188} INFO - [2026-05-10T15:03:26.607+0000] {dag.py:3947} INFO - Setting next_dagrun for example_trigger_controller_dag to 2021-01-01 00:00:00+00:00, run_after=2021-01-01 00:00:00+00:00
[2026-05-10T15:03:26.632+0000] {processor.py:183} INFO - Processing /home/airflow/.local/lib/python3.12/site-packages/airflow/example_dags/example_trigger_controller_dag.py took 0.109 seconds
[2026-05-10T15:03:56.783+0000] {processor.py:161} INFO - Started process (PID=21313) to work on /home/airflow/.local/lib/python3.12/site-packages/airflow/example_dags/example_trigger_controller_dag.py
[2026-05-10T15:03:56.785+0000] {processor.py:830} INFO - Processing file /home/airflow/.local/lib/python3.12/site-packages/airflow/example_dags/example_trigger_controller_dag.py for tasks to queue
[2026-05-10T15:03:56.786+0000] {logging_mixin.py:188} INFO - [2026-05-10T15:03:56.786+0000] {dagbag.py:545} INFO - Filling up the DagBag from /home/airflow/.local/lib/python3.12/site-packages/airflow/example_dags/example_trigger_controller_dag.py
[2026-05-10T15:03:56.792+0000] {processor.py:840} INFO - DAG(s) 'example_trigger_controller_dag' retrieved from /home/airflow/.local/lib/python3.12/site-packages/airflow/example_dags/example_trigger_controller_dag.py
[2026-05-10T15:03:56.812+0000] {logging_mixin.py:188} INFO - [2026-05-10T15:03:56.812+0000] {dag.py:3089} INFO - Sync 1 DAGs
[2026-05-10T15:03:56.838+0000] {logging_mixin.py:188} INFO - [2026-05-10T15:03:56.838+0000] {dag.py:3947} INFO - Setting next_dagrun for example_trigger_controller_dag to 2021-01-01 00:00:00+00:00, run_after=2021-01-01 00:00:00+00:00
[2026-05-10T15:03:56.872+0000] {processor.py:183} INFO - Processing /home/airflow/.local/lib/python3.12/site-packages/airflow/example_dags/example_trigger_controller_dag.py took 0.098 seconds
[2026-05-10T15:04:27.494+0000] {processor.py:161} INFO - Started process (PID=21381) to work on /home/airflow/.local/lib/python3.12/site-packages/airflow/example_dags/example_trigger_controller_dag.py
[2026-05-10T15:04:27.496+0000] {processor.py:830} INFO - Processing file /home/airflow/.local/lib/python3.12/site-packages/airflow/example_dags/example_trigger_controller_dag.py for tasks to queue
[2026-05-10T15:04:27.497+0000] {logging_mixin.py:188} INFO - [2026-05-10T15:04:27.497+0000] {dagbag.py:545} INFO - Filling up the DagBag from /home/airflow/.local/lib/python3.12/site-packages/airflow/example_dags/example_trigger_controller_dag.py
[2026-05-10T15:04:27.504+0000] {processor.py:840} INFO - DAG(s) 'example_trigger_controller_dag' retrieved from /home/airflow/.local/lib/python3.12/site-packages/airflow/example_dags/example_trigger_controller_dag.py
[2026-05-10T15:04:27.531+0000] {logging_mixin.py:188} INFO - [2026-05-10T15:04:27.531+0000] {dag.py:3089} INFO - Sync 1 DAGs
[2026-05-10T15:04:27.553+0000] {logging_mixin.py:188} INFO - [2026-05-10T15:04:27.552+0000] {dag.py:3947} INFO - Setting next_dagrun for example_trigger_controller_dag to 2021-01-01 00:00:00+00:00, run_after=2021-01-01 00:00:00+00:00
[2026-05-10T15:04:27.575+0000] {processor.py:183} INFO - Processing /home/airflow/.local/lib/python3.12/site-packages/airflow/example_dags/example_trigger_controller_dag.py took 0.087 seconds
[2026-05-10T15:04:58.368+0000] {processor.py:161} INFO - Started process (PID=21456) to work on /home/airflow/.local/lib/python3.12/site-packages/airflow/example_dags/example_trigger_controller_dag.py
[2026-05-10T15:04:58.370+0000] {processor.py:830} INFO - Processing file /home/airflow/.local/lib/python3.12/site-packages/airflow/example_dags/example_trigger_controller_dag.py for tasks to queue
[2026-05-10T15:04:58.383+0000] {logging_mixin.py:188} INFO - [2026-05-10T15:04:58.382+0000] {dagbag.py:545} INFO - Filling up the DagBag from /home/airflow/.local/lib/python3.12/site-packages/airflow/example_dags/example_trigger_controller_dag.py
[2026-05-10T15:04:58.397+0000] {processor.py:840} INFO - DAG(s) 'example_trigger_controller_dag' retrieved from /home/airflow/.local/lib/python3.12/site-packages/airflow/example_dags/example_trigger_controller_dag.py
[2026-05-10T15:04:58.433+0000] {logging_mixin.py:188} INFO - [2026-05-10T15:04:58.432+0000] {dag.py:3089} INFO - Sync 1 DAGs
[2026-05-10T15:04:58.454+0000] {logging_mixin.py:188} INFO - [2026-05-10T15:04:58.454+0000] {dag.py:3947} INFO - Setting next_dagrun for example_trigger_controller_dag to 2021-01-01 00:00:00+00:00, run_after=2021-01-01 00:00:00+00:00
[2026-05-10T15:04:58.476+0000] {processor.py:183} INFO - Processing /home/airflow/.local/lib/python3.12/site-packages/airflow/example_dags/example_trigger_controller_dag.py took 0.119 seconds
[2026-05-10T15:05:28.745+0000] {processor.py:161} INFO - Started process (PID=21524) to work on /home/airflow/.local/lib/python3.12/site-packages/airflow/example_dags/example_trigger_controller_dag.py
[2026-05-10T15:05:28.746+0000] {processor.py:830} INFO - Processing file /home/airflow/.local/lib/python3.12/site-packages/airflow/example_dags/example_trigger_controller_dag.py for tasks to queue
[2026-05-10T15:05:28.748+0000] {logging_mixin.py:188} INFO - [2026-05-10T15:05:28.747+0000] {dagbag.py:545} INFO - Filling up the DagBag from /home/airflow/.local/lib/python3.12/site-packages/airflow/example_dags/example_trigger_controller_dag.py
[2026-05-10T15:05:28.752+0000] {processor.py:840} INFO - DAG(s) 'example_trigger_controller_dag' retrieved from /home/airflow/.local/lib/python3.12/site-packages/airflow/example_dags/example_trigger_controller_dag.py
[2026-05-10T15:05:28.775+0000] {logging_mixin.py:188} INFO - [2026-05-10T15:05:28.775+0000] {dag.py:3089} INFO - Sync 1 DAGs
[2026-05-10T15:05:28.795+0000] {logging_mixin.py:188} INFO - [2026-05-10T15:05:28.794+0000] {dag.py:3947} INFO - Setting next_dagrun for example_trigger_controller_dag to 2021-01-01 00:00:00+00:00, run_after=2021-01-01 00:00:00+00:00
[2026-05-10T15:05:28.818+0000] {processor.py:183} INFO - Processing /home/airflow/.local/lib/python3.12/site-packages/airflow/example_dags/example_trigger_controller_dag.py took 0.080 seconds
[2026-05-10T15:05:59.089+0000] {processor.py:161} INFO - Started process (PID=21592) to work on /home/airflow/.local/lib/python3.12/site-packages/airflow/example_dags/example_trigger_controller_dag.py
[2026-05-10T15:05:59.091+0000] {processor.py:830} INFO - Processing file /home/airflow/.local/lib/python3.12/site-packages/airflow/example_dags/example_trigger_controller_dag.py for tasks to queue
[2026-05-10T15:05:59.094+0000] {logging_mixin.py:188} INFO - [2026-05-10T15:05:59.093+0000] {dagbag.py:545} INFO - Filling up the DagBag from /home/airflow/.local/lib/python3.12/site-packages/airflow/example_dags/example_trigger_controller_dag.py
[2026-05-10T15:05:59.102+0000] {processor.py:840} INFO - DAG(s) 'example_trigger_controller_dag' retrieved from /home/airflow/.local/lib/python3.12/site-packages/airflow/example_dags/example_trigger_controller_dag.py
[2026-05-10T15:05:59.136+0000] {logging_mixin.py:188} INFO - [2026-05-10T15:05:59.135+0000] {dag.py:3089} INFO - Sync 1 DAGs
[2026-05-10T15:05:59.164+0000] {logging_mixin.py:188} INFO - [2026-05-10T15:05:59.164+0000] {dag.py:3947} INFO - Setting next_dagrun for example_trigger_controller_dag to 2021-01-01 00:00:00+00:00, run_after=2021-01-01 00:00:00+00:00
[2026-05-10T15:05:59.189+0000] {processor.py:183} INFO - Processing /home/airflow/.local/lib/python3.12/site-packages/airflow/example_dags/example_trigger_controller_dag.py took 0.113 seconds
[2026-05-10T15:06:29.547+0000] {processor.py:161} INFO - Started process (PID=21668) to work on /home/airflow/.local/lib/python3.12/site-packages/airflow/example_dags/example_trigger_controller_dag.py
[2026-05-10T15:06:29.551+0000] {processor.py:830} INFO - Processing file /home/airflow/.local/lib/python3.12/site-packages/airflow/example_dags/example_trigger_controller_dag.py for tasks to queue
[2026-05-10T15:06:29.553+0000] {logging_mixin.py:188} INFO - [2026-05-10T15:06:29.552+0000] {dagbag.py:545} INFO - Filling up the DagBag from /home/airflow/.local/lib/python3.12/site-packages/airflow/example_dags/example_trigger_controller_dag.py
[2026-05-10T15:06:29.560+0000] {processor.py:840} INFO - DAG(s) 'example_trigger_controller_dag' retrieved from /home/airflow/.local/lib/python3.12/site-packages/airflow/example_dags/example_trigger_controller_dag.py
[2026-05-10T15:06:29.586+0000] {logging_mixin.py:188} INFO - [2026-05-10T15:06:29.586+0000] {dag.py:3089} INFO - Sync 1 DAGs
[2026-05-10T15:06:29.607+0000] {logging_mixin.py:188} INFO - [2026-05-10T15:06:29.607+0000] {dag.py:3947} INFO - Setting next_dagrun for example_trigger_controller_dag to 2021-01-01 00:00:00+00:00, run_after=2021-01-01 00:00:00+00:00
[2026-05-10T15:06:29.625+0000] {processor.py:183} INFO - Processing /home/airflow/.local/lib/python3.12/site-packages/airflow/example_dags/example_trigger_controller_dag.py took 0.083 seconds
[2026-05-10T15:07:00.136+0000] {processor.py:161} INFO - Started process (PID=21736) to work on /home/airflow/.local/lib/python3.12/site-packages/airflow/example_dags/example_trigger_controller_dag.py
[2026-05-10T15:07:00.139+0000] {processor.py:830} INFO - Processing file /home/airflow/.local/lib/python3.12/site-packages/airflow/example_dags/example_trigger_controller_dag.py for tasks to queue
[2026-05-10T15:07:00.144+0000] {logging_mixin.py:188} INFO - [2026-05-10T15:07:00.143+0000] {dagbag.py:545} INFO - Filling up the DagBag from /home/airflow/.local/lib/python3.12/site-packages/airflow/example_dags/example_trigger_controller_dag.py
[2026-05-10T15:07:00.154+0000] {processor.py:840} INFO - DAG(s) 'example_trigger_controller_dag' retrieved from /home/airflow/.local/lib/python3.12/site-packages/airflow/example_dags/example_trigger_controller_dag.py
[2026-05-10T15:07:00.190+0000] {logging_mixin.py:188} INFO - [2026-05-10T15:07:00.189+0000] {dag.py:3089} INFO - Sync 1 DAGs
[2026-05-10T15:07:00.228+0000] {logging_mixin.py:188} INFO - [2026-05-10T15:07:00.227+0000] {dag.py:3947} INFO - Setting next_dagrun for example_trigger_controller_dag to 2021-01-01 00:00:00+00:00, run_after=2021-01-01 00:00:00+00:00
[2026-05-10T15:07:00.262+0000] {processor.py:183} INFO - Processing /home/airflow/.local/lib/python3.12/site-packages/airflow/example_dags/example_trigger_controller_dag.py took 0.136 seconds
[2026-05-10T15:07:30.510+0000] {processor.py:161} INFO - Started process (PID=21804) to work on /home/airflow/.local/lib/python3.12/site-packages/airflow/example_dags/example_trigger_controller_dag.py
[2026-05-10T15:07:30.512+0000] {processor.py:830} INFO - Processing file /home/airflow/.local/lib/python3.12/site-packages/airflow/example_dags/example_trigger_controller_dag.py for tasks to queue
[2026-05-10T15:07:30.513+0000] {logging_mixin.py:188} INFO - [2026-05-10T15:07:30.513+0000] {dagbag.py:545} INFO - Filling up the DagBag from /home/airflow/.local/lib/python3.12/site-packages/airflow/example_dags/example_trigger_controller_dag.py
[2026-05-10T15:07:30.523+0000] {processor.py:840} INFO - DAG(s) 'example_trigger_controller_dag' retrieved from /home/airflow/.local/lib/python3.12/site-packages/airflow/example_dags/example_trigger_controller_dag.py
[2026-05-10T15:07:30.558+0000] {logging_mixin.py:188} INFO - [2026-05-10T15:07:30.558+0000] {dag.py:3089} INFO - Sync 1 DAGs
[2026-05-10T15:07:30.584+0000] {logging_mixin.py:188} INFO - [2026-05-10T15:07:30.584+0000] {dag.py:3947} INFO - Setting next_dagrun for example_trigger_controller_dag to 2021-01-01 00:00:00+00:00, run_after=2021-01-01 00:00:00+00:00
[2026-05-10T15:07:30.610+0000] {processor.py:183} INFO - Processing /home/airflow/.local/lib/python3.12/site-packages/airflow/example_dags/example_trigger_controller_dag.py took 0.110 seconds
[2026-05-10T15:08:00.977+0000] {processor.py:161} INFO - Started process (PID=21879) to work on /home/airflow/.local/lib/python3.12/site-packages/airflow/example_dags/example_trigger_controller_dag.py
[2026-05-10T15:08:00.978+0000] {processor.py:830} INFO - Processing file /home/airflow/.local/lib/python3.12/site-packages/airflow/example_dags/example_trigger_controller_dag.py for tasks to queue
[2026-05-10T15:08:00.980+0000] {logging_mixin.py:188} INFO - [2026-05-10T15:08:00.979+0000] {dagbag.py:545} INFO - Filling up the DagBag from /home/airflow/.local/lib/python3.12/site-packages/airflow/example_dags/example_trigger_controller_dag.py
[2026-05-10T15:08:00.987+0000] {processor.py:840} INFO - DAG(s) 'example_trigger_controller_dag' retrieved from /home/airflow/.local/lib/python3.12/site-packages/airflow/example_dags/example_trigger_controller_dag.py
[2026-05-10T15:08:01.019+0000] {logging_mixin.py:188} INFO - [2026-05-10T15:08:01.018+0000] {dag.py:3089} INFO - Sync 1 DAGs
[2026-05-10T15:08:01.055+0000] {logging_mixin.py:188} INFO - [2026-05-10T15:08:01.055+0000] {dag.py:3947} INFO - Setting next_dagrun for example_trigger_controller_dag to 2021-01-01 00:00:00+00:00, run_after=2021-01-01 00:00:00+00:00
[2026-05-10T15:08:01.088+0000] {processor.py:183} INFO - Processing /home/airflow/.local/lib/python3.12/site-packages/airflow/example_dags/example_trigger_controller_dag.py took 0.124 seconds
[2026-05-10T15:08:31.603+0000] {processor.py:161} INFO - Started process (PID=21947) to work on /home/airflow/.local/lib/python3.12/site-packages/airflow/example_dags/example_trigger_controller_dag.py
[2026-05-10T15:08:31.604+0000] {processor.py:830} INFO - Processing file /home/airflow/.local/lib/python3.12/site-packages/airflow/example_dags/example_trigger_controller_dag.py for tasks to queue
[2026-05-10T15:08:31.607+0000] {logging_mixin.py:188} INFO - [2026-05-10T15:08:31.606+0000] {dagbag.py:545} INFO - Filling up the DagBag from /home/airflow/.local/lib/python3.12/site-packages/airflow/example_dags/example_trigger_controller_dag.py
[2026-05-10T15:08:31.612+0000] {processor.py:840} INFO - DAG(s) 'example_trigger_controller_dag' retrieved from /home/airflow/.local/lib/python3.12/site-packages/airflow/example_dags/example_trigger_controller_dag.py
[2026-05-10T15:08:31.636+0000] {logging_mixin.py:188} INFO - [2026-05-10T15:08:31.635+0000] {dag.py:3089} INFO - Sync 1 DAGs
[2026-05-10T15:08:31.664+0000] {logging_mixin.py:188} INFO - [2026-05-10T15:08:31.664+0000] {dag.py:3947} INFO - Setting next_dagrun for example_trigger_controller_dag to 2021-01-01 00:00:00+00:00, run_after=2021-01-01 00:00:00+00:00
[2026-05-10T15:08:31.696+0000] {processor.py:183} INFO - Processing /home/airflow/.local/lib/python3.12/site-packages/airflow/example_dags/example_trigger_controller_dag.py took 0.100 seconds
[2026-05-10T15:09:01.808+0000] {processor.py:161} INFO - Started process (PID=22021) to work on /home/airflow/.local/lib/python3.12/site-packages/airflow/example_dags/example_trigger_controller_dag.py
[2026-05-10T15:09:01.809+0000] {processor.py:830} INFO - Processing file /home/airflow/.local/lib/python3.12/site-packages/airflow/example_dags/example_trigger_controller_dag.py for tasks to queue
[2026-05-10T15:09:01.810+0000] {logging_mixin.py:188} INFO - [2026-05-10T15:09:01.810+0000] {dagbag.py:545} INFO - Filling up the DagBag from /home/airflow/.local/lib/python3.12/site-packages/airflow/example_dags/example_trigger_controller_dag.py
[2026-05-10T15:09:01.814+0000] {processor.py:840} INFO - DAG(s) 'example_trigger_controller_dag' retrieved from /home/airflow/.local/lib/python3.12/site-packages/airflow/example_dags/example_trigger_controller_dag.py
[2026-05-10T15:09:01.833+0000] {logging_mixin.py:188} INFO - [2026-05-10T15:09:01.833+0000] {dag.py:3089} INFO - Sync 1 DAGs
[2026-05-10T15:09:01.854+0000] {logging_mixin.py:188} INFO - [2026-05-10T15:09:01.854+0000] {dag.py:3947} INFO - Setting next_dagrun for example_trigger_controller_dag to 2021-01-01 00:00:00+00:00, run_after=2021-01-01 00:00:00+00:00
[2026-05-10T15:09:01.879+0000] {processor.py:183} INFO - Processing /home/airflow/.local/lib/python3.12/site-packages/airflow/example_dags/example_trigger_controller_dag.py took 0.075 seconds
[2026-05-10T15:09:32.202+0000] {processor.py:161} INFO - Started process (PID=22089) to work on /home/airflow/.local/lib/python3.12/site-packages/airflow/example_dags/example_trigger_controller_dag.py
[2026-05-10T15:09:32.204+0000] {processor.py:830} INFO - Processing file /home/airflow/.local/lib/python3.12/site-packages/airflow/example_dags/example_trigger_controller_dag.py for tasks to queue
[2026-05-10T15:09:32.207+0000] {logging_mixin.py:188} INFO - [2026-05-10T15:09:32.206+0000] {dagbag.py:545} INFO - Filling up the DagBag from /home/airflow/.local/lib/python3.12/site-packages/airflow/example_dags/example_trigger_controller_dag.py
[2026-05-10T15:09:32.219+0000] {processor.py:840} INFO - DAG(s) 'example_trigger_controller_dag' retrieved from /home/airflow/.local/lib/python3.12/site-packages/airflow/example_dags/example_trigger_controller_dag.py
[2026-05-10T15:09:32.255+0000] {logging_mixin.py:188} INFO - [2026-05-10T15:09:32.255+0000] {dag.py:3089} INFO - Sync 1 DAGs
[2026-05-10T15:09:32.299+0000] {logging_mixin.py:188} INFO - [2026-05-10T15:09:32.298+0000] {dag.py:3947} INFO - Setting next_dagrun for example_trigger_controller_dag to 2021-01-01 00:00:00+00:00, run_after=2021-01-01 00:00:00+00:00
[2026-05-10T15:09:32.335+0000] {processor.py:183} INFO - Processing /home/airflow/.local/lib/python3.12/site-packages/airflow/example_dags/example_trigger_controller_dag.py took 0.146 seconds
[2026-05-10T15:10:02.478+0000] {processor.py:161} INFO - Started process (PID=22157) to work on /home/airflow/.local/lib/python3.12/site-packages/airflow/example_dags/example_trigger_controller_dag.py
[2026-05-10T15:10:02.481+0000] {processor.py:830} INFO - Processing file /home/airflow/.local/lib/python3.12/site-packages/airflow/example_dags/example_trigger_controller_dag.py for tasks to queue
[2026-05-10T15:10:02.482+0000] {logging_mixin.py:188} INFO - [2026-05-10T15:10:02.482+0000] {dagbag.py:545} INFO - Filling up the DagBag from /home/airflow/.local/lib/python3.12/site-packages/airflow/example_dags/example_trigger_controller_dag.py
[2026-05-10T15:10:02.488+0000] {processor.py:840} INFO - DAG(s) 'example_trigger_controller_dag' retrieved from /home/airflow/.local/lib/python3.12/site-packages/airflow/example_dags/example_trigger_controller_dag.py
[2026-05-10T15:10:02.513+0000] {logging_mixin.py:188} INFO - [2026-05-10T15:10:02.513+0000] {dag.py:3089} INFO - Sync 1 DAGs
[2026-05-10T15:10:02.535+0000] {logging_mixin.py:188} INFO - [2026-05-10T15:10:02.535+0000] {dag.py:3947} INFO - Setting next_dagrun for example_trigger_controller_dag to 2021-01-01 00:00:00+00:00, run_after=2021-01-01 00:00:00+00:00
[2026-05-10T15:10:02.560+0000] {processor.py:183} INFO - Processing /home/airflow/.local/lib/python3.12/site-packages/airflow/example_dags/example_trigger_controller_dag.py took 0.093 seconds
[2026-05-10T15:10:32.954+0000] {processor.py:161} INFO - Started process (PID=22232) to work on /home/airflow/.local/lib/python3.12/site-packages/airflow/example_dags/example_trigger_controller_dag.py
[2026-05-10T15:10:32.955+0000] {processor.py:830} INFO - Processing file /home/airflow/.local/lib/python3.12/site-packages/airflow/example_dags/example_trigger_controller_dag.py for tasks to queue
[2026-05-10T15:10:32.956+0000] {logging_mixin.py:188} INFO - [2026-05-10T15:10:32.955+0000] {dagbag.py:545} INFO - Filling up the DagBag from /home/airflow/.local/lib/python3.12/site-packages/airflow/example_dags/example_trigger_controller_dag.py
[2026-05-10T15:10:32.968+0000] {processor.py:840} INFO - DAG(s) 'example_trigger_controller_dag' retrieved from /home/airflow/.local/lib/python3.12/site-packages/airflow/example_dags/example_trigger_controller_dag.py
[2026-05-10T15:10:32.991+0000] {logging_mixin.py:188} INFO - [2026-05-10T15:10:32.991+0000] {dag.py:3089} INFO - Sync 1 DAGs
[2026-05-10T15:10:33.010+0000] {logging_mixin.py:188} INFO - [2026-05-10T15:10:33.009+0000] {dag.py:3947} INFO - Setting next_dagrun for example_trigger_controller_dag to 2021-01-01 00:00:00+00:00, run_after=2021-01-01 00:00:00+00:00
[2026-05-10T15:10:33.035+0000] {processor.py:183} INFO - Processing /home/airflow/.local/lib/python3.12/site-packages/airflow/example_dags/example_trigger_controller_dag.py took 0.088 seconds
[2026-05-10T15:11:03.677+0000] {processor.py:161} INFO - Started process (PID=22299) to work on /home/airflow/.local/lib/python3.12/site-packages/airflow/example_dags/example_trigger_controller_dag.py
[2026-05-10T15:11:03.679+0000] {processor.py:830} INFO - Processing file /home/airflow/.local/lib/python3.12/site-packages/airflow/example_dags/example_trigger_controller_dag.py for tasks to queue
[2026-05-10T15:11:03.680+0000] {logging_mixin.py:188} INFO - [2026-05-10T15:11:03.680+0000] {dagbag.py:545} INFO - Filling up the DagBag from /home/airflow/.local/lib/python3.12/site-packages/airflow/example_dags/example_trigger_controller_dag.py
[2026-05-10T15:11:03.686+0000] {processor.py:840} INFO - DAG(s) 'example_trigger_controller_dag' retrieved from /home/airflow/.local/lib/python3.12/site-packages/airflow/example_dags/example_trigger_controller_dag.py
[2026-05-10T15:11:03.720+0000] {logging_mixin.py:188} INFO - [2026-05-10T15:11:03.720+0000] {dag.py:3089} INFO - Sync 1 DAGs
[2026-05-10T15:11:03.746+0000] {logging_mixin.py:188} INFO - [2026-05-10T15:11:03.745+0000] {dag.py:3947} INFO - Setting next_dagrun for example_trigger_controller_dag to 2021-01-01 00:00:00+00:00, run_after=2021-01-01 00:00:00+00:00
[2026-05-10T15:11:03.770+0000] {processor.py:183} INFO - Processing /home/airflow/.local/lib/python3.12/site-packages/airflow/example_dags/example_trigger_controller_dag.py took 0.105 seconds
[2026-05-10T15:11:34.241+0000] {processor.py:161} INFO - Started process (PID=22367) to work on /home/airflow/.local/lib/python3.12/site-packages/airflow/example_dags/example_trigger_controller_dag.py
[2026-05-10T15:11:34.243+0000] {processor.py:830} INFO - Processing file /home/airflow/.local/lib/python3.12/site-packages/airflow/example_dags/example_trigger_controller_dag.py for tasks to queue
[2026-05-10T15:11:34.244+0000] {logging_mixin.py:188} INFO - [2026-05-10T15:11:34.244+0000] {dagbag.py:545} INFO - Filling up the DagBag from /home/airflow/.local/lib/python3.12/site-packages/airflow/example_dags/example_trigger_controller_dag.py
[2026-05-10T15:11:34.253+0000] {processor.py:840} INFO - DAG(s) 'example_trigger_controller_dag' retrieved from /home/airflow/.local/lib/python3.12/site-packages/airflow/example_dags/example_trigger_controller_dag.py
[2026-05-10T15:11:34.288+0000] {logging_mixin.py:188} INFO - [2026-05-10T15:11:34.288+0000] {dag.py:3089} INFO - Sync 1 DAGs
[2026-05-10T15:11:34.310+0000] {logging_mixin.py:188} INFO - [2026-05-10T15:11:34.310+0000] {dag.py:3947} INFO - Setting next_dagrun for example_trigger_controller_dag to 2021-01-01 00:00:00+00:00, run_after=2021-01-01 00:00:00+00:00
[2026-05-10T15:11:34.328+0000] {processor.py:183} INFO - Processing /home/airflow/.local/lib/python3.12/site-packages/airflow/example_dags/example_trigger_controller_dag.py took 0.098 seconds
[2026-05-10T15:12:04.510+0000] {processor.py:161} INFO - Started process (PID=22442) to work on /home/airflow/.local/lib/python3.12/site-packages/airflow/example_dags/example_trigger_controller_dag.py
[2026-05-10T15:12:04.513+0000] {processor.py:830} INFO - Processing file /home/airflow/.local/lib/python3.12/site-packages/airflow/example_dags/example_trigger_controller_dag.py for tasks to queue
[2026-05-10T15:12:04.516+0000] {logging_mixin.py:188} INFO - [2026-05-10T15:12:04.515+0000] {dagbag.py:545} INFO - Filling up the DagBag from /home/airflow/.local/lib/python3.12/site-packages/airflow/example_dags/example_trigger_controller_dag.py
[2026-05-10T15:12:04.528+0000] {processor.py:840} INFO - DAG(s) 'example_trigger_controller_dag' retrieved from /home/airflow/.local/lib/python3.12/site-packages/airflow/example_dags/example_trigger_controller_dag.py
[2026-05-10T15:12:04.578+0000] {logging_mixin.py:188} INFO - [2026-05-10T15:12:04.577+0000] {dag.py:3089} INFO - Sync 1 DAGs
[2026-05-10T15:12:04.613+0000] {logging_mixin.py:188} INFO - [2026-05-10T15:12:04.612+0000] {dag.py:3947} INFO - Setting next_dagrun for example_trigger_controller_dag to 2021-01-01 00:00:00+00:00, run_after=2021-01-01 00:00:00+00:00
[2026-05-10T15:12:04.650+0000] {processor.py:183} INFO - Processing /home/airflow/.local/lib/python3.12/site-packages/airflow/example_dags/example_trigger_controller_dag.py took 0.155 seconds
[2026-05-10T15:12:35.128+0000] {processor.py:161} INFO - Started process (PID=22510) to work on /home/airflow/.local/lib/python3.12/site-packages/airflow/example_dags/example_trigger_controller_dag.py
[2026-05-10T15:12:35.131+0000] {processor.py:830} INFO - Processing file /home/airflow/.local/lib/python3.12/site-packages/airflow/example_dags/example_trigger_controller_dag.py for tasks to queue
[2026-05-10T15:12:35.134+0000] {logging_mixin.py:188} INFO - [2026-05-10T15:12:35.134+0000] {dagbag.py:545} INFO - Filling up the DagBag from /home/airflow/.local/lib/python3.12/site-packages/airflow/example_dags/example_trigger_controller_dag.py
[2026-05-10T15:12:35.146+0000] {processor.py:840} INFO - DAG(s) 'example_trigger_controller_dag' retrieved from /home/airflow/.local/lib/python3.12/site-packages/airflow/example_dags/example_trigger_controller_dag.py
[2026-05-10T15:12:35.188+0000] {logging_mixin.py:188} INFO - [2026-05-10T15:12:35.187+0000] {dag.py:3089} INFO - Sync 1 DAGs
[2026-05-10T15:12:35.241+0000] {logging_mixin.py:188} INFO - [2026-05-10T15:12:35.240+0000] {dag.py:3947} INFO - Setting next_dagrun for example_trigger_controller_dag to 2021-01-01 00:00:00+00:00, run_after=2021-01-01 00:00:00+00:00
[2026-05-10T15:12:35.271+0000] {processor.py:183} INFO - Processing /home/airflow/.local/lib/python3.12/site-packages/airflow/example_dags/example_trigger_controller_dag.py took 0.151 seconds
[2026-05-10T15:13:05.438+0000] {processor.py:161} INFO - Started process (PID=22579) to work on /home/airflow/.local/lib/python3.12/site-packages/airflow/example_dags/example_trigger_controller_dag.py
[2026-05-10T15:13:05.439+0000] {processor.py:830} INFO - Processing file /home/airflow/.local/lib/python3.12/site-packages/airflow/example_dags/example_trigger_controller_dag.py for tasks to queue
[2026-05-10T15:13:05.440+0000] {logging_mixin.py:188} INFO - [2026-05-10T15:13:05.440+0000] {dagbag.py:545} INFO - Filling up the DagBag from /home/airflow/.local/lib/python3.12/site-packages/airflow/example_dags/example_trigger_controller_dag.py
[2026-05-10T15:13:05.445+0000] {processor.py:840} INFO - DAG(s) 'example_trigger_controller_dag' retrieved from /home/airflow/.local/lib/python3.12/site-packages/airflow/example_dags/example_trigger_controller_dag.py
[2026-05-10T15:13:05.465+0000] {logging_mixin.py:188} INFO - [2026-05-10T15:13:05.465+0000] {dag.py:3089} INFO - Sync 1 DAGs
[2026-05-10T15:13:05.483+0000] {logging_mixin.py:188} INFO - [2026-05-10T15:13:05.482+0000] {dag.py:3947} INFO - Setting next_dagrun for example_trigger_controller_dag to 2021-01-01 00:00:00+00:00, run_after=2021-01-01 00:00:00+00:00
[2026-05-10T15:13:05.506+0000] {processor.py:183} INFO - Processing /home/airflow/.local/lib/python3.12/site-packages/airflow/example_dags/example_trigger_controller_dag.py took 0.073 seconds
[2026-05-10T15:13:35.764+0000] {processor.py:161} INFO - Started process (PID=22655) to work on /home/airflow/.local/lib/python3.12/site-packages/airflow/example_dags/example_trigger_controller_dag.py
[2026-05-10T15:13:35.765+0000] {processor.py:830} INFO - Processing file /home/airflow/.local/lib/python3.12/site-packages/airflow/example_dags/example_trigger_controller_dag.py for tasks to queue
[2026-05-10T15:13:35.766+0000] {logging_mixin.py:188} INFO - [2026-05-10T15:13:35.766+0000] {dagbag.py:545} INFO - Filling up the DagBag from /home/airflow/.local/lib/python3.12/site-packages/airflow/example_dags/example_trigger_controller_dag.py
[2026-05-10T15:13:35.771+0000] {processor.py:840} INFO - DAG(s) 'example_trigger_controller_dag' retrieved from /home/airflow/.local/lib/python3.12/site-packages/airflow/example_dags/example_trigger_controller_dag.py
[2026-05-10T15:13:35.789+0000] {logging_mixin.py:188} INFO - [2026-05-10T15:13:35.789+0000] {dag.py:3089} INFO - Sync 1 DAGs
[2026-05-10T15:13:35.808+0000] {logging_mixin.py:188} INFO - [2026-05-10T15:13:35.808+0000] {dag.py:3947} INFO - Setting next_dagrun for example_trigger_controller_dag to 2021-01-01 00:00:00+00:00, run_after=2021-01-01 00:00:00+00:00
[2026-05-10T15:13:35.828+0000] {processor.py:183} INFO - Processing /home/airflow/.local/lib/python3.12/site-packages/airflow/example_dags/example_trigger_controller_dag.py took 0.069 seconds
[2026-05-10T15:14:06.242+0000] {processor.py:161} INFO - Started process (PID=22723) to work on /home/airflow/.local/lib/python3.12/site-packages/airflow/example_dags/example_trigger_controller_dag.py
[2026-05-10T15:14:06.244+0000] {processor.py:830} INFO - Processing file /home/airflow/.local/lib/python3.12/site-packages/airflow/example_dags/example_trigger_controller_dag.py for tasks to queue
[2026-05-10T15:14:06.246+0000] {logging_mixin.py:188} INFO - [2026-05-10T15:14:06.245+0000] {dagbag.py:545} INFO - Filling up the DagBag from /home/airflow/.local/lib/python3.12/site-packages/airflow/example_dags/example_trigger_controller_dag.py
[2026-05-10T15:14:06.253+0000] {processor.py:840} INFO - DAG(s) 'example_trigger_controller_dag' retrieved from /home/airflow/.local/lib/python3.12/site-packages/airflow/example_dags/example_trigger_controller_dag.py
[2026-05-10T15:14:06.294+0000] {logging_mixin.py:188} INFO - [2026-05-10T15:14:06.294+0000] {dag.py:3089} INFO - Sync 1 DAGs
[2026-05-10T15:14:06.318+0000] {logging_mixin.py:188} INFO - [2026-05-10T15:14:06.318+0000] {dag.py:3947} INFO - Setting next_dagrun for example_trigger_controller_dag to 2021-01-01 00:00:00+00:00, run_after=2021-01-01 00:00:00+00:00
[2026-05-10T15:14:06.405+0000] {processor.py:183} INFO - Processing /home/airflow/.local/lib/python3.12/site-packages/airflow/example_dags/example_trigger_controller_dag.py took 0.173 seconds
[2026-05-10T15:14:36.580+0000] {processor.py:161} INFO - Started process (PID=22798) to work on /home/airflow/.local/lib/python3.12/site-packages/airflow/example_dags/example_trigger_controller_dag.py
[2026-05-10T15:14:36.582+0000] {processor.py:830} INFO - Processing file /home/airflow/.local/lib/python3.12/site-packages/airflow/example_dags/example_trigger_controller_dag.py for tasks to queue
[2026-05-10T15:14:36.583+0000] {logging_mixin.py:188} INFO - [2026-05-10T15:14:36.583+0000] {dagbag.py:545} INFO - Filling up the DagBag from /home/airflow/.local/lib/python3.12/site-packages/airflow/example_dags/example_trigger_controller_dag.py
[2026-05-10T15:14:36.589+0000] {processor.py:840} INFO - DAG(s) 'example_trigger_controller_dag' retrieved from /home/airflow/.local/lib/python3.12/site-packages/airflow/example_dags/example_trigger_controller_dag.py
[2026-05-10T15:14:36.614+0000] {logging_mixin.py:188} INFO - [2026-05-10T15:14:36.614+0000] {dag.py:3089} INFO - Sync 1 DAGs
[2026-05-10T15:14:36.638+0000] {logging_mixin.py:188} INFO - [2026-05-10T15:14:36.637+0000] {dag.py:3947} INFO - Setting next_dagrun for example_trigger_controller_dag to 2021-01-01 00:00:00+00:00, run_after=2021-01-01 00:00:00+00:00
[2026-05-10T15:14:36.659+0000] {processor.py:183} INFO - Processing /home/airflow/.local/lib/python3.12/site-packages/airflow/example_dags/example_trigger_controller_dag.py took 0.085 seconds
[2026-05-10T15:15:06.995+0000] {processor.py:161} INFO - Started process (PID=22866) to work on /home/airflow/.local/lib/python3.12/site-packages/airflow/example_dags/example_trigger_controller_dag.py
[2026-05-10T15:15:06.998+0000] {processor.py:830} INFO - Processing file /home/airflow/.local/lib/python3.12/site-packages/airflow/example_dags/example_trigger_controller_dag.py for tasks to queue
[2026-05-10T15:15:06.999+0000] {logging_mixin.py:188} INFO - [2026-05-10T15:15:06.999+0000] {dagbag.py:545} INFO - Filling up the DagBag from /home/airflow/.local/lib/python3.12/site-packages/airflow/example_dags/example_trigger_controller_dag.py
[2026-05-10T15:15:07.011+0000] {processor.py:840} INFO - DAG(s) 'example_trigger_controller_dag' retrieved from /home/airflow/.local/lib/python3.12/site-packages/airflow/example_dags/example_trigger_controller_dag.py
[2026-05-10T15:15:07.050+0000] {logging_mixin.py:188} INFO - [2026-05-10T15:15:07.050+0000] {dag.py:3089} INFO - Sync 1 DAGs
[2026-05-10T15:15:07.071+0000] {logging_mixin.py:188} INFO - [2026-05-10T15:15:07.071+0000] {dag.py:3947} INFO - Setting next_dagrun for example_trigger_controller_dag to 2021-01-01 00:00:00+00:00, run_after=2021-01-01 00:00:00+00:00
[2026-05-10T15:15:07.100+0000] {processor.py:183} INFO - Processing /home/airflow/.local/lib/python3.12/site-packages/airflow/example_dags/example_trigger_controller_dag.py took 0.115 seconds
[2026-05-10T15:15:37.315+0000] {processor.py:161} INFO - Started process (PID=22942) to work on /home/airflow/.local/lib/python3.12/site-packages/airflow/example_dags/example_trigger_controller_dag.py
[2026-05-10T15:15:37.317+0000] {processor.py:830} INFO - Processing file /home/airflow/.local/lib/python3.12/site-packages/airflow/example_dags/example_trigger_controller_dag.py for tasks to queue
[2026-05-10T15:15:37.318+0000] {logging_mixin.py:188} INFO - [2026-05-10T15:15:37.318+0000] {dagbag.py:545} INFO - Filling up the DagBag from /home/airflow/.local/lib/python3.12/site-packages/airflow/example_dags/example_trigger_controller_dag.py
[2026-05-10T15:15:37.325+0000] {processor.py:840} INFO - DAG(s) 'example_trigger_controller_dag' retrieved from /home/airflow/.local/lib/python3.12/site-packages/airflow/example_dags/example_trigger_controller_dag.py
[2026-05-10T15:15:37.345+0000] {logging_mixin.py:188} INFO - [2026-05-10T15:15:37.345+0000] {dag.py:3089} INFO - Sync 1 DAGs
[2026-05-10T15:15:37.362+0000] {logging_mixin.py:188} INFO - [2026-05-10T15:15:37.361+0000] {dag.py:3947} INFO - Setting next_dagrun for example_trigger_controller_dag to 2021-01-01 00:00:00+00:00, run_after=2021-01-01 00:00:00+00:00
[2026-05-10T15:15:37.382+0000] {processor.py:183} INFO - Processing /home/airflow/.local/lib/python3.12/site-packages/airflow/example_dags/example_trigger_controller_dag.py took 0.073 seconds
[2026-05-10T15:16:07.868+0000] {processor.py:161} INFO - Started process (PID=23009) to work on /home/airflow/.local/lib/python3.12/site-packages/airflow/example_dags/example_trigger_controller_dag.py
[2026-05-10T15:16:07.870+0000] {processor.py:830} INFO - Processing file /home/airflow/.local/lib/python3.12/site-packages/airflow/example_dags/example_trigger_controller_dag.py for tasks to queue
[2026-05-10T15:16:07.872+0000] {logging_mixin.py:188} INFO - [2026-05-10T15:16:07.871+0000] {dagbag.py:545} INFO - Filling up the DagBag from /home/airflow/.local/lib/python3.12/site-packages/airflow/example_dags/example_trigger_controller_dag.py
[2026-05-10T15:16:07.882+0000] {processor.py:840} INFO - DAG(s) 'example_trigger_controller_dag' retrieved from /home/airflow/.local/lib/python3.12/site-packages/airflow/example_dags/example_trigger_controller_dag.py
[2026-05-10T15:16:07.912+0000] {logging_mixin.py:188} INFO - [2026-05-10T15:16:07.912+0000] {dag.py:3089} INFO - Sync 1 DAGs
[2026-05-10T15:16:07.944+0000] {logging_mixin.py:188} INFO - [2026-05-10T15:16:07.943+0000] {dag.py:3947} INFO - Setting next_dagrun for example_trigger_controller_dag to 2021-01-01 00:00:00+00:00, run_after=2021-01-01 00:00:00+00:00
[2026-05-10T15:16:07.971+0000] {processor.py:183} INFO - Processing /home/airflow/.local/lib/python3.12/site-packages/airflow/example_dags/example_trigger_controller_dag.py took 0.115 seconds
[2026-05-10T15:16:38.642+0000] {processor.py:161} INFO - Started process (PID=23085) to work on /home/airflow/.local/lib/python3.12/site-packages/airflow/example_dags/example_trigger_controller_dag.py
[2026-05-10T15:16:38.644+0000] {processor.py:830} INFO - Processing file /home/airflow/.local/lib/python3.12/site-packages/airflow/example_dags/example_trigger_controller_dag.py for tasks to queue
[2026-05-10T15:16:38.646+0000] {logging_mixin.py:188} INFO - [2026-05-10T15:16:38.645+0000] {dagbag.py:545} INFO - Filling up the DagBag from /home/airflow/.local/lib/python3.12/site-packages/airflow/example_dags/example_trigger_controller_dag.py
[2026-05-10T15:16:38.651+0000] {processor.py:840} INFO - DAG(s) 'example_trigger_controller_dag' retrieved from /home/airflow/.local/lib/python3.12/site-packages/airflow/example_dags/example_trigger_controller_dag.py
[2026-05-10T15:16:38.679+0000] {logging_mixin.py:188} INFO - [2026-05-10T15:16:38.678+0000] {dag.py:3089} INFO - Sync 1 DAGs
[2026-05-10T15:16:38.700+0000] {logging_mixin.py:188} INFO - [2026-05-10T15:16:38.699+0000] {dag.py:3947} INFO - Setting next_dagrun for example_trigger_controller_dag to 2021-01-01 00:00:00+00:00, run_after=2021-01-01 00:00:00+00:00
[2026-05-10T15:16:38.732+0000] {processor.py:183} INFO - Processing /home/airflow/.local/lib/python3.12/site-packages/airflow/example_dags/example_trigger_controller_dag.py took 0.098 seconds
[2026-05-10T15:17:09.267+0000] {processor.py:161} INFO - Started process (PID=23153) to work on /home/airflow/.local/lib/python3.12/site-packages/airflow/example_dags/example_trigger_controller_dag.py
[2026-05-10T15:17:09.270+0000] {processor.py:830} INFO - Processing file /home/airflow/.local/lib/python3.12/site-packages/airflow/example_dags/example_trigger_controller_dag.py for tasks to queue
[2026-05-10T15:17:09.272+0000] {logging_mixin.py:188} INFO - [2026-05-10T15:17:09.271+0000] {dagbag.py:545} INFO - Filling up the DagBag from /home/airflow/.local/lib/python3.12/site-packages/airflow/example_dags/example_trigger_controller_dag.py
[2026-05-10T15:17:09.284+0000] {processor.py:840} INFO - DAG(s) 'example_trigger_controller_dag' retrieved from /home/airflow/.local/lib/python3.12/site-packages/airflow/example_dags/example_trigger_controller_dag.py
[2026-05-10T15:17:09.334+0000] {logging_mixin.py:188} INFO - [2026-05-10T15:17:09.334+0000] {dag.py:3089} INFO - Sync 1 DAGs
[2026-05-10T15:17:09.380+0000] {logging_mixin.py:188} INFO - [2026-05-10T15:17:09.379+0000] {dag.py:3947} INFO - Setting next_dagrun for example_trigger_controller_dag to 2021-01-01 00:00:00+00:00, run_after=2021-01-01 00:00:00+00:00
[2026-05-10T15:17:09.417+0000] {processor.py:183} INFO - Processing /home/airflow/.local/lib/python3.12/site-packages/airflow/example_dags/example_trigger_controller_dag.py took 0.165 seconds
[2026-05-10T15:17:40.004+0000] {processor.py:161} INFO - Started process (PID=23221) to work on /home/airflow/.local/lib/python3.12/site-packages/airflow/example_dags/example_trigger_controller_dag.py
[2026-05-10T15:17:40.006+0000] {processor.py:830} INFO - Processing file /home/airflow/.local/lib/python3.12/site-packages/airflow/example_dags/example_trigger_controller_dag.py for tasks to queue
[2026-05-10T15:17:40.007+0000] {logging_mixin.py:188} INFO - [2026-05-10T15:17:40.007+0000] {dagbag.py:545} INFO - Filling up the DagBag from /home/airflow/.local/lib/python3.12/site-packages/airflow/example_dags/example_trigger_controller_dag.py
[2026-05-10T15:17:40.014+0000] {processor.py:840} INFO - DAG(s) 'example_trigger_controller_dag' retrieved from /home/airflow/.local/lib/python3.12/site-packages/airflow/example_dags/example_trigger_controller_dag.py
[2026-05-10T15:17:40.044+0000] {logging_mixin.py:188} INFO - [2026-05-10T15:17:40.044+0000] {dag.py:3089} INFO - Sync 1 DAGs
[2026-05-10T15:17:40.075+0000] {logging_mixin.py:188} INFO - [2026-05-10T15:17:40.074+0000] {dag.py:3947} INFO - Setting next_dagrun for example_trigger_controller_dag to 2021-01-01 00:00:00+00:00, run_after=2021-01-01 00:00:00+00:00
[2026-05-10T15:17:40.102+0000] {processor.py:183} INFO - Processing /home/airflow/.local/lib/python3.12/site-packages/airflow/example_dags/example_trigger_controller_dag.py took 0.107 seconds
[2026-05-10T15:18:10.549+0000] {processor.py:161} INFO - Started process (PID=23296) to work on /home/airflow/.local/lib/python3.12/site-packages/airflow/example_dags/example_trigger_controller_dag.py
[2026-05-10T15:18:10.550+0000] {processor.py:830} INFO - Processing file /home/airflow/.local/lib/python3.12/site-packages/airflow/example_dags/example_trigger_controller_dag.py for tasks to queue
[2026-05-10T15:18:10.552+0000] {logging_mixin.py:188} INFO - [2026-05-10T15:18:10.551+0000] {dagbag.py:545} INFO - Filling up the DagBag from /home/airflow/.local/lib/python3.12/site-packages/airflow/example_dags/example_trigger_controller_dag.py
[2026-05-10T15:18:10.556+0000] {processor.py:840} INFO - DAG(s) 'example_trigger_controller_dag' retrieved from /home/airflow/.local/lib/python3.12/site-packages/airflow/example_dags/example_trigger_controller_dag.py
[2026-05-10T15:18:10.576+0000] {logging_mixin.py:188} INFO - [2026-05-10T15:18:10.575+0000] {dag.py:3089} INFO - Sync 1 DAGs
[2026-05-10T15:18:10.593+0000] {logging_mixin.py:188} INFO - [2026-05-10T15:18:10.593+0000] {dag.py:3947} INFO - Setting next_dagrun for example_trigger_controller_dag to 2021-01-01 00:00:00+00:00, run_after=2021-01-01 00:00:00+00:00
[2026-05-10T15:18:10.614+0000] {processor.py:183} INFO - Processing /home/airflow/.local/lib/python3.12/site-packages/airflow/example_dags/example_trigger_controller_dag.py took 0.069 seconds
[2026-05-10T15:18:41.294+0000] {processor.py:161} INFO - Started process (PID=23364) to work on /home/airflow/.local/lib/python3.12/site-packages/airflow/example_dags/example_trigger_controller_dag.py
[2026-05-10T15:18:41.296+0000] {processor.py:830} INFO - Processing file /home/airflow/.local/lib/python3.12/site-packages/airflow/example_dags/example_trigger_controller_dag.py for tasks to queue
[2026-05-10T15:18:41.298+0000] {logging_mixin.py:188} INFO - [2026-05-10T15:18:41.298+0000] {dagbag.py:545} INFO - Filling up the DagBag from /home/airflow/.local/lib/python3.12/site-packages/airflow/example_dags/example_trigger_controller_dag.py
[2026-05-10T15:18:41.309+0000] {processor.py:840} INFO - DAG(s) 'example_trigger_controller_dag' retrieved from /home/airflow/.local/lib/python3.12/site-packages/airflow/example_dags/example_trigger_controller_dag.py
[2026-05-10T15:18:41.350+0000] {logging_mixin.py:188} INFO - [2026-05-10T15:18:41.349+0000] {dag.py:3089} INFO - Sync 1 DAGs
[2026-05-10T15:18:41.383+0000] {logging_mixin.py:188} INFO - [2026-05-10T15:18:41.383+0000] {dag.py:3947} INFO - Setting next_dagrun for example_trigger_controller_dag to 2021-01-01 00:00:00+00:00, run_after=2021-01-01 00:00:00+00:00
[2026-05-10T15:18:41.421+0000] {processor.py:183} INFO - Processing /home/airflow/.local/lib/python3.12/site-packages/airflow/example_dags/example_trigger_controller_dag.py took 0.142 seconds
[2026-05-10T15:19:11.903+0000] {processor.py:161} INFO - Started process (PID=23438) to work on /home/airflow/.local/lib/python3.12/site-packages/airflow/example_dags/example_trigger_controller_dag.py
[2026-05-10T15:19:11.904+0000] {processor.py:830} INFO - Processing file /home/airflow/.local/lib/python3.12/site-packages/airflow/example_dags/example_trigger_controller_dag.py for tasks to queue
[2026-05-10T15:19:11.905+0000] {logging_mixin.py:188} INFO - [2026-05-10T15:19:11.905+0000] {dagbag.py:545} INFO - Filling up the DagBag from /home/airflow/.local/lib/python3.12/site-packages/airflow/example_dags/example_trigger_controller_dag.py
[2026-05-10T15:19:11.911+0000] {processor.py:840} INFO - DAG(s) 'example_trigger_controller_dag' retrieved from /home/airflow/.local/lib/python3.12/site-packages/airflow/example_dags/example_trigger_controller_dag.py
[2026-05-10T15:19:11.924+0000] {logging_mixin.py:188} INFO - [2026-05-10T15:19:11.924+0000] {dag.py:3089} INFO - Sync 1 DAGs
[2026-05-10T15:19:11.940+0000] {logging_mixin.py:188} INFO - [2026-05-10T15:19:11.940+0000] {dag.py:3947} INFO - Setting next_dagrun for example_trigger_controller_dag to 2021-01-01 00:00:00+00:00, run_after=2021-01-01 00:00:00+00:00
[2026-05-10T15:19:11.963+0000] {processor.py:183} INFO - Processing /home/airflow/.local/lib/python3.12/site-packages/airflow/example_dags/example_trigger_controller_dag.py took 0.069 seconds
[2026-05-10T15:19:42.256+0000] {processor.py:161} INFO - Started process (PID=23506) to work on /home/airflow/.local/lib/python3.12/site-packages/airflow/example_dags/example_trigger_controller_dag.py
[2026-05-10T15:19:42.258+0000] {processor.py:830} INFO - Processing file /home/airflow/.local/lib/python3.12/site-packages/airflow/example_dags/example_trigger_controller_dag.py for tasks to queue
[2026-05-10T15:19:42.260+0000] {logging_mixin.py:188} INFO - [2026-05-10T15:19:42.259+0000] {dagbag.py:545} INFO - Filling up the DagBag from /home/airflow/.local/lib/python3.12/site-packages/airflow/example_dags/example_trigger_controller_dag.py
[2026-05-10T15:19:42.268+0000] {processor.py:840} INFO - DAG(s) 'example_trigger_controller_dag' retrieved from /home/airflow/.local/lib/python3.12/site-packages/airflow/example_dags/example_trigger_controller_dag.py
[2026-05-10T15:19:42.290+0000] {logging_mixin.py:188} INFO - [2026-05-10T15:19:42.289+0000] {dag.py:3089} INFO - Sync 1 DAGs
[2026-05-10T15:19:42.316+0000] {logging_mixin.py:188} INFO - [2026-05-10T15:19:42.315+0000] {dag.py:3947} INFO - Setting next_dagrun for example_trigger_controller_dag to 2021-01-01 00:00:00+00:00, run_after=2021-01-01 00:00:00+00:00
[2026-05-10T15:19:42.335+0000] {processor.py:183} INFO - Processing /home/airflow/.local/lib/python3.12/site-packages/airflow/example_dags/example_trigger_controller_dag.py took 0.085 seconds
[2026-05-10T15:20:12.751+0000] {processor.py:161} INFO - Started process (PID=23582) to work on /home/airflow/.local/lib/python3.12/site-packages/airflow/example_dags/example_trigger_controller_dag.py
[2026-05-10T15:20:12.752+0000] {processor.py:830} INFO - Processing file /home/airflow/.local/lib/python3.12/site-packages/airflow/example_dags/example_trigger_controller_dag.py for tasks to queue
[2026-05-10T15:20:12.754+0000] {logging_mixin.py:188} INFO - [2026-05-10T15:20:12.753+0000] {dagbag.py:545} INFO - Filling up the DagBag from /home/airflow/.local/lib/python3.12/site-packages/airflow/example_dags/example_trigger_controller_dag.py
[2026-05-10T15:20:12.761+0000] {processor.py:840} INFO - DAG(s) 'example_trigger_controller_dag' retrieved from /home/airflow/.local/lib/python3.12/site-packages/airflow/example_dags/example_trigger_controller_dag.py
[2026-05-10T15:20:12.784+0000] {logging_mixin.py:188} INFO - [2026-05-10T15:20:12.783+0000] {dag.py:3089} INFO - Sync 1 DAGs
[2026-05-10T15:20:12.808+0000] {logging_mixin.py:188} INFO - [2026-05-10T15:20:12.808+0000] {dag.py:3947} INFO - Setting next_dagrun for example_trigger_controller_dag to 2021-01-01 00:00:00+00:00, run_after=2021-01-01 00:00:00+00:00
[2026-05-10T15:20:12.831+0000] {processor.py:183} INFO - Processing /home/airflow/.local/lib/python3.12/site-packages/airflow/example_dags/example_trigger_controller_dag.py took 0.091 seconds
[2026-05-10T15:20:43.229+0000] {processor.py:161} INFO - Started process (PID=23650) to work on /home/airflow/.local/lib/python3.12/site-packages/airflow/example_dags/example_trigger_controller_dag.py
[2026-05-10T15:20:43.231+0000] {processor.py:830} INFO - Processing file /home/airflow/.local/lib/python3.12/site-packages/airflow/example_dags/example_trigger_controller_dag.py for tasks to queue
[2026-05-10T15:20:43.233+0000] {logging_mixin.py:188} INFO - [2026-05-10T15:20:43.232+0000] {dagbag.py:545} INFO - Filling up the DagBag from /home/airflow/.local/lib/python3.12/site-packages/airflow/example_dags/example_trigger_controller_dag.py
[2026-05-10T15:20:43.245+0000] {processor.py:840} INFO - DAG(s) 'example_trigger_controller_dag' retrieved from /home/airflow/.local/lib/python3.12/site-packages/airflow/example_dags/example_trigger_controller_dag.py
[2026-05-10T15:20:43.283+0000] {logging_mixin.py:188} INFO - [2026-05-10T15:20:43.283+0000] {dag.py:3089} INFO - Sync 1 DAGs
[2026-05-10T15:20:43.307+0000] {logging_mixin.py:188} INFO - [2026-05-10T15:20:43.307+0000] {dag.py:3947} INFO - Setting next_dagrun for example_trigger_controller_dag to 2021-01-01 00:00:00+00:00, run_after=2021-01-01 00:00:00+00:00
[2026-05-10T15:20:43.338+0000] {processor.py:183} INFO - Processing /home/airflow/.local/lib/python3.12/site-packages/airflow/example_dags/example_trigger_controller_dag.py took 0.122 seconds
[2026-05-10T15:21:13.797+0000] {processor.py:161} INFO - Started process (PID=23718) to work on /home/airflow/.local/lib/python3.12/site-packages/airflow/example_dags/example_trigger_controller_dag.py
[2026-05-10T15:21:13.799+0000] {processor.py:830} INFO - Processing file /home/airflow/.local/lib/python3.12/site-packages/airflow/example_dags/example_trigger_controller_dag.py for tasks to queue
[2026-05-10T15:21:13.801+0000] {logging_mixin.py:188} INFO - [2026-05-10T15:21:13.801+0000] {dagbag.py:545} INFO - Filling up the DagBag from /home/airflow/.local/lib/python3.12/site-packages/airflow/example_dags/example_trigger_controller_dag.py
[2026-05-10T15:21:13.811+0000] {processor.py:840} INFO - DAG(s) 'example_trigger_controller_dag' retrieved from /home/airflow/.local/lib/python3.12/site-packages/airflow/example_dags/example_trigger_controller_dag.py
[2026-05-10T15:21:13.852+0000] {logging_mixin.py:188} INFO - [2026-05-10T15:21:13.851+0000] {dag.py:3089} INFO - Sync 1 DAGs
[2026-05-10T15:21:13.883+0000] {logging_mixin.py:188} INFO - [2026-05-10T15:21:13.883+0000] {dag.py:3947} INFO - Setting next_dagrun for example_trigger_controller_dag to 2021-01-01 00:00:00+00:00, run_after=2021-01-01 00:00:00+00:00
[2026-05-10T15:21:13.919+0000] {processor.py:183} INFO - Processing /home/airflow/.local/lib/python3.12/site-packages/airflow/example_dags/example_trigger_controller_dag.py took 0.134 seconds
[2026-05-10T15:21:44.376+0000] {processor.py:161} INFO - Started process (PID=23793) to work on /home/airflow/.local/lib/python3.12/site-packages/airflow/example_dags/example_trigger_controller_dag.py
[2026-05-10T15:21:44.378+0000] {processor.py:830} INFO - Processing file /home/airflow/.local/lib/python3.12/site-packages/airflow/example_dags/example_trigger_controller_dag.py for tasks to queue
[2026-05-10T15:21:44.379+0000] {logging_mixin.py:188} INFO - [2026-05-10T15:21:44.378+0000] {dagbag.py:545} INFO - Filling up the DagBag from /home/airflow/.local/lib/python3.12/site-packages/airflow/example_dags/example_trigger_controller_dag.py
[2026-05-10T15:21:44.384+0000] {processor.py:840} INFO - DAG(s) 'example_trigger_controller_dag' retrieved from /home/airflow/.local/lib/python3.12/site-packages/airflow/example_dags/example_trigger_controller_dag.py
[2026-05-10T15:21:44.409+0000] {logging_mixin.py:188} INFO - [2026-05-10T15:21:44.409+0000] {dag.py:3089} INFO - Sync 1 DAGs
[2026-05-10T15:21:44.436+0000] {logging_mixin.py:188} INFO - [2026-05-10T15:21:44.436+0000] {dag.py:3947} INFO - Setting next_dagrun for example_trigger_controller_dag to 2021-01-01 00:00:00+00:00, run_after=2021-01-01 00:00:00+00:00
[2026-05-10T15:21:44.462+0000] {processor.py:183} INFO - Processing /home/airflow/.local/lib/python3.12/site-packages/airflow/example_dags/example_trigger_controller_dag.py took 0.092 seconds
[2026-05-10T15:22:14.683+0000] {processor.py:161} INFO - Started process (PID=23861) to work on /home/airflow/.local/lib/python3.12/site-packages/airflow/example_dags/example_trigger_controller_dag.py
[2026-05-10T15:22:14.684+0000] {processor.py:830} INFO - Processing file /home/airflow/.local/lib/python3.12/site-packages/airflow/example_dags/example_trigger_controller_dag.py for tasks to queue
[2026-05-10T15:22:14.686+0000] {logging_mixin.py:188} INFO - [2026-05-10T15:22:14.685+0000] {dagbag.py:545} INFO - Filling up the DagBag from /home/airflow/.local/lib/python3.12/site-packages/airflow/example_dags/example_trigger_controller_dag.py
[2026-05-10T15:22:14.692+0000] {processor.py:840} INFO - DAG(s) 'example_trigger_controller_dag' retrieved from /home/airflow/.local/lib/python3.12/site-packages/airflow/example_dags/example_trigger_controller_dag.py
[2026-05-10T15:22:14.715+0000] {logging_mixin.py:188} INFO - [2026-05-10T15:22:14.714+0000] {dag.py:3089} INFO - Sync 1 DAGs
[2026-05-10T15:22:14.732+0000] {logging_mixin.py:188} INFO - [2026-05-10T15:22:14.732+0000] {dag.py:3947} INFO - Setting next_dagrun for example_trigger_controller_dag to 2021-01-01 00:00:00+00:00, run_after=2021-01-01 00:00:00+00:00
[2026-05-10T15:22:14.752+0000] {processor.py:183} INFO - Processing /home/airflow/.local/lib/python3.12/site-packages/airflow/example_dags/example_trigger_controller_dag.py took 0.077 seconds
[2026-05-10T15:22:45.493+0000] {processor.py:161} INFO - Started process (PID=23936) to work on /home/airflow/.local/lib/python3.12/site-packages/airflow/example_dags/example_trigger_controller_dag.py
[2026-05-10T15:22:45.495+0000] {processor.py:830} INFO - Processing file /home/airflow/.local/lib/python3.12/site-packages/airflow/example_dags/example_trigger_controller_dag.py for tasks to queue
[2026-05-10T15:22:45.496+0000] {logging_mixin.py:188} INFO - [2026-05-10T15:22:45.495+0000] {dagbag.py:545} INFO - Filling up the DagBag from /home/airflow/.local/lib/python3.12/site-packages/airflow/example_dags/example_trigger_controller_dag.py
[2026-05-10T15:22:45.504+0000] {processor.py:840} INFO - DAG(s) 'example_trigger_controller_dag' retrieved from /home/airflow/.local/lib/python3.12/site-packages/airflow/example_dags/example_trigger_controller_dag.py
[2026-05-10T15:22:45.527+0000] {logging_mixin.py:188} INFO - [2026-05-10T15:22:45.527+0000] {dag.py:3089} INFO - Sync 1 DAGs
[2026-05-10T15:22:45.551+0000] {logging_mixin.py:188} INFO - [2026-05-10T15:22:45.551+0000] {dag.py:3947} INFO - Setting next_dagrun for example_trigger_controller_dag to 2021-01-01 00:00:00+00:00, run_after=2021-01-01 00:00:00+00:00
[2026-05-10T15:22:45.574+0000] {processor.py:183} INFO - Processing /home/airflow/.local/lib/python3.12/site-packages/airflow/example_dags/example_trigger_controller_dag.py took 0.088 seconds
[2026-05-10T15:23:15.907+0000] {processor.py:161} INFO - Started process (PID=24004) to work on /home/airflow/.local/lib/python3.12/site-packages/airflow/example_dags/example_trigger_controller_dag.py
[2026-05-10T15:23:15.913+0000] {processor.py:830} INFO - Processing file /home/airflow/.local/lib/python3.12/site-packages/airflow/example_dags/example_trigger_controller_dag.py for tasks to queue
[2026-05-10T15:23:15.922+0000] {logging_mixin.py:188} INFO - [2026-05-10T15:23:15.921+0000] {dagbag.py:545} INFO - Filling up the DagBag from /home/airflow/.local/lib/python3.12/site-packages/airflow/example_dags/example_trigger_controller_dag.py
[2026-05-10T15:23:15.927+0000] {processor.py:840} INFO - DAG(s) 'example_trigger_controller_dag' retrieved from /home/airflow/.local/lib/python3.12/site-packages/airflow/example_dags/example_trigger_controller_dag.py
[2026-05-10T15:23:15.970+0000] {logging_mixin.py:188} INFO - [2026-05-10T15:23:15.969+0000] {dag.py:3089} INFO - Sync 1 DAGs
[2026-05-10T15:23:16.004+0000] {logging_mixin.py:188} INFO - [2026-05-10T15:23:16.004+0000] {dag.py:3947} INFO - Setting next_dagrun for example_trigger_controller_dag to 2021-01-01 00:00:00+00:00, run_after=2021-01-01 00:00:00+00:00
[2026-05-10T15:23:16.030+0000] {processor.py:183} INFO - Processing /home/airflow/.local/lib/python3.12/site-packages/airflow/example_dags/example_trigger_controller_dag.py took 0.137 seconds
[2026-05-10T15:23:46.271+0000] {processor.py:161} INFO - Started process (PID=24072) to work on /home/airflow/.local/lib/python3.12/site-packages/airflow/example_dags/example_trigger_controller_dag.py
[2026-05-10T15:23:46.274+0000] {processor.py:830} INFO - Processing file /home/airflow/.local/lib/python3.12/site-packages/airflow/example_dags/example_trigger_controller_dag.py for tasks to queue
[2026-05-10T15:23:46.279+0000] {logging_mixin.py:188} INFO - [2026-05-10T15:23:46.278+0000] {dagbag.py:545} INFO - Filling up the DagBag from /home/airflow/.local/lib/python3.12/site-packages/airflow/example_dags/example_trigger_controller_dag.py
[2026-05-10T15:23:46.291+0000] {processor.py:840} INFO - DAG(s) 'example_trigger_controller_dag' retrieved from /home/airflow/.local/lib/python3.12/site-packages/airflow/example_dags/example_trigger_controller_dag.py
[2026-05-10T15:23:46.333+0000] {logging_mixin.py:188} INFO - [2026-05-10T15:23:46.333+0000] {dag.py:3089} INFO - Sync 1 DAGs
[2026-05-10T15:23:46.372+0000] {logging_mixin.py:188} INFO - [2026-05-10T15:23:46.371+0000] {dag.py:3947} INFO - Setting next_dagrun for example_trigger_controller_dag to 2021-01-01 00:00:00+00:00, run_after=2021-01-01 00:00:00+00:00
[2026-05-10T15:23:46.413+0000] {processor.py:183} INFO - Processing /home/airflow/.local/lib/python3.12/site-packages/airflow/example_dags/example_trigger_controller_dag.py took 0.150 seconds
[2026-05-10T15:24:16.944+0000] {processor.py:161} INFO - Started process (PID=24147) to work on /home/airflow/.local/lib/python3.12/site-packages/airflow/example_dags/example_trigger_controller_dag.py
[2026-05-10T15:24:16.945+0000] {processor.py:830} INFO - Processing file /home/airflow/.local/lib/python3.12/site-packages/airflow/example_dags/example_trigger_controller_dag.py for tasks to queue
[2026-05-10T15:24:16.947+0000] {logging_mixin.py:188} INFO - [2026-05-10T15:24:16.946+0000] {dagbag.py:545} INFO - Filling up the DagBag from /home/airflow/.local/lib/python3.12/site-packages/airflow/example_dags/example_trigger_controller_dag.py
[2026-05-10T15:24:16.954+0000] {processor.py:840} INFO - DAG(s) 'example_trigger_controller_dag' retrieved from /home/airflow/.local/lib/python3.12/site-packages/airflow/example_dags/example_trigger_controller_dag.py
[2026-05-10T15:24:16.975+0000] {logging_mixin.py:188} INFO - [2026-05-10T15:24:16.975+0000] {dag.py:3089} INFO - Sync 1 DAGs
[2026-05-10T15:24:16.992+0000] {logging_mixin.py:188} INFO - [2026-05-10T15:24:16.992+0000] {dag.py:3947} INFO - Setting next_dagrun for example_trigger_controller_dag to 2021-01-01 00:00:00+00:00, run_after=2021-01-01 00:00:00+00:00
[2026-05-10T15:24:17.015+0000] {processor.py:183} INFO - Processing /home/airflow/.local/lib/python3.12/site-packages/airflow/example_dags/example_trigger_controller_dag.py took 0.076 seconds
[2026-05-10T15:24:47.263+0000] {processor.py:161} INFO - Started process (PID=24215) to work on /home/airflow/.local/lib/python3.12/site-packages/airflow/example_dags/example_trigger_controller_dag.py
[2026-05-10T15:24:47.265+0000] {processor.py:830} INFO - Processing file /home/airflow/.local/lib/python3.12/site-packages/airflow/example_dags/example_trigger_controller_dag.py for tasks to queue
[2026-05-10T15:24:47.266+0000] {logging_mixin.py:188} INFO - [2026-05-10T15:24:47.265+0000] {dagbag.py:545} INFO - Filling up the DagBag from /home/airflow/.local/lib/python3.12/site-packages/airflow/example_dags/example_trigger_controller_dag.py
[2026-05-10T15:24:47.273+0000] {processor.py:840} INFO - DAG(s) 'example_trigger_controller_dag' retrieved from /home/airflow/.local/lib/python3.12/site-packages/airflow/example_dags/example_trigger_controller_dag.py
[2026-05-10T15:24:47.297+0000] {logging_mixin.py:188} INFO - [2026-05-10T15:24:47.297+0000] {dag.py:3089} INFO - Sync 1 DAGs
[2026-05-10T15:24:47.322+0000] {logging_mixin.py:188} INFO - [2026-05-10T15:24:47.321+0000] {dag.py:3947} INFO - Setting next_dagrun for example_trigger_controller_dag to 2021-01-01 00:00:00+00:00, run_after=2021-01-01 00:00:00+00:00
[2026-05-10T15:24:47.350+0000] {processor.py:183} INFO - Processing /home/airflow/.local/lib/python3.12/site-packages/airflow/example_dags/example_trigger_controller_dag.py took 0.092 seconds
[2026-05-10T15:25:17.593+0000] {processor.py:161} INFO - Started process (PID=24283) to work on /home/airflow/.local/lib/python3.12/site-packages/airflow/example_dags/example_trigger_controller_dag.py
[2026-05-10T15:25:17.594+0000] {processor.py:830} INFO - Processing file /home/airflow/.local/lib/python3.12/site-packages/airflow/example_dags/example_trigger_controller_dag.py for tasks to queue
[2026-05-10T15:25:17.595+0000] {logging_mixin.py:188} INFO - [2026-05-10T15:25:17.595+0000] {dagbag.py:545} INFO - Filling up the DagBag from /home/airflow/.local/lib/python3.12/site-packages/airflow/example_dags/example_trigger_controller_dag.py
[2026-05-10T15:25:17.599+0000] {processor.py:840} INFO - DAG(s) 'example_trigger_controller_dag' retrieved from /home/airflow/.local/lib/python3.12/site-packages/airflow/example_dags/example_trigger_controller_dag.py
[2026-05-10T15:25:17.621+0000] {logging_mixin.py:188} INFO - [2026-05-10T15:25:17.620+0000] {dag.py:3089} INFO - Sync 1 DAGs
[2026-05-10T15:25:17.640+0000] {logging_mixin.py:188} INFO - [2026-05-10T15:25:17.640+0000] {dag.py:3947} INFO - Setting next_dagrun for example_trigger_controller_dag to 2021-01-01 00:00:00+00:00, run_after=2021-01-01 00:00:00+00:00
[2026-05-10T15:25:17.662+0000] {processor.py:183} INFO - Processing /home/airflow/.local/lib/python3.12/site-packages/airflow/example_dags/example_trigger_controller_dag.py took 0.075 seconds
[2026-05-10T15:25:48.039+0000] {processor.py:161} INFO - Started process (PID=24358) to work on /home/airflow/.local/lib/python3.12/site-packages/airflow/example_dags/example_trigger_controller_dag.py
[2026-05-10T15:25:48.041+0000] {processor.py:830} INFO - Processing file /home/airflow/.local/lib/python3.12/site-packages/airflow/example_dags/example_trigger_controller_dag.py for tasks to queue
[2026-05-10T15:25:48.043+0000] {logging_mixin.py:188} INFO - [2026-05-10T15:25:48.042+0000] {dagbag.py:545} INFO - Filling up the DagBag from /home/airflow/.local/lib/python3.12/site-packages/airflow/example_dags/example_trigger_controller_dag.py
[2026-05-10T15:25:48.048+0000] {processor.py:840} INFO - DAG(s) 'example_trigger_controller_dag' retrieved from /home/airflow/.local/lib/python3.12/site-packages/airflow/example_dags/example_trigger_controller_dag.py
[2026-05-10T15:25:48.068+0000] {logging_mixin.py:188} INFO - [2026-05-10T15:25:48.068+0000] {dag.py:3089} INFO - Sync 1 DAGs
[2026-05-10T15:25:48.089+0000] {logging_mixin.py:188} INFO - [2026-05-10T15:25:48.088+0000] {dag.py:3947} INFO - Setting next_dagrun for example_trigger_controller_dag to 2021-01-01 00:00:00+00:00, run_after=2021-01-01 00:00:00+00:00
[2026-05-10T15:25:48.115+0000] {processor.py:183} INFO - Processing /home/airflow/.local/lib/python3.12/site-packages/airflow/example_dags/example_trigger_controller_dag.py took 0.081 seconds
[2026-05-10T15:26:18.273+0000] {processor.py:161} INFO - Started process (PID=24425) to work on /home/airflow/.local/lib/python3.12/site-packages/airflow/example_dags/example_trigger_controller_dag.py
[2026-05-10T15:26:18.274+0000] {processor.py:830} INFO - Processing file /home/airflow/.local/lib/python3.12/site-packages/airflow/example_dags/example_trigger_controller_dag.py for tasks to queue
[2026-05-10T15:26:18.276+0000] {logging_mixin.py:188} INFO - [2026-05-10T15:26:18.275+0000] {dagbag.py:545} INFO - Filling up the DagBag from /home/airflow/.local/lib/python3.12/site-packages/airflow/example_dags/example_trigger_controller_dag.py
[2026-05-10T15:26:18.285+0000] {processor.py:840} INFO - DAG(s) 'example_trigger_controller_dag' retrieved from /home/airflow/.local/lib/python3.12/site-packages/airflow/example_dags/example_trigger_controller_dag.py
[2026-05-10T15:26:18.313+0000] {logging_mixin.py:188} INFO - [2026-05-10T15:26:18.313+0000] {dag.py:3089} INFO - Sync 1 DAGs
[2026-05-10T15:26:18.333+0000] {logging_mixin.py:188} INFO - [2026-05-10T15:26:18.333+0000] {dag.py:3947} INFO - Setting next_dagrun for example_trigger_controller_dag to 2021-01-01 00:00:00+00:00, run_after=2021-01-01 00:00:00+00:00
[2026-05-10T15:26:18.362+0000] {processor.py:183} INFO - Processing /home/airflow/.local/lib/python3.12/site-packages/airflow/example_dags/example_trigger_controller_dag.py took 0.095 seconds
[2026-05-10T15:26:49.021+0000] {processor.py:161} INFO - Started process (PID=24501) to work on /home/airflow/.local/lib/python3.12/site-packages/airflow/example_dags/example_trigger_controller_dag.py
[2026-05-10T15:26:49.022+0000] {processor.py:830} INFO - Processing file /home/airflow/.local/lib/python3.12/site-packages/airflow/example_dags/example_trigger_controller_dag.py for tasks to queue
[2026-05-10T15:26:49.023+0000] {logging_mixin.py:188} INFO - [2026-05-10T15:26:49.023+0000] {dagbag.py:545} INFO - Filling up the DagBag from /home/airflow/.local/lib/python3.12/site-packages/airflow/example_dags/example_trigger_controller_dag.py
[2026-05-10T15:26:49.027+0000] {processor.py:840} INFO - DAG(s) 'example_trigger_controller_dag' retrieved from /home/airflow/.local/lib/python3.12/site-packages/airflow/example_dags/example_trigger_controller_dag.py
[2026-05-10T15:26:49.044+0000] {logging_mixin.py:188} INFO - [2026-05-10T15:26:49.043+0000] {dag.py:3089} INFO - Sync 1 DAGs
[2026-05-10T15:26:49.066+0000] {logging_mixin.py:188} INFO - [2026-05-10T15:26:49.066+0000] {dag.py:3947} INFO - Setting next_dagrun for example_trigger_controller_dag to 2021-01-01 00:00:00+00:00, run_after=2021-01-01 00:00:00+00:00
[2026-05-10T15:26:49.095+0000] {processor.py:183} INFO - Processing /home/airflow/.local/lib/python3.12/site-packages/airflow/example_dags/example_trigger_controller_dag.py took 0.079 seconds
[2026-05-10T15:27:19.716+0000] {processor.py:161} INFO - Started process (PID=24569) to work on /home/airflow/.local/lib/python3.12/site-packages/airflow/example_dags/example_trigger_controller_dag.py
[2026-05-10T15:27:19.719+0000] {processor.py:830} INFO - Processing file /home/airflow/.local/lib/python3.12/site-packages/airflow/example_dags/example_trigger_controller_dag.py for tasks to queue
[2026-05-10T15:27:19.721+0000] {logging_mixin.py:188} INFO - [2026-05-10T15:27:19.720+0000] {dagbag.py:545} INFO - Filling up the DagBag from /home/airflow/.local/lib/python3.12/site-packages/airflow/example_dags/example_trigger_controller_dag.py
[2026-05-10T15:27:19.731+0000] {processor.py:840} INFO - DAG(s) 'example_trigger_controller_dag' retrieved from /home/airflow/.local/lib/python3.12/site-packages/airflow/example_dags/example_trigger_controller_dag.py
[2026-05-10T15:27:19.771+0000] {logging_mixin.py:188} INFO - [2026-05-10T15:27:19.771+0000] {dag.py:3089} INFO - Sync 1 DAGs
[2026-05-10T15:27:19.805+0000] {logging_mixin.py:188} INFO - [2026-05-10T15:27:19.805+0000] {dag.py:3947} INFO - Setting next_dagrun for example_trigger_controller_dag to 2021-01-01 00:00:00+00:00, run_after=2021-01-01 00:00:00+00:00
[2026-05-10T15:27:19.839+0000] {processor.py:183} INFO - Processing /home/airflow/.local/lib/python3.12/site-packages/airflow/example_dags/example_trigger_controller_dag.py took 0.137 seconds
[2026-05-10T15:27:50.095+0000] {processor.py:161} INFO - Started process (PID=24637) to work on /home/airflow/.local/lib/python3.12/site-packages/airflow/example_dags/example_trigger_controller_dag.py
[2026-05-10T15:27:50.097+0000] {processor.py:830} INFO - Processing file /home/airflow/.local/lib/python3.12/site-packages/airflow/example_dags/example_trigger_controller_dag.py for tasks to queue
[2026-05-10T15:27:50.102+0000] {logging_mixin.py:188} INFO - [2026-05-10T15:27:50.102+0000] {dagbag.py:545} INFO - Filling up the DagBag from /home/airflow/.local/lib/python3.12/site-packages/airflow/example_dags/example_trigger_controller_dag.py
[2026-05-10T15:27:50.114+0000] {processor.py:840} INFO - DAG(s) 'example_trigger_controller_dag' retrieved from /home/airflow/.local/lib/python3.12/site-packages/airflow/example_dags/example_trigger_controller_dag.py
[2026-05-10T15:27:50.155+0000] {logging_mixin.py:188} INFO - [2026-05-10T15:27:50.154+0000] {dag.py:3089} INFO - Sync 1 DAGs
[2026-05-10T15:27:50.187+0000] {logging_mixin.py:188} INFO - [2026-05-10T15:27:50.187+0000] {dag.py:3947} INFO - Setting next_dagrun for example_trigger_controller_dag to 2021-01-01 00:00:00+00:00, run_after=2021-01-01 00:00:00+00:00
[2026-05-10T15:27:50.227+0000] {processor.py:183} INFO - Processing /home/airflow/.local/lib/python3.12/site-packages/airflow/example_dags/example_trigger_controller_dag.py took 0.144 seconds
[2026-05-10T15:28:20.501+0000] {processor.py:161} INFO - Started process (PID=24712) to work on /home/airflow/.local/lib/python3.12/site-packages/airflow/example_dags/example_trigger_controller_dag.py
[2026-05-10T15:28:20.502+0000] {processor.py:830} INFO - Processing file /home/airflow/.local/lib/python3.12/site-packages/airflow/example_dags/example_trigger_controller_dag.py for tasks to queue
[2026-05-10T15:28:20.503+0000] {logging_mixin.py:188} INFO - [2026-05-10T15:28:20.503+0000] {dagbag.py:545} INFO - Filling up the DagBag from /home/airflow/.local/lib/python3.12/site-packages/airflow/example_dags/example_trigger_controller_dag.py
[2026-05-10T15:28:20.507+0000] {processor.py:840} INFO - DAG(s) 'example_trigger_controller_dag' retrieved from /home/airflow/.local/lib/python3.12/site-packages/airflow/example_dags/example_trigger_controller_dag.py
[2026-05-10T15:28:20.524+0000] {logging_mixin.py:188} INFO - [2026-05-10T15:28:20.523+0000] {dag.py:3089} INFO - Sync 1 DAGs
[2026-05-10T15:28:20.541+0000] {logging_mixin.py:188} INFO - [2026-05-10T15:28:20.541+0000] {dag.py:3947} INFO - Setting next_dagrun for example_trigger_controller_dag to 2021-01-01 00:00:00+00:00, run_after=2021-01-01 00:00:00+00:00
[2026-05-10T15:28:20.562+0000] {processor.py:183} INFO - Processing /home/airflow/.local/lib/python3.12/site-packages/airflow/example_dags/example_trigger_controller_dag.py took 0.066 seconds
[2026-05-10T15:28:50.725+0000] {processor.py:161} INFO - Started process (PID=24780) to work on /home/airflow/.local/lib/python3.12/site-packages/airflow/example_dags/example_trigger_controller_dag.py
[2026-05-10T15:28:50.726+0000] {processor.py:830} INFO - Processing file /home/airflow/.local/lib/python3.12/site-packages/airflow/example_dags/example_trigger_controller_dag.py for tasks to queue
[2026-05-10T15:28:50.727+0000] {logging_mixin.py:188} INFO - [2026-05-10T15:28:50.727+0000] {dagbag.py:545} INFO - Filling up the DagBag from /home/airflow/.local/lib/python3.12/site-packages/airflow/example_dags/example_trigger_controller_dag.py
[2026-05-10T15:28:50.732+0000] {processor.py:840} INFO - DAG(s) 'example_trigger_controller_dag' retrieved from /home/airflow/.local/lib/python3.12/site-packages/airflow/example_dags/example_trigger_controller_dag.py
[2026-05-10T15:28:50.757+0000] {logging_mixin.py:188} INFO - [2026-05-10T15:28:50.756+0000] {dag.py:3089} INFO - Sync 1 DAGs
[2026-05-10T15:28:50.785+0000] {logging_mixin.py:188} INFO - [2026-05-10T15:28:50.785+0000] {dag.py:3947} INFO - Setting next_dagrun for example_trigger_controller_dag to 2021-01-01 00:00:00+00:00, run_after=2021-01-01 00:00:00+00:00
[2026-05-10T15:28:50.810+0000] {processor.py:183} INFO - Processing /home/airflow/.local/lib/python3.12/site-packages/airflow/example_dags/example_trigger_controller_dag.py took 0.092 seconds
[2026-05-10T15:29:21.177+0000] {processor.py:161} INFO - Started process (PID=24855) to work on /home/airflow/.local/lib/python3.12/site-packages/airflow/example_dags/example_trigger_controller_dag.py
[2026-05-10T15:29:21.178+0000] {processor.py:830} INFO - Processing file /home/airflow/.local/lib/python3.12/site-packages/airflow/example_dags/example_trigger_controller_dag.py for tasks to queue
[2026-05-10T15:29:21.179+0000] {logging_mixin.py:188} INFO - [2026-05-10T15:29:21.179+0000] {dagbag.py:545} INFO - Filling up the DagBag from /home/airflow/.local/lib/python3.12/site-packages/airflow/example_dags/example_trigger_controller_dag.py
[2026-05-10T15:29:21.184+0000] {processor.py:840} INFO - DAG(s) 'example_trigger_controller_dag' retrieved from /home/airflow/.local/lib/python3.12/site-packages/airflow/example_dags/example_trigger_controller_dag.py
[2026-05-10T15:29:21.205+0000] {logging_mixin.py:188} INFO - [2026-05-10T15:29:21.205+0000] {dag.py:3089} INFO - Sync 1 DAGs
[2026-05-10T15:29:21.224+0000] {logging_mixin.py:188} INFO - [2026-05-10T15:29:21.224+0000] {dag.py:3947} INFO - Setting next_dagrun for example_trigger_controller_dag to 2021-01-01 00:00:00+00:00, run_after=2021-01-01 00:00:00+00:00
[2026-05-10T15:29:21.247+0000] {processor.py:183} INFO - Processing /home/airflow/.local/lib/python3.12/site-packages/airflow/example_dags/example_trigger_controller_dag.py took 0.075 seconds
[2026-05-10T15:29:51.828+0000] {processor.py:161} INFO - Started process (PID=24923) to work on /home/airflow/.local/lib/python3.12/site-packages/airflow/example_dags/example_trigger_controller_dag.py
[2026-05-10T15:29:51.829+0000] {processor.py:830} INFO - Processing file /home/airflow/.local/lib/python3.12/site-packages/airflow/example_dags/example_trigger_controller_dag.py for tasks to queue
[2026-05-10T15:29:51.831+0000] {logging_mixin.py:188} INFO - [2026-05-10T15:29:51.830+0000] {dagbag.py:545} INFO - Filling up the DagBag from /home/airflow/.local/lib/python3.12/site-packages/airflow/example_dags/example_trigger_controller_dag.py
[2026-05-10T15:29:51.838+0000] {processor.py:840} INFO - DAG(s) 'example_trigger_controller_dag' retrieved from /home/airflow/.local/lib/python3.12/site-packages/airflow/example_dags/example_trigger_controller_dag.py
[2026-05-10T15:29:51.863+0000] {logging_mixin.py:188} INFO - [2026-05-10T15:29:51.863+0000] {dag.py:3089} INFO - Sync 1 DAGs
[2026-05-10T15:29:51.884+0000] {logging_mixin.py:188} INFO - [2026-05-10T15:29:51.883+0000] {dag.py:3947} INFO - Setting next_dagrun for example_trigger_controller_dag to 2021-01-01 00:00:00+00:00, run_after=2021-01-01 00:00:00+00:00
[2026-05-10T15:29:51.913+0000] {processor.py:183} INFO - Processing /home/airflow/.local/lib/python3.12/site-packages/airflow/example_dags/example_trigger_controller_dag.py took 0.094 seconds
[2026-05-10T15:30:22.691+0000] {processor.py:161} INFO - Started process (PID=24991) to work on /home/airflow/.local/lib/python3.12/site-packages/airflow/example_dags/example_trigger_controller_dag.py
[2026-05-10T15:30:22.693+0000] {processor.py:830} INFO - Processing file /home/airflow/.local/lib/python3.12/site-packages/airflow/example_dags/example_trigger_controller_dag.py for tasks to queue
[2026-05-10T15:30:22.694+0000] {logging_mixin.py:188} INFO - [2026-05-10T15:30:22.694+0000] {dagbag.py:545} INFO - Filling up the DagBag from /home/airflow/.local/lib/python3.12/site-packages/airflow/example_dags/example_trigger_controller_dag.py
[2026-05-10T15:30:22.704+0000] {processor.py:840} INFO - DAG(s) 'example_trigger_controller_dag' retrieved from /home/airflow/.local/lib/python3.12/site-packages/airflow/example_dags/example_trigger_controller_dag.py
[2026-05-10T15:30:22.742+0000] {logging_mixin.py:188} INFO - [2026-05-10T15:30:22.742+0000] {dag.py:3089} INFO - Sync 1 DAGs
[2026-05-10T15:30:22.779+0000] {logging_mixin.py:188} INFO - [2026-05-10T15:30:22.778+0000] {dag.py:3947} INFO - Setting next_dagrun for example_trigger_controller_dag to 2021-01-01 00:00:00+00:00, run_after=2021-01-01 00:00:00+00:00
[2026-05-10T15:30:22.811+0000] {processor.py:183} INFO - Processing /home/airflow/.local/lib/python3.12/site-packages/airflow/example_dags/example_trigger_controller_dag.py took 0.134 seconds
[2026-05-10T15:30:53.012+0000] {processor.py:161} INFO - Started process (PID=25066) to work on /home/airflow/.local/lib/python3.12/site-packages/airflow/example_dags/example_trigger_controller_dag.py
[2026-05-10T15:30:53.013+0000] {processor.py:830} INFO - Processing file /home/airflow/.local/lib/python3.12/site-packages/airflow/example_dags/example_trigger_controller_dag.py for tasks to queue
[2026-05-10T15:30:53.015+0000] {logging_mixin.py:188} INFO - [2026-05-10T15:30:53.015+0000] {dagbag.py:545} INFO - Filling up the DagBag from /home/airflow/.local/lib/python3.12/site-packages/airflow/example_dags/example_trigger_controller_dag.py
[2026-05-10T15:30:53.022+0000] {processor.py:840} INFO - DAG(s) 'example_trigger_controller_dag' retrieved from /home/airflow/.local/lib/python3.12/site-packages/airflow/example_dags/example_trigger_controller_dag.py
[2026-05-10T15:30:53.047+0000] {logging_mixin.py:188} INFO - [2026-05-10T15:30:53.046+0000] {dag.py:3089} INFO - Sync 1 DAGs
[2026-05-10T15:30:53.066+0000] {logging_mixin.py:188} INFO - [2026-05-10T15:30:53.066+0000] {dag.py:3947} INFO - Setting next_dagrun for example_trigger_controller_dag to 2021-01-01 00:00:00+00:00, run_after=2021-01-01 00:00:00+00:00
[2026-05-10T15:30:53.091+0000] {processor.py:183} INFO - Processing /home/airflow/.local/lib/python3.12/site-packages/airflow/example_dags/example_trigger_controller_dag.py took 0.087 seconds
[2026-05-10T15:31:23.607+0000] {processor.py:161} INFO - Started process (PID=25134) to work on /home/airflow/.local/lib/python3.12/site-packages/airflow/example_dags/example_trigger_controller_dag.py
[2026-05-10T15:31:23.610+0000] {processor.py:830} INFO - Processing file /home/airflow/.local/lib/python3.12/site-packages/airflow/example_dags/example_trigger_controller_dag.py for tasks to queue
[2026-05-10T15:31:23.613+0000] {logging_mixin.py:188} INFO - [2026-05-10T15:31:23.612+0000] {dagbag.py:545} INFO - Filling up the DagBag from /home/airflow/.local/lib/python3.12/site-packages/airflow/example_dags/example_trigger_controller_dag.py
[2026-05-10T15:31:23.625+0000] {processor.py:840} INFO - DAG(s) 'example_trigger_controller_dag' retrieved from /home/airflow/.local/lib/python3.12/site-packages/airflow/example_dags/example_trigger_controller_dag.py
[2026-05-10T15:31:23.672+0000] {logging_mixin.py:188} INFO - [2026-05-10T15:31:23.672+0000] {dag.py:3089} INFO - Sync 1 DAGs
[2026-05-10T15:31:23.716+0000] {logging_mixin.py:188} INFO - [2026-05-10T15:31:23.715+0000] {dag.py:3947} INFO - Setting next_dagrun for example_trigger_controller_dag to 2021-01-01 00:00:00+00:00, run_after=2021-01-01 00:00:00+00:00
[2026-05-10T15:31:23.753+0000] {processor.py:183} INFO - Processing /home/airflow/.local/lib/python3.12/site-packages/airflow/example_dags/example_trigger_controller_dag.py took 0.161 seconds
[2026-05-10T15:31:53.834+0000] {processor.py:161} INFO - Started process (PID=25209) to work on /home/airflow/.local/lib/python3.12/site-packages/airflow/example_dags/example_trigger_controller_dag.py
[2026-05-10T15:31:53.836+0000] {processor.py:830} INFO - Processing file /home/airflow/.local/lib/python3.12/site-packages/airflow/example_dags/example_trigger_controller_dag.py for tasks to queue
[2026-05-10T15:31:53.837+0000] {logging_mixin.py:188} INFO - [2026-05-10T15:31:53.836+0000] {dagbag.py:545} INFO - Filling up the DagBag from /home/airflow/.local/lib/python3.12/site-packages/airflow/example_dags/example_trigger_controller_dag.py
[2026-05-10T15:31:53.841+0000] {processor.py:840} INFO - DAG(s) 'example_trigger_controller_dag' retrieved from /home/airflow/.local/lib/python3.12/site-packages/airflow/example_dags/example_trigger_controller_dag.py
[2026-05-10T15:31:53.860+0000] {logging_mixin.py:188} INFO - [2026-05-10T15:31:53.859+0000] {dag.py:3089} INFO - Sync 1 DAGs
[2026-05-10T15:31:53.878+0000] {logging_mixin.py:188} INFO - [2026-05-10T15:31:53.878+0000] {dag.py:3947} INFO - Setting next_dagrun for example_trigger_controller_dag to 2021-01-01 00:00:00+00:00, run_after=2021-01-01 00:00:00+00:00
[2026-05-10T15:31:53.900+0000] {processor.py:183} INFO - Processing /home/airflow/.local/lib/python3.12/site-packages/airflow/example_dags/example_trigger_controller_dag.py took 0.071 seconds
[2026-05-10T15:32:24.834+0000] {processor.py:161} INFO - Started process (PID=25275) to work on /home/airflow/.local/lib/python3.12/site-packages/airflow/example_dags/example_trigger_controller_dag.py
[2026-05-10T15:32:24.836+0000] {processor.py:830} INFO - Processing file /home/airflow/.local/lib/python3.12/site-packages/airflow/example_dags/example_trigger_controller_dag.py for tasks to queue
[2026-05-10T15:32:24.839+0000] {logging_mixin.py:188} INFO - [2026-05-10T15:32:24.838+0000] {dagbag.py:545} INFO - Filling up the DagBag from /home/airflow/.local/lib/python3.12/site-packages/airflow/example_dags/example_trigger_controller_dag.py
[2026-05-10T15:32:24.850+0000] {processor.py:840} INFO - DAG(s) 'example_trigger_controller_dag' retrieved from /home/airflow/.local/lib/python3.12/site-packages/airflow/example_dags/example_trigger_controller_dag.py
[2026-05-10T15:32:24.893+0000] {logging_mixin.py:188} INFO - [2026-05-10T15:32:24.893+0000] {dag.py:3089} INFO - Sync 1 DAGs
[2026-05-10T15:32:24.919+0000] {logging_mixin.py:188} INFO - [2026-05-10T15:32:24.918+0000] {dag.py:3947} INFO - Setting next_dagrun for example_trigger_controller_dag to 2021-01-01 00:00:00+00:00, run_after=2021-01-01 00:00:00+00:00
[2026-05-10T15:32:24.950+0000] {processor.py:183} INFO - Processing /home/airflow/.local/lib/python3.12/site-packages/airflow/example_dags/example_trigger_controller_dag.py took 0.127 seconds
[2026-05-10T15:32:55.252+0000] {processor.py:161} INFO - Started process (PID=25350) to work on /home/airflow/.local/lib/python3.12/site-packages/airflow/example_dags/example_trigger_controller_dag.py
[2026-05-10T15:32:55.253+0000] {processor.py:830} INFO - Processing file /home/airflow/.local/lib/python3.12/site-packages/airflow/example_dags/example_trigger_controller_dag.py for tasks to queue
[2026-05-10T15:32:55.254+0000] {logging_mixin.py:188} INFO - [2026-05-10T15:32:55.253+0000] {dagbag.py:545} INFO - Filling up the DagBag from /home/airflow/.local/lib/python3.12/site-packages/airflow/example_dags/example_trigger_controller_dag.py
[2026-05-10T15:32:55.259+0000] {processor.py:840} INFO - DAG(s) 'example_trigger_controller_dag' retrieved from /home/airflow/.local/lib/python3.12/site-packages/airflow/example_dags/example_trigger_controller_dag.py
[2026-05-10T15:32:55.283+0000] {logging_mixin.py:188} INFO - [2026-05-10T15:32:55.282+0000] {dag.py:3089} INFO - Sync 1 DAGs
[2026-05-10T15:32:55.307+0000] {logging_mixin.py:188} INFO - [2026-05-10T15:32:55.306+0000] {dag.py:3947} INFO - Setting next_dagrun for example_trigger_controller_dag to 2021-01-01 00:00:00+00:00, run_after=2021-01-01 00:00:00+00:00
[2026-05-10T15:32:55.331+0000] {processor.py:183} INFO - Processing /home/airflow/.local/lib/python3.12/site-packages/airflow/example_dags/example_trigger_controller_dag.py took 0.085 seconds
[2026-05-10T15:33:25.441+0000] {processor.py:161} INFO - Started process (PID=25418) to work on /home/airflow/.local/lib/python3.12/site-packages/airflow/example_dags/example_trigger_controller_dag.py
[2026-05-10T15:33:25.442+0000] {processor.py:830} INFO - Processing file /home/airflow/.local/lib/python3.12/site-packages/airflow/example_dags/example_trigger_controller_dag.py for tasks to queue
[2026-05-10T15:33:25.444+0000] {logging_mixin.py:188} INFO - [2026-05-10T15:33:25.444+0000] {dagbag.py:545} INFO - Filling up the DagBag from /home/airflow/.local/lib/python3.12/site-packages/airflow/example_dags/example_trigger_controller_dag.py
[2026-05-10T15:33:25.454+0000] {processor.py:840} INFO - DAG(s) 'example_trigger_controller_dag' retrieved from /home/airflow/.local/lib/python3.12/site-packages/airflow/example_dags/example_trigger_controller_dag.py
[2026-05-10T15:33:25.485+0000] {logging_mixin.py:188} INFO - [2026-05-10T15:33:25.484+0000] {dag.py:3089} INFO - Sync 1 DAGs
[2026-05-10T15:33:25.515+0000] {logging_mixin.py:188} INFO - [2026-05-10T15:33:25.515+0000] {dag.py:3947} INFO - Setting next_dagrun for example_trigger_controller_dag to 2021-01-01 00:00:00+00:00, run_after=2021-01-01 00:00:00+00:00
[2026-05-10T15:33:25.541+0000] {processor.py:183} INFO - Processing /home/airflow/.local/lib/python3.12/site-packages/airflow/example_dags/example_trigger_controller_dag.py took 0.106 seconds
[2026-05-10T15:33:56.341+0000] {processor.py:161} INFO - Started process (PID=25486) to work on /home/airflow/.local/lib/python3.12/site-packages/airflow/example_dags/example_trigger_controller_dag.py
[2026-05-10T15:33:56.343+0000] {processor.py:830} INFO - Processing file /home/airflow/.local/lib/python3.12/site-packages/airflow/example_dags/example_trigger_controller_dag.py for tasks to queue
[2026-05-10T15:33:56.344+0000] {logging_mixin.py:188} INFO - [2026-05-10T15:33:56.343+0000] {dagbag.py:545} INFO - Filling up the DagBag from /home/airflow/.local/lib/python3.12/site-packages/airflow/example_dags/example_trigger_controller_dag.py
[2026-05-10T15:33:56.348+0000] {processor.py:840} INFO - DAG(s) 'example_trigger_controller_dag' retrieved from /home/airflow/.local/lib/python3.12/site-packages/airflow/example_dags/example_trigger_controller_dag.py
[2026-05-10T15:33:56.376+0000] {logging_mixin.py:188} INFO - [2026-05-10T15:33:56.375+0000] {dag.py:3089} INFO - Sync 1 DAGs
[2026-05-10T15:33:56.401+0000] {logging_mixin.py:188} INFO - [2026-05-10T15:33:56.400+0000] {dag.py:3947} INFO - Setting next_dagrun for example_trigger_controller_dag to 2021-01-01 00:00:00+00:00, run_after=2021-01-01 00:00:00+00:00
[2026-05-10T15:33:56.441+0000] {processor.py:183} INFO - Processing /home/airflow/.local/lib/python3.12/site-packages/airflow/example_dags/example_trigger_controller_dag.py took 0.107 seconds
[2026-05-10T15:34:26.655+0000] {processor.py:161} INFO - Started process (PID=25560) to work on /home/airflow/.local/lib/python3.12/site-packages/airflow/example_dags/example_trigger_controller_dag.py
[2026-05-10T15:34:26.659+0000] {processor.py:830} INFO - Processing file /home/airflow/.local/lib/python3.12/site-packages/airflow/example_dags/example_trigger_controller_dag.py for tasks to queue
[2026-05-10T15:34:26.661+0000] {logging_mixin.py:188} INFO - [2026-05-10T15:34:26.660+0000] {dagbag.py:545} INFO - Filling up the DagBag from /home/airflow/.local/lib/python3.12/site-packages/airflow/example_dags/example_trigger_controller_dag.py
[2026-05-10T15:34:26.670+0000] {processor.py:840} INFO - DAG(s) 'example_trigger_controller_dag' retrieved from /home/airflow/.local/lib/python3.12/site-packages/airflow/example_dags/example_trigger_controller_dag.py
[2026-05-10T15:34:26.713+0000] {logging_mixin.py:188} INFO - [2026-05-10T15:34:26.712+0000] {dag.py:3089} INFO - Sync 1 DAGs
[2026-05-10T15:34:26.747+0000] {logging_mixin.py:188} INFO - [2026-05-10T15:34:26.746+0000] {dag.py:3947} INFO - Setting next_dagrun for example_trigger_controller_dag to 2021-01-01 00:00:00+00:00, run_after=2021-01-01 00:00:00+00:00
[2026-05-10T15:34:26.781+0000] {processor.py:183} INFO - Processing /home/airflow/.local/lib/python3.12/site-packages/airflow/example_dags/example_trigger_controller_dag.py took 0.141 seconds
[2026-05-10T15:34:57.038+0000] {processor.py:161} INFO - Started process (PID=25627) to work on /home/airflow/.local/lib/python3.12/site-packages/airflow/example_dags/example_trigger_controller_dag.py
[2026-05-10T15:34:57.040+0000] {processor.py:830} INFO - Processing file /home/airflow/.local/lib/python3.12/site-packages/airflow/example_dags/example_trigger_controller_dag.py for tasks to queue
[2026-05-10T15:34:57.043+0000] {logging_mixin.py:188} INFO - [2026-05-10T15:34:57.042+0000] {dagbag.py:545} INFO - Filling up the DagBag from /home/airflow/.local/lib/python3.12/site-packages/airflow/example_dags/example_trigger_controller_dag.py
[2026-05-10T15:34:57.055+0000] {processor.py:840} INFO - DAG(s) 'example_trigger_controller_dag' retrieved from /home/airflow/.local/lib/python3.12/site-packages/airflow/example_dags/example_trigger_controller_dag.py
[2026-05-10T15:34:57.103+0000] {logging_mixin.py:188} INFO - [2026-05-10T15:34:57.102+0000] {dag.py:3089} INFO - Sync 1 DAGs
[2026-05-10T15:34:57.150+0000] {logging_mixin.py:188} INFO - [2026-05-10T15:34:57.149+0000] {dag.py:3947} INFO - Setting next_dagrun for example_trigger_controller_dag to 2021-01-01 00:00:00+00:00, run_after=2021-01-01 00:00:00+00:00
[2026-05-10T15:34:57.195+0000] {processor.py:183} INFO - Processing /home/airflow/.local/lib/python3.12/site-packages/airflow/example_dags/example_trigger_controller_dag.py took 0.171 seconds
[2026-05-10T15:35:27.589+0000] {processor.py:161} INFO - Started process (PID=25702) to work on /home/airflow/.local/lib/python3.12/site-packages/airflow/example_dags/example_trigger_controller_dag.py
[2026-05-10T15:35:27.590+0000] {processor.py:830} INFO - Processing file /home/airflow/.local/lib/python3.12/site-packages/airflow/example_dags/example_trigger_controller_dag.py for tasks to queue
[2026-05-10T15:35:27.594+0000] {logging_mixin.py:188} INFO - [2026-05-10T15:35:27.594+0000] {dagbag.py:545} INFO - Filling up the DagBag from /home/airflow/.local/lib/python3.12/site-packages/airflow/example_dags/example_trigger_controller_dag.py
[2026-05-10T15:35:27.602+0000] {processor.py:840} INFO - DAG(s) 'example_trigger_controller_dag' retrieved from /home/airflow/.local/lib/python3.12/site-packages/airflow/example_dags/example_trigger_controller_dag.py
[2026-05-10T15:35:27.627+0000] {logging_mixin.py:188} INFO - [2026-05-10T15:35:27.626+0000] {dag.py:3089} INFO - Sync 1 DAGs
[2026-05-10T15:35:27.646+0000] {logging_mixin.py:188} INFO - [2026-05-10T15:35:27.646+0000] {dag.py:3947} INFO - Setting next_dagrun for example_trigger_controller_dag to 2021-01-01 00:00:00+00:00, run_after=2021-01-01 00:00:00+00:00
[2026-05-10T15:35:27.667+0000] {processor.py:183} INFO - Processing /home/airflow/.local/lib/python3.12/site-packages/airflow/example_dags/example_trigger_controller_dag.py took 0.083 seconds
[2026-05-10T15:35:58.158+0000] {processor.py:161} INFO - Started process (PID=25771) to work on /home/airflow/.local/lib/python3.12/site-packages/airflow/example_dags/example_trigger_controller_dag.py
[2026-05-10T15:35:58.160+0000] {processor.py:830} INFO - Processing file /home/airflow/.local/lib/python3.12/site-packages/airflow/example_dags/example_trigger_controller_dag.py for tasks to queue
[2026-05-10T15:35:58.163+0000] {logging_mixin.py:188} INFO - [2026-05-10T15:35:58.162+0000] {dagbag.py:545} INFO - Filling up the DagBag from /home/airflow/.local/lib/python3.12/site-packages/airflow/example_dags/example_trigger_controller_dag.py
[2026-05-10T15:35:58.170+0000] {processor.py:840} INFO - DAG(s) 'example_trigger_controller_dag' retrieved from /home/airflow/.local/lib/python3.12/site-packages/airflow/example_dags/example_trigger_controller_dag.py
[2026-05-10T15:35:58.216+0000] {logging_mixin.py:188} INFO - [2026-05-10T15:35:58.215+0000] {dag.py:3089} INFO - Sync 1 DAGs
[2026-05-10T15:35:58.258+0000] {logging_mixin.py:188} INFO - [2026-05-10T15:35:58.258+0000] {dag.py:3947} INFO - Setting next_dagrun for example_trigger_controller_dag to 2021-01-01 00:00:00+00:00, run_after=2021-01-01 00:00:00+00:00
[2026-05-10T15:35:58.296+0000] {processor.py:183} INFO - Processing /home/airflow/.local/lib/python3.12/site-packages/airflow/example_dags/example_trigger_controller_dag.py took 0.151 seconds
[2026-05-10T15:36:28.575+0000] {processor.py:161} INFO - Started process (PID=25839) to work on /home/airflow/.local/lib/python3.12/site-packages/airflow/example_dags/example_trigger_controller_dag.py
[2026-05-10T15:36:28.578+0000] {processor.py:830} INFO - Processing file /home/airflow/.local/lib/python3.12/site-packages/airflow/example_dags/example_trigger_controller_dag.py for tasks to queue
[2026-05-10T15:36:28.580+0000] {logging_mixin.py:188} INFO - [2026-05-10T15:36:28.579+0000] {dagbag.py:545} INFO - Filling up the DagBag from /home/airflow/.local/lib/python3.12/site-packages/airflow/example_dags/example_trigger_controller_dag.py
[2026-05-10T15:36:28.590+0000] {processor.py:840} INFO - DAG(s) 'example_trigger_controller_dag' retrieved from /home/airflow/.local/lib/python3.12/site-packages/airflow/example_dags/example_trigger_controller_dag.py
[2026-05-10T15:36:28.635+0000] {logging_mixin.py:188} INFO - [2026-05-10T15:36:28.635+0000] {dag.py:3089} INFO - Sync 1 DAGs
[2026-05-10T15:36:28.680+0000] {logging_mixin.py:188} INFO - [2026-05-10T15:36:28.679+0000] {dag.py:3947} INFO - Setting next_dagrun for example_trigger_controller_dag to 2021-01-01 00:00:00+00:00, run_after=2021-01-01 00:00:00+00:00
[2026-05-10T15:36:28.722+0000] {processor.py:183} INFO - Processing /home/airflow/.local/lib/python3.12/site-packages/airflow/example_dags/example_trigger_controller_dag.py took 0.162 seconds
[2026-05-10T15:36:58.806+0000] {processor.py:161} INFO - Started process (PID=25914) to work on /home/airflow/.local/lib/python3.12/site-packages/airflow/example_dags/example_trigger_controller_dag.py
[2026-05-10T15:36:58.808+0000] {processor.py:830} INFO - Processing file /home/airflow/.local/lib/python3.12/site-packages/airflow/example_dags/example_trigger_controller_dag.py for tasks to queue
[2026-05-10T15:36:58.810+0000] {logging_mixin.py:188} INFO - [2026-05-10T15:36:58.809+0000] {dagbag.py:545} INFO - Filling up the DagBag from /home/airflow/.local/lib/python3.12/site-packages/airflow/example_dags/example_trigger_controller_dag.py
[2026-05-10T15:36:58.816+0000] {processor.py:840} INFO - DAG(s) 'example_trigger_controller_dag' retrieved from /home/airflow/.local/lib/python3.12/site-packages/airflow/example_dags/example_trigger_controller_dag.py
[2026-05-10T15:36:58.847+0000] {logging_mixin.py:188} INFO - [2026-05-10T15:36:58.846+0000] {dag.py:3089} INFO - Sync 1 DAGs
[2026-05-10T15:36:58.877+0000] {logging_mixin.py:188} INFO - [2026-05-10T15:36:58.876+0000] {dag.py:3947} INFO - Setting next_dagrun for example_trigger_controller_dag to 2021-01-01 00:00:00+00:00, run_after=2021-01-01 00:00:00+00:00
[2026-05-10T15:36:58.906+0000] {processor.py:183} INFO - Processing /home/airflow/.local/lib/python3.12/site-packages/airflow/example_dags/example_trigger_controller_dag.py took 0.107 seconds
[2026-05-10T15:37:29.341+0000] {processor.py:161} INFO - Started process (PID=25982) to work on /home/airflow/.local/lib/python3.12/site-packages/airflow/example_dags/example_trigger_controller_dag.py
[2026-05-10T15:37:29.343+0000] {processor.py:830} INFO - Processing file /home/airflow/.local/lib/python3.12/site-packages/airflow/example_dags/example_trigger_controller_dag.py for tasks to queue
[2026-05-10T15:37:29.344+0000] {logging_mixin.py:188} INFO - [2026-05-10T15:37:29.343+0000] {dagbag.py:545} INFO - Filling up the DagBag from /home/airflow/.local/lib/python3.12/site-packages/airflow/example_dags/example_trigger_controller_dag.py
[2026-05-10T15:37:29.348+0000] {processor.py:840} INFO - DAG(s) 'example_trigger_controller_dag' retrieved from /home/airflow/.local/lib/python3.12/site-packages/airflow/example_dags/example_trigger_controller_dag.py
[2026-05-10T15:37:29.371+0000] {logging_mixin.py:188} INFO - [2026-05-10T15:37:29.371+0000] {dag.py:3089} INFO - Sync 1 DAGs
[2026-05-10T15:37:29.402+0000] {logging_mixin.py:188} INFO - [2026-05-10T15:37:29.401+0000] {dag.py:3947} INFO - Setting next_dagrun for example_trigger_controller_dag to 2021-01-01 00:00:00+00:00, run_after=2021-01-01 00:00:00+00:00
[2026-05-10T15:37:29.429+0000] {processor.py:183} INFO - Processing /home/airflow/.local/lib/python3.12/site-packages/airflow/example_dags/example_trigger_controller_dag.py took 0.093 seconds
[2026-05-10T15:38:00.281+0000] {processor.py:161} INFO - Started process (PID=26057) to work on /home/airflow/.local/lib/python3.12/site-packages/airflow/example_dags/example_trigger_controller_dag.py
[2026-05-10T15:38:00.282+0000] {processor.py:830} INFO - Processing file /home/airflow/.local/lib/python3.12/site-packages/airflow/example_dags/example_trigger_controller_dag.py for tasks to queue
[2026-05-10T15:38:00.284+0000] {logging_mixin.py:188} INFO - [2026-05-10T15:38:00.283+0000] {dagbag.py:545} INFO - Filling up the DagBag from /home/airflow/.local/lib/python3.12/site-packages/airflow/example_dags/example_trigger_controller_dag.py
[2026-05-10T15:38:00.288+0000] {processor.py:840} INFO - DAG(s) 'example_trigger_controller_dag' retrieved from /home/airflow/.local/lib/python3.12/site-packages/airflow/example_dags/example_trigger_controller_dag.py
[2026-05-10T15:38:00.308+0000] {logging_mixin.py:188} INFO - [2026-05-10T15:38:00.308+0000] {dag.py:3089} INFO - Sync 1 DAGs
[2026-05-10T15:38:00.326+0000] {logging_mixin.py:188} INFO - [2026-05-10T15:38:00.326+0000] {dag.py:3947} INFO - Setting next_dagrun for example_trigger_controller_dag to 2021-01-01 00:00:00+00:00, run_after=2021-01-01 00:00:00+00:00
[2026-05-10T15:38:00.494+0000] {processor.py:183} INFO - Processing /home/airflow/.local/lib/python3.12/site-packages/airflow/example_dags/example_trigger_controller_dag.py took 0.218 seconds
[2026-05-10T15:38:30.865+0000] {processor.py:161} INFO - Started process (PID=26125) to work on /home/airflow/.local/lib/python3.12/site-packages/airflow/example_dags/example_trigger_controller_dag.py
[2026-05-10T15:38:30.867+0000] {processor.py:830} INFO - Processing file /home/airflow/.local/lib/python3.12/site-packages/airflow/example_dags/example_trigger_controller_dag.py for tasks to queue
[2026-05-10T15:38:30.868+0000] {logging_mixin.py:188} INFO - [2026-05-10T15:38:30.868+0000] {dagbag.py:545} INFO - Filling up the DagBag from /home/airflow/.local/lib/python3.12/site-packages/airflow/example_dags/example_trigger_controller_dag.py
[2026-05-10T15:38:30.877+0000] {processor.py:840} INFO - DAG(s) 'example_trigger_controller_dag' retrieved from /home/airflow/.local/lib/python3.12/site-packages/airflow/example_dags/example_trigger_controller_dag.py
[2026-05-10T15:38:30.909+0000] {logging_mixin.py:188} INFO - [2026-05-10T15:38:30.909+0000] {dag.py:3089} INFO - Sync 1 DAGs
[2026-05-10T15:38:30.939+0000] {logging_mixin.py:188} INFO - [2026-05-10T15:38:30.939+0000] {dag.py:3947} INFO - Setting next_dagrun for example_trigger_controller_dag to 2021-01-01 00:00:00+00:00, run_after=2021-01-01 00:00:00+00:00
[2026-05-10T15:38:30.963+0000] {processor.py:183} INFO - Processing /home/airflow/.local/lib/python3.12/site-packages/airflow/example_dags/example_trigger_controller_dag.py took 0.108 seconds
[2026-05-10T15:39:01.106+0000] {processor.py:161} INFO - Started process (PID=26193) to work on /home/airflow/.local/lib/python3.12/site-packages/airflow/example_dags/example_trigger_controller_dag.py
[2026-05-10T15:39:01.107+0000] {processor.py:830} INFO - Processing file /home/airflow/.local/lib/python3.12/site-packages/airflow/example_dags/example_trigger_controller_dag.py for tasks to queue
[2026-05-10T15:39:01.109+0000] {logging_mixin.py:188} INFO - [2026-05-10T15:39:01.108+0000] {dagbag.py:545} INFO - Filling up the DagBag from /home/airflow/.local/lib/python3.12/site-packages/airflow/example_dags/example_trigger_controller_dag.py
[2026-05-10T15:39:01.114+0000] {processor.py:840} INFO - DAG(s) 'example_trigger_controller_dag' retrieved from /home/airflow/.local/lib/python3.12/site-packages/airflow/example_dags/example_trigger_controller_dag.py
[2026-05-10T15:39:01.148+0000] {logging_mixin.py:188} INFO - [2026-05-10T15:39:01.147+0000] {dag.py:3089} INFO - Sync 1 DAGs
[2026-05-10T15:39:01.179+0000] {logging_mixin.py:188} INFO - [2026-05-10T15:39:01.179+0000] {dag.py:3947} INFO - Setting next_dagrun for example_trigger_controller_dag to 2021-01-01 00:00:00+00:00, run_after=2021-01-01 00:00:00+00:00
[2026-05-10T15:39:01.204+0000] {processor.py:183} INFO - Processing /home/airflow/.local/lib/python3.12/site-packages/airflow/example_dags/example_trigger_controller_dag.py took 0.106 seconds
[2026-05-10T15:39:32.216+0000] {processor.py:161} INFO - Started process (PID=26267) to work on /home/airflow/.local/lib/python3.12/site-packages/airflow/example_dags/example_trigger_controller_dag.py
[2026-05-10T15:39:32.218+0000] {processor.py:830} INFO - Processing file /home/airflow/.local/lib/python3.12/site-packages/airflow/example_dags/example_trigger_controller_dag.py for tasks to queue
[2026-05-10T15:39:32.219+0000] {logging_mixin.py:188} INFO - [2026-05-10T15:39:32.218+0000] {dagbag.py:545} INFO - Filling up the DagBag from /home/airflow/.local/lib/python3.12/site-packages/airflow/example_dags/example_trigger_controller_dag.py
[2026-05-10T15:39:32.228+0000] {processor.py:840} INFO - DAG(s) 'example_trigger_controller_dag' retrieved from /home/airflow/.local/lib/python3.12/site-packages/airflow/example_dags/example_trigger_controller_dag.py
[2026-05-10T15:39:32.262+0000] {logging_mixin.py:188} INFO - [2026-05-10T15:39:32.261+0000] {dag.py:3089} INFO - Sync 1 DAGs
[2026-05-10T15:39:32.289+0000] {logging_mixin.py:188} INFO - [2026-05-10T15:39:32.289+0000] {dag.py:3947} INFO - Setting next_dagrun for example_trigger_controller_dag to 2021-01-01 00:00:00+00:00, run_after=2021-01-01 00:00:00+00:00
[2026-05-10T15:39:32.314+0000] {processor.py:183} INFO - Processing /home/airflow/.local/lib/python3.12/site-packages/airflow/example_dags/example_trigger_controller_dag.py took 0.110 seconds
[2026-05-10T15:40:02.993+0000] {processor.py:161} INFO - Started process (PID=26335) to work on /home/airflow/.local/lib/python3.12/site-packages/airflow/example_dags/example_trigger_controller_dag.py
[2026-05-10T15:40:02.996+0000] {processor.py:830} INFO - Processing file /home/airflow/.local/lib/python3.12/site-packages/airflow/example_dags/example_trigger_controller_dag.py for tasks to queue
[2026-05-10T15:40:02.998+0000] {logging_mixin.py:188} INFO - [2026-05-10T15:40:02.997+0000] {dagbag.py:545} INFO - Filling up the DagBag from /home/airflow/.local/lib/python3.12/site-packages/airflow/example_dags/example_trigger_controller_dag.py
[2026-05-10T15:40:03.007+0000] {processor.py:840} INFO - DAG(s) 'example_trigger_controller_dag' retrieved from /home/airflow/.local/lib/python3.12/site-packages/airflow/example_dags/example_trigger_controller_dag.py
[2026-05-10T15:40:03.044+0000] {logging_mixin.py:188} INFO - [2026-05-10T15:40:03.043+0000] {dag.py:3089} INFO - Sync 1 DAGs
[2026-05-10T15:40:03.341+0000] {logging_mixin.py:188} INFO - [2026-05-10T15:40:03.341+0000] {dag.py:3947} INFO - Setting next_dagrun for example_trigger_controller_dag to 2021-01-01 00:00:00+00:00, run_after=2021-01-01 00:00:00+00:00
[2026-05-10T15:40:03.372+0000] {processor.py:183} INFO - Processing /home/airflow/.local/lib/python3.12/site-packages/airflow/example_dags/example_trigger_controller_dag.py took 0.392 seconds
[2026-05-10T15:40:33.590+0000] {processor.py:161} INFO - Started process (PID=26410) to work on /home/airflow/.local/lib/python3.12/site-packages/airflow/example_dags/example_trigger_controller_dag.py
[2026-05-10T15:40:33.593+0000] {processor.py:830} INFO - Processing file /home/airflow/.local/lib/python3.12/site-packages/airflow/example_dags/example_trigger_controller_dag.py for tasks to queue
[2026-05-10T15:40:33.595+0000] {logging_mixin.py:188} INFO - [2026-05-10T15:40:33.595+0000] {dagbag.py:545} INFO - Filling up the DagBag from /home/airflow/.local/lib/python3.12/site-packages/airflow/example_dags/example_trigger_controller_dag.py
[2026-05-10T15:40:33.605+0000] {processor.py:840} INFO - DAG(s) 'example_trigger_controller_dag' retrieved from /home/airflow/.local/lib/python3.12/site-packages/airflow/example_dags/example_trigger_controller_dag.py
[2026-05-10T15:40:33.632+0000] {logging_mixin.py:188} INFO - [2026-05-10T15:40:33.632+0000] {dag.py:3089} INFO - Sync 1 DAGs
[2026-05-10T15:40:33.673+0000] {logging_mixin.py:188} INFO - [2026-05-10T15:40:33.673+0000] {dag.py:3947} INFO - Setting next_dagrun for example_trigger_controller_dag to 2021-01-01 00:00:00+00:00, run_after=2021-01-01 00:00:00+00:00
[2026-05-10T15:40:33.991+0000] {processor.py:183} INFO - Processing /home/airflow/.local/lib/python3.12/site-packages/airflow/example_dags/example_trigger_controller_dag.py took 0.414 seconds
[2026-05-10T15:41:04.265+0000] {processor.py:161} INFO - Started process (PID=26478) to work on /home/airflow/.local/lib/python3.12/site-packages/airflow/example_dags/example_trigger_controller_dag.py
[2026-05-10T15:41:04.267+0000] {processor.py:830} INFO - Processing file /home/airflow/.local/lib/python3.12/site-packages/airflow/example_dags/example_trigger_controller_dag.py for tasks to queue
[2026-05-10T15:41:04.269+0000] {logging_mixin.py:188} INFO - [2026-05-10T15:41:04.268+0000] {dagbag.py:545} INFO - Filling up the DagBag from /home/airflow/.local/lib/python3.12/site-packages/airflow/example_dags/example_trigger_controller_dag.py
[2026-05-10T15:41:04.280+0000] {processor.py:840} INFO - DAG(s) 'example_trigger_controller_dag' retrieved from /home/airflow/.local/lib/python3.12/site-packages/airflow/example_dags/example_trigger_controller_dag.py
[2026-05-10T15:41:04.315+0000] {logging_mixin.py:188} INFO - [2026-05-10T15:41:04.314+0000] {dag.py:3089} INFO - Sync 1 DAGs
[2026-05-10T15:41:04.356+0000] {logging_mixin.py:188} INFO - [2026-05-10T15:41:04.355+0000] {dag.py:3947} INFO - Setting next_dagrun for example_trigger_controller_dag to 2021-01-01 00:00:00+00:00, run_after=2021-01-01 00:00:00+00:00
[2026-05-10T15:41:04.392+0000] {processor.py:183} INFO - Processing /home/airflow/.local/lib/python3.12/site-packages/airflow/example_dags/example_trigger_controller_dag.py took 0.138 seconds
[2026-05-10T15:41:34.492+0000] {processor.py:161} INFO - Started process (PID=26553) to work on /home/airflow/.local/lib/python3.12/site-packages/airflow/example_dags/example_trigger_controller_dag.py
[2026-05-10T15:41:34.495+0000] {processor.py:830} INFO - Processing file /home/airflow/.local/lib/python3.12/site-packages/airflow/example_dags/example_trigger_controller_dag.py for tasks to queue
[2026-05-10T15:41:34.497+0000] {logging_mixin.py:188} INFO - [2026-05-10T15:41:34.496+0000] {dagbag.py:545} INFO - Filling up the DagBag from /home/airflow/.local/lib/python3.12/site-packages/airflow/example_dags/example_trigger_controller_dag.py
[2026-05-10T15:41:34.507+0000] {processor.py:840} INFO - DAG(s) 'example_trigger_controller_dag' retrieved from /home/airflow/.local/lib/python3.12/site-packages/airflow/example_dags/example_trigger_controller_dag.py
[2026-05-10T15:41:34.551+0000] {logging_mixin.py:188} INFO - [2026-05-10T15:41:34.551+0000] {dag.py:3089} INFO - Sync 1 DAGs
[2026-05-10T15:41:34.591+0000] {logging_mixin.py:188} INFO - [2026-05-10T15:41:34.591+0000] {dag.py:3947} INFO - Setting next_dagrun for example_trigger_controller_dag to 2021-01-01 00:00:00+00:00, run_after=2021-01-01 00:00:00+00:00
[2026-05-10T15:41:34.628+0000] {processor.py:183} INFO - Processing /home/airflow/.local/lib/python3.12/site-packages/airflow/example_dags/example_trigger_controller_dag.py took 0.151 seconds
[2026-05-10T15:42:05.096+0000] {processor.py:161} INFO - Started process (PID=26621) to work on /home/airflow/.local/lib/python3.12/site-packages/airflow/example_dags/example_trigger_controller_dag.py
[2026-05-10T15:42:05.098+0000] {processor.py:830} INFO - Processing file /home/airflow/.local/lib/python3.12/site-packages/airflow/example_dags/example_trigger_controller_dag.py for tasks to queue
[2026-05-10T15:42:05.101+0000] {logging_mixin.py:188} INFO - [2026-05-10T15:42:05.100+0000] {dagbag.py:545} INFO - Filling up the DagBag from /home/airflow/.local/lib/python3.12/site-packages/airflow/example_dags/example_trigger_controller_dag.py
[2026-05-10T15:42:05.113+0000] {processor.py:840} INFO - DAG(s) 'example_trigger_controller_dag' retrieved from /home/airflow/.local/lib/python3.12/site-packages/airflow/example_dags/example_trigger_controller_dag.py
[2026-05-10T15:42:05.157+0000] {logging_mixin.py:188} INFO - [2026-05-10T15:42:05.156+0000] {dag.py:3089} INFO - Sync 1 DAGs
[2026-05-10T15:42:05.202+0000] {logging_mixin.py:188} INFO - [2026-05-10T15:42:05.201+0000] {dag.py:3947} INFO - Setting next_dagrun for example_trigger_controller_dag to 2021-01-01 00:00:00+00:00, run_after=2021-01-01 00:00:00+00:00
[2026-05-10T15:42:05.265+0000] {processor.py:183} INFO - Processing /home/airflow/.local/lib/python3.12/site-packages/airflow/example_dags/example_trigger_controller_dag.py took 0.181 seconds
[2026-05-10T15:42:36.192+0000] {processor.py:161} INFO - Started process (PID=26689) to work on /home/airflow/.local/lib/python3.12/site-packages/airflow/example_dags/example_trigger_controller_dag.py
[2026-05-10T15:42:36.195+0000] {processor.py:830} INFO - Processing file /home/airflow/.local/lib/python3.12/site-packages/airflow/example_dags/example_trigger_controller_dag.py for tasks to queue
[2026-05-10T15:42:36.198+0000] {logging_mixin.py:188} INFO - [2026-05-10T15:42:36.197+0000] {dagbag.py:545} INFO - Filling up the DagBag from /home/airflow/.local/lib/python3.12/site-packages/airflow/example_dags/example_trigger_controller_dag.py
[2026-05-10T15:42:36.212+0000] {processor.py:840} INFO - DAG(s) 'example_trigger_controller_dag' retrieved from /home/airflow/.local/lib/python3.12/site-packages/airflow/example_dags/example_trigger_controller_dag.py
[2026-05-10T15:42:36.262+0000] {logging_mixin.py:188} INFO - [2026-05-10T15:42:36.261+0000] {dag.py:3089} INFO - Sync 1 DAGs
[2026-05-10T15:42:36.303+0000] {logging_mixin.py:188} INFO - [2026-05-10T15:42:36.302+0000] {dag.py:3947} INFO - Setting next_dagrun for example_trigger_controller_dag to 2021-01-01 00:00:00+00:00, run_after=2021-01-01 00:00:00+00:00
[2026-05-10T15:42:36.375+0000] {processor.py:183} INFO - Processing /home/airflow/.local/lib/python3.12/site-packages/airflow/example_dags/example_trigger_controller_dag.py took 0.202 seconds
[2026-05-10T15:43:06.523+0000] {processor.py:161} INFO - Started process (PID=26758) to work on /home/airflow/.local/lib/python3.12/site-packages/airflow/example_dags/example_trigger_controller_dag.py
[2026-05-10T15:43:06.525+0000] {processor.py:830} INFO - Processing file /home/airflow/.local/lib/python3.12/site-packages/airflow/example_dags/example_trigger_controller_dag.py for tasks to queue
[2026-05-10T15:43:06.530+0000] {logging_mixin.py:188} INFO - [2026-05-10T15:43:06.529+0000] {dagbag.py:545} INFO - Filling up the DagBag from /home/airflow/.local/lib/python3.12/site-packages/airflow/example_dags/example_trigger_controller_dag.py
[2026-05-10T15:43:06.539+0000] {processor.py:840} INFO - DAG(s) 'example_trigger_controller_dag' retrieved from /home/airflow/.local/lib/python3.12/site-packages/airflow/example_dags/example_trigger_controller_dag.py
[2026-05-10T15:43:06.580+0000] {logging_mixin.py:188} INFO - [2026-05-10T15:43:06.579+0000] {dag.py:3089} INFO - Sync 1 DAGs
[2026-05-10T15:43:06.617+0000] {logging_mixin.py:188} INFO - [2026-05-10T15:43:06.617+0000] {dag.py:3947} INFO - Setting next_dagrun for example_trigger_controller_dag to 2021-01-01 00:00:00+00:00, run_after=2021-01-01 00:00:00+00:00
[2026-05-10T15:43:06.684+0000] {processor.py:183} INFO - Processing /home/airflow/.local/lib/python3.12/site-packages/airflow/example_dags/example_trigger_controller_dag.py took 0.171 seconds
[2026-05-10T15:43:37.337+0000] {processor.py:161} INFO - Started process (PID=26833) to work on /home/airflow/.local/lib/python3.12/site-packages/airflow/example_dags/example_trigger_controller_dag.py
[2026-05-10T15:43:37.339+0000] {processor.py:830} INFO - Processing file /home/airflow/.local/lib/python3.12/site-packages/airflow/example_dags/example_trigger_controller_dag.py for tasks to queue
[2026-05-10T15:43:37.341+0000] {logging_mixin.py:188} INFO - [2026-05-10T15:43:37.340+0000] {dagbag.py:545} INFO - Filling up the DagBag from /home/airflow/.local/lib/python3.12/site-packages/airflow/example_dags/example_trigger_controller_dag.py
[2026-05-10T15:43:37.350+0000] {processor.py:840} INFO - DAG(s) 'example_trigger_controller_dag' retrieved from /home/airflow/.local/lib/python3.12/site-packages/airflow/example_dags/example_trigger_controller_dag.py
[2026-05-10T15:43:37.382+0000] {logging_mixin.py:188} INFO - [2026-05-10T15:43:37.382+0000] {dag.py:3089} INFO - Sync 1 DAGs
[2026-05-10T15:43:37.411+0000] {logging_mixin.py:188} INFO - [2026-05-10T15:43:37.411+0000] {dag.py:3947} INFO - Setting next_dagrun for example_trigger_controller_dag to 2021-01-01 00:00:00+00:00, run_after=2021-01-01 00:00:00+00:00
[2026-05-10T15:43:37.474+0000] {processor.py:183} INFO - Processing /home/airflow/.local/lib/python3.12/site-packages/airflow/example_dags/example_trigger_controller_dag.py took 0.148 seconds
[2026-05-10T15:44:07.862+0000] {processor.py:161} INFO - Started process (PID=26901) to work on /home/airflow/.local/lib/python3.12/site-packages/airflow/example_dags/example_trigger_controller_dag.py
[2026-05-10T15:44:07.865+0000] {processor.py:830} INFO - Processing file /home/airflow/.local/lib/python3.12/site-packages/airflow/example_dags/example_trigger_controller_dag.py for tasks to queue
[2026-05-10T15:44:07.869+0000] {logging_mixin.py:188} INFO - [2026-05-10T15:44:07.868+0000] {dagbag.py:545} INFO - Filling up the DagBag from /home/airflow/.local/lib/python3.12/site-packages/airflow/example_dags/example_trigger_controller_dag.py
[2026-05-10T15:44:07.881+0000] {processor.py:840} INFO - DAG(s) 'example_trigger_controller_dag' retrieved from /home/airflow/.local/lib/python3.12/site-packages/airflow/example_dags/example_trigger_controller_dag.py
[2026-05-10T15:44:07.931+0000] {logging_mixin.py:188} INFO - [2026-05-10T15:44:07.930+0000] {dag.py:3089} INFO - Sync 1 DAGs
[2026-05-10T15:44:07.969+0000] {logging_mixin.py:188} INFO - [2026-05-10T15:44:07.969+0000] {dag.py:3947} INFO - Setting next_dagrun for example_trigger_controller_dag to 2021-01-01 00:00:00+00:00, run_after=2021-01-01 00:00:00+00:00
[2026-05-10T15:44:08.011+0000] {processor.py:183} INFO - Processing /home/airflow/.local/lib/python3.12/site-packages/airflow/example_dags/example_trigger_controller_dag.py took 0.167 seconds
[2026-05-10T15:44:38.806+0000] {processor.py:161} INFO - Started process (PID=26968) to work on /home/airflow/.local/lib/python3.12/site-packages/airflow/example_dags/example_trigger_controller_dag.py
[2026-05-10T15:44:38.809+0000] {processor.py:830} INFO - Processing file /home/airflow/.local/lib/python3.12/site-packages/airflow/example_dags/example_trigger_controller_dag.py for tasks to queue
[2026-05-10T15:44:38.811+0000] {logging_mixin.py:188} INFO - [2026-05-10T15:44:38.811+0000] {dagbag.py:545} INFO - Filling up the DagBag from /home/airflow/.local/lib/python3.12/site-packages/airflow/example_dags/example_trigger_controller_dag.py
[2026-05-10T15:44:38.824+0000] {processor.py:840} INFO - DAG(s) 'example_trigger_controller_dag' retrieved from /home/airflow/.local/lib/python3.12/site-packages/airflow/example_dags/example_trigger_controller_dag.py
[2026-05-10T15:44:38.868+0000] {logging_mixin.py:188} INFO - [2026-05-10T15:44:38.867+0000] {dag.py:3089} INFO - Sync 1 DAGs
[2026-05-10T15:44:38.908+0000] {logging_mixin.py:188} INFO - [2026-05-10T15:44:38.908+0000] {dag.py:3947} INFO - Setting next_dagrun for example_trigger_controller_dag to 2021-01-01 00:00:00+00:00, run_after=2021-01-01 00:00:00+00:00
[2026-05-10T15:44:38.950+0000] {processor.py:183} INFO - Processing /home/airflow/.local/lib/python3.12/site-packages/airflow/example_dags/example_trigger_controller_dag.py took 0.160 seconds
[2026-05-10T15:45:09.636+0000] {processor.py:161} INFO - Started process (PID=27037) to work on /home/airflow/.local/lib/python3.12/site-packages/airflow/example_dags/example_trigger_controller_dag.py
[2026-05-10T15:45:09.641+0000] {processor.py:830} INFO - Processing file /home/airflow/.local/lib/python3.12/site-packages/airflow/example_dags/example_trigger_controller_dag.py for tasks to queue
[2026-05-10T15:45:09.642+0000] {logging_mixin.py:188} INFO - [2026-05-10T15:45:09.642+0000] {dagbag.py:545} INFO - Filling up the DagBag from /home/airflow/.local/lib/python3.12/site-packages/airflow/example_dags/example_trigger_controller_dag.py
[2026-05-10T15:45:09.651+0000] {processor.py:840} INFO - DAG(s) 'example_trigger_controller_dag' retrieved from /home/airflow/.local/lib/python3.12/site-packages/airflow/example_dags/example_trigger_controller_dag.py
[2026-05-10T15:45:09.688+0000] {logging_mixin.py:188} INFO - [2026-05-10T15:45:09.688+0000] {dag.py:3089} INFO - Sync 1 DAGs
[2026-05-10T15:45:09.719+0000] {logging_mixin.py:188} INFO - [2026-05-10T15:45:09.719+0000] {dag.py:3947} INFO - Setting next_dagrun for example_trigger_controller_dag to 2021-01-01 00:00:00+00:00, run_after=2021-01-01 00:00:00+00:00
[2026-05-10T15:45:09.750+0000] {processor.py:183} INFO - Processing /home/airflow/.local/lib/python3.12/site-packages/airflow/example_dags/example_trigger_controller_dag.py took 0.124 seconds
[2026-05-10T15:45:40.193+0000] {processor.py:161} INFO - Started process (PID=27106) to work on /home/airflow/.local/lib/python3.12/site-packages/airflow/example_dags/example_trigger_controller_dag.py
[2026-05-10T15:45:40.196+0000] {processor.py:830} INFO - Processing file /home/airflow/.local/lib/python3.12/site-packages/airflow/example_dags/example_trigger_controller_dag.py for tasks to queue
[2026-05-10T15:45:40.198+0000] {logging_mixin.py:188} INFO - [2026-05-10T15:45:40.198+0000] {dagbag.py:545} INFO - Filling up the DagBag from /home/airflow/.local/lib/python3.12/site-packages/airflow/example_dags/example_trigger_controller_dag.py
[2026-05-10T15:45:40.206+0000] {processor.py:840} INFO - DAG(s) 'example_trigger_controller_dag' retrieved from /home/airflow/.local/lib/python3.12/site-packages/airflow/example_dags/example_trigger_controller_dag.py
[2026-05-10T15:45:40.239+0000] {logging_mixin.py:188} INFO - [2026-05-10T15:45:40.238+0000] {dag.py:3089} INFO - Sync 1 DAGs
[2026-05-10T15:45:40.272+0000] {logging_mixin.py:188} INFO - [2026-05-10T15:45:40.271+0000] {dag.py:3947} INFO - Setting next_dagrun for example_trigger_controller_dag to 2021-01-01 00:00:00+00:00, run_after=2021-01-01 00:00:00+00:00
[2026-05-10T15:45:40.303+0000] {processor.py:183} INFO - Processing /home/airflow/.local/lib/python3.12/site-packages/airflow/example_dags/example_trigger_controller_dag.py took 0.120 seconds
[2026-05-10T15:46:10.776+0000] {processor.py:161} INFO - Started process (PID=27181) to work on /home/airflow/.local/lib/python3.12/site-packages/airflow/example_dags/example_trigger_controller_dag.py
[2026-05-10T15:46:10.778+0000] {processor.py:830} INFO - Processing file /home/airflow/.local/lib/python3.12/site-packages/airflow/example_dags/example_trigger_controller_dag.py for tasks to queue
[2026-05-10T15:46:10.780+0000] {logging_mixin.py:188} INFO - [2026-05-10T15:46:10.780+0000] {dagbag.py:545} INFO - Filling up the DagBag from /home/airflow/.local/lib/python3.12/site-packages/airflow/example_dags/example_trigger_controller_dag.py
[2026-05-10T15:46:10.788+0000] {processor.py:840} INFO - DAG(s) 'example_trigger_controller_dag' retrieved from /home/airflow/.local/lib/python3.12/site-packages/airflow/example_dags/example_trigger_controller_dag.py
[2026-05-10T15:46:10.829+0000] {logging_mixin.py:188} INFO - [2026-05-10T15:46:10.828+0000] {dag.py:3089} INFO - Sync 1 DAGs
[2026-05-10T15:46:10.860+0000] {logging_mixin.py:188} INFO - [2026-05-10T15:46:10.859+0000] {dag.py:3947} INFO - Setting next_dagrun for example_trigger_controller_dag to 2021-01-01 00:00:00+00:00, run_after=2021-01-01 00:00:00+00:00
[2026-05-10T15:46:10.921+0000] {processor.py:183} INFO - Processing /home/airflow/.local/lib/python3.12/site-packages/airflow/example_dags/example_trigger_controller_dag.py took 0.157 seconds
[2026-05-10T15:46:41.140+0000] {processor.py:161} INFO - Started process (PID=27249) to work on /home/airflow/.local/lib/python3.12/site-packages/airflow/example_dags/example_trigger_controller_dag.py
[2026-05-10T15:46:41.142+0000] {processor.py:830} INFO - Processing file /home/airflow/.local/lib/python3.12/site-packages/airflow/example_dags/example_trigger_controller_dag.py for tasks to queue
[2026-05-10T15:46:41.144+0000] {logging_mixin.py:188} INFO - [2026-05-10T15:46:41.144+0000] {dagbag.py:545} INFO - Filling up the DagBag from /home/airflow/.local/lib/python3.12/site-packages/airflow/example_dags/example_trigger_controller_dag.py
[2026-05-10T15:46:41.152+0000] {processor.py:840} INFO - DAG(s) 'example_trigger_controller_dag' retrieved from /home/airflow/.local/lib/python3.12/site-packages/airflow/example_dags/example_trigger_controller_dag.py
[2026-05-10T15:46:41.187+0000] {logging_mixin.py:188} INFO - [2026-05-10T15:46:41.186+0000] {dag.py:3089} INFO - Sync 1 DAGs
[2026-05-10T15:46:41.217+0000] {logging_mixin.py:188} INFO - [2026-05-10T15:46:41.217+0000] {dag.py:3947} INFO - Setting next_dagrun for example_trigger_controller_dag to 2021-01-01 00:00:00+00:00, run_after=2021-01-01 00:00:00+00:00
[2026-05-10T15:46:41.282+0000] {processor.py:183} INFO - Processing /home/airflow/.local/lib/python3.12/site-packages/airflow/example_dags/example_trigger_controller_dag.py took 0.151 seconds
[2026-05-10T15:47:11.973+0000] {processor.py:161} INFO - Started process (PID=27317) to work on /home/airflow/.local/lib/python3.12/site-packages/airflow/example_dags/example_trigger_controller_dag.py
[2026-05-10T15:47:11.975+0000] {processor.py:830} INFO - Processing file /home/airflow/.local/lib/python3.12/site-packages/airflow/example_dags/example_trigger_controller_dag.py for tasks to queue
[2026-05-10T15:47:11.977+0000] {logging_mixin.py:188} INFO - [2026-05-10T15:47:11.977+0000] {dagbag.py:545} INFO - Filling up the DagBag from /home/airflow/.local/lib/python3.12/site-packages/airflow/example_dags/example_trigger_controller_dag.py
[2026-05-10T15:47:11.986+0000] {processor.py:840} INFO - DAG(s) 'example_trigger_controller_dag' retrieved from /home/airflow/.local/lib/python3.12/site-packages/airflow/example_dags/example_trigger_controller_dag.py
[2026-05-10T15:47:12.022+0000] {logging_mixin.py:188} INFO - [2026-05-10T15:47:12.021+0000] {dag.py:3089} INFO - Sync 1 DAGs
[2026-05-10T15:47:12.056+0000] {logging_mixin.py:188} INFO - [2026-05-10T15:47:12.056+0000] {dag.py:3947} INFO - Setting next_dagrun for example_trigger_controller_dag to 2021-01-01 00:00:00+00:00, run_after=2021-01-01 00:00:00+00:00
[2026-05-10T15:47:12.142+0000] {processor.py:183} INFO - Processing /home/airflow/.local/lib/python3.12/site-packages/airflow/example_dags/example_trigger_controller_dag.py took 0.183 seconds
[2026-05-10T15:47:42.737+0000] {processor.py:161} INFO - Started process (PID=27385) to work on /home/airflow/.local/lib/python3.12/site-packages/airflow/example_dags/example_trigger_controller_dag.py
[2026-05-10T15:47:42.739+0000] {processor.py:830} INFO - Processing file /home/airflow/.local/lib/python3.12/site-packages/airflow/example_dags/example_trigger_controller_dag.py for tasks to queue
[2026-05-10T15:47:42.741+0000] {logging_mixin.py:188} INFO - [2026-05-10T15:47:42.740+0000] {dagbag.py:545} INFO - Filling up the DagBag from /home/airflow/.local/lib/python3.12/site-packages/airflow/example_dags/example_trigger_controller_dag.py
[2026-05-10T15:47:42.751+0000] {processor.py:840} INFO - DAG(s) 'example_trigger_controller_dag' retrieved from /home/airflow/.local/lib/python3.12/site-packages/airflow/example_dags/example_trigger_controller_dag.py
[2026-05-10T15:47:42.786+0000] {logging_mixin.py:188} INFO - [2026-05-10T15:47:42.785+0000] {dag.py:3089} INFO - Sync 1 DAGs
[2026-05-10T15:47:42.827+0000] {logging_mixin.py:188} INFO - [2026-05-10T15:47:42.826+0000] {dag.py:3947} INFO - Setting next_dagrun for example_trigger_controller_dag to 2021-01-01 00:00:00+00:00, run_after=2021-01-01 00:00:00+00:00
[2026-05-10T15:47:43.021+0000] {processor.py:183} INFO - Processing /home/airflow/.local/lib/python3.12/site-packages/airflow/example_dags/example_trigger_controller_dag.py took 0.293 seconds
[2026-05-10T15:48:13.311+0000] {processor.py:161} INFO - Started process (PID=27454) to work on /home/airflow/.local/lib/python3.12/site-packages/airflow/example_dags/example_trigger_controller_dag.py
[2026-05-10T15:48:13.313+0000] {processor.py:830} INFO - Processing file /home/airflow/.local/lib/python3.12/site-packages/airflow/example_dags/example_trigger_controller_dag.py for tasks to queue
[2026-05-10T15:48:13.315+0000] {logging_mixin.py:188} INFO - [2026-05-10T15:48:13.315+0000] {dagbag.py:545} INFO - Filling up the DagBag from /home/airflow/.local/lib/python3.12/site-packages/airflow/example_dags/example_trigger_controller_dag.py
[2026-05-10T15:48:13.324+0000] {processor.py:840} INFO - DAG(s) 'example_trigger_controller_dag' retrieved from /home/airflow/.local/lib/python3.12/site-packages/airflow/example_dags/example_trigger_controller_dag.py
[2026-05-10T15:48:13.363+0000] {logging_mixin.py:188} INFO - [2026-05-10T15:48:13.363+0000] {dag.py:3089} INFO - Sync 1 DAGs
[2026-05-10T15:48:13.399+0000] {logging_mixin.py:188} INFO - [2026-05-10T15:48:13.398+0000] {dag.py:3947} INFO - Setting next_dagrun for example_trigger_controller_dag to 2021-01-01 00:00:00+00:00, run_after=2021-01-01 00:00:00+00:00
[2026-05-10T15:48:13.466+0000] {processor.py:183} INFO - Processing /home/airflow/.local/lib/python3.12/site-packages/airflow/example_dags/example_trigger_controller_dag.py took 0.167 seconds
[2026-05-10T15:48:43.689+0000] {processor.py:161} INFO - Started process (PID=27522) to work on /home/airflow/.local/lib/python3.12/site-packages/airflow/example_dags/example_trigger_controller_dag.py
[2026-05-10T15:48:43.692+0000] {processor.py:830} INFO - Processing file /home/airflow/.local/lib/python3.12/site-packages/airflow/example_dags/example_trigger_controller_dag.py for tasks to queue
[2026-05-10T15:48:43.694+0000] {logging_mixin.py:188} INFO - [2026-05-10T15:48:43.693+0000] {dagbag.py:545} INFO - Filling up the DagBag from /home/airflow/.local/lib/python3.12/site-packages/airflow/example_dags/example_trigger_controller_dag.py
[2026-05-10T15:48:43.702+0000] {processor.py:840} INFO - DAG(s) 'example_trigger_controller_dag' retrieved from /home/airflow/.local/lib/python3.12/site-packages/airflow/example_dags/example_trigger_controller_dag.py
[2026-05-10T15:48:43.742+0000] {logging_mixin.py:188} INFO - [2026-05-10T15:48:43.741+0000] {dag.py:3089} INFO - Sync 1 DAGs
[2026-05-10T15:48:43.782+0000] {logging_mixin.py:188} INFO - [2026-05-10T15:48:43.781+0000] {dag.py:3947} INFO - Setting next_dagrun for example_trigger_controller_dag to 2021-01-01 00:00:00+00:00, run_after=2021-01-01 00:00:00+00:00
[2026-05-10T15:48:43.818+0000] {processor.py:183} INFO - Processing /home/airflow/.local/lib/python3.12/site-packages/airflow/example_dags/example_trigger_controller_dag.py took 0.138 seconds
[2026-05-10T15:49:14.146+0000] {processor.py:161} INFO - Started process (PID=27597) to work on /home/airflow/.local/lib/python3.12/site-packages/airflow/example_dags/example_trigger_controller_dag.py
[2026-05-10T15:49:14.150+0000] {processor.py:830} INFO - Processing file /home/airflow/.local/lib/python3.12/site-packages/airflow/example_dags/example_trigger_controller_dag.py for tasks to queue
[2026-05-10T15:49:14.152+0000] {logging_mixin.py:188} INFO - [2026-05-10T15:49:14.151+0000] {dagbag.py:545} INFO - Filling up the DagBag from /home/airflow/.local/lib/python3.12/site-packages/airflow/example_dags/example_trigger_controller_dag.py
[2026-05-10T15:49:14.160+0000] {processor.py:840} INFO - DAG(s) 'example_trigger_controller_dag' retrieved from /home/airflow/.local/lib/python3.12/site-packages/airflow/example_dags/example_trigger_controller_dag.py
[2026-05-10T15:49:14.200+0000] {logging_mixin.py:188} INFO - [2026-05-10T15:49:14.200+0000] {dag.py:3089} INFO - Sync 1 DAGs
[2026-05-10T15:49:14.274+0000] {logging_mixin.py:188} INFO - [2026-05-10T15:49:14.274+0000] {dag.py:3947} INFO - Setting next_dagrun for example_trigger_controller_dag to 2021-01-01 00:00:00+00:00, run_after=2021-01-01 00:00:00+00:00
[2026-05-10T15:49:14.343+0000] {processor.py:183} INFO - Processing /home/airflow/.local/lib/python3.12/site-packages/airflow/example_dags/example_trigger_controller_dag.py took 0.207 seconds
[2026-05-10T15:49:44.980+0000] {processor.py:161} INFO - Started process (PID=27665) to work on /home/airflow/.local/lib/python3.12/site-packages/airflow/example_dags/example_trigger_controller_dag.py
[2026-05-10T15:49:44.981+0000] {processor.py:830} INFO - Processing file /home/airflow/.local/lib/python3.12/site-packages/airflow/example_dags/example_trigger_controller_dag.py for tasks to queue
[2026-05-10T15:49:44.984+0000] {logging_mixin.py:188} INFO - [2026-05-10T15:49:44.983+0000] {dagbag.py:545} INFO - Filling up the DagBag from /home/airflow/.local/lib/python3.12/site-packages/airflow/example_dags/example_trigger_controller_dag.py
[2026-05-10T15:49:44.995+0000] {processor.py:840} INFO - DAG(s) 'example_trigger_controller_dag' retrieved from /home/airflow/.local/lib/python3.12/site-packages/airflow/example_dags/example_trigger_controller_dag.py
[2026-05-10T15:49:45.049+0000] {logging_mixin.py:188} INFO - [2026-05-10T15:49:45.049+0000] {dag.py:3089} INFO - Sync 1 DAGs
[2026-05-10T15:49:45.104+0000] {logging_mixin.py:188} INFO - [2026-05-10T15:49:45.103+0000] {dag.py:3947} INFO - Setting next_dagrun for example_trigger_controller_dag to 2021-01-01 00:00:00+00:00, run_after=2021-01-01 00:00:00+00:00
[2026-05-10T15:49:45.182+0000] {processor.py:183} INFO - Processing /home/airflow/.local/lib/python3.12/site-packages/airflow/example_dags/example_trigger_controller_dag.py took 0.211 seconds
[2026-05-10T15:50:15.703+0000] {processor.py:161} INFO - Started process (PID=27732) to work on /home/airflow/.local/lib/python3.12/site-packages/airflow/example_dags/example_trigger_controller_dag.py
[2026-05-10T15:50:15.706+0000] {processor.py:830} INFO - Processing file /home/airflow/.local/lib/python3.12/site-packages/airflow/example_dags/example_trigger_controller_dag.py for tasks to queue
[2026-05-10T15:50:15.708+0000] {logging_mixin.py:188} INFO - [2026-05-10T15:50:15.707+0000] {dagbag.py:545} INFO - Filling up the DagBag from /home/airflow/.local/lib/python3.12/site-packages/airflow/example_dags/example_trigger_controller_dag.py
[2026-05-10T15:50:15.716+0000] {processor.py:840} INFO - DAG(s) 'example_trigger_controller_dag' retrieved from /home/airflow/.local/lib/python3.12/site-packages/airflow/example_dags/example_trigger_controller_dag.py
[2026-05-10T15:50:15.756+0000] {logging_mixin.py:188} INFO - [2026-05-10T15:50:15.755+0000] {dag.py:3089} INFO - Sync 1 DAGs
[2026-05-10T15:50:15.793+0000] {logging_mixin.py:188} INFO - [2026-05-10T15:50:15.792+0000] {dag.py:3947} INFO - Setting next_dagrun for example_trigger_controller_dag to 2021-01-01 00:00:00+00:00, run_after=2021-01-01 00:00:00+00:00
[2026-05-10T15:50:15.848+0000] {processor.py:183} INFO - Processing /home/airflow/.local/lib/python3.12/site-packages/airflow/example_dags/example_trigger_controller_dag.py took 0.158 seconds
[2026-05-10T15:50:46.032+0000] {processor.py:161} INFO - Started process (PID=27800) to work on /home/airflow/.local/lib/python3.12/site-packages/airflow/example_dags/example_trigger_controller_dag.py
[2026-05-10T15:50:46.034+0000] {processor.py:830} INFO - Processing file /home/airflow/.local/lib/python3.12/site-packages/airflow/example_dags/example_trigger_controller_dag.py for tasks to queue
[2026-05-10T15:50:46.037+0000] {logging_mixin.py:188} INFO - [2026-05-10T15:50:46.036+0000] {dagbag.py:545} INFO - Filling up the DagBag from /home/airflow/.local/lib/python3.12/site-packages/airflow/example_dags/example_trigger_controller_dag.py
[2026-05-10T15:50:46.046+0000] {processor.py:840} INFO - DAG(s) 'example_trigger_controller_dag' retrieved from /home/airflow/.local/lib/python3.12/site-packages/airflow/example_dags/example_trigger_controller_dag.py
[2026-05-10T15:50:46.090+0000] {logging_mixin.py:188} INFO - [2026-05-10T15:50:46.090+0000] {dag.py:3089} INFO - Sync 1 DAGs
[2026-05-10T15:50:46.130+0000] {logging_mixin.py:188} INFO - [2026-05-10T15:50:46.130+0000] {dag.py:3947} INFO - Setting next_dagrun for example_trigger_controller_dag to 2021-01-01 00:00:00+00:00, run_after=2021-01-01 00:00:00+00:00
[2026-05-10T15:50:46.200+0000] {processor.py:183} INFO - Processing /home/airflow/.local/lib/python3.12/site-packages/airflow/example_dags/example_trigger_controller_dag.py took 0.184 seconds
[2026-05-10T15:51:16.374+0000] {processor.py:161} INFO - Started process (PID=27868) to work on /home/airflow/.local/lib/python3.12/site-packages/airflow/example_dags/example_trigger_controller_dag.py
[2026-05-10T15:51:16.377+0000] {processor.py:830} INFO - Processing file /home/airflow/.local/lib/python3.12/site-packages/airflow/example_dags/example_trigger_controller_dag.py for tasks to queue
[2026-05-10T15:51:16.379+0000] {logging_mixin.py:188} INFO - [2026-05-10T15:51:16.379+0000] {dagbag.py:545} INFO - Filling up the DagBag from /home/airflow/.local/lib/python3.12/site-packages/airflow/example_dags/example_trigger_controller_dag.py
[2026-05-10T15:51:16.388+0000] {processor.py:840} INFO - DAG(s) 'example_trigger_controller_dag' retrieved from /home/airflow/.local/lib/python3.12/site-packages/airflow/example_dags/example_trigger_controller_dag.py
[2026-05-10T15:51:16.428+0000] {logging_mixin.py:188} INFO - [2026-05-10T15:51:16.428+0000] {dag.py:3089} INFO - Sync 1 DAGs
[2026-05-10T15:51:16.460+0000] {logging_mixin.py:188} INFO - [2026-05-10T15:51:16.459+0000] {dag.py:3947} INFO - Setting next_dagrun for example_trigger_controller_dag to 2021-01-01 00:00:00+00:00, run_after=2021-01-01 00:00:00+00:00
[2026-05-10T15:51:16.525+0000] {processor.py:183} INFO - Processing /home/airflow/.local/lib/python3.12/site-packages/airflow/example_dags/example_trigger_controller_dag.py took 0.162 seconds
[2026-05-10T15:51:46.937+0000] {processor.py:161} INFO - Started process (PID=27936) to work on /home/airflow/.local/lib/python3.12/site-packages/airflow/example_dags/example_trigger_controller_dag.py
[2026-05-10T15:51:46.939+0000] {processor.py:830} INFO - Processing file /home/airflow/.local/lib/python3.12/site-packages/airflow/example_dags/example_trigger_controller_dag.py for tasks to queue
[2026-05-10T15:51:46.941+0000] {logging_mixin.py:188} INFO - [2026-05-10T15:51:46.941+0000] {dagbag.py:545} INFO - Filling up the DagBag from /home/airflow/.local/lib/python3.12/site-packages/airflow/example_dags/example_trigger_controller_dag.py
[2026-05-10T15:51:46.954+0000] {processor.py:840} INFO - DAG(s) 'example_trigger_controller_dag' retrieved from /home/airflow/.local/lib/python3.12/site-packages/airflow/example_dags/example_trigger_controller_dag.py
[2026-05-10T15:51:46.989+0000] {logging_mixin.py:188} INFO - [2026-05-10T15:51:46.989+0000] {dag.py:3089} INFO - Sync 1 DAGs
[2026-05-10T15:51:47.026+0000] {logging_mixin.py:188} INFO - [2026-05-10T15:51:47.026+0000] {dag.py:3947} INFO - Setting next_dagrun for example_trigger_controller_dag to 2021-01-01 00:00:00+00:00, run_after=2021-01-01 00:00:00+00:00
[2026-05-10T15:51:47.094+0000] {processor.py:183} INFO - Processing /home/airflow/.local/lib/python3.12/site-packages/airflow/example_dags/example_trigger_controller_dag.py took 0.171 seconds
[2026-05-10T15:52:17.337+0000] {processor.py:161} INFO - Started process (PID=28011) to work on /home/airflow/.local/lib/python3.12/site-packages/airflow/example_dags/example_trigger_controller_dag.py
[2026-05-10T15:52:17.345+0000] {processor.py:830} INFO - Processing file /home/airflow/.local/lib/python3.12/site-packages/airflow/example_dags/example_trigger_controller_dag.py for tasks to queue
[2026-05-10T15:52:17.347+0000] {logging_mixin.py:188} INFO - [2026-05-10T15:52:17.346+0000] {dagbag.py:545} INFO - Filling up the DagBag from /home/airflow/.local/lib/python3.12/site-packages/airflow/example_dags/example_trigger_controller_dag.py
[2026-05-10T15:52:17.358+0000] {processor.py:840} INFO - DAG(s) 'example_trigger_controller_dag' retrieved from /home/airflow/.local/lib/python3.12/site-packages/airflow/example_dags/example_trigger_controller_dag.py
[2026-05-10T15:52:17.395+0000] {logging_mixin.py:188} INFO - [2026-05-10T15:52:17.395+0000] {dag.py:3089} INFO - Sync 1 DAGs
[2026-05-10T15:52:17.430+0000] {logging_mixin.py:188} INFO - [2026-05-10T15:52:17.429+0000] {dag.py:3947} INFO - Setting next_dagrun for example_trigger_controller_dag to 2021-01-01 00:00:00+00:00, run_after=2021-01-01 00:00:00+00:00
[2026-05-10T15:52:17.465+0000] {processor.py:183} INFO - Processing /home/airflow/.local/lib/python3.12/site-packages/airflow/example_dags/example_trigger_controller_dag.py took 0.138 seconds
[2026-05-10T15:52:47.930+0000] {processor.py:161} INFO - Started process (PID=28079) to work on /home/airflow/.local/lib/python3.12/site-packages/airflow/example_dags/example_trigger_controller_dag.py
[2026-05-10T15:52:47.932+0000] {processor.py:830} INFO - Processing file /home/airflow/.local/lib/python3.12/site-packages/airflow/example_dags/example_trigger_controller_dag.py for tasks to queue
[2026-05-10T15:52:47.934+0000] {logging_mixin.py:188} INFO - [2026-05-10T15:52:47.934+0000] {dagbag.py:545} INFO - Filling up the DagBag from /home/airflow/.local/lib/python3.12/site-packages/airflow/example_dags/example_trigger_controller_dag.py
[2026-05-10T15:52:47.942+0000] {processor.py:840} INFO - DAG(s) 'example_trigger_controller_dag' retrieved from /home/airflow/.local/lib/python3.12/site-packages/airflow/example_dags/example_trigger_controller_dag.py
[2026-05-10T15:52:47.977+0000] {logging_mixin.py:188} INFO - [2026-05-10T15:52:47.977+0000] {dag.py:3089} INFO - Sync 1 DAGs
[2026-05-10T15:52:48.009+0000] {logging_mixin.py:188} INFO - [2026-05-10T15:52:48.009+0000] {dag.py:3947} INFO - Setting next_dagrun for example_trigger_controller_dag to 2021-01-01 00:00:00+00:00, run_after=2021-01-01 00:00:00+00:00
[2026-05-10T15:52:48.072+0000] {processor.py:183} INFO - Processing /home/airflow/.local/lib/python3.12/site-packages/airflow/example_dags/example_trigger_controller_dag.py took 0.152 seconds
[2026-05-10T15:53:18.522+0000] {processor.py:161} INFO - Started process (PID=28146) to work on /home/airflow/.local/lib/python3.12/site-packages/airflow/example_dags/example_trigger_controller_dag.py
[2026-05-10T15:53:18.523+0000] {processor.py:830} INFO - Processing file /home/airflow/.local/lib/python3.12/site-packages/airflow/example_dags/example_trigger_controller_dag.py for tasks to queue
[2026-05-10T15:53:18.525+0000] {logging_mixin.py:188} INFO - [2026-05-10T15:53:18.524+0000] {dagbag.py:545} INFO - Filling up the DagBag from /home/airflow/.local/lib/python3.12/site-packages/airflow/example_dags/example_trigger_controller_dag.py
[2026-05-10T15:53:18.534+0000] {processor.py:840} INFO - DAG(s) 'example_trigger_controller_dag' retrieved from /home/airflow/.local/lib/python3.12/site-packages/airflow/example_dags/example_trigger_controller_dag.py
[2026-05-10T15:53:18.570+0000] {logging_mixin.py:188} INFO - [2026-05-10T15:53:18.570+0000] {dag.py:3089} INFO - Sync 1 DAGs
[2026-05-10T15:53:18.604+0000] {logging_mixin.py:188} INFO - [2026-05-10T15:53:18.603+0000] {dag.py:3947} INFO - Setting next_dagrun for example_trigger_controller_dag to 2021-01-01 00:00:00+00:00, run_after=2021-01-01 00:00:00+00:00
[2026-05-10T15:53:18.666+0000] {processor.py:183} INFO - Processing /home/airflow/.local/lib/python3.12/site-packages/airflow/example_dags/example_trigger_controller_dag.py took 0.154 seconds
[2026-05-10T15:53:48.895+0000] {processor.py:161} INFO - Started process (PID=28214) to work on /home/airflow/.local/lib/python3.12/site-packages/airflow/example_dags/example_trigger_controller_dag.py
[2026-05-10T15:53:48.898+0000] {processor.py:830} INFO - Processing file /home/airflow/.local/lib/python3.12/site-packages/airflow/example_dags/example_trigger_controller_dag.py for tasks to queue
[2026-05-10T15:53:48.900+0000] {logging_mixin.py:188} INFO - [2026-05-10T15:53:48.899+0000] {dagbag.py:545} INFO - Filling up the DagBag from /home/airflow/.local/lib/python3.12/site-packages/airflow/example_dags/example_trigger_controller_dag.py
[2026-05-10T15:53:48.911+0000] {processor.py:840} INFO - DAG(s) 'example_trigger_controller_dag' retrieved from /home/airflow/.local/lib/python3.12/site-packages/airflow/example_dags/example_trigger_controller_dag.py
[2026-05-10T15:53:48.954+0000] {logging_mixin.py:188} INFO - [2026-05-10T15:53:48.953+0000] {dag.py:3089} INFO - Sync 1 DAGs
[2026-05-10T15:53:48.987+0000] {logging_mixin.py:188} INFO - [2026-05-10T15:53:48.987+0000] {dag.py:3947} INFO - Setting next_dagrun for example_trigger_controller_dag to 2021-01-01 00:00:00+00:00, run_after=2021-01-01 00:00:00+00:00
[2026-05-10T15:53:49.055+0000] {processor.py:183} INFO - Processing /home/airflow/.local/lib/python3.12/site-packages/airflow/example_dags/example_trigger_controller_dag.py took 0.170 seconds
[2026-05-10T15:54:19.384+0000] {processor.py:161} INFO - Started process (PID=28282) to work on /home/airflow/.local/lib/python3.12/site-packages/airflow/example_dags/example_trigger_controller_dag.py
[2026-05-10T15:54:19.385+0000] {processor.py:830} INFO - Processing file /home/airflow/.local/lib/python3.12/site-packages/airflow/example_dags/example_trigger_controller_dag.py for tasks to queue
[2026-05-10T15:54:19.387+0000] {logging_mixin.py:188} INFO - [2026-05-10T15:54:19.387+0000] {dagbag.py:545} INFO - Filling up the DagBag from /home/airflow/.local/lib/python3.12/site-packages/airflow/example_dags/example_trigger_controller_dag.py
[2026-05-10T15:54:19.396+0000] {processor.py:840} INFO - DAG(s) 'example_trigger_controller_dag' retrieved from /home/airflow/.local/lib/python3.12/site-packages/airflow/example_dags/example_trigger_controller_dag.py
[2026-05-10T15:54:19.435+0000] {logging_mixin.py:188} INFO - [2026-05-10T15:54:19.435+0000] {dag.py:3089} INFO - Sync 1 DAGs
[2026-05-10T15:54:19.468+0000] {logging_mixin.py:188} INFO - [2026-05-10T15:54:19.467+0000] {dag.py:3947} INFO - Setting next_dagrun for example_trigger_controller_dag to 2021-01-01 00:00:00+00:00, run_after=2021-01-01 00:00:00+00:00
[2026-05-10T15:54:19.503+0000] {processor.py:183} INFO - Processing /home/airflow/.local/lib/python3.12/site-packages/airflow/example_dags/example_trigger_controller_dag.py took 0.128 seconds
[2026-05-10T15:54:49.752+0000] {processor.py:161} INFO - Started process (PID=28350) to work on /home/airflow/.local/lib/python3.12/site-packages/airflow/example_dags/example_trigger_controller_dag.py
[2026-05-10T15:54:49.754+0000] {processor.py:830} INFO - Processing file /home/airflow/.local/lib/python3.12/site-packages/airflow/example_dags/example_trigger_controller_dag.py for tasks to queue
[2026-05-10T15:54:49.756+0000] {logging_mixin.py:188} INFO - [2026-05-10T15:54:49.755+0000] {dagbag.py:545} INFO - Filling up the DagBag from /home/airflow/.local/lib/python3.12/site-packages/airflow/example_dags/example_trigger_controller_dag.py
[2026-05-10T15:54:49.770+0000] {processor.py:840} INFO - DAG(s) 'example_trigger_controller_dag' retrieved from /home/airflow/.local/lib/python3.12/site-packages/airflow/example_dags/example_trigger_controller_dag.py
[2026-05-10T15:54:49.815+0000] {logging_mixin.py:188} INFO - [2026-05-10T15:54:49.814+0000] {dag.py:3089} INFO - Sync 1 DAGs
[2026-05-10T15:54:49.856+0000] {logging_mixin.py:188} INFO - [2026-05-10T15:54:49.855+0000] {dag.py:3947} INFO - Setting next_dagrun for example_trigger_controller_dag to 2021-01-01 00:00:00+00:00, run_after=2021-01-01 00:00:00+00:00
[2026-05-10T15:54:49.921+0000] {processor.py:183} INFO - Processing /home/airflow/.local/lib/python3.12/site-packages/airflow/example_dags/example_trigger_controller_dag.py took 0.179 seconds
[2026-05-10T15:55:20.320+0000] {processor.py:161} INFO - Started process (PID=28425) to work on /home/airflow/.local/lib/python3.12/site-packages/airflow/example_dags/example_trigger_controller_dag.py
[2026-05-10T15:55:20.322+0000] {processor.py:830} INFO - Processing file /home/airflow/.local/lib/python3.12/site-packages/airflow/example_dags/example_trigger_controller_dag.py for tasks to queue
[2026-05-10T15:55:20.323+0000] {logging_mixin.py:188} INFO - [2026-05-10T15:55:20.323+0000] {dagbag.py:545} INFO - Filling up the DagBag from /home/airflow/.local/lib/python3.12/site-packages/airflow/example_dags/example_trigger_controller_dag.py
[2026-05-10T15:55:20.334+0000] {processor.py:840} INFO - DAG(s) 'example_trigger_controller_dag' retrieved from /home/airflow/.local/lib/python3.12/site-packages/airflow/example_dags/example_trigger_controller_dag.py
[2026-05-10T15:55:20.375+0000] {logging_mixin.py:188} INFO - [2026-05-10T15:55:20.375+0000] {dag.py:3089} INFO - Sync 1 DAGs
[2026-05-10T15:55:20.425+0000] {logging_mixin.py:188} INFO - [2026-05-10T15:55:20.425+0000] {dag.py:3947} INFO - Setting next_dagrun for example_trigger_controller_dag to 2021-01-01 00:00:00+00:00, run_after=2021-01-01 00:00:00+00:00
[2026-05-10T15:55:20.489+0000] {processor.py:183} INFO - Processing /home/airflow/.local/lib/python3.12/site-packages/airflow/example_dags/example_trigger_controller_dag.py took 0.179 seconds
[2026-05-10T15:55:50.663+0000] {processor.py:161} INFO - Started process (PID=28492) to work on /home/airflow/.local/lib/python3.12/site-packages/airflow/example_dags/example_trigger_controller_dag.py
[2026-05-10T15:55:50.666+0000] {processor.py:830} INFO - Processing file /home/airflow/.local/lib/python3.12/site-packages/airflow/example_dags/example_trigger_controller_dag.py for tasks to queue
[2026-05-10T15:55:50.667+0000] {logging_mixin.py:188} INFO - [2026-05-10T15:55:50.667+0000] {dagbag.py:545} INFO - Filling up the DagBag from /home/airflow/.local/lib/python3.12/site-packages/airflow/example_dags/example_trigger_controller_dag.py
[2026-05-10T15:55:50.679+0000] {processor.py:840} INFO - DAG(s) 'example_trigger_controller_dag' retrieved from /home/airflow/.local/lib/python3.12/site-packages/airflow/example_dags/example_trigger_controller_dag.py
[2026-05-10T15:55:50.723+0000] {logging_mixin.py:188} INFO - [2026-05-10T15:55:50.723+0000] {dag.py:3089} INFO - Sync 1 DAGs
[2026-05-10T15:55:50.764+0000] {logging_mixin.py:188} INFO - [2026-05-10T15:55:50.764+0000] {dag.py:3947} INFO - Setting next_dagrun for example_trigger_controller_dag to 2021-01-01 00:00:00+00:00, run_after=2021-01-01 00:00:00+00:00
[2026-05-10T15:55:50.834+0000] {processor.py:183} INFO - Processing /home/airflow/.local/lib/python3.12/site-packages/airflow/example_dags/example_trigger_controller_dag.py took 0.183 seconds
[2026-05-10T15:56:21.152+0000] {processor.py:161} INFO - Started process (PID=28560) to work on /home/airflow/.local/lib/python3.12/site-packages/airflow/example_dags/example_trigger_controller_dag.py
[2026-05-10T15:56:21.155+0000] {processor.py:830} INFO - Processing file /home/airflow/.local/lib/python3.12/site-packages/airflow/example_dags/example_trigger_controller_dag.py for tasks to queue
[2026-05-10T15:56:21.157+0000] {logging_mixin.py:188} INFO - [2026-05-10T15:56:21.156+0000] {dagbag.py:545} INFO - Filling up the DagBag from /home/airflow/.local/lib/python3.12/site-packages/airflow/example_dags/example_trigger_controller_dag.py
[2026-05-10T15:56:21.171+0000] {processor.py:840} INFO - DAG(s) 'example_trigger_controller_dag' retrieved from /home/airflow/.local/lib/python3.12/site-packages/airflow/example_dags/example_trigger_controller_dag.py
[2026-05-10T15:56:21.209+0000] {logging_mixin.py:188} INFO - [2026-05-10T15:56:21.208+0000] {dag.py:3089} INFO - Sync 1 DAGs
[2026-05-10T15:56:21.243+0000] {logging_mixin.py:188} INFO - [2026-05-10T15:56:21.242+0000] {dag.py:3947} INFO - Setting next_dagrun for example_trigger_controller_dag to 2021-01-01 00:00:00+00:00, run_after=2021-01-01 00:00:00+00:00
[2026-05-10T15:56:21.278+0000] {processor.py:183} INFO - Processing /home/airflow/.local/lib/python3.12/site-packages/airflow/example_dags/example_trigger_controller_dag.py took 0.137 seconds
[2026-05-10T15:56:51.438+0000] {processor.py:161} INFO - Started process (PID=28628) to work on /home/airflow/.local/lib/python3.12/site-packages/airflow/example_dags/example_trigger_controller_dag.py
[2026-05-10T15:56:51.442+0000] {processor.py:830} INFO - Processing file /home/airflow/.local/lib/python3.12/site-packages/airflow/example_dags/example_trigger_controller_dag.py for tasks to queue
[2026-05-10T15:56:51.443+0000] {logging_mixin.py:188} INFO - [2026-05-10T15:56:51.443+0000] {dagbag.py:545} INFO - Filling up the DagBag from /home/airflow/.local/lib/python3.12/site-packages/airflow/example_dags/example_trigger_controller_dag.py
[2026-05-10T15:56:51.452+0000] {processor.py:840} INFO - DAG(s) 'example_trigger_controller_dag' retrieved from /home/airflow/.local/lib/python3.12/site-packages/airflow/example_dags/example_trigger_controller_dag.py
[2026-05-10T15:56:51.487+0000] {logging_mixin.py:188} INFO - [2026-05-10T15:56:51.486+0000] {dag.py:3089} INFO - Sync 1 DAGs
[2026-05-10T15:56:51.526+0000] {logging_mixin.py:188} INFO - [2026-05-10T15:56:51.525+0000] {dag.py:3947} INFO - Setting next_dagrun for example_trigger_controller_dag to 2021-01-01 00:00:00+00:00, run_after=2021-01-01 00:00:00+00:00
[2026-05-10T15:56:51.557+0000] {processor.py:183} INFO - Processing /home/airflow/.local/lib/python3.12/site-packages/airflow/example_dags/example_trigger_controller_dag.py took 0.130 seconds
[2026-05-10T15:57:21.901+0000] {processor.py:161} INFO - Started process (PID=28696) to work on /home/airflow/.local/lib/python3.12/site-packages/airflow/example_dags/example_trigger_controller_dag.py
[2026-05-10T15:57:21.903+0000] {processor.py:830} INFO - Processing file /home/airflow/.local/lib/python3.12/site-packages/airflow/example_dags/example_trigger_controller_dag.py for tasks to queue
[2026-05-10T15:57:21.905+0000] {logging_mixin.py:188} INFO - [2026-05-10T15:57:21.904+0000] {dagbag.py:545} INFO - Filling up the DagBag from /home/airflow/.local/lib/python3.12/site-packages/airflow/example_dags/example_trigger_controller_dag.py
[2026-05-10T15:57:21.916+0000] {processor.py:840} INFO - DAG(s) 'example_trigger_controller_dag' retrieved from /home/airflow/.local/lib/python3.12/site-packages/airflow/example_dags/example_trigger_controller_dag.py
[2026-05-10T15:57:21.955+0000] {logging_mixin.py:188} INFO - [2026-05-10T15:57:21.955+0000] {dag.py:3089} INFO - Sync 1 DAGs
[2026-05-10T15:57:21.989+0000] {logging_mixin.py:188} INFO - [2026-05-10T15:57:21.988+0000] {dag.py:3947} INFO - Setting next_dagrun for example_trigger_controller_dag to 2021-01-01 00:00:00+00:00, run_after=2021-01-01 00:00:00+00:00
[2026-05-10T15:57:22.051+0000] {processor.py:183} INFO - Processing /home/airflow/.local/lib/python3.12/site-packages/airflow/example_dags/example_trigger_controller_dag.py took 0.164 seconds
[2026-05-10T15:57:52.372+0000] {processor.py:161} INFO - Started process (PID=28764) to work on /home/airflow/.local/lib/python3.12/site-packages/airflow/example_dags/example_trigger_controller_dag.py
[2026-05-10T15:57:52.374+0000] {processor.py:830} INFO - Processing file /home/airflow/.local/lib/python3.12/site-packages/airflow/example_dags/example_trigger_controller_dag.py for tasks to queue
[2026-05-10T15:57:52.377+0000] {logging_mixin.py:188} INFO - [2026-05-10T15:57:52.376+0000] {dagbag.py:545} INFO - Filling up the DagBag from /home/airflow/.local/lib/python3.12/site-packages/airflow/example_dags/example_trigger_controller_dag.py
[2026-05-10T15:57:52.385+0000] {processor.py:840} INFO - DAG(s) 'example_trigger_controller_dag' retrieved from /home/airflow/.local/lib/python3.12/site-packages/airflow/example_dags/example_trigger_controller_dag.py
[2026-05-10T15:57:52.415+0000] {logging_mixin.py:188} INFO - [2026-05-10T15:57:52.415+0000] {dag.py:3089} INFO - Sync 1 DAGs
[2026-05-10T15:57:52.448+0000] {logging_mixin.py:188} INFO - [2026-05-10T15:57:52.447+0000] {dag.py:3947} INFO - Setting next_dagrun for example_trigger_controller_dag to 2021-01-01 00:00:00+00:00, run_after=2021-01-01 00:00:00+00:00
[2026-05-10T15:57:52.478+0000] {processor.py:183} INFO - Processing /home/airflow/.local/lib/python3.12/site-packages/airflow/example_dags/example_trigger_controller_dag.py took 0.116 seconds
[2026-05-10T15:58:23.141+0000] {processor.py:161} INFO - Started process (PID=28837) to work on /home/airflow/.local/lib/python3.12/site-packages/airflow/example_dags/example_trigger_controller_dag.py
[2026-05-10T15:58:23.143+0000] {processor.py:830} INFO - Processing file /home/airflow/.local/lib/python3.12/site-packages/airflow/example_dags/example_trigger_controller_dag.py for tasks to queue
[2026-05-10T15:58:23.145+0000] {logging_mixin.py:188} INFO - [2026-05-10T15:58:23.145+0000] {dagbag.py:545} INFO - Filling up the DagBag from /home/airflow/.local/lib/python3.12/site-packages/airflow/example_dags/example_trigger_controller_dag.py
[2026-05-10T15:58:23.153+0000] {processor.py:840} INFO - DAG(s) 'example_trigger_controller_dag' retrieved from /home/airflow/.local/lib/python3.12/site-packages/airflow/example_dags/example_trigger_controller_dag.py
[2026-05-10T15:58:23.188+0000] {logging_mixin.py:188} INFO - [2026-05-10T15:58:23.188+0000] {dag.py:3089} INFO - Sync 1 DAGs
[2026-05-10T15:58:23.219+0000] {logging_mixin.py:188} INFO - [2026-05-10T15:58:23.219+0000] {dag.py:3947} INFO - Setting next_dagrun for example_trigger_controller_dag to 2021-01-01 00:00:00+00:00, run_after=2021-01-01 00:00:00+00:00
[2026-05-10T15:58:23.254+0000] {processor.py:183} INFO - Processing /home/airflow/.local/lib/python3.12/site-packages/airflow/example_dags/example_trigger_controller_dag.py took 0.121 seconds
[2026-05-10T15:58:53.664+0000] {processor.py:161} INFO - Started process (PID=28906) to work on /home/airflow/.local/lib/python3.12/site-packages/airflow/example_dags/example_trigger_controller_dag.py
[2026-05-10T15:58:53.666+0000] {processor.py:830} INFO - Processing file /home/airflow/.local/lib/python3.12/site-packages/airflow/example_dags/example_trigger_controller_dag.py for tasks to queue
[2026-05-10T15:58:53.668+0000] {logging_mixin.py:188} INFO - [2026-05-10T15:58:53.668+0000] {dagbag.py:545} INFO - Filling up the DagBag from /home/airflow/.local/lib/python3.12/site-packages/airflow/example_dags/example_trigger_controller_dag.py
[2026-05-10T15:58:53.680+0000] {processor.py:840} INFO - DAG(s) 'example_trigger_controller_dag' retrieved from /home/airflow/.local/lib/python3.12/site-packages/airflow/example_dags/example_trigger_controller_dag.py
[2026-05-10T15:58:53.712+0000] {logging_mixin.py:188} INFO - [2026-05-10T15:58:53.711+0000] {dag.py:3089} INFO - Sync 1 DAGs
[2026-05-10T15:58:53.745+0000] {logging_mixin.py:188} INFO - [2026-05-10T15:58:53.744+0000] {dag.py:3947} INFO - Setting next_dagrun for example_trigger_controller_dag to 2021-01-01 00:00:00+00:00, run_after=2021-01-01 00:00:00+00:00
[2026-05-10T15:58:53.784+0000] {processor.py:183} INFO - Processing /home/airflow/.local/lib/python3.12/site-packages/airflow/example_dags/example_trigger_controller_dag.py took 0.133 seconds
[2026-05-10T15:59:24.152+0000] {processor.py:161} INFO - Started process (PID=28973) to work on /home/airflow/.local/lib/python3.12/site-packages/airflow/example_dags/example_trigger_controller_dag.py
[2026-05-10T15:59:24.155+0000] {processor.py:830} INFO - Processing file /home/airflow/.local/lib/python3.12/site-packages/airflow/example_dags/example_trigger_controller_dag.py for tasks to queue
[2026-05-10T15:59:24.158+0000] {logging_mixin.py:188} INFO - [2026-05-10T15:59:24.157+0000] {dagbag.py:545} INFO - Filling up the DagBag from /home/airflow/.local/lib/python3.12/site-packages/airflow/example_dags/example_trigger_controller_dag.py
[2026-05-10T15:59:24.168+0000] {processor.py:840} INFO - DAG(s) 'example_trigger_controller_dag' retrieved from /home/airflow/.local/lib/python3.12/site-packages/airflow/example_dags/example_trigger_controller_dag.py
[2026-05-10T15:59:24.203+0000] {logging_mixin.py:188} INFO - [2026-05-10T15:59:24.203+0000] {dag.py:3089} INFO - Sync 1 DAGs
[2026-05-10T15:59:24.235+0000] {logging_mixin.py:188} INFO - [2026-05-10T15:59:24.235+0000] {dag.py:3947} INFO - Setting next_dagrun for example_trigger_controller_dag to 2021-01-01 00:00:00+00:00, run_after=2021-01-01 00:00:00+00:00
[2026-05-10T15:59:24.300+0000] {processor.py:183} INFO - Processing /home/airflow/.local/lib/python3.12/site-packages/airflow/example_dags/example_trigger_controller_dag.py took 0.158 seconds
[2026-05-10T15:59:54.924+0000] {processor.py:161} INFO - Started process (PID=29041) to work on /home/airflow/.local/lib/python3.12/site-packages/airflow/example_dags/example_trigger_controller_dag.py
[2026-05-10T15:59:54.926+0000] {processor.py:830} INFO - Processing file /home/airflow/.local/lib/python3.12/site-packages/airflow/example_dags/example_trigger_controller_dag.py for tasks to queue
[2026-05-10T15:59:54.928+0000] {logging_mixin.py:188} INFO - [2026-05-10T15:59:54.927+0000] {dagbag.py:545} INFO - Filling up the DagBag from /home/airflow/.local/lib/python3.12/site-packages/airflow/example_dags/example_trigger_controller_dag.py
[2026-05-10T15:59:54.937+0000] {processor.py:840} INFO - DAG(s) 'example_trigger_controller_dag' retrieved from /home/airflow/.local/lib/python3.12/site-packages/airflow/example_dags/example_trigger_controller_dag.py
[2026-05-10T15:59:54.977+0000] {logging_mixin.py:188} INFO - [2026-05-10T15:59:54.976+0000] {dag.py:3089} INFO - Sync 1 DAGs
[2026-05-10T15:59:55.012+0000] {logging_mixin.py:188} INFO - [2026-05-10T15:59:55.011+0000] {dag.py:3947} INFO - Setting next_dagrun for example_trigger_controller_dag to 2021-01-01 00:00:00+00:00, run_after=2021-01-01 00:00:00+00:00
[2026-05-10T15:59:55.046+0000] {processor.py:183} INFO - Processing /home/airflow/.local/lib/python3.12/site-packages/airflow/example_dags/example_trigger_controller_dag.py took 0.133 seconds
[2026-05-10T16:00:25.246+0000] {processor.py:161} INFO - Started process (PID=29108) to work on /home/airflow/.local/lib/python3.12/site-packages/airflow/example_dags/example_trigger_controller_dag.py
[2026-05-10T16:00:25.247+0000] {processor.py:830} INFO - Processing file /home/airflow/.local/lib/python3.12/site-packages/airflow/example_dags/example_trigger_controller_dag.py for tasks to queue
[2026-05-10T16:00:25.250+0000] {logging_mixin.py:188} INFO - [2026-05-10T16:00:25.249+0000] {dagbag.py:545} INFO - Filling up the DagBag from /home/airflow/.local/lib/python3.12/site-packages/airflow/example_dags/example_trigger_controller_dag.py
[2026-05-10T16:00:25.258+0000] {processor.py:840} INFO - DAG(s) 'example_trigger_controller_dag' retrieved from /home/airflow/.local/lib/python3.12/site-packages/airflow/example_dags/example_trigger_controller_dag.py
[2026-05-10T16:00:25.294+0000] {logging_mixin.py:188} INFO - [2026-05-10T16:00:25.293+0000] {dag.py:3089} INFO - Sync 1 DAGs
[2026-05-10T16:00:25.329+0000] {logging_mixin.py:188} INFO - [2026-05-10T16:00:25.328+0000] {dag.py:3947} INFO - Setting next_dagrun for example_trigger_controller_dag to 2021-01-01 00:00:00+00:00, run_after=2021-01-01 00:00:00+00:00
[2026-05-10T16:00:25.364+0000] {processor.py:183} INFO - Processing /home/airflow/.local/lib/python3.12/site-packages/airflow/example_dags/example_trigger_controller_dag.py took 0.129 seconds
[2026-05-10T16:00:55.715+0000] {processor.py:161} INFO - Started process (PID=29176) to work on /home/airflow/.local/lib/python3.12/site-packages/airflow/example_dags/example_trigger_controller_dag.py
[2026-05-10T16:00:55.717+0000] {processor.py:830} INFO - Processing file /home/airflow/.local/lib/python3.12/site-packages/airflow/example_dags/example_trigger_controller_dag.py for tasks to queue
[2026-05-10T16:00:55.719+0000] {logging_mixin.py:188} INFO - [2026-05-10T16:00:55.718+0000] {dagbag.py:545} INFO - Filling up the DagBag from /home/airflow/.local/lib/python3.12/site-packages/airflow/example_dags/example_trigger_controller_dag.py
[2026-05-10T16:00:55.727+0000] {processor.py:840} INFO - DAG(s) 'example_trigger_controller_dag' retrieved from /home/airflow/.local/lib/python3.12/site-packages/airflow/example_dags/example_trigger_controller_dag.py
[2026-05-10T16:00:55.788+0000] {logging_mixin.py:188} INFO - [2026-05-10T16:00:55.788+0000] {dag.py:3089} INFO - Sync 1 DAGs
[2026-05-10T16:00:55.838+0000] {logging_mixin.py:188} INFO - [2026-05-10T16:00:55.838+0000] {dag.py:3947} INFO - Setting next_dagrun for example_trigger_controller_dag to 2021-01-01 00:00:00+00:00, run_after=2021-01-01 00:00:00+00:00
[2026-05-10T16:00:55.901+0000] {processor.py:183} INFO - Processing /home/airflow/.local/lib/python3.12/site-packages/airflow/example_dags/example_trigger_controller_dag.py took 0.197 seconds
[2026-05-10T16:01:26.099+0000] {processor.py:161} INFO - Started process (PID=29251) to work on /home/airflow/.local/lib/python3.12/site-packages/airflow/example_dags/example_trigger_controller_dag.py
[2026-05-10T16:01:26.100+0000] {processor.py:830} INFO - Processing file /home/airflow/.local/lib/python3.12/site-packages/airflow/example_dags/example_trigger_controller_dag.py for tasks to queue
[2026-05-10T16:01:26.102+0000] {logging_mixin.py:188} INFO - [2026-05-10T16:01:26.101+0000] {dagbag.py:545} INFO - Filling up the DagBag from /home/airflow/.local/lib/python3.12/site-packages/airflow/example_dags/example_trigger_controller_dag.py
[2026-05-10T16:01:26.110+0000] {processor.py:840} INFO - DAG(s) 'example_trigger_controller_dag' retrieved from /home/airflow/.local/lib/python3.12/site-packages/airflow/example_dags/example_trigger_controller_dag.py
[2026-05-10T16:01:26.145+0000] {logging_mixin.py:188} INFO - [2026-05-10T16:01:26.144+0000] {dag.py:3089} INFO - Sync 1 DAGs
[2026-05-10T16:01:26.177+0000] {logging_mixin.py:188} INFO - [2026-05-10T16:01:26.177+0000] {dag.py:3947} INFO - Setting next_dagrun for example_trigger_controller_dag to 2021-01-01 00:00:00+00:00, run_after=2021-01-01 00:00:00+00:00
[2026-05-10T16:01:26.242+0000] {processor.py:183} INFO - Processing /home/airflow/.local/lib/python3.12/site-packages/airflow/example_dags/example_trigger_controller_dag.py took 0.153 seconds
[2026-05-10T16:01:56.671+0000] {processor.py:161} INFO - Started process (PID=29319) to work on /home/airflow/.local/lib/python3.12/site-packages/airflow/example_dags/example_trigger_controller_dag.py
[2026-05-10T16:01:56.673+0000] {processor.py:830} INFO - Processing file /home/airflow/.local/lib/python3.12/site-packages/airflow/example_dags/example_trigger_controller_dag.py for tasks to queue
[2026-05-10T16:01:56.675+0000] {logging_mixin.py:188} INFO - [2026-05-10T16:01:56.674+0000] {dagbag.py:545} INFO - Filling up the DagBag from /home/airflow/.local/lib/python3.12/site-packages/airflow/example_dags/example_trigger_controller_dag.py
[2026-05-10T16:01:56.684+0000] {processor.py:840} INFO - DAG(s) 'example_trigger_controller_dag' retrieved from /home/airflow/.local/lib/python3.12/site-packages/airflow/example_dags/example_trigger_controller_dag.py
[2026-05-10T16:01:56.723+0000] {logging_mixin.py:188} INFO - [2026-05-10T16:01:56.722+0000] {dag.py:3089} INFO - Sync 1 DAGs
[2026-05-10T16:01:56.770+0000] {logging_mixin.py:188} INFO - [2026-05-10T16:01:56.769+0000] {dag.py:3947} INFO - Setting next_dagrun for example_trigger_controller_dag to 2021-01-01 00:00:00+00:00, run_after=2021-01-01 00:00:00+00:00
[2026-05-10T16:01:56.839+0000] {processor.py:183} INFO - Processing /home/airflow/.local/lib/python3.12/site-packages/airflow/example_dags/example_trigger_controller_dag.py took 0.177 seconds
[2026-05-10T16:02:27.133+0000] {processor.py:161} INFO - Started process (PID=29387) to work on /home/airflow/.local/lib/python3.12/site-packages/airflow/example_dags/example_trigger_controller_dag.py
[2026-05-10T16:02:27.137+0000] {processor.py:830} INFO - Processing file /home/airflow/.local/lib/python3.12/site-packages/airflow/example_dags/example_trigger_controller_dag.py for tasks to queue
[2026-05-10T16:02:27.140+0000] {logging_mixin.py:188} INFO - [2026-05-10T16:02:27.139+0000] {dagbag.py:545} INFO - Filling up the DagBag from /home/airflow/.local/lib/python3.12/site-packages/airflow/example_dags/example_trigger_controller_dag.py
[2026-05-10T16:02:27.151+0000] {processor.py:840} INFO - DAG(s) 'example_trigger_controller_dag' retrieved from /home/airflow/.local/lib/python3.12/site-packages/airflow/example_dags/example_trigger_controller_dag.py
[2026-05-10T16:02:27.191+0000] {logging_mixin.py:188} INFO - [2026-05-10T16:02:27.191+0000] {dag.py:3089} INFO - Sync 1 DAGs
[2026-05-10T16:02:27.233+0000] {logging_mixin.py:188} INFO - [2026-05-10T16:02:27.233+0000] {dag.py:3947} INFO - Setting next_dagrun for example_trigger_controller_dag to 2021-01-01 00:00:00+00:00, run_after=2021-01-01 00:00:00+00:00
[2026-05-10T16:02:27.302+0000] {processor.py:183} INFO - Processing /home/airflow/.local/lib/python3.12/site-packages/airflow/example_dags/example_trigger_controller_dag.py took 0.187 seconds
[2026-05-10T16:02:57.964+0000] {processor.py:161} INFO - Started process (PID=29455) to work on /home/airflow/.local/lib/python3.12/site-packages/airflow/example_dags/example_trigger_controller_dag.py
[2026-05-10T16:02:57.966+0000] {processor.py:830} INFO - Processing file /home/airflow/.local/lib/python3.12/site-packages/airflow/example_dags/example_trigger_controller_dag.py for tasks to queue
[2026-05-10T16:02:57.968+0000] {logging_mixin.py:188} INFO - [2026-05-10T16:02:57.967+0000] {dagbag.py:545} INFO - Filling up the DagBag from /home/airflow/.local/lib/python3.12/site-packages/airflow/example_dags/example_trigger_controller_dag.py
[2026-05-10T16:02:57.976+0000] {processor.py:840} INFO - DAG(s) 'example_trigger_controller_dag' retrieved from /home/airflow/.local/lib/python3.12/site-packages/airflow/example_dags/example_trigger_controller_dag.py
[2026-05-10T16:02:58.013+0000] {logging_mixin.py:188} INFO - [2026-05-10T16:02:58.013+0000] {dag.py:3089} INFO - Sync 1 DAGs
[2026-05-10T16:02:58.050+0000] {logging_mixin.py:188} INFO - [2026-05-10T16:02:58.050+0000] {dag.py:3947} INFO - Setting next_dagrun for example_trigger_controller_dag to 2021-01-01 00:00:00+00:00, run_after=2021-01-01 00:00:00+00:00
[2026-05-10T16:02:58.115+0000] {processor.py:183} INFO - Processing /home/airflow/.local/lib/python3.12/site-packages/airflow/example_dags/example_trigger_controller_dag.py took 0.161 seconds
[2026-05-10T16:03:28.395+0000] {processor.py:161} INFO - Started process (PID=29523) to work on /home/airflow/.local/lib/python3.12/site-packages/airflow/example_dags/example_trigger_controller_dag.py
[2026-05-10T16:03:28.401+0000] {processor.py:830} INFO - Processing file /home/airflow/.local/lib/python3.12/site-packages/airflow/example_dags/example_trigger_controller_dag.py for tasks to queue
[2026-05-10T16:03:28.402+0000] {logging_mixin.py:188} INFO - [2026-05-10T16:03:28.402+0000] {dagbag.py:545} INFO - Filling up the DagBag from /home/airflow/.local/lib/python3.12/site-packages/airflow/example_dags/example_trigger_controller_dag.py
[2026-05-10T16:03:28.413+0000] {processor.py:840} INFO - DAG(s) 'example_trigger_controller_dag' retrieved from /home/airflow/.local/lib/python3.12/site-packages/airflow/example_dags/example_trigger_controller_dag.py
[2026-05-10T16:03:28.447+0000] {logging_mixin.py:188} INFO - [2026-05-10T16:03:28.446+0000] {dag.py:3089} INFO - Sync 1 DAGs
[2026-05-10T16:03:28.497+0000] {logging_mixin.py:188} INFO - [2026-05-10T16:03:28.496+0000] {dag.py:3947} INFO - Setting next_dagrun for example_trigger_controller_dag to 2021-01-01 00:00:00+00:00, run_after=2021-01-01 00:00:00+00:00
[2026-05-10T16:03:28.560+0000] {processor.py:183} INFO - Processing /home/airflow/.local/lib/python3.12/site-packages/airflow/example_dags/example_trigger_controller_dag.py took 0.174 seconds
[2026-05-10T16:03:59.422+0000] {processor.py:161} INFO - Started process (PID=29590) to work on /home/airflow/.local/lib/python3.12/site-packages/airflow/example_dags/example_trigger_controller_dag.py
[2026-05-10T16:03:59.424+0000] {processor.py:830} INFO - Processing file /home/airflow/.local/lib/python3.12/site-packages/airflow/example_dags/example_trigger_controller_dag.py for tasks to queue
[2026-05-10T16:03:59.429+0000] {logging_mixin.py:188} INFO - [2026-05-10T16:03:59.429+0000] {dagbag.py:545} INFO - Filling up the DagBag from /home/airflow/.local/lib/python3.12/site-packages/airflow/example_dags/example_trigger_controller_dag.py
[2026-05-10T16:03:59.443+0000] {processor.py:840} INFO - DAG(s) 'example_trigger_controller_dag' retrieved from /home/airflow/.local/lib/python3.12/site-packages/airflow/example_dags/example_trigger_controller_dag.py
[2026-05-10T16:03:59.489+0000] {logging_mixin.py:188} INFO - [2026-05-10T16:03:59.489+0000] {dag.py:3089} INFO - Sync 1 DAGs
[2026-05-10T16:03:59.526+0000] {logging_mixin.py:188} INFO - [2026-05-10T16:03:59.526+0000] {dag.py:3947} INFO - Setting next_dagrun for example_trigger_controller_dag to 2021-01-01 00:00:00+00:00, run_after=2021-01-01 00:00:00+00:00
[2026-05-10T16:03:59.589+0000] {processor.py:183} INFO - Processing /home/airflow/.local/lib/python3.12/site-packages/airflow/example_dags/example_trigger_controller_dag.py took 0.177 seconds
[2026-05-10T16:04:30.298+0000] {processor.py:161} INFO - Started process (PID=29665) to work on /home/airflow/.local/lib/python3.12/site-packages/airflow/example_dags/example_trigger_controller_dag.py
[2026-05-10T16:04:30.300+0000] {processor.py:830} INFO - Processing file /home/airflow/.local/lib/python3.12/site-packages/airflow/example_dags/example_trigger_controller_dag.py for tasks to queue
[2026-05-10T16:04:30.302+0000] {logging_mixin.py:188} INFO - [2026-05-10T16:04:30.302+0000] {dagbag.py:545} INFO - Filling up the DagBag from /home/airflow/.local/lib/python3.12/site-packages/airflow/example_dags/example_trigger_controller_dag.py
[2026-05-10T16:04:30.312+0000] {processor.py:840} INFO - DAG(s) 'example_trigger_controller_dag' retrieved from /home/airflow/.local/lib/python3.12/site-packages/airflow/example_dags/example_trigger_controller_dag.py
[2026-05-10T16:04:30.345+0000] {logging_mixin.py:188} INFO - [2026-05-10T16:04:30.344+0000] {dag.py:3089} INFO - Sync 1 DAGs
[2026-05-10T16:04:30.380+0000] {logging_mixin.py:188} INFO - [2026-05-10T16:04:30.379+0000] {dag.py:3947} INFO - Setting next_dagrun for example_trigger_controller_dag to 2021-01-01 00:00:00+00:00, run_after=2021-01-01 00:00:00+00:00
[2026-05-10T16:04:30.439+0000] {processor.py:183} INFO - Processing /home/airflow/.local/lib/python3.12/site-packages/airflow/example_dags/example_trigger_controller_dag.py took 0.153 seconds
[2026-05-10T16:05:00.871+0000] {processor.py:161} INFO - Started process (PID=29733) to work on /home/airflow/.local/lib/python3.12/site-packages/airflow/example_dags/example_trigger_controller_dag.py
[2026-05-10T16:05:00.874+0000] {processor.py:830} INFO - Processing file /home/airflow/.local/lib/python3.12/site-packages/airflow/example_dags/example_trigger_controller_dag.py for tasks to queue
[2026-05-10T16:05:00.877+0000] {logging_mixin.py:188} INFO - [2026-05-10T16:05:00.876+0000] {dagbag.py:545} INFO - Filling up the DagBag from /home/airflow/.local/lib/python3.12/site-packages/airflow/example_dags/example_trigger_controller_dag.py
[2026-05-10T16:05:00.889+0000] {processor.py:840} INFO - DAG(s) 'example_trigger_controller_dag' retrieved from /home/airflow/.local/lib/python3.12/site-packages/airflow/example_dags/example_trigger_controller_dag.py
[2026-05-10T16:05:00.940+0000] {logging_mixin.py:188} INFO - [2026-05-10T16:05:00.940+0000] {dag.py:3089} INFO - Sync 1 DAGs
[2026-05-10T16:05:00.980+0000] {logging_mixin.py:188} INFO - [2026-05-10T16:05:00.979+0000] {dag.py:3947} INFO - Setting next_dagrun for example_trigger_controller_dag to 2021-01-01 00:00:00+00:00, run_after=2021-01-01 00:00:00+00:00
[2026-05-10T16:05:01.024+0000] {processor.py:183} INFO - Processing /home/airflow/.local/lib/python3.12/site-packages/airflow/example_dags/example_trigger_controller_dag.py took 0.170 seconds
[2026-05-10T16:05:31.376+0000] {processor.py:161} INFO - Started process (PID=29801) to work on /home/airflow/.local/lib/python3.12/site-packages/airflow/example_dags/example_trigger_controller_dag.py
[2026-05-10T16:05:31.378+0000] {processor.py:830} INFO - Processing file /home/airflow/.local/lib/python3.12/site-packages/airflow/example_dags/example_trigger_controller_dag.py for tasks to queue
[2026-05-10T16:05:31.380+0000] {logging_mixin.py:188} INFO - [2026-05-10T16:05:31.380+0000] {dagbag.py:545} INFO - Filling up the DagBag from /home/airflow/.local/lib/python3.12/site-packages/airflow/example_dags/example_trigger_controller_dag.py
[2026-05-10T16:05:31.390+0000] {processor.py:840} INFO - DAG(s) 'example_trigger_controller_dag' retrieved from /home/airflow/.local/lib/python3.12/site-packages/airflow/example_dags/example_trigger_controller_dag.py
[2026-05-10T16:05:31.434+0000] {logging_mixin.py:188} INFO - [2026-05-10T16:05:31.434+0000] {dag.py:3089} INFO - Sync 1 DAGs
[2026-05-10T16:05:31.466+0000] {logging_mixin.py:188} INFO - [2026-05-10T16:05:31.465+0000] {dag.py:3947} INFO - Setting next_dagrun for example_trigger_controller_dag to 2021-01-01 00:00:00+00:00, run_after=2021-01-01 00:00:00+00:00
[2026-05-10T16:05:31.501+0000] {processor.py:183} INFO - Processing /home/airflow/.local/lib/python3.12/site-packages/airflow/example_dags/example_trigger_controller_dag.py took 0.138 seconds
[2026-05-10T16:06:01.871+0000] {processor.py:161} INFO - Started process (PID=29869) to work on /home/airflow/.local/lib/python3.12/site-packages/airflow/example_dags/example_trigger_controller_dag.py
[2026-05-10T16:06:01.880+0000] {processor.py:830} INFO - Processing file /home/airflow/.local/lib/python3.12/site-packages/airflow/example_dags/example_trigger_controller_dag.py for tasks to queue
[2026-05-10T16:06:01.882+0000] {logging_mixin.py:188} INFO - [2026-05-10T16:06:01.881+0000] {dagbag.py:545} INFO - Filling up the DagBag from /home/airflow/.local/lib/python3.12/site-packages/airflow/example_dags/example_trigger_controller_dag.py
[2026-05-10T16:06:01.890+0000] {processor.py:840} INFO - DAG(s) 'example_trigger_controller_dag' retrieved from /home/airflow/.local/lib/python3.12/site-packages/airflow/example_dags/example_trigger_controller_dag.py
[2026-05-10T16:06:01.920+0000] {logging_mixin.py:188} INFO - [2026-05-10T16:06:01.920+0000] {dag.py:3089} INFO - Sync 1 DAGs
[2026-05-10T16:06:01.951+0000] {logging_mixin.py:188} INFO - [2026-05-10T16:06:01.950+0000] {dag.py:3947} INFO - Setting next_dagrun for example_trigger_controller_dag to 2021-01-01 00:00:00+00:00, run_after=2021-01-01 00:00:00+00:00
[2026-05-10T16:06:01.981+0000] {processor.py:183} INFO - Processing /home/airflow/.local/lib/python3.12/site-packages/airflow/example_dags/example_trigger_controller_dag.py took 0.120 seconds
[2026-05-10T16:06:32.269+0000] {processor.py:161} INFO - Started process (PID=29937) to work on /home/airflow/.local/lib/python3.12/site-packages/airflow/example_dags/example_trigger_controller_dag.py
[2026-05-10T16:06:32.274+0000] {processor.py:830} INFO - Processing file /home/airflow/.local/lib/python3.12/site-packages/airflow/example_dags/example_trigger_controller_dag.py for tasks to queue
[2026-05-10T16:06:32.277+0000] {logging_mixin.py:188} INFO - [2026-05-10T16:06:32.276+0000] {dagbag.py:545} INFO - Filling up the DagBag from /home/airflow/.local/lib/python3.12/site-packages/airflow/example_dags/example_trigger_controller_dag.py
[2026-05-10T16:06:32.289+0000] {processor.py:840} INFO - DAG(s) 'example_trigger_controller_dag' retrieved from /home/airflow/.local/lib/python3.12/site-packages/airflow/example_dags/example_trigger_controller_dag.py
[2026-05-10T16:06:32.336+0000] {logging_mixin.py:188} INFO - [2026-05-10T16:06:32.335+0000] {dag.py:3089} INFO - Sync 1 DAGs
[2026-05-10T16:06:32.373+0000] {logging_mixin.py:188} INFO - [2026-05-10T16:06:32.373+0000] {dag.py:3947} INFO - Setting next_dagrun for example_trigger_controller_dag to 2021-01-01 00:00:00+00:00, run_after=2021-01-01 00:00:00+00:00
[2026-05-10T16:06:32.438+0000] {processor.py:183} INFO - Processing /home/airflow/.local/lib/python3.12/site-packages/airflow/example_dags/example_trigger_controller_dag.py took 0.181 seconds
[2026-05-10T16:07:03.232+0000] {processor.py:161} INFO - Started process (PID=30005) to work on /home/airflow/.local/lib/python3.12/site-packages/airflow/example_dags/example_trigger_controller_dag.py
[2026-05-10T16:07:03.248+0000] {processor.py:830} INFO - Processing file /home/airflow/.local/lib/python3.12/site-packages/airflow/example_dags/example_trigger_controller_dag.py for tasks to queue
[2026-05-10T16:07:03.250+0000] {logging_mixin.py:188} INFO - [2026-05-10T16:07:03.249+0000] {dagbag.py:545} INFO - Filling up the DagBag from /home/airflow/.local/lib/python3.12/site-packages/airflow/example_dags/example_trigger_controller_dag.py
[2026-05-10T16:07:03.259+0000] {processor.py:840} INFO - DAG(s) 'example_trigger_controller_dag' retrieved from /home/airflow/.local/lib/python3.12/site-packages/airflow/example_dags/example_trigger_controller_dag.py
[2026-05-10T16:07:03.306+0000] {logging_mixin.py:188} INFO - [2026-05-10T16:07:03.305+0000] {dag.py:3089} INFO - Sync 1 DAGs
[2026-05-10T16:07:03.346+0000] {logging_mixin.py:188} INFO - [2026-05-10T16:07:03.345+0000] {dag.py:3947} INFO - Setting next_dagrun for example_trigger_controller_dag to 2021-01-01 00:00:00+00:00, run_after=2021-01-01 00:00:00+00:00
[2026-05-10T16:07:03.412+0000] {processor.py:183} INFO - Processing /home/airflow/.local/lib/python3.12/site-packages/airflow/example_dags/example_trigger_controller_dag.py took 0.200 seconds
[2026-05-10T16:07:33.598+0000] {processor.py:161} INFO - Started process (PID=30079) to work on /home/airflow/.local/lib/python3.12/site-packages/airflow/example_dags/example_trigger_controller_dag.py
[2026-05-10T16:07:33.600+0000] {processor.py:830} INFO - Processing file /home/airflow/.local/lib/python3.12/site-packages/airflow/example_dags/example_trigger_controller_dag.py for tasks to queue
[2026-05-10T16:07:33.602+0000] {logging_mixin.py:188} INFO - [2026-05-10T16:07:33.602+0000] {dagbag.py:545} INFO - Filling up the DagBag from /home/airflow/.local/lib/python3.12/site-packages/airflow/example_dags/example_trigger_controller_dag.py
[2026-05-10T16:07:33.611+0000] {processor.py:840} INFO - DAG(s) 'example_trigger_controller_dag' retrieved from /home/airflow/.local/lib/python3.12/site-packages/airflow/example_dags/example_trigger_controller_dag.py
[2026-05-10T16:07:33.644+0000] {logging_mixin.py:188} INFO - [2026-05-10T16:07:33.644+0000] {dag.py:3089} INFO - Sync 1 DAGs
[2026-05-10T16:07:33.692+0000] {logging_mixin.py:188} INFO - [2026-05-10T16:07:33.692+0000] {dag.py:3947} INFO - Setting next_dagrun for example_trigger_controller_dag to 2021-01-01 00:00:00+00:00, run_after=2021-01-01 00:00:00+00:00
[2026-05-10T16:07:33.759+0000] {processor.py:183} INFO - Processing /home/airflow/.local/lib/python3.12/site-packages/airflow/example_dags/example_trigger_controller_dag.py took 0.170 seconds
[2026-05-10T16:08:04.169+0000] {processor.py:161} INFO - Started process (PID=30147) to work on /home/airflow/.local/lib/python3.12/site-packages/airflow/example_dags/example_trigger_controller_dag.py
[2026-05-10T16:08:04.173+0000] {processor.py:830} INFO - Processing file /home/airflow/.local/lib/python3.12/site-packages/airflow/example_dags/example_trigger_controller_dag.py for tasks to queue
[2026-05-10T16:08:04.177+0000] {logging_mixin.py:188} INFO - [2026-05-10T16:08:04.177+0000] {dagbag.py:545} INFO - Filling up the DagBag from /home/airflow/.local/lib/python3.12/site-packages/airflow/example_dags/example_trigger_controller_dag.py
[2026-05-10T16:08:04.184+0000] {processor.py:840} INFO - DAG(s) 'example_trigger_controller_dag' retrieved from /home/airflow/.local/lib/python3.12/site-packages/airflow/example_dags/example_trigger_controller_dag.py
[2026-05-10T16:08:04.227+0000] {logging_mixin.py:188} INFO - [2026-05-10T16:08:04.227+0000] {dag.py:3089} INFO - Sync 1 DAGs
[2026-05-10T16:08:04.266+0000] {logging_mixin.py:188} INFO - [2026-05-10T16:08:04.266+0000] {dag.py:3947} INFO - Setting next_dagrun for example_trigger_controller_dag to 2021-01-01 00:00:00+00:00, run_after=2021-01-01 00:00:00+00:00
[2026-05-10T16:08:04.332+0000] {processor.py:183} INFO - Processing /home/airflow/.local/lib/python3.12/site-packages/airflow/example_dags/example_trigger_controller_dag.py took 0.174 seconds
[2026-05-10T16:08:34.648+0000] {processor.py:161} INFO - Started process (PID=30215) to work on /home/airflow/.local/lib/python3.12/site-packages/airflow/example_dags/example_trigger_controller_dag.py
[2026-05-10T16:08:34.651+0000] {processor.py:830} INFO - Processing file /home/airflow/.local/lib/python3.12/site-packages/airflow/example_dags/example_trigger_controller_dag.py for tasks to queue
[2026-05-10T16:08:34.653+0000] {logging_mixin.py:188} INFO - [2026-05-10T16:08:34.652+0000] {dagbag.py:545} INFO - Filling up the DagBag from /home/airflow/.local/lib/python3.12/site-packages/airflow/example_dags/example_trigger_controller_dag.py
[2026-05-10T16:08:34.660+0000] {processor.py:840} INFO - DAG(s) 'example_trigger_controller_dag' retrieved from /home/airflow/.local/lib/python3.12/site-packages/airflow/example_dags/example_trigger_controller_dag.py
[2026-05-10T16:08:34.700+0000] {logging_mixin.py:188} INFO - [2026-05-10T16:08:34.700+0000] {dag.py:3089} INFO - Sync 1 DAGs
[2026-05-10T16:08:34.744+0000] {logging_mixin.py:188} INFO - [2026-05-10T16:08:34.743+0000] {dag.py:3947} INFO - Setting next_dagrun for example_trigger_controller_dag to 2021-01-01 00:00:00+00:00, run_after=2021-01-01 00:00:00+00:00
[2026-05-10T16:08:34.813+0000] {processor.py:183} INFO - Processing /home/airflow/.local/lib/python3.12/site-packages/airflow/example_dags/example_trigger_controller_dag.py took 0.175 seconds
[2026-05-10T16:09:05.254+0000] {processor.py:161} INFO - Started process (PID=30283) to work on /home/airflow/.local/lib/python3.12/site-packages/airflow/example_dags/example_trigger_controller_dag.py
[2026-05-10T16:09:05.258+0000] {processor.py:830} INFO - Processing file /home/airflow/.local/lib/python3.12/site-packages/airflow/example_dags/example_trigger_controller_dag.py for tasks to queue
[2026-05-10T16:09:05.267+0000] {logging_mixin.py:188} INFO - [2026-05-10T16:09:05.266+0000] {dagbag.py:545} INFO - Filling up the DagBag from /home/airflow/.local/lib/python3.12/site-packages/airflow/example_dags/example_trigger_controller_dag.py
[2026-05-10T16:09:05.277+0000] {processor.py:840} INFO - DAG(s) 'example_trigger_controller_dag' retrieved from /home/airflow/.local/lib/python3.12/site-packages/airflow/example_dags/example_trigger_controller_dag.py
[2026-05-10T16:09:05.322+0000] {logging_mixin.py:188} INFO - [2026-05-10T16:09:05.321+0000] {dag.py:3089} INFO - Sync 1 DAGs
[2026-05-10T16:09:05.359+0000] {logging_mixin.py:188} INFO - [2026-05-10T16:09:05.359+0000] {dag.py:3947} INFO - Setting next_dagrun for example_trigger_controller_dag to 2021-01-01 00:00:00+00:00, run_after=2021-01-01 00:00:00+00:00
[2026-05-10T16:09:05.428+0000] {processor.py:183} INFO - Processing /home/airflow/.local/lib/python3.12/site-packages/airflow/example_dags/example_trigger_controller_dag.py took 0.186 seconds
[2026-05-10T16:09:35.825+0000] {processor.py:161} INFO - Started process (PID=30351) to work on /home/airflow/.local/lib/python3.12/site-packages/airflow/example_dags/example_trigger_controller_dag.py
[2026-05-10T16:09:35.828+0000] {processor.py:830} INFO - Processing file /home/airflow/.local/lib/python3.12/site-packages/airflow/example_dags/example_trigger_controller_dag.py for tasks to queue
[2026-05-10T16:09:35.830+0000] {logging_mixin.py:188} INFO - [2026-05-10T16:09:35.830+0000] {dagbag.py:545} INFO - Filling up the DagBag from /home/airflow/.local/lib/python3.12/site-packages/airflow/example_dags/example_trigger_controller_dag.py
[2026-05-10T16:09:35.839+0000] {processor.py:840} INFO - DAG(s) 'example_trigger_controller_dag' retrieved from /home/airflow/.local/lib/python3.12/site-packages/airflow/example_dags/example_trigger_controller_dag.py
[2026-05-10T16:09:35.891+0000] {logging_mixin.py:188} INFO - [2026-05-10T16:09:35.890+0000] {dag.py:3089} INFO - Sync 1 DAGs
[2026-05-10T16:09:35.936+0000] {logging_mixin.py:188} INFO - [2026-05-10T16:09:35.936+0000] {dag.py:3947} INFO - Setting next_dagrun for example_trigger_controller_dag to 2021-01-01 00:00:00+00:00, run_after=2021-01-01 00:00:00+00:00
[2026-05-10T16:09:36.012+0000] {processor.py:183} INFO - Processing /home/airflow/.local/lib/python3.12/site-packages/airflow/example_dags/example_trigger_controller_dag.py took 0.202 seconds
[2026-05-10T16:10:06.479+0000] {processor.py:161} INFO - Started process (PID=30418) to work on /home/airflow/.local/lib/python3.12/site-packages/airflow/example_dags/example_trigger_controller_dag.py
[2026-05-10T16:10:06.481+0000] {processor.py:830} INFO - Processing file /home/airflow/.local/lib/python3.12/site-packages/airflow/example_dags/example_trigger_controller_dag.py for tasks to queue
[2026-05-10T16:10:06.483+0000] {logging_mixin.py:188} INFO - [2026-05-10T16:10:06.482+0000] {dagbag.py:545} INFO - Filling up the DagBag from /home/airflow/.local/lib/python3.12/site-packages/airflow/example_dags/example_trigger_controller_dag.py
[2026-05-10T16:10:06.492+0000] {processor.py:840} INFO - DAG(s) 'example_trigger_controller_dag' retrieved from /home/airflow/.local/lib/python3.12/site-packages/airflow/example_dags/example_trigger_controller_dag.py
[2026-05-10T16:10:06.528+0000] {logging_mixin.py:188} INFO - [2026-05-10T16:10:06.528+0000] {dag.py:3089} INFO - Sync 1 DAGs
[2026-05-10T16:10:06.563+0000] {logging_mixin.py:188} INFO - [2026-05-10T16:10:06.563+0000] {dag.py:3947} INFO - Setting next_dagrun for example_trigger_controller_dag to 2021-01-01 00:00:00+00:00, run_after=2021-01-01 00:00:00+00:00
[2026-05-10T16:10:06.631+0000] {processor.py:183} INFO - Processing /home/airflow/.local/lib/python3.12/site-packages/airflow/example_dags/example_trigger_controller_dag.py took 0.164 seconds
[2026-05-10T16:10:36.733+0000] {processor.py:161} INFO - Started process (PID=30493) to work on /home/airflow/.local/lib/python3.12/site-packages/airflow/example_dags/example_trigger_controller_dag.py
[2026-05-10T16:10:36.736+0000] {processor.py:830} INFO - Processing file /home/airflow/.local/lib/python3.12/site-packages/airflow/example_dags/example_trigger_controller_dag.py for tasks to queue
[2026-05-10T16:10:36.738+0000] {logging_mixin.py:188} INFO - [2026-05-10T16:10:36.737+0000] {dagbag.py:545} INFO - Filling up the DagBag from /home/airflow/.local/lib/python3.12/site-packages/airflow/example_dags/example_trigger_controller_dag.py
[2026-05-10T16:10:36.746+0000] {processor.py:840} INFO - DAG(s) 'example_trigger_controller_dag' retrieved from /home/airflow/.local/lib/python3.12/site-packages/airflow/example_dags/example_trigger_controller_dag.py
[2026-05-10T16:10:36.779+0000] {logging_mixin.py:188} INFO - [2026-05-10T16:10:36.778+0000] {dag.py:3089} INFO - Sync 1 DAGs
[2026-05-10T16:10:36.810+0000] {logging_mixin.py:188} INFO - [2026-05-10T16:10:36.810+0000] {dag.py:3947} INFO - Setting next_dagrun for example_trigger_controller_dag to 2021-01-01 00:00:00+00:00, run_after=2021-01-01 00:00:00+00:00
[2026-05-10T16:10:36.871+0000] {processor.py:183} INFO - Processing /home/airflow/.local/lib/python3.12/site-packages/airflow/example_dags/example_trigger_controller_dag.py took 0.146 seconds
[2026-05-10T16:11:07.373+0000] {processor.py:161} INFO - Started process (PID=30561) to work on /home/airflow/.local/lib/python3.12/site-packages/airflow/example_dags/example_trigger_controller_dag.py
[2026-05-10T16:11:07.377+0000] {processor.py:830} INFO - Processing file /home/airflow/.local/lib/python3.12/site-packages/airflow/example_dags/example_trigger_controller_dag.py for tasks to queue
[2026-05-10T16:11:07.379+0000] {logging_mixin.py:188} INFO - [2026-05-10T16:11:07.378+0000] {dagbag.py:545} INFO - Filling up the DagBag from /home/airflow/.local/lib/python3.12/site-packages/airflow/example_dags/example_trigger_controller_dag.py
[2026-05-10T16:11:07.387+0000] {processor.py:840} INFO - DAG(s) 'example_trigger_controller_dag' retrieved from /home/airflow/.local/lib/python3.12/site-packages/airflow/example_dags/example_trigger_controller_dag.py
[2026-05-10T16:11:07.436+0000] {logging_mixin.py:188} INFO - [2026-05-10T16:11:07.435+0000] {dag.py:3089} INFO - Sync 1 DAGs
[2026-05-10T16:11:07.478+0000] {logging_mixin.py:188} INFO - [2026-05-10T16:11:07.478+0000] {dag.py:3947} INFO - Setting next_dagrun for example_trigger_controller_dag to 2021-01-01 00:00:00+00:00, run_after=2021-01-01 00:00:00+00:00
[2026-05-10T16:11:07.550+0000] {processor.py:183} INFO - Processing /home/airflow/.local/lib/python3.12/site-packages/airflow/example_dags/example_trigger_controller_dag.py took 0.186 seconds
[2026-05-10T16:11:37.637+0000] {processor.py:161} INFO - Started process (PID=30629) to work on /home/airflow/.local/lib/python3.12/site-packages/airflow/example_dags/example_trigger_controller_dag.py
[2026-05-10T16:11:37.639+0000] {processor.py:830} INFO - Processing file /home/airflow/.local/lib/python3.12/site-packages/airflow/example_dags/example_trigger_controller_dag.py for tasks to queue
[2026-05-10T16:11:37.641+0000] {logging_mixin.py:188} INFO - [2026-05-10T16:11:37.640+0000] {dagbag.py:545} INFO - Filling up the DagBag from /home/airflow/.local/lib/python3.12/site-packages/airflow/example_dags/example_trigger_controller_dag.py
[2026-05-10T16:11:37.650+0000] {processor.py:840} INFO - DAG(s) 'example_trigger_controller_dag' retrieved from /home/airflow/.local/lib/python3.12/site-packages/airflow/example_dags/example_trigger_controller_dag.py
[2026-05-10T16:11:37.688+0000] {logging_mixin.py:188} INFO - [2026-05-10T16:11:37.687+0000] {dag.py:3089} INFO - Sync 1 DAGs
[2026-05-10T16:11:37.720+0000] {logging_mixin.py:188} INFO - [2026-05-10T16:11:37.720+0000] {dag.py:3947} INFO - Setting next_dagrun for example_trigger_controller_dag to 2021-01-01 00:00:00+00:00, run_after=2021-01-01 00:00:00+00:00
[2026-05-10T16:11:37.781+0000] {processor.py:183} INFO - Processing /home/airflow/.local/lib/python3.12/site-packages/airflow/example_dags/example_trigger_controller_dag.py took 0.155 seconds
[2026-05-10T16:12:08.220+0000] {processor.py:161} INFO - Started process (PID=30697) to work on /home/airflow/.local/lib/python3.12/site-packages/airflow/example_dags/example_trigger_controller_dag.py
[2026-05-10T16:12:08.222+0000] {processor.py:830} INFO - Processing file /home/airflow/.local/lib/python3.12/site-packages/airflow/example_dags/example_trigger_controller_dag.py for tasks to queue
[2026-05-10T16:12:08.224+0000] {logging_mixin.py:188} INFO - [2026-05-10T16:12:08.223+0000] {dagbag.py:545} INFO - Filling up the DagBag from /home/airflow/.local/lib/python3.12/site-packages/airflow/example_dags/example_trigger_controller_dag.py
[2026-05-10T16:12:08.231+0000] {processor.py:840} INFO - DAG(s) 'example_trigger_controller_dag' retrieved from /home/airflow/.local/lib/python3.12/site-packages/airflow/example_dags/example_trigger_controller_dag.py
[2026-05-10T16:12:08.266+0000] {logging_mixin.py:188} INFO - [2026-05-10T16:12:08.265+0000] {dag.py:3089} INFO - Sync 1 DAGs
[2026-05-10T16:12:08.298+0000] {logging_mixin.py:188} INFO - [2026-05-10T16:12:08.298+0000] {dag.py:3947} INFO - Setting next_dagrun for example_trigger_controller_dag to 2021-01-01 00:00:00+00:00, run_after=2021-01-01 00:00:00+00:00
[2026-05-10T16:12:08.340+0000] {processor.py:183} INFO - Processing /home/airflow/.local/lib/python3.12/site-packages/airflow/example_dags/example_trigger_controller_dag.py took 0.129 seconds
[2026-05-10T16:12:39.169+0000] {processor.py:161} INFO - Started process (PID=30766) to work on /home/airflow/.local/lib/python3.12/site-packages/airflow/example_dags/example_trigger_controller_dag.py
[2026-05-10T16:12:39.172+0000] {processor.py:830} INFO - Processing file /home/airflow/.local/lib/python3.12/site-packages/airflow/example_dags/example_trigger_controller_dag.py for tasks to queue
[2026-05-10T16:12:39.174+0000] {logging_mixin.py:188} INFO - [2026-05-10T16:12:39.174+0000] {dagbag.py:545} INFO - Filling up the DagBag from /home/airflow/.local/lib/python3.12/site-packages/airflow/example_dags/example_trigger_controller_dag.py
[2026-05-10T16:12:39.185+0000] {processor.py:840} INFO - DAG(s) 'example_trigger_controller_dag' retrieved from /home/airflow/.local/lib/python3.12/site-packages/airflow/example_dags/example_trigger_controller_dag.py
[2026-05-10T16:12:39.229+0000] {logging_mixin.py:188} INFO - [2026-05-10T16:12:39.228+0000] {dag.py:3089} INFO - Sync 1 DAGs
[2026-05-10T16:12:39.266+0000] {logging_mixin.py:188} INFO - [2026-05-10T16:12:39.266+0000] {dag.py:3947} INFO - Setting next_dagrun for example_trigger_controller_dag to 2021-01-01 00:00:00+00:00, run_after=2021-01-01 00:00:00+00:00
[2026-05-10T16:12:39.341+0000] {processor.py:183} INFO - Processing /home/airflow/.local/lib/python3.12/site-packages/airflow/example_dags/example_trigger_controller_dag.py took 0.184 seconds
[2026-05-10T16:13:09.606+0000] {processor.py:161} INFO - Started process (PID=30834) to work on /home/airflow/.local/lib/python3.12/site-packages/airflow/example_dags/example_trigger_controller_dag.py
[2026-05-10T16:13:09.608+0000] {processor.py:830} INFO - Processing file /home/airflow/.local/lib/python3.12/site-packages/airflow/example_dags/example_trigger_controller_dag.py for tasks to queue
[2026-05-10T16:13:09.610+0000] {logging_mixin.py:188} INFO - [2026-05-10T16:13:09.609+0000] {dagbag.py:545} INFO - Filling up the DagBag from /home/airflow/.local/lib/python3.12/site-packages/airflow/example_dags/example_trigger_controller_dag.py
[2026-05-10T16:13:09.619+0000] {processor.py:840} INFO - DAG(s) 'example_trigger_controller_dag' retrieved from /home/airflow/.local/lib/python3.12/site-packages/airflow/example_dags/example_trigger_controller_dag.py
[2026-05-10T16:13:09.660+0000] {logging_mixin.py:188} INFO - [2026-05-10T16:13:09.659+0000] {dag.py:3089} INFO - Sync 1 DAGs
[2026-05-10T16:13:09.698+0000] {logging_mixin.py:188} INFO - [2026-05-10T16:13:09.698+0000] {dag.py:3947} INFO - Setting next_dagrun for example_trigger_controller_dag to 2021-01-01 00:00:00+00:00, run_after=2021-01-01 00:00:00+00:00
[2026-05-10T16:13:09.766+0000] {processor.py:183} INFO - Processing /home/airflow/.local/lib/python3.12/site-packages/airflow/example_dags/example_trigger_controller_dag.py took 0.171 seconds
[2026-05-10T16:13:39.977+0000] {processor.py:161} INFO - Started process (PID=30908) to work on /home/airflow/.local/lib/python3.12/site-packages/airflow/example_dags/example_trigger_controller_dag.py
[2026-05-10T16:13:39.979+0000] {processor.py:830} INFO - Processing file /home/airflow/.local/lib/python3.12/site-packages/airflow/example_dags/example_trigger_controller_dag.py for tasks to queue
[2026-05-10T16:13:39.981+0000] {logging_mixin.py:188} INFO - [2026-05-10T16:13:39.981+0000] {dagbag.py:545} INFO - Filling up the DagBag from /home/airflow/.local/lib/python3.12/site-packages/airflow/example_dags/example_trigger_controller_dag.py
[2026-05-10T16:13:39.989+0000] {processor.py:840} INFO - DAG(s) 'example_trigger_controller_dag' retrieved from /home/airflow/.local/lib/python3.12/site-packages/airflow/example_dags/example_trigger_controller_dag.py
[2026-05-10T16:13:40.030+0000] {logging_mixin.py:188} INFO - [2026-05-10T16:13:40.030+0000] {dag.py:3089} INFO - Sync 1 DAGs
[2026-05-10T16:13:40.063+0000] {logging_mixin.py:188} INFO - [2026-05-10T16:13:40.063+0000] {dag.py:3947} INFO - Setting next_dagrun for example_trigger_controller_dag to 2021-01-01 00:00:00+00:00, run_after=2021-01-01 00:00:00+00:00
[2026-05-10T16:13:40.126+0000] {processor.py:183} INFO - Processing /home/airflow/.local/lib/python3.12/site-packages/airflow/example_dags/example_trigger_controller_dag.py took 0.158 seconds
[2026-05-10T16:14:10.715+0000] {processor.py:161} INFO - Started process (PID=30976) to work on /home/airflow/.local/lib/python3.12/site-packages/airflow/example_dags/example_trigger_controller_dag.py
[2026-05-10T16:14:10.718+0000] {processor.py:830} INFO - Processing file /home/airflow/.local/lib/python3.12/site-packages/airflow/example_dags/example_trigger_controller_dag.py for tasks to queue
[2026-05-10T16:14:10.720+0000] {logging_mixin.py:188} INFO - [2026-05-10T16:14:10.719+0000] {dagbag.py:545} INFO - Filling up the DagBag from /home/airflow/.local/lib/python3.12/site-packages/airflow/example_dags/example_trigger_controller_dag.py
[2026-05-10T16:14:10.728+0000] {processor.py:840} INFO - DAG(s) 'example_trigger_controller_dag' retrieved from /home/airflow/.local/lib/python3.12/site-packages/airflow/example_dags/example_trigger_controller_dag.py
[2026-05-10T16:14:10.762+0000] {logging_mixin.py:188} INFO - [2026-05-10T16:14:10.762+0000] {dag.py:3089} INFO - Sync 1 DAGs
[2026-05-10T16:14:10.797+0000] {logging_mixin.py:188} INFO - [2026-05-10T16:14:10.797+0000] {dag.py:3947} INFO - Setting next_dagrun for example_trigger_controller_dag to 2021-01-01 00:00:00+00:00, run_after=2021-01-01 00:00:00+00:00
[2026-05-10T16:14:10.867+0000] {processor.py:183} INFO - Processing /home/airflow/.local/lib/python3.12/site-packages/airflow/example_dags/example_trigger_controller_dag.py took 0.165 seconds
[2026-05-10T16:14:41.226+0000] {processor.py:161} INFO - Started process (PID=31043) to work on /home/airflow/.local/lib/python3.12/site-packages/airflow/example_dags/example_trigger_controller_dag.py
[2026-05-10T16:14:41.228+0000] {processor.py:830} INFO - Processing file /home/airflow/.local/lib/python3.12/site-packages/airflow/example_dags/example_trigger_controller_dag.py for tasks to queue
[2026-05-10T16:14:41.230+0000] {logging_mixin.py:188} INFO - [2026-05-10T16:14:41.230+0000] {dagbag.py:545} INFO - Filling up the DagBag from /home/airflow/.local/lib/python3.12/site-packages/airflow/example_dags/example_trigger_controller_dag.py
[2026-05-10T16:14:41.239+0000] {processor.py:840} INFO - DAG(s) 'example_trigger_controller_dag' retrieved from /home/airflow/.local/lib/python3.12/site-packages/airflow/example_dags/example_trigger_controller_dag.py
[2026-05-10T16:14:41.282+0000] {logging_mixin.py:188} INFO - [2026-05-10T16:14:41.282+0000] {dag.py:3089} INFO - Sync 1 DAGs
[2026-05-10T16:14:41.317+0000] {logging_mixin.py:188} INFO - [2026-05-10T16:14:41.317+0000] {dag.py:3947} INFO - Setting next_dagrun for example_trigger_controller_dag to 2021-01-01 00:00:00+00:00, run_after=2021-01-01 00:00:00+00:00
[2026-05-10T16:14:41.354+0000] {processor.py:183} INFO - Processing /home/airflow/.local/lib/python3.12/site-packages/airflow/example_dags/example_trigger_controller_dag.py took 0.141 seconds
[2026-05-10T16:15:11.747+0000] {processor.py:161} INFO - Started process (PID=31110) to work on /home/airflow/.local/lib/python3.12/site-packages/airflow/example_dags/example_trigger_controller_dag.py
[2026-05-10T16:15:11.748+0000] {processor.py:830} INFO - Processing file /home/airflow/.local/lib/python3.12/site-packages/airflow/example_dags/example_trigger_controller_dag.py for tasks to queue
[2026-05-10T16:15:11.751+0000] {logging_mixin.py:188} INFO - [2026-05-10T16:15:11.750+0000] {dagbag.py:545} INFO - Filling up the DagBag from /home/airflow/.local/lib/python3.12/site-packages/airflow/example_dags/example_trigger_controller_dag.py
[2026-05-10T16:15:11.761+0000] {processor.py:840} INFO - DAG(s) 'example_trigger_controller_dag' retrieved from /home/airflow/.local/lib/python3.12/site-packages/airflow/example_dags/example_trigger_controller_dag.py
[2026-05-10T16:15:11.811+0000] {logging_mixin.py:188} INFO - [2026-05-10T16:15:11.811+0000] {dag.py:3089} INFO - Sync 1 DAGs
[2026-05-10T16:15:11.853+0000] {logging_mixin.py:188} INFO - [2026-05-10T16:15:11.852+0000] {dag.py:3947} INFO - Setting next_dagrun for example_trigger_controller_dag to 2021-01-01 00:00:00+00:00, run_after=2021-01-01 00:00:00+00:00
[2026-05-10T16:15:11.925+0000] {processor.py:183} INFO - Processing /home/airflow/.local/lib/python3.12/site-packages/airflow/example_dags/example_trigger_controller_dag.py took 0.190 seconds
[2026-05-10T16:15:42.649+0000] {processor.py:161} INFO - Started process (PID=31178) to work on /home/airflow/.local/lib/python3.12/site-packages/airflow/example_dags/example_trigger_controller_dag.py
[2026-05-10T16:15:42.652+0000] {processor.py:830} INFO - Processing file /home/airflow/.local/lib/python3.12/site-packages/airflow/example_dags/example_trigger_controller_dag.py for tasks to queue
[2026-05-10T16:15:42.656+0000] {logging_mixin.py:188} INFO - [2026-05-10T16:15:42.655+0000] {dagbag.py:545} INFO - Filling up the DagBag from /home/airflow/.local/lib/python3.12/site-packages/airflow/example_dags/example_trigger_controller_dag.py
[2026-05-10T16:15:42.667+0000] {processor.py:840} INFO - DAG(s) 'example_trigger_controller_dag' retrieved from /home/airflow/.local/lib/python3.12/site-packages/airflow/example_dags/example_trigger_controller_dag.py
[2026-05-10T16:15:42.704+0000] {logging_mixin.py:188} INFO - [2026-05-10T16:15:42.704+0000] {dag.py:3089} INFO - Sync 1 DAGs
[2026-05-10T16:15:42.747+0000] {logging_mixin.py:188} INFO - [2026-05-10T16:15:42.746+0000] {dag.py:3947} INFO - Setting next_dagrun for example_trigger_controller_dag to 2021-01-01 00:00:00+00:00, run_after=2021-01-01 00:00:00+00:00
[2026-05-10T16:15:42.821+0000] {processor.py:183} INFO - Processing /home/airflow/.local/lib/python3.12/site-packages/airflow/example_dags/example_trigger_controller_dag.py took 0.183 seconds
[2026-05-10T16:16:13.488+0000] {processor.py:161} INFO - Started process (PID=31246) to work on /home/airflow/.local/lib/python3.12/site-packages/airflow/example_dags/example_trigger_controller_dag.py
[2026-05-10T16:16:13.491+0000] {processor.py:830} INFO - Processing file /home/airflow/.local/lib/python3.12/site-packages/airflow/example_dags/example_trigger_controller_dag.py for tasks to queue
[2026-05-10T16:16:13.493+0000] {logging_mixin.py:188} INFO - [2026-05-10T16:16:13.493+0000] {dagbag.py:545} INFO - Filling up the DagBag from /home/airflow/.local/lib/python3.12/site-packages/airflow/example_dags/example_trigger_controller_dag.py
[2026-05-10T16:16:13.508+0000] {processor.py:840} INFO - DAG(s) 'example_trigger_controller_dag' retrieved from /home/airflow/.local/lib/python3.12/site-packages/airflow/example_dags/example_trigger_controller_dag.py
[2026-05-10T16:16:13.551+0000] {logging_mixin.py:188} INFO - [2026-05-10T16:16:13.551+0000] {dag.py:3089} INFO - Sync 1 DAGs
[2026-05-10T16:16:13.586+0000] {logging_mixin.py:188} INFO - [2026-05-10T16:16:13.585+0000] {dag.py:3947} INFO - Setting next_dagrun for example_trigger_controller_dag to 2021-01-01 00:00:00+00:00, run_after=2021-01-01 00:00:00+00:00
[2026-05-10T16:16:13.626+0000] {processor.py:183} INFO - Processing /home/airflow/.local/lib/python3.12/site-packages/airflow/example_dags/example_trigger_controller_dag.py took 0.157 seconds
[2026-05-10T16:16:44.066+0000] {processor.py:161} INFO - Started process (PID=31321) to work on /home/airflow/.local/lib/python3.12/site-packages/airflow/example_dags/example_trigger_controller_dag.py
[2026-05-10T16:16:44.068+0000] {processor.py:830} INFO - Processing file /home/airflow/.local/lib/python3.12/site-packages/airflow/example_dags/example_trigger_controller_dag.py for tasks to queue
[2026-05-10T16:16:44.071+0000] {logging_mixin.py:188} INFO - [2026-05-10T16:16:44.070+0000] {dagbag.py:545} INFO - Filling up the DagBag from /home/airflow/.local/lib/python3.12/site-packages/airflow/example_dags/example_trigger_controller_dag.py
[2026-05-10T16:16:44.103+0000] {processor.py:840} INFO - DAG(s) 'example_trigger_controller_dag' retrieved from /home/airflow/.local/lib/python3.12/site-packages/airflow/example_dags/example_trigger_controller_dag.py
[2026-05-10T16:16:44.138+0000] {logging_mixin.py:188} INFO - [2026-05-10T16:16:44.138+0000] {dag.py:3089} INFO - Sync 1 DAGs
[2026-05-10T16:16:44.168+0000] {logging_mixin.py:188} INFO - [2026-05-10T16:16:44.167+0000] {dag.py:3947} INFO - Setting next_dagrun for example_trigger_controller_dag to 2021-01-01 00:00:00+00:00, run_after=2021-01-01 00:00:00+00:00
[2026-05-10T16:16:44.226+0000] {processor.py:183} INFO - Processing /home/airflow/.local/lib/python3.12/site-packages/airflow/example_dags/example_trigger_controller_dag.py took 0.170 seconds
[2026-05-10T16:17:15.035+0000] {processor.py:161} INFO - Started process (PID=31389) to work on /home/airflow/.local/lib/python3.12/site-packages/airflow/example_dags/example_trigger_controller_dag.py
[2026-05-10T16:17:15.037+0000] {processor.py:830} INFO - Processing file /home/airflow/.local/lib/python3.12/site-packages/airflow/example_dags/example_trigger_controller_dag.py for tasks to queue
[2026-05-10T16:17:15.039+0000] {logging_mixin.py:188} INFO - [2026-05-10T16:17:15.038+0000] {dagbag.py:545} INFO - Filling up the DagBag from /home/airflow/.local/lib/python3.12/site-packages/airflow/example_dags/example_trigger_controller_dag.py
[2026-05-10T16:17:15.048+0000] {processor.py:840} INFO - DAG(s) 'example_trigger_controller_dag' retrieved from /home/airflow/.local/lib/python3.12/site-packages/airflow/example_dags/example_trigger_controller_dag.py
[2026-05-10T16:17:15.086+0000] {logging_mixin.py:188} INFO - [2026-05-10T16:17:15.085+0000] {dag.py:3089} INFO - Sync 1 DAGs
[2026-05-10T16:17:15.118+0000] {logging_mixin.py:188} INFO - [2026-05-10T16:17:15.118+0000] {dag.py:3947} INFO - Setting next_dagrun for example_trigger_controller_dag to 2021-01-01 00:00:00+00:00, run_after=2021-01-01 00:00:00+00:00
[2026-05-10T16:17:15.162+0000] {processor.py:183} INFO - Processing /home/airflow/.local/lib/python3.12/site-packages/airflow/example_dags/example_trigger_controller_dag.py took 0.137 seconds
[2026-05-10T16:17:45.841+0000] {processor.py:161} INFO - Started process (PID=31457) to work on /home/airflow/.local/lib/python3.12/site-packages/airflow/example_dags/example_trigger_controller_dag.py
[2026-05-10T16:17:45.844+0000] {processor.py:830} INFO - Processing file /home/airflow/.local/lib/python3.12/site-packages/airflow/example_dags/example_trigger_controller_dag.py for tasks to queue
[2026-05-10T16:17:45.847+0000] {logging_mixin.py:188} INFO - [2026-05-10T16:17:45.846+0000] {dagbag.py:545} INFO - Filling up the DagBag from /home/airflow/.local/lib/python3.12/site-packages/airflow/example_dags/example_trigger_controller_dag.py
[2026-05-10T16:17:45.859+0000] {processor.py:840} INFO - DAG(s) 'example_trigger_controller_dag' retrieved from /home/airflow/.local/lib/python3.12/site-packages/airflow/example_dags/example_trigger_controller_dag.py
[2026-05-10T16:17:45.905+0000] {logging_mixin.py:188} INFO - [2026-05-10T16:17:45.905+0000] {dag.py:3089} INFO - Sync 1 DAGs
[2026-05-10T16:17:45.945+0000] {logging_mixin.py:188} INFO - [2026-05-10T16:17:45.944+0000] {dag.py:3947} INFO - Setting next_dagrun for example_trigger_controller_dag to 2021-01-01 00:00:00+00:00, run_after=2021-01-01 00:00:00+00:00
[2026-05-10T16:17:45.996+0000] {processor.py:183} INFO - Processing /home/airflow/.local/lib/python3.12/site-packages/airflow/example_dags/example_trigger_controller_dag.py took 0.169 seconds
[2026-05-10T16:18:16.435+0000] {processor.py:161} INFO - Started process (PID=31525) to work on /home/airflow/.local/lib/python3.12/site-packages/airflow/example_dags/example_trigger_controller_dag.py
[2026-05-10T16:18:16.439+0000] {processor.py:830} INFO - Processing file /home/airflow/.local/lib/python3.12/site-packages/airflow/example_dags/example_trigger_controller_dag.py for tasks to queue
[2026-05-10T16:18:16.441+0000] {logging_mixin.py:188} INFO - [2026-05-10T16:18:16.441+0000] {dagbag.py:545} INFO - Filling up the DagBag from /home/airflow/.local/lib/python3.12/site-packages/airflow/example_dags/example_trigger_controller_dag.py
[2026-05-10T16:18:16.451+0000] {processor.py:840} INFO - DAG(s) 'example_trigger_controller_dag' retrieved from /home/airflow/.local/lib/python3.12/site-packages/airflow/example_dags/example_trigger_controller_dag.py
[2026-05-10T16:18:16.482+0000] {logging_mixin.py:188} INFO - [2026-05-10T16:18:16.481+0000] {dag.py:3089} INFO - Sync 1 DAGs
[2026-05-10T16:18:16.510+0000] {logging_mixin.py:188} INFO - [2026-05-10T16:18:16.509+0000] {dag.py:3947} INFO - Setting next_dagrun for example_trigger_controller_dag to 2021-01-01 00:00:00+00:00, run_after=2021-01-01 00:00:00+00:00
[2026-05-10T16:18:16.543+0000] {processor.py:183} INFO - Processing /home/airflow/.local/lib/python3.12/site-packages/airflow/example_dags/example_trigger_controller_dag.py took 0.119 seconds
[2026-05-10T16:18:46.772+0000] {processor.py:161} INFO - Started process (PID=31592) to work on /home/airflow/.local/lib/python3.12/site-packages/airflow/example_dags/example_trigger_controller_dag.py
[2026-05-10T16:18:46.781+0000] {processor.py:830} INFO - Processing file /home/airflow/.local/lib/python3.12/site-packages/airflow/example_dags/example_trigger_controller_dag.py for tasks to queue
[2026-05-10T16:18:46.783+0000] {logging_mixin.py:188} INFO - [2026-05-10T16:18:46.783+0000] {dagbag.py:545} INFO - Filling up the DagBag from /home/airflow/.local/lib/python3.12/site-packages/airflow/example_dags/example_trigger_controller_dag.py
[2026-05-10T16:18:46.792+0000] {processor.py:840} INFO - DAG(s) 'example_trigger_controller_dag' retrieved from /home/airflow/.local/lib/python3.12/site-packages/airflow/example_dags/example_trigger_controller_dag.py
[2026-05-10T16:18:46.826+0000] {logging_mixin.py:188} INFO - [2026-05-10T16:18:46.826+0000] {dag.py:3089} INFO - Sync 1 DAGs
[2026-05-10T16:18:46.930+0000] {logging_mixin.py:188} INFO - [2026-05-10T16:18:46.929+0000] {dag.py:3947} INFO - Setting next_dagrun for example_trigger_controller_dag to 2021-01-01 00:00:00+00:00, run_after=2021-01-01 00:00:00+00:00
[2026-05-10T16:18:46.998+0000] {processor.py:183} INFO - Processing /home/airflow/.local/lib/python3.12/site-packages/airflow/example_dags/example_trigger_controller_dag.py took 0.238 seconds
[2026-05-10T16:19:17.707+0000] {processor.py:161} INFO - Started process (PID=31665) to work on /home/airflow/.local/lib/python3.12/site-packages/airflow/example_dags/example_trigger_controller_dag.py
[2026-05-10T16:19:17.709+0000] {processor.py:830} INFO - Processing file /home/airflow/.local/lib/python3.12/site-packages/airflow/example_dags/example_trigger_controller_dag.py for tasks to queue
[2026-05-10T16:19:17.711+0000] {logging_mixin.py:188} INFO - [2026-05-10T16:19:17.711+0000] {dagbag.py:545} INFO - Filling up the DagBag from /home/airflow/.local/lib/python3.12/site-packages/airflow/example_dags/example_trigger_controller_dag.py
[2026-05-10T16:19:17.722+0000] {processor.py:840} INFO - DAG(s) 'example_trigger_controller_dag' retrieved from /home/airflow/.local/lib/python3.12/site-packages/airflow/example_dags/example_trigger_controller_dag.py
[2026-05-10T16:19:17.756+0000] {logging_mixin.py:188} INFO - [2026-05-10T16:19:17.756+0000] {dag.py:3089} INFO - Sync 1 DAGs
[2026-05-10T16:19:17.789+0000] {logging_mixin.py:188} INFO - [2026-05-10T16:19:17.789+0000] {dag.py:3947} INFO - Setting next_dagrun for example_trigger_controller_dag to 2021-01-01 00:00:00+00:00, run_after=2021-01-01 00:00:00+00:00
[2026-05-10T16:19:17.849+0000] {processor.py:183} INFO - Processing /home/airflow/.local/lib/python3.12/site-packages/airflow/example_dags/example_trigger_controller_dag.py took 0.151 seconds
[2026-05-10T16:19:48.381+0000] {processor.py:161} INFO - Started process (PID=31733) to work on /home/airflow/.local/lib/python3.12/site-packages/airflow/example_dags/example_trigger_controller_dag.py
[2026-05-10T16:19:48.384+0000] {processor.py:830} INFO - Processing file /home/airflow/.local/lib/python3.12/site-packages/airflow/example_dags/example_trigger_controller_dag.py for tasks to queue
[2026-05-10T16:19:48.385+0000] {logging_mixin.py:188} INFO - [2026-05-10T16:19:48.385+0000] {dagbag.py:545} INFO - Filling up the DagBag from /home/airflow/.local/lib/python3.12/site-packages/airflow/example_dags/example_trigger_controller_dag.py
[2026-05-10T16:19:48.393+0000] {processor.py:840} INFO - DAG(s) 'example_trigger_controller_dag' retrieved from /home/airflow/.local/lib/python3.12/site-packages/airflow/example_dags/example_trigger_controller_dag.py
[2026-05-10T16:19:48.435+0000] {logging_mixin.py:188} INFO - [2026-05-10T16:19:48.435+0000] {dag.py:3089} INFO - Sync 1 DAGs
[2026-05-10T16:19:48.476+0000] {logging_mixin.py:188} INFO - [2026-05-10T16:19:48.476+0000] {dag.py:3947} INFO - Setting next_dagrun for example_trigger_controller_dag to 2021-01-01 00:00:00+00:00, run_after=2021-01-01 00:00:00+00:00
[2026-05-10T16:19:48.516+0000] {processor.py:183} INFO - Processing /home/airflow/.local/lib/python3.12/site-packages/airflow/example_dags/example_trigger_controller_dag.py took 0.148 seconds
[2026-05-10T16:20:19.130+0000] {processor.py:161} INFO - Started process (PID=31802) to work on /home/airflow/.local/lib/python3.12/site-packages/airflow/example_dags/example_trigger_controller_dag.py
[2026-05-10T16:20:19.132+0000] {processor.py:830} INFO - Processing file /home/airflow/.local/lib/python3.12/site-packages/airflow/example_dags/example_trigger_controller_dag.py for tasks to queue
[2026-05-10T16:20:19.134+0000] {logging_mixin.py:188} INFO - [2026-05-10T16:20:19.134+0000] {dagbag.py:545} INFO - Filling up the DagBag from /home/airflow/.local/lib/python3.12/site-packages/airflow/example_dags/example_trigger_controller_dag.py
[2026-05-10T16:20:19.144+0000] {processor.py:840} INFO - DAG(s) 'example_trigger_controller_dag' retrieved from /home/airflow/.local/lib/python3.12/site-packages/airflow/example_dags/example_trigger_controller_dag.py
[2026-05-10T16:20:19.187+0000] {logging_mixin.py:188} INFO - [2026-05-10T16:20:19.186+0000] {dag.py:3089} INFO - Sync 1 DAGs
[2026-05-10T16:20:19.223+0000] {logging_mixin.py:188} INFO - [2026-05-10T16:20:19.222+0000] {dag.py:3947} INFO - Setting next_dagrun for example_trigger_controller_dag to 2021-01-01 00:00:00+00:00, run_after=2021-01-01 00:00:00+00:00
[2026-05-10T16:20:19.283+0000] {processor.py:183} INFO - Processing /home/airflow/.local/lib/python3.12/site-packages/airflow/example_dags/example_trigger_controller_dag.py took 0.166 seconds
[2026-05-10T16:20:49.757+0000] {processor.py:161} INFO - Started process (PID=31871) to work on /home/airflow/.local/lib/python3.12/site-packages/airflow/example_dags/example_trigger_controller_dag.py
[2026-05-10T16:20:49.759+0000] {processor.py:830} INFO - Processing file /home/airflow/.local/lib/python3.12/site-packages/airflow/example_dags/example_trigger_controller_dag.py for tasks to queue
[2026-05-10T16:20:49.761+0000] {logging_mixin.py:188} INFO - [2026-05-10T16:20:49.760+0000] {dagbag.py:545} INFO - Filling up the DagBag from /home/airflow/.local/lib/python3.12/site-packages/airflow/example_dags/example_trigger_controller_dag.py
[2026-05-10T16:20:49.769+0000] {processor.py:840} INFO - DAG(s) 'example_trigger_controller_dag' retrieved from /home/airflow/.local/lib/python3.12/site-packages/airflow/example_dags/example_trigger_controller_dag.py
[2026-05-10T16:20:49.805+0000] {logging_mixin.py:188} INFO - [2026-05-10T16:20:49.805+0000] {dag.py:3089} INFO - Sync 1 DAGs
[2026-05-10T16:20:49.843+0000] {logging_mixin.py:188} INFO - [2026-05-10T16:20:49.842+0000] {dag.py:3947} INFO - Setting next_dagrun for example_trigger_controller_dag to 2021-01-01 00:00:00+00:00, run_after=2021-01-01 00:00:00+00:00
[2026-05-10T16:20:49.907+0000] {processor.py:183} INFO - Processing /home/airflow/.local/lib/python3.12/site-packages/airflow/example_dags/example_trigger_controller_dag.py took 0.164 seconds
[2026-05-10T16:21:20.546+0000] {processor.py:161} INFO - Started process (PID=31939) to work on /home/airflow/.local/lib/python3.12/site-packages/airflow/example_dags/example_trigger_controller_dag.py
[2026-05-10T16:21:20.549+0000] {processor.py:830} INFO - Processing file /home/airflow/.local/lib/python3.12/site-packages/airflow/example_dags/example_trigger_controller_dag.py for tasks to queue
[2026-05-10T16:21:20.552+0000] {logging_mixin.py:188} INFO - [2026-05-10T16:21:20.551+0000] {dagbag.py:545} INFO - Filling up the DagBag from /home/airflow/.local/lib/python3.12/site-packages/airflow/example_dags/example_trigger_controller_dag.py
[2026-05-10T16:21:20.563+0000] {processor.py:840} INFO - DAG(s) 'example_trigger_controller_dag' retrieved from /home/airflow/.local/lib/python3.12/site-packages/airflow/example_dags/example_trigger_controller_dag.py
[2026-05-10T16:21:20.604+0000] {logging_mixin.py:188} INFO - [2026-05-10T16:21:20.604+0000] {dag.py:3089} INFO - Sync 1 DAGs
[2026-05-10T16:21:20.641+0000] {logging_mixin.py:188} INFO - [2026-05-10T16:21:20.640+0000] {dag.py:3947} INFO - Setting next_dagrun for example_trigger_controller_dag to 2021-01-01 00:00:00+00:00, run_after=2021-01-01 00:00:00+00:00
[2026-05-10T16:21:20.688+0000] {processor.py:183} INFO - Processing /home/airflow/.local/lib/python3.12/site-packages/airflow/example_dags/example_trigger_controller_dag.py took 0.155 seconds
[2026-05-10T16:21:50.997+0000] {processor.py:161} INFO - Started process (PID=32006) to work on /home/airflow/.local/lib/python3.12/site-packages/airflow/example_dags/example_trigger_controller_dag.py
[2026-05-10T16:21:51.000+0000] {processor.py:830} INFO - Processing file /home/airflow/.local/lib/python3.12/site-packages/airflow/example_dags/example_trigger_controller_dag.py for tasks to queue
[2026-05-10T16:21:51.002+0000] {logging_mixin.py:188} INFO - [2026-05-10T16:21:51.002+0000] {dagbag.py:545} INFO - Filling up the DagBag from /home/airflow/.local/lib/python3.12/site-packages/airflow/example_dags/example_trigger_controller_dag.py
[2026-05-10T16:21:51.014+0000] {processor.py:840} INFO - DAG(s) 'example_trigger_controller_dag' retrieved from /home/airflow/.local/lib/python3.12/site-packages/airflow/example_dags/example_trigger_controller_dag.py
[2026-05-10T16:21:51.051+0000] {logging_mixin.py:188} INFO - [2026-05-10T16:21:51.050+0000] {dag.py:3089} INFO - Sync 1 DAGs
[2026-05-10T16:21:51.096+0000] {logging_mixin.py:188} INFO - [2026-05-10T16:21:51.095+0000] {dag.py:3947} INFO - Setting next_dagrun for example_trigger_controller_dag to 2021-01-01 00:00:00+00:00, run_after=2021-01-01 00:00:00+00:00
[2026-05-10T16:21:51.141+0000] {processor.py:183} INFO - Processing /home/airflow/.local/lib/python3.12/site-packages/airflow/example_dags/example_trigger_controller_dag.py took 0.159 seconds
[2026-05-10T16:22:21.829+0000] {processor.py:161} INFO - Started process (PID=32081) to work on /home/airflow/.local/lib/python3.12/site-packages/airflow/example_dags/example_trigger_controller_dag.py
[2026-05-10T16:22:21.833+0000] {processor.py:830} INFO - Processing file /home/airflow/.local/lib/python3.12/site-packages/airflow/example_dags/example_trigger_controller_dag.py for tasks to queue
[2026-05-10T16:22:21.835+0000] {logging_mixin.py:188} INFO - [2026-05-10T16:22:21.835+0000] {dagbag.py:545} INFO - Filling up the DagBag from /home/airflow/.local/lib/python3.12/site-packages/airflow/example_dags/example_trigger_controller_dag.py
[2026-05-10T16:22:21.847+0000] {processor.py:840} INFO - DAG(s) 'example_trigger_controller_dag' retrieved from /home/airflow/.local/lib/python3.12/site-packages/airflow/example_dags/example_trigger_controller_dag.py
[2026-05-10T16:22:21.890+0000] {logging_mixin.py:188} INFO - [2026-05-10T16:22:21.889+0000] {dag.py:3089} INFO - Sync 1 DAGs
[2026-05-10T16:22:21.931+0000] {logging_mixin.py:188} INFO - [2026-05-10T16:22:21.931+0000] {dag.py:3947} INFO - Setting next_dagrun for example_trigger_controller_dag to 2021-01-01 00:00:00+00:00, run_after=2021-01-01 00:00:00+00:00
[2026-05-10T16:22:22.253+0000] {processor.py:183} INFO - Processing /home/airflow/.local/lib/python3.12/site-packages/airflow/example_dags/example_trigger_controller_dag.py took 0.436 seconds
[2026-05-10T16:22:52.501+0000] {processor.py:161} INFO - Started process (PID=32149) to work on /home/airflow/.local/lib/python3.12/site-packages/airflow/example_dags/example_trigger_controller_dag.py
[2026-05-10T16:22:52.503+0000] {processor.py:830} INFO - Processing file /home/airflow/.local/lib/python3.12/site-packages/airflow/example_dags/example_trigger_controller_dag.py for tasks to queue
[2026-05-10T16:22:52.504+0000] {logging_mixin.py:188} INFO - [2026-05-10T16:22:52.504+0000] {dagbag.py:545} INFO - Filling up the DagBag from /home/airflow/.local/lib/python3.12/site-packages/airflow/example_dags/example_trigger_controller_dag.py
[2026-05-10T16:22:52.512+0000] {processor.py:840} INFO - DAG(s) 'example_trigger_controller_dag' retrieved from /home/airflow/.local/lib/python3.12/site-packages/airflow/example_dags/example_trigger_controller_dag.py
[2026-05-10T16:22:52.548+0000] {logging_mixin.py:188} INFO - [2026-05-10T16:22:52.547+0000] {dag.py:3089} INFO - Sync 1 DAGs
[2026-05-10T16:22:52.579+0000] {logging_mixin.py:188} INFO - [2026-05-10T16:22:52.579+0000] {dag.py:3947} INFO - Setting next_dagrun for example_trigger_controller_dag to 2021-01-01 00:00:00+00:00, run_after=2021-01-01 00:00:00+00:00
[2026-05-10T16:22:52.645+0000] {processor.py:183} INFO - Processing /home/airflow/.local/lib/python3.12/site-packages/airflow/example_dags/example_trigger_controller_dag.py took 0.156 seconds
[2026-05-10T16:23:23.237+0000] {processor.py:161} INFO - Started process (PID=32217) to work on /home/airflow/.local/lib/python3.12/site-packages/airflow/example_dags/example_trigger_controller_dag.py
[2026-05-10T16:23:23.240+0000] {processor.py:830} INFO - Processing file /home/airflow/.local/lib/python3.12/site-packages/airflow/example_dags/example_trigger_controller_dag.py for tasks to queue
[2026-05-10T16:23:23.242+0000] {logging_mixin.py:188} INFO - [2026-05-10T16:23:23.242+0000] {dagbag.py:545} INFO - Filling up the DagBag from /home/airflow/.local/lib/python3.12/site-packages/airflow/example_dags/example_trigger_controller_dag.py
[2026-05-10T16:23:23.255+0000] {processor.py:840} INFO - DAG(s) 'example_trigger_controller_dag' retrieved from /home/airflow/.local/lib/python3.12/site-packages/airflow/example_dags/example_trigger_controller_dag.py
[2026-05-10T16:23:23.304+0000] {logging_mixin.py:188} INFO - [2026-05-10T16:23:23.304+0000] {dag.py:3089} INFO - Sync 1 DAGs
[2026-05-10T16:23:23.342+0000] {logging_mixin.py:188} INFO - [2026-05-10T16:23:23.341+0000] {dag.py:3947} INFO - Setting next_dagrun for example_trigger_controller_dag to 2021-01-01 00:00:00+00:00, run_after=2021-01-01 00:00:00+00:00
[2026-05-10T16:23:23.382+0000] {processor.py:183} INFO - Processing /home/airflow/.local/lib/python3.12/site-packages/airflow/example_dags/example_trigger_controller_dag.py took 0.163 seconds
[2026-05-10T16:23:53.576+0000] {processor.py:161} INFO - Started process (PID=32285) to work on /home/airflow/.local/lib/python3.12/site-packages/airflow/example_dags/example_trigger_controller_dag.py
[2026-05-10T16:23:53.579+0000] {processor.py:830} INFO - Processing file /home/airflow/.local/lib/python3.12/site-packages/airflow/example_dags/example_trigger_controller_dag.py for tasks to queue
[2026-05-10T16:23:53.582+0000] {logging_mixin.py:188} INFO - [2026-05-10T16:23:53.581+0000] {dagbag.py:545} INFO - Filling up the DagBag from /home/airflow/.local/lib/python3.12/site-packages/airflow/example_dags/example_trigger_controller_dag.py
[2026-05-10T16:23:53.597+0000] {processor.py:840} INFO - DAG(s) 'example_trigger_controller_dag' retrieved from /home/airflow/.local/lib/python3.12/site-packages/airflow/example_dags/example_trigger_controller_dag.py
[2026-05-10T16:23:53.650+0000] {logging_mixin.py:188} INFO - [2026-05-10T16:23:53.649+0000] {dag.py:3089} INFO - Sync 1 DAGs
[2026-05-10T16:23:53.695+0000] {logging_mixin.py:188} INFO - [2026-05-10T16:23:53.694+0000] {dag.py:3947} INFO - Setting next_dagrun for example_trigger_controller_dag to 2021-01-01 00:00:00+00:00, run_after=2021-01-01 00:00:00+00:00
[2026-05-10T16:23:53.740+0000] {processor.py:183} INFO - Processing /home/airflow/.local/lib/python3.12/site-packages/airflow/example_dags/example_trigger_controller_dag.py took 0.178 seconds
[2026-05-10T16:24:24.119+0000] {processor.py:161} INFO - Started process (PID=32353) to work on /home/airflow/.local/lib/python3.12/site-packages/airflow/example_dags/example_trigger_controller_dag.py
[2026-05-10T16:24:24.121+0000] {processor.py:830} INFO - Processing file /home/airflow/.local/lib/python3.12/site-packages/airflow/example_dags/example_trigger_controller_dag.py for tasks to queue
[2026-05-10T16:24:24.124+0000] {logging_mixin.py:188} INFO - [2026-05-10T16:24:24.123+0000] {dagbag.py:545} INFO - Filling up the DagBag from /home/airflow/.local/lib/python3.12/site-packages/airflow/example_dags/example_trigger_controller_dag.py
[2026-05-10T16:24:24.132+0000] {processor.py:840} INFO - DAG(s) 'example_trigger_controller_dag' retrieved from /home/airflow/.local/lib/python3.12/site-packages/airflow/example_dags/example_trigger_controller_dag.py
[2026-05-10T16:24:24.402+0000] {logging_mixin.py:188} INFO - [2026-05-10T16:24:24.401+0000] {dag.py:3089} INFO - Sync 1 DAGs
[2026-05-10T16:24:24.430+0000] {logging_mixin.py:188} INFO - [2026-05-10T16:24:24.429+0000] {dag.py:3947} INFO - Setting next_dagrun for example_trigger_controller_dag to 2021-01-01 00:00:00+00:00, run_after=2021-01-01 00:00:00+00:00
[2026-05-10T16:24:24.471+0000] {processor.py:183} INFO - Processing /home/airflow/.local/lib/python3.12/site-packages/airflow/example_dags/example_trigger_controller_dag.py took 0.363 seconds
[2026-05-10T16:24:54.886+0000] {processor.py:161} INFO - Started process (PID=32421) to work on /home/airflow/.local/lib/python3.12/site-packages/airflow/example_dags/example_trigger_controller_dag.py
[2026-05-10T16:24:54.888+0000] {processor.py:830} INFO - Processing file /home/airflow/.local/lib/python3.12/site-packages/airflow/example_dags/example_trigger_controller_dag.py for tasks to queue
[2026-05-10T16:24:54.890+0000] {logging_mixin.py:188} INFO - [2026-05-10T16:24:54.890+0000] {dagbag.py:545} INFO - Filling up the DagBag from /home/airflow/.local/lib/python3.12/site-packages/airflow/example_dags/example_trigger_controller_dag.py
[2026-05-10T16:24:54.903+0000] {processor.py:840} INFO - DAG(s) 'example_trigger_controller_dag' retrieved from /home/airflow/.local/lib/python3.12/site-packages/airflow/example_dags/example_trigger_controller_dag.py
[2026-05-10T16:24:54.936+0000] {logging_mixin.py:188} INFO - [2026-05-10T16:24:54.935+0000] {dag.py:3089} INFO - Sync 1 DAGs
[2026-05-10T16:24:54.968+0000] {logging_mixin.py:188} INFO - [2026-05-10T16:24:54.967+0000] {dag.py:3947} INFO - Setting next_dagrun for example_trigger_controller_dag to 2021-01-01 00:00:00+00:00, run_after=2021-01-01 00:00:00+00:00
[2026-05-10T16:24:54.998+0000] {processor.py:183} INFO - Processing /home/airflow/.local/lib/python3.12/site-packages/airflow/example_dags/example_trigger_controller_dag.py took 0.121 seconds
[2026-05-10T16:25:25.662+0000] {processor.py:161} INFO - Started process (PID=32496) to work on /home/airflow/.local/lib/python3.12/site-packages/airflow/example_dags/example_trigger_controller_dag.py
[2026-05-10T16:25:25.663+0000] {processor.py:830} INFO - Processing file /home/airflow/.local/lib/python3.12/site-packages/airflow/example_dags/example_trigger_controller_dag.py for tasks to queue
[2026-05-10T16:25:25.665+0000] {logging_mixin.py:188} INFO - [2026-05-10T16:25:25.665+0000] {dagbag.py:545} INFO - Filling up the DagBag from /home/airflow/.local/lib/python3.12/site-packages/airflow/example_dags/example_trigger_controller_dag.py
[2026-05-10T16:25:25.673+0000] {processor.py:840} INFO - DAG(s) 'example_trigger_controller_dag' retrieved from /home/airflow/.local/lib/python3.12/site-packages/airflow/example_dags/example_trigger_controller_dag.py
[2026-05-10T16:25:25.706+0000] {logging_mixin.py:188} INFO - [2026-05-10T16:25:25.706+0000] {dag.py:3089} INFO - Sync 1 DAGs
[2026-05-10T16:25:25.738+0000] {logging_mixin.py:188} INFO - [2026-05-10T16:25:25.737+0000] {dag.py:3947} INFO - Setting next_dagrun for example_trigger_controller_dag to 2021-01-01 00:00:00+00:00, run_after=2021-01-01 00:00:00+00:00
[2026-05-10T16:25:25.766+0000] {processor.py:183} INFO - Processing /home/airflow/.local/lib/python3.12/site-packages/airflow/example_dags/example_trigger_controller_dag.py took 0.115 seconds
[2026-05-10T16:25:56.195+0000] {processor.py:161} INFO - Started process (PID=32564) to work on /home/airflow/.local/lib/python3.12/site-packages/airflow/example_dags/example_trigger_controller_dag.py
[2026-05-10T16:25:56.202+0000] {processor.py:830} INFO - Processing file /home/airflow/.local/lib/python3.12/site-packages/airflow/example_dags/example_trigger_controller_dag.py for tasks to queue
[2026-05-10T16:25:56.204+0000] {logging_mixin.py:188} INFO - [2026-05-10T16:25:56.204+0000] {dagbag.py:545} INFO - Filling up the DagBag from /home/airflow/.local/lib/python3.12/site-packages/airflow/example_dags/example_trigger_controller_dag.py
[2026-05-10T16:25:56.218+0000] {processor.py:840} INFO - DAG(s) 'example_trigger_controller_dag' retrieved from /home/airflow/.local/lib/python3.12/site-packages/airflow/example_dags/example_trigger_controller_dag.py
[2026-05-10T16:25:56.256+0000] {logging_mixin.py:188} INFO - [2026-05-10T16:25:56.256+0000] {dag.py:3089} INFO - Sync 1 DAGs
[2026-05-10T16:25:56.289+0000] {logging_mixin.py:188} INFO - [2026-05-10T16:25:56.289+0000] {dag.py:3947} INFO - Setting next_dagrun for example_trigger_controller_dag to 2021-01-01 00:00:00+00:00, run_after=2021-01-01 00:00:00+00:00
[2026-05-10T16:25:56.331+0000] {processor.py:183} INFO - Processing /home/airflow/.local/lib/python3.12/site-packages/airflow/example_dags/example_trigger_controller_dag.py took 0.148 seconds
[2026-05-10T16:26:26.669+0000] {processor.py:161} INFO - Started process (PID=32632) to work on /home/airflow/.local/lib/python3.12/site-packages/airflow/example_dags/example_trigger_controller_dag.py
[2026-05-10T16:26:26.671+0000] {processor.py:830} INFO - Processing file /home/airflow/.local/lib/python3.12/site-packages/airflow/example_dags/example_trigger_controller_dag.py for tasks to queue
[2026-05-10T16:26:26.673+0000] {logging_mixin.py:188} INFO - [2026-05-10T16:26:26.672+0000] {dagbag.py:545} INFO - Filling up the DagBag from /home/airflow/.local/lib/python3.12/site-packages/airflow/example_dags/example_trigger_controller_dag.py
[2026-05-10T16:26:26.681+0000] {processor.py:840} INFO - DAG(s) 'example_trigger_controller_dag' retrieved from /home/airflow/.local/lib/python3.12/site-packages/airflow/example_dags/example_trigger_controller_dag.py
[2026-05-10T16:26:26.715+0000] {logging_mixin.py:188} INFO - [2026-05-10T16:26:26.714+0000] {dag.py:3089} INFO - Sync 1 DAGs
[2026-05-10T16:26:26.744+0000] {logging_mixin.py:188} INFO - [2026-05-10T16:26:26.744+0000] {dag.py:3947} INFO - Setting next_dagrun for example_trigger_controller_dag to 2021-01-01 00:00:00+00:00, run_after=2021-01-01 00:00:00+00:00
[2026-05-10T16:26:26.776+0000] {processor.py:183} INFO - Processing /home/airflow/.local/lib/python3.12/site-packages/airflow/example_dags/example_trigger_controller_dag.py took 0.116 seconds
[2026-05-10T16:26:57.108+0000] {processor.py:161} INFO - Started process (PID=32701) to work on /home/airflow/.local/lib/python3.12/site-packages/airflow/example_dags/example_trigger_controller_dag.py
[2026-05-10T16:26:57.115+0000] {processor.py:830} INFO - Processing file /home/airflow/.local/lib/python3.12/site-packages/airflow/example_dags/example_trigger_controller_dag.py for tasks to queue
[2026-05-10T16:26:57.119+0000] {logging_mixin.py:188} INFO - [2026-05-10T16:26:57.118+0000] {dagbag.py:545} INFO - Filling up the DagBag from /home/airflow/.local/lib/python3.12/site-packages/airflow/example_dags/example_trigger_controller_dag.py
[2026-05-10T16:26:57.133+0000] {processor.py:840} INFO - DAG(s) 'example_trigger_controller_dag' retrieved from /home/airflow/.local/lib/python3.12/site-packages/airflow/example_dags/example_trigger_controller_dag.py
[2026-05-10T16:26:57.183+0000] {logging_mixin.py:188} INFO - [2026-05-10T16:26:57.182+0000] {dag.py:3089} INFO - Sync 1 DAGs
[2026-05-10T16:26:57.226+0000] {logging_mixin.py:188} INFO - [2026-05-10T16:26:57.225+0000] {dag.py:3947} INFO - Setting next_dagrun for example_trigger_controller_dag to 2021-01-01 00:00:00+00:00, run_after=2021-01-01 00:00:00+00:00
[2026-05-10T16:26:57.273+0000] {processor.py:183} INFO - Processing /home/airflow/.local/lib/python3.12/site-packages/airflow/example_dags/example_trigger_controller_dag.py took 0.180 seconds
[2026-05-10T16:27:27.621+0000] {processor.py:161} INFO - Started process (PID=32769) to work on /home/airflow/.local/lib/python3.12/site-packages/airflow/example_dags/example_trigger_controller_dag.py
[2026-05-10T16:27:27.624+0000] {processor.py:830} INFO - Processing file /home/airflow/.local/lib/python3.12/site-packages/airflow/example_dags/example_trigger_controller_dag.py for tasks to queue
[2026-05-10T16:27:27.627+0000] {logging_mixin.py:188} INFO - [2026-05-10T16:27:27.626+0000] {dagbag.py:545} INFO - Filling up the DagBag from /home/airflow/.local/lib/python3.12/site-packages/airflow/example_dags/example_trigger_controller_dag.py
[2026-05-10T16:27:27.638+0000] {processor.py:840} INFO - DAG(s) 'example_trigger_controller_dag' retrieved from /home/airflow/.local/lib/python3.12/site-packages/airflow/example_dags/example_trigger_controller_dag.py
[2026-05-10T16:27:27.686+0000] {logging_mixin.py:188} INFO - [2026-05-10T16:27:27.686+0000] {dag.py:3089} INFO - Sync 1 DAGs
[2026-05-10T16:27:27.728+0000] {logging_mixin.py:188} INFO - [2026-05-10T16:27:27.728+0000] {dag.py:3947} INFO - Setting next_dagrun for example_trigger_controller_dag to 2021-01-01 00:00:00+00:00, run_after=2021-01-01 00:00:00+00:00
[2026-05-10T16:27:27.772+0000] {processor.py:183} INFO - Processing /home/airflow/.local/lib/python3.12/site-packages/airflow/example_dags/example_trigger_controller_dag.py took 0.166 seconds
[2026-05-10T16:27:59.986+0000] {processor.py:161} INFO - Started process (PID=32837) to work on /home/airflow/.local/lib/python3.12/site-packages/airflow/example_dags/example_trigger_controller_dag.py
[2026-05-10T16:27:59.988+0000] {processor.py:830} INFO - Processing file /home/airflow/.local/lib/python3.12/site-packages/airflow/example_dags/example_trigger_controller_dag.py for tasks to queue
[2026-05-10T16:27:59.991+0000] {logging_mixin.py:188} INFO - [2026-05-10T16:27:59.990+0000] {dagbag.py:545} INFO - Filling up the DagBag from /home/airflow/.local/lib/python3.12/site-packages/airflow/example_dags/example_trigger_controller_dag.py
[2026-05-10T16:28:00.002+0000] {processor.py:840} INFO - DAG(s) 'example_trigger_controller_dag' retrieved from /home/airflow/.local/lib/python3.12/site-packages/airflow/example_dags/example_trigger_controller_dag.py
[2026-05-10T16:28:00.043+0000] {logging_mixin.py:188} INFO - [2026-05-10T16:28:00.042+0000] {dag.py:3089} INFO - Sync 1 DAGs
[2026-05-10T16:28:00.078+0000] {logging_mixin.py:188} INFO - [2026-05-10T16:28:00.078+0000] {dag.py:3947} INFO - Setting next_dagrun for example_trigger_controller_dag to 2021-01-01 00:00:00+00:00, run_after=2021-01-01 00:00:00+00:00
[2026-05-10T16:28:00.128+0000] {processor.py:183} INFO - Processing /home/airflow/.local/lib/python3.12/site-packages/airflow/example_dags/example_trigger_controller_dag.py took 0.156 seconds
[2026-05-10T16:28:30.549+0000] {processor.py:161} INFO - Started process (PID=32913) to work on /home/airflow/.local/lib/python3.12/site-packages/airflow/example_dags/example_trigger_controller_dag.py
[2026-05-10T16:28:30.551+0000] {processor.py:830} INFO - Processing file /home/airflow/.local/lib/python3.12/site-packages/airflow/example_dags/example_trigger_controller_dag.py for tasks to queue
[2026-05-10T16:28:30.554+0000] {logging_mixin.py:188} INFO - [2026-05-10T16:28:30.553+0000] {dagbag.py:545} INFO - Filling up the DagBag from /home/airflow/.local/lib/python3.12/site-packages/airflow/example_dags/example_trigger_controller_dag.py
[2026-05-10T16:28:30.564+0000] {processor.py:840} INFO - DAG(s) 'example_trigger_controller_dag' retrieved from /home/airflow/.local/lib/python3.12/site-packages/airflow/example_dags/example_trigger_controller_dag.py
[2026-05-10T16:28:30.602+0000] {logging_mixin.py:188} INFO - [2026-05-10T16:28:30.602+0000] {dag.py:3089} INFO - Sync 1 DAGs
[2026-05-10T16:28:30.637+0000] {logging_mixin.py:188} INFO - [2026-05-10T16:28:30.637+0000] {dag.py:3947} INFO - Setting next_dagrun for example_trigger_controller_dag to 2021-01-01 00:00:00+00:00, run_after=2021-01-01 00:00:00+00:00
[2026-05-10T16:28:30.676+0000] {processor.py:183} INFO - Processing /home/airflow/.local/lib/python3.12/site-packages/airflow/example_dags/example_trigger_controller_dag.py took 0.137 seconds
[2026-05-10T16:29:01.568+0000] {processor.py:161} INFO - Started process (PID=32981) to work on /home/airflow/.local/lib/python3.12/site-packages/airflow/example_dags/example_trigger_controller_dag.py
[2026-05-10T16:29:01.570+0000] {processor.py:830} INFO - Processing file /home/airflow/.local/lib/python3.12/site-packages/airflow/example_dags/example_trigger_controller_dag.py for tasks to queue
[2026-05-10T16:29:01.573+0000] {logging_mixin.py:188} INFO - [2026-05-10T16:29:01.572+0000] {dagbag.py:545} INFO - Filling up the DagBag from /home/airflow/.local/lib/python3.12/site-packages/airflow/example_dags/example_trigger_controller_dag.py
[2026-05-10T16:29:01.584+0000] {processor.py:840} INFO - DAG(s) 'example_trigger_controller_dag' retrieved from /home/airflow/.local/lib/python3.12/site-packages/airflow/example_dags/example_trigger_controller_dag.py
[2026-05-10T16:29:01.623+0000] {logging_mixin.py:188} INFO - [2026-05-10T16:29:01.622+0000] {dag.py:3089} INFO - Sync 1 DAGs
[2026-05-10T16:29:01.653+0000] {logging_mixin.py:188} INFO - [2026-05-10T16:29:01.652+0000] {dag.py:3947} INFO - Setting next_dagrun for example_trigger_controller_dag to 2021-01-01 00:00:00+00:00, run_after=2021-01-01 00:00:00+00:00
[2026-05-10T16:29:01.719+0000] {processor.py:183} INFO - Processing /home/airflow/.local/lib/python3.12/site-packages/airflow/example_dags/example_trigger_controller_dag.py took 0.164 seconds
[2026-05-10T16:29:32.065+0000] {processor.py:161} INFO - Started process (PID=33048) to work on /home/airflow/.local/lib/python3.12/site-packages/airflow/example_dags/example_trigger_controller_dag.py
[2026-05-10T16:29:32.069+0000] {processor.py:830} INFO - Processing file /home/airflow/.local/lib/python3.12/site-packages/airflow/example_dags/example_trigger_controller_dag.py for tasks to queue
[2026-05-10T16:29:32.071+0000] {logging_mixin.py:188} INFO - [2026-05-10T16:29:32.070+0000] {dagbag.py:545} INFO - Filling up the DagBag from /home/airflow/.local/lib/python3.12/site-packages/airflow/example_dags/example_trigger_controller_dag.py
[2026-05-10T16:29:32.080+0000] {processor.py:840} INFO - DAG(s) 'example_trigger_controller_dag' retrieved from /home/airflow/.local/lib/python3.12/site-packages/airflow/example_dags/example_trigger_controller_dag.py
[2026-05-10T16:29:32.133+0000] {logging_mixin.py:188} INFO - [2026-05-10T16:29:32.132+0000] {dag.py:3089} INFO - Sync 1 DAGs
[2026-05-10T16:29:32.171+0000] {logging_mixin.py:188} INFO - [2026-05-10T16:29:32.170+0000] {dag.py:3947} INFO - Setting next_dagrun for example_trigger_controller_dag to 2021-01-01 00:00:00+00:00, run_after=2021-01-01 00:00:00+00:00
[2026-05-10T16:29:32.256+0000] {processor.py:183} INFO - Processing /home/airflow/.local/lib/python3.12/site-packages/airflow/example_dags/example_trigger_controller_dag.py took 0.204 seconds
[2026-05-10T16:30:02.582+0000] {processor.py:161} INFO - Started process (PID=33115) to work on /home/airflow/.local/lib/python3.12/site-packages/airflow/example_dags/example_trigger_controller_dag.py
[2026-05-10T16:30:02.584+0000] {processor.py:830} INFO - Processing file /home/airflow/.local/lib/python3.12/site-packages/airflow/example_dags/example_trigger_controller_dag.py for tasks to queue
[2026-05-10T16:30:02.587+0000] {logging_mixin.py:188} INFO - [2026-05-10T16:30:02.587+0000] {dagbag.py:545} INFO - Filling up the DagBag from /home/airflow/.local/lib/python3.12/site-packages/airflow/example_dags/example_trigger_controller_dag.py
[2026-05-10T16:30:02.598+0000] {processor.py:840} INFO - DAG(s) 'example_trigger_controller_dag' retrieved from /home/airflow/.local/lib/python3.12/site-packages/airflow/example_dags/example_trigger_controller_dag.py
[2026-05-10T16:30:02.648+0000] {logging_mixin.py:188} INFO - [2026-05-10T16:30:02.647+0000] {dag.py:3089} INFO - Sync 1 DAGs
[2026-05-10T16:30:02.684+0000] {logging_mixin.py:188} INFO - [2026-05-10T16:30:02.683+0000] {dag.py:3947} INFO - Setting next_dagrun for example_trigger_controller_dag to 2021-01-01 00:00:00+00:00, run_after=2021-01-01 00:00:00+00:00
[2026-05-10T16:30:02.758+0000] {processor.py:183} INFO - Processing /home/airflow/.local/lib/python3.12/site-packages/airflow/example_dags/example_trigger_controller_dag.py took 0.189 seconds
[2026-05-10T16:30:33.610+0000] {processor.py:161} INFO - Started process (PID=33184) to work on /home/airflow/.local/lib/python3.12/site-packages/airflow/example_dags/example_trigger_controller_dag.py
[2026-05-10T16:30:33.613+0000] {processor.py:830} INFO - Processing file /home/airflow/.local/lib/python3.12/site-packages/airflow/example_dags/example_trigger_controller_dag.py for tasks to queue
[2026-05-10T16:30:33.615+0000] {logging_mixin.py:188} INFO - [2026-05-10T16:30:33.615+0000] {dagbag.py:545} INFO - Filling up the DagBag from /home/airflow/.local/lib/python3.12/site-packages/airflow/example_dags/example_trigger_controller_dag.py
[2026-05-10T16:30:33.624+0000] {processor.py:840} INFO - DAG(s) 'example_trigger_controller_dag' retrieved from /home/airflow/.local/lib/python3.12/site-packages/airflow/example_dags/example_trigger_controller_dag.py
[2026-05-10T16:30:33.663+0000] {logging_mixin.py:188} INFO - [2026-05-10T16:30:33.663+0000] {dag.py:3089} INFO - Sync 1 DAGs
[2026-05-10T16:30:33.694+0000] {logging_mixin.py:188} INFO - [2026-05-10T16:30:33.694+0000] {dag.py:3947} INFO - Setting next_dagrun for example_trigger_controller_dag to 2021-01-01 00:00:00+00:00, run_after=2021-01-01 00:00:00+00:00
[2026-05-10T16:30:33.753+0000] {processor.py:183} INFO - Processing /home/airflow/.local/lib/python3.12/site-packages/airflow/example_dags/example_trigger_controller_dag.py took 0.152 seconds
[2026-05-10T16:31:04.177+0000] {processor.py:161} INFO - Started process (PID=33251) to work on /home/airflow/.local/lib/python3.12/site-packages/airflow/example_dags/example_trigger_controller_dag.py
[2026-05-10T16:31:04.183+0000] {processor.py:830} INFO - Processing file /home/airflow/.local/lib/python3.12/site-packages/airflow/example_dags/example_trigger_controller_dag.py for tasks to queue
[2026-05-10T16:31:04.196+0000] {logging_mixin.py:188} INFO - [2026-05-10T16:31:04.195+0000] {dagbag.py:545} INFO - Filling up the DagBag from /home/airflow/.local/lib/python3.12/site-packages/airflow/example_dags/example_trigger_controller_dag.py
[2026-05-10T16:31:04.217+0000] {processor.py:840} INFO - DAG(s) 'example_trigger_controller_dag' retrieved from /home/airflow/.local/lib/python3.12/site-packages/airflow/example_dags/example_trigger_controller_dag.py
[2026-05-10T16:31:04.259+0000] {logging_mixin.py:188} INFO - [2026-05-10T16:31:04.259+0000] {dag.py:3089} INFO - Sync 1 DAGs
[2026-05-10T16:31:04.303+0000] {logging_mixin.py:188} INFO - [2026-05-10T16:31:04.303+0000] {dag.py:3947} INFO - Setting next_dagrun for example_trigger_controller_dag to 2021-01-01 00:00:00+00:00, run_after=2021-01-01 00:00:00+00:00
[2026-05-10T16:31:04.373+0000] {processor.py:183} INFO - Processing /home/airflow/.local/lib/python3.12/site-packages/airflow/example_dags/example_trigger_controller_dag.py took 0.205 seconds
[2026-05-10T16:31:34.884+0000] {processor.py:161} INFO - Started process (PID=33319) to work on /home/airflow/.local/lib/python3.12/site-packages/airflow/example_dags/example_trigger_controller_dag.py
[2026-05-10T16:31:34.886+0000] {processor.py:830} INFO - Processing file /home/airflow/.local/lib/python3.12/site-packages/airflow/example_dags/example_trigger_controller_dag.py for tasks to queue
[2026-05-10T16:31:34.888+0000] {logging_mixin.py:188} INFO - [2026-05-10T16:31:34.888+0000] {dagbag.py:545} INFO - Filling up the DagBag from /home/airflow/.local/lib/python3.12/site-packages/airflow/example_dags/example_trigger_controller_dag.py
[2026-05-10T16:31:34.899+0000] {processor.py:840} INFO - DAG(s) 'example_trigger_controller_dag' retrieved from /home/airflow/.local/lib/python3.12/site-packages/airflow/example_dags/example_trigger_controller_dag.py
[2026-05-10T16:31:34.944+0000] {logging_mixin.py:188} INFO - [2026-05-10T16:31:34.943+0000] {dag.py:3089} INFO - Sync 1 DAGs
[2026-05-10T16:31:34.981+0000] {logging_mixin.py:188} INFO - [2026-05-10T16:31:34.980+0000] {dag.py:3947} INFO - Setting next_dagrun for example_trigger_controller_dag to 2021-01-01 00:00:00+00:00, run_after=2021-01-01 00:00:00+00:00
[2026-05-10T16:31:35.050+0000] {processor.py:183} INFO - Processing /home/airflow/.local/lib/python3.12/site-packages/airflow/example_dags/example_trigger_controller_dag.py took 0.182 seconds
[2026-05-10T16:32:05.837+0000] {processor.py:161} INFO - Started process (PID=33394) to work on /home/airflow/.local/lib/python3.12/site-packages/airflow/example_dags/example_trigger_controller_dag.py
[2026-05-10T16:32:05.848+0000] {processor.py:830} INFO - Processing file /home/airflow/.local/lib/python3.12/site-packages/airflow/example_dags/example_trigger_controller_dag.py for tasks to queue
[2026-05-10T16:32:05.862+0000] {logging_mixin.py:188} INFO - [2026-05-10T16:32:05.861+0000] {dagbag.py:545} INFO - Filling up the DagBag from /home/airflow/.local/lib/python3.12/site-packages/airflow/example_dags/example_trigger_controller_dag.py
[2026-05-10T16:32:05.887+0000] {processor.py:840} INFO - DAG(s) 'example_trigger_controller_dag' retrieved from /home/airflow/.local/lib/python3.12/site-packages/airflow/example_dags/example_trigger_controller_dag.py
[2026-05-10T16:32:05.928+0000] {logging_mixin.py:188} INFO - [2026-05-10T16:32:05.927+0000] {dag.py:3089} INFO - Sync 1 DAGs
[2026-05-10T16:32:05.977+0000] {logging_mixin.py:188} INFO - [2026-05-10T16:32:05.976+0000] {dag.py:3947} INFO - Setting next_dagrun for example_trigger_controller_dag to 2021-01-01 00:00:00+00:00, run_after=2021-01-01 00:00:00+00:00
[2026-05-10T16:32:06.039+0000] {processor.py:183} INFO - Processing /home/airflow/.local/lib/python3.12/site-packages/airflow/example_dags/example_trigger_controller_dag.py took 0.211 seconds
[2026-05-10T16:32:36.413+0000] {processor.py:161} INFO - Started process (PID=33461) to work on /home/airflow/.local/lib/python3.12/site-packages/airflow/example_dags/example_trigger_controller_dag.py
[2026-05-10T16:32:36.415+0000] {processor.py:830} INFO - Processing file /home/airflow/.local/lib/python3.12/site-packages/airflow/example_dags/example_trigger_controller_dag.py for tasks to queue
[2026-05-10T16:32:36.417+0000] {logging_mixin.py:188} INFO - [2026-05-10T16:32:36.416+0000] {dagbag.py:545} INFO - Filling up the DagBag from /home/airflow/.local/lib/python3.12/site-packages/airflow/example_dags/example_trigger_controller_dag.py
[2026-05-10T16:32:36.426+0000] {processor.py:840} INFO - DAG(s) 'example_trigger_controller_dag' retrieved from /home/airflow/.local/lib/python3.12/site-packages/airflow/example_dags/example_trigger_controller_dag.py
[2026-05-10T16:32:36.461+0000] {logging_mixin.py:188} INFO - [2026-05-10T16:32:36.461+0000] {dag.py:3089} INFO - Sync 1 DAGs
[2026-05-10T16:32:36.492+0000] {logging_mixin.py:188} INFO - [2026-05-10T16:32:36.491+0000] {dag.py:3947} INFO - Setting next_dagrun for example_trigger_controller_dag to 2021-01-01 00:00:00+00:00, run_after=2021-01-01 00:00:00+00:00
[2026-05-10T16:32:36.653+0000] {processor.py:183} INFO - Processing /home/airflow/.local/lib/python3.12/site-packages/airflow/example_dags/example_trigger_controller_dag.py took 0.250 seconds
[2026-05-10T16:33:07.961+0000] {processor.py:161} INFO - Started process (PID=33529) to work on /home/airflow/.local/lib/python3.12/site-packages/airflow/example_dags/example_trigger_controller_dag.py
[2026-05-10T16:33:07.970+0000] {processor.py:830} INFO - Processing file /home/airflow/.local/lib/python3.12/site-packages/airflow/example_dags/example_trigger_controller_dag.py for tasks to queue
[2026-05-10T16:33:07.972+0000] {logging_mixin.py:188} INFO - [2026-05-10T16:33:07.972+0000] {dagbag.py:545} INFO - Filling up the DagBag from /home/airflow/.local/lib/python3.12/site-packages/airflow/example_dags/example_trigger_controller_dag.py
[2026-05-10T16:33:07.982+0000] {processor.py:840} INFO - DAG(s) 'example_trigger_controller_dag' retrieved from /home/airflow/.local/lib/python3.12/site-packages/airflow/example_dags/example_trigger_controller_dag.py
[2026-05-10T16:33:08.031+0000] {logging_mixin.py:188} INFO - [2026-05-10T16:33:08.031+0000] {dag.py:3089} INFO - Sync 1 DAGs
[2026-05-10T16:33:08.068+0000] {logging_mixin.py:188} INFO - [2026-05-10T16:33:08.067+0000] {dag.py:3947} INFO - Setting next_dagrun for example_trigger_controller_dag to 2021-01-01 00:00:00+00:00, run_after=2021-01-01 00:00:00+00:00
[2026-05-10T16:33:08.111+0000] {processor.py:183} INFO - Processing /home/airflow/.local/lib/python3.12/site-packages/airflow/example_dags/example_trigger_controller_dag.py took 0.167 seconds
[2026-05-10T16:33:38.650+0000] {processor.py:161} INFO - Started process (PID=33597) to work on /home/airflow/.local/lib/python3.12/site-packages/airflow/example_dags/example_trigger_controller_dag.py
[2026-05-10T16:33:38.656+0000] {processor.py:830} INFO - Processing file /home/airflow/.local/lib/python3.12/site-packages/airflow/example_dags/example_trigger_controller_dag.py for tasks to queue
[2026-05-10T16:33:38.659+0000] {logging_mixin.py:188} INFO - [2026-05-10T16:33:38.658+0000] {dagbag.py:545} INFO - Filling up the DagBag from /home/airflow/.local/lib/python3.12/site-packages/airflow/example_dags/example_trigger_controller_dag.py
[2026-05-10T16:33:38.670+0000] {processor.py:840} INFO - DAG(s) 'example_trigger_controller_dag' retrieved from /home/airflow/.local/lib/python3.12/site-packages/airflow/example_dags/example_trigger_controller_dag.py
[2026-05-10T16:33:38.705+0000] {logging_mixin.py:188} INFO - [2026-05-10T16:33:38.705+0000] {dag.py:3089} INFO - Sync 1 DAGs
[2026-05-10T16:33:38.736+0000] {logging_mixin.py:188} INFO - [2026-05-10T16:33:38.736+0000] {dag.py:3947} INFO - Setting next_dagrun for example_trigger_controller_dag to 2021-01-01 00:00:00+00:00, run_after=2021-01-01 00:00:00+00:00
[2026-05-10T16:33:38.797+0000] {processor.py:183} INFO - Processing /home/airflow/.local/lib/python3.12/site-packages/airflow/example_dags/example_trigger_controller_dag.py took 0.160 seconds
[2026-05-10T16:34:09.233+0000] {processor.py:161} INFO - Started process (PID=33665) to work on /home/airflow/.local/lib/python3.12/site-packages/airflow/example_dags/example_trigger_controller_dag.py
[2026-05-10T16:34:09.236+0000] {processor.py:830} INFO - Processing file /home/airflow/.local/lib/python3.12/site-packages/airflow/example_dags/example_trigger_controller_dag.py for tasks to queue
[2026-05-10T16:34:09.239+0000] {logging_mixin.py:188} INFO - [2026-05-10T16:34:09.238+0000] {dagbag.py:545} INFO - Filling up the DagBag from /home/airflow/.local/lib/python3.12/site-packages/airflow/example_dags/example_trigger_controller_dag.py
[2026-05-10T16:34:09.250+0000] {processor.py:840} INFO - DAG(s) 'example_trigger_controller_dag' retrieved from /home/airflow/.local/lib/python3.12/site-packages/airflow/example_dags/example_trigger_controller_dag.py
[2026-05-10T16:34:09.289+0000] {logging_mixin.py:188} INFO - [2026-05-10T16:34:09.289+0000] {dag.py:3089} INFO - Sync 1 DAGs
[2026-05-10T16:34:09.327+0000] {logging_mixin.py:188} INFO - [2026-05-10T16:34:09.327+0000] {dag.py:3947} INFO - Setting next_dagrun for example_trigger_controller_dag to 2021-01-01 00:00:00+00:00, run_after=2021-01-01 00:00:00+00:00
[2026-05-10T16:34:09.399+0000] {processor.py:183} INFO - Processing /home/airflow/.local/lib/python3.12/site-packages/airflow/example_dags/example_trigger_controller_dag.py took 0.179 seconds
[2026-05-10T16:34:39.694+0000] {processor.py:161} INFO - Started process (PID=33733) to work on /home/airflow/.local/lib/python3.12/site-packages/airflow/example_dags/example_trigger_controller_dag.py
[2026-05-10T16:34:39.696+0000] {processor.py:830} INFO - Processing file /home/airflow/.local/lib/python3.12/site-packages/airflow/example_dags/example_trigger_controller_dag.py for tasks to queue
[2026-05-10T16:34:39.698+0000] {logging_mixin.py:188} INFO - [2026-05-10T16:34:39.697+0000] {dagbag.py:545} INFO - Filling up the DagBag from /home/airflow/.local/lib/python3.12/site-packages/airflow/example_dags/example_trigger_controller_dag.py
[2026-05-10T16:34:39.708+0000] {processor.py:840} INFO - DAG(s) 'example_trigger_controller_dag' retrieved from /home/airflow/.local/lib/python3.12/site-packages/airflow/example_dags/example_trigger_controller_dag.py
[2026-05-10T16:34:39.745+0000] {logging_mixin.py:188} INFO - [2026-05-10T16:34:39.745+0000] {dag.py:3089} INFO - Sync 1 DAGs
[2026-05-10T16:34:39.795+0000] {logging_mixin.py:188} INFO - [2026-05-10T16:34:39.794+0000] {dag.py:3947} INFO - Setting next_dagrun for example_trigger_controller_dag to 2021-01-01 00:00:00+00:00, run_after=2021-01-01 00:00:00+00:00
[2026-05-10T16:34:39.868+0000] {processor.py:183} INFO - Processing /home/airflow/.local/lib/python3.12/site-packages/airflow/example_dags/example_trigger_controller_dag.py took 0.184 seconds
[2026-05-10T16:35:10.200+0000] {processor.py:161} INFO - Started process (PID=33801) to work on /home/airflow/.local/lib/python3.12/site-packages/airflow/example_dags/example_trigger_controller_dag.py
[2026-05-10T16:35:10.202+0000] {processor.py:830} INFO - Processing file /home/airflow/.local/lib/python3.12/site-packages/airflow/example_dags/example_trigger_controller_dag.py for tasks to queue
[2026-05-10T16:35:10.206+0000] {logging_mixin.py:188} INFO - [2026-05-10T16:35:10.205+0000] {dagbag.py:545} INFO - Filling up the DagBag from /home/airflow/.local/lib/python3.12/site-packages/airflow/example_dags/example_trigger_controller_dag.py
[2026-05-10T16:35:10.217+0000] {processor.py:840} INFO - DAG(s) 'example_trigger_controller_dag' retrieved from /home/airflow/.local/lib/python3.12/site-packages/airflow/example_dags/example_trigger_controller_dag.py
[2026-05-10T16:35:10.260+0000] {logging_mixin.py:188} INFO - [2026-05-10T16:35:10.259+0000] {dag.py:3089} INFO - Sync 1 DAGs
[2026-05-10T16:35:10.300+0000] {logging_mixin.py:188} INFO - [2026-05-10T16:35:10.299+0000] {dag.py:3947} INFO - Setting next_dagrun for example_trigger_controller_dag to 2021-01-01 00:00:00+00:00, run_after=2021-01-01 00:00:00+00:00
[2026-05-10T16:35:10.378+0000] {processor.py:183} INFO - Processing /home/airflow/.local/lib/python3.12/site-packages/airflow/example_dags/example_trigger_controller_dag.py took 0.187 seconds
[2026-05-10T16:35:40.679+0000] {processor.py:161} INFO - Started process (PID=33870) to work on /home/airflow/.local/lib/python3.12/site-packages/airflow/example_dags/example_trigger_controller_dag.py
[2026-05-10T16:35:40.682+0000] {processor.py:830} INFO - Processing file /home/airflow/.local/lib/python3.12/site-packages/airflow/example_dags/example_trigger_controller_dag.py for tasks to queue
[2026-05-10T16:35:40.685+0000] {logging_mixin.py:188} INFO - [2026-05-10T16:35:40.684+0000] {dagbag.py:545} INFO - Filling up the DagBag from /home/airflow/.local/lib/python3.12/site-packages/airflow/example_dags/example_trigger_controller_dag.py
[2026-05-10T16:35:40.696+0000] {processor.py:840} INFO - DAG(s) 'example_trigger_controller_dag' retrieved from /home/airflow/.local/lib/python3.12/site-packages/airflow/example_dags/example_trigger_controller_dag.py
[2026-05-10T16:35:40.739+0000] {logging_mixin.py:188} INFO - [2026-05-10T16:35:40.738+0000] {dag.py:3089} INFO - Sync 1 DAGs
[2026-05-10T16:35:40.780+0000] {logging_mixin.py:188} INFO - [2026-05-10T16:35:40.779+0000] {dag.py:3947} INFO - Setting next_dagrun for example_trigger_controller_dag to 2021-01-01 00:00:00+00:00, run_after=2021-01-01 00:00:00+00:00
[2026-05-10T16:35:40.846+0000] {processor.py:183} INFO - Processing /home/airflow/.local/lib/python3.12/site-packages/airflow/example_dags/example_trigger_controller_dag.py took 0.185 seconds
[2026-05-10T16:36:11.136+0000] {processor.py:161} INFO - Started process (PID=33945) to work on /home/airflow/.local/lib/python3.12/site-packages/airflow/example_dags/example_trigger_controller_dag.py
[2026-05-10T16:36:11.151+0000] {processor.py:830} INFO - Processing file /home/airflow/.local/lib/python3.12/site-packages/airflow/example_dags/example_trigger_controller_dag.py for tasks to queue
[2026-05-10T16:36:11.154+0000] {logging_mixin.py:188} INFO - [2026-05-10T16:36:11.153+0000] {dagbag.py:545} INFO - Filling up the DagBag from /home/airflow/.local/lib/python3.12/site-packages/airflow/example_dags/example_trigger_controller_dag.py
[2026-05-10T16:36:11.175+0000] {processor.py:840} INFO - DAG(s) 'example_trigger_controller_dag' retrieved from /home/airflow/.local/lib/python3.12/site-packages/airflow/example_dags/example_trigger_controller_dag.py
[2026-05-10T16:36:11.228+0000] {logging_mixin.py:188} INFO - [2026-05-10T16:36:11.228+0000] {dag.py:3089} INFO - Sync 1 DAGs
[2026-05-10T16:36:11.268+0000] {logging_mixin.py:188} INFO - [2026-05-10T16:36:11.268+0000] {dag.py:3947} INFO - Setting next_dagrun for example_trigger_controller_dag to 2021-01-01 00:00:00+00:00, run_after=2021-01-01 00:00:00+00:00
[2026-05-10T16:36:11.337+0000] {processor.py:183} INFO - Processing /home/airflow/.local/lib/python3.12/site-packages/airflow/example_dags/example_trigger_controller_dag.py took 0.215 seconds
[2026-05-10T16:36:41.783+0000] {processor.py:161} INFO - Started process (PID=34013) to work on /home/airflow/.local/lib/python3.12/site-packages/airflow/example_dags/example_trigger_controller_dag.py
[2026-05-10T16:36:41.794+0000] {processor.py:830} INFO - Processing file /home/airflow/.local/lib/python3.12/site-packages/airflow/example_dags/example_trigger_controller_dag.py for tasks to queue
[2026-05-10T16:36:41.802+0000] {logging_mixin.py:188} INFO - [2026-05-10T16:36:41.801+0000] {dagbag.py:545} INFO - Filling up the DagBag from /home/airflow/.local/lib/python3.12/site-packages/airflow/example_dags/example_trigger_controller_dag.py
[2026-05-10T16:36:41.819+0000] {processor.py:840} INFO - DAG(s) 'example_trigger_controller_dag' retrieved from /home/airflow/.local/lib/python3.12/site-packages/airflow/example_dags/example_trigger_controller_dag.py
[2026-05-10T16:36:41.862+0000] {logging_mixin.py:188} INFO - [2026-05-10T16:36:41.862+0000] {dag.py:3089} INFO - Sync 1 DAGs
[2026-05-10T16:36:41.905+0000] {logging_mixin.py:188} INFO - [2026-05-10T16:36:41.905+0000] {dag.py:3947} INFO - Setting next_dagrun for example_trigger_controller_dag to 2021-01-01 00:00:00+00:00, run_after=2021-01-01 00:00:00+00:00
[2026-05-10T16:36:41.941+0000] {processor.py:183} INFO - Processing /home/airflow/.local/lib/python3.12/site-packages/airflow/example_dags/example_trigger_controller_dag.py took 0.169 seconds
[2026-05-10T16:37:12.535+0000] {processor.py:161} INFO - Started process (PID=34081) to work on /home/airflow/.local/lib/python3.12/site-packages/airflow/example_dags/example_trigger_controller_dag.py
[2026-05-10T16:37:12.538+0000] {processor.py:830} INFO - Processing file /home/airflow/.local/lib/python3.12/site-packages/airflow/example_dags/example_trigger_controller_dag.py for tasks to queue
[2026-05-10T16:37:12.540+0000] {logging_mixin.py:188} INFO - [2026-05-10T16:37:12.539+0000] {dagbag.py:545} INFO - Filling up the DagBag from /home/airflow/.local/lib/python3.12/site-packages/airflow/example_dags/example_trigger_controller_dag.py
[2026-05-10T16:37:12.549+0000] {processor.py:840} INFO - DAG(s) 'example_trigger_controller_dag' retrieved from /home/airflow/.local/lib/python3.12/site-packages/airflow/example_dags/example_trigger_controller_dag.py
[2026-05-10T16:37:12.582+0000] {logging_mixin.py:188} INFO - [2026-05-10T16:37:12.581+0000] {dag.py:3089} INFO - Sync 1 DAGs
[2026-05-10T16:37:12.616+0000] {logging_mixin.py:188} INFO - [2026-05-10T16:37:12.615+0000] {dag.py:3947} INFO - Setting next_dagrun for example_trigger_controller_dag to 2021-01-01 00:00:00+00:00, run_after=2021-01-01 00:00:00+00:00
[2026-05-10T16:37:12.653+0000] {processor.py:183} INFO - Processing /home/airflow/.local/lib/python3.12/site-packages/airflow/example_dags/example_trigger_controller_dag.py took 0.131 seconds
[2026-05-10T16:37:43.377+0000] {processor.py:161} INFO - Started process (PID=34149) to work on /home/airflow/.local/lib/python3.12/site-packages/airflow/example_dags/example_trigger_controller_dag.py
[2026-05-10T16:37:43.380+0000] {processor.py:830} INFO - Processing file /home/airflow/.local/lib/python3.12/site-packages/airflow/example_dags/example_trigger_controller_dag.py for tasks to queue
[2026-05-10T16:37:43.383+0000] {logging_mixin.py:188} INFO - [2026-05-10T16:37:43.382+0000] {dagbag.py:545} INFO - Filling up the DagBag from /home/airflow/.local/lib/python3.12/site-packages/airflow/example_dags/example_trigger_controller_dag.py
[2026-05-10T16:37:43.393+0000] {processor.py:840} INFO - DAG(s) 'example_trigger_controller_dag' retrieved from /home/airflow/.local/lib/python3.12/site-packages/airflow/example_dags/example_trigger_controller_dag.py
[2026-05-10T16:37:43.438+0000] {logging_mixin.py:188} INFO - [2026-05-10T16:37:43.437+0000] {dag.py:3089} INFO - Sync 1 DAGs
[2026-05-10T16:37:43.491+0000] {logging_mixin.py:188} INFO - [2026-05-10T16:37:43.490+0000] {dag.py:3947} INFO - Setting next_dagrun for example_trigger_controller_dag to 2021-01-01 00:00:00+00:00, run_after=2021-01-01 00:00:00+00:00
[2026-05-10T16:37:43.537+0000] {processor.py:183} INFO - Processing /home/airflow/.local/lib/python3.12/site-packages/airflow/example_dags/example_trigger_controller_dag.py took 0.173 seconds
[2026-05-10T16:38:13.812+0000] {processor.py:161} INFO - Started process (PID=34217) to work on /home/airflow/.local/lib/python3.12/site-packages/airflow/example_dags/example_trigger_controller_dag.py
[2026-05-10T16:38:13.836+0000] {processor.py:830} INFO - Processing file /home/airflow/.local/lib/python3.12/site-packages/airflow/example_dags/example_trigger_controller_dag.py for tasks to queue
[2026-05-10T16:38:13.842+0000] {logging_mixin.py:188} INFO - [2026-05-10T16:38:13.841+0000] {dagbag.py:545} INFO - Filling up the DagBag from /home/airflow/.local/lib/python3.12/site-packages/airflow/example_dags/example_trigger_controller_dag.py
[2026-05-10T16:38:13.855+0000] {processor.py:840} INFO - DAG(s) 'example_trigger_controller_dag' retrieved from /home/airflow/.local/lib/python3.12/site-packages/airflow/example_dags/example_trigger_controller_dag.py
[2026-05-10T16:38:13.908+0000] {logging_mixin.py:188} INFO - [2026-05-10T16:38:13.907+0000] {dag.py:3089} INFO - Sync 1 DAGs
[2026-05-10T16:38:13.950+0000] {logging_mixin.py:188} INFO - [2026-05-10T16:38:13.949+0000] {dag.py:3947} INFO - Setting next_dagrun for example_trigger_controller_dag to 2021-01-01 00:00:00+00:00, run_after=2021-01-01 00:00:00+00:00
[2026-05-10T16:38:14.015+0000] {processor.py:183} INFO - Processing /home/airflow/.local/lib/python3.12/site-packages/airflow/example_dags/example_trigger_controller_dag.py took 0.217 seconds
[2026-05-10T16:38:44.617+0000] {processor.py:161} INFO - Started process (PID=34285) to work on /home/airflow/.local/lib/python3.12/site-packages/airflow/example_dags/example_trigger_controller_dag.py
[2026-05-10T16:38:44.621+0000] {processor.py:830} INFO - Processing file /home/airflow/.local/lib/python3.12/site-packages/airflow/example_dags/example_trigger_controller_dag.py for tasks to queue
[2026-05-10T16:38:44.623+0000] {logging_mixin.py:188} INFO - [2026-05-10T16:38:44.622+0000] {dagbag.py:545} INFO - Filling up the DagBag from /home/airflow/.local/lib/python3.12/site-packages/airflow/example_dags/example_trigger_controller_dag.py
[2026-05-10T16:38:44.631+0000] {processor.py:840} INFO - DAG(s) 'example_trigger_controller_dag' retrieved from /home/airflow/.local/lib/python3.12/site-packages/airflow/example_dags/example_trigger_controller_dag.py
[2026-05-10T16:38:44.669+0000] {logging_mixin.py:188} INFO - [2026-05-10T16:38:44.668+0000] {dag.py:3089} INFO - Sync 1 DAGs
[2026-05-10T16:38:44.700+0000] {logging_mixin.py:188} INFO - [2026-05-10T16:38:44.700+0000] {dag.py:3947} INFO - Setting next_dagrun for example_trigger_controller_dag to 2021-01-01 00:00:00+00:00, run_after=2021-01-01 00:00:00+00:00
[2026-05-10T16:38:44.768+0000] {processor.py:183} INFO - Processing /home/airflow/.local/lib/python3.12/site-packages/airflow/example_dags/example_trigger_controller_dag.py took 0.160 seconds
[2026-05-10T16:39:15.193+0000] {processor.py:161} INFO - Started process (PID=34353) to work on /home/airflow/.local/lib/python3.12/site-packages/airflow/example_dags/example_trigger_controller_dag.py
[2026-05-10T16:39:15.202+0000] {processor.py:830} INFO - Processing file /home/airflow/.local/lib/python3.12/site-packages/airflow/example_dags/example_trigger_controller_dag.py for tasks to queue
[2026-05-10T16:39:15.222+0000] {logging_mixin.py:188} INFO - [2026-05-10T16:39:15.221+0000] {dagbag.py:545} INFO - Filling up the DagBag from /home/airflow/.local/lib/python3.12/site-packages/airflow/example_dags/example_trigger_controller_dag.py
[2026-05-10T16:39:15.243+0000] {processor.py:840} INFO - DAG(s) 'example_trigger_controller_dag' retrieved from /home/airflow/.local/lib/python3.12/site-packages/airflow/example_dags/example_trigger_controller_dag.py
[2026-05-10T16:39:15.283+0000] {logging_mixin.py:188} INFO - [2026-05-10T16:39:15.283+0000] {dag.py:3089} INFO - Sync 1 DAGs
[2026-05-10T16:39:15.324+0000] {logging_mixin.py:188} INFO - [2026-05-10T16:39:15.323+0000] {dag.py:3947} INFO - Setting next_dagrun for example_trigger_controller_dag to 2021-01-01 00:00:00+00:00, run_after=2021-01-01 00:00:00+00:00
[2026-05-10T16:39:15.390+0000] {processor.py:183} INFO - Processing /home/airflow/.local/lib/python3.12/site-packages/airflow/example_dags/example_trigger_controller_dag.py took 0.208 seconds
[2026-05-10T16:39:45.623+0000] {processor.py:161} INFO - Started process (PID=34427) to work on /home/airflow/.local/lib/python3.12/site-packages/airflow/example_dags/example_trigger_controller_dag.py
[2026-05-10T16:39:45.625+0000] {processor.py:830} INFO - Processing file /home/airflow/.local/lib/python3.12/site-packages/airflow/example_dags/example_trigger_controller_dag.py for tasks to queue
[2026-05-10T16:39:45.627+0000] {logging_mixin.py:188} INFO - [2026-05-10T16:39:45.626+0000] {dagbag.py:545} INFO - Filling up the DagBag from /home/airflow/.local/lib/python3.12/site-packages/airflow/example_dags/example_trigger_controller_dag.py
[2026-05-10T16:39:45.635+0000] {processor.py:840} INFO - DAG(s) 'example_trigger_controller_dag' retrieved from /home/airflow/.local/lib/python3.12/site-packages/airflow/example_dags/example_trigger_controller_dag.py
[2026-05-10T16:39:45.680+0000] {logging_mixin.py:188} INFO - [2026-05-10T16:39:45.679+0000] {dag.py:3089} INFO - Sync 1 DAGs
[2026-05-10T16:39:45.727+0000] {logging_mixin.py:188} INFO - [2026-05-10T16:39:45.726+0000] {dag.py:3947} INFO - Setting next_dagrun for example_trigger_controller_dag to 2021-01-01 00:00:00+00:00, run_after=2021-01-01 00:00:00+00:00
[2026-05-10T16:39:45.794+0000] {processor.py:183} INFO - Processing /home/airflow/.local/lib/python3.12/site-packages/airflow/example_dags/example_trigger_controller_dag.py took 0.180 seconds
[2026-05-10T16:40:16.447+0000] {processor.py:161} INFO - Started process (PID=34495) to work on /home/airflow/.local/lib/python3.12/site-packages/airflow/example_dags/example_trigger_controller_dag.py
[2026-05-10T16:40:16.449+0000] {processor.py:830} INFO - Processing file /home/airflow/.local/lib/python3.12/site-packages/airflow/example_dags/example_trigger_controller_dag.py for tasks to queue
[2026-05-10T16:40:16.450+0000] {logging_mixin.py:188} INFO - [2026-05-10T16:40:16.450+0000] {dagbag.py:545} INFO - Filling up the DagBag from /home/airflow/.local/lib/python3.12/site-packages/airflow/example_dags/example_trigger_controller_dag.py
[2026-05-10T16:40:16.458+0000] {processor.py:840} INFO - DAG(s) 'example_trigger_controller_dag' retrieved from /home/airflow/.local/lib/python3.12/site-packages/airflow/example_dags/example_trigger_controller_dag.py
[2026-05-10T16:40:16.492+0000] {logging_mixin.py:188} INFO - [2026-05-10T16:40:16.492+0000] {dag.py:3089} INFO - Sync 1 DAGs
[2026-05-10T16:40:16.525+0000] {logging_mixin.py:188} INFO - [2026-05-10T16:40:16.525+0000] {dag.py:3947} INFO - Setting next_dagrun for example_trigger_controller_dag to 2021-01-01 00:00:00+00:00, run_after=2021-01-01 00:00:00+00:00
[2026-05-10T16:40:16.587+0000] {processor.py:183} INFO - Processing /home/airflow/.local/lib/python3.12/site-packages/airflow/example_dags/example_trigger_controller_dag.py took 0.151 seconds
[2026-05-10T16:40:47.370+0000] {processor.py:161} INFO - Started process (PID=34562) to work on /home/airflow/.local/lib/python3.12/site-packages/airflow/example_dags/example_trigger_controller_dag.py
[2026-05-10T16:40:47.373+0000] {processor.py:830} INFO - Processing file /home/airflow/.local/lib/python3.12/site-packages/airflow/example_dags/example_trigger_controller_dag.py for tasks to queue
[2026-05-10T16:40:47.375+0000] {logging_mixin.py:188} INFO - [2026-05-10T16:40:47.374+0000] {dagbag.py:545} INFO - Filling up the DagBag from /home/airflow/.local/lib/python3.12/site-packages/airflow/example_dags/example_trigger_controller_dag.py
[2026-05-10T16:40:47.384+0000] {processor.py:840} INFO - DAG(s) 'example_trigger_controller_dag' retrieved from /home/airflow/.local/lib/python3.12/site-packages/airflow/example_dags/example_trigger_controller_dag.py
[2026-05-10T16:40:47.421+0000] {logging_mixin.py:188} INFO - [2026-05-10T16:40:47.420+0000] {dag.py:3089} INFO - Sync 1 DAGs
[2026-05-10T16:40:47.462+0000] {logging_mixin.py:188} INFO - [2026-05-10T16:40:47.462+0000] {dag.py:3947} INFO - Setting next_dagrun for example_trigger_controller_dag to 2021-01-01 00:00:00+00:00, run_after=2021-01-01 00:00:00+00:00
[2026-05-10T16:40:47.505+0000] {processor.py:183} INFO - Processing /home/airflow/.local/lib/python3.12/site-packages/airflow/example_dags/example_trigger_controller_dag.py took 0.147 seconds
[2026-05-10T16:41:18.147+0000] {processor.py:161} INFO - Started process (PID=34630) to work on /home/airflow/.local/lib/python3.12/site-packages/airflow/example_dags/example_trigger_controller_dag.py
[2026-05-10T16:41:18.150+0000] {processor.py:830} INFO - Processing file /home/airflow/.local/lib/python3.12/site-packages/airflow/example_dags/example_trigger_controller_dag.py for tasks to queue
[2026-05-10T16:41:18.152+0000] {logging_mixin.py:188} INFO - [2026-05-10T16:41:18.151+0000] {dagbag.py:545} INFO - Filling up the DagBag from /home/airflow/.local/lib/python3.12/site-packages/airflow/example_dags/example_trigger_controller_dag.py
[2026-05-10T16:41:18.162+0000] {processor.py:840} INFO - DAG(s) 'example_trigger_controller_dag' retrieved from /home/airflow/.local/lib/python3.12/site-packages/airflow/example_dags/example_trigger_controller_dag.py
[2026-05-10T16:41:18.200+0000] {logging_mixin.py:188} INFO - [2026-05-10T16:41:18.200+0000] {dag.py:3089} INFO - Sync 1 DAGs
[2026-05-10T16:41:18.249+0000] {logging_mixin.py:188} INFO - [2026-05-10T16:41:18.248+0000] {dag.py:3947} INFO - Setting next_dagrun for example_trigger_controller_dag to 2021-01-01 00:00:00+00:00, run_after=2021-01-01 00:00:00+00:00
[2026-05-10T16:41:18.328+0000] {processor.py:183} INFO - Processing /home/airflow/.local/lib/python3.12/site-packages/airflow/example_dags/example_trigger_controller_dag.py took 0.198 seconds
[2026-05-10T16:41:48.983+0000] {processor.py:161} INFO - Started process (PID=34698) to work on /home/airflow/.local/lib/python3.12/site-packages/airflow/example_dags/example_trigger_controller_dag.py
[2026-05-10T16:41:48.985+0000] {processor.py:830} INFO - Processing file /home/airflow/.local/lib/python3.12/site-packages/airflow/example_dags/example_trigger_controller_dag.py for tasks to queue
[2026-05-10T16:41:48.987+0000] {logging_mixin.py:188} INFO - [2026-05-10T16:41:48.986+0000] {dagbag.py:545} INFO - Filling up the DagBag from /home/airflow/.local/lib/python3.12/site-packages/airflow/example_dags/example_trigger_controller_dag.py
[2026-05-10T16:41:48.997+0000] {processor.py:840} INFO - DAG(s) 'example_trigger_controller_dag' retrieved from /home/airflow/.local/lib/python3.12/site-packages/airflow/example_dags/example_trigger_controller_dag.py
[2026-05-10T16:41:49.036+0000] {logging_mixin.py:188} INFO - [2026-05-10T16:41:49.035+0000] {dag.py:3089} INFO - Sync 1 DAGs
[2026-05-10T16:41:49.073+0000] {logging_mixin.py:188} INFO - [2026-05-10T16:41:49.072+0000] {dag.py:3947} INFO - Setting next_dagrun for example_trigger_controller_dag to 2021-01-01 00:00:00+00:00, run_after=2021-01-01 00:00:00+00:00
[2026-05-10T16:41:49.141+0000] {processor.py:183} INFO - Processing /home/airflow/.local/lib/python3.12/site-packages/airflow/example_dags/example_trigger_controller_dag.py took 0.168 seconds
[2026-05-10T16:42:19.864+0000] {processor.py:161} INFO - Started process (PID=34766) to work on /home/airflow/.local/lib/python3.12/site-packages/airflow/example_dags/example_trigger_controller_dag.py
[2026-05-10T16:42:19.867+0000] {processor.py:830} INFO - Processing file /home/airflow/.local/lib/python3.12/site-packages/airflow/example_dags/example_trigger_controller_dag.py for tasks to queue
[2026-05-10T16:42:19.870+0000] {logging_mixin.py:188} INFO - [2026-05-10T16:42:19.869+0000] {dagbag.py:545} INFO - Filling up the DagBag from /home/airflow/.local/lib/python3.12/site-packages/airflow/example_dags/example_trigger_controller_dag.py
[2026-05-10T16:42:19.880+0000] {processor.py:840} INFO - DAG(s) 'example_trigger_controller_dag' retrieved from /home/airflow/.local/lib/python3.12/site-packages/airflow/example_dags/example_trigger_controller_dag.py
[2026-05-10T16:42:19.916+0000] {logging_mixin.py:188} INFO - [2026-05-10T16:42:19.916+0000] {dag.py:3089} INFO - Sync 1 DAGs
[2026-05-10T16:42:19.966+0000] {logging_mixin.py:188} INFO - [2026-05-10T16:42:19.965+0000] {dag.py:3947} INFO - Setting next_dagrun for example_trigger_controller_dag to 2021-01-01 00:00:00+00:00, run_after=2021-01-01 00:00:00+00:00
[2026-05-10T16:42:20.153+0000] {processor.py:183} INFO - Processing /home/airflow/.local/lib/python3.12/site-packages/airflow/example_dags/example_trigger_controller_dag.py took 0.304 seconds
[2026-05-10T16:42:50.583+0000] {processor.py:161} INFO - Started process (PID=34841) to work on /home/airflow/.local/lib/python3.12/site-packages/airflow/example_dags/example_trigger_controller_dag.py
[2026-05-10T16:42:50.586+0000] {processor.py:830} INFO - Processing file /home/airflow/.local/lib/python3.12/site-packages/airflow/example_dags/example_trigger_controller_dag.py for tasks to queue
[2026-05-10T16:42:50.587+0000] {logging_mixin.py:188} INFO - [2026-05-10T16:42:50.587+0000] {dagbag.py:545} INFO - Filling up the DagBag from /home/airflow/.local/lib/python3.12/site-packages/airflow/example_dags/example_trigger_controller_dag.py
[2026-05-10T16:42:50.597+0000] {processor.py:840} INFO - DAG(s) 'example_trigger_controller_dag' retrieved from /home/airflow/.local/lib/python3.12/site-packages/airflow/example_dags/example_trigger_controller_dag.py
[2026-05-10T16:42:50.629+0000] {logging_mixin.py:188} INFO - [2026-05-10T16:42:50.629+0000] {dag.py:3089} INFO - Sync 1 DAGs
[2026-05-10T16:42:50.662+0000] {logging_mixin.py:188} INFO - [2026-05-10T16:42:50.661+0000] {dag.py:3947} INFO - Setting next_dagrun for example_trigger_controller_dag to 2021-01-01 00:00:00+00:00, run_after=2021-01-01 00:00:00+00:00
[2026-05-10T16:42:50.720+0000] {processor.py:183} INFO - Processing /home/airflow/.local/lib/python3.12/site-packages/airflow/example_dags/example_trigger_controller_dag.py took 0.145 seconds
[2026-05-10T16:43:21.537+0000] {processor.py:161} INFO - Started process (PID=34910) to work on /home/airflow/.local/lib/python3.12/site-packages/airflow/example_dags/example_trigger_controller_dag.py
[2026-05-10T16:43:21.539+0000] {processor.py:830} INFO - Processing file /home/airflow/.local/lib/python3.12/site-packages/airflow/example_dags/example_trigger_controller_dag.py for tasks to queue
[2026-05-10T16:43:21.541+0000] {logging_mixin.py:188} INFO - [2026-05-10T16:43:21.540+0000] {dagbag.py:545} INFO - Filling up the DagBag from /home/airflow/.local/lib/python3.12/site-packages/airflow/example_dags/example_trigger_controller_dag.py
[2026-05-10T16:43:21.549+0000] {processor.py:840} INFO - DAG(s) 'example_trigger_controller_dag' retrieved from /home/airflow/.local/lib/python3.12/site-packages/airflow/example_dags/example_trigger_controller_dag.py
[2026-05-10T16:43:21.593+0000] {logging_mixin.py:188} INFO - [2026-05-10T16:43:21.592+0000] {dag.py:3089} INFO - Sync 1 DAGs
[2026-05-10T16:43:21.629+0000] {logging_mixin.py:188} INFO - [2026-05-10T16:43:21.628+0000] {dag.py:3947} INFO - Setting next_dagrun for example_trigger_controller_dag to 2021-01-01 00:00:00+00:00, run_after=2021-01-01 00:00:00+00:00
[2026-05-10T16:43:21.695+0000] {processor.py:183} INFO - Processing /home/airflow/.local/lib/python3.12/site-packages/airflow/example_dags/example_trigger_controller_dag.py took 0.172 seconds
[2026-05-10T16:43:52.228+0000] {processor.py:161} INFO - Started process (PID=34978) to work on /home/airflow/.local/lib/python3.12/site-packages/airflow/example_dags/example_trigger_controller_dag.py
[2026-05-10T16:43:52.230+0000] {processor.py:830} INFO - Processing file /home/airflow/.local/lib/python3.12/site-packages/airflow/example_dags/example_trigger_controller_dag.py for tasks to queue
[2026-05-10T16:43:52.232+0000] {logging_mixin.py:188} INFO - [2026-05-10T16:43:52.232+0000] {dagbag.py:545} INFO - Filling up the DagBag from /home/airflow/.local/lib/python3.12/site-packages/airflow/example_dags/example_trigger_controller_dag.py
[2026-05-10T16:43:52.240+0000] {processor.py:840} INFO - DAG(s) 'example_trigger_controller_dag' retrieved from /home/airflow/.local/lib/python3.12/site-packages/airflow/example_dags/example_trigger_controller_dag.py
[2026-05-10T16:43:52.277+0000] {logging_mixin.py:188} INFO - [2026-05-10T16:43:52.276+0000] {dag.py:3089} INFO - Sync 1 DAGs
[2026-05-10T16:43:52.320+0000] {logging_mixin.py:188} INFO - [2026-05-10T16:43:52.319+0000] {dag.py:3947} INFO - Setting next_dagrun for example_trigger_controller_dag to 2021-01-01 00:00:00+00:00, run_after=2021-01-01 00:00:00+00:00
[2026-05-10T16:43:52.407+0000] {processor.py:183} INFO - Processing /home/airflow/.local/lib/python3.12/site-packages/airflow/example_dags/example_trigger_controller_dag.py took 0.190 seconds
[2026-05-10T16:44:22.873+0000] {processor.py:161} INFO - Started process (PID=35046) to work on /home/airflow/.local/lib/python3.12/site-packages/airflow/example_dags/example_trigger_controller_dag.py
[2026-05-10T16:44:22.877+0000] {processor.py:830} INFO - Processing file /home/airflow/.local/lib/python3.12/site-packages/airflow/example_dags/example_trigger_controller_dag.py for tasks to queue
[2026-05-10T16:44:22.880+0000] {logging_mixin.py:188} INFO - [2026-05-10T16:44:22.879+0000] {dagbag.py:545} INFO - Filling up the DagBag from /home/airflow/.local/lib/python3.12/site-packages/airflow/example_dags/example_trigger_controller_dag.py
[2026-05-10T16:44:22.889+0000] {processor.py:840} INFO - DAG(s) 'example_trigger_controller_dag' retrieved from /home/airflow/.local/lib/python3.12/site-packages/airflow/example_dags/example_trigger_controller_dag.py
[2026-05-10T16:44:22.930+0000] {logging_mixin.py:188} INFO - [2026-05-10T16:44:22.929+0000] {dag.py:3089} INFO - Sync 1 DAGs
[2026-05-10T16:44:22.966+0000] {logging_mixin.py:188} INFO - [2026-05-10T16:44:22.966+0000] {dag.py:3947} INFO - Setting next_dagrun for example_trigger_controller_dag to 2021-01-01 00:00:00+00:00, run_after=2021-01-01 00:00:00+00:00
[2026-05-10T16:44:23.006+0000] {processor.py:183} INFO - Processing /home/airflow/.local/lib/python3.12/site-packages/airflow/example_dags/example_trigger_controller_dag.py took 0.144 seconds
[2026-05-10T16:44:53.559+0000] {processor.py:161} INFO - Started process (PID=35114) to work on /home/airflow/.local/lib/python3.12/site-packages/airflow/example_dags/example_trigger_controller_dag.py
[2026-05-10T16:44:53.561+0000] {processor.py:830} INFO - Processing file /home/airflow/.local/lib/python3.12/site-packages/airflow/example_dags/example_trigger_controller_dag.py for tasks to queue
[2026-05-10T16:44:53.563+0000] {logging_mixin.py:188} INFO - [2026-05-10T16:44:53.562+0000] {dagbag.py:545} INFO - Filling up the DagBag from /home/airflow/.local/lib/python3.12/site-packages/airflow/example_dags/example_trigger_controller_dag.py
[2026-05-10T16:44:53.572+0000] {processor.py:840} INFO - DAG(s) 'example_trigger_controller_dag' retrieved from /home/airflow/.local/lib/python3.12/site-packages/airflow/example_dags/example_trigger_controller_dag.py
[2026-05-10T16:44:53.605+0000] {logging_mixin.py:188} INFO - [2026-05-10T16:44:53.604+0000] {dag.py:3089} INFO - Sync 1 DAGs
[2026-05-10T16:44:53.636+0000] {logging_mixin.py:188} INFO - [2026-05-10T16:44:53.635+0000] {dag.py:3947} INFO - Setting next_dagrun for example_trigger_controller_dag to 2021-01-01 00:00:00+00:00, run_after=2021-01-01 00:00:00+00:00
[2026-05-10T16:44:53.672+0000] {processor.py:183} INFO - Processing /home/airflow/.local/lib/python3.12/site-packages/airflow/example_dags/example_trigger_controller_dag.py took 0.122 seconds
[2026-05-10T16:45:23.867+0000] {processor.py:161} INFO - Started process (PID=35188) to work on /home/airflow/.local/lib/python3.12/site-packages/airflow/example_dags/example_trigger_controller_dag.py
[2026-05-10T16:45:23.870+0000] {processor.py:830} INFO - Processing file /home/airflow/.local/lib/python3.12/site-packages/airflow/example_dags/example_trigger_controller_dag.py for tasks to queue
[2026-05-10T16:45:23.871+0000] {logging_mixin.py:188} INFO - [2026-05-10T16:45:23.871+0000] {dagbag.py:545} INFO - Filling up the DagBag from /home/airflow/.local/lib/python3.12/site-packages/airflow/example_dags/example_trigger_controller_dag.py
[2026-05-10T16:45:23.880+0000] {processor.py:840} INFO - DAG(s) 'example_trigger_controller_dag' retrieved from /home/airflow/.local/lib/python3.12/site-packages/airflow/example_dags/example_trigger_controller_dag.py
[2026-05-10T16:45:23.915+0000] {logging_mixin.py:188} INFO - [2026-05-10T16:45:23.915+0000] {dag.py:3089} INFO - Sync 1 DAGs
[2026-05-10T16:45:23.950+0000] {logging_mixin.py:188} INFO - [2026-05-10T16:45:23.949+0000] {dag.py:3947} INFO - Setting next_dagrun for example_trigger_controller_dag to 2021-01-01 00:00:00+00:00, run_after=2021-01-01 00:00:00+00:00
[2026-05-10T16:45:24.012+0000] {processor.py:183} INFO - Processing /home/airflow/.local/lib/python3.12/site-packages/airflow/example_dags/example_trigger_controller_dag.py took 0.154 seconds
[2026-05-10T16:45:54.234+0000] {processor.py:161} INFO - Started process (PID=35256) to work on /home/airflow/.local/lib/python3.12/site-packages/airflow/example_dags/example_trigger_controller_dag.py
[2026-05-10T16:45:54.235+0000] {processor.py:830} INFO - Processing file /home/airflow/.local/lib/python3.12/site-packages/airflow/example_dags/example_trigger_controller_dag.py for tasks to queue
[2026-05-10T16:45:54.237+0000] {logging_mixin.py:188} INFO - [2026-05-10T16:45:54.237+0000] {dagbag.py:545} INFO - Filling up the DagBag from /home/airflow/.local/lib/python3.12/site-packages/airflow/example_dags/example_trigger_controller_dag.py
[2026-05-10T16:45:54.246+0000] {processor.py:840} INFO - DAG(s) 'example_trigger_controller_dag' retrieved from /home/airflow/.local/lib/python3.12/site-packages/airflow/example_dags/example_trigger_controller_dag.py
[2026-05-10T16:45:54.282+0000] {logging_mixin.py:188} INFO - [2026-05-10T16:45:54.282+0000] {dag.py:3089} INFO - Sync 1 DAGs
[2026-05-10T16:45:54.318+0000] {logging_mixin.py:188} INFO - [2026-05-10T16:45:54.317+0000] {dag.py:3947} INFO - Setting next_dagrun for example_trigger_controller_dag to 2021-01-01 00:00:00+00:00, run_after=2021-01-01 00:00:00+00:00
[2026-05-10T16:45:54.356+0000] {processor.py:183} INFO - Processing /home/airflow/.local/lib/python3.12/site-packages/airflow/example_dags/example_trigger_controller_dag.py took 0.131 seconds
[2026-05-10T16:46:25.451+0000] {processor.py:161} INFO - Started process (PID=35324) to work on /home/airflow/.local/lib/python3.12/site-packages/airflow/example_dags/example_trigger_controller_dag.py
[2026-05-10T16:46:25.453+0000] {processor.py:830} INFO - Processing file /home/airflow/.local/lib/python3.12/site-packages/airflow/example_dags/example_trigger_controller_dag.py for tasks to queue
[2026-05-10T16:46:25.456+0000] {logging_mixin.py:188} INFO - [2026-05-10T16:46:25.455+0000] {dagbag.py:545} INFO - Filling up the DagBag from /home/airflow/.local/lib/python3.12/site-packages/airflow/example_dags/example_trigger_controller_dag.py
[2026-05-10T16:46:25.465+0000] {processor.py:840} INFO - DAG(s) 'example_trigger_controller_dag' retrieved from /home/airflow/.local/lib/python3.12/site-packages/airflow/example_dags/example_trigger_controller_dag.py
[2026-05-10T16:46:25.505+0000] {logging_mixin.py:188} INFO - [2026-05-10T16:46:25.504+0000] {dag.py:3089} INFO - Sync 1 DAGs
[2026-05-10T16:46:25.539+0000] {logging_mixin.py:188} INFO - [2026-05-10T16:46:25.538+0000] {dag.py:3947} INFO - Setting next_dagrun for example_trigger_controller_dag to 2021-01-01 00:00:00+00:00, run_after=2021-01-01 00:00:00+00:00
[2026-05-10T16:46:25.606+0000] {processor.py:183} INFO - Processing /home/airflow/.local/lib/python3.12/site-packages/airflow/example_dags/example_trigger_controller_dag.py took 0.167 seconds
[2026-05-10T16:46:55.898+0000] {processor.py:161} INFO - Started process (PID=35391) to work on /home/airflow/.local/lib/python3.12/site-packages/airflow/example_dags/example_trigger_controller_dag.py
[2026-05-10T16:46:55.901+0000] {processor.py:830} INFO - Processing file /home/airflow/.local/lib/python3.12/site-packages/airflow/example_dags/example_trigger_controller_dag.py for tasks to queue
[2026-05-10T16:46:55.903+0000] {logging_mixin.py:188} INFO - [2026-05-10T16:46:55.903+0000] {dagbag.py:545} INFO - Filling up the DagBag from /home/airflow/.local/lib/python3.12/site-packages/airflow/example_dags/example_trigger_controller_dag.py
[2026-05-10T16:46:55.914+0000] {processor.py:840} INFO - DAG(s) 'example_trigger_controller_dag' retrieved from /home/airflow/.local/lib/python3.12/site-packages/airflow/example_dags/example_trigger_controller_dag.py
[2026-05-10T16:46:55.953+0000] {logging_mixin.py:188} INFO - [2026-05-10T16:46:55.953+0000] {dag.py:3089} INFO - Sync 1 DAGs
[2026-05-10T16:46:56.006+0000] {logging_mixin.py:188} INFO - [2026-05-10T16:46:56.006+0000] {dag.py:3947} INFO - Setting next_dagrun for example_trigger_controller_dag to 2021-01-01 00:00:00+00:00, run_after=2021-01-01 00:00:00+00:00
[2026-05-10T16:46:56.061+0000] {processor.py:183} INFO - Processing /home/airflow/.local/lib/python3.12/site-packages/airflow/example_dags/example_trigger_controller_dag.py took 0.174 seconds
[2026-05-10T16:47:26.816+0000] {processor.py:161} INFO - Started process (PID=35458) to work on /home/airflow/.local/lib/python3.12/site-packages/airflow/example_dags/example_trigger_controller_dag.py
[2026-05-10T16:47:26.827+0000] {processor.py:830} INFO - Processing file /home/airflow/.local/lib/python3.12/site-packages/airflow/example_dags/example_trigger_controller_dag.py for tasks to queue
[2026-05-10T16:47:26.836+0000] {logging_mixin.py:188} INFO - [2026-05-10T16:47:26.835+0000] {dagbag.py:545} INFO - Filling up the DagBag from /home/airflow/.local/lib/python3.12/site-packages/airflow/example_dags/example_trigger_controller_dag.py
[2026-05-10T16:47:26.844+0000] {processor.py:840} INFO - DAG(s) 'example_trigger_controller_dag' retrieved from /home/airflow/.local/lib/python3.12/site-packages/airflow/example_dags/example_trigger_controller_dag.py
[2026-05-10T16:47:26.885+0000] {logging_mixin.py:188} INFO - [2026-05-10T16:47:26.884+0000] {dag.py:3089} INFO - Sync 1 DAGs
[2026-05-10T16:47:26.919+0000] {logging_mixin.py:188} INFO - [2026-05-10T16:47:26.918+0000] {dag.py:3947} INFO - Setting next_dagrun for example_trigger_controller_dag to 2021-01-01 00:00:00+00:00, run_after=2021-01-01 00:00:00+00:00
[2026-05-10T16:47:26.975+0000] {processor.py:183} INFO - Processing /home/airflow/.local/lib/python3.12/site-packages/airflow/example_dags/example_trigger_controller_dag.py took 0.174 seconds
[2026-05-10T16:47:57.604+0000] {processor.py:161} INFO - Started process (PID=35527) to work on /home/airflow/.local/lib/python3.12/site-packages/airflow/example_dags/example_trigger_controller_dag.py
[2026-05-10T16:47:57.607+0000] {processor.py:830} INFO - Processing file /home/airflow/.local/lib/python3.12/site-packages/airflow/example_dags/example_trigger_controller_dag.py for tasks to queue
[2026-05-10T16:47:57.609+0000] {logging_mixin.py:188} INFO - [2026-05-10T16:47:57.608+0000] {dagbag.py:545} INFO - Filling up the DagBag from /home/airflow/.local/lib/python3.12/site-packages/airflow/example_dags/example_trigger_controller_dag.py
[2026-05-10T16:47:57.618+0000] {processor.py:840} INFO - DAG(s) 'example_trigger_controller_dag' retrieved from /home/airflow/.local/lib/python3.12/site-packages/airflow/example_dags/example_trigger_controller_dag.py
[2026-05-10T16:47:57.653+0000] {logging_mixin.py:188} INFO - [2026-05-10T16:47:57.652+0000] {dag.py:3089} INFO - Sync 1 DAGs
[2026-05-10T16:47:57.689+0000] {logging_mixin.py:188} INFO - [2026-05-10T16:47:57.689+0000] {dag.py:3947} INFO - Setting next_dagrun for example_trigger_controller_dag to 2021-01-01 00:00:00+00:00, run_after=2021-01-01 00:00:00+00:00
[2026-05-10T16:47:57.729+0000] {processor.py:183} INFO - Processing /home/airflow/.local/lib/python3.12/site-packages/airflow/example_dags/example_trigger_controller_dag.py took 0.135 seconds
[2026-05-10T16:48:28.154+0000] {processor.py:161} INFO - Started process (PID=35602) to work on /home/airflow/.local/lib/python3.12/site-packages/airflow/example_dags/example_trigger_controller_dag.py
[2026-05-10T16:48:28.156+0000] {processor.py:830} INFO - Processing file /home/airflow/.local/lib/python3.12/site-packages/airflow/example_dags/example_trigger_controller_dag.py for tasks to queue
[2026-05-10T16:48:28.158+0000] {logging_mixin.py:188} INFO - [2026-05-10T16:48:28.158+0000] {dagbag.py:545} INFO - Filling up the DagBag from /home/airflow/.local/lib/python3.12/site-packages/airflow/example_dags/example_trigger_controller_dag.py
[2026-05-10T16:48:28.166+0000] {processor.py:840} INFO - DAG(s) 'example_trigger_controller_dag' retrieved from /home/airflow/.local/lib/python3.12/site-packages/airflow/example_dags/example_trigger_controller_dag.py
[2026-05-10T16:48:28.208+0000] {logging_mixin.py:188} INFO - [2026-05-10T16:48:28.207+0000] {dag.py:3089} INFO - Sync 1 DAGs
[2026-05-10T16:48:28.248+0000] {logging_mixin.py:188} INFO - [2026-05-10T16:48:28.247+0000] {dag.py:3947} INFO - Setting next_dagrun for example_trigger_controller_dag to 2021-01-01 00:00:00+00:00, run_after=2021-01-01 00:00:00+00:00
[2026-05-10T16:48:28.311+0000] {processor.py:183} INFO - Processing /home/airflow/.local/lib/python3.12/site-packages/airflow/example_dags/example_trigger_controller_dag.py took 0.165 seconds
[2026-05-10T16:48:59.337+0000] {processor.py:161} INFO - Started process (PID=35670) to work on /home/airflow/.local/lib/python3.12/site-packages/airflow/example_dags/example_trigger_controller_dag.py
[2026-05-10T16:48:59.340+0000] {processor.py:830} INFO - Processing file /home/airflow/.local/lib/python3.12/site-packages/airflow/example_dags/example_trigger_controller_dag.py for tasks to queue
[2026-05-10T16:48:59.346+0000] {logging_mixin.py:188} INFO - [2026-05-10T16:48:59.345+0000] {dagbag.py:545} INFO - Filling up the DagBag from /home/airflow/.local/lib/python3.12/site-packages/airflow/example_dags/example_trigger_controller_dag.py
[2026-05-10T16:48:59.372+0000] {processor.py:840} INFO - DAG(s) 'example_trigger_controller_dag' retrieved from /home/airflow/.local/lib/python3.12/site-packages/airflow/example_dags/example_trigger_controller_dag.py
[2026-05-10T16:48:59.419+0000] {logging_mixin.py:188} INFO - [2026-05-10T16:48:59.419+0000] {dag.py:3089} INFO - Sync 1 DAGs
[2026-05-10T16:48:59.458+0000] {logging_mixin.py:188} INFO - [2026-05-10T16:48:59.457+0000] {dag.py:3947} INFO - Setting next_dagrun for example_trigger_controller_dag to 2021-01-01 00:00:00+00:00, run_after=2021-01-01 00:00:00+00:00
[2026-05-10T16:48:59.503+0000] {processor.py:183} INFO - Processing /home/airflow/.local/lib/python3.12/site-packages/airflow/example_dags/example_trigger_controller_dag.py took 0.177 seconds
[2026-05-10T16:49:30.018+0000] {processor.py:161} INFO - Started process (PID=35738) to work on /home/airflow/.local/lib/python3.12/site-packages/airflow/example_dags/example_trigger_controller_dag.py
[2026-05-10T16:49:30.022+0000] {processor.py:830} INFO - Processing file /home/airflow/.local/lib/python3.12/site-packages/airflow/example_dags/example_trigger_controller_dag.py for tasks to queue
[2026-05-10T16:49:30.024+0000] {logging_mixin.py:188} INFO - [2026-05-10T16:49:30.024+0000] {dagbag.py:545} INFO - Filling up the DagBag from /home/airflow/.local/lib/python3.12/site-packages/airflow/example_dags/example_trigger_controller_dag.py
[2026-05-10T16:49:30.041+0000] {processor.py:840} INFO - DAG(s) 'example_trigger_controller_dag' retrieved from /home/airflow/.local/lib/python3.12/site-packages/airflow/example_dags/example_trigger_controller_dag.py
[2026-05-10T16:49:30.082+0000] {logging_mixin.py:188} INFO - [2026-05-10T16:49:30.082+0000] {dag.py:3089} INFO - Sync 1 DAGs
[2026-05-10T16:49:30.122+0000] {logging_mixin.py:188} INFO - [2026-05-10T16:49:30.122+0000] {dag.py:3947} INFO - Setting next_dagrun for example_trigger_controller_dag to 2021-01-01 00:00:00+00:00, run_after=2021-01-01 00:00:00+00:00
[2026-05-10T16:49:30.168+0000] {processor.py:183} INFO - Processing /home/airflow/.local/lib/python3.12/site-packages/airflow/example_dags/example_trigger_controller_dag.py took 0.163 seconds
[2026-05-10T16:50:00.362+0000] {processor.py:161} INFO - Started process (PID=35806) to work on /home/airflow/.local/lib/python3.12/site-packages/airflow/example_dags/example_trigger_controller_dag.py
[2026-05-10T16:50:00.365+0000] {processor.py:830} INFO - Processing file /home/airflow/.local/lib/python3.12/site-packages/airflow/example_dags/example_trigger_controller_dag.py for tasks to queue
[2026-05-10T16:50:00.367+0000] {logging_mixin.py:188} INFO - [2026-05-10T16:50:00.367+0000] {dagbag.py:545} INFO - Filling up the DagBag from /home/airflow/.local/lib/python3.12/site-packages/airflow/example_dags/example_trigger_controller_dag.py
[2026-05-10T16:50:00.379+0000] {processor.py:840} INFO - DAG(s) 'example_trigger_controller_dag' retrieved from /home/airflow/.local/lib/python3.12/site-packages/airflow/example_dags/example_trigger_controller_dag.py
[2026-05-10T16:50:00.440+0000] {logging_mixin.py:188} INFO - [2026-05-10T16:50:00.439+0000] {dag.py:3089} INFO - Sync 1 DAGs
[2026-05-10T16:50:00.472+0000] {logging_mixin.py:188} INFO - [2026-05-10T16:50:00.472+0000] {dag.py:3947} INFO - Setting next_dagrun for example_trigger_controller_dag to 2021-01-01 00:00:00+00:00, run_after=2021-01-01 00:00:00+00:00
[2026-05-10T16:50:00.500+0000] {processor.py:183} INFO - Processing /home/airflow/.local/lib/python3.12/site-packages/airflow/example_dags/example_trigger_controller_dag.py took 0.146 seconds
[2026-05-10T16:50:31.374+0000] {processor.py:161} INFO - Started process (PID=35874) to work on /home/airflow/.local/lib/python3.12/site-packages/airflow/example_dags/example_trigger_controller_dag.py
[2026-05-10T16:50:31.376+0000] {processor.py:830} INFO - Processing file /home/airflow/.local/lib/python3.12/site-packages/airflow/example_dags/example_trigger_controller_dag.py for tasks to queue
[2026-05-10T16:50:31.378+0000] {logging_mixin.py:188} INFO - [2026-05-10T16:50:31.378+0000] {dagbag.py:545} INFO - Filling up the DagBag from /home/airflow/.local/lib/python3.12/site-packages/airflow/example_dags/example_trigger_controller_dag.py
[2026-05-10T16:50:31.389+0000] {processor.py:840} INFO - DAG(s) 'example_trigger_controller_dag' retrieved from /home/airflow/.local/lib/python3.12/site-packages/airflow/example_dags/example_trigger_controller_dag.py
[2026-05-10T16:50:31.426+0000] {logging_mixin.py:188} INFO - [2026-05-10T16:50:31.425+0000] {dag.py:3089} INFO - Sync 1 DAGs
[2026-05-10T16:50:31.461+0000] {logging_mixin.py:188} INFO - [2026-05-10T16:50:31.461+0000] {dag.py:3947} INFO - Setting next_dagrun for example_trigger_controller_dag to 2021-01-01 00:00:00+00:00, run_after=2021-01-01 00:00:00+00:00
[2026-05-10T16:50:31.518+0000] {processor.py:183} INFO - Processing /home/airflow/.local/lib/python3.12/site-packages/airflow/example_dags/example_trigger_controller_dag.py took 0.158 seconds
[2026-05-10T16:51:01.745+0000] {processor.py:161} INFO - Started process (PID=35948) to work on /home/airflow/.local/lib/python3.12/site-packages/airflow/example_dags/example_trigger_controller_dag.py
[2026-05-10T16:51:01.747+0000] {processor.py:830} INFO - Processing file /home/airflow/.local/lib/python3.12/site-packages/airflow/example_dags/example_trigger_controller_dag.py for tasks to queue
[2026-05-10T16:51:01.748+0000] {logging_mixin.py:188} INFO - [2026-05-10T16:51:01.748+0000] {dagbag.py:545} INFO - Filling up the DagBag from /home/airflow/.local/lib/python3.12/site-packages/airflow/example_dags/example_trigger_controller_dag.py
[2026-05-10T16:51:01.756+0000] {processor.py:840} INFO - DAG(s) 'example_trigger_controller_dag' retrieved from /home/airflow/.local/lib/python3.12/site-packages/airflow/example_dags/example_trigger_controller_dag.py
[2026-05-10T16:51:01.787+0000] {logging_mixin.py:188} INFO - [2026-05-10T16:51:01.787+0000] {dag.py:3089} INFO - Sync 1 DAGs
[2026-05-10T16:51:01.823+0000] {logging_mixin.py:188} INFO - [2026-05-10T16:51:01.823+0000] {dag.py:3947} INFO - Setting next_dagrun for example_trigger_controller_dag to 2021-01-01 00:00:00+00:00, run_after=2021-01-01 00:00:00+00:00
[2026-05-10T16:51:02.086+0000] {processor.py:183} INFO - Processing /home/airflow/.local/lib/python3.12/site-packages/airflow/example_dags/example_trigger_controller_dag.py took 0.350 seconds
[2026-05-10T16:51:32.533+0000] {processor.py:161} INFO - Started process (PID=36016) to work on /home/airflow/.local/lib/python3.12/site-packages/airflow/example_dags/example_trigger_controller_dag.py
[2026-05-10T16:51:32.535+0000] {processor.py:830} INFO - Processing file /home/airflow/.local/lib/python3.12/site-packages/airflow/example_dags/example_trigger_controller_dag.py for tasks to queue
[2026-05-10T16:51:32.537+0000] {logging_mixin.py:188} INFO - [2026-05-10T16:51:32.536+0000] {dagbag.py:545} INFO - Filling up the DagBag from /home/airflow/.local/lib/python3.12/site-packages/airflow/example_dags/example_trigger_controller_dag.py
[2026-05-10T16:51:32.544+0000] {processor.py:840} INFO - DAG(s) 'example_trigger_controller_dag' retrieved from /home/airflow/.local/lib/python3.12/site-packages/airflow/example_dags/example_trigger_controller_dag.py
[2026-05-10T16:51:32.576+0000] {logging_mixin.py:188} INFO - [2026-05-10T16:51:32.576+0000] {dag.py:3089} INFO - Sync 1 DAGs
[2026-05-10T16:51:32.612+0000] {logging_mixin.py:188} INFO - [2026-05-10T16:51:32.611+0000] {dag.py:3947} INFO - Setting next_dagrun for example_trigger_controller_dag to 2021-01-01 00:00:00+00:00, run_after=2021-01-01 00:00:00+00:00
[2026-05-10T16:51:32.647+0000] {processor.py:183} INFO - Processing /home/airflow/.local/lib/python3.12/site-packages/airflow/example_dags/example_trigger_controller_dag.py took 0.124 seconds
[2026-05-10T16:52:02.948+0000] {processor.py:161} INFO - Started process (PID=36084) to work on /home/airflow/.local/lib/python3.12/site-packages/airflow/example_dags/example_trigger_controller_dag.py
[2026-05-10T16:52:02.950+0000] {processor.py:830} INFO - Processing file /home/airflow/.local/lib/python3.12/site-packages/airflow/example_dags/example_trigger_controller_dag.py for tasks to queue
[2026-05-10T16:52:02.953+0000] {logging_mixin.py:188} INFO - [2026-05-10T16:52:02.952+0000] {dagbag.py:545} INFO - Filling up the DagBag from /home/airflow/.local/lib/python3.12/site-packages/airflow/example_dags/example_trigger_controller_dag.py
[2026-05-10T16:52:02.964+0000] {processor.py:840} INFO - DAG(s) 'example_trigger_controller_dag' retrieved from /home/airflow/.local/lib/python3.12/site-packages/airflow/example_dags/example_trigger_controller_dag.py
[2026-05-10T16:52:03.004+0000] {logging_mixin.py:188} INFO - [2026-05-10T16:52:03.003+0000] {dag.py:3089} INFO - Sync 1 DAGs
[2026-05-10T16:52:03.032+0000] {logging_mixin.py:188} INFO - [2026-05-10T16:52:03.031+0000] {dag.py:3947} INFO - Setting next_dagrun for example_trigger_controller_dag to 2021-01-01 00:00:00+00:00, run_after=2021-01-01 00:00:00+00:00
[2026-05-10T16:52:03.090+0000] {processor.py:183} INFO - Processing /home/airflow/.local/lib/python3.12/site-packages/airflow/example_dags/example_trigger_controller_dag.py took 0.153 seconds
[2026-05-10T16:52:33.237+0000] {processor.py:161} INFO - Started process (PID=36152) to work on /home/airflow/.local/lib/python3.12/site-packages/airflow/example_dags/example_trigger_controller_dag.py
[2026-05-10T16:52:33.240+0000] {processor.py:830} INFO - Processing file /home/airflow/.local/lib/python3.12/site-packages/airflow/example_dags/example_trigger_controller_dag.py for tasks to queue
[2026-05-10T16:52:33.242+0000] {logging_mixin.py:188} INFO - [2026-05-10T16:52:33.242+0000] {dagbag.py:545} INFO - Filling up the DagBag from /home/airflow/.local/lib/python3.12/site-packages/airflow/example_dags/example_trigger_controller_dag.py
[2026-05-10T16:52:33.252+0000] {processor.py:840} INFO - DAG(s) 'example_trigger_controller_dag' retrieved from /home/airflow/.local/lib/python3.12/site-packages/airflow/example_dags/example_trigger_controller_dag.py
[2026-05-10T16:52:33.288+0000] {logging_mixin.py:188} INFO - [2026-05-10T16:52:33.287+0000] {dag.py:3089} INFO - Sync 1 DAGs
[2026-05-10T16:52:33.326+0000] {logging_mixin.py:188} INFO - [2026-05-10T16:52:33.326+0000] {dag.py:3947} INFO - Setting next_dagrun for example_trigger_controller_dag to 2021-01-01 00:00:00+00:00, run_after=2021-01-01 00:00:00+00:00
[2026-05-10T16:52:33.387+0000] {processor.py:183} INFO - Processing /home/airflow/.local/lib/python3.12/site-packages/airflow/example_dags/example_trigger_controller_dag.py took 0.164 seconds
[2026-05-10T16:53:04.042+0000] {processor.py:161} INFO - Started process (PID=36227) to work on /home/airflow/.local/lib/python3.12/site-packages/airflow/example_dags/example_trigger_controller_dag.py
[2026-05-10T16:53:04.051+0000] {processor.py:830} INFO - Processing file /home/airflow/.local/lib/python3.12/site-packages/airflow/example_dags/example_trigger_controller_dag.py for tasks to queue
[2026-05-10T16:53:04.056+0000] {logging_mixin.py:188} INFO - [2026-05-10T16:53:04.056+0000] {dagbag.py:545} INFO - Filling up the DagBag from /home/airflow/.local/lib/python3.12/site-packages/airflow/example_dags/example_trigger_controller_dag.py
[2026-05-10T16:53:04.072+0000] {processor.py:840} INFO - DAG(s) 'example_trigger_controller_dag' retrieved from /home/airflow/.local/lib/python3.12/site-packages/airflow/example_dags/example_trigger_controller_dag.py
[2026-05-10T16:53:04.102+0000] {logging_mixin.py:188} INFO - [2026-05-10T16:53:04.102+0000] {dag.py:3089} INFO - Sync 1 DAGs
[2026-05-10T16:53:04.158+0000] {logging_mixin.py:188} INFO - [2026-05-10T16:53:04.157+0000] {dag.py:3947} INFO - Setting next_dagrun for example_trigger_controller_dag to 2021-01-01 00:00:00+00:00, run_after=2021-01-01 00:00:00+00:00
[2026-05-10T16:53:04.189+0000] {processor.py:183} INFO - Processing /home/airflow/.local/lib/python3.12/site-packages/airflow/example_dags/example_trigger_controller_dag.py took 0.159 seconds
[2026-05-10T16:53:34.289+0000] {processor.py:161} INFO - Started process (PID=36295) to work on /home/airflow/.local/lib/python3.12/site-packages/airflow/example_dags/example_trigger_controller_dag.py
[2026-05-10T16:53:34.292+0000] {processor.py:830} INFO - Processing file /home/airflow/.local/lib/python3.12/site-packages/airflow/example_dags/example_trigger_controller_dag.py for tasks to queue
[2026-05-10T16:53:34.297+0000] {logging_mixin.py:188} INFO - [2026-05-10T16:53:34.297+0000] {dagbag.py:545} INFO - Filling up the DagBag from /home/airflow/.local/lib/python3.12/site-packages/airflow/example_dags/example_trigger_controller_dag.py
[2026-05-10T16:53:34.310+0000] {processor.py:840} INFO - DAG(s) 'example_trigger_controller_dag' retrieved from /home/airflow/.local/lib/python3.12/site-packages/airflow/example_dags/example_trigger_controller_dag.py
[2026-05-10T16:53:34.343+0000] {logging_mixin.py:188} INFO - [2026-05-10T16:53:34.342+0000] {dag.py:3089} INFO - Sync 1 DAGs
[2026-05-10T16:53:34.371+0000] {logging_mixin.py:188} INFO - [2026-05-10T16:53:34.371+0000] {dag.py:3947} INFO - Setting next_dagrun for example_trigger_controller_dag to 2021-01-01 00:00:00+00:00, run_after=2021-01-01 00:00:00+00:00
[2026-05-10T16:53:34.433+0000] {processor.py:183} INFO - Processing /home/airflow/.local/lib/python3.12/site-packages/airflow/example_dags/example_trigger_controller_dag.py took 0.156 seconds
[2026-05-10T16:54:05.178+0000] {processor.py:161} INFO - Started process (PID=36363) to work on /home/airflow/.local/lib/python3.12/site-packages/airflow/example_dags/example_trigger_controller_dag.py
[2026-05-10T16:54:05.193+0000] {processor.py:830} INFO - Processing file /home/airflow/.local/lib/python3.12/site-packages/airflow/example_dags/example_trigger_controller_dag.py for tasks to queue
[2026-05-10T16:54:05.195+0000] {logging_mixin.py:188} INFO - [2026-05-10T16:54:05.195+0000] {dagbag.py:545} INFO - Filling up the DagBag from /home/airflow/.local/lib/python3.12/site-packages/airflow/example_dags/example_trigger_controller_dag.py
[2026-05-10T16:54:05.204+0000] {processor.py:840} INFO - DAG(s) 'example_trigger_controller_dag' retrieved from /home/airflow/.local/lib/python3.12/site-packages/airflow/example_dags/example_trigger_controller_dag.py
[2026-05-10T16:54:05.240+0000] {logging_mixin.py:188} INFO - [2026-05-10T16:54:05.240+0000] {dag.py:3089} INFO - Sync 1 DAGs
[2026-05-10T16:54:05.280+0000] {logging_mixin.py:188} INFO - [2026-05-10T16:54:05.280+0000] {dag.py:3947} INFO - Setting next_dagrun for example_trigger_controller_dag to 2021-01-01 00:00:00+00:00, run_after=2021-01-01 00:00:00+00:00
[2026-05-10T16:54:05.342+0000] {processor.py:183} INFO - Processing /home/airflow/.local/lib/python3.12/site-packages/airflow/example_dags/example_trigger_controller_dag.py took 0.174 seconds
[2026-05-10T16:54:35.531+0000] {processor.py:161} INFO - Started process (PID=36432) to work on /home/airflow/.local/lib/python3.12/site-packages/airflow/example_dags/example_trigger_controller_dag.py
[2026-05-10T16:54:35.533+0000] {processor.py:830} INFO - Processing file /home/airflow/.local/lib/python3.12/site-packages/airflow/example_dags/example_trigger_controller_dag.py for tasks to queue
[2026-05-10T16:54:35.535+0000] {logging_mixin.py:188} INFO - [2026-05-10T16:54:35.534+0000] {dagbag.py:545} INFO - Filling up the DagBag from /home/airflow/.local/lib/python3.12/site-packages/airflow/example_dags/example_trigger_controller_dag.py
[2026-05-10T16:54:35.542+0000] {processor.py:840} INFO - DAG(s) 'example_trigger_controller_dag' retrieved from /home/airflow/.local/lib/python3.12/site-packages/airflow/example_dags/example_trigger_controller_dag.py
[2026-05-10T16:54:35.577+0000] {logging_mixin.py:188} INFO - [2026-05-10T16:54:35.577+0000] {dag.py:3089} INFO - Sync 1 DAGs
[2026-05-10T16:54:35.605+0000] {logging_mixin.py:188} INFO - [2026-05-10T16:54:35.605+0000] {dag.py:3947} INFO - Setting next_dagrun for example_trigger_controller_dag to 2021-01-01 00:00:00+00:00, run_after=2021-01-01 00:00:00+00:00
[2026-05-10T16:54:35.635+0000] {processor.py:183} INFO - Processing /home/airflow/.local/lib/python3.12/site-packages/airflow/example_dags/example_trigger_controller_dag.py took 0.115 seconds
[2026-05-10T16:55:06.012+0000] {processor.py:161} INFO - Started process (PID=36507) to work on /home/airflow/.local/lib/python3.12/site-packages/airflow/example_dags/example_trigger_controller_dag.py
[2026-05-10T16:55:06.014+0000] {processor.py:830} INFO - Processing file /home/airflow/.local/lib/python3.12/site-packages/airflow/example_dags/example_trigger_controller_dag.py for tasks to queue
[2026-05-10T16:55:06.016+0000] {logging_mixin.py:188} INFO - [2026-05-10T16:55:06.015+0000] {dagbag.py:545} INFO - Filling up the DagBag from /home/airflow/.local/lib/python3.12/site-packages/airflow/example_dags/example_trigger_controller_dag.py
[2026-05-10T16:55:06.024+0000] {processor.py:840} INFO - DAG(s) 'example_trigger_controller_dag' retrieved from /home/airflow/.local/lib/python3.12/site-packages/airflow/example_dags/example_trigger_controller_dag.py
[2026-05-10T16:55:06.058+0000] {logging_mixin.py:188} INFO - [2026-05-10T16:55:06.057+0000] {dag.py:3089} INFO - Sync 1 DAGs
[2026-05-10T16:55:06.090+0000] {logging_mixin.py:188} INFO - [2026-05-10T16:55:06.090+0000] {dag.py:3947} INFO - Setting next_dagrun for example_trigger_controller_dag to 2021-01-01 00:00:00+00:00, run_after=2021-01-01 00:00:00+00:00
[2026-05-10T16:55:06.153+0000] {processor.py:183} INFO - Processing /home/airflow/.local/lib/python3.12/site-packages/airflow/example_dags/example_trigger_controller_dag.py took 0.151 seconds
[2026-05-10T16:55:36.949+0000] {processor.py:161} INFO - Started process (PID=36575) to work on /home/airflow/.local/lib/python3.12/site-packages/airflow/example_dags/example_trigger_controller_dag.py
[2026-05-10T16:55:36.950+0000] {processor.py:830} INFO - Processing file /home/airflow/.local/lib/python3.12/site-packages/airflow/example_dags/example_trigger_controller_dag.py for tasks to queue
[2026-05-10T16:55:36.952+0000] {logging_mixin.py:188} INFO - [2026-05-10T16:55:36.951+0000] {dagbag.py:545} INFO - Filling up the DagBag from /home/airflow/.local/lib/python3.12/site-packages/airflow/example_dags/example_trigger_controller_dag.py
[2026-05-10T16:55:36.960+0000] {processor.py:840} INFO - DAG(s) 'example_trigger_controller_dag' retrieved from /home/airflow/.local/lib/python3.12/site-packages/airflow/example_dags/example_trigger_controller_dag.py
[2026-05-10T16:55:36.995+0000] {logging_mixin.py:188} INFO - [2026-05-10T16:55:36.995+0000] {dag.py:3089} INFO - Sync 1 DAGs
[2026-05-10T16:55:37.033+0000] {logging_mixin.py:188} INFO - [2026-05-10T16:55:37.032+0000] {dag.py:3947} INFO - Setting next_dagrun for example_trigger_controller_dag to 2021-01-01 00:00:00+00:00, run_after=2021-01-01 00:00:00+00:00
[2026-05-10T16:55:37.090+0000] {processor.py:183} INFO - Processing /home/airflow/.local/lib/python3.12/site-packages/airflow/example_dags/example_trigger_controller_dag.py took 0.152 seconds
[2026-05-10T16:56:07.291+0000] {processor.py:161} INFO - Started process (PID=36644) to work on /home/airflow/.local/lib/python3.12/site-packages/airflow/example_dags/example_trigger_controller_dag.py
[2026-05-10T16:56:07.299+0000] {processor.py:830} INFO - Processing file /home/airflow/.local/lib/python3.12/site-packages/airflow/example_dags/example_trigger_controller_dag.py for tasks to queue
[2026-05-10T16:56:07.302+0000] {logging_mixin.py:188} INFO - [2026-05-10T16:56:07.301+0000] {dagbag.py:545} INFO - Filling up the DagBag from /home/airflow/.local/lib/python3.12/site-packages/airflow/example_dags/example_trigger_controller_dag.py
[2026-05-10T16:56:07.310+0000] {processor.py:840} INFO - DAG(s) 'example_trigger_controller_dag' retrieved from /home/airflow/.local/lib/python3.12/site-packages/airflow/example_dags/example_trigger_controller_dag.py
[2026-05-10T16:56:07.343+0000] {logging_mixin.py:188} INFO - [2026-05-10T16:56:07.343+0000] {dag.py:3089} INFO - Sync 1 DAGs
[2026-05-10T16:56:07.371+0000] {logging_mixin.py:188} INFO - [2026-05-10T16:56:07.370+0000] {dag.py:3947} INFO - Setting next_dagrun for example_trigger_controller_dag to 2021-01-01 00:00:00+00:00, run_after=2021-01-01 00:00:00+00:00
[2026-05-10T16:56:07.431+0000] {processor.py:183} INFO - Processing /home/airflow/.local/lib/python3.12/site-packages/airflow/example_dags/example_trigger_controller_dag.py took 0.155 seconds
[2026-05-10T16:56:37.837+0000] {processor.py:161} INFO - Started process (PID=36712) to work on /home/airflow/.local/lib/python3.12/site-packages/airflow/example_dags/example_trigger_controller_dag.py
[2026-05-10T16:56:37.839+0000] {processor.py:830} INFO - Processing file /home/airflow/.local/lib/python3.12/site-packages/airflow/example_dags/example_trigger_controller_dag.py for tasks to queue
[2026-05-10T16:56:37.841+0000] {logging_mixin.py:188} INFO - [2026-05-10T16:56:37.840+0000] {dagbag.py:545} INFO - Filling up the DagBag from /home/airflow/.local/lib/python3.12/site-packages/airflow/example_dags/example_trigger_controller_dag.py
[2026-05-10T16:56:37.849+0000] {processor.py:840} INFO - DAG(s) 'example_trigger_controller_dag' retrieved from /home/airflow/.local/lib/python3.12/site-packages/airflow/example_dags/example_trigger_controller_dag.py
[2026-05-10T16:56:37.888+0000] {logging_mixin.py:188} INFO - [2026-05-10T16:56:37.887+0000] {dag.py:3089} INFO - Sync 1 DAGs
[2026-05-10T16:56:37.922+0000] {logging_mixin.py:188} INFO - [2026-05-10T16:56:37.922+0000] {dag.py:3947} INFO - Setting next_dagrun for example_trigger_controller_dag to 2021-01-01 00:00:00+00:00, run_after=2021-01-01 00:00:00+00:00
[2026-05-10T16:56:37.978+0000] {processor.py:183} INFO - Processing /home/airflow/.local/lib/python3.12/site-packages/airflow/example_dags/example_trigger_controller_dag.py took 0.150 seconds
[2026-05-10T16:57:08.782+0000] {processor.py:161} INFO - Started process (PID=36780) to work on /home/airflow/.local/lib/python3.12/site-packages/airflow/example_dags/example_trigger_controller_dag.py
[2026-05-10T16:57:08.783+0000] {processor.py:830} INFO - Processing file /home/airflow/.local/lib/python3.12/site-packages/airflow/example_dags/example_trigger_controller_dag.py for tasks to queue
[2026-05-10T16:57:08.785+0000] {logging_mixin.py:188} INFO - [2026-05-10T16:57:08.785+0000] {dagbag.py:545} INFO - Filling up the DagBag from /home/airflow/.local/lib/python3.12/site-packages/airflow/example_dags/example_trigger_controller_dag.py
[2026-05-10T16:57:08.793+0000] {processor.py:840} INFO - DAG(s) 'example_trigger_controller_dag' retrieved from /home/airflow/.local/lib/python3.12/site-packages/airflow/example_dags/example_trigger_controller_dag.py
[2026-05-10T16:57:08.826+0000] {logging_mixin.py:188} INFO - [2026-05-10T16:57:08.826+0000] {dag.py:3089} INFO - Sync 1 DAGs
[2026-05-10T16:57:08.862+0000] {logging_mixin.py:188} INFO - [2026-05-10T16:57:08.862+0000] {dag.py:3947} INFO - Setting next_dagrun for example_trigger_controller_dag to 2021-01-01 00:00:00+00:00, run_after=2021-01-01 00:00:00+00:00
[2026-05-10T16:57:08.918+0000] {processor.py:183} INFO - Processing /home/airflow/.local/lib/python3.12/site-packages/airflow/example_dags/example_trigger_controller_dag.py took 0.145 seconds
[2026-05-10T16:57:39.218+0000] {processor.py:161} INFO - Started process (PID=36855) to work on /home/airflow/.local/lib/python3.12/site-packages/airflow/example_dags/example_trigger_controller_dag.py
[2026-05-10T16:57:39.221+0000] {processor.py:830} INFO - Processing file /home/airflow/.local/lib/python3.12/site-packages/airflow/example_dags/example_trigger_controller_dag.py for tasks to queue
[2026-05-10T16:57:39.223+0000] {logging_mixin.py:188} INFO - [2026-05-10T16:57:39.222+0000] {dagbag.py:545} INFO - Filling up the DagBag from /home/airflow/.local/lib/python3.12/site-packages/airflow/example_dags/example_trigger_controller_dag.py
[2026-05-10T16:57:39.235+0000] {processor.py:840} INFO - DAG(s) 'example_trigger_controller_dag' retrieved from /home/airflow/.local/lib/python3.12/site-packages/airflow/example_dags/example_trigger_controller_dag.py
[2026-05-10T16:57:39.272+0000] {logging_mixin.py:188} INFO - [2026-05-10T16:57:39.271+0000] {dag.py:3089} INFO - Sync 1 DAGs
[2026-05-10T16:57:39.304+0000] {logging_mixin.py:188} INFO - [2026-05-10T16:57:39.304+0000] {dag.py:3947} INFO - Setting next_dagrun for example_trigger_controller_dag to 2021-01-01 00:00:00+00:00, run_after=2021-01-01 00:00:00+00:00
[2026-05-10T16:57:39.369+0000] {processor.py:183} INFO - Processing /home/airflow/.local/lib/python3.12/site-packages/airflow/example_dags/example_trigger_controller_dag.py took 0.163 seconds
[2026-05-10T16:58:10.444+0000] {processor.py:161} INFO - Started process (PID=36923) to work on /home/airflow/.local/lib/python3.12/site-packages/airflow/example_dags/example_trigger_controller_dag.py
[2026-05-10T16:58:10.446+0000] {processor.py:830} INFO - Processing file /home/airflow/.local/lib/python3.12/site-packages/airflow/example_dags/example_trigger_controller_dag.py for tasks to queue
[2026-05-10T16:58:10.448+0000] {logging_mixin.py:188} INFO - [2026-05-10T16:58:10.447+0000] {dagbag.py:545} INFO - Filling up the DagBag from /home/airflow/.local/lib/python3.12/site-packages/airflow/example_dags/example_trigger_controller_dag.py
[2026-05-10T16:58:10.455+0000] {processor.py:840} INFO - DAG(s) 'example_trigger_controller_dag' retrieved from /home/airflow/.local/lib/python3.12/site-packages/airflow/example_dags/example_trigger_controller_dag.py
[2026-05-10T16:58:10.491+0000] {logging_mixin.py:188} INFO - [2026-05-10T16:58:10.490+0000] {dag.py:3089} INFO - Sync 1 DAGs
[2026-05-10T16:58:10.529+0000] {logging_mixin.py:188} INFO - [2026-05-10T16:58:10.529+0000] {dag.py:3947} INFO - Setting next_dagrun for example_trigger_controller_dag to 2021-01-01 00:00:00+00:00, run_after=2021-01-01 00:00:00+00:00
[2026-05-10T16:58:10.560+0000] {processor.py:183} INFO - Processing /home/airflow/.local/lib/python3.12/site-packages/airflow/example_dags/example_trigger_controller_dag.py took 0.125 seconds
[2026-05-10T16:58:40.882+0000] {processor.py:161} INFO - Started process (PID=36990) to work on /home/airflow/.local/lib/python3.12/site-packages/airflow/example_dags/example_trigger_controller_dag.py
[2026-05-10T16:58:40.884+0000] {processor.py:830} INFO - Processing file /home/airflow/.local/lib/python3.12/site-packages/airflow/example_dags/example_trigger_controller_dag.py for tasks to queue
[2026-05-10T16:58:40.886+0000] {logging_mixin.py:188} INFO - [2026-05-10T16:58:40.885+0000] {dagbag.py:545} INFO - Filling up the DagBag from /home/airflow/.local/lib/python3.12/site-packages/airflow/example_dags/example_trigger_controller_dag.py
[2026-05-10T16:58:40.894+0000] {processor.py:840} INFO - DAG(s) 'example_trigger_controller_dag' retrieved from /home/airflow/.local/lib/python3.12/site-packages/airflow/example_dags/example_trigger_controller_dag.py
[2026-05-10T16:58:40.927+0000] {logging_mixin.py:188} INFO - [2026-05-10T16:58:40.926+0000] {dag.py:3089} INFO - Sync 1 DAGs
[2026-05-10T16:58:40.954+0000] {logging_mixin.py:188} INFO - [2026-05-10T16:58:40.954+0000] {dag.py:3947} INFO - Setting next_dagrun for example_trigger_controller_dag to 2021-01-01 00:00:00+00:00, run_after=2021-01-01 00:00:00+00:00
[2026-05-10T16:58:41.117+0000] {processor.py:183} INFO - Processing /home/airflow/.local/lib/python3.12/site-packages/airflow/example_dags/example_trigger_controller_dag.py took 0.245 seconds
[2026-05-10T16:59:12.082+0000] {processor.py:161} INFO - Started process (PID=37065) to work on /home/airflow/.local/lib/python3.12/site-packages/airflow/example_dags/example_trigger_controller_dag.py
[2026-05-10T16:59:12.085+0000] {processor.py:830} INFO - Processing file /home/airflow/.local/lib/python3.12/site-packages/airflow/example_dags/example_trigger_controller_dag.py for tasks to queue
[2026-05-10T16:59:12.092+0000] {logging_mixin.py:188} INFO - [2026-05-10T16:59:12.091+0000] {dagbag.py:545} INFO - Filling up the DagBag from /home/airflow/.local/lib/python3.12/site-packages/airflow/example_dags/example_trigger_controller_dag.py
[2026-05-10T16:59:12.102+0000] {processor.py:840} INFO - DAG(s) 'example_trigger_controller_dag' retrieved from /home/airflow/.local/lib/python3.12/site-packages/airflow/example_dags/example_trigger_controller_dag.py
[2026-05-10T16:59:12.138+0000] {logging_mixin.py:188} INFO - [2026-05-10T16:59:12.138+0000] {dag.py:3089} INFO - Sync 1 DAGs
[2026-05-10T16:59:12.167+0000] {logging_mixin.py:188} INFO - [2026-05-10T16:59:12.167+0000] {dag.py:3947} INFO - Setting next_dagrun for example_trigger_controller_dag to 2021-01-01 00:00:00+00:00, run_after=2021-01-01 00:00:00+00:00
[2026-05-10T16:59:12.224+0000] {processor.py:183} INFO - Processing /home/airflow/.local/lib/python3.12/site-packages/airflow/example_dags/example_trigger_controller_dag.py took 0.153 seconds
[2026-05-10T16:59:42.565+0000] {processor.py:161} INFO - Started process (PID=37133) to work on /home/airflow/.local/lib/python3.12/site-packages/airflow/example_dags/example_trigger_controller_dag.py
[2026-05-10T16:59:42.566+0000] {processor.py:830} INFO - Processing file /home/airflow/.local/lib/python3.12/site-packages/airflow/example_dags/example_trigger_controller_dag.py for tasks to queue
[2026-05-10T16:59:42.568+0000] {logging_mixin.py:188} INFO - [2026-05-10T16:59:42.568+0000] {dagbag.py:545} INFO - Filling up the DagBag from /home/airflow/.local/lib/python3.12/site-packages/airflow/example_dags/example_trigger_controller_dag.py
[2026-05-10T16:59:42.581+0000] {processor.py:840} INFO - DAG(s) 'example_trigger_controller_dag' retrieved from /home/airflow/.local/lib/python3.12/site-packages/airflow/example_dags/example_trigger_controller_dag.py
[2026-05-10T16:59:42.625+0000] {logging_mixin.py:188} INFO - [2026-05-10T16:59:42.624+0000] {dag.py:3089} INFO - Sync 1 DAGs
[2026-05-10T16:59:42.662+0000] {logging_mixin.py:188} INFO - [2026-05-10T16:59:42.662+0000] {dag.py:3947} INFO - Setting next_dagrun for example_trigger_controller_dag to 2021-01-01 00:00:00+00:00, run_after=2021-01-01 00:00:00+00:00
[2026-05-10T16:59:42.728+0000] {processor.py:183} INFO - Processing /home/airflow/.local/lib/python3.12/site-packages/airflow/example_dags/example_trigger_controller_dag.py took 0.176 seconds
[2026-05-10T17:00:13.566+0000] {processor.py:161} INFO - Started process (PID=37201) to work on /home/airflow/.local/lib/python3.12/site-packages/airflow/example_dags/example_trigger_controller_dag.py
[2026-05-10T17:00:13.568+0000] {processor.py:830} INFO - Processing file /home/airflow/.local/lib/python3.12/site-packages/airflow/example_dags/example_trigger_controller_dag.py for tasks to queue
[2026-05-10T17:00:13.570+0000] {logging_mixin.py:188} INFO - [2026-05-10T17:00:13.569+0000] {dagbag.py:545} INFO - Filling up the DagBag from /home/airflow/.local/lib/python3.12/site-packages/airflow/example_dags/example_trigger_controller_dag.py
[2026-05-10T17:00:13.578+0000] {processor.py:840} INFO - DAG(s) 'example_trigger_controller_dag' retrieved from /home/airflow/.local/lib/python3.12/site-packages/airflow/example_dags/example_trigger_controller_dag.py
[2026-05-10T17:00:13.618+0000] {logging_mixin.py:188} INFO - [2026-05-10T17:00:13.617+0000] {dag.py:3089} INFO - Sync 1 DAGs
[2026-05-10T17:00:13.649+0000] {logging_mixin.py:188} INFO - [2026-05-10T17:00:13.649+0000] {dag.py:3947} INFO - Setting next_dagrun for example_trigger_controller_dag to 2021-01-01 00:00:00+00:00, run_after=2021-01-01 00:00:00+00:00
[2026-05-10T17:00:13.707+0000] {processor.py:183} INFO - Processing /home/airflow/.local/lib/python3.12/site-packages/airflow/example_dags/example_trigger_controller_dag.py took 0.152 seconds
[2026-05-10T17:00:43.942+0000] {processor.py:161} INFO - Started process (PID=37271) to work on /home/airflow/.local/lib/python3.12/site-packages/airflow/example_dags/example_trigger_controller_dag.py
[2026-05-10T17:00:43.943+0000] {processor.py:830} INFO - Processing file /home/airflow/.local/lib/python3.12/site-packages/airflow/example_dags/example_trigger_controller_dag.py for tasks to queue
[2026-05-10T17:00:43.945+0000] {logging_mixin.py:188} INFO - [2026-05-10T17:00:43.945+0000] {dagbag.py:545} INFO - Filling up the DagBag from /home/airflow/.local/lib/python3.12/site-packages/airflow/example_dags/example_trigger_controller_dag.py
[2026-05-10T17:00:43.953+0000] {processor.py:840} INFO - DAG(s) 'example_trigger_controller_dag' retrieved from /home/airflow/.local/lib/python3.12/site-packages/airflow/example_dags/example_trigger_controller_dag.py
[2026-05-10T17:00:43.990+0000] {logging_mixin.py:188} INFO - [2026-05-10T17:00:43.989+0000] {dag.py:3089} INFO - Sync 1 DAGs
[2026-05-10T17:00:44.020+0000] {logging_mixin.py:188} INFO - [2026-05-10T17:00:44.019+0000] {dag.py:3947} INFO - Setting next_dagrun for example_trigger_controller_dag to 2021-01-01 00:00:00+00:00, run_after=2021-01-01 00:00:00+00:00
[2026-05-10T17:00:44.075+0000] {processor.py:183} INFO - Processing /home/airflow/.local/lib/python3.12/site-packages/airflow/example_dags/example_trigger_controller_dag.py took 0.142 seconds
[2026-05-10T17:01:14.332+0000] {processor.py:161} INFO - Started process (PID=37339) to work on /home/airflow/.local/lib/python3.12/site-packages/airflow/example_dags/example_trigger_controller_dag.py
[2026-05-10T17:01:14.334+0000] {processor.py:830} INFO - Processing file /home/airflow/.local/lib/python3.12/site-packages/airflow/example_dags/example_trigger_controller_dag.py for tasks to queue
[2026-05-10T17:01:14.336+0000] {logging_mixin.py:188} INFO - [2026-05-10T17:01:14.335+0000] {dagbag.py:545} INFO - Filling up the DagBag from /home/airflow/.local/lib/python3.12/site-packages/airflow/example_dags/example_trigger_controller_dag.py
[2026-05-10T17:01:14.345+0000] {processor.py:840} INFO - DAG(s) 'example_trigger_controller_dag' retrieved from /home/airflow/.local/lib/python3.12/site-packages/airflow/example_dags/example_trigger_controller_dag.py
[2026-05-10T17:01:14.379+0000] {logging_mixin.py:188} INFO - [2026-05-10T17:01:14.379+0000] {dag.py:3089} INFO - Sync 1 DAGs
[2026-05-10T17:01:14.413+0000] {logging_mixin.py:188} INFO - [2026-05-10T17:01:14.412+0000] {dag.py:3947} INFO - Setting next_dagrun for example_trigger_controller_dag to 2021-01-01 00:00:00+00:00, run_after=2021-01-01 00:00:00+00:00
[2026-05-10T17:01:14.471+0000] {processor.py:183} INFO - Processing /home/airflow/.local/lib/python3.12/site-packages/airflow/example_dags/example_trigger_controller_dag.py took 0.148 seconds
[2026-05-10T17:01:44.727+0000] {processor.py:161} INFO - Started process (PID=37413) to work on /home/airflow/.local/lib/python3.12/site-packages/airflow/example_dags/example_trigger_controller_dag.py
[2026-05-10T17:01:44.729+0000] {processor.py:830} INFO - Processing file /home/airflow/.local/lib/python3.12/site-packages/airflow/example_dags/example_trigger_controller_dag.py for tasks to queue
[2026-05-10T17:01:44.731+0000] {logging_mixin.py:188} INFO - [2026-05-10T17:01:44.730+0000] {dagbag.py:545} INFO - Filling up the DagBag from /home/airflow/.local/lib/python3.12/site-packages/airflow/example_dags/example_trigger_controller_dag.py
[2026-05-10T17:01:44.741+0000] {processor.py:840} INFO - DAG(s) 'example_trigger_controller_dag' retrieved from /home/airflow/.local/lib/python3.12/site-packages/airflow/example_dags/example_trigger_controller_dag.py
[2026-05-10T17:01:44.781+0000] {logging_mixin.py:188} INFO - [2026-05-10T17:01:44.781+0000] {dag.py:3089} INFO - Sync 1 DAGs
[2026-05-10T17:01:44.815+0000] {logging_mixin.py:188} INFO - [2026-05-10T17:01:44.814+0000] {dag.py:3947} INFO - Setting next_dagrun for example_trigger_controller_dag to 2021-01-01 00:00:00+00:00, run_after=2021-01-01 00:00:00+00:00
[2026-05-10T17:01:44.874+0000] {processor.py:183} INFO - Processing /home/airflow/.local/lib/python3.12/site-packages/airflow/example_dags/example_trigger_controller_dag.py took 0.160 seconds
[2026-05-10T17:02:15.017+0000] {processor.py:161} INFO - Started process (PID=37481) to work on /home/airflow/.local/lib/python3.12/site-packages/airflow/example_dags/example_trigger_controller_dag.py
[2026-05-10T17:02:15.019+0000] {processor.py:830} INFO - Processing file /home/airflow/.local/lib/python3.12/site-packages/airflow/example_dags/example_trigger_controller_dag.py for tasks to queue
[2026-05-10T17:02:15.020+0000] {logging_mixin.py:188} INFO - [2026-05-10T17:02:15.019+0000] {dagbag.py:545} INFO - Filling up the DagBag from /home/airflow/.local/lib/python3.12/site-packages/airflow/example_dags/example_trigger_controller_dag.py
[2026-05-10T17:02:15.029+0000] {processor.py:840} INFO - DAG(s) 'example_trigger_controller_dag' retrieved from /home/airflow/.local/lib/python3.12/site-packages/airflow/example_dags/example_trigger_controller_dag.py
[2026-05-10T17:02:15.062+0000] {logging_mixin.py:188} INFO - [2026-05-10T17:02:15.061+0000] {dag.py:3089} INFO - Sync 1 DAGs
[2026-05-10T17:02:15.096+0000] {logging_mixin.py:188} INFO - [2026-05-10T17:02:15.095+0000] {dag.py:3947} INFO - Setting next_dagrun for example_trigger_controller_dag to 2021-01-01 00:00:00+00:00, run_after=2021-01-01 00:00:00+00:00
[2026-05-10T17:02:15.128+0000] {processor.py:183} INFO - Processing /home/airflow/.local/lib/python3.12/site-packages/airflow/example_dags/example_trigger_controller_dag.py took 0.121 seconds
[2026-05-10T17:02:45.982+0000] {processor.py:161} INFO - Started process (PID=37549) to work on /home/airflow/.local/lib/python3.12/site-packages/airflow/example_dags/example_trigger_controller_dag.py
[2026-05-10T17:02:45.983+0000] {processor.py:830} INFO - Processing file /home/airflow/.local/lib/python3.12/site-packages/airflow/example_dags/example_trigger_controller_dag.py for tasks to queue
[2026-05-10T17:02:45.985+0000] {logging_mixin.py:188} INFO - [2026-05-10T17:02:45.984+0000] {dagbag.py:545} INFO - Filling up the DagBag from /home/airflow/.local/lib/python3.12/site-packages/airflow/example_dags/example_trigger_controller_dag.py
[2026-05-10T17:02:45.992+0000] {processor.py:840} INFO - DAG(s) 'example_trigger_controller_dag' retrieved from /home/airflow/.local/lib/python3.12/site-packages/airflow/example_dags/example_trigger_controller_dag.py
[2026-05-10T17:02:46.028+0000] {logging_mixin.py:188} INFO - [2026-05-10T17:02:46.028+0000] {dag.py:3089} INFO - Sync 1 DAGs
[2026-05-10T17:02:46.062+0000] {logging_mixin.py:188} INFO - [2026-05-10T17:02:46.062+0000] {dag.py:3947} INFO - Setting next_dagrun for example_trigger_controller_dag to 2021-01-01 00:00:00+00:00, run_after=2021-01-01 00:00:00+00:00
[2026-05-10T17:02:46.098+0000] {processor.py:183} INFO - Processing /home/airflow/.local/lib/python3.12/site-packages/airflow/example_dags/example_trigger_controller_dag.py took 0.125 seconds
[2026-05-10T17:03:16.562+0000] {processor.py:161} INFO - Started process (PID=37618) to work on /home/airflow/.local/lib/python3.12/site-packages/airflow/example_dags/example_trigger_controller_dag.py
[2026-05-10T17:03:16.564+0000] {processor.py:830} INFO - Processing file /home/airflow/.local/lib/python3.12/site-packages/airflow/example_dags/example_trigger_controller_dag.py for tasks to queue
[2026-05-10T17:03:16.566+0000] {logging_mixin.py:188} INFO - [2026-05-10T17:03:16.565+0000] {dagbag.py:545} INFO - Filling up the DagBag from /home/airflow/.local/lib/python3.12/site-packages/airflow/example_dags/example_trigger_controller_dag.py
[2026-05-10T17:03:16.576+0000] {processor.py:840} INFO - DAG(s) 'example_trigger_controller_dag' retrieved from /home/airflow/.local/lib/python3.12/site-packages/airflow/example_dags/example_trigger_controller_dag.py
[2026-05-10T17:03:16.611+0000] {logging_mixin.py:188} INFO - [2026-05-10T17:03:16.611+0000] {dag.py:3089} INFO - Sync 1 DAGs
[2026-05-10T17:03:16.640+0000] {logging_mixin.py:188} INFO - [2026-05-10T17:03:16.640+0000] {dag.py:3947} INFO - Setting next_dagrun for example_trigger_controller_dag to 2021-01-01 00:00:00+00:00, run_after=2021-01-01 00:00:00+00:00
[2026-05-10T17:03:16.701+0000] {processor.py:183} INFO - Processing /home/airflow/.local/lib/python3.12/site-packages/airflow/example_dags/example_trigger_controller_dag.py took 0.150 seconds
[2026-05-10T17:03:46.977+0000] {processor.py:161} INFO - Started process (PID=37693) to work on /home/airflow/.local/lib/python3.12/site-packages/airflow/example_dags/example_trigger_controller_dag.py
[2026-05-10T17:03:46.979+0000] {processor.py:830} INFO - Processing file /home/airflow/.local/lib/python3.12/site-packages/airflow/example_dags/example_trigger_controller_dag.py for tasks to queue
[2026-05-10T17:03:46.983+0000] {logging_mixin.py:188} INFO - [2026-05-10T17:03:46.982+0000] {dagbag.py:545} INFO - Filling up the DagBag from /home/airflow/.local/lib/python3.12/site-packages/airflow/example_dags/example_trigger_controller_dag.py
[2026-05-10T17:03:46.997+0000] {processor.py:840} INFO - DAG(s) 'example_trigger_controller_dag' retrieved from /home/airflow/.local/lib/python3.12/site-packages/airflow/example_dags/example_trigger_controller_dag.py
[2026-05-10T17:03:47.041+0000] {logging_mixin.py:188} INFO - [2026-05-10T17:03:47.040+0000] {dag.py:3089} INFO - Sync 1 DAGs
[2026-05-10T17:03:47.082+0000] {logging_mixin.py:188} INFO - [2026-05-10T17:03:47.082+0000] {dag.py:3947} INFO - Setting next_dagrun for example_trigger_controller_dag to 2021-01-01 00:00:00+00:00, run_after=2021-01-01 00:00:00+00:00
[2026-05-10T17:03:47.117+0000] {processor.py:183} INFO - Processing /home/airflow/.local/lib/python3.12/site-packages/airflow/example_dags/example_trigger_controller_dag.py took 0.151 seconds
[2026-05-10T17:04:17.472+0000] {processor.py:161} INFO - Started process (PID=37760) to work on /home/airflow/.local/lib/python3.12/site-packages/airflow/example_dags/example_trigger_controller_dag.py
[2026-05-10T17:04:17.474+0000] {processor.py:830} INFO - Processing file /home/airflow/.local/lib/python3.12/site-packages/airflow/example_dags/example_trigger_controller_dag.py for tasks to queue
[2026-05-10T17:04:17.476+0000] {logging_mixin.py:188} INFO - [2026-05-10T17:04:17.475+0000] {dagbag.py:545} INFO - Filling up the DagBag from /home/airflow/.local/lib/python3.12/site-packages/airflow/example_dags/example_trigger_controller_dag.py
[2026-05-10T17:04:17.483+0000] {processor.py:840} INFO - DAG(s) 'example_trigger_controller_dag' retrieved from /home/airflow/.local/lib/python3.12/site-packages/airflow/example_dags/example_trigger_controller_dag.py
[2026-05-10T17:04:17.516+0000] {logging_mixin.py:188} INFO - [2026-05-10T17:04:17.515+0000] {dag.py:3089} INFO - Sync 1 DAGs
[2026-05-10T17:04:17.545+0000] {logging_mixin.py:188} INFO - [2026-05-10T17:04:17.544+0000] {dag.py:3947} INFO - Setting next_dagrun for example_trigger_controller_dag to 2021-01-01 00:00:00+00:00, run_after=2021-01-01 00:00:00+00:00
[2026-05-10T17:04:17.575+0000] {processor.py:183} INFO - Processing /home/airflow/.local/lib/python3.12/site-packages/airflow/example_dags/example_trigger_controller_dag.py took 0.113 seconds
[2026-05-10T17:04:47.854+0000] {processor.py:161} INFO - Started process (PID=37827) to work on /home/airflow/.local/lib/python3.12/site-packages/airflow/example_dags/example_trigger_controller_dag.py
[2026-05-10T17:04:47.856+0000] {processor.py:830} INFO - Processing file /home/airflow/.local/lib/python3.12/site-packages/airflow/example_dags/example_trigger_controller_dag.py for tasks to queue
[2026-05-10T17:04:47.859+0000] {logging_mixin.py:188} INFO - [2026-05-10T17:04:47.858+0000] {dagbag.py:545} INFO - Filling up the DagBag from /home/airflow/.local/lib/python3.12/site-packages/airflow/example_dags/example_trigger_controller_dag.py
[2026-05-10T17:04:47.868+0000] {processor.py:840} INFO - DAG(s) 'example_trigger_controller_dag' retrieved from /home/airflow/.local/lib/python3.12/site-packages/airflow/example_dags/example_trigger_controller_dag.py
[2026-05-10T17:04:47.903+0000] {logging_mixin.py:188} INFO - [2026-05-10T17:04:47.903+0000] {dag.py:3089} INFO - Sync 1 DAGs
[2026-05-10T17:04:47.937+0000] {logging_mixin.py:188} INFO - [2026-05-10T17:04:47.936+0000] {dag.py:3947} INFO - Setting next_dagrun for example_trigger_controller_dag to 2021-01-01 00:00:00+00:00, run_after=2021-01-01 00:00:00+00:00
[2026-05-10T17:04:47.969+0000] {processor.py:183} INFO - Processing /home/airflow/.local/lib/python3.12/site-packages/airflow/example_dags/example_trigger_controller_dag.py took 0.124 seconds
[2026-05-10T17:05:18.564+0000] {processor.py:161} INFO - Started process (PID=37894) to work on /home/airflow/.local/lib/python3.12/site-packages/airflow/example_dags/example_trigger_controller_dag.py
[2026-05-10T17:05:18.566+0000] {processor.py:830} INFO - Processing file /home/airflow/.local/lib/python3.12/site-packages/airflow/example_dags/example_trigger_controller_dag.py for tasks to queue
[2026-05-10T17:05:18.568+0000] {logging_mixin.py:188} INFO - [2026-05-10T17:05:18.568+0000] {dagbag.py:545} INFO - Filling up the DagBag from /home/airflow/.local/lib/python3.12/site-packages/airflow/example_dags/example_trigger_controller_dag.py
[2026-05-10T17:05:18.579+0000] {processor.py:840} INFO - DAG(s) 'example_trigger_controller_dag' retrieved from /home/airflow/.local/lib/python3.12/site-packages/airflow/example_dags/example_trigger_controller_dag.py
[2026-05-10T17:05:18.612+0000] {logging_mixin.py:188} INFO - [2026-05-10T17:05:18.612+0000] {dag.py:3089} INFO - Sync 1 DAGs
[2026-05-10T17:05:18.645+0000] {logging_mixin.py:188} INFO - [2026-05-10T17:05:18.644+0000] {dag.py:3947} INFO - Setting next_dagrun for example_trigger_controller_dag to 2021-01-01 00:00:00+00:00, run_after=2021-01-01 00:00:00+00:00
[2026-05-10T17:05:18.678+0000] {processor.py:183} INFO - Processing /home/airflow/.local/lib/python3.12/site-packages/airflow/example_dags/example_trigger_controller_dag.py took 0.126 seconds
[2026-05-10T17:05:49.056+0000] {processor.py:161} INFO - Started process (PID=37969) to work on /home/airflow/.local/lib/python3.12/site-packages/airflow/example_dags/example_trigger_controller_dag.py
[2026-05-10T17:05:49.075+0000] {processor.py:830} INFO - Processing file /home/airflow/.local/lib/python3.12/site-packages/airflow/example_dags/example_trigger_controller_dag.py for tasks to queue
[2026-05-10T17:05:49.077+0000] {logging_mixin.py:188} INFO - [2026-05-10T17:05:49.077+0000] {dagbag.py:545} INFO - Filling up the DagBag from /home/airflow/.local/lib/python3.12/site-packages/airflow/example_dags/example_trigger_controller_dag.py
[2026-05-10T17:05:49.085+0000] {processor.py:840} INFO - DAG(s) 'example_trigger_controller_dag' retrieved from /home/airflow/.local/lib/python3.12/site-packages/airflow/example_dags/example_trigger_controller_dag.py
[2026-05-10T17:05:49.117+0000] {logging_mixin.py:188} INFO - [2026-05-10T17:05:49.116+0000] {dag.py:3089} INFO - Sync 1 DAGs
[2026-05-10T17:05:49.147+0000] {logging_mixin.py:188} INFO - [2026-05-10T17:05:49.146+0000] {dag.py:3947} INFO - Setting next_dagrun for example_trigger_controller_dag to 2021-01-01 00:00:00+00:00, run_after=2021-01-01 00:00:00+00:00
[2026-05-10T17:05:49.204+0000] {processor.py:183} INFO - Processing /home/airflow/.local/lib/python3.12/site-packages/airflow/example_dags/example_trigger_controller_dag.py took 0.158 seconds
[2026-05-10T17:06:19.579+0000] {processor.py:161} INFO - Started process (PID=38037) to work on /home/airflow/.local/lib/python3.12/site-packages/airflow/example_dags/example_trigger_controller_dag.py
[2026-05-10T17:06:19.581+0000] {processor.py:830} INFO - Processing file /home/airflow/.local/lib/python3.12/site-packages/airflow/example_dags/example_trigger_controller_dag.py for tasks to queue
[2026-05-10T17:06:19.583+0000] {logging_mixin.py:188} INFO - [2026-05-10T17:06:19.582+0000] {dagbag.py:545} INFO - Filling up the DagBag from /home/airflow/.local/lib/python3.12/site-packages/airflow/example_dags/example_trigger_controller_dag.py
[2026-05-10T17:06:19.591+0000] {processor.py:840} INFO - DAG(s) 'example_trigger_controller_dag' retrieved from /home/airflow/.local/lib/python3.12/site-packages/airflow/example_dags/example_trigger_controller_dag.py
[2026-05-10T17:06:19.623+0000] {logging_mixin.py:188} INFO - [2026-05-10T17:06:19.622+0000] {dag.py:3089} INFO - Sync 1 DAGs
[2026-05-10T17:06:19.657+0000] {logging_mixin.py:188} INFO - [2026-05-10T17:06:19.656+0000] {dag.py:3947} INFO - Setting next_dagrun for example_trigger_controller_dag to 2021-01-01 00:00:00+00:00, run_after=2021-01-01 00:00:00+00:00
[2026-05-10T17:06:19.714+0000] {processor.py:183} INFO - Processing /home/airflow/.local/lib/python3.12/site-packages/airflow/example_dags/example_trigger_controller_dag.py took 0.147 seconds
[2026-05-10T17:06:49.826+0000] {processor.py:161} INFO - Started process (PID=38105) to work on /home/airflow/.local/lib/python3.12/site-packages/airflow/example_dags/example_trigger_controller_dag.py
[2026-05-10T17:06:49.828+0000] {processor.py:830} INFO - Processing file /home/airflow/.local/lib/python3.12/site-packages/airflow/example_dags/example_trigger_controller_dag.py for tasks to queue
[2026-05-10T17:06:49.830+0000] {logging_mixin.py:188} INFO - [2026-05-10T17:06:49.830+0000] {dagbag.py:545} INFO - Filling up the DagBag from /home/airflow/.local/lib/python3.12/site-packages/airflow/example_dags/example_trigger_controller_dag.py
[2026-05-10T17:06:49.838+0000] {processor.py:840} INFO - DAG(s) 'example_trigger_controller_dag' retrieved from /home/airflow/.local/lib/python3.12/site-packages/airflow/example_dags/example_trigger_controller_dag.py
[2026-05-10T17:06:49.871+0000] {logging_mixin.py:188} INFO - [2026-05-10T17:06:49.871+0000] {dag.py:3089} INFO - Sync 1 DAGs
[2026-05-10T17:06:49.901+0000] {logging_mixin.py:188} INFO - [2026-05-10T17:06:49.901+0000] {dag.py:3947} INFO - Setting next_dagrun for example_trigger_controller_dag to 2021-01-01 00:00:00+00:00, run_after=2021-01-01 00:00:00+00:00
[2026-05-10T17:06:49.956+0000] {processor.py:183} INFO - Processing /home/airflow/.local/lib/python3.12/site-packages/airflow/example_dags/example_trigger_controller_dag.py took 0.139 seconds
[2026-05-10T17:07:20.550+0000] {processor.py:161} INFO - Started process (PID=38172) to work on /home/airflow/.local/lib/python3.12/site-packages/airflow/example_dags/example_trigger_controller_dag.py
[2026-05-10T17:07:20.552+0000] {processor.py:830} INFO - Processing file /home/airflow/.local/lib/python3.12/site-packages/airflow/example_dags/example_trigger_controller_dag.py for tasks to queue
[2026-05-10T17:07:20.553+0000] {logging_mixin.py:188} INFO - [2026-05-10T17:07:20.553+0000] {dagbag.py:545} INFO - Filling up the DagBag from /home/airflow/.local/lib/python3.12/site-packages/airflow/example_dags/example_trigger_controller_dag.py
[2026-05-10T17:07:20.561+0000] {processor.py:840} INFO - DAG(s) 'example_trigger_controller_dag' retrieved from /home/airflow/.local/lib/python3.12/site-packages/airflow/example_dags/example_trigger_controller_dag.py
[2026-05-10T17:07:20.593+0000] {logging_mixin.py:188} INFO - [2026-05-10T17:07:20.593+0000] {dag.py:3089} INFO - Sync 1 DAGs
[2026-05-10T17:07:20.624+0000] {logging_mixin.py:188} INFO - [2026-05-10T17:07:20.624+0000] {dag.py:3947} INFO - Setting next_dagrun for example_trigger_controller_dag to 2021-01-01 00:00:00+00:00, run_after=2021-01-01 00:00:00+00:00
[2026-05-10T17:07:20.680+0000] {processor.py:183} INFO - Processing /home/airflow/.local/lib/python3.12/site-packages/airflow/example_dags/example_trigger_controller_dag.py took 0.139 seconds
[2026-05-10T17:07:51.212+0000] {processor.py:161} INFO - Started process (PID=38240) to work on /home/airflow/.local/lib/python3.12/site-packages/airflow/example_dags/example_trigger_controller_dag.py
[2026-05-10T17:07:51.213+0000] {processor.py:830} INFO - Processing file /home/airflow/.local/lib/python3.12/site-packages/airflow/example_dags/example_trigger_controller_dag.py for tasks to queue
[2026-05-10T17:07:51.215+0000] {logging_mixin.py:188} INFO - [2026-05-10T17:07:51.214+0000] {dagbag.py:545} INFO - Filling up the DagBag from /home/airflow/.local/lib/python3.12/site-packages/airflow/example_dags/example_trigger_controller_dag.py
[2026-05-10T17:07:51.236+0000] {processor.py:840} INFO - DAG(s) 'example_trigger_controller_dag' retrieved from /home/airflow/.local/lib/python3.12/site-packages/airflow/example_dags/example_trigger_controller_dag.py
[2026-05-10T17:07:51.267+0000] {logging_mixin.py:188} INFO - [2026-05-10T17:07:51.267+0000] {dag.py:3089} INFO - Sync 1 DAGs
[2026-05-10T17:07:51.549+0000] {logging_mixin.py:188} INFO - [2026-05-10T17:07:51.549+0000] {dag.py:3947} INFO - Setting next_dagrun for example_trigger_controller_dag to 2021-01-01 00:00:00+00:00, run_after=2021-01-01 00:00:00+00:00
[2026-05-10T17:07:51.715+0000] {processor.py:183} INFO - Processing /home/airflow/.local/lib/python3.12/site-packages/airflow/example_dags/example_trigger_controller_dag.py took 0.516 seconds
[2026-05-10T17:08:22.333+0000] {processor.py:161} INFO - Started process (PID=38316) to work on /home/airflow/.local/lib/python3.12/site-packages/airflow/example_dags/example_trigger_controller_dag.py
[2026-05-10T17:08:22.335+0000] {processor.py:830} INFO - Processing file /home/airflow/.local/lib/python3.12/site-packages/airflow/example_dags/example_trigger_controller_dag.py for tasks to queue
[2026-05-10T17:08:22.337+0000] {logging_mixin.py:188} INFO - [2026-05-10T17:08:22.336+0000] {dagbag.py:545} INFO - Filling up the DagBag from /home/airflow/.local/lib/python3.12/site-packages/airflow/example_dags/example_trigger_controller_dag.py
[2026-05-10T17:08:22.347+0000] {processor.py:840} INFO - DAG(s) 'example_trigger_controller_dag' retrieved from /home/airflow/.local/lib/python3.12/site-packages/airflow/example_dags/example_trigger_controller_dag.py
[2026-05-10T17:08:22.390+0000] {logging_mixin.py:188} INFO - [2026-05-10T17:08:22.389+0000] {dag.py:3089} INFO - Sync 1 DAGs
[2026-05-10T17:08:22.455+0000] {logging_mixin.py:188} INFO - [2026-05-10T17:08:22.454+0000] {dag.py:3947} INFO - Setting next_dagrun for example_trigger_controller_dag to 2021-01-01 00:00:00+00:00, run_after=2021-01-01 00:00:00+00:00
[2026-05-10T17:08:22.633+0000] {processor.py:183} INFO - Processing /home/airflow/.local/lib/python3.12/site-packages/airflow/example_dags/example_trigger_controller_dag.py took 0.313 seconds
[2026-05-10T17:08:52.923+0000] {processor.py:161} INFO - Started process (PID=38384) to work on /home/airflow/.local/lib/python3.12/site-packages/airflow/example_dags/example_trigger_controller_dag.py
[2026-05-10T17:08:52.925+0000] {processor.py:830} INFO - Processing file /home/airflow/.local/lib/python3.12/site-packages/airflow/example_dags/example_trigger_controller_dag.py for tasks to queue
[2026-05-10T17:08:52.926+0000] {logging_mixin.py:188} INFO - [2026-05-10T17:08:52.926+0000] {dagbag.py:545} INFO - Filling up the DagBag from /home/airflow/.local/lib/python3.12/site-packages/airflow/example_dags/example_trigger_controller_dag.py
[2026-05-10T17:08:52.935+0000] {processor.py:840} INFO - DAG(s) 'example_trigger_controller_dag' retrieved from /home/airflow/.local/lib/python3.12/site-packages/airflow/example_dags/example_trigger_controller_dag.py
[2026-05-10T17:08:52.967+0000] {logging_mixin.py:188} INFO - [2026-05-10T17:08:52.966+0000] {dag.py:3089} INFO - Sync 1 DAGs
[2026-05-10T17:08:52.996+0000] {logging_mixin.py:188} INFO - [2026-05-10T17:08:52.996+0000] {dag.py:3947} INFO - Setting next_dagrun for example_trigger_controller_dag to 2021-01-01 00:00:00+00:00, run_after=2021-01-01 00:00:00+00:00
[2026-05-10T17:08:53.034+0000] {processor.py:183} INFO - Processing /home/airflow/.local/lib/python3.12/site-packages/airflow/example_dags/example_trigger_controller_dag.py took 0.120 seconds
[2026-05-10T17:09:23.334+0000] {processor.py:161} INFO - Started process (PID=38452) to work on /home/airflow/.local/lib/python3.12/site-packages/airflow/example_dags/example_trigger_controller_dag.py
[2026-05-10T17:09:23.336+0000] {processor.py:830} INFO - Processing file /home/airflow/.local/lib/python3.12/site-packages/airflow/example_dags/example_trigger_controller_dag.py for tasks to queue
[2026-05-10T17:09:23.338+0000] {logging_mixin.py:188} INFO - [2026-05-10T17:09:23.338+0000] {dagbag.py:545} INFO - Filling up the DagBag from /home/airflow/.local/lib/python3.12/site-packages/airflow/example_dags/example_trigger_controller_dag.py
[2026-05-10T17:09:23.349+0000] {processor.py:840} INFO - DAG(s) 'example_trigger_controller_dag' retrieved from /home/airflow/.local/lib/python3.12/site-packages/airflow/example_dags/example_trigger_controller_dag.py
[2026-05-10T17:09:23.383+0000] {logging_mixin.py:188} INFO - [2026-05-10T17:09:23.383+0000] {dag.py:3089} INFO - Sync 1 DAGs
[2026-05-10T17:09:23.414+0000] {logging_mixin.py:188} INFO - [2026-05-10T17:09:23.414+0000] {dag.py:3947} INFO - Setting next_dagrun for example_trigger_controller_dag to 2021-01-01 00:00:00+00:00, run_after=2021-01-01 00:00:00+00:00
[2026-05-10T17:09:23.473+0000] {processor.py:183} INFO - Processing /home/airflow/.local/lib/python3.12/site-packages/airflow/example_dags/example_trigger_controller_dag.py took 0.150 seconds
[2026-05-10T17:09:54.005+0000] {processor.py:161} INFO - Started process (PID=38520) to work on /home/airflow/.local/lib/python3.12/site-packages/airflow/example_dags/example_trigger_controller_dag.py
[2026-05-10T17:09:54.007+0000] {processor.py:830} INFO - Processing file /home/airflow/.local/lib/python3.12/site-packages/airflow/example_dags/example_trigger_controller_dag.py for tasks to queue
[2026-05-10T17:09:54.010+0000] {logging_mixin.py:188} INFO - [2026-05-10T17:09:54.009+0000] {dagbag.py:545} INFO - Filling up the DagBag from /home/airflow/.local/lib/python3.12/site-packages/airflow/example_dags/example_trigger_controller_dag.py
[2026-05-10T17:09:54.018+0000] {processor.py:840} INFO - DAG(s) 'example_trigger_controller_dag' retrieved from /home/airflow/.local/lib/python3.12/site-packages/airflow/example_dags/example_trigger_controller_dag.py
[2026-05-10T17:09:54.055+0000] {logging_mixin.py:188} INFO - [2026-05-10T17:09:54.054+0000] {dag.py:3089} INFO - Sync 1 DAGs
[2026-05-10T17:09:54.082+0000] {logging_mixin.py:188} INFO - [2026-05-10T17:09:54.082+0000] {dag.py:3947} INFO - Setting next_dagrun for example_trigger_controller_dag to 2021-01-01 00:00:00+00:00, run_after=2021-01-01 00:00:00+00:00
[2026-05-10T17:09:54.140+0000] {processor.py:183} INFO - Processing /home/airflow/.local/lib/python3.12/site-packages/airflow/example_dags/example_trigger_controller_dag.py took 0.146 seconds
[2026-05-10T17:10:24.406+0000] {processor.py:161} INFO - Started process (PID=38594) to work on /home/airflow/.local/lib/python3.12/site-packages/airflow/example_dags/example_trigger_controller_dag.py
[2026-05-10T17:10:24.408+0000] {processor.py:830} INFO - Processing file /home/airflow/.local/lib/python3.12/site-packages/airflow/example_dags/example_trigger_controller_dag.py for tasks to queue
[2026-05-10T17:10:24.410+0000] {logging_mixin.py:188} INFO - [2026-05-10T17:10:24.410+0000] {dagbag.py:545} INFO - Filling up the DagBag from /home/airflow/.local/lib/python3.12/site-packages/airflow/example_dags/example_trigger_controller_dag.py
[2026-05-10T17:10:24.422+0000] {processor.py:840} INFO - DAG(s) 'example_trigger_controller_dag' retrieved from /home/airflow/.local/lib/python3.12/site-packages/airflow/example_dags/example_trigger_controller_dag.py
[2026-05-10T17:10:24.461+0000] {logging_mixin.py:188} INFO - [2026-05-10T17:10:24.460+0000] {dag.py:3089} INFO - Sync 1 DAGs
[2026-05-10T17:10:24.495+0000] {logging_mixin.py:188} INFO - [2026-05-10T17:10:24.495+0000] {dag.py:3947} INFO - Setting next_dagrun for example_trigger_controller_dag to 2021-01-01 00:00:00+00:00, run_after=2021-01-01 00:00:00+00:00
[2026-05-10T17:10:24.552+0000] {processor.py:183} INFO - Processing /home/airflow/.local/lib/python3.12/site-packages/airflow/example_dags/example_trigger_controller_dag.py took 0.156 seconds
[2026-05-10T17:10:55.002+0000] {processor.py:161} INFO - Started process (PID=38662) to work on /home/airflow/.local/lib/python3.12/site-packages/airflow/example_dags/example_trigger_controller_dag.py
[2026-05-10T17:10:55.004+0000] {processor.py:830} INFO - Processing file /home/airflow/.local/lib/python3.12/site-packages/airflow/example_dags/example_trigger_controller_dag.py for tasks to queue
[2026-05-10T17:10:55.006+0000] {logging_mixin.py:188} INFO - [2026-05-10T17:10:55.005+0000] {dagbag.py:545} INFO - Filling up the DagBag from /home/airflow/.local/lib/python3.12/site-packages/airflow/example_dags/example_trigger_controller_dag.py
[2026-05-10T17:10:55.013+0000] {processor.py:840} INFO - DAG(s) 'example_trigger_controller_dag' retrieved from /home/airflow/.local/lib/python3.12/site-packages/airflow/example_dags/example_trigger_controller_dag.py
[2026-05-10T17:10:55.046+0000] {logging_mixin.py:188} INFO - [2026-05-10T17:10:55.045+0000] {dag.py:3089} INFO - Sync 1 DAGs
[2026-05-10T17:10:55.086+0000] {logging_mixin.py:188} INFO - [2026-05-10T17:10:55.085+0000] {dag.py:3947} INFO - Setting next_dagrun for example_trigger_controller_dag to 2021-01-01 00:00:00+00:00, run_after=2021-01-01 00:00:00+00:00
[2026-05-10T17:10:55.123+0000] {processor.py:183} INFO - Processing /home/airflow/.local/lib/python3.12/site-packages/airflow/example_dags/example_trigger_controller_dag.py took 0.131 seconds
[2026-05-10T17:11:25.604+0000] {processor.py:161} INFO - Started process (PID=38728) to work on /home/airflow/.local/lib/python3.12/site-packages/airflow/example_dags/example_trigger_controller_dag.py
[2026-05-10T17:11:25.631+0000] {processor.py:830} INFO - Processing file /home/airflow/.local/lib/python3.12/site-packages/airflow/example_dags/example_trigger_controller_dag.py for tasks to queue
[2026-05-10T17:11:25.639+0000] {logging_mixin.py:188} INFO - [2026-05-10T17:11:25.639+0000] {dagbag.py:545} INFO - Filling up the DagBag from /home/airflow/.local/lib/python3.12/site-packages/airflow/example_dags/example_trigger_controller_dag.py
[2026-05-10T17:11:25.651+0000] {processor.py:840} INFO - DAG(s) 'example_trigger_controller_dag' retrieved from /home/airflow/.local/lib/python3.12/site-packages/airflow/example_dags/example_trigger_controller_dag.py
[2026-05-10T17:11:25.686+0000] {logging_mixin.py:188} INFO - [2026-05-10T17:11:25.686+0000] {dag.py:3089} INFO - Sync 1 DAGs
[2026-05-10T17:11:25.715+0000] {logging_mixin.py:188} INFO - [2026-05-10T17:11:25.714+0000] {dag.py:3947} INFO - Setting next_dagrun for example_trigger_controller_dag to 2021-01-01 00:00:00+00:00, run_after=2021-01-01 00:00:00+00:00
[2026-05-10T17:11:25.750+0000] {processor.py:183} INFO - Processing /home/airflow/.local/lib/python3.12/site-packages/airflow/example_dags/example_trigger_controller_dag.py took 0.155 seconds
[2026-05-10T17:11:56.085+0000] {processor.py:161} INFO - Started process (PID=38795) to work on /home/airflow/.local/lib/python3.12/site-packages/airflow/example_dags/example_trigger_controller_dag.py
[2026-05-10T17:11:56.087+0000] {processor.py:830} INFO - Processing file /home/airflow/.local/lib/python3.12/site-packages/airflow/example_dags/example_trigger_controller_dag.py for tasks to queue
[2026-05-10T17:11:56.088+0000] {logging_mixin.py:188} INFO - [2026-05-10T17:11:56.088+0000] {dagbag.py:545} INFO - Filling up the DagBag from /home/airflow/.local/lib/python3.12/site-packages/airflow/example_dags/example_trigger_controller_dag.py
[2026-05-10T17:11:56.098+0000] {processor.py:840} INFO - DAG(s) 'example_trigger_controller_dag' retrieved from /home/airflow/.local/lib/python3.12/site-packages/airflow/example_dags/example_trigger_controller_dag.py
[2026-05-10T17:11:56.132+0000] {logging_mixin.py:188} INFO - [2026-05-10T17:11:56.131+0000] {dag.py:3089} INFO - Sync 1 DAGs
[2026-05-10T17:11:56.163+0000] {logging_mixin.py:188} INFO - [2026-05-10T17:11:56.162+0000] {dag.py:3947} INFO - Setting next_dagrun for example_trigger_controller_dag to 2021-01-01 00:00:00+00:00, run_after=2021-01-01 00:00:00+00:00
[2026-05-10T17:11:56.229+0000] {processor.py:183} INFO - Processing /home/airflow/.local/lib/python3.12/site-packages/airflow/example_dags/example_trigger_controller_dag.py took 0.155 seconds
[2026-05-10T17:12:27.080+0000] {processor.py:161} INFO - Started process (PID=38870) to work on /home/airflow/.local/lib/python3.12/site-packages/airflow/example_dags/example_trigger_controller_dag.py
[2026-05-10T17:12:27.082+0000] {processor.py:830} INFO - Processing file /home/airflow/.local/lib/python3.12/site-packages/airflow/example_dags/example_trigger_controller_dag.py for tasks to queue
[2026-05-10T17:12:27.084+0000] {logging_mixin.py:188} INFO - [2026-05-10T17:12:27.083+0000] {dagbag.py:545} INFO - Filling up the DagBag from /home/airflow/.local/lib/python3.12/site-packages/airflow/example_dags/example_trigger_controller_dag.py
[2026-05-10T17:12:27.093+0000] {processor.py:840} INFO - DAG(s) 'example_trigger_controller_dag' retrieved from /home/airflow/.local/lib/python3.12/site-packages/airflow/example_dags/example_trigger_controller_dag.py
[2026-05-10T17:12:27.124+0000] {logging_mixin.py:188} INFO - [2026-05-10T17:12:27.123+0000] {dag.py:3089} INFO - Sync 1 DAGs
[2026-05-10T17:12:27.159+0000] {logging_mixin.py:188} INFO - [2026-05-10T17:12:27.158+0000] {dag.py:3947} INFO - Setting next_dagrun for example_trigger_controller_dag to 2021-01-01 00:00:00+00:00, run_after=2021-01-01 00:00:00+00:00
[2026-05-10T17:12:27.191+0000] {processor.py:183} INFO - Processing /home/airflow/.local/lib/python3.12/site-packages/airflow/example_dags/example_trigger_controller_dag.py took 0.119 seconds
[2026-05-10T17:12:57.619+0000] {processor.py:161} INFO - Started process (PID=38938) to work on /home/airflow/.local/lib/python3.12/site-packages/airflow/example_dags/example_trigger_controller_dag.py
[2026-05-10T17:12:57.621+0000] {processor.py:830} INFO - Processing file /home/airflow/.local/lib/python3.12/site-packages/airflow/example_dags/example_trigger_controller_dag.py for tasks to queue
[2026-05-10T17:12:57.623+0000] {logging_mixin.py:188} INFO - [2026-05-10T17:12:57.623+0000] {dagbag.py:545} INFO - Filling up the DagBag from /home/airflow/.local/lib/python3.12/site-packages/airflow/example_dags/example_trigger_controller_dag.py
[2026-05-10T17:12:57.636+0000] {processor.py:840} INFO - DAG(s) 'example_trigger_controller_dag' retrieved from /home/airflow/.local/lib/python3.12/site-packages/airflow/example_dags/example_trigger_controller_dag.py
[2026-05-10T17:12:57.669+0000] {logging_mixin.py:188} INFO - [2026-05-10T17:12:57.668+0000] {dag.py:3089} INFO - Sync 1 DAGs
[2026-05-10T17:12:57.698+0000] {logging_mixin.py:188} INFO - [2026-05-10T17:12:57.698+0000] {dag.py:3947} INFO - Setting next_dagrun for example_trigger_controller_dag to 2021-01-01 00:00:00+00:00, run_after=2021-01-01 00:00:00+00:00
[2026-05-10T17:12:57.875+0000] {processor.py:183} INFO - Processing /home/airflow/.local/lib/python3.12/site-packages/airflow/example_dags/example_trigger_controller_dag.py took 0.264 seconds
[2026-05-10T17:13:28.160+0000] {processor.py:161} INFO - Started process (PID=39006) to work on /home/airflow/.local/lib/python3.12/site-packages/airflow/example_dags/example_trigger_controller_dag.py
[2026-05-10T17:13:28.163+0000] {processor.py:830} INFO - Processing file /home/airflow/.local/lib/python3.12/site-packages/airflow/example_dags/example_trigger_controller_dag.py for tasks to queue
[2026-05-10T17:13:28.165+0000] {logging_mixin.py:188} INFO - [2026-05-10T17:13:28.164+0000] {dagbag.py:545} INFO - Filling up the DagBag from /home/airflow/.local/lib/python3.12/site-packages/airflow/example_dags/example_trigger_controller_dag.py
[2026-05-10T17:13:28.175+0000] {processor.py:840} INFO - DAG(s) 'example_trigger_controller_dag' retrieved from /home/airflow/.local/lib/python3.12/site-packages/airflow/example_dags/example_trigger_controller_dag.py
[2026-05-10T17:13:28.212+0000] {logging_mixin.py:188} INFO - [2026-05-10T17:13:28.211+0000] {dag.py:3089} INFO - Sync 1 DAGs
[2026-05-10T17:13:28.240+0000] {logging_mixin.py:188} INFO - [2026-05-10T17:13:28.240+0000] {dag.py:3947} INFO - Setting next_dagrun for example_trigger_controller_dag to 2021-01-01 00:00:00+00:00, run_after=2021-01-01 00:00:00+00:00
[2026-05-10T17:13:28.273+0000] {processor.py:183} INFO - Processing /home/airflow/.local/lib/python3.12/site-packages/airflow/example_dags/example_trigger_controller_dag.py took 0.123 seconds
[2026-05-10T17:13:59.175+0000] {processor.py:161} INFO - Started process (PID=39075) to work on /home/airflow/.local/lib/python3.12/site-packages/airflow/example_dags/example_trigger_controller_dag.py
[2026-05-10T17:13:59.177+0000] {processor.py:830} INFO - Processing file /home/airflow/.local/lib/python3.12/site-packages/airflow/example_dags/example_trigger_controller_dag.py for tasks to queue
[2026-05-10T17:13:59.178+0000] {logging_mixin.py:188} INFO - [2026-05-10T17:13:59.178+0000] {dagbag.py:545} INFO - Filling up the DagBag from /home/airflow/.local/lib/python3.12/site-packages/airflow/example_dags/example_trigger_controller_dag.py
[2026-05-10T17:13:59.187+0000] {processor.py:840} INFO - DAG(s) 'example_trigger_controller_dag' retrieved from /home/airflow/.local/lib/python3.12/site-packages/airflow/example_dags/example_trigger_controller_dag.py
[2026-05-10T17:13:59.224+0000] {logging_mixin.py:188} INFO - [2026-05-10T17:13:59.223+0000] {dag.py:3089} INFO - Sync 1 DAGs
[2026-05-10T17:13:59.258+0000] {logging_mixin.py:188} INFO - [2026-05-10T17:13:59.258+0000] {dag.py:3947} INFO - Setting next_dagrun for example_trigger_controller_dag to 2021-01-01 00:00:00+00:00, run_after=2021-01-01 00:00:00+00:00
[2026-05-10T17:13:59.318+0000] {processor.py:183} INFO - Processing /home/airflow/.local/lib/python3.12/site-packages/airflow/example_dags/example_trigger_controller_dag.py took 0.152 seconds
[2026-05-10T17:14:29.644+0000] {processor.py:161} INFO - Started process (PID=39150) to work on /home/airflow/.local/lib/python3.12/site-packages/airflow/example_dags/example_trigger_controller_dag.py
[2026-05-10T17:14:29.646+0000] {processor.py:830} INFO - Processing file /home/airflow/.local/lib/python3.12/site-packages/airflow/example_dags/example_trigger_controller_dag.py for tasks to queue
[2026-05-10T17:14:29.647+0000] {logging_mixin.py:188} INFO - [2026-05-10T17:14:29.647+0000] {dagbag.py:545} INFO - Filling up the DagBag from /home/airflow/.local/lib/python3.12/site-packages/airflow/example_dags/example_trigger_controller_dag.py
[2026-05-10T17:14:29.656+0000] {processor.py:840} INFO - DAG(s) 'example_trigger_controller_dag' retrieved from /home/airflow/.local/lib/python3.12/site-packages/airflow/example_dags/example_trigger_controller_dag.py
[2026-05-10T17:14:29.688+0000] {logging_mixin.py:188} INFO - [2026-05-10T17:14:29.688+0000] {dag.py:3089} INFO - Sync 1 DAGs
[2026-05-10T17:14:29.717+0000] {logging_mixin.py:188} INFO - [2026-05-10T17:14:29.717+0000] {dag.py:3947} INFO - Setting next_dagrun for example_trigger_controller_dag to 2021-01-01 00:00:00+00:00, run_after=2021-01-01 00:00:00+00:00
[2026-05-10T17:14:29.778+0000] {processor.py:183} INFO - Processing /home/airflow/.local/lib/python3.12/site-packages/airflow/example_dags/example_trigger_controller_dag.py took 0.144 seconds
[2026-05-10T17:14:59.957+0000] {processor.py:161} INFO - Started process (PID=39218) to work on /home/airflow/.local/lib/python3.12/site-packages/airflow/example_dags/example_trigger_controller_dag.py
[2026-05-10T17:14:59.959+0000] {processor.py:830} INFO - Processing file /home/airflow/.local/lib/python3.12/site-packages/airflow/example_dags/example_trigger_controller_dag.py for tasks to queue
[2026-05-10T17:14:59.961+0000] {logging_mixin.py:188} INFO - [2026-05-10T17:14:59.961+0000] {dagbag.py:545} INFO - Filling up the DagBag from /home/airflow/.local/lib/python3.12/site-packages/airflow/example_dags/example_trigger_controller_dag.py
[2026-05-10T17:14:59.972+0000] {processor.py:840} INFO - DAG(s) 'example_trigger_controller_dag' retrieved from /home/airflow/.local/lib/python3.12/site-packages/airflow/example_dags/example_trigger_controller_dag.py
[2026-05-10T17:15:00.014+0000] {logging_mixin.py:188} INFO - [2026-05-10T17:15:00.013+0000] {dag.py:3089} INFO - Sync 1 DAGs
[2026-05-10T17:15:00.059+0000] {logging_mixin.py:188} INFO - [2026-05-10T17:15:00.059+0000] {dag.py:3947} INFO - Setting next_dagrun for example_trigger_controller_dag to 2021-01-01 00:00:00+00:00, run_after=2021-01-01 00:00:00+00:00
[2026-05-10T17:15:00.126+0000] {processor.py:183} INFO - Processing /home/airflow/.local/lib/python3.12/site-packages/airflow/example_dags/example_trigger_controller_dag.py took 0.183 seconds
[2026-05-10T17:15:31.110+0000] {processor.py:161} INFO - Started process (PID=39285) to work on /home/airflow/.local/lib/python3.12/site-packages/airflow/example_dags/example_trigger_controller_dag.py
[2026-05-10T17:15:31.112+0000] {processor.py:830} INFO - Processing file /home/airflow/.local/lib/python3.12/site-packages/airflow/example_dags/example_trigger_controller_dag.py for tasks to queue
[2026-05-10T17:15:31.114+0000] {logging_mixin.py:188} INFO - [2026-05-10T17:15:31.114+0000] {dagbag.py:545} INFO - Filling up the DagBag from /home/airflow/.local/lib/python3.12/site-packages/airflow/example_dags/example_trigger_controller_dag.py
[2026-05-10T17:15:31.124+0000] {processor.py:840} INFO - DAG(s) 'example_trigger_controller_dag' retrieved from /home/airflow/.local/lib/python3.12/site-packages/airflow/example_dags/example_trigger_controller_dag.py
[2026-05-10T17:15:31.158+0000] {logging_mixin.py:188} INFO - [2026-05-10T17:15:31.158+0000] {dag.py:3089} INFO - Sync 1 DAGs
[2026-05-10T17:15:31.190+0000] {logging_mixin.py:188} INFO - [2026-05-10T17:15:31.190+0000] {dag.py:3947} INFO - Setting next_dagrun for example_trigger_controller_dag to 2021-01-01 00:00:00+00:00, run_after=2021-01-01 00:00:00+00:00
[2026-05-10T17:15:31.250+0000] {processor.py:183} INFO - Processing /home/airflow/.local/lib/python3.12/site-packages/airflow/example_dags/example_trigger_controller_dag.py took 0.148 seconds
[2026-05-10T17:16:01.570+0000] {processor.py:161} INFO - Started process (PID=39353) to work on /home/airflow/.local/lib/python3.12/site-packages/airflow/example_dags/example_trigger_controller_dag.py
[2026-05-10T17:16:01.572+0000] {processor.py:830} INFO - Processing file /home/airflow/.local/lib/python3.12/site-packages/airflow/example_dags/example_trigger_controller_dag.py for tasks to queue
[2026-05-10T17:16:01.574+0000] {logging_mixin.py:188} INFO - [2026-05-10T17:16:01.574+0000] {dagbag.py:545} INFO - Filling up the DagBag from /home/airflow/.local/lib/python3.12/site-packages/airflow/example_dags/example_trigger_controller_dag.py
[2026-05-10T17:16:01.585+0000] {processor.py:840} INFO - DAG(s) 'example_trigger_controller_dag' retrieved from /home/airflow/.local/lib/python3.12/site-packages/airflow/example_dags/example_trigger_controller_dag.py
[2026-05-10T17:16:01.625+0000] {logging_mixin.py:188} INFO - [2026-05-10T17:16:01.624+0000] {dag.py:3089} INFO - Sync 1 DAGs
[2026-05-10T17:16:01.656+0000] {logging_mixin.py:188} INFO - [2026-05-10T17:16:01.655+0000] {dag.py:3947} INFO - Setting next_dagrun for example_trigger_controller_dag to 2021-01-01 00:00:00+00:00, run_after=2021-01-01 00:00:00+00:00
[2026-05-10T17:16:01.711+0000] {processor.py:183} INFO - Processing /home/airflow/.local/lib/python3.12/site-packages/airflow/example_dags/example_trigger_controller_dag.py took 0.151 seconds
[2026-05-10T17:16:32.008+0000] {processor.py:161} INFO - Started process (PID=39421) to work on /home/airflow/.local/lib/python3.12/site-packages/airflow/example_dags/example_trigger_controller_dag.py
[2026-05-10T17:16:32.010+0000] {processor.py:830} INFO - Processing file /home/airflow/.local/lib/python3.12/site-packages/airflow/example_dags/example_trigger_controller_dag.py for tasks to queue
[2026-05-10T17:16:32.012+0000] {logging_mixin.py:188} INFO - [2026-05-10T17:16:32.011+0000] {dagbag.py:545} INFO - Filling up the DagBag from /home/airflow/.local/lib/python3.12/site-packages/airflow/example_dags/example_trigger_controller_dag.py
[2026-05-10T17:16:32.021+0000] {processor.py:840} INFO - DAG(s) 'example_trigger_controller_dag' retrieved from /home/airflow/.local/lib/python3.12/site-packages/airflow/example_dags/example_trigger_controller_dag.py
[2026-05-10T17:16:32.054+0000] {logging_mixin.py:188} INFO - [2026-05-10T17:16:32.054+0000] {dag.py:3089} INFO - Sync 1 DAGs
[2026-05-10T17:16:32.081+0000] {logging_mixin.py:188} INFO - [2026-05-10T17:16:32.081+0000] {dag.py:3947} INFO - Setting next_dagrun for example_trigger_controller_dag to 2021-01-01 00:00:00+00:00, run_after=2021-01-01 00:00:00+00:00
[2026-05-10T17:16:32.142+0000] {processor.py:183} INFO - Processing /home/airflow/.local/lib/python3.12/site-packages/airflow/example_dags/example_trigger_controller_dag.py took 0.144 seconds
[2026-05-10T17:17:02.318+0000] {processor.py:161} INFO - Started process (PID=39495) to work on /home/airflow/.local/lib/python3.12/site-packages/airflow/example_dags/example_trigger_controller_dag.py
[2026-05-10T17:17:02.320+0000] {processor.py:830} INFO - Processing file /home/airflow/.local/lib/python3.12/site-packages/airflow/example_dags/example_trigger_controller_dag.py for tasks to queue
[2026-05-10T17:17:02.321+0000] {logging_mixin.py:188} INFO - [2026-05-10T17:17:02.321+0000] {dagbag.py:545} INFO - Filling up the DagBag from /home/airflow/.local/lib/python3.12/site-packages/airflow/example_dags/example_trigger_controller_dag.py
[2026-05-10T17:17:02.330+0000] {processor.py:840} INFO - DAG(s) 'example_trigger_controller_dag' retrieved from /home/airflow/.local/lib/python3.12/site-packages/airflow/example_dags/example_trigger_controller_dag.py
[2026-05-10T17:17:02.363+0000] {logging_mixin.py:188} INFO - [2026-05-10T17:17:02.363+0000] {dag.py:3089} INFO - Sync 1 DAGs
[2026-05-10T17:17:02.395+0000] {logging_mixin.py:188} INFO - [2026-05-10T17:17:02.394+0000] {dag.py:3947} INFO - Setting next_dagrun for example_trigger_controller_dag to 2021-01-01 00:00:00+00:00, run_after=2021-01-01 00:00:00+00:00
[2026-05-10T17:17:02.429+0000] {processor.py:183} INFO - Processing /home/airflow/.local/lib/python3.12/site-packages/airflow/example_dags/example_trigger_controller_dag.py took 0.121 seconds
[2026-05-10T17:17:33.301+0000] {processor.py:161} INFO - Started process (PID=39563) to work on /home/airflow/.local/lib/python3.12/site-packages/airflow/example_dags/example_trigger_controller_dag.py
[2026-05-10T17:17:33.305+0000] {processor.py:830} INFO - Processing file /home/airflow/.local/lib/python3.12/site-packages/airflow/example_dags/example_trigger_controller_dag.py for tasks to queue
[2026-05-10T17:17:33.310+0000] {logging_mixin.py:188} INFO - [2026-05-10T17:17:33.309+0000] {dagbag.py:545} INFO - Filling up the DagBag from /home/airflow/.local/lib/python3.12/site-packages/airflow/example_dags/example_trigger_controller_dag.py
[2026-05-10T17:17:33.323+0000] {processor.py:840} INFO - DAG(s) 'example_trigger_controller_dag' retrieved from /home/airflow/.local/lib/python3.12/site-packages/airflow/example_dags/example_trigger_controller_dag.py
[2026-05-10T17:17:33.360+0000] {logging_mixin.py:188} INFO - [2026-05-10T17:17:33.360+0000] {dag.py:3089} INFO - Sync 1 DAGs
[2026-05-10T17:17:33.393+0000] {logging_mixin.py:188} INFO - [2026-05-10T17:17:33.393+0000] {dag.py:3947} INFO - Setting next_dagrun for example_trigger_controller_dag to 2021-01-01 00:00:00+00:00, run_after=2021-01-01 00:00:00+00:00
[2026-05-10T17:17:33.455+0000] {processor.py:183} INFO - Processing /home/airflow/.local/lib/python3.12/site-packages/airflow/example_dags/example_trigger_controller_dag.py took 0.164 seconds
[2026-05-10T17:18:03.986+0000] {processor.py:161} INFO - Started process (PID=39631) to work on /home/airflow/.local/lib/python3.12/site-packages/airflow/example_dags/example_trigger_controller_dag.py
[2026-05-10T17:18:03.989+0000] {processor.py:830} INFO - Processing file /home/airflow/.local/lib/python3.12/site-packages/airflow/example_dags/example_trigger_controller_dag.py for tasks to queue
[2026-05-10T17:18:03.991+0000] {logging_mixin.py:188} INFO - [2026-05-10T17:18:03.991+0000] {dagbag.py:545} INFO - Filling up the DagBag from /home/airflow/.local/lib/python3.12/site-packages/airflow/example_dags/example_trigger_controller_dag.py
[2026-05-10T17:18:04.004+0000] {processor.py:840} INFO - DAG(s) 'example_trigger_controller_dag' retrieved from /home/airflow/.local/lib/python3.12/site-packages/airflow/example_dags/example_trigger_controller_dag.py
[2026-05-10T17:18:04.040+0000] {logging_mixin.py:188} INFO - [2026-05-10T17:18:04.040+0000] {dag.py:3089} INFO - Sync 1 DAGs
[2026-05-10T17:18:04.073+0000] {logging_mixin.py:188} INFO - [2026-05-10T17:18:04.073+0000] {dag.py:3947} INFO - Setting next_dagrun for example_trigger_controller_dag to 2021-01-01 00:00:00+00:00, run_after=2021-01-01 00:00:00+00:00
[2026-05-10T17:18:04.239+0000] {processor.py:183} INFO - Processing /home/airflow/.local/lib/python3.12/site-packages/airflow/example_dags/example_trigger_controller_dag.py took 0.263 seconds
[2026-05-10T17:18:34.625+0000] {processor.py:161} INFO - Started process (PID=39699) to work on /home/airflow/.local/lib/python3.12/site-packages/airflow/example_dags/example_trigger_controller_dag.py
[2026-05-10T17:18:34.627+0000] {processor.py:830} INFO - Processing file /home/airflow/.local/lib/python3.12/site-packages/airflow/example_dags/example_trigger_controller_dag.py for tasks to queue
[2026-05-10T17:18:34.629+0000] {logging_mixin.py:188} INFO - [2026-05-10T17:18:34.629+0000] {dagbag.py:545} INFO - Filling up the DagBag from /home/airflow/.local/lib/python3.12/site-packages/airflow/example_dags/example_trigger_controller_dag.py
[2026-05-10T17:18:34.638+0000] {processor.py:840} INFO - DAG(s) 'example_trigger_controller_dag' retrieved from /home/airflow/.local/lib/python3.12/site-packages/airflow/example_dags/example_trigger_controller_dag.py
[2026-05-10T17:18:34.674+0000] {logging_mixin.py:188} INFO - [2026-05-10T17:18:34.673+0000] {dag.py:3089} INFO - Sync 1 DAGs
[2026-05-10T17:18:34.704+0000] {logging_mixin.py:188} INFO - [2026-05-10T17:18:34.703+0000] {dag.py:3947} INFO - Setting next_dagrun for example_trigger_controller_dag to 2021-01-01 00:00:00+00:00, run_after=2021-01-01 00:00:00+00:00
[2026-05-10T17:18:34.733+0000] {processor.py:183} INFO - Processing /home/airflow/.local/lib/python3.12/site-packages/airflow/example_dags/example_trigger_controller_dag.py took 0.117 seconds
[2026-05-10T17:19:05.090+0000] {processor.py:161} INFO - Started process (PID=39774) to work on /home/airflow/.local/lib/python3.12/site-packages/airflow/example_dags/example_trigger_controller_dag.py
[2026-05-10T17:19:05.092+0000] {processor.py:830} INFO - Processing file /home/airflow/.local/lib/python3.12/site-packages/airflow/example_dags/example_trigger_controller_dag.py for tasks to queue
[2026-05-10T17:19:05.094+0000] {logging_mixin.py:188} INFO - [2026-05-10T17:19:05.093+0000] {dagbag.py:545} INFO - Filling up the DagBag from /home/airflow/.local/lib/python3.12/site-packages/airflow/example_dags/example_trigger_controller_dag.py
[2026-05-10T17:19:05.102+0000] {processor.py:840} INFO - DAG(s) 'example_trigger_controller_dag' retrieved from /home/airflow/.local/lib/python3.12/site-packages/airflow/example_dags/example_trigger_controller_dag.py
[2026-05-10T17:19:05.131+0000] {logging_mixin.py:188} INFO - [2026-05-10T17:19:05.130+0000] {dag.py:3089} INFO - Sync 1 DAGs
[2026-05-10T17:19:05.162+0000] {logging_mixin.py:188} INFO - [2026-05-10T17:19:05.161+0000] {dag.py:3947} INFO - Setting next_dagrun for example_trigger_controller_dag to 2021-01-01 00:00:00+00:00, run_after=2021-01-01 00:00:00+00:00
[2026-05-10T17:19:05.219+0000] {processor.py:183} INFO - Processing /home/airflow/.local/lib/python3.12/site-packages/airflow/example_dags/example_trigger_controller_dag.py took 0.137 seconds
[2026-05-10T17:19:35.704+0000] {processor.py:161} INFO - Started process (PID=39842) to work on /home/airflow/.local/lib/python3.12/site-packages/airflow/example_dags/example_trigger_controller_dag.py
[2026-05-10T17:19:35.705+0000] {processor.py:830} INFO - Processing file /home/airflow/.local/lib/python3.12/site-packages/airflow/example_dags/example_trigger_controller_dag.py for tasks to queue
[2026-05-10T17:19:35.706+0000] {logging_mixin.py:188} INFO - [2026-05-10T17:19:35.706+0000] {dagbag.py:545} INFO - Filling up the DagBag from /home/airflow/.local/lib/python3.12/site-packages/airflow/example_dags/example_trigger_controller_dag.py
[2026-05-10T17:19:35.712+0000] {processor.py:840} INFO - DAG(s) 'example_trigger_controller_dag' retrieved from /home/airflow/.local/lib/python3.12/site-packages/airflow/example_dags/example_trigger_controller_dag.py
[2026-05-10T17:19:35.732+0000] {logging_mixin.py:188} INFO - [2026-05-10T17:19:35.731+0000] {dag.py:3089} INFO - Sync 1 DAGs
[2026-05-10T17:19:35.754+0000] {logging_mixin.py:188} INFO - [2026-05-10T17:19:35.754+0000] {dag.py:3947} INFO - Setting next_dagrun for example_trigger_controller_dag to 2021-01-01 00:00:00+00:00, run_after=2021-01-01 00:00:00+00:00
[2026-05-10T17:19:35.780+0000] {processor.py:183} INFO - Processing /home/airflow/.local/lib/python3.12/site-packages/airflow/example_dags/example_trigger_controller_dag.py took 0.083 seconds
[2026-05-10T17:20:06.640+0000] {processor.py:161} INFO - Started process (PID=39910) to work on /home/airflow/.local/lib/python3.12/site-packages/airflow/example_dags/example_trigger_controller_dag.py
[2026-05-10T17:20:06.642+0000] {processor.py:830} INFO - Processing file /home/airflow/.local/lib/python3.12/site-packages/airflow/example_dags/example_trigger_controller_dag.py for tasks to queue
[2026-05-10T17:20:06.643+0000] {logging_mixin.py:188} INFO - [2026-05-10T17:20:06.643+0000] {dagbag.py:545} INFO - Filling up the DagBag from /home/airflow/.local/lib/python3.12/site-packages/airflow/example_dags/example_trigger_controller_dag.py
[2026-05-10T17:20:06.650+0000] {processor.py:840} INFO - DAG(s) 'example_trigger_controller_dag' retrieved from /home/airflow/.local/lib/python3.12/site-packages/airflow/example_dags/example_trigger_controller_dag.py
[2026-05-10T17:20:06.671+0000] {logging_mixin.py:188} INFO - [2026-05-10T17:20:06.671+0000] {dag.py:3089} INFO - Sync 1 DAGs
[2026-05-10T17:20:06.694+0000] {logging_mixin.py:188} INFO - [2026-05-10T17:20:06.694+0000] {dag.py:3947} INFO - Setting next_dagrun for example_trigger_controller_dag to 2021-01-01 00:00:00+00:00, run_after=2021-01-01 00:00:00+00:00
[2026-05-10T17:20:06.718+0000] {processor.py:183} INFO - Processing /home/airflow/.local/lib/python3.12/site-packages/airflow/example_dags/example_trigger_controller_dag.py took 0.084 seconds
[2026-05-10T17:20:37.158+0000] {processor.py:161} INFO - Started process (PID=39986) to work on /home/airflow/.local/lib/python3.12/site-packages/airflow/example_dags/example_trigger_controller_dag.py
[2026-05-10T17:20:37.160+0000] {processor.py:830} INFO - Processing file /home/airflow/.local/lib/python3.12/site-packages/airflow/example_dags/example_trigger_controller_dag.py for tasks to queue
[2026-05-10T17:20:37.162+0000] {logging_mixin.py:188} INFO - [2026-05-10T17:20:37.161+0000] {dagbag.py:545} INFO - Filling up the DagBag from /home/airflow/.local/lib/python3.12/site-packages/airflow/example_dags/example_trigger_controller_dag.py
[2026-05-10T17:20:37.170+0000] {processor.py:840} INFO - DAG(s) 'example_trigger_controller_dag' retrieved from /home/airflow/.local/lib/python3.12/site-packages/airflow/example_dags/example_trigger_controller_dag.py
[2026-05-10T17:20:37.213+0000] {logging_mixin.py:188} INFO - [2026-05-10T17:20:37.211+0000] {dag.py:3089} INFO - Sync 1 DAGs
[2026-05-10T17:20:37.243+0000] {logging_mixin.py:188} INFO - [2026-05-10T17:20:37.243+0000] {dag.py:3947} INFO - Setting next_dagrun for example_trigger_controller_dag to 2021-01-01 00:00:00+00:00, run_after=2021-01-01 00:00:00+00:00
[2026-05-10T17:20:37.273+0000] {processor.py:183} INFO - Processing /home/airflow/.local/lib/python3.12/site-packages/airflow/example_dags/example_trigger_controller_dag.py took 0.125 seconds
[2026-05-10T17:21:07.791+0000] {processor.py:161} INFO - Started process (PID=40054) to work on /home/airflow/.local/lib/python3.12/site-packages/airflow/example_dags/example_trigger_controller_dag.py
[2026-05-10T17:21:07.794+0000] {processor.py:830} INFO - Processing file /home/airflow/.local/lib/python3.12/site-packages/airflow/example_dags/example_trigger_controller_dag.py for tasks to queue
[2026-05-10T17:21:07.796+0000] {logging_mixin.py:188} INFO - [2026-05-10T17:21:07.795+0000] {dagbag.py:545} INFO - Filling up the DagBag from /home/airflow/.local/lib/python3.12/site-packages/airflow/example_dags/example_trigger_controller_dag.py
[2026-05-10T17:21:07.808+0000] {processor.py:840} INFO - DAG(s) 'example_trigger_controller_dag' retrieved from /home/airflow/.local/lib/python3.12/site-packages/airflow/example_dags/example_trigger_controller_dag.py
[2026-05-10T17:21:07.861+0000] {logging_mixin.py:188} INFO - [2026-05-10T17:21:07.860+0000] {dag.py:3089} INFO - Sync 1 DAGs
[2026-05-10T17:21:07.904+0000] {logging_mixin.py:188} INFO - [2026-05-10T17:21:07.903+0000] {dag.py:3947} INFO - Setting next_dagrun for example_trigger_controller_dag to 2021-01-01 00:00:00+00:00, run_after=2021-01-01 00:00:00+00:00
[2026-05-10T17:21:07.941+0000] {processor.py:183} INFO - Processing /home/airflow/.local/lib/python3.12/site-packages/airflow/example_dags/example_trigger_controller_dag.py took 0.161 seconds
[2026-05-10T17:21:38.207+0000] {processor.py:161} INFO - Started process (PID=40122) to work on /home/airflow/.local/lib/python3.12/site-packages/airflow/example_dags/example_trigger_controller_dag.py
[2026-05-10T17:21:38.208+0000] {processor.py:830} INFO - Processing file /home/airflow/.local/lib/python3.12/site-packages/airflow/example_dags/example_trigger_controller_dag.py for tasks to queue
[2026-05-10T17:21:38.209+0000] {logging_mixin.py:188} INFO - [2026-05-10T17:21:38.209+0000] {dagbag.py:545} INFO - Filling up the DagBag from /home/airflow/.local/lib/python3.12/site-packages/airflow/example_dags/example_trigger_controller_dag.py
[2026-05-10T17:21:38.213+0000] {processor.py:840} INFO - DAG(s) 'example_trigger_controller_dag' retrieved from /home/airflow/.local/lib/python3.12/site-packages/airflow/example_dags/example_trigger_controller_dag.py
[2026-05-10T17:21:38.233+0000] {logging_mixin.py:188} INFO - [2026-05-10T17:21:38.233+0000] {dag.py:3089} INFO - Sync 1 DAGs
[2026-05-10T17:21:38.257+0000] {logging_mixin.py:188} INFO - [2026-05-10T17:21:38.256+0000] {dag.py:3947} INFO - Setting next_dagrun for example_trigger_controller_dag to 2021-01-01 00:00:00+00:00, run_after=2021-01-01 00:00:00+00:00
[2026-05-10T17:21:38.278+0000] {processor.py:183} INFO - Processing /home/airflow/.local/lib/python3.12/site-packages/airflow/example_dags/example_trigger_controller_dag.py took 0.082 seconds
[2026-05-10T17:22:08.577+0000] {processor.py:161} INFO - Started process (PID=40197) to work on /home/airflow/.local/lib/python3.12/site-packages/airflow/example_dags/example_trigger_controller_dag.py
[2026-05-10T17:22:08.579+0000] {processor.py:830} INFO - Processing file /home/airflow/.local/lib/python3.12/site-packages/airflow/example_dags/example_trigger_controller_dag.py for tasks to queue
[2026-05-10T17:22:08.581+0000] {logging_mixin.py:188} INFO - [2026-05-10T17:22:08.580+0000] {dagbag.py:545} INFO - Filling up the DagBag from /home/airflow/.local/lib/python3.12/site-packages/airflow/example_dags/example_trigger_controller_dag.py
[2026-05-10T17:22:08.595+0000] {processor.py:840} INFO - DAG(s) 'example_trigger_controller_dag' retrieved from /home/airflow/.local/lib/python3.12/site-packages/airflow/example_dags/example_trigger_controller_dag.py
[2026-05-10T17:22:08.647+0000] {logging_mixin.py:188} INFO - [2026-05-10T17:22:08.646+0000] {dag.py:3089} INFO - Sync 1 DAGs
[2026-05-10T17:22:08.674+0000] {logging_mixin.py:188} INFO - [2026-05-10T17:22:08.673+0000] {dag.py:3947} INFO - Setting next_dagrun for example_trigger_controller_dag to 2021-01-01 00:00:00+00:00, run_after=2021-01-01 00:00:00+00:00
[2026-05-10T17:22:08.708+0000] {processor.py:183} INFO - Processing /home/airflow/.local/lib/python3.12/site-packages/airflow/example_dags/example_trigger_controller_dag.py took 0.144 seconds
[2026-05-10T17:22:38.872+0000] {processor.py:161} INFO - Started process (PID=40265) to work on /home/airflow/.local/lib/python3.12/site-packages/airflow/example_dags/example_trigger_controller_dag.py
[2026-05-10T17:22:38.873+0000] {processor.py:830} INFO - Processing file /home/airflow/.local/lib/python3.12/site-packages/airflow/example_dags/example_trigger_controller_dag.py for tasks to queue
[2026-05-10T17:22:38.875+0000] {logging_mixin.py:188} INFO - [2026-05-10T17:22:38.874+0000] {dagbag.py:545} INFO - Filling up the DagBag from /home/airflow/.local/lib/python3.12/site-packages/airflow/example_dags/example_trigger_controller_dag.py
[2026-05-10T17:22:38.883+0000] {processor.py:840} INFO - DAG(s) 'example_trigger_controller_dag' retrieved from /home/airflow/.local/lib/python3.12/site-packages/airflow/example_dags/example_trigger_controller_dag.py
[2026-05-10T17:22:38.917+0000] {logging_mixin.py:188} INFO - [2026-05-10T17:22:38.917+0000] {dag.py:3089} INFO - Sync 1 DAGs
[2026-05-10T17:22:38.946+0000] {logging_mixin.py:188} INFO - [2026-05-10T17:22:38.946+0000] {dag.py:3947} INFO - Setting next_dagrun for example_trigger_controller_dag to 2021-01-01 00:00:00+00:00, run_after=2021-01-01 00:00:00+00:00
[2026-05-10T17:22:38.980+0000] {processor.py:183} INFO - Processing /home/airflow/.local/lib/python3.12/site-packages/airflow/example_dags/example_trigger_controller_dag.py took 0.116 seconds
[2026-05-10T17:23:09.078+0000] {processor.py:161} INFO - Started process (PID=40340) to work on /home/airflow/.local/lib/python3.12/site-packages/airflow/example_dags/example_trigger_controller_dag.py
[2026-05-10T17:23:09.079+0000] {processor.py:830} INFO - Processing file /home/airflow/.local/lib/python3.12/site-packages/airflow/example_dags/example_trigger_controller_dag.py for tasks to queue
[2026-05-10T17:23:09.080+0000] {logging_mixin.py:188} INFO - [2026-05-10T17:23:09.080+0000] {dagbag.py:545} INFO - Filling up the DagBag from /home/airflow/.local/lib/python3.12/site-packages/airflow/example_dags/example_trigger_controller_dag.py
[2026-05-10T17:23:09.086+0000] {processor.py:840} INFO - DAG(s) 'example_trigger_controller_dag' retrieved from /home/airflow/.local/lib/python3.12/site-packages/airflow/example_dags/example_trigger_controller_dag.py
[2026-05-10T17:23:09.105+0000] {logging_mixin.py:188} INFO - [2026-05-10T17:23:09.105+0000] {dag.py:3089} INFO - Sync 1 DAGs
[2026-05-10T17:23:09.121+0000] {logging_mixin.py:188} INFO - [2026-05-10T17:23:09.121+0000] {dag.py:3947} INFO - Setting next_dagrun for example_trigger_controller_dag to 2021-01-01 00:00:00+00:00, run_after=2021-01-01 00:00:00+00:00
[2026-05-10T17:23:09.143+0000] {processor.py:183} INFO - Processing /home/airflow/.local/lib/python3.12/site-packages/airflow/example_dags/example_trigger_controller_dag.py took 0.071 seconds
[2026-05-10T17:23:40.247+0000] {processor.py:161} INFO - Started process (PID=40408) to work on /home/airflow/.local/lib/python3.12/site-packages/airflow/example_dags/example_trigger_controller_dag.py
[2026-05-10T17:23:40.248+0000] {processor.py:830} INFO - Processing file /home/airflow/.local/lib/python3.12/site-packages/airflow/example_dags/example_trigger_controller_dag.py for tasks to queue
[2026-05-10T17:23:40.249+0000] {logging_mixin.py:188} INFO - [2026-05-10T17:23:40.249+0000] {dagbag.py:545} INFO - Filling up the DagBag from /home/airflow/.local/lib/python3.12/site-packages/airflow/example_dags/example_trigger_controller_dag.py
[2026-05-10T17:23:40.253+0000] {processor.py:840} INFO - DAG(s) 'example_trigger_controller_dag' retrieved from /home/airflow/.local/lib/python3.12/site-packages/airflow/example_dags/example_trigger_controller_dag.py
[2026-05-10T17:23:40.276+0000] {logging_mixin.py:188} INFO - [2026-05-10T17:23:40.275+0000] {dag.py:3089} INFO - Sync 1 DAGs
[2026-05-10T17:23:40.294+0000] {logging_mixin.py:188} INFO - [2026-05-10T17:23:40.294+0000] {dag.py:3947} INFO - Setting next_dagrun for example_trigger_controller_dag to 2021-01-01 00:00:00+00:00, run_after=2021-01-01 00:00:00+00:00
[2026-05-10T17:23:40.320+0000] {processor.py:183} INFO - Processing /home/airflow/.local/lib/python3.12/site-packages/airflow/example_dags/example_trigger_controller_dag.py took 0.079 seconds
[2026-05-10T17:24:10.901+0000] {processor.py:161} INFO - Started process (PID=40476) to work on /home/airflow/.local/lib/python3.12/site-packages/airflow/example_dags/example_trigger_controller_dag.py
[2026-05-10T17:24:10.902+0000] {processor.py:830} INFO - Processing file /home/airflow/.local/lib/python3.12/site-packages/airflow/example_dags/example_trigger_controller_dag.py for tasks to queue
[2026-05-10T17:24:10.903+0000] {logging_mixin.py:188} INFO - [2026-05-10T17:24:10.903+0000] {dagbag.py:545} INFO - Filling up the DagBag from /home/airflow/.local/lib/python3.12/site-packages/airflow/example_dags/example_trigger_controller_dag.py
[2026-05-10T17:24:10.907+0000] {processor.py:840} INFO - DAG(s) 'example_trigger_controller_dag' retrieved from /home/airflow/.local/lib/python3.12/site-packages/airflow/example_dags/example_trigger_controller_dag.py
[2026-05-10T17:24:10.924+0000] {logging_mixin.py:188} INFO - [2026-05-10T17:24:10.924+0000] {dag.py:3089} INFO - Sync 1 DAGs
[2026-05-10T17:24:10.942+0000] {logging_mixin.py:188} INFO - [2026-05-10T17:24:10.942+0000] {dag.py:3947} INFO - Setting next_dagrun for example_trigger_controller_dag to 2021-01-01 00:00:00+00:00, run_after=2021-01-01 00:00:00+00:00
[2026-05-10T17:24:10.963+0000] {processor.py:183} INFO - Processing /home/airflow/.local/lib/python3.12/site-packages/airflow/example_dags/example_trigger_controller_dag.py took 0.067 seconds
[2026-05-10T17:24:41.745+0000] {processor.py:161} INFO - Started process (PID=40551) to work on /home/airflow/.local/lib/python3.12/site-packages/airflow/example_dags/example_trigger_controller_dag.py
[2026-05-10T17:24:41.746+0000] {processor.py:830} INFO - Processing file /home/airflow/.local/lib/python3.12/site-packages/airflow/example_dags/example_trigger_controller_dag.py for tasks to queue
[2026-05-10T17:24:41.748+0000] {logging_mixin.py:188} INFO - [2026-05-10T17:24:41.747+0000] {dagbag.py:545} INFO - Filling up the DagBag from /home/airflow/.local/lib/python3.12/site-packages/airflow/example_dags/example_trigger_controller_dag.py
[2026-05-10T17:24:41.753+0000] {processor.py:840} INFO - DAG(s) 'example_trigger_controller_dag' retrieved from /home/airflow/.local/lib/python3.12/site-packages/airflow/example_dags/example_trigger_controller_dag.py
[2026-05-10T17:24:41.777+0000] {logging_mixin.py:188} INFO - [2026-05-10T17:24:41.777+0000] {dag.py:3089} INFO - Sync 1 DAGs
[2026-05-10T17:24:41.801+0000] {logging_mixin.py:188} INFO - [2026-05-10T17:24:41.800+0000] {dag.py:3947} INFO - Setting next_dagrun for example_trigger_controller_dag to 2021-01-01 00:00:00+00:00, run_after=2021-01-01 00:00:00+00:00
[2026-05-10T17:24:41.824+0000] {processor.py:183} INFO - Processing /home/airflow/.local/lib/python3.12/site-packages/airflow/example_dags/example_trigger_controller_dag.py took 0.087 seconds
[2026-05-10T17:25:11.978+0000] {processor.py:161} INFO - Started process (PID=40619) to work on /home/airflow/.local/lib/python3.12/site-packages/airflow/example_dags/example_trigger_controller_dag.py
[2026-05-10T17:25:11.979+0000] {processor.py:830} INFO - Processing file /home/airflow/.local/lib/python3.12/site-packages/airflow/example_dags/example_trigger_controller_dag.py for tasks to queue
[2026-05-10T17:25:11.980+0000] {logging_mixin.py:188} INFO - [2026-05-10T17:25:11.980+0000] {dagbag.py:545} INFO - Filling up the DagBag from /home/airflow/.local/lib/python3.12/site-packages/airflow/example_dags/example_trigger_controller_dag.py
[2026-05-10T17:25:11.985+0000] {processor.py:840} INFO - DAG(s) 'example_trigger_controller_dag' retrieved from /home/airflow/.local/lib/python3.12/site-packages/airflow/example_dags/example_trigger_controller_dag.py
[2026-05-10T17:25:12.008+0000] {logging_mixin.py:188} INFO - [2026-05-10T17:25:12.007+0000] {dag.py:3089} INFO - Sync 1 DAGs
[2026-05-10T17:25:12.024+0000] {logging_mixin.py:188} INFO - [2026-05-10T17:25:12.024+0000] {dag.py:3947} INFO - Setting next_dagrun for example_trigger_controller_dag to 2021-01-01 00:00:00+00:00, run_after=2021-01-01 00:00:00+00:00
[2026-05-10T17:25:12.047+0000] {processor.py:183} INFO - Processing /home/airflow/.local/lib/python3.12/site-packages/airflow/example_dags/example_trigger_controller_dag.py took 0.075 seconds
[2026-05-10T17:25:42.553+0000] {processor.py:161} INFO - Started process (PID=40694) to work on /home/airflow/.local/lib/python3.12/site-packages/airflow/example_dags/example_trigger_controller_dag.py
[2026-05-10T17:25:42.554+0000] {processor.py:830} INFO - Processing file /home/airflow/.local/lib/python3.12/site-packages/airflow/example_dags/example_trigger_controller_dag.py for tasks to queue
[2026-05-10T17:25:42.555+0000] {logging_mixin.py:188} INFO - [2026-05-10T17:25:42.555+0000] {dagbag.py:545} INFO - Filling up the DagBag from /home/airflow/.local/lib/python3.12/site-packages/airflow/example_dags/example_trigger_controller_dag.py
[2026-05-10T17:25:42.560+0000] {processor.py:840} INFO - DAG(s) 'example_trigger_controller_dag' retrieved from /home/airflow/.local/lib/python3.12/site-packages/airflow/example_dags/example_trigger_controller_dag.py
[2026-05-10T17:25:42.582+0000] {logging_mixin.py:188} INFO - [2026-05-10T17:25:42.582+0000] {dag.py:3089} INFO - Sync 1 DAGs
[2026-05-10T17:25:42.604+0000] {logging_mixin.py:188} INFO - [2026-05-10T17:25:42.604+0000] {dag.py:3947} INFO - Setting next_dagrun for example_trigger_controller_dag to 2021-01-01 00:00:00+00:00, run_after=2021-01-01 00:00:00+00:00
[2026-05-10T17:25:42.626+0000] {processor.py:183} INFO - Processing /home/airflow/.local/lib/python3.12/site-packages/airflow/example_dags/example_trigger_controller_dag.py took 0.078 seconds
[2026-05-10T17:26:13.076+0000] {processor.py:161} INFO - Started process (PID=40761) to work on /home/airflow/.local/lib/python3.12/site-packages/airflow/example_dags/example_trigger_controller_dag.py
[2026-05-10T17:26:13.077+0000] {processor.py:830} INFO - Processing file /home/airflow/.local/lib/python3.12/site-packages/airflow/example_dags/example_trigger_controller_dag.py for tasks to queue
[2026-05-10T17:26:13.079+0000] {logging_mixin.py:188} INFO - [2026-05-10T17:26:13.079+0000] {dagbag.py:545} INFO - Filling up the DagBag from /home/airflow/.local/lib/python3.12/site-packages/airflow/example_dags/example_trigger_controller_dag.py
[2026-05-10T17:26:13.085+0000] {processor.py:840} INFO - DAG(s) 'example_trigger_controller_dag' retrieved from /home/airflow/.local/lib/python3.12/site-packages/airflow/example_dags/example_trigger_controller_dag.py
[2026-05-10T17:26:13.107+0000] {logging_mixin.py:188} INFO - [2026-05-10T17:26:13.107+0000] {dag.py:3089} INFO - Sync 1 DAGs
[2026-05-10T17:26:13.132+0000] {logging_mixin.py:188} INFO - [2026-05-10T17:26:13.131+0000] {dag.py:3947} INFO - Setting next_dagrun for example_trigger_controller_dag to 2021-01-01 00:00:00+00:00, run_after=2021-01-01 00:00:00+00:00
[2026-05-10T17:26:13.153+0000] {processor.py:183} INFO - Processing /home/airflow/.local/lib/python3.12/site-packages/airflow/example_dags/example_trigger_controller_dag.py took 0.087 seconds
[2026-05-10T17:26:43.272+0000] {processor.py:161} INFO - Started process (PID=40829) to work on /home/airflow/.local/lib/python3.12/site-packages/airflow/example_dags/example_trigger_controller_dag.py
[2026-05-10T17:26:43.273+0000] {processor.py:830} INFO - Processing file /home/airflow/.local/lib/python3.12/site-packages/airflow/example_dags/example_trigger_controller_dag.py for tasks to queue
[2026-05-10T17:26:43.274+0000] {logging_mixin.py:188} INFO - [2026-05-10T17:26:43.274+0000] {dagbag.py:545} INFO - Filling up the DagBag from /home/airflow/.local/lib/python3.12/site-packages/airflow/example_dags/example_trigger_controller_dag.py
[2026-05-10T17:26:43.280+0000] {processor.py:840} INFO - DAG(s) 'example_trigger_controller_dag' retrieved from /home/airflow/.local/lib/python3.12/site-packages/airflow/example_dags/example_trigger_controller_dag.py
[2026-05-10T17:26:43.302+0000] {logging_mixin.py:188} INFO - [2026-05-10T17:26:43.302+0000] {dag.py:3089} INFO - Sync 1 DAGs
[2026-05-10T17:26:43.323+0000] {logging_mixin.py:188} INFO - [2026-05-10T17:26:43.323+0000] {dag.py:3947} INFO - Setting next_dagrun for example_trigger_controller_dag to 2021-01-01 00:00:00+00:00, run_after=2021-01-01 00:00:00+00:00
[2026-05-10T17:26:43.347+0000] {processor.py:183} INFO - Processing /home/airflow/.local/lib/python3.12/site-packages/airflow/example_dags/example_trigger_controller_dag.py took 0.081 seconds
[2026-05-10T17:27:13.955+0000] {processor.py:161} INFO - Started process (PID=40904) to work on /home/airflow/.local/lib/python3.12/site-packages/airflow/example_dags/example_trigger_controller_dag.py
[2026-05-10T17:27:13.956+0000] {processor.py:830} INFO - Processing file /home/airflow/.local/lib/python3.12/site-packages/airflow/example_dags/example_trigger_controller_dag.py for tasks to queue
[2026-05-10T17:27:13.957+0000] {logging_mixin.py:188} INFO - [2026-05-10T17:27:13.957+0000] {dagbag.py:545} INFO - Filling up the DagBag from /home/airflow/.local/lib/python3.12/site-packages/airflow/example_dags/example_trigger_controller_dag.py
[2026-05-10T17:27:13.962+0000] {processor.py:840} INFO - DAG(s) 'example_trigger_controller_dag' retrieved from /home/airflow/.local/lib/python3.12/site-packages/airflow/example_dags/example_trigger_controller_dag.py
[2026-05-10T17:27:13.982+0000] {logging_mixin.py:188} INFO - [2026-05-10T17:27:13.982+0000] {dag.py:3089} INFO - Sync 1 DAGs
[2026-05-10T17:27:14.002+0000] {logging_mixin.py:188} INFO - [2026-05-10T17:27:14.002+0000] {dag.py:3947} INFO - Setting next_dagrun for example_trigger_controller_dag to 2021-01-01 00:00:00+00:00, run_after=2021-01-01 00:00:00+00:00
[2026-05-10T17:27:14.027+0000] {processor.py:183} INFO - Processing /home/airflow/.local/lib/python3.12/site-packages/airflow/example_dags/example_trigger_controller_dag.py took 0.079 seconds
[2026-05-10T17:27:44.451+0000] {processor.py:161} INFO - Started process (PID=40973) to work on /home/airflow/.local/lib/python3.12/site-packages/airflow/example_dags/example_trigger_controller_dag.py
[2026-05-10T17:27:44.453+0000] {processor.py:830} INFO - Processing file /home/airflow/.local/lib/python3.12/site-packages/airflow/example_dags/example_trigger_controller_dag.py for tasks to queue
[2026-05-10T17:27:44.454+0000] {logging_mixin.py:188} INFO - [2026-05-10T17:27:44.454+0000] {dagbag.py:545} INFO - Filling up the DagBag from /home/airflow/.local/lib/python3.12/site-packages/airflow/example_dags/example_trigger_controller_dag.py
[2026-05-10T17:27:44.459+0000] {processor.py:840} INFO - DAG(s) 'example_trigger_controller_dag' retrieved from /home/airflow/.local/lib/python3.12/site-packages/airflow/example_dags/example_trigger_controller_dag.py
[2026-05-10T17:27:44.490+0000] {logging_mixin.py:188} INFO - [2026-05-10T17:27:44.489+0000] {dag.py:3089} INFO - Sync 1 DAGs
[2026-05-10T17:27:44.512+0000] {logging_mixin.py:188} INFO - [2026-05-10T17:27:44.511+0000] {dag.py:3947} INFO - Setting next_dagrun for example_trigger_controller_dag to 2021-01-01 00:00:00+00:00, run_after=2021-01-01 00:00:00+00:00
[2026-05-10T17:27:44.540+0000] {processor.py:183} INFO - Processing /home/airflow/.local/lib/python3.12/site-packages/airflow/example_dags/example_trigger_controller_dag.py took 0.098 seconds
[2026-05-10T17:28:15.537+0000] {processor.py:161} INFO - Started process (PID=41040) to work on /home/airflow/.local/lib/python3.12/site-packages/airflow/example_dags/example_trigger_controller_dag.py
[2026-05-10T17:28:15.539+0000] {processor.py:830} INFO - Processing file /home/airflow/.local/lib/python3.12/site-packages/airflow/example_dags/example_trigger_controller_dag.py for tasks to queue
[2026-05-10T17:28:15.540+0000] {logging_mixin.py:188} INFO - [2026-05-10T17:28:15.540+0000] {dagbag.py:545} INFO - Filling up the DagBag from /home/airflow/.local/lib/python3.12/site-packages/airflow/example_dags/example_trigger_controller_dag.py
[2026-05-10T17:28:15.549+0000] {processor.py:840} INFO - DAG(s) 'example_trigger_controller_dag' retrieved from /home/airflow/.local/lib/python3.12/site-packages/airflow/example_dags/example_trigger_controller_dag.py
[2026-05-10T17:28:15.584+0000] {logging_mixin.py:188} INFO - [2026-05-10T17:28:15.583+0000] {dag.py:3089} INFO - Sync 1 DAGs
[2026-05-10T17:28:15.605+0000] {logging_mixin.py:188} INFO - [2026-05-10T17:28:15.604+0000] {dag.py:3947} INFO - Setting next_dagrun for example_trigger_controller_dag to 2021-01-01 00:00:00+00:00, run_after=2021-01-01 00:00:00+00:00
[2026-05-10T17:28:15.630+0000] {processor.py:183} INFO - Processing /home/airflow/.local/lib/python3.12/site-packages/airflow/example_dags/example_trigger_controller_dag.py took 0.104 seconds
[2026-05-10T17:28:45.920+0000] {processor.py:161} INFO - Started process (PID=41115) to work on /home/airflow/.local/lib/python3.12/site-packages/airflow/example_dags/example_trigger_controller_dag.py
[2026-05-10T17:28:45.921+0000] {processor.py:830} INFO - Processing file /home/airflow/.local/lib/python3.12/site-packages/airflow/example_dags/example_trigger_controller_dag.py for tasks to queue
[2026-05-10T17:28:45.923+0000] {logging_mixin.py:188} INFO - [2026-05-10T17:28:45.922+0000] {dagbag.py:545} INFO - Filling up the DagBag from /home/airflow/.local/lib/python3.12/site-packages/airflow/example_dags/example_trigger_controller_dag.py
[2026-05-10T17:28:45.928+0000] {processor.py:840} INFO - DAG(s) 'example_trigger_controller_dag' retrieved from /home/airflow/.local/lib/python3.12/site-packages/airflow/example_dags/example_trigger_controller_dag.py
[2026-05-10T17:28:45.949+0000] {logging_mixin.py:188} INFO - [2026-05-10T17:28:45.949+0000] {dag.py:3089} INFO - Sync 1 DAGs
[2026-05-10T17:28:45.972+0000] {logging_mixin.py:188} INFO - [2026-05-10T17:28:45.971+0000] {dag.py:3947} INFO - Setting next_dagrun for example_trigger_controller_dag to 2021-01-01 00:00:00+00:00, run_after=2021-01-01 00:00:00+00:00
[2026-05-10T17:28:45.993+0000] {processor.py:183} INFO - Processing /home/airflow/.local/lib/python3.12/site-packages/airflow/example_dags/example_trigger_controller_dag.py took 0.079 seconds
[2026-05-10T17:29:16.115+0000] {processor.py:161} INFO - Started process (PID=41183) to work on /home/airflow/.local/lib/python3.12/site-packages/airflow/example_dags/example_trigger_controller_dag.py
[2026-05-10T17:29:16.117+0000] {processor.py:830} INFO - Processing file /home/airflow/.local/lib/python3.12/site-packages/airflow/example_dags/example_trigger_controller_dag.py for tasks to queue
[2026-05-10T17:29:16.118+0000] {logging_mixin.py:188} INFO - [2026-05-10T17:29:16.118+0000] {dagbag.py:545} INFO - Filling up the DagBag from /home/airflow/.local/lib/python3.12/site-packages/airflow/example_dags/example_trigger_controller_dag.py
[2026-05-10T17:29:16.130+0000] {processor.py:840} INFO - DAG(s) 'example_trigger_controller_dag' retrieved from /home/airflow/.local/lib/python3.12/site-packages/airflow/example_dags/example_trigger_controller_dag.py
[2026-05-10T17:29:16.168+0000] {logging_mixin.py:188} INFO - [2026-05-10T17:29:16.167+0000] {dag.py:3089} INFO - Sync 1 DAGs
[2026-05-10T17:29:16.196+0000] {logging_mixin.py:188} INFO - [2026-05-10T17:29:16.195+0000] {dag.py:3947} INFO - Setting next_dagrun for example_trigger_controller_dag to 2021-01-01 00:00:00+00:00, run_after=2021-01-01 00:00:00+00:00
[2026-05-10T17:29:16.238+0000] {processor.py:183} INFO - Processing /home/airflow/.local/lib/python3.12/site-packages/airflow/example_dags/example_trigger_controller_dag.py took 0.132 seconds
[2026-05-10T17:29:46.908+0000] {processor.py:161} INFO - Started process (PID=41251) to work on /home/airflow/.local/lib/python3.12/site-packages/airflow/example_dags/example_trigger_controller_dag.py
[2026-05-10T17:29:46.911+0000] {processor.py:830} INFO - Processing file /home/airflow/.local/lib/python3.12/site-packages/airflow/example_dags/example_trigger_controller_dag.py for tasks to queue
[2026-05-10T17:29:46.913+0000] {logging_mixin.py:188} INFO - [2026-05-10T17:29:46.913+0000] {dagbag.py:545} INFO - Filling up the DagBag from /home/airflow/.local/lib/python3.12/site-packages/airflow/example_dags/example_trigger_controller_dag.py
[2026-05-10T17:29:46.925+0000] {processor.py:840} INFO - DAG(s) 'example_trigger_controller_dag' retrieved from /home/airflow/.local/lib/python3.12/site-packages/airflow/example_dags/example_trigger_controller_dag.py
[2026-05-10T17:29:46.966+0000] {logging_mixin.py:188} INFO - [2026-05-10T17:29:46.966+0000] {dag.py:3089} INFO - Sync 1 DAGs
[2026-05-10T17:29:47.006+0000] {logging_mixin.py:188} INFO - [2026-05-10T17:29:47.006+0000] {dag.py:3947} INFO - Setting next_dagrun for example_trigger_controller_dag to 2021-01-01 00:00:00+00:00, run_after=2021-01-01 00:00:00+00:00
[2026-05-10T17:29:47.042+0000] {processor.py:183} INFO - Processing /home/airflow/.local/lib/python3.12/site-packages/airflow/example_dags/example_trigger_controller_dag.py took 0.148 seconds
[2026-05-10T17:30:17.142+0000] {processor.py:161} INFO - Started process (PID=41326) to work on /home/airflow/.local/lib/python3.12/site-packages/airflow/example_dags/example_trigger_controller_dag.py
[2026-05-10T17:30:17.144+0000] {processor.py:830} INFO - Processing file /home/airflow/.local/lib/python3.12/site-packages/airflow/example_dags/example_trigger_controller_dag.py for tasks to queue
[2026-05-10T17:30:17.149+0000] {logging_mixin.py:188} INFO - [2026-05-10T17:30:17.149+0000] {dagbag.py:545} INFO - Filling up the DagBag from /home/airflow/.local/lib/python3.12/site-packages/airflow/example_dags/example_trigger_controller_dag.py
[2026-05-10T17:30:17.161+0000] {processor.py:840} INFO - DAG(s) 'example_trigger_controller_dag' retrieved from /home/airflow/.local/lib/python3.12/site-packages/airflow/example_dags/example_trigger_controller_dag.py
[2026-05-10T17:30:17.195+0000] {logging_mixin.py:188} INFO - [2026-05-10T17:30:17.194+0000] {dag.py:3089} INFO - Sync 1 DAGs
[2026-05-10T17:30:17.223+0000] {logging_mixin.py:188} INFO - [2026-05-10T17:30:17.222+0000] {dag.py:3947} INFO - Setting next_dagrun for example_trigger_controller_dag to 2021-01-01 00:00:00+00:00, run_after=2021-01-01 00:00:00+00:00
[2026-05-10T17:30:17.253+0000] {processor.py:183} INFO - Processing /home/airflow/.local/lib/python3.12/site-packages/airflow/example_dags/example_trigger_controller_dag.py took 0.121 seconds
[2026-05-10T17:30:47.711+0000] {processor.py:161} INFO - Started process (PID=41394) to work on /home/airflow/.local/lib/python3.12/site-packages/airflow/example_dags/example_trigger_controller_dag.py
[2026-05-10T17:30:47.712+0000] {processor.py:830} INFO - Processing file /home/airflow/.local/lib/python3.12/site-packages/airflow/example_dags/example_trigger_controller_dag.py for tasks to queue
[2026-05-10T17:30:47.713+0000] {logging_mixin.py:188} INFO - [2026-05-10T17:30:47.712+0000] {dagbag.py:545} INFO - Filling up the DagBag from /home/airflow/.local/lib/python3.12/site-packages/airflow/example_dags/example_trigger_controller_dag.py
[2026-05-10T17:30:47.720+0000] {processor.py:840} INFO - DAG(s) 'example_trigger_controller_dag' retrieved from /home/airflow/.local/lib/python3.12/site-packages/airflow/example_dags/example_trigger_controller_dag.py
[2026-05-10T17:30:47.742+0000] {logging_mixin.py:188} INFO - [2026-05-10T17:30:47.742+0000] {dag.py:3089} INFO - Sync 1 DAGs
[2026-05-10T17:30:47.766+0000] {logging_mixin.py:188} INFO - [2026-05-10T17:30:47.766+0000] {dag.py:3947} INFO - Setting next_dagrun for example_trigger_controller_dag to 2021-01-01 00:00:00+00:00, run_after=2021-01-01 00:00:00+00:00
[2026-05-10T17:30:47.797+0000] {processor.py:183} INFO - Processing /home/airflow/.local/lib/python3.12/site-packages/airflow/example_dags/example_trigger_controller_dag.py took 0.093 seconds
[2026-05-10T17:31:18.010+0000] {processor.py:161} INFO - Started process (PID=41462) to work on /home/airflow/.local/lib/python3.12/site-packages/airflow/example_dags/example_trigger_controller_dag.py
[2026-05-10T17:31:18.012+0000] {processor.py:830} INFO - Processing file /home/airflow/.local/lib/python3.12/site-packages/airflow/example_dags/example_trigger_controller_dag.py for tasks to queue
[2026-05-10T17:31:18.014+0000] {logging_mixin.py:188} INFO - [2026-05-10T17:31:18.013+0000] {dagbag.py:545} INFO - Filling up the DagBag from /home/airflow/.local/lib/python3.12/site-packages/airflow/example_dags/example_trigger_controller_dag.py
[2026-05-10T17:31:18.021+0000] {processor.py:840} INFO - DAG(s) 'example_trigger_controller_dag' retrieved from /home/airflow/.local/lib/python3.12/site-packages/airflow/example_dags/example_trigger_controller_dag.py
[2026-05-10T17:31:18.054+0000] {logging_mixin.py:188} INFO - [2026-05-10T17:31:18.053+0000] {dag.py:3089} INFO - Sync 1 DAGs
[2026-05-10T17:31:18.086+0000] {logging_mixin.py:188} INFO - [2026-05-10T17:31:18.086+0000] {dag.py:3947} INFO - Setting next_dagrun for example_trigger_controller_dag to 2021-01-01 00:00:00+00:00, run_after=2021-01-01 00:00:00+00:00
[2026-05-10T17:31:18.118+0000] {processor.py:183} INFO - Processing /home/airflow/.local/lib/python3.12/site-packages/airflow/example_dags/example_trigger_controller_dag.py took 0.117 seconds
[2026-05-10T17:31:48.829+0000] {processor.py:161} INFO - Started process (PID=41530) to work on /home/airflow/.local/lib/python3.12/site-packages/airflow/example_dags/example_trigger_controller_dag.py
[2026-05-10T17:31:48.831+0000] {processor.py:830} INFO - Processing file /home/airflow/.local/lib/python3.12/site-packages/airflow/example_dags/example_trigger_controller_dag.py for tasks to queue
[2026-05-10T17:31:48.833+0000] {logging_mixin.py:188} INFO - [2026-05-10T17:31:48.832+0000] {dagbag.py:545} INFO - Filling up the DagBag from /home/airflow/.local/lib/python3.12/site-packages/airflow/example_dags/example_trigger_controller_dag.py
[2026-05-10T17:31:48.841+0000] {processor.py:840} INFO - DAG(s) 'example_trigger_controller_dag' retrieved from /home/airflow/.local/lib/python3.12/site-packages/airflow/example_dags/example_trigger_controller_dag.py
[2026-05-10T17:31:48.868+0000] {logging_mixin.py:188} INFO - [2026-05-10T17:31:48.867+0000] {dag.py:3089} INFO - Sync 1 DAGs
[2026-05-10T17:31:48.900+0000] {logging_mixin.py:188} INFO - [2026-05-10T17:31:48.899+0000] {dag.py:3947} INFO - Setting next_dagrun for example_trigger_controller_dag to 2021-01-01 00:00:00+00:00, run_after=2021-01-01 00:00:00+00:00
[2026-05-10T17:31:48.938+0000] {processor.py:183} INFO - Processing /home/airflow/.local/lib/python3.12/site-packages/airflow/example_dags/example_trigger_controller_dag.py took 0.121 seconds
[2026-05-10T17:32:19.026+0000] {processor.py:161} INFO - Started process (PID=41605) to work on /home/airflow/.local/lib/python3.12/site-packages/airflow/example_dags/example_trigger_controller_dag.py
[2026-05-10T17:32:19.027+0000] {processor.py:830} INFO - Processing file /home/airflow/.local/lib/python3.12/site-packages/airflow/example_dags/example_trigger_controller_dag.py for tasks to queue
[2026-05-10T17:32:19.028+0000] {logging_mixin.py:188} INFO - [2026-05-10T17:32:19.027+0000] {dagbag.py:545} INFO - Filling up the DagBag from /home/airflow/.local/lib/python3.12/site-packages/airflow/example_dags/example_trigger_controller_dag.py
[2026-05-10T17:32:19.032+0000] {processor.py:840} INFO - DAG(s) 'example_trigger_controller_dag' retrieved from /home/airflow/.local/lib/python3.12/site-packages/airflow/example_dags/example_trigger_controller_dag.py
[2026-05-10T17:32:19.054+0000] {logging_mixin.py:188} INFO - [2026-05-10T17:32:19.054+0000] {dag.py:3089} INFO - Sync 1 DAGs
[2026-05-10T17:32:19.075+0000] {logging_mixin.py:188} INFO - [2026-05-10T17:32:19.075+0000] {dag.py:3947} INFO - Setting next_dagrun for example_trigger_controller_dag to 2021-01-01 00:00:00+00:00, run_after=2021-01-01 00:00:00+00:00
[2026-05-10T17:32:19.099+0000] {processor.py:183} INFO - Processing /home/airflow/.local/lib/python3.12/site-packages/airflow/example_dags/example_trigger_controller_dag.py took 0.079 seconds
[2026-05-10T17:32:49.213+0000] {processor.py:161} INFO - Started process (PID=41673) to work on /home/airflow/.local/lib/python3.12/site-packages/airflow/example_dags/example_trigger_controller_dag.py
[2026-05-10T17:32:49.215+0000] {processor.py:830} INFO - Processing file /home/airflow/.local/lib/python3.12/site-packages/airflow/example_dags/example_trigger_controller_dag.py for tasks to queue
[2026-05-10T17:32:49.217+0000] {logging_mixin.py:188} INFO - [2026-05-10T17:32:49.217+0000] {dagbag.py:545} INFO - Filling up the DagBag from /home/airflow/.local/lib/python3.12/site-packages/airflow/example_dags/example_trigger_controller_dag.py
[2026-05-10T17:32:49.226+0000] {processor.py:840} INFO - DAG(s) 'example_trigger_controller_dag' retrieved from /home/airflow/.local/lib/python3.12/site-packages/airflow/example_dags/example_trigger_controller_dag.py
[2026-05-10T17:32:49.270+0000] {logging_mixin.py:188} INFO - [2026-05-10T17:32:49.269+0000] {dag.py:3089} INFO - Sync 1 DAGs
[2026-05-10T17:32:49.313+0000] {logging_mixin.py:188} INFO - [2026-05-10T17:32:49.312+0000] {dag.py:3947} INFO - Setting next_dagrun for example_trigger_controller_dag to 2021-01-01 00:00:00+00:00, run_after=2021-01-01 00:00:00+00:00
[2026-05-10T17:32:49.357+0000] {processor.py:183} INFO - Processing /home/airflow/.local/lib/python3.12/site-packages/airflow/example_dags/example_trigger_controller_dag.py took 0.157 seconds
[2026-05-10T17:33:19.823+0000] {processor.py:161} INFO - Started process (PID=41741) to work on /home/airflow/.local/lib/python3.12/site-packages/airflow/example_dags/example_trigger_controller_dag.py
[2026-05-10T17:33:19.826+0000] {processor.py:830} INFO - Processing file /home/airflow/.local/lib/python3.12/site-packages/airflow/example_dags/example_trigger_controller_dag.py for tasks to queue
[2026-05-10T17:33:19.828+0000] {logging_mixin.py:188} INFO - [2026-05-10T17:33:19.828+0000] {dagbag.py:545} INFO - Filling up the DagBag from /home/airflow/.local/lib/python3.12/site-packages/airflow/example_dags/example_trigger_controller_dag.py
[2026-05-10T17:33:19.841+0000] {processor.py:840} INFO - DAG(s) 'example_trigger_controller_dag' retrieved from /home/airflow/.local/lib/python3.12/site-packages/airflow/example_dags/example_trigger_controller_dag.py
[2026-05-10T17:33:19.888+0000] {logging_mixin.py:188} INFO - [2026-05-10T17:33:19.888+0000] {dag.py:3089} INFO - Sync 1 DAGs
[2026-05-10T17:33:19.916+0000] {logging_mixin.py:188} INFO - [2026-05-10T17:33:19.916+0000] {dag.py:3947} INFO - Setting next_dagrun for example_trigger_controller_dag to 2021-01-01 00:00:00+00:00, run_after=2021-01-01 00:00:00+00:00
[2026-05-10T17:33:19.944+0000] {processor.py:183} INFO - Processing /home/airflow/.local/lib/python3.12/site-packages/airflow/example_dags/example_trigger_controller_dag.py took 0.137 seconds
[2026-05-10T17:33:50.207+0000] {processor.py:161} INFO - Started process (PID=41817) to work on /home/airflow/.local/lib/python3.12/site-packages/airflow/example_dags/example_trigger_controller_dag.py
[2026-05-10T17:33:50.209+0000] {processor.py:830} INFO - Processing file /home/airflow/.local/lib/python3.12/site-packages/airflow/example_dags/example_trigger_controller_dag.py for tasks to queue
[2026-05-10T17:33:50.210+0000] {logging_mixin.py:188} INFO - [2026-05-10T17:33:50.210+0000] {dagbag.py:545} INFO - Filling up the DagBag from /home/airflow/.local/lib/python3.12/site-packages/airflow/example_dags/example_trigger_controller_dag.py
[2026-05-10T17:33:50.214+0000] {processor.py:840} INFO - DAG(s) 'example_trigger_controller_dag' retrieved from /home/airflow/.local/lib/python3.12/site-packages/airflow/example_dags/example_trigger_controller_dag.py
[2026-05-10T17:33:50.234+0000] {logging_mixin.py:188} INFO - [2026-05-10T17:33:50.234+0000] {dag.py:3089} INFO - Sync 1 DAGs
[2026-05-10T17:33:50.256+0000] {logging_mixin.py:188} INFO - [2026-05-10T17:33:50.255+0000] {dag.py:3947} INFO - Setting next_dagrun for example_trigger_controller_dag to 2021-01-01 00:00:00+00:00, run_after=2021-01-01 00:00:00+00:00
[2026-05-10T17:33:50.283+0000] {processor.py:183} INFO - Processing /home/airflow/.local/lib/python3.12/site-packages/airflow/example_dags/example_trigger_controller_dag.py took 0.083 seconds
[2026-05-10T17:34:20.351+0000] {processor.py:161} INFO - Started process (PID=41885) to work on /home/airflow/.local/lib/python3.12/site-packages/airflow/example_dags/example_trigger_controller_dag.py
[2026-05-10T17:34:20.352+0000] {processor.py:830} INFO - Processing file /home/airflow/.local/lib/python3.12/site-packages/airflow/example_dags/example_trigger_controller_dag.py for tasks to queue
[2026-05-10T17:34:20.353+0000] {logging_mixin.py:188} INFO - [2026-05-10T17:34:20.352+0000] {dagbag.py:545} INFO - Filling up the DagBag from /home/airflow/.local/lib/python3.12/site-packages/airflow/example_dags/example_trigger_controller_dag.py
[2026-05-10T17:34:20.358+0000] {processor.py:840} INFO - DAG(s) 'example_trigger_controller_dag' retrieved from /home/airflow/.local/lib/python3.12/site-packages/airflow/example_dags/example_trigger_controller_dag.py
[2026-05-10T17:34:20.376+0000] {logging_mixin.py:188} INFO - [2026-05-10T17:34:20.375+0000] {dag.py:3089} INFO - Sync 1 DAGs
[2026-05-10T17:34:20.400+0000] {logging_mixin.py:188} INFO - [2026-05-10T17:34:20.400+0000] {dag.py:3947} INFO - Setting next_dagrun for example_trigger_controller_dag to 2021-01-01 00:00:00+00:00, run_after=2021-01-01 00:00:00+00:00
[2026-05-10T17:34:20.426+0000] {processor.py:183} INFO - Processing /home/airflow/.local/lib/python3.12/site-packages/airflow/example_dags/example_trigger_controller_dag.py took 0.080 seconds
[2026-05-10T17:34:50.642+0000] {processor.py:161} INFO - Started process (PID=41953) to work on /home/airflow/.local/lib/python3.12/site-packages/airflow/example_dags/example_trigger_controller_dag.py
[2026-05-10T17:34:50.646+0000] {processor.py:830} INFO - Processing file /home/airflow/.local/lib/python3.12/site-packages/airflow/example_dags/example_trigger_controller_dag.py for tasks to queue
[2026-05-10T17:34:50.651+0000] {logging_mixin.py:188} INFO - [2026-05-10T17:34:50.650+0000] {dagbag.py:545} INFO - Filling up the DagBag from /home/airflow/.local/lib/python3.12/site-packages/airflow/example_dags/example_trigger_controller_dag.py
[2026-05-10T17:34:50.661+0000] {processor.py:840} INFO - DAG(s) 'example_trigger_controller_dag' retrieved from /home/airflow/.local/lib/python3.12/site-packages/airflow/example_dags/example_trigger_controller_dag.py
[2026-05-10T17:34:50.699+0000] {logging_mixin.py:188} INFO - [2026-05-10T17:34:50.699+0000] {dag.py:3089} INFO - Sync 1 DAGs
[2026-05-10T17:34:50.725+0000] {logging_mixin.py:188} INFO - [2026-05-10T17:34:50.725+0000] {dag.py:3947} INFO - Setting next_dagrun for example_trigger_controller_dag to 2021-01-01 00:00:00+00:00, run_after=2021-01-01 00:00:00+00:00
[2026-05-10T17:34:50.755+0000] {processor.py:183} INFO - Processing /home/airflow/.local/lib/python3.12/site-packages/airflow/example_dags/example_trigger_controller_dag.py took 0.125 seconds
[2026-05-10T17:35:21.171+0000] {processor.py:161} INFO - Started process (PID=42028) to work on /home/airflow/.local/lib/python3.12/site-packages/airflow/example_dags/example_trigger_controller_dag.py
[2026-05-10T17:35:21.172+0000] {processor.py:830} INFO - Processing file /home/airflow/.local/lib/python3.12/site-packages/airflow/example_dags/example_trigger_controller_dag.py for tasks to queue
[2026-05-10T17:35:21.173+0000] {logging_mixin.py:188} INFO - [2026-05-10T17:35:21.173+0000] {dagbag.py:545} INFO - Filling up the DagBag from /home/airflow/.local/lib/python3.12/site-packages/airflow/example_dags/example_trigger_controller_dag.py
[2026-05-10T17:35:21.177+0000] {processor.py:840} INFO - DAG(s) 'example_trigger_controller_dag' retrieved from /home/airflow/.local/lib/python3.12/site-packages/airflow/example_dags/example_trigger_controller_dag.py
[2026-05-10T17:35:21.197+0000] {logging_mixin.py:188} INFO - [2026-05-10T17:35:21.196+0000] {dag.py:3089} INFO - Sync 1 DAGs
[2026-05-10T17:35:21.212+0000] {logging_mixin.py:188} INFO - [2026-05-10T17:35:21.212+0000] {dag.py:3947} INFO - Setting next_dagrun for example_trigger_controller_dag to 2021-01-01 00:00:00+00:00, run_after=2021-01-01 00:00:00+00:00
[2026-05-10T17:35:21.230+0000] {processor.py:183} INFO - Processing /home/airflow/.local/lib/python3.12/site-packages/airflow/example_dags/example_trigger_controller_dag.py took 0.066 seconds
[2026-05-10T17:35:51.502+0000] {processor.py:161} INFO - Started process (PID=42096) to work on /home/airflow/.local/lib/python3.12/site-packages/airflow/example_dags/example_trigger_controller_dag.py
[2026-05-10T17:35:51.504+0000] {processor.py:830} INFO - Processing file /home/airflow/.local/lib/python3.12/site-packages/airflow/example_dags/example_trigger_controller_dag.py for tasks to queue
[2026-05-10T17:35:51.506+0000] {logging_mixin.py:188} INFO - [2026-05-10T17:35:51.505+0000] {dagbag.py:545} INFO - Filling up the DagBag from /home/airflow/.local/lib/python3.12/site-packages/airflow/example_dags/example_trigger_controller_dag.py
[2026-05-10T17:35:51.510+0000] {processor.py:840} INFO - DAG(s) 'example_trigger_controller_dag' retrieved from /home/airflow/.local/lib/python3.12/site-packages/airflow/example_dags/example_trigger_controller_dag.py
[2026-05-10T17:35:51.530+0000] {logging_mixin.py:188} INFO - [2026-05-10T17:35:51.529+0000] {dag.py:3089} INFO - Sync 1 DAGs
[2026-05-10T17:35:51.551+0000] {logging_mixin.py:188} INFO - [2026-05-10T17:35:51.551+0000] {dag.py:3947} INFO - Setting next_dagrun for example_trigger_controller_dag to 2021-01-01 00:00:00+00:00, run_after=2021-01-01 00:00:00+00:00
[2026-05-10T17:35:51.576+0000] {processor.py:183} INFO - Processing /home/airflow/.local/lib/python3.12/site-packages/airflow/example_dags/example_trigger_controller_dag.py took 0.082 seconds
[2026-05-10T17:36:22.622+0000] {processor.py:161} INFO - Started process (PID=42164) to work on /home/airflow/.local/lib/python3.12/site-packages/airflow/example_dags/example_trigger_controller_dag.py
[2026-05-10T17:36:22.626+0000] {processor.py:830} INFO - Processing file /home/airflow/.local/lib/python3.12/site-packages/airflow/example_dags/example_trigger_controller_dag.py for tasks to queue
[2026-05-10T17:36:22.630+0000] {logging_mixin.py:188} INFO - [2026-05-10T17:36:22.629+0000] {dagbag.py:545} INFO - Filling up the DagBag from /home/airflow/.local/lib/python3.12/site-packages/airflow/example_dags/example_trigger_controller_dag.py
[2026-05-10T17:36:22.641+0000] {processor.py:840} INFO - DAG(s) 'example_trigger_controller_dag' retrieved from /home/airflow/.local/lib/python3.12/site-packages/airflow/example_dags/example_trigger_controller_dag.py
[2026-05-10T17:36:22.692+0000] {logging_mixin.py:188} INFO - [2026-05-10T17:36:22.691+0000] {dag.py:3089} INFO - Sync 1 DAGs
[2026-05-10T17:36:22.734+0000] {logging_mixin.py:188} INFO - [2026-05-10T17:36:22.734+0000] {dag.py:3947} INFO - Setting next_dagrun for example_trigger_controller_dag to 2021-01-01 00:00:00+00:00, run_after=2021-01-01 00:00:00+00:00
[2026-05-10T17:36:22.777+0000] {processor.py:183} INFO - Processing /home/airflow/.local/lib/python3.12/site-packages/airflow/example_dags/example_trigger_controller_dag.py took 0.170 seconds
[2026-05-10T17:36:53.049+0000] {processor.py:161} INFO - Started process (PID=42239) to work on /home/airflow/.local/lib/python3.12/site-packages/airflow/example_dags/example_trigger_controller_dag.py
[2026-05-10T17:36:53.053+0000] {processor.py:830} INFO - Processing file /home/airflow/.local/lib/python3.12/site-packages/airflow/example_dags/example_trigger_controller_dag.py for tasks to queue
[2026-05-10T17:36:53.054+0000] {logging_mixin.py:188} INFO - [2026-05-10T17:36:53.054+0000] {dagbag.py:545} INFO - Filling up the DagBag from /home/airflow/.local/lib/python3.12/site-packages/airflow/example_dags/example_trigger_controller_dag.py
[2026-05-10T17:36:53.060+0000] {processor.py:840} INFO - DAG(s) 'example_trigger_controller_dag' retrieved from /home/airflow/.local/lib/python3.12/site-packages/airflow/example_dags/example_trigger_controller_dag.py
[2026-05-10T17:36:53.087+0000] {logging_mixin.py:188} INFO - [2026-05-10T17:36:53.087+0000] {dag.py:3089} INFO - Sync 1 DAGs
[2026-05-10T17:36:53.106+0000] {logging_mixin.py:188} INFO - [2026-05-10T17:36:53.105+0000] {dag.py:3947} INFO - Setting next_dagrun for example_trigger_controller_dag to 2021-01-01 00:00:00+00:00, run_after=2021-01-01 00:00:00+00:00
[2026-05-10T17:36:53.127+0000] {processor.py:183} INFO - Processing /home/airflow/.local/lib/python3.12/site-packages/airflow/example_dags/example_trigger_controller_dag.py took 0.085 seconds
[2026-05-10T17:37:23.403+0000] {processor.py:161} INFO - Started process (PID=42307) to work on /home/airflow/.local/lib/python3.12/site-packages/airflow/example_dags/example_trigger_controller_dag.py
[2026-05-10T17:37:23.404+0000] {processor.py:830} INFO - Processing file /home/airflow/.local/lib/python3.12/site-packages/airflow/example_dags/example_trigger_controller_dag.py for tasks to queue
[2026-05-10T17:37:23.405+0000] {logging_mixin.py:188} INFO - [2026-05-10T17:37:23.404+0000] {dagbag.py:545} INFO - Filling up the DagBag from /home/airflow/.local/lib/python3.12/site-packages/airflow/example_dags/example_trigger_controller_dag.py
[2026-05-10T17:37:23.411+0000] {processor.py:840} INFO - DAG(s) 'example_trigger_controller_dag' retrieved from /home/airflow/.local/lib/python3.12/site-packages/airflow/example_dags/example_trigger_controller_dag.py
[2026-05-10T17:37:23.434+0000] {logging_mixin.py:188} INFO - [2026-05-10T17:37:23.434+0000] {dag.py:3089} INFO - Sync 1 DAGs
[2026-05-10T17:37:23.460+0000] {logging_mixin.py:188} INFO - [2026-05-10T17:37:23.459+0000] {dag.py:3947} INFO - Setting next_dagrun for example_trigger_controller_dag to 2021-01-01 00:00:00+00:00, run_after=2021-01-01 00:00:00+00:00
[2026-05-10T17:37:23.487+0000] {processor.py:183} INFO - Processing /home/airflow/.local/lib/python3.12/site-packages/airflow/example_dags/example_trigger_controller_dag.py took 0.092 seconds
[2026-05-10T17:37:53.613+0000] {processor.py:161} INFO - Started process (PID=42375) to work on /home/airflow/.local/lib/python3.12/site-packages/airflow/example_dags/example_trigger_controller_dag.py
[2026-05-10T17:37:53.615+0000] {processor.py:830} INFO - Processing file /home/airflow/.local/lib/python3.12/site-packages/airflow/example_dags/example_trigger_controller_dag.py for tasks to queue
[2026-05-10T17:37:53.616+0000] {logging_mixin.py:188} INFO - [2026-05-10T17:37:53.615+0000] {dagbag.py:545} INFO - Filling up the DagBag from /home/airflow/.local/lib/python3.12/site-packages/airflow/example_dags/example_trigger_controller_dag.py
[2026-05-10T17:37:53.623+0000] {processor.py:840} INFO - DAG(s) 'example_trigger_controller_dag' retrieved from /home/airflow/.local/lib/python3.12/site-packages/airflow/example_dags/example_trigger_controller_dag.py
[2026-05-10T17:37:53.642+0000] {logging_mixin.py:188} INFO - [2026-05-10T17:37:53.642+0000] {dag.py:3089} INFO - Sync 1 DAGs
[2026-05-10T17:37:53.664+0000] {logging_mixin.py:188} INFO - [2026-05-10T17:37:53.664+0000] {dag.py:3947} INFO - Setting next_dagrun for example_trigger_controller_dag to 2021-01-01 00:00:00+00:00, run_after=2021-01-01 00:00:00+00:00
[2026-05-10T17:37:53.692+0000] {processor.py:183} INFO - Processing /home/airflow/.local/lib/python3.12/site-packages/airflow/example_dags/example_trigger_controller_dag.py took 0.085 seconds
[2026-05-10T17:38:23.878+0000] {processor.py:161} INFO - Started process (PID=42450) to work on /home/airflow/.local/lib/python3.12/site-packages/airflow/example_dags/example_trigger_controller_dag.py
[2026-05-10T17:38:23.881+0000] {processor.py:830} INFO - Processing file /home/airflow/.local/lib/python3.12/site-packages/airflow/example_dags/example_trigger_controller_dag.py for tasks to queue
[2026-05-10T17:38:23.883+0000] {logging_mixin.py:188} INFO - [2026-05-10T17:38:23.882+0000] {dagbag.py:545} INFO - Filling up the DagBag from /home/airflow/.local/lib/python3.12/site-packages/airflow/example_dags/example_trigger_controller_dag.py
[2026-05-10T17:38:23.894+0000] {processor.py:840} INFO - DAG(s) 'example_trigger_controller_dag' retrieved from /home/airflow/.local/lib/python3.12/site-packages/airflow/example_dags/example_trigger_controller_dag.py
[2026-05-10T17:38:23.934+0000] {logging_mixin.py:188} INFO - [2026-05-10T17:38:23.934+0000] {dag.py:3089} INFO - Sync 1 DAGs
[2026-05-10T17:38:23.964+0000] {logging_mixin.py:188} INFO - [2026-05-10T17:38:23.964+0000] {dag.py:3947} INFO - Setting next_dagrun for example_trigger_controller_dag to 2021-01-01 00:00:00+00:00, run_after=2021-01-01 00:00:00+00:00
[2026-05-10T17:38:23.996+0000] {processor.py:183} INFO - Processing /home/airflow/.local/lib/python3.12/site-packages/airflow/example_dags/example_trigger_controller_dag.py took 0.129 seconds
[2026-05-10T17:38:54.459+0000] {processor.py:161} INFO - Started process (PID=42518) to work on /home/airflow/.local/lib/python3.12/site-packages/airflow/example_dags/example_trigger_controller_dag.py
[2026-05-10T17:38:54.461+0000] {processor.py:830} INFO - Processing file /home/airflow/.local/lib/python3.12/site-packages/airflow/example_dags/example_trigger_controller_dag.py for tasks to queue
[2026-05-10T17:38:54.462+0000] {logging_mixin.py:188} INFO - [2026-05-10T17:38:54.462+0000] {dagbag.py:545} INFO - Filling up the DagBag from /home/airflow/.local/lib/python3.12/site-packages/airflow/example_dags/example_trigger_controller_dag.py
[2026-05-10T17:38:54.471+0000] {processor.py:840} INFO - DAG(s) 'example_trigger_controller_dag' retrieved from /home/airflow/.local/lib/python3.12/site-packages/airflow/example_dags/example_trigger_controller_dag.py
[2026-05-10T17:38:54.506+0000] {logging_mixin.py:188} INFO - [2026-05-10T17:38:54.505+0000] {dag.py:3089} INFO - Sync 1 DAGs
[2026-05-10T17:38:54.529+0000] {logging_mixin.py:188} INFO - [2026-05-10T17:38:54.528+0000] {dag.py:3947} INFO - Setting next_dagrun for example_trigger_controller_dag to 2021-01-01 00:00:00+00:00, run_after=2021-01-01 00:00:00+00:00
[2026-05-10T17:38:54.553+0000] {processor.py:183} INFO - Processing /home/airflow/.local/lib/python3.12/site-packages/airflow/example_dags/example_trigger_controller_dag.py took 0.103 seconds
[2026-05-10T17:39:24.915+0000] {processor.py:161} INFO - Started process (PID=42587) to work on /home/airflow/.local/lib/python3.12/site-packages/airflow/example_dags/example_trigger_controller_dag.py
[2026-05-10T17:39:24.916+0000] {processor.py:830} INFO - Processing file /home/airflow/.local/lib/python3.12/site-packages/airflow/example_dags/example_trigger_controller_dag.py for tasks to queue
[2026-05-10T17:39:24.917+0000] {logging_mixin.py:188} INFO - [2026-05-10T17:39:24.917+0000] {dagbag.py:545} INFO - Filling up the DagBag from /home/airflow/.local/lib/python3.12/site-packages/airflow/example_dags/example_trigger_controller_dag.py
[2026-05-10T17:39:24.925+0000] {processor.py:840} INFO - DAG(s) 'example_trigger_controller_dag' retrieved from /home/airflow/.local/lib/python3.12/site-packages/airflow/example_dags/example_trigger_controller_dag.py
[2026-05-10T17:39:24.960+0000] {logging_mixin.py:188} INFO - [2026-05-10T17:39:24.960+0000] {dag.py:3089} INFO - Sync 1 DAGs
[2026-05-10T17:39:24.993+0000] {logging_mixin.py:188} INFO - [2026-05-10T17:39:24.992+0000] {dag.py:3947} INFO - Setting next_dagrun for example_trigger_controller_dag to 2021-01-01 00:00:00+00:00, run_after=2021-01-01 00:00:00+00:00
[2026-05-10T17:39:25.027+0000] {processor.py:183} INFO - Processing /home/airflow/.local/lib/python3.12/site-packages/airflow/example_dags/example_trigger_controller_dag.py took 0.119 seconds
[2026-05-10T17:39:55.375+0000] {processor.py:161} INFO - Started process (PID=42655) to work on /home/airflow/.local/lib/python3.12/site-packages/airflow/example_dags/example_trigger_controller_dag.py
[2026-05-10T17:39:55.377+0000] {processor.py:830} INFO - Processing file /home/airflow/.local/lib/python3.12/site-packages/airflow/example_dags/example_trigger_controller_dag.py for tasks to queue
[2026-05-10T17:39:55.378+0000] {logging_mixin.py:188} INFO - [2026-05-10T17:39:55.378+0000] {dagbag.py:545} INFO - Filling up the DagBag from /home/airflow/.local/lib/python3.12/site-packages/airflow/example_dags/example_trigger_controller_dag.py
[2026-05-10T17:39:55.390+0000] {processor.py:840} INFO - DAG(s) 'example_trigger_controller_dag' retrieved from /home/airflow/.local/lib/python3.12/site-packages/airflow/example_dags/example_trigger_controller_dag.py
[2026-05-10T17:39:55.424+0000] {logging_mixin.py:188} INFO - [2026-05-10T17:39:55.423+0000] {dag.py:3089} INFO - Sync 1 DAGs
[2026-05-10T17:39:55.455+0000] {logging_mixin.py:188} INFO - [2026-05-10T17:39:55.455+0000] {dag.py:3947} INFO - Setting next_dagrun for example_trigger_controller_dag to 2021-01-01 00:00:00+00:00, run_after=2021-01-01 00:00:00+00:00
[2026-05-10T17:39:55.487+0000] {processor.py:183} INFO - Processing /home/airflow/.local/lib/python3.12/site-packages/airflow/example_dags/example_trigger_controller_dag.py took 0.123 seconds
[2026-05-10T17:40:25.738+0000] {processor.py:161} INFO - Started process (PID=42730) to work on /home/airflow/.local/lib/python3.12/site-packages/airflow/example_dags/example_trigger_controller_dag.py
[2026-05-10T17:40:25.739+0000] {processor.py:830} INFO - Processing file /home/airflow/.local/lib/python3.12/site-packages/airflow/example_dags/example_trigger_controller_dag.py for tasks to queue
[2026-05-10T17:40:25.741+0000] {logging_mixin.py:188} INFO - [2026-05-10T17:40:25.741+0000] {dagbag.py:545} INFO - Filling up the DagBag from /home/airflow/.local/lib/python3.12/site-packages/airflow/example_dags/example_trigger_controller_dag.py
[2026-05-10T17:40:25.747+0000] {processor.py:840} INFO - DAG(s) 'example_trigger_controller_dag' retrieved from /home/airflow/.local/lib/python3.12/site-packages/airflow/example_dags/example_trigger_controller_dag.py
[2026-05-10T17:40:25.771+0000] {logging_mixin.py:188} INFO - [2026-05-10T17:40:25.771+0000] {dag.py:3089} INFO - Sync 1 DAGs
[2026-05-10T17:40:25.793+0000] {logging_mixin.py:188} INFO - [2026-05-10T17:40:25.793+0000] {dag.py:3947} INFO - Setting next_dagrun for example_trigger_controller_dag to 2021-01-01 00:00:00+00:00, run_after=2021-01-01 00:00:00+00:00
[2026-05-10T17:40:25.821+0000] {processor.py:183} INFO - Processing /home/airflow/.local/lib/python3.12/site-packages/airflow/example_dags/example_trigger_controller_dag.py took 0.090 seconds
[2026-05-10T17:40:56.454+0000] {processor.py:161} INFO - Started process (PID=42798) to work on /home/airflow/.local/lib/python3.12/site-packages/airflow/example_dags/example_trigger_controller_dag.py
[2026-05-10T17:40:56.457+0000] {processor.py:830} INFO - Processing file /home/airflow/.local/lib/python3.12/site-packages/airflow/example_dags/example_trigger_controller_dag.py for tasks to queue
[2026-05-10T17:40:56.460+0000] {logging_mixin.py:188} INFO - [2026-05-10T17:40:56.459+0000] {dagbag.py:545} INFO - Filling up the DagBag from /home/airflow/.local/lib/python3.12/site-packages/airflow/example_dags/example_trigger_controller_dag.py
[2026-05-10T17:40:56.470+0000] {processor.py:840} INFO - DAG(s) 'example_trigger_controller_dag' retrieved from /home/airflow/.local/lib/python3.12/site-packages/airflow/example_dags/example_trigger_controller_dag.py
[2026-05-10T17:40:56.510+0000] {logging_mixin.py:188} INFO - [2026-05-10T17:40:56.509+0000] {dag.py:3089} INFO - Sync 1 DAGs
[2026-05-10T17:40:56.550+0000] {logging_mixin.py:188} INFO - [2026-05-10T17:40:56.550+0000] {dag.py:3947} INFO - Setting next_dagrun for example_trigger_controller_dag to 2021-01-01 00:00:00+00:00, run_after=2021-01-01 00:00:00+00:00
[2026-05-10T17:40:56.595+0000] {processor.py:183} INFO - Processing /home/airflow/.local/lib/python3.12/site-packages/airflow/example_dags/example_trigger_controller_dag.py took 0.151 seconds
[2026-05-10T17:41:27.247+0000] {processor.py:161} INFO - Started process (PID=42873) to work on /home/airflow/.local/lib/python3.12/site-packages/airflow/example_dags/example_trigger_controller_dag.py
[2026-05-10T17:41:27.250+0000] {processor.py:830} INFO - Processing file /home/airflow/.local/lib/python3.12/site-packages/airflow/example_dags/example_trigger_controller_dag.py for tasks to queue
[2026-05-10T17:41:27.252+0000] {logging_mixin.py:188} INFO - [2026-05-10T17:41:27.251+0000] {dagbag.py:545} INFO - Filling up the DagBag from /home/airflow/.local/lib/python3.12/site-packages/airflow/example_dags/example_trigger_controller_dag.py
[2026-05-10T17:41:27.260+0000] {processor.py:840} INFO - DAG(s) 'example_trigger_controller_dag' retrieved from /home/airflow/.local/lib/python3.12/site-packages/airflow/example_dags/example_trigger_controller_dag.py
[2026-05-10T17:41:27.283+0000] {logging_mixin.py:188} INFO - [2026-05-10T17:41:27.283+0000] {dag.py:3089} INFO - Sync 1 DAGs
[2026-05-10T17:41:27.301+0000] {logging_mixin.py:188} INFO - [2026-05-10T17:41:27.301+0000] {dag.py:3947} INFO - Setting next_dagrun for example_trigger_controller_dag to 2021-01-01 00:00:00+00:00, run_after=2021-01-01 00:00:00+00:00
[2026-05-10T17:41:27.323+0000] {processor.py:183} INFO - Processing /home/airflow/.local/lib/python3.12/site-packages/airflow/example_dags/example_trigger_controller_dag.py took 0.086 seconds
[2026-05-10T17:41:58.034+0000] {processor.py:161} INFO - Started process (PID=42941) to work on /home/airflow/.local/lib/python3.12/site-packages/airflow/example_dags/example_trigger_controller_dag.py
[2026-05-10T17:41:58.036+0000] {processor.py:830} INFO - Processing file /home/airflow/.local/lib/python3.12/site-packages/airflow/example_dags/example_trigger_controller_dag.py for tasks to queue
[2026-05-10T17:41:58.038+0000] {logging_mixin.py:188} INFO - [2026-05-10T17:41:58.038+0000] {dagbag.py:545} INFO - Filling up the DagBag from /home/airflow/.local/lib/python3.12/site-packages/airflow/example_dags/example_trigger_controller_dag.py
[2026-05-10T17:41:58.050+0000] {processor.py:840} INFO - DAG(s) 'example_trigger_controller_dag' retrieved from /home/airflow/.local/lib/python3.12/site-packages/airflow/example_dags/example_trigger_controller_dag.py
[2026-05-10T17:41:58.090+0000] {logging_mixin.py:188} INFO - [2026-05-10T17:41:58.090+0000] {dag.py:3089} INFO - Sync 1 DAGs
[2026-05-10T17:41:58.130+0000] {logging_mixin.py:188} INFO - [2026-05-10T17:41:58.130+0000] {dag.py:3947} INFO - Setting next_dagrun for example_trigger_controller_dag to 2021-01-01 00:00:00+00:00, run_after=2021-01-01 00:00:00+00:00
[2026-05-10T17:41:58.166+0000] {processor.py:183} INFO - Processing /home/airflow/.local/lib/python3.12/site-packages/airflow/example_dags/example_trigger_controller_dag.py took 0.146 seconds
[2026-05-10T17:42:28.835+0000] {processor.py:161} INFO - Started process (PID=43009) to work on /home/airflow/.local/lib/python3.12/site-packages/airflow/example_dags/example_trigger_controller_dag.py
[2026-05-10T17:42:28.837+0000] {processor.py:830} INFO - Processing file /home/airflow/.local/lib/python3.12/site-packages/airflow/example_dags/example_trigger_controller_dag.py for tasks to queue
[2026-05-10T17:42:28.838+0000] {logging_mixin.py:188} INFO - [2026-05-10T17:42:28.838+0000] {dagbag.py:545} INFO - Filling up the DagBag from /home/airflow/.local/lib/python3.12/site-packages/airflow/example_dags/example_trigger_controller_dag.py
[2026-05-10T17:42:28.847+0000] {processor.py:840} INFO - DAG(s) 'example_trigger_controller_dag' retrieved from /home/airflow/.local/lib/python3.12/site-packages/airflow/example_dags/example_trigger_controller_dag.py
[2026-05-10T17:42:28.878+0000] {logging_mixin.py:188} INFO - [2026-05-10T17:42:28.877+0000] {dag.py:3089} INFO - Sync 1 DAGs
[2026-05-10T17:42:28.917+0000] {logging_mixin.py:188} INFO - [2026-05-10T17:42:28.916+0000] {dag.py:3947} INFO - Setting next_dagrun for example_trigger_controller_dag to 2021-01-01 00:00:00+00:00, run_after=2021-01-01 00:00:00+00:00
[2026-05-10T17:42:28.969+0000] {processor.py:183} INFO - Processing /home/airflow/.local/lib/python3.12/site-packages/airflow/example_dags/example_trigger_controller_dag.py took 0.148 seconds
[2026-05-10T17:42:59.199+0000] {processor.py:161} INFO - Started process (PID=43084) to work on /home/airflow/.local/lib/python3.12/site-packages/airflow/example_dags/example_trigger_controller_dag.py
[2026-05-10T17:42:59.201+0000] {processor.py:830} INFO - Processing file /home/airflow/.local/lib/python3.12/site-packages/airflow/example_dags/example_trigger_controller_dag.py for tasks to queue
[2026-05-10T17:42:59.210+0000] {logging_mixin.py:188} INFO - [2026-05-10T17:42:59.209+0000] {dagbag.py:545} INFO - Filling up the DagBag from /home/airflow/.local/lib/python3.12/site-packages/airflow/example_dags/example_trigger_controller_dag.py
[2026-05-10T17:42:59.221+0000] {processor.py:840} INFO - DAG(s) 'example_trigger_controller_dag' retrieved from /home/airflow/.local/lib/python3.12/site-packages/airflow/example_dags/example_trigger_controller_dag.py
[2026-05-10T17:42:59.265+0000] {logging_mixin.py:188} INFO - [2026-05-10T17:42:59.265+0000] {dag.py:3089} INFO - Sync 1 DAGs
[2026-05-10T17:42:59.291+0000] {logging_mixin.py:188} INFO - [2026-05-10T17:42:59.290+0000] {dag.py:3947} INFO - Setting next_dagrun for example_trigger_controller_dag to 2021-01-01 00:00:00+00:00, run_after=2021-01-01 00:00:00+00:00
[2026-05-10T17:42:59.318+0000] {processor.py:183} INFO - Processing /home/airflow/.local/lib/python3.12/site-packages/airflow/example_dags/example_trigger_controller_dag.py took 0.128 seconds
[2026-05-10T17:43:29.511+0000] {processor.py:161} INFO - Started process (PID=43152) to work on /home/airflow/.local/lib/python3.12/site-packages/airflow/example_dags/example_trigger_controller_dag.py
[2026-05-10T17:43:29.513+0000] {processor.py:830} INFO - Processing file /home/airflow/.local/lib/python3.12/site-packages/airflow/example_dags/example_trigger_controller_dag.py for tasks to queue
[2026-05-10T17:43:29.515+0000] {logging_mixin.py:188} INFO - [2026-05-10T17:43:29.514+0000] {dagbag.py:545} INFO - Filling up the DagBag from /home/airflow/.local/lib/python3.12/site-packages/airflow/example_dags/example_trigger_controller_dag.py
[2026-05-10T17:43:29.522+0000] {processor.py:840} INFO - DAG(s) 'example_trigger_controller_dag' retrieved from /home/airflow/.local/lib/python3.12/site-packages/airflow/example_dags/example_trigger_controller_dag.py
[2026-05-10T17:43:29.553+0000] {logging_mixin.py:188} INFO - [2026-05-10T17:43:29.552+0000] {dag.py:3089} INFO - Sync 1 DAGs
[2026-05-10T17:43:29.589+0000] {logging_mixin.py:188} INFO - [2026-05-10T17:43:29.589+0000] {dag.py:3947} INFO - Setting next_dagrun for example_trigger_controller_dag to 2021-01-01 00:00:00+00:00, run_after=2021-01-01 00:00:00+00:00
[2026-05-10T17:43:29.626+0000] {processor.py:183} INFO - Processing /home/airflow/.local/lib/python3.12/site-packages/airflow/example_dags/example_trigger_controller_dag.py took 0.127 seconds
[2026-05-10T17:43:59.786+0000] {processor.py:161} INFO - Started process (PID=43220) to work on /home/airflow/.local/lib/python3.12/site-packages/airflow/example_dags/example_trigger_controller_dag.py
[2026-05-10T17:43:59.788+0000] {processor.py:830} INFO - Processing file /home/airflow/.local/lib/python3.12/site-packages/airflow/example_dags/example_trigger_controller_dag.py for tasks to queue
[2026-05-10T17:43:59.790+0000] {logging_mixin.py:188} INFO - [2026-05-10T17:43:59.789+0000] {dagbag.py:545} INFO - Filling up the DagBag from /home/airflow/.local/lib/python3.12/site-packages/airflow/example_dags/example_trigger_controller_dag.py
[2026-05-10T17:43:59.797+0000] {processor.py:840} INFO - DAG(s) 'example_trigger_controller_dag' retrieved from /home/airflow/.local/lib/python3.12/site-packages/airflow/example_dags/example_trigger_controller_dag.py
[2026-05-10T17:43:59.828+0000] {logging_mixin.py:188} INFO - [2026-05-10T17:43:59.828+0000] {dag.py:3089} INFO - Sync 1 DAGs
[2026-05-10T17:43:59.857+0000] {logging_mixin.py:188} INFO - [2026-05-10T17:43:59.856+0000] {dag.py:3947} INFO - Setting next_dagrun for example_trigger_controller_dag to 2021-01-01 00:00:00+00:00, run_after=2021-01-01 00:00:00+00:00
[2026-05-10T17:43:59.897+0000] {processor.py:183} INFO - Processing /home/airflow/.local/lib/python3.12/site-packages/airflow/example_dags/example_trigger_controller_dag.py took 0.125 seconds
[2026-05-10T17:44:30.092+0000] {processor.py:161} INFO - Started process (PID=43295) to work on /home/airflow/.local/lib/python3.12/site-packages/airflow/example_dags/example_trigger_controller_dag.py
[2026-05-10T17:44:30.094+0000] {processor.py:830} INFO - Processing file /home/airflow/.local/lib/python3.12/site-packages/airflow/example_dags/example_trigger_controller_dag.py for tasks to queue
[2026-05-10T17:44:30.096+0000] {logging_mixin.py:188} INFO - [2026-05-10T17:44:30.096+0000] {dagbag.py:545} INFO - Filling up the DagBag from /home/airflow/.local/lib/python3.12/site-packages/airflow/example_dags/example_trigger_controller_dag.py
[2026-05-10T17:44:30.107+0000] {processor.py:840} INFO - DAG(s) 'example_trigger_controller_dag' retrieved from /home/airflow/.local/lib/python3.12/site-packages/airflow/example_dags/example_trigger_controller_dag.py
[2026-05-10T17:44:30.136+0000] {logging_mixin.py:188} INFO - [2026-05-10T17:44:30.136+0000] {dag.py:3089} INFO - Sync 1 DAGs
[2026-05-10T17:44:30.166+0000] {logging_mixin.py:188} INFO - [2026-05-10T17:44:30.165+0000] {dag.py:3947} INFO - Setting next_dagrun for example_trigger_controller_dag to 2021-01-01 00:00:00+00:00, run_after=2021-01-01 00:00:00+00:00
[2026-05-10T17:44:30.203+0000] {processor.py:183} INFO - Processing /home/airflow/.local/lib/python3.12/site-packages/airflow/example_dags/example_trigger_controller_dag.py took 0.124 seconds
[2026-05-10T17:45:00.346+0000] {processor.py:161} INFO - Started process (PID=43363) to work on /home/airflow/.local/lib/python3.12/site-packages/airflow/example_dags/example_trigger_controller_dag.py
[2026-05-10T17:45:00.348+0000] {processor.py:830} INFO - Processing file /home/airflow/.local/lib/python3.12/site-packages/airflow/example_dags/example_trigger_controller_dag.py for tasks to queue
[2026-05-10T17:45:00.349+0000] {logging_mixin.py:188} INFO - [2026-05-10T17:45:00.348+0000] {dagbag.py:545} INFO - Filling up the DagBag from /home/airflow/.local/lib/python3.12/site-packages/airflow/example_dags/example_trigger_controller_dag.py
[2026-05-10T17:45:00.357+0000] {processor.py:840} INFO - DAG(s) 'example_trigger_controller_dag' retrieved from /home/airflow/.local/lib/python3.12/site-packages/airflow/example_dags/example_trigger_controller_dag.py
[2026-05-10T17:45:00.383+0000] {logging_mixin.py:188} INFO - [2026-05-10T17:45:00.383+0000] {dag.py:3089} INFO - Sync 1 DAGs
[2026-05-10T17:45:00.407+0000] {logging_mixin.py:188} INFO - [2026-05-10T17:45:00.406+0000] {dag.py:3947} INFO - Setting next_dagrun for example_trigger_controller_dag to 2021-01-01 00:00:00+00:00, run_after=2021-01-01 00:00:00+00:00
[2026-05-10T17:45:00.435+0000] {processor.py:183} INFO - Processing /home/airflow/.local/lib/python3.12/site-packages/airflow/example_dags/example_trigger_controller_dag.py took 0.099 seconds
[2026-05-10T17:45:30.887+0000] {processor.py:161} INFO - Started process (PID=43437) to work on /home/airflow/.local/lib/python3.12/site-packages/airflow/example_dags/example_trigger_controller_dag.py
[2026-05-10T17:45:30.889+0000] {processor.py:830} INFO - Processing file /home/airflow/.local/lib/python3.12/site-packages/airflow/example_dags/example_trigger_controller_dag.py for tasks to queue
[2026-05-10T17:45:30.890+0000] {logging_mixin.py:188} INFO - [2026-05-10T17:45:30.890+0000] {dagbag.py:545} INFO - Filling up the DagBag from /home/airflow/.local/lib/python3.12/site-packages/airflow/example_dags/example_trigger_controller_dag.py
[2026-05-10T17:45:30.896+0000] {processor.py:840} INFO - DAG(s) 'example_trigger_controller_dag' retrieved from /home/airflow/.local/lib/python3.12/site-packages/airflow/example_dags/example_trigger_controller_dag.py
[2026-05-10T17:45:30.929+0000] {logging_mixin.py:188} INFO - [2026-05-10T17:45:30.929+0000] {dag.py:3089} INFO - Sync 1 DAGs
[2026-05-10T17:45:30.970+0000] {logging_mixin.py:188} INFO - [2026-05-10T17:45:30.969+0000] {dag.py:3947} INFO - Setting next_dagrun for example_trigger_controller_dag to 2021-01-01 00:00:00+00:00, run_after=2021-01-01 00:00:00+00:00
[2026-05-10T17:45:31.010+0000] {processor.py:183} INFO - Processing /home/airflow/.local/lib/python3.12/site-packages/airflow/example_dags/example_trigger_controller_dag.py took 0.129 seconds
[2026-05-10T17:46:01.219+0000] {processor.py:161} INFO - Started process (PID=43506) to work on /home/airflow/.local/lib/python3.12/site-packages/airflow/example_dags/example_trigger_controller_dag.py
[2026-05-10T17:46:01.223+0000] {processor.py:830} INFO - Processing file /home/airflow/.local/lib/python3.12/site-packages/airflow/example_dags/example_trigger_controller_dag.py for tasks to queue
[2026-05-10T17:46:01.225+0000] {logging_mixin.py:188} INFO - [2026-05-10T17:46:01.224+0000] {dagbag.py:545} INFO - Filling up the DagBag from /home/airflow/.local/lib/python3.12/site-packages/airflow/example_dags/example_trigger_controller_dag.py
[2026-05-10T17:46:01.238+0000] {processor.py:840} INFO - DAG(s) 'example_trigger_controller_dag' retrieved from /home/airflow/.local/lib/python3.12/site-packages/airflow/example_dags/example_trigger_controller_dag.py
[2026-05-10T17:46:01.285+0000] {logging_mixin.py:188} INFO - [2026-05-10T17:46:01.285+0000] {dag.py:3089} INFO - Sync 1 DAGs
[2026-05-10T17:46:01.327+0000] {logging_mixin.py:188} INFO - [2026-05-10T17:46:01.327+0000] {dag.py:3947} INFO - Setting next_dagrun for example_trigger_controller_dag to 2021-01-01 00:00:00+00:00, run_after=2021-01-01 00:00:00+00:00
[2026-05-10T17:46:01.396+0000] {processor.py:183} INFO - Processing /home/airflow/.local/lib/python3.12/site-packages/airflow/example_dags/example_trigger_controller_dag.py took 0.192 seconds
[2026-05-10T17:46:31.573+0000] {processor.py:161} INFO - Started process (PID=43573) to work on /home/airflow/.local/lib/python3.12/site-packages/airflow/example_dags/example_trigger_controller_dag.py
[2026-05-10T17:46:31.574+0000] {processor.py:830} INFO - Processing file /home/airflow/.local/lib/python3.12/site-packages/airflow/example_dags/example_trigger_controller_dag.py for tasks to queue
[2026-05-10T17:46:31.575+0000] {logging_mixin.py:188} INFO - [2026-05-10T17:46:31.575+0000] {dagbag.py:545} INFO - Filling up the DagBag from /home/airflow/.local/lib/python3.12/site-packages/airflow/example_dags/example_trigger_controller_dag.py
[2026-05-10T17:46:31.579+0000] {processor.py:840} INFO - DAG(s) 'example_trigger_controller_dag' retrieved from /home/airflow/.local/lib/python3.12/site-packages/airflow/example_dags/example_trigger_controller_dag.py
[2026-05-10T17:46:31.598+0000] {logging_mixin.py:188} INFO - [2026-05-10T17:46:31.598+0000] {dag.py:3089} INFO - Sync 1 DAGs
[2026-05-10T17:46:31.618+0000] {logging_mixin.py:188} INFO - [2026-05-10T17:46:31.618+0000] {dag.py:3947} INFO - Setting next_dagrun for example_trigger_controller_dag to 2021-01-01 00:00:00+00:00, run_after=2021-01-01 00:00:00+00:00
[2026-05-10T17:46:31.639+0000] {processor.py:183} INFO - Processing /home/airflow/.local/lib/python3.12/site-packages/airflow/example_dags/example_trigger_controller_dag.py took 0.072 seconds
[2026-05-10T17:47:01.901+0000] {processor.py:161} INFO - Started process (PID=43640) to work on /home/airflow/.local/lib/python3.12/site-packages/airflow/example_dags/example_trigger_controller_dag.py
[2026-05-10T17:47:01.903+0000] {processor.py:830} INFO - Processing file /home/airflow/.local/lib/python3.12/site-packages/airflow/example_dags/example_trigger_controller_dag.py for tasks to queue
[2026-05-10T17:47:01.905+0000] {logging_mixin.py:188} INFO - [2026-05-10T17:47:01.904+0000] {dagbag.py:545} INFO - Filling up the DagBag from /home/airflow/.local/lib/python3.12/site-packages/airflow/example_dags/example_trigger_controller_dag.py
[2026-05-10T17:47:01.916+0000] {processor.py:840} INFO - DAG(s) 'example_trigger_controller_dag' retrieved from /home/airflow/.local/lib/python3.12/site-packages/airflow/example_dags/example_trigger_controller_dag.py
[2026-05-10T17:47:01.959+0000] {logging_mixin.py:188} INFO - [2026-05-10T17:47:01.959+0000] {dag.py:3089} INFO - Sync 1 DAGs
[2026-05-10T17:47:01.994+0000] {logging_mixin.py:188} INFO - [2026-05-10T17:47:01.993+0000] {dag.py:3947} INFO - Setting next_dagrun for example_trigger_controller_dag to 2021-01-01 00:00:00+00:00, run_after=2021-01-01 00:00:00+00:00
[2026-05-10T17:47:02.032+0000] {processor.py:183} INFO - Processing /home/airflow/.local/lib/python3.12/site-packages/airflow/example_dags/example_trigger_controller_dag.py took 0.144 seconds
[2026-05-10T17:47:32.595+0000] {processor.py:161} INFO - Started process (PID=43708) to work on /home/airflow/.local/lib/python3.12/site-packages/airflow/example_dags/example_trigger_controller_dag.py
[2026-05-10T17:47:32.598+0000] {processor.py:830} INFO - Processing file /home/airflow/.local/lib/python3.12/site-packages/airflow/example_dags/example_trigger_controller_dag.py for tasks to queue
[2026-05-10T17:47:32.600+0000] {logging_mixin.py:188} INFO - [2026-05-10T17:47:32.600+0000] {dagbag.py:545} INFO - Filling up the DagBag from /home/airflow/.local/lib/python3.12/site-packages/airflow/example_dags/example_trigger_controller_dag.py
[2026-05-10T17:47:32.612+0000] {processor.py:840} INFO - DAG(s) 'example_trigger_controller_dag' retrieved from /home/airflow/.local/lib/python3.12/site-packages/airflow/example_dags/example_trigger_controller_dag.py
[2026-05-10T17:47:32.654+0000] {logging_mixin.py:188} INFO - [2026-05-10T17:47:32.653+0000] {dag.py:3089} INFO - Sync 1 DAGs
[2026-05-10T17:47:32.699+0000] {logging_mixin.py:188} INFO - [2026-05-10T17:47:32.698+0000] {dag.py:3947} INFO - Setting next_dagrun for example_trigger_controller_dag to 2021-01-01 00:00:00+00:00, run_after=2021-01-01 00:00:00+00:00
[2026-05-10T17:47:32.771+0000] {processor.py:183} INFO - Processing /home/airflow/.local/lib/python3.12/site-packages/airflow/example_dags/example_trigger_controller_dag.py took 0.189 seconds
[2026-05-10T17:48:04.692+0000] {processor.py:161} INFO - Started process (PID=43783) to work on /home/airflow/.local/lib/python3.12/site-packages/airflow/example_dags/example_trigger_controller_dag.py
[2026-05-10T17:48:04.694+0000] {processor.py:830} INFO - Processing file /home/airflow/.local/lib/python3.12/site-packages/airflow/example_dags/example_trigger_controller_dag.py for tasks to queue
[2026-05-10T17:48:04.696+0000] {logging_mixin.py:188} INFO - [2026-05-10T17:48:04.696+0000] {dagbag.py:545} INFO - Filling up the DagBag from /home/airflow/.local/lib/python3.12/site-packages/airflow/example_dags/example_trigger_controller_dag.py
[2026-05-10T17:48:04.705+0000] {processor.py:840} INFO - DAG(s) 'example_trigger_controller_dag' retrieved from /home/airflow/.local/lib/python3.12/site-packages/airflow/example_dags/example_trigger_controller_dag.py
[2026-05-10T17:48:04.741+0000] {logging_mixin.py:188} INFO - [2026-05-10T17:48:04.740+0000] {dag.py:3089} INFO - Sync 1 DAGs
[2026-05-10T17:48:04.774+0000] {logging_mixin.py:188} INFO - [2026-05-10T17:48:04.773+0000] {dag.py:3947} INFO - Setting next_dagrun for example_trigger_controller_dag to 2021-01-01 00:00:00+00:00, run_after=2021-01-01 00:00:00+00:00
[2026-05-10T17:48:04.808+0000] {processor.py:183} INFO - Processing /home/airflow/.local/lib/python3.12/site-packages/airflow/example_dags/example_trigger_controller_dag.py took 0.128 seconds
[2026-05-10T17:48:35.783+0000] {processor.py:161} INFO - Started process (PID=43851) to work on /home/airflow/.local/lib/python3.12/site-packages/airflow/example_dags/example_trigger_controller_dag.py
[2026-05-10T17:48:35.786+0000] {processor.py:830} INFO - Processing file /home/airflow/.local/lib/python3.12/site-packages/airflow/example_dags/example_trigger_controller_dag.py for tasks to queue
[2026-05-10T17:48:35.788+0000] {logging_mixin.py:188} INFO - [2026-05-10T17:48:35.787+0000] {dagbag.py:545} INFO - Filling up the DagBag from /home/airflow/.local/lib/python3.12/site-packages/airflow/example_dags/example_trigger_controller_dag.py
[2026-05-10T17:48:35.797+0000] {processor.py:840} INFO - DAG(s) 'example_trigger_controller_dag' retrieved from /home/airflow/.local/lib/python3.12/site-packages/airflow/example_dags/example_trigger_controller_dag.py
[2026-05-10T17:48:35.836+0000] {logging_mixin.py:188} INFO - [2026-05-10T17:48:35.835+0000] {dag.py:3089} INFO - Sync 1 DAGs
[2026-05-10T17:48:35.872+0000] {logging_mixin.py:188} INFO - [2026-05-10T17:48:35.872+0000] {dag.py:3947} INFO - Setting next_dagrun for example_trigger_controller_dag to 2021-01-01 00:00:00+00:00, run_after=2021-01-01 00:00:00+00:00
[2026-05-10T17:48:35.909+0000] {processor.py:183} INFO - Processing /home/airflow/.local/lib/python3.12/site-packages/airflow/example_dags/example_trigger_controller_dag.py took 0.138 seconds
[2026-05-10T17:49:06.238+0000] {processor.py:161} INFO - Started process (PID=43919) to work on /home/airflow/.local/lib/python3.12/site-packages/airflow/example_dags/example_trigger_controller_dag.py
[2026-05-10T17:49:06.241+0000] {processor.py:830} INFO - Processing file /home/airflow/.local/lib/python3.12/site-packages/airflow/example_dags/example_trigger_controller_dag.py for tasks to queue
[2026-05-10T17:49:06.243+0000] {logging_mixin.py:188} INFO - [2026-05-10T17:49:06.243+0000] {dagbag.py:545} INFO - Filling up the DagBag from /home/airflow/.local/lib/python3.12/site-packages/airflow/example_dags/example_trigger_controller_dag.py
[2026-05-10T17:49:06.253+0000] {processor.py:840} INFO - DAG(s) 'example_trigger_controller_dag' retrieved from /home/airflow/.local/lib/python3.12/site-packages/airflow/example_dags/example_trigger_controller_dag.py
[2026-05-10T17:49:06.292+0000] {logging_mixin.py:188} INFO - [2026-05-10T17:49:06.292+0000] {dag.py:3089} INFO - Sync 1 DAGs
[2026-05-10T17:49:06.333+0000] {logging_mixin.py:188} INFO - [2026-05-10T17:49:06.332+0000] {dag.py:3947} INFO - Setting next_dagrun for example_trigger_controller_dag to 2021-01-01 00:00:00+00:00, run_after=2021-01-01 00:00:00+00:00
[2026-05-10T17:49:06.611+0000] {processor.py:183} INFO - Processing /home/airflow/.local/lib/python3.12/site-packages/airflow/example_dags/example_trigger_controller_dag.py took 0.384 seconds
[2026-05-10T17:49:37.163+0000] {processor.py:161} INFO - Started process (PID=43987) to work on /home/airflow/.local/lib/python3.12/site-packages/airflow/example_dags/example_trigger_controller_dag.py
[2026-05-10T17:49:37.165+0000] {processor.py:830} INFO - Processing file /home/airflow/.local/lib/python3.12/site-packages/airflow/example_dags/example_trigger_controller_dag.py for tasks to queue
[2026-05-10T17:49:37.168+0000] {logging_mixin.py:188} INFO - [2026-05-10T17:49:37.167+0000] {dagbag.py:545} INFO - Filling up the DagBag from /home/airflow/.local/lib/python3.12/site-packages/airflow/example_dags/example_trigger_controller_dag.py
[2026-05-10T17:49:37.177+0000] {processor.py:840} INFO - DAG(s) 'example_trigger_controller_dag' retrieved from /home/airflow/.local/lib/python3.12/site-packages/airflow/example_dags/example_trigger_controller_dag.py
[2026-05-10T17:49:37.214+0000] {logging_mixin.py:188} INFO - [2026-05-10T17:49:37.214+0000] {dag.py:3089} INFO - Sync 1 DAGs
[2026-05-10T17:49:37.250+0000] {logging_mixin.py:188} INFO - [2026-05-10T17:49:37.249+0000] {dag.py:3947} INFO - Setting next_dagrun for example_trigger_controller_dag to 2021-01-01 00:00:00+00:00, run_after=2021-01-01 00:00:00+00:00
[2026-05-10T17:49:37.286+0000] {processor.py:183} INFO - Processing /home/airflow/.local/lib/python3.12/site-packages/airflow/example_dags/example_trigger_controller_dag.py took 0.134 seconds
[2026-05-10T17:50:07.634+0000] {processor.py:161} INFO - Started process (PID=44055) to work on /home/airflow/.local/lib/python3.12/site-packages/airflow/example_dags/example_trigger_controller_dag.py
[2026-05-10T17:50:07.636+0000] {processor.py:830} INFO - Processing file /home/airflow/.local/lib/python3.12/site-packages/airflow/example_dags/example_trigger_controller_dag.py for tasks to queue
[2026-05-10T17:50:07.638+0000] {logging_mixin.py:188} INFO - [2026-05-10T17:50:07.637+0000] {dagbag.py:545} INFO - Filling up the DagBag from /home/airflow/.local/lib/python3.12/site-packages/airflow/example_dags/example_trigger_controller_dag.py
[2026-05-10T17:50:07.647+0000] {processor.py:840} INFO - DAG(s) 'example_trigger_controller_dag' retrieved from /home/airflow/.local/lib/python3.12/site-packages/airflow/example_dags/example_trigger_controller_dag.py
[2026-05-10T17:50:07.682+0000] {logging_mixin.py:188} INFO - [2026-05-10T17:50:07.682+0000] {dag.py:3089} INFO - Sync 1 DAGs
[2026-05-10T17:50:07.724+0000] {logging_mixin.py:188} INFO - [2026-05-10T17:50:07.723+0000] {dag.py:3947} INFO - Setting next_dagrun for example_trigger_controller_dag to 2021-01-01 00:00:00+00:00, run_after=2021-01-01 00:00:00+00:00
[2026-05-10T17:50:07.763+0000] {processor.py:183} INFO - Processing /home/airflow/.local/lib/python3.12/site-packages/airflow/example_dags/example_trigger_controller_dag.py took 0.139 seconds
[2026-05-10T17:50:39.118+0000] {processor.py:161} INFO - Started process (PID=44123) to work on /home/airflow/.local/lib/python3.12/site-packages/airflow/example_dags/example_trigger_controller_dag.py
[2026-05-10T17:50:39.122+0000] {processor.py:830} INFO - Processing file /home/airflow/.local/lib/python3.12/site-packages/airflow/example_dags/example_trigger_controller_dag.py for tasks to queue
[2026-05-10T17:50:39.125+0000] {logging_mixin.py:188} INFO - [2026-05-10T17:50:39.124+0000] {dagbag.py:545} INFO - Filling up the DagBag from /home/airflow/.local/lib/python3.12/site-packages/airflow/example_dags/example_trigger_controller_dag.py
[2026-05-10T17:50:39.137+0000] {processor.py:840} INFO - DAG(s) 'example_trigger_controller_dag' retrieved from /home/airflow/.local/lib/python3.12/site-packages/airflow/example_dags/example_trigger_controller_dag.py
[2026-05-10T17:50:39.522+0000] {logging_mixin.py:188} INFO - [2026-05-10T17:50:39.521+0000] {dag.py:3089} INFO - Sync 1 DAGs
[2026-05-10T17:50:39.570+0000] {logging_mixin.py:188} INFO - [2026-05-10T17:50:39.569+0000] {dag.py:3947} INFO - Setting next_dagrun for example_trigger_controller_dag to 2021-01-01 00:00:00+00:00, run_after=2021-01-01 00:00:00+00:00
[2026-05-10T17:50:39.619+0000] {processor.py:183} INFO - Processing /home/airflow/.local/lib/python3.12/site-packages/airflow/example_dags/example_trigger_controller_dag.py took 0.518 seconds
[2026-05-10T17:51:09.968+0000] {processor.py:161} INFO - Started process (PID=44192) to work on /home/airflow/.local/lib/python3.12/site-packages/airflow/example_dags/example_trigger_controller_dag.py
[2026-05-10T17:51:09.971+0000] {processor.py:830} INFO - Processing file /home/airflow/.local/lib/python3.12/site-packages/airflow/example_dags/example_trigger_controller_dag.py for tasks to queue
[2026-05-10T17:51:09.973+0000] {logging_mixin.py:188} INFO - [2026-05-10T17:51:09.973+0000] {dagbag.py:545} INFO - Filling up the DagBag from /home/airflow/.local/lib/python3.12/site-packages/airflow/example_dags/example_trigger_controller_dag.py
[2026-05-10T17:51:09.985+0000] {processor.py:840} INFO - DAG(s) 'example_trigger_controller_dag' retrieved from /home/airflow/.local/lib/python3.12/site-packages/airflow/example_dags/example_trigger_controller_dag.py
[2026-05-10T17:51:10.024+0000] {logging_mixin.py:188} INFO - [2026-05-10T17:51:10.024+0000] {dag.py:3089} INFO - Sync 1 DAGs
[2026-05-10T17:51:10.071+0000] {logging_mixin.py:188} INFO - [2026-05-10T17:51:10.071+0000] {dag.py:3947} INFO - Setting next_dagrun for example_trigger_controller_dag to 2021-01-01 00:00:00+00:00, run_after=2021-01-01 00:00:00+00:00
[2026-05-10T17:51:10.161+0000] {processor.py:183} INFO - Processing /home/airflow/.local/lib/python3.12/site-packages/airflow/example_dags/example_trigger_controller_dag.py took 0.204 seconds
[2026-05-10T17:51:40.401+0000] {processor.py:161} INFO - Started process (PID=44262) to work on /home/airflow/.local/lib/python3.12/site-packages/airflow/example_dags/example_trigger_controller_dag.py
[2026-05-10T17:51:40.404+0000] {processor.py:830} INFO - Processing file /home/airflow/.local/lib/python3.12/site-packages/airflow/example_dags/example_trigger_controller_dag.py for tasks to queue
[2026-05-10T17:51:40.406+0000] {logging_mixin.py:188} INFO - [2026-05-10T17:51:40.405+0000] {dagbag.py:545} INFO - Filling up the DagBag from /home/airflow/.local/lib/python3.12/site-packages/airflow/example_dags/example_trigger_controller_dag.py
[2026-05-10T17:51:40.420+0000] {processor.py:840} INFO - DAG(s) 'example_trigger_controller_dag' retrieved from /home/airflow/.local/lib/python3.12/site-packages/airflow/example_dags/example_trigger_controller_dag.py
[2026-05-10T17:51:40.466+0000] {logging_mixin.py:188} INFO - [2026-05-10T17:51:40.466+0000] {dag.py:3089} INFO - Sync 1 DAGs
[2026-05-10T17:51:40.509+0000] {logging_mixin.py:188} INFO - [2026-05-10T17:51:40.509+0000] {dag.py:3947} INFO - Setting next_dagrun for example_trigger_controller_dag to 2021-01-01 00:00:00+00:00, run_after=2021-01-01 00:00:00+00:00
[2026-05-10T17:51:40.558+0000] {processor.py:183} INFO - Processing /home/airflow/.local/lib/python3.12/site-packages/airflow/example_dags/example_trigger_controller_dag.py took 0.171 seconds
[2026-05-10T17:52:11.359+0000] {processor.py:161} INFO - Started process (PID=44337) to work on /home/airflow/.local/lib/python3.12/site-packages/airflow/example_dags/example_trigger_controller_dag.py
[2026-05-10T17:52:11.361+0000] {processor.py:830} INFO - Processing file /home/airflow/.local/lib/python3.12/site-packages/airflow/example_dags/example_trigger_controller_dag.py for tasks to queue
[2026-05-10T17:52:11.363+0000] {logging_mixin.py:188} INFO - [2026-05-10T17:52:11.363+0000] {dagbag.py:545} INFO - Filling up the DagBag from /home/airflow/.local/lib/python3.12/site-packages/airflow/example_dags/example_trigger_controller_dag.py
[2026-05-10T17:52:11.373+0000] {processor.py:840} INFO - DAG(s) 'example_trigger_controller_dag' retrieved from /home/airflow/.local/lib/python3.12/site-packages/airflow/example_dags/example_trigger_controller_dag.py
[2026-05-10T17:52:11.409+0000] {logging_mixin.py:188} INFO - [2026-05-10T17:52:11.408+0000] {dag.py:3089} INFO - Sync 1 DAGs
[2026-05-10T17:52:11.447+0000] {logging_mixin.py:188} INFO - [2026-05-10T17:52:11.446+0000] {dag.py:3947} INFO - Setting next_dagrun for example_trigger_controller_dag to 2021-01-01 00:00:00+00:00, run_after=2021-01-01 00:00:00+00:00
[2026-05-10T17:52:11.518+0000] {processor.py:183} INFO - Processing /home/airflow/.local/lib/python3.12/site-packages/airflow/example_dags/example_trigger_controller_dag.py took 0.169 seconds
[2026-05-10T17:52:42.154+0000] {processor.py:161} INFO - Started process (PID=44405) to work on /home/airflow/.local/lib/python3.12/site-packages/airflow/example_dags/example_trigger_controller_dag.py
[2026-05-10T17:52:42.156+0000] {processor.py:830} INFO - Processing file /home/airflow/.local/lib/python3.12/site-packages/airflow/example_dags/example_trigger_controller_dag.py for tasks to queue
[2026-05-10T17:52:42.158+0000] {logging_mixin.py:188} INFO - [2026-05-10T17:52:42.157+0000] {dagbag.py:545} INFO - Filling up the DagBag from /home/airflow/.local/lib/python3.12/site-packages/airflow/example_dags/example_trigger_controller_dag.py
[2026-05-10T17:52:42.168+0000] {processor.py:840} INFO - DAG(s) 'example_trigger_controller_dag' retrieved from /home/airflow/.local/lib/python3.12/site-packages/airflow/example_dags/example_trigger_controller_dag.py
[2026-05-10T17:52:42.205+0000] {logging_mixin.py:188} INFO - [2026-05-10T17:52:42.204+0000] {dag.py:3089} INFO - Sync 1 DAGs
[2026-05-10T17:52:42.238+0000] {logging_mixin.py:188} INFO - [2026-05-10T17:52:42.238+0000] {dag.py:3947} INFO - Setting next_dagrun for example_trigger_controller_dag to 2021-01-01 00:00:00+00:00, run_after=2021-01-01 00:00:00+00:00
[2026-05-10T17:52:42.299+0000] {processor.py:183} INFO - Processing /home/airflow/.local/lib/python3.12/site-packages/airflow/example_dags/example_trigger_controller_dag.py took 0.155 seconds
[2026-05-10T17:53:13.045+0000] {processor.py:161} INFO - Started process (PID=44471) to work on /home/airflow/.local/lib/python3.12/site-packages/airflow/example_dags/example_trigger_controller_dag.py
[2026-05-10T17:53:13.052+0000] {processor.py:830} INFO - Processing file /home/airflow/.local/lib/python3.12/site-packages/airflow/example_dags/example_trigger_controller_dag.py for tasks to queue
[2026-05-10T17:53:13.054+0000] {logging_mixin.py:188} INFO - [2026-05-10T17:53:13.053+0000] {dagbag.py:545} INFO - Filling up the DagBag from /home/airflow/.local/lib/python3.12/site-packages/airflow/example_dags/example_trigger_controller_dag.py
[2026-05-10T17:53:13.064+0000] {processor.py:840} INFO - DAG(s) 'example_trigger_controller_dag' retrieved from /home/airflow/.local/lib/python3.12/site-packages/airflow/example_dags/example_trigger_controller_dag.py
[2026-05-10T17:53:13.103+0000] {logging_mixin.py:188} INFO - [2026-05-10T17:53:13.102+0000] {dag.py:3089} INFO - Sync 1 DAGs
[2026-05-10T17:53:13.137+0000] {logging_mixin.py:188} INFO - [2026-05-10T17:53:13.136+0000] {dag.py:3947} INFO - Setting next_dagrun for example_trigger_controller_dag to 2021-01-01 00:00:00+00:00, run_after=2021-01-01 00:00:00+00:00
[2026-05-10T17:53:13.172+0000] {processor.py:183} INFO - Processing /home/airflow/.local/lib/python3.12/site-packages/airflow/example_dags/example_trigger_controller_dag.py took 0.138 seconds
[2026-05-10T17:53:43.688+0000] {processor.py:161} INFO - Started process (PID=44538) to work on /home/airflow/.local/lib/python3.12/site-packages/airflow/example_dags/example_trigger_controller_dag.py
[2026-05-10T17:53:43.692+0000] {processor.py:830} INFO - Processing file /home/airflow/.local/lib/python3.12/site-packages/airflow/example_dags/example_trigger_controller_dag.py for tasks to queue
[2026-05-10T17:53:43.694+0000] {logging_mixin.py:188} INFO - [2026-05-10T17:53:43.693+0000] {dagbag.py:545} INFO - Filling up the DagBag from /home/airflow/.local/lib/python3.12/site-packages/airflow/example_dags/example_trigger_controller_dag.py
[2026-05-10T17:53:43.703+0000] {processor.py:840} INFO - DAG(s) 'example_trigger_controller_dag' retrieved from /home/airflow/.local/lib/python3.12/site-packages/airflow/example_dags/example_trigger_controller_dag.py
[2026-05-10T17:53:43.746+0000] {logging_mixin.py:188} INFO - [2026-05-10T17:53:43.745+0000] {dag.py:3089} INFO - Sync 1 DAGs
[2026-05-10T17:53:43.789+0000] {logging_mixin.py:188} INFO - [2026-05-10T17:53:43.789+0000] {dag.py:3947} INFO - Setting next_dagrun for example_trigger_controller_dag to 2021-01-01 00:00:00+00:00, run_after=2021-01-01 00:00:00+00:00
[2026-05-10T17:53:43.942+0000] {processor.py:183} INFO - Processing /home/airflow/.local/lib/python3.12/site-packages/airflow/example_dags/example_trigger_controller_dag.py took 0.264 seconds
[2026-05-10T17:54:14.561+0000] {processor.py:161} INFO - Started process (PID=44605) to work on /home/airflow/.local/lib/python3.12/site-packages/airflow/example_dags/example_trigger_controller_dag.py
[2026-05-10T17:54:14.564+0000] {processor.py:830} INFO - Processing file /home/airflow/.local/lib/python3.12/site-packages/airflow/example_dags/example_trigger_controller_dag.py for tasks to queue
[2026-05-10T17:54:14.566+0000] {logging_mixin.py:188} INFO - [2026-05-10T17:54:14.565+0000] {dagbag.py:545} INFO - Filling up the DagBag from /home/airflow/.local/lib/python3.12/site-packages/airflow/example_dags/example_trigger_controller_dag.py
[2026-05-10T17:54:14.577+0000] {processor.py:840} INFO - DAG(s) 'example_trigger_controller_dag' retrieved from /home/airflow/.local/lib/python3.12/site-packages/airflow/example_dags/example_trigger_controller_dag.py
[2026-05-10T17:54:14.609+0000] {logging_mixin.py:188} INFO - [2026-05-10T17:54:14.608+0000] {dag.py:3089} INFO - Sync 1 DAGs
[2026-05-10T17:54:14.646+0000] {logging_mixin.py:188} INFO - [2026-05-10T17:54:14.646+0000] {dag.py:3947} INFO - Setting next_dagrun for example_trigger_controller_dag to 2021-01-01 00:00:00+00:00, run_after=2021-01-01 00:00:00+00:00
[2026-05-10T17:54:14.714+0000] {processor.py:183} INFO - Processing /home/airflow/.local/lib/python3.12/site-packages/airflow/example_dags/example_trigger_controller_dag.py took 0.164 seconds
[2026-05-10T17:54:44.986+0000] {processor.py:161} INFO - Started process (PID=44672) to work on /home/airflow/.local/lib/python3.12/site-packages/airflow/example_dags/example_trigger_controller_dag.py
[2026-05-10T17:54:44.995+0000] {processor.py:830} INFO - Processing file /home/airflow/.local/lib/python3.12/site-packages/airflow/example_dags/example_trigger_controller_dag.py for tasks to queue
[2026-05-10T17:54:44.998+0000] {logging_mixin.py:188} INFO - [2026-05-10T17:54:44.997+0000] {dagbag.py:545} INFO - Filling up the DagBag from /home/airflow/.local/lib/python3.12/site-packages/airflow/example_dags/example_trigger_controller_dag.py
[2026-05-10T17:54:45.015+0000] {processor.py:840} INFO - DAG(s) 'example_trigger_controller_dag' retrieved from /home/airflow/.local/lib/python3.12/site-packages/airflow/example_dags/example_trigger_controller_dag.py
[2026-05-10T17:54:45.052+0000] {logging_mixin.py:188} INFO - [2026-05-10T17:54:45.051+0000] {dag.py:3089} INFO - Sync 1 DAGs
[2026-05-10T17:54:45.087+0000] {logging_mixin.py:188} INFO - [2026-05-10T17:54:45.087+0000] {dag.py:3947} INFO - Setting next_dagrun for example_trigger_controller_dag to 2021-01-01 00:00:00+00:00, run_after=2021-01-01 00:00:00+00:00
[2026-05-10T17:54:45.151+0000] {processor.py:183} INFO - Processing /home/airflow/.local/lib/python3.12/site-packages/airflow/example_dags/example_trigger_controller_dag.py took 0.176 seconds
[2026-05-10T17:55:15.992+0000] {processor.py:161} INFO - Started process (PID=44740) to work on /home/airflow/.local/lib/python3.12/site-packages/airflow/example_dags/example_trigger_controller_dag.py
[2026-05-10T17:55:15.995+0000] {processor.py:830} INFO - Processing file /home/airflow/.local/lib/python3.12/site-packages/airflow/example_dags/example_trigger_controller_dag.py for tasks to queue
[2026-05-10T17:55:15.997+0000] {logging_mixin.py:188} INFO - [2026-05-10T17:55:15.997+0000] {dagbag.py:545} INFO - Filling up the DagBag from /home/airflow/.local/lib/python3.12/site-packages/airflow/example_dags/example_trigger_controller_dag.py
[2026-05-10T17:55:16.010+0000] {processor.py:840} INFO - DAG(s) 'example_trigger_controller_dag' retrieved from /home/airflow/.local/lib/python3.12/site-packages/airflow/example_dags/example_trigger_controller_dag.py
[2026-05-10T17:55:16.049+0000] {logging_mixin.py:188} INFO - [2026-05-10T17:55:16.049+0000] {dag.py:3089} INFO - Sync 1 DAGs
[2026-05-10T17:55:16.091+0000] {logging_mixin.py:188} INFO - [2026-05-10T17:55:16.091+0000] {dag.py:3947} INFO - Setting next_dagrun for example_trigger_controller_dag to 2021-01-01 00:00:00+00:00, run_after=2021-01-01 00:00:00+00:00
[2026-05-10T17:55:16.134+0000] {processor.py:183} INFO - Processing /home/airflow/.local/lib/python3.12/site-packages/airflow/example_dags/example_trigger_controller_dag.py took 0.154 seconds
[2026-05-10T17:55:46.310+0000] {processor.py:161} INFO - Started process (PID=44815) to work on /home/airflow/.local/lib/python3.12/site-packages/airflow/example_dags/example_trigger_controller_dag.py
[2026-05-10T17:55:46.312+0000] {processor.py:830} INFO - Processing file /home/airflow/.local/lib/python3.12/site-packages/airflow/example_dags/example_trigger_controller_dag.py for tasks to queue
[2026-05-10T17:55:46.313+0000] {logging_mixin.py:188} INFO - [2026-05-10T17:55:46.313+0000] {dagbag.py:545} INFO - Filling up the DagBag from /home/airflow/.local/lib/python3.12/site-packages/airflow/example_dags/example_trigger_controller_dag.py
[2026-05-10T17:55:46.326+0000] {processor.py:840} INFO - DAG(s) 'example_trigger_controller_dag' retrieved from /home/airflow/.local/lib/python3.12/site-packages/airflow/example_dags/example_trigger_controller_dag.py
[2026-05-10T17:55:46.376+0000] {logging_mixin.py:188} INFO - [2026-05-10T17:55:46.376+0000] {dag.py:3089} INFO - Sync 1 DAGs
[2026-05-10T17:55:46.434+0000] {logging_mixin.py:188} INFO - [2026-05-10T17:55:46.433+0000] {dag.py:3947} INFO - Setting next_dagrun for example_trigger_controller_dag to 2021-01-01 00:00:00+00:00, run_after=2021-01-01 00:00:00+00:00
[2026-05-10T17:55:46.490+0000] {processor.py:183} INFO - Processing /home/airflow/.local/lib/python3.12/site-packages/airflow/example_dags/example_trigger_controller_dag.py took 0.198 seconds
[2026-05-10T17:56:17.134+0000] {processor.py:161} INFO - Started process (PID=44882) to work on /home/airflow/.local/lib/python3.12/site-packages/airflow/example_dags/example_trigger_controller_dag.py
[2026-05-10T17:56:17.136+0000] {processor.py:830} INFO - Processing file /home/airflow/.local/lib/python3.12/site-packages/airflow/example_dags/example_trigger_controller_dag.py for tasks to queue
[2026-05-10T17:56:17.138+0000] {logging_mixin.py:188} INFO - [2026-05-10T17:56:17.137+0000] {dagbag.py:545} INFO - Filling up the DagBag from /home/airflow/.local/lib/python3.12/site-packages/airflow/example_dags/example_trigger_controller_dag.py
[2026-05-10T17:56:17.147+0000] {processor.py:840} INFO - DAG(s) 'example_trigger_controller_dag' retrieved from /home/airflow/.local/lib/python3.12/site-packages/airflow/example_dags/example_trigger_controller_dag.py
[2026-05-10T17:56:17.184+0000] {logging_mixin.py:188} INFO - [2026-05-10T17:56:17.184+0000] {dag.py:3089} INFO - Sync 1 DAGs
[2026-05-10T17:56:17.225+0000] {logging_mixin.py:188} INFO - [2026-05-10T17:56:17.225+0000] {dag.py:3947} INFO - Setting next_dagrun for example_trigger_controller_dag to 2021-01-01 00:00:00+00:00, run_after=2021-01-01 00:00:00+00:00
[2026-05-10T17:56:17.270+0000] {processor.py:183} INFO - Processing /home/airflow/.local/lib/python3.12/site-packages/airflow/example_dags/example_trigger_controller_dag.py took 0.146 seconds
[2026-05-10T17:56:47.802+0000] {processor.py:161} INFO - Started process (PID=44950) to work on /home/airflow/.local/lib/python3.12/site-packages/airflow/example_dags/example_trigger_controller_dag.py
[2026-05-10T17:56:47.804+0000] {processor.py:830} INFO - Processing file /home/airflow/.local/lib/python3.12/site-packages/airflow/example_dags/example_trigger_controller_dag.py for tasks to queue
[2026-05-10T17:56:47.806+0000] {logging_mixin.py:188} INFO - [2026-05-10T17:56:47.805+0000] {dagbag.py:545} INFO - Filling up the DagBag from /home/airflow/.local/lib/python3.12/site-packages/airflow/example_dags/example_trigger_controller_dag.py
[2026-05-10T17:56:47.814+0000] {processor.py:840} INFO - DAG(s) 'example_trigger_controller_dag' retrieved from /home/airflow/.local/lib/python3.12/site-packages/airflow/example_dags/example_trigger_controller_dag.py
[2026-05-10T17:56:47.852+0000] {logging_mixin.py:188} INFO - [2026-05-10T17:56:47.852+0000] {dag.py:3089} INFO - Sync 1 DAGs
[2026-05-10T17:56:47.891+0000] {logging_mixin.py:188} INFO - [2026-05-10T17:56:47.890+0000] {dag.py:3947} INFO - Setting next_dagrun for example_trigger_controller_dag to 2021-01-01 00:00:00+00:00, run_after=2021-01-01 00:00:00+00:00
[2026-05-10T17:56:47.951+0000] {processor.py:183} INFO - Processing /home/airflow/.local/lib/python3.12/site-packages/airflow/example_dags/example_trigger_controller_dag.py took 0.159 seconds
[2026-05-10T17:57:18.482+0000] {processor.py:161} INFO - Started process (PID=45018) to work on /home/airflow/.local/lib/python3.12/site-packages/airflow/example_dags/example_trigger_controller_dag.py
[2026-05-10T17:57:18.484+0000] {processor.py:830} INFO - Processing file /home/airflow/.local/lib/python3.12/site-packages/airflow/example_dags/example_trigger_controller_dag.py for tasks to queue
[2026-05-10T17:57:18.485+0000] {logging_mixin.py:188} INFO - [2026-05-10T17:57:18.485+0000] {dagbag.py:545} INFO - Filling up the DagBag from /home/airflow/.local/lib/python3.12/site-packages/airflow/example_dags/example_trigger_controller_dag.py
[2026-05-10T17:57:18.495+0000] {processor.py:840} INFO - DAG(s) 'example_trigger_controller_dag' retrieved from /home/airflow/.local/lib/python3.12/site-packages/airflow/example_dags/example_trigger_controller_dag.py
[2026-05-10T17:57:18.533+0000] {logging_mixin.py:188} INFO - [2026-05-10T17:57:18.533+0000] {dag.py:3089} INFO - Sync 1 DAGs
[2026-05-10T17:57:18.571+0000] {logging_mixin.py:188} INFO - [2026-05-10T17:57:18.570+0000] {dag.py:3947} INFO - Setting next_dagrun for example_trigger_controller_dag to 2021-01-01 00:00:00+00:00, run_after=2021-01-01 00:00:00+00:00
[2026-05-10T17:57:18.731+0000] {processor.py:183} INFO - Processing /home/airflow/.local/lib/python3.12/site-packages/airflow/example_dags/example_trigger_controller_dag.py took 0.259 seconds
[2026-05-10T17:57:48.832+0000] {processor.py:161} INFO - Started process (PID=45086) to work on /home/airflow/.local/lib/python3.12/site-packages/airflow/example_dags/example_trigger_controller_dag.py
[2026-05-10T17:57:48.835+0000] {processor.py:830} INFO - Processing file /home/airflow/.local/lib/python3.12/site-packages/airflow/example_dags/example_trigger_controller_dag.py for tasks to queue
[2026-05-10T17:57:48.837+0000] {logging_mixin.py:188} INFO - [2026-05-10T17:57:48.836+0000] {dagbag.py:545} INFO - Filling up the DagBag from /home/airflow/.local/lib/python3.12/site-packages/airflow/example_dags/example_trigger_controller_dag.py
[2026-05-10T17:57:48.850+0000] {processor.py:840} INFO - DAG(s) 'example_trigger_controller_dag' retrieved from /home/airflow/.local/lib/python3.12/site-packages/airflow/example_dags/example_trigger_controller_dag.py
[2026-05-10T17:57:48.894+0000] {logging_mixin.py:188} INFO - [2026-05-10T17:57:48.893+0000] {dag.py:3089} INFO - Sync 1 DAGs
[2026-05-10T17:57:48.941+0000] {logging_mixin.py:188} INFO - [2026-05-10T17:57:48.940+0000] {dag.py:3947} INFO - Setting next_dagrun for example_trigger_controller_dag to 2021-01-01 00:00:00+00:00, run_after=2021-01-01 00:00:00+00:00
[2026-05-10T17:57:48.992+0000] {processor.py:183} INFO - Processing /home/airflow/.local/lib/python3.12/site-packages/airflow/example_dags/example_trigger_controller_dag.py took 0.169 seconds
[2026-05-10T17:58:19.739+0000] {processor.py:161} INFO - Started process (PID=45154) to work on /home/airflow/.local/lib/python3.12/site-packages/airflow/example_dags/example_trigger_controller_dag.py
[2026-05-10T17:58:19.741+0000] {processor.py:830} INFO - Processing file /home/airflow/.local/lib/python3.12/site-packages/airflow/example_dags/example_trigger_controller_dag.py for tasks to queue
[2026-05-10T17:58:19.744+0000] {logging_mixin.py:188} INFO - [2026-05-10T17:58:19.744+0000] {dagbag.py:545} INFO - Filling up the DagBag from /home/airflow/.local/lib/python3.12/site-packages/airflow/example_dags/example_trigger_controller_dag.py
[2026-05-10T17:58:19.757+0000] {processor.py:840} INFO - DAG(s) 'example_trigger_controller_dag' retrieved from /home/airflow/.local/lib/python3.12/site-packages/airflow/example_dags/example_trigger_controller_dag.py
[2026-05-10T17:58:19.799+0000] {logging_mixin.py:188} INFO - [2026-05-10T17:58:19.799+0000] {dag.py:3089} INFO - Sync 1 DAGs
[2026-05-10T17:58:19.837+0000] {logging_mixin.py:188} INFO - [2026-05-10T17:58:19.837+0000] {dag.py:3947} INFO - Setting next_dagrun for example_trigger_controller_dag to 2021-01-01 00:00:00+00:00, run_after=2021-01-01 00:00:00+00:00
[2026-05-10T17:58:19.904+0000] {processor.py:183} INFO - Processing /home/airflow/.local/lib/python3.12/site-packages/airflow/example_dags/example_trigger_controller_dag.py took 0.176 seconds
[2026-05-10T17:58:50.185+0000] {processor.py:161} INFO - Started process (PID=45222) to work on /home/airflow/.local/lib/python3.12/site-packages/airflow/example_dags/example_trigger_controller_dag.py
[2026-05-10T17:58:50.188+0000] {processor.py:830} INFO - Processing file /home/airflow/.local/lib/python3.12/site-packages/airflow/example_dags/example_trigger_controller_dag.py for tasks to queue
[2026-05-10T17:58:50.190+0000] {logging_mixin.py:188} INFO - [2026-05-10T17:58:50.189+0000] {dagbag.py:545} INFO - Filling up the DagBag from /home/airflow/.local/lib/python3.12/site-packages/airflow/example_dags/example_trigger_controller_dag.py
[2026-05-10T17:58:50.201+0000] {processor.py:840} INFO - DAG(s) 'example_trigger_controller_dag' retrieved from /home/airflow/.local/lib/python3.12/site-packages/airflow/example_dags/example_trigger_controller_dag.py
[2026-05-10T17:58:50.244+0000] {logging_mixin.py:188} INFO - [2026-05-10T17:58:50.243+0000] {dag.py:3089} INFO - Sync 1 DAGs
[2026-05-10T17:58:50.281+0000] {logging_mixin.py:188} INFO - [2026-05-10T17:58:50.280+0000] {dag.py:3947} INFO - Setting next_dagrun for example_trigger_controller_dag to 2021-01-01 00:00:00+00:00, run_after=2021-01-01 00:00:00+00:00
[2026-05-10T17:58:50.349+0000] {processor.py:183} INFO - Processing /home/airflow/.local/lib/python3.12/site-packages/airflow/example_dags/example_trigger_controller_dag.py took 0.175 seconds
[2026-05-10T17:59:20.782+0000] {processor.py:161} INFO - Started process (PID=45295) to work on /home/airflow/.local/lib/python3.12/site-packages/airflow/example_dags/example_trigger_controller_dag.py
[2026-05-10T17:59:20.785+0000] {processor.py:830} INFO - Processing file /home/airflow/.local/lib/python3.12/site-packages/airflow/example_dags/example_trigger_controller_dag.py for tasks to queue
[2026-05-10T17:59:20.787+0000] {logging_mixin.py:188} INFO - [2026-05-10T17:59:20.786+0000] {dagbag.py:545} INFO - Filling up the DagBag from /home/airflow/.local/lib/python3.12/site-packages/airflow/example_dags/example_trigger_controller_dag.py
[2026-05-10T17:59:20.796+0000] {processor.py:840} INFO - DAG(s) 'example_trigger_controller_dag' retrieved from /home/airflow/.local/lib/python3.12/site-packages/airflow/example_dags/example_trigger_controller_dag.py
[2026-05-10T17:59:20.833+0000] {logging_mixin.py:188} INFO - [2026-05-10T17:59:20.832+0000] {dag.py:3089} INFO - Sync 1 DAGs
[2026-05-10T17:59:20.869+0000] {logging_mixin.py:188} INFO - [2026-05-10T17:59:20.868+0000] {dag.py:3947} INFO - Setting next_dagrun for example_trigger_controller_dag to 2021-01-01 00:00:00+00:00, run_after=2021-01-01 00:00:00+00:00
[2026-05-10T17:59:20.940+0000] {processor.py:183} INFO - Processing /home/airflow/.local/lib/python3.12/site-packages/airflow/example_dags/example_trigger_controller_dag.py took 0.169 seconds
[2026-05-10T17:59:51.161+0000] {processor.py:161} INFO - Started process (PID=45364) to work on /home/airflow/.local/lib/python3.12/site-packages/airflow/example_dags/example_trigger_controller_dag.py
[2026-05-10T17:59:51.163+0000] {processor.py:830} INFO - Processing file /home/airflow/.local/lib/python3.12/site-packages/airflow/example_dags/example_trigger_controller_dag.py for tasks to queue
[2026-05-10T17:59:51.165+0000] {logging_mixin.py:188} INFO - [2026-05-10T17:59:51.164+0000] {dagbag.py:545} INFO - Filling up the DagBag from /home/airflow/.local/lib/python3.12/site-packages/airflow/example_dags/example_trigger_controller_dag.py
[2026-05-10T17:59:51.174+0000] {processor.py:840} INFO - DAG(s) 'example_trigger_controller_dag' retrieved from /home/airflow/.local/lib/python3.12/site-packages/airflow/example_dags/example_trigger_controller_dag.py
[2026-05-10T17:59:51.207+0000] {logging_mixin.py:188} INFO - [2026-05-10T17:59:51.207+0000] {dag.py:3089} INFO - Sync 1 DAGs
[2026-05-10T17:59:51.244+0000] {logging_mixin.py:188} INFO - [2026-05-10T17:59:51.243+0000] {dag.py:3947} INFO - Setting next_dagrun for example_trigger_controller_dag to 2021-01-01 00:00:00+00:00, run_after=2021-01-01 00:00:00+00:00
[2026-05-10T17:59:51.300+0000] {processor.py:183} INFO - Processing /home/airflow/.local/lib/python3.12/site-packages/airflow/example_dags/example_trigger_controller_dag.py took 0.150 seconds
[2026-05-10T18:00:21.611+0000] {processor.py:161} INFO - Started process (PID=45433) to work on /home/airflow/.local/lib/python3.12/site-packages/airflow/example_dags/example_trigger_controller_dag.py
[2026-05-10T18:00:21.613+0000] {processor.py:830} INFO - Processing file /home/airflow/.local/lib/python3.12/site-packages/airflow/example_dags/example_trigger_controller_dag.py for tasks to queue
[2026-05-10T18:00:21.616+0000] {logging_mixin.py:188} INFO - [2026-05-10T18:00:21.616+0000] {dagbag.py:545} INFO - Filling up the DagBag from /home/airflow/.local/lib/python3.12/site-packages/airflow/example_dags/example_trigger_controller_dag.py
[2026-05-10T18:00:21.626+0000] {processor.py:840} INFO - DAG(s) 'example_trigger_controller_dag' retrieved from /home/airflow/.local/lib/python3.12/site-packages/airflow/example_dags/example_trigger_controller_dag.py
[2026-05-10T18:00:21.670+0000] {logging_mixin.py:188} INFO - [2026-05-10T18:00:21.669+0000] {dag.py:3089} INFO - Sync 1 DAGs
[2026-05-10T18:00:21.719+0000] {logging_mixin.py:188} INFO - [2026-05-10T18:00:21.719+0000] {dag.py:3947} INFO - Setting next_dagrun for example_trigger_controller_dag to 2021-01-01 00:00:00+00:00, run_after=2021-01-01 00:00:00+00:00
[2026-05-10T18:00:21.792+0000] {processor.py:183} INFO - Processing /home/airflow/.local/lib/python3.12/site-packages/airflow/example_dags/example_trigger_controller_dag.py took 0.195 seconds
[2026-05-10T18:00:52.692+0000] {processor.py:161} INFO - Started process (PID=45501) to work on /home/airflow/.local/lib/python3.12/site-packages/airflow/example_dags/example_trigger_controller_dag.py
[2026-05-10T18:00:52.699+0000] {processor.py:830} INFO - Processing file /home/airflow/.local/lib/python3.12/site-packages/airflow/example_dags/example_trigger_controller_dag.py for tasks to queue
[2026-05-10T18:00:52.702+0000] {logging_mixin.py:188} INFO - [2026-05-10T18:00:52.701+0000] {dagbag.py:545} INFO - Filling up the DagBag from /home/airflow/.local/lib/python3.12/site-packages/airflow/example_dags/example_trigger_controller_dag.py
[2026-05-10T18:00:52.720+0000] {processor.py:840} INFO - DAG(s) 'example_trigger_controller_dag' retrieved from /home/airflow/.local/lib/python3.12/site-packages/airflow/example_dags/example_trigger_controller_dag.py
[2026-05-10T18:00:52.764+0000] {logging_mixin.py:188} INFO - [2026-05-10T18:00:52.763+0000] {dag.py:3089} INFO - Sync 1 DAGs
[2026-05-10T18:00:52.817+0000] {logging_mixin.py:188} INFO - [2026-05-10T18:00:52.816+0000] {dag.py:3947} INFO - Setting next_dagrun for example_trigger_controller_dag to 2021-01-01 00:00:00+00:00, run_after=2021-01-01 00:00:00+00:00
[2026-05-10T18:00:53.013+0000] {processor.py:183} INFO - Processing /home/airflow/.local/lib/python3.12/site-packages/airflow/example_dags/example_trigger_controller_dag.py took 0.335 seconds
[2026-05-10T18:01:23.280+0000] {processor.py:161} INFO - Started process (PID=45569) to work on /home/airflow/.local/lib/python3.12/site-packages/airflow/example_dags/example_trigger_controller_dag.py
[2026-05-10T18:01:23.282+0000] {processor.py:830} INFO - Processing file /home/airflow/.local/lib/python3.12/site-packages/airflow/example_dags/example_trigger_controller_dag.py for tasks to queue
[2026-05-10T18:01:23.285+0000] {logging_mixin.py:188} INFO - [2026-05-10T18:01:23.284+0000] {dagbag.py:545} INFO - Filling up the DagBag from /home/airflow/.local/lib/python3.12/site-packages/airflow/example_dags/example_trigger_controller_dag.py
[2026-05-10T18:01:23.296+0000] {processor.py:840} INFO - DAG(s) 'example_trigger_controller_dag' retrieved from /home/airflow/.local/lib/python3.12/site-packages/airflow/example_dags/example_trigger_controller_dag.py
[2026-05-10T18:01:23.345+0000] {logging_mixin.py:188} INFO - [2026-05-10T18:01:23.344+0000] {dag.py:3089} INFO - Sync 1 DAGs
[2026-05-10T18:01:23.394+0000] {logging_mixin.py:188} INFO - [2026-05-10T18:01:23.393+0000] {dag.py:3947} INFO - Setting next_dagrun for example_trigger_controller_dag to 2021-01-01 00:00:00+00:00, run_after=2021-01-01 00:00:00+00:00
[2026-05-10T18:01:23.470+0000] {processor.py:183} INFO - Processing /home/airflow/.local/lib/python3.12/site-packages/airflow/example_dags/example_trigger_controller_dag.py took 0.199 seconds
[2026-05-10T18:01:53.751+0000] {processor.py:161} INFO - Started process (PID=45637) to work on /home/airflow/.local/lib/python3.12/site-packages/airflow/example_dags/example_trigger_controller_dag.py
[2026-05-10T18:01:53.753+0000] {processor.py:830} INFO - Processing file /home/airflow/.local/lib/python3.12/site-packages/airflow/example_dags/example_trigger_controller_dag.py for tasks to queue
[2026-05-10T18:01:53.755+0000] {logging_mixin.py:188} INFO - [2026-05-10T18:01:53.755+0000] {dagbag.py:545} INFO - Filling up the DagBag from /home/airflow/.local/lib/python3.12/site-packages/airflow/example_dags/example_trigger_controller_dag.py
[2026-05-10T18:01:53.769+0000] {processor.py:840} INFO - DAG(s) 'example_trigger_controller_dag' retrieved from /home/airflow/.local/lib/python3.12/site-packages/airflow/example_dags/example_trigger_controller_dag.py
[2026-05-10T18:01:53.818+0000] {logging_mixin.py:188} INFO - [2026-05-10T18:01:53.817+0000] {dag.py:3089} INFO - Sync 1 DAGs
[2026-05-10T18:01:53.868+0000] {logging_mixin.py:188} INFO - [2026-05-10T18:01:53.867+0000] {dag.py:3947} INFO - Setting next_dagrun for example_trigger_controller_dag to 2021-01-01 00:00:00+00:00, run_after=2021-01-01 00:00:00+00:00
[2026-05-10T18:01:53.908+0000] {processor.py:183} INFO - Processing /home/airflow/.local/lib/python3.12/site-packages/airflow/example_dags/example_trigger_controller_dag.py took 0.170 seconds
[2026-05-10T18:02:24.188+0000] {processor.py:161} INFO - Started process (PID=45705) to work on /home/airflow/.local/lib/python3.12/site-packages/airflow/example_dags/example_trigger_controller_dag.py
[2026-05-10T18:02:24.190+0000] {processor.py:830} INFO - Processing file /home/airflow/.local/lib/python3.12/site-packages/airflow/example_dags/example_trigger_controller_dag.py for tasks to queue
[2026-05-10T18:02:24.194+0000] {logging_mixin.py:188} INFO - [2026-05-10T18:02:24.193+0000] {dagbag.py:545} INFO - Filling up the DagBag from /home/airflow/.local/lib/python3.12/site-packages/airflow/example_dags/example_trigger_controller_dag.py
[2026-05-10T18:02:24.204+0000] {processor.py:840} INFO - DAG(s) 'example_trigger_controller_dag' retrieved from /home/airflow/.local/lib/python3.12/site-packages/airflow/example_dags/example_trigger_controller_dag.py
[2026-05-10T18:02:24.239+0000] {logging_mixin.py:188} INFO - [2026-05-10T18:02:24.238+0000] {dag.py:3089} INFO - Sync 1 DAGs
[2026-05-10T18:02:24.271+0000] {logging_mixin.py:188} INFO - [2026-05-10T18:02:24.271+0000] {dag.py:3947} INFO - Setting next_dagrun for example_trigger_controller_dag to 2021-01-01 00:00:00+00:00, run_after=2021-01-01 00:00:00+00:00
[2026-05-10T18:02:24.301+0000] {processor.py:183} INFO - Processing /home/airflow/.local/lib/python3.12/site-packages/airflow/example_dags/example_trigger_controller_dag.py took 0.124 seconds
[2026-05-10T18:02:54.607+0000] {processor.py:161} INFO - Started process (PID=45773) to work on /home/airflow/.local/lib/python3.12/site-packages/airflow/example_dags/example_trigger_controller_dag.py
[2026-05-10T18:02:54.609+0000] {processor.py:830} INFO - Processing file /home/airflow/.local/lib/python3.12/site-packages/airflow/example_dags/example_trigger_controller_dag.py for tasks to queue
[2026-05-10T18:02:54.612+0000] {logging_mixin.py:188} INFO - [2026-05-10T18:02:54.612+0000] {dagbag.py:545} INFO - Filling up the DagBag from /home/airflow/.local/lib/python3.12/site-packages/airflow/example_dags/example_trigger_controller_dag.py
[2026-05-10T18:02:54.626+0000] {processor.py:840} INFO - DAG(s) 'example_trigger_controller_dag' retrieved from /home/airflow/.local/lib/python3.12/site-packages/airflow/example_dags/example_trigger_controller_dag.py
[2026-05-10T18:02:54.680+0000] {logging_mixin.py:188} INFO - [2026-05-10T18:02:54.679+0000] {dag.py:3089} INFO - Sync 1 DAGs
[2026-05-10T18:02:54.730+0000] {logging_mixin.py:188} INFO - [2026-05-10T18:02:54.729+0000] {dag.py:3947} INFO - Setting next_dagrun for example_trigger_controller_dag to 2021-01-01 00:00:00+00:00, run_after=2021-01-01 00:00:00+00:00
[2026-05-10T18:02:54.802+0000] {processor.py:183} INFO - Processing /home/airflow/.local/lib/python3.12/site-packages/airflow/example_dags/example_trigger_controller_dag.py took 0.212 seconds
[2026-05-10T18:03:24.866+0000] {processor.py:161} INFO - Started process (PID=45848) to work on /home/airflow/.local/lib/python3.12/site-packages/airflow/example_dags/example_trigger_controller_dag.py
[2026-05-10T18:03:24.868+0000] {processor.py:830} INFO - Processing file /home/airflow/.local/lib/python3.12/site-packages/airflow/example_dags/example_trigger_controller_dag.py for tasks to queue
[2026-05-10T18:03:24.869+0000] {logging_mixin.py:188} INFO - [2026-05-10T18:03:24.869+0000] {dagbag.py:545} INFO - Filling up the DagBag from /home/airflow/.local/lib/python3.12/site-packages/airflow/example_dags/example_trigger_controller_dag.py
[2026-05-10T18:03:24.877+0000] {processor.py:840} INFO - DAG(s) 'example_trigger_controller_dag' retrieved from /home/airflow/.local/lib/python3.12/site-packages/airflow/example_dags/example_trigger_controller_dag.py
[2026-05-10T18:03:24.910+0000] {logging_mixin.py:188} INFO - [2026-05-10T18:03:24.909+0000] {dag.py:3089} INFO - Sync 1 DAGs
[2026-05-10T18:03:24.939+0000] {logging_mixin.py:188} INFO - [2026-05-10T18:03:24.938+0000] {dag.py:3947} INFO - Setting next_dagrun for example_trigger_controller_dag to 2021-01-01 00:00:00+00:00, run_after=2021-01-01 00:00:00+00:00
[2026-05-10T18:03:24.972+0000] {processor.py:183} INFO - Processing /home/airflow/.local/lib/python3.12/site-packages/airflow/example_dags/example_trigger_controller_dag.py took 0.117 seconds
[2026-05-10T18:03:55.227+0000] {processor.py:161} INFO - Started process (PID=45915) to work on /home/airflow/.local/lib/python3.12/site-packages/airflow/example_dags/example_trigger_controller_dag.py
[2026-05-10T18:03:55.229+0000] {processor.py:830} INFO - Processing file /home/airflow/.local/lib/python3.12/site-packages/airflow/example_dags/example_trigger_controller_dag.py for tasks to queue
[2026-05-10T18:03:55.231+0000] {logging_mixin.py:188} INFO - [2026-05-10T18:03:55.230+0000] {dagbag.py:545} INFO - Filling up the DagBag from /home/airflow/.local/lib/python3.12/site-packages/airflow/example_dags/example_trigger_controller_dag.py
[2026-05-10T18:03:55.242+0000] {processor.py:840} INFO - DAG(s) 'example_trigger_controller_dag' retrieved from /home/airflow/.local/lib/python3.12/site-packages/airflow/example_dags/example_trigger_controller_dag.py
[2026-05-10T18:03:55.285+0000] {logging_mixin.py:188} INFO - [2026-05-10T18:03:55.284+0000] {dag.py:3089} INFO - Sync 1 DAGs
[2026-05-10T18:03:55.328+0000] {logging_mixin.py:188} INFO - [2026-05-10T18:03:55.327+0000] {dag.py:3947} INFO - Setting next_dagrun for example_trigger_controller_dag to 2021-01-01 00:00:00+00:00, run_after=2021-01-01 00:00:00+00:00
[2026-05-10T18:03:55.389+0000] {processor.py:183} INFO - Processing /home/airflow/.local/lib/python3.12/site-packages/airflow/example_dags/example_trigger_controller_dag.py took 0.174 seconds
[2026-05-10T18:04:25.484+0000] {processor.py:161} INFO - Started process (PID=45983) to work on /home/airflow/.local/lib/python3.12/site-packages/airflow/example_dags/example_trigger_controller_dag.py
[2026-05-10T18:04:25.490+0000] {processor.py:830} INFO - Processing file /home/airflow/.local/lib/python3.12/site-packages/airflow/example_dags/example_trigger_controller_dag.py for tasks to queue
[2026-05-10T18:04:25.495+0000] {logging_mixin.py:188} INFO - [2026-05-10T18:04:25.495+0000] {dagbag.py:545} INFO - Filling up the DagBag from /home/airflow/.local/lib/python3.12/site-packages/airflow/example_dags/example_trigger_controller_dag.py
[2026-05-10T18:04:25.505+0000] {processor.py:840} INFO - DAG(s) 'example_trigger_controller_dag' retrieved from /home/airflow/.local/lib/python3.12/site-packages/airflow/example_dags/example_trigger_controller_dag.py
[2026-05-10T18:04:25.545+0000] {logging_mixin.py:188} INFO - [2026-05-10T18:04:25.544+0000] {dag.py:3089} INFO - Sync 1 DAGs
[2026-05-10T18:04:25.587+0000] {logging_mixin.py:188} INFO - [2026-05-10T18:04:25.587+0000] {dag.py:3947} INFO - Setting next_dagrun for example_trigger_controller_dag to 2021-01-01 00:00:00+00:00, run_after=2021-01-01 00:00:00+00:00
[2026-05-10T18:04:25.648+0000] {processor.py:183} INFO - Processing /home/airflow/.local/lib/python3.12/site-packages/airflow/example_dags/example_trigger_controller_dag.py took 0.175 seconds
[2026-05-10T18:04:55.853+0000] {processor.py:161} INFO - Started process (PID=46051) to work on /home/airflow/.local/lib/python3.12/site-packages/airflow/example_dags/example_trigger_controller_dag.py
[2026-05-10T18:04:55.856+0000] {processor.py:830} INFO - Processing file /home/airflow/.local/lib/python3.12/site-packages/airflow/example_dags/example_trigger_controller_dag.py for tasks to queue
[2026-05-10T18:04:55.858+0000] {logging_mixin.py:188} INFO - [2026-05-10T18:04:55.858+0000] {dagbag.py:545} INFO - Filling up the DagBag from /home/airflow/.local/lib/python3.12/site-packages/airflow/example_dags/example_trigger_controller_dag.py
[2026-05-10T18:04:55.871+0000] {processor.py:840} INFO - DAG(s) 'example_trigger_controller_dag' retrieved from /home/airflow/.local/lib/python3.12/site-packages/airflow/example_dags/example_trigger_controller_dag.py
[2026-05-10T18:04:55.917+0000] {logging_mixin.py:188} INFO - [2026-05-10T18:04:55.916+0000] {dag.py:3089} INFO - Sync 1 DAGs
[2026-05-10T18:04:55.969+0000] {logging_mixin.py:188} INFO - [2026-05-10T18:04:55.969+0000] {dag.py:3947} INFO - Setting next_dagrun for example_trigger_controller_dag to 2021-01-01 00:00:00+00:00, run_after=2021-01-01 00:00:00+00:00
[2026-05-10T18:04:56.033+0000] {processor.py:183} INFO - Processing /home/airflow/.local/lib/python3.12/site-packages/airflow/example_dags/example_trigger_controller_dag.py took 0.191 seconds
[2026-05-10T18:05:26.254+0000] {processor.py:161} INFO - Started process (PID=46119) to work on /home/airflow/.local/lib/python3.12/site-packages/airflow/example_dags/example_trigger_controller_dag.py
[2026-05-10T18:05:26.256+0000] {processor.py:830} INFO - Processing file /home/airflow/.local/lib/python3.12/site-packages/airflow/example_dags/example_trigger_controller_dag.py for tasks to queue
[2026-05-10T18:05:26.258+0000] {logging_mixin.py:188} INFO - [2026-05-10T18:05:26.257+0000] {dagbag.py:545} INFO - Filling up the DagBag from /home/airflow/.local/lib/python3.12/site-packages/airflow/example_dags/example_trigger_controller_dag.py
[2026-05-10T18:05:26.267+0000] {processor.py:840} INFO - DAG(s) 'example_trigger_controller_dag' retrieved from /home/airflow/.local/lib/python3.12/site-packages/airflow/example_dags/example_trigger_controller_dag.py
[2026-05-10T18:05:26.304+0000] {logging_mixin.py:188} INFO - [2026-05-10T18:05:26.303+0000] {dag.py:3089} INFO - Sync 1 DAGs
[2026-05-10T18:05:26.341+0000] {logging_mixin.py:188} INFO - [2026-05-10T18:05:26.340+0000] {dag.py:3947} INFO - Setting next_dagrun for example_trigger_controller_dag to 2021-01-01 00:00:00+00:00, run_after=2021-01-01 00:00:00+00:00
[2026-05-10T18:05:26.407+0000] {processor.py:183} INFO - Processing /home/airflow/.local/lib/python3.12/site-packages/airflow/example_dags/example_trigger_controller_dag.py took 0.166 seconds
[2026-05-10T18:05:57.338+0000] {processor.py:161} INFO - Started process (PID=46187) to work on /home/airflow/.local/lib/python3.12/site-packages/airflow/example_dags/example_trigger_controller_dag.py
[2026-05-10T18:05:57.340+0000] {processor.py:830} INFO - Processing file /home/airflow/.local/lib/python3.12/site-packages/airflow/example_dags/example_trigger_controller_dag.py for tasks to queue
[2026-05-10T18:05:57.343+0000] {logging_mixin.py:188} INFO - [2026-05-10T18:05:57.342+0000] {dagbag.py:545} INFO - Filling up the DagBag from /home/airflow/.local/lib/python3.12/site-packages/airflow/example_dags/example_trigger_controller_dag.py
[2026-05-10T18:05:57.354+0000] {processor.py:840} INFO - DAG(s) 'example_trigger_controller_dag' retrieved from /home/airflow/.local/lib/python3.12/site-packages/airflow/example_dags/example_trigger_controller_dag.py
[2026-05-10T18:05:57.389+0000] {logging_mixin.py:188} INFO - [2026-05-10T18:05:57.388+0000] {dag.py:3089} INFO - Sync 1 DAGs
[2026-05-10T18:05:57.427+0000] {logging_mixin.py:188} INFO - [2026-05-10T18:05:57.426+0000] {dag.py:3947} INFO - Setting next_dagrun for example_trigger_controller_dag to 2021-01-01 00:00:00+00:00, run_after=2021-01-01 00:00:00+00:00
[2026-05-10T18:05:57.459+0000] {processor.py:183} INFO - Processing /home/airflow/.local/lib/python3.12/site-packages/airflow/example_dags/example_trigger_controller_dag.py took 0.131 seconds
[2026-05-10T18:06:28.347+0000] {processor.py:161} INFO - Started process (PID=46255) to work on /home/airflow/.local/lib/python3.12/site-packages/airflow/example_dags/example_trigger_controller_dag.py
[2026-05-10T18:06:28.350+0000] {processor.py:830} INFO - Processing file /home/airflow/.local/lib/python3.12/site-packages/airflow/example_dags/example_trigger_controller_dag.py for tasks to queue
[2026-05-10T18:06:28.352+0000] {logging_mixin.py:188} INFO - [2026-05-10T18:06:28.351+0000] {dagbag.py:545} INFO - Filling up the DagBag from /home/airflow/.local/lib/python3.12/site-packages/airflow/example_dags/example_trigger_controller_dag.py
[2026-05-10T18:06:28.366+0000] {processor.py:840} INFO - DAG(s) 'example_trigger_controller_dag' retrieved from /home/airflow/.local/lib/python3.12/site-packages/airflow/example_dags/example_trigger_controller_dag.py
[2026-05-10T18:06:28.413+0000] {logging_mixin.py:188} INFO - [2026-05-10T18:06:28.412+0000] {dag.py:3089} INFO - Sync 1 DAGs
[2026-05-10T18:06:28.450+0000] {logging_mixin.py:188} INFO - [2026-05-10T18:06:28.449+0000] {dag.py:3947} INFO - Setting next_dagrun for example_trigger_controller_dag to 2021-01-01 00:00:00+00:00, run_after=2021-01-01 00:00:00+00:00
[2026-05-10T18:06:28.517+0000] {processor.py:183} INFO - Processing /home/airflow/.local/lib/python3.12/site-packages/airflow/example_dags/example_trigger_controller_dag.py took 0.182 seconds
[2026-05-10T18:06:58.883+0000] {processor.py:161} INFO - Started process (PID=46323) to work on /home/airflow/.local/lib/python3.12/site-packages/airflow/example_dags/example_trigger_controller_dag.py
[2026-05-10T18:06:58.886+0000] {processor.py:830} INFO - Processing file /home/airflow/.local/lib/python3.12/site-packages/airflow/example_dags/example_trigger_controller_dag.py for tasks to queue
[2026-05-10T18:06:58.889+0000] {logging_mixin.py:188} INFO - [2026-05-10T18:06:58.888+0000] {dagbag.py:545} INFO - Filling up the DagBag from /home/airflow/.local/lib/python3.12/site-packages/airflow/example_dags/example_trigger_controller_dag.py
[2026-05-10T18:06:58.904+0000] {processor.py:840} INFO - DAG(s) 'example_trigger_controller_dag' retrieved from /home/airflow/.local/lib/python3.12/site-packages/airflow/example_dags/example_trigger_controller_dag.py
[2026-05-10T18:06:58.957+0000] {logging_mixin.py:188} INFO - [2026-05-10T18:06:58.956+0000] {dag.py:3089} INFO - Sync 1 DAGs
[2026-05-10T18:06:59.015+0000] {logging_mixin.py:188} INFO - [2026-05-10T18:06:59.014+0000] {dag.py:3947} INFO - Setting next_dagrun for example_trigger_controller_dag to 2021-01-01 00:00:00+00:00, run_after=2021-01-01 00:00:00+00:00
[2026-05-10T18:06:59.055+0000] {processor.py:183} INFO - Processing /home/airflow/.local/lib/python3.12/site-packages/airflow/example_dags/example_trigger_controller_dag.py took 0.189 seconds
[2026-05-10T18:07:29.470+0000] {processor.py:161} INFO - Started process (PID=46398) to work on /home/airflow/.local/lib/python3.12/site-packages/airflow/example_dags/example_trigger_controller_dag.py
[2026-05-10T18:07:29.472+0000] {processor.py:830} INFO - Processing file /home/airflow/.local/lib/python3.12/site-packages/airflow/example_dags/example_trigger_controller_dag.py for tasks to queue
[2026-05-10T18:07:29.474+0000] {logging_mixin.py:188} INFO - [2026-05-10T18:07:29.474+0000] {dagbag.py:545} INFO - Filling up the DagBag from /home/airflow/.local/lib/python3.12/site-packages/airflow/example_dags/example_trigger_controller_dag.py
[2026-05-10T18:07:29.484+0000] {processor.py:840} INFO - DAG(s) 'example_trigger_controller_dag' retrieved from /home/airflow/.local/lib/python3.12/site-packages/airflow/example_dags/example_trigger_controller_dag.py
[2026-05-10T18:07:29.530+0000] {logging_mixin.py:188} INFO - [2026-05-10T18:07:29.529+0000] {dag.py:3089} INFO - Sync 1 DAGs
[2026-05-10T18:07:29.561+0000] {logging_mixin.py:188} INFO - [2026-05-10T18:07:29.561+0000] {dag.py:3947} INFO - Setting next_dagrun for example_trigger_controller_dag to 2021-01-01 00:00:00+00:00, run_after=2021-01-01 00:00:00+00:00
[2026-05-10T18:07:29.597+0000] {processor.py:183} INFO - Processing /home/airflow/.local/lib/python3.12/site-packages/airflow/example_dags/example_trigger_controller_dag.py took 0.136 seconds
[2026-05-10T18:07:59.966+0000] {processor.py:161} INFO - Started process (PID=46466) to work on /home/airflow/.local/lib/python3.12/site-packages/airflow/example_dags/example_trigger_controller_dag.py
[2026-05-10T18:07:59.968+0000] {processor.py:830} INFO - Processing file /home/airflow/.local/lib/python3.12/site-packages/airflow/example_dags/example_trigger_controller_dag.py for tasks to queue
[2026-05-10T18:07:59.969+0000] {logging_mixin.py:188} INFO - [2026-05-10T18:07:59.969+0000] {dagbag.py:545} INFO - Filling up the DagBag from /home/airflow/.local/lib/python3.12/site-packages/airflow/example_dags/example_trigger_controller_dag.py
[2026-05-10T18:07:59.977+0000] {processor.py:840} INFO - DAG(s) 'example_trigger_controller_dag' retrieved from /home/airflow/.local/lib/python3.12/site-packages/airflow/example_dags/example_trigger_controller_dag.py
[2026-05-10T18:08:00.010+0000] {logging_mixin.py:188} INFO - [2026-05-10T18:08:00.009+0000] {dag.py:3089} INFO - Sync 1 DAGs
[2026-05-10T18:08:00.043+0000] {logging_mixin.py:188} INFO - [2026-05-10T18:08:00.042+0000] {dag.py:3947} INFO - Setting next_dagrun for example_trigger_controller_dag to 2021-01-01 00:00:00+00:00, run_after=2021-01-01 00:00:00+00:00
[2026-05-10T18:08:00.108+0000] {processor.py:183} INFO - Processing /home/airflow/.local/lib/python3.12/site-packages/airflow/example_dags/example_trigger_controller_dag.py took 0.152 seconds
[2026-05-10T18:08:31.196+0000] {processor.py:161} INFO - Started process (PID=46534) to work on /home/airflow/.local/lib/python3.12/site-packages/airflow/example_dags/example_trigger_controller_dag.py
[2026-05-10T18:08:31.198+0000] {processor.py:830} INFO - Processing file /home/airflow/.local/lib/python3.12/site-packages/airflow/example_dags/example_trigger_controller_dag.py for tasks to queue
[2026-05-10T18:08:31.200+0000] {logging_mixin.py:188} INFO - [2026-05-10T18:08:31.199+0000] {dagbag.py:545} INFO - Filling up the DagBag from /home/airflow/.local/lib/python3.12/site-packages/airflow/example_dags/example_trigger_controller_dag.py
[2026-05-10T18:08:31.213+0000] {processor.py:840} INFO - DAG(s) 'example_trigger_controller_dag' retrieved from /home/airflow/.local/lib/python3.12/site-packages/airflow/example_dags/example_trigger_controller_dag.py
[2026-05-10T18:08:31.256+0000] {logging_mixin.py:188} INFO - [2026-05-10T18:08:31.255+0000] {dag.py:3089} INFO - Sync 1 DAGs
[2026-05-10T18:08:31.300+0000] {logging_mixin.py:188} INFO - [2026-05-10T18:08:31.299+0000] {dag.py:3947} INFO - Setting next_dagrun for example_trigger_controller_dag to 2021-01-01 00:00:00+00:00, run_after=2021-01-01 00:00:00+00:00
[2026-05-10T18:08:31.369+0000] {processor.py:183} INFO - Processing /home/airflow/.local/lib/python3.12/site-packages/airflow/example_dags/example_trigger_controller_dag.py took 0.184 seconds
[2026-05-10T18:09:01.878+0000] {processor.py:161} INFO - Started process (PID=46601) to work on /home/airflow/.local/lib/python3.12/site-packages/airflow/example_dags/example_trigger_controller_dag.py
[2026-05-10T18:09:01.880+0000] {processor.py:830} INFO - Processing file /home/airflow/.local/lib/python3.12/site-packages/airflow/example_dags/example_trigger_controller_dag.py for tasks to queue
[2026-05-10T18:09:01.882+0000] {logging_mixin.py:188} INFO - [2026-05-10T18:09:01.881+0000] {dagbag.py:545} INFO - Filling up the DagBag from /home/airflow/.local/lib/python3.12/site-packages/airflow/example_dags/example_trigger_controller_dag.py
[2026-05-10T18:09:01.891+0000] {processor.py:840} INFO - DAG(s) 'example_trigger_controller_dag' retrieved from /home/airflow/.local/lib/python3.12/site-packages/airflow/example_dags/example_trigger_controller_dag.py
[2026-05-10T18:09:01.927+0000] {logging_mixin.py:188} INFO - [2026-05-10T18:09:01.926+0000] {dag.py:3089} INFO - Sync 1 DAGs
[2026-05-10T18:09:01.968+0000] {logging_mixin.py:188} INFO - [2026-05-10T18:09:01.967+0000] {dag.py:3947} INFO - Setting next_dagrun for example_trigger_controller_dag to 2021-01-01 00:00:00+00:00, run_after=2021-01-01 00:00:00+00:00
[2026-05-10T18:09:02.030+0000] {processor.py:183} INFO - Processing /home/airflow/.local/lib/python3.12/site-packages/airflow/example_dags/example_trigger_controller_dag.py took 0.165 seconds
[2026-05-10T18:09:32.431+0000] {processor.py:161} INFO - Started process (PID=46669) to work on /home/airflow/.local/lib/python3.12/site-packages/airflow/example_dags/example_trigger_controller_dag.py
[2026-05-10T18:09:32.438+0000] {processor.py:830} INFO - Processing file /home/airflow/.local/lib/python3.12/site-packages/airflow/example_dags/example_trigger_controller_dag.py for tasks to queue
[2026-05-10T18:09:32.441+0000] {logging_mixin.py:188} INFO - [2026-05-10T18:09:32.440+0000] {dagbag.py:545} INFO - Filling up the DagBag from /home/airflow/.local/lib/python3.12/site-packages/airflow/example_dags/example_trigger_controller_dag.py
[2026-05-10T18:09:32.449+0000] {processor.py:840} INFO - DAG(s) 'example_trigger_controller_dag' retrieved from /home/airflow/.local/lib/python3.12/site-packages/airflow/example_dags/example_trigger_controller_dag.py
[2026-05-10T18:09:32.492+0000] {logging_mixin.py:188} INFO - [2026-05-10T18:09:32.491+0000] {dag.py:3089} INFO - Sync 1 DAGs
[2026-05-10T18:09:32.531+0000] {logging_mixin.py:188} INFO - [2026-05-10T18:09:32.531+0000] {dag.py:3947} INFO - Setting next_dagrun for example_trigger_controller_dag to 2021-01-01 00:00:00+00:00, run_after=2021-01-01 00:00:00+00:00
[2026-05-10T18:09:32.567+0000] {processor.py:183} INFO - Processing /home/airflow/.local/lib/python3.12/site-packages/airflow/example_dags/example_trigger_controller_dag.py took 0.146 seconds
[2026-05-10T18:10:03.161+0000] {processor.py:161} INFO - Started process (PID=46736) to work on /home/airflow/.local/lib/python3.12/site-packages/airflow/example_dags/example_trigger_controller_dag.py
[2026-05-10T18:10:03.164+0000] {processor.py:830} INFO - Processing file /home/airflow/.local/lib/python3.12/site-packages/airflow/example_dags/example_trigger_controller_dag.py for tasks to queue
[2026-05-10T18:10:03.166+0000] {logging_mixin.py:188} INFO - [2026-05-10T18:10:03.165+0000] {dagbag.py:545} INFO - Filling up the DagBag from /home/airflow/.local/lib/python3.12/site-packages/airflow/example_dags/example_trigger_controller_dag.py
[2026-05-10T18:10:03.175+0000] {processor.py:840} INFO - DAG(s) 'example_trigger_controller_dag' retrieved from /home/airflow/.local/lib/python3.12/site-packages/airflow/example_dags/example_trigger_controller_dag.py
[2026-05-10T18:10:03.215+0000] {logging_mixin.py:188} INFO - [2026-05-10T18:10:03.214+0000] {dag.py:3089} INFO - Sync 1 DAGs
[2026-05-10T18:10:03.247+0000] {logging_mixin.py:188} INFO - [2026-05-10T18:10:03.247+0000] {dag.py:3947} INFO - Setting next_dagrun for example_trigger_controller_dag to 2021-01-01 00:00:00+00:00, run_after=2021-01-01 00:00:00+00:00
[2026-05-10T18:10:03.287+0000] {processor.py:183} INFO - Processing /home/airflow/.local/lib/python3.12/site-packages/airflow/example_dags/example_trigger_controller_dag.py took 0.140 seconds
[2026-05-10T18:10:33.617+0000] {processor.py:161} INFO - Started process (PID=46804) to work on /home/airflow/.local/lib/python3.12/site-packages/airflow/example_dags/example_trigger_controller_dag.py
[2026-05-10T18:10:33.620+0000] {processor.py:830} INFO - Processing file /home/airflow/.local/lib/python3.12/site-packages/airflow/example_dags/example_trigger_controller_dag.py for tasks to queue
[2026-05-10T18:10:33.622+0000] {logging_mixin.py:188} INFO - [2026-05-10T18:10:33.622+0000] {dagbag.py:545} INFO - Filling up the DagBag from /home/airflow/.local/lib/python3.12/site-packages/airflow/example_dags/example_trigger_controller_dag.py
[2026-05-10T18:10:33.633+0000] {processor.py:840} INFO - DAG(s) 'example_trigger_controller_dag' retrieved from /home/airflow/.local/lib/python3.12/site-packages/airflow/example_dags/example_trigger_controller_dag.py
[2026-05-10T18:10:33.681+0000] {logging_mixin.py:188} INFO - [2026-05-10T18:10:33.680+0000] {dag.py:3089} INFO - Sync 1 DAGs
[2026-05-10T18:10:33.722+0000] {logging_mixin.py:188} INFO - [2026-05-10T18:10:33.721+0000] {dag.py:3947} INFO - Setting next_dagrun for example_trigger_controller_dag to 2021-01-01 00:00:00+00:00, run_after=2021-01-01 00:00:00+00:00
[2026-05-10T18:10:33.757+0000] {processor.py:183} INFO - Processing /home/airflow/.local/lib/python3.12/site-packages/airflow/example_dags/example_trigger_controller_dag.py took 0.155 seconds
[2026-05-10T18:11:04.106+0000] {processor.py:161} INFO - Started process (PID=46872) to work on /home/airflow/.local/lib/python3.12/site-packages/airflow/example_dags/example_trigger_controller_dag.py
[2026-05-10T18:11:04.109+0000] {processor.py:830} INFO - Processing file /home/airflow/.local/lib/python3.12/site-packages/airflow/example_dags/example_trigger_controller_dag.py for tasks to queue
[2026-05-10T18:11:04.111+0000] {logging_mixin.py:188} INFO - [2026-05-10T18:11:04.111+0000] {dagbag.py:545} INFO - Filling up the DagBag from /home/airflow/.local/lib/python3.12/site-packages/airflow/example_dags/example_trigger_controller_dag.py
[2026-05-10T18:11:04.120+0000] {processor.py:840} INFO - DAG(s) 'example_trigger_controller_dag' retrieved from /home/airflow/.local/lib/python3.12/site-packages/airflow/example_dags/example_trigger_controller_dag.py
[2026-05-10T18:11:04.161+0000] {logging_mixin.py:188} INFO - [2026-05-10T18:11:04.160+0000] {dag.py:3089} INFO - Sync 1 DAGs
[2026-05-10T18:11:04.195+0000] {logging_mixin.py:188} INFO - [2026-05-10T18:11:04.195+0000] {dag.py:3947} INFO - Setting next_dagrun for example_trigger_controller_dag to 2021-01-01 00:00:00+00:00, run_after=2021-01-01 00:00:00+00:00
[2026-05-10T18:11:04.274+0000] {processor.py:183} INFO - Processing /home/airflow/.local/lib/python3.12/site-packages/airflow/example_dags/example_trigger_controller_dag.py took 0.180 seconds
[2026-05-10T18:11:34.493+0000] {processor.py:161} INFO - Started process (PID=46949) to work on /home/airflow/.local/lib/python3.12/site-packages/airflow/example_dags/example_trigger_controller_dag.py
[2026-05-10T18:11:34.495+0000] {processor.py:830} INFO - Processing file /home/airflow/.local/lib/python3.12/site-packages/airflow/example_dags/example_trigger_controller_dag.py for tasks to queue
[2026-05-10T18:11:34.497+0000] {logging_mixin.py:188} INFO - [2026-05-10T18:11:34.496+0000] {dagbag.py:545} INFO - Filling up the DagBag from /home/airflow/.local/lib/python3.12/site-packages/airflow/example_dags/example_trigger_controller_dag.py
[2026-05-10T18:11:34.506+0000] {processor.py:840} INFO - DAG(s) 'example_trigger_controller_dag' retrieved from /home/airflow/.local/lib/python3.12/site-packages/airflow/example_dags/example_trigger_controller_dag.py
[2026-05-10T18:11:34.544+0000] {logging_mixin.py:188} INFO - [2026-05-10T18:11:34.543+0000] {dag.py:3089} INFO - Sync 1 DAGs
[2026-05-10T18:11:34.578+0000] {logging_mixin.py:188} INFO - [2026-05-10T18:11:34.577+0000] {dag.py:3947} INFO - Setting next_dagrun for example_trigger_controller_dag to 2021-01-01 00:00:00+00:00, run_after=2021-01-01 00:00:00+00:00
[2026-05-10T18:11:34.615+0000] {processor.py:183} INFO - Processing /home/airflow/.local/lib/python3.12/site-packages/airflow/example_dags/example_trigger_controller_dag.py took 0.132 seconds
[2026-05-10T18:12:04.722+0000] {processor.py:161} INFO - Started process (PID=47017) to work on /home/airflow/.local/lib/python3.12/site-packages/airflow/example_dags/example_trigger_controller_dag.py
[2026-05-10T18:12:04.724+0000] {processor.py:830} INFO - Processing file /home/airflow/.local/lib/python3.12/site-packages/airflow/example_dags/example_trigger_controller_dag.py for tasks to queue
[2026-05-10T18:12:04.726+0000] {logging_mixin.py:188} INFO - [2026-05-10T18:12:04.725+0000] {dagbag.py:545} INFO - Filling up the DagBag from /home/airflow/.local/lib/python3.12/site-packages/airflow/example_dags/example_trigger_controller_dag.py
[2026-05-10T18:12:04.734+0000] {processor.py:840} INFO - DAG(s) 'example_trigger_controller_dag' retrieved from /home/airflow/.local/lib/python3.12/site-packages/airflow/example_dags/example_trigger_controller_dag.py
[2026-05-10T18:12:04.768+0000] {logging_mixin.py:188} INFO - [2026-05-10T18:12:04.767+0000] {dag.py:3089} INFO - Sync 1 DAGs
[2026-05-10T18:12:04.809+0000] {logging_mixin.py:188} INFO - [2026-05-10T18:12:04.809+0000] {dag.py:3947} INFO - Setting next_dagrun for example_trigger_controller_dag to 2021-01-01 00:00:00+00:00, run_after=2021-01-01 00:00:00+00:00
[2026-05-10T18:12:04.854+0000] {processor.py:183} INFO - Processing /home/airflow/.local/lib/python3.12/site-packages/airflow/example_dags/example_trigger_controller_dag.py took 0.142 seconds
[2026-05-10T18:12:34.996+0000] {processor.py:161} INFO - Started process (PID=47085) to work on /home/airflow/.local/lib/python3.12/site-packages/airflow/example_dags/example_trigger_controller_dag.py
[2026-05-10T18:12:34.998+0000] {processor.py:830} INFO - Processing file /home/airflow/.local/lib/python3.12/site-packages/airflow/example_dags/example_trigger_controller_dag.py for tasks to queue
[2026-05-10T18:12:35.000+0000] {logging_mixin.py:188} INFO - [2026-05-10T18:12:34.999+0000] {dagbag.py:545} INFO - Filling up the DagBag from /home/airflow/.local/lib/python3.12/site-packages/airflow/example_dags/example_trigger_controller_dag.py
[2026-05-10T18:12:35.009+0000] {processor.py:840} INFO - DAG(s) 'example_trigger_controller_dag' retrieved from /home/airflow/.local/lib/python3.12/site-packages/airflow/example_dags/example_trigger_controller_dag.py
[2026-05-10T18:12:35.042+0000] {logging_mixin.py:188} INFO - [2026-05-10T18:12:35.042+0000] {dag.py:3089} INFO - Sync 1 DAGs
[2026-05-10T18:12:35.077+0000] {logging_mixin.py:188} INFO - [2026-05-10T18:12:35.076+0000] {dag.py:3947} INFO - Setting next_dagrun for example_trigger_controller_dag to 2021-01-01 00:00:00+00:00, run_after=2021-01-01 00:00:00+00:00
[2026-05-10T18:12:35.340+0000] {processor.py:183} INFO - Processing /home/airflow/.local/lib/python3.12/site-packages/airflow/example_dags/example_trigger_controller_dag.py took 0.356 seconds
[2026-05-10T18:13:06.133+0000] {processor.py:161} INFO - Started process (PID=47151) to work on /home/airflow/.local/lib/python3.12/site-packages/airflow/example_dags/example_trigger_controller_dag.py
[2026-05-10T18:13:06.135+0000] {processor.py:830} INFO - Processing file /home/airflow/.local/lib/python3.12/site-packages/airflow/example_dags/example_trigger_controller_dag.py for tasks to queue
[2026-05-10T18:13:06.137+0000] {logging_mixin.py:188} INFO - [2026-05-10T18:13:06.137+0000] {dagbag.py:545} INFO - Filling up the DagBag from /home/airflow/.local/lib/python3.12/site-packages/airflow/example_dags/example_trigger_controller_dag.py
[2026-05-10T18:13:06.146+0000] {processor.py:840} INFO - DAG(s) 'example_trigger_controller_dag' retrieved from /home/airflow/.local/lib/python3.12/site-packages/airflow/example_dags/example_trigger_controller_dag.py
[2026-05-10T18:13:06.187+0000] {logging_mixin.py:188} INFO - [2026-05-10T18:13:06.186+0000] {dag.py:3089} INFO - Sync 1 DAGs
[2026-05-10T18:13:06.220+0000] {logging_mixin.py:188} INFO - [2026-05-10T18:13:06.219+0000] {dag.py:3947} INFO - Setting next_dagrun for example_trigger_controller_dag to 2021-01-01 00:00:00+00:00, run_after=2021-01-01 00:00:00+00:00
[2026-05-10T18:13:06.259+0000] {processor.py:183} INFO - Processing /home/airflow/.local/lib/python3.12/site-packages/airflow/example_dags/example_trigger_controller_dag.py took 0.137 seconds
[2026-05-10T18:13:36.914+0000] {processor.py:161} INFO - Started process (PID=47219) to work on /home/airflow/.local/lib/python3.12/site-packages/airflow/example_dags/example_trigger_controller_dag.py
[2026-05-10T18:13:36.916+0000] {processor.py:830} INFO - Processing file /home/airflow/.local/lib/python3.12/site-packages/airflow/example_dags/example_trigger_controller_dag.py for tasks to queue
[2026-05-10T18:13:36.917+0000] {logging_mixin.py:188} INFO - [2026-05-10T18:13:36.917+0000] {dagbag.py:545} INFO - Filling up the DagBag from /home/airflow/.local/lib/python3.12/site-packages/airflow/example_dags/example_trigger_controller_dag.py
[2026-05-10T18:13:36.926+0000] {processor.py:840} INFO - DAG(s) 'example_trigger_controller_dag' retrieved from /home/airflow/.local/lib/python3.12/site-packages/airflow/example_dags/example_trigger_controller_dag.py
[2026-05-10T18:13:36.972+0000] {logging_mixin.py:188} INFO - [2026-05-10T18:13:36.972+0000] {dag.py:3089} INFO - Sync 1 DAGs
[2026-05-10T18:13:37.010+0000] {logging_mixin.py:188} INFO - [2026-05-10T18:13:37.009+0000] {dag.py:3947} INFO - Setting next_dagrun for example_trigger_controller_dag to 2021-01-01 00:00:00+00:00, run_after=2021-01-01 00:00:00+00:00
[2026-05-10T18:13:37.172+0000] {processor.py:183} INFO - Processing /home/airflow/.local/lib/python3.12/site-packages/airflow/example_dags/example_trigger_controller_dag.py took 0.269 seconds
[2026-05-10T18:14:07.322+0000] {processor.py:161} INFO - Started process (PID=47287) to work on /home/airflow/.local/lib/python3.12/site-packages/airflow/example_dags/example_trigger_controller_dag.py
[2026-05-10T18:14:07.326+0000] {processor.py:830} INFO - Processing file /home/airflow/.local/lib/python3.12/site-packages/airflow/example_dags/example_trigger_controller_dag.py for tasks to queue
[2026-05-10T18:14:07.327+0000] {logging_mixin.py:188} INFO - [2026-05-10T18:14:07.327+0000] {dagbag.py:545} INFO - Filling up the DagBag from /home/airflow/.local/lib/python3.12/site-packages/airflow/example_dags/example_trigger_controller_dag.py
[2026-05-10T18:14:07.335+0000] {processor.py:840} INFO - DAG(s) 'example_trigger_controller_dag' retrieved from /home/airflow/.local/lib/python3.12/site-packages/airflow/example_dags/example_trigger_controller_dag.py
[2026-05-10T18:14:07.372+0000] {logging_mixin.py:188} INFO - [2026-05-10T18:14:07.371+0000] {dag.py:3089} INFO - Sync 1 DAGs
[2026-05-10T18:14:07.414+0000] {logging_mixin.py:188} INFO - [2026-05-10T18:14:07.414+0000] {dag.py:3947} INFO - Setting next_dagrun for example_trigger_controller_dag to 2021-01-01 00:00:00+00:00, run_after=2021-01-01 00:00:00+00:00
[2026-05-10T18:14:07.467+0000] {processor.py:183} INFO - Processing /home/airflow/.local/lib/python3.12/site-packages/airflow/example_dags/example_trigger_controller_dag.py took 0.157 seconds
[2026-05-10T18:14:38.373+0000] {processor.py:161} INFO - Started process (PID=47355) to work on /home/airflow/.local/lib/python3.12/site-packages/airflow/example_dags/example_trigger_controller_dag.py
[2026-05-10T18:14:38.375+0000] {processor.py:830} INFO - Processing file /home/airflow/.local/lib/python3.12/site-packages/airflow/example_dags/example_trigger_controller_dag.py for tasks to queue
[2026-05-10T18:14:38.377+0000] {logging_mixin.py:188} INFO - [2026-05-10T18:14:38.376+0000] {dagbag.py:545} INFO - Filling up the DagBag from /home/airflow/.local/lib/python3.12/site-packages/airflow/example_dags/example_trigger_controller_dag.py
[2026-05-10T18:14:38.392+0000] {processor.py:840} INFO - DAG(s) 'example_trigger_controller_dag' retrieved from /home/airflow/.local/lib/python3.12/site-packages/airflow/example_dags/example_trigger_controller_dag.py
[2026-05-10T18:14:38.436+0000] {logging_mixin.py:188} INFO - [2026-05-10T18:14:38.435+0000] {dag.py:3089} INFO - Sync 1 DAGs
[2026-05-10T18:14:38.475+0000] {logging_mixin.py:188} INFO - [2026-05-10T18:14:38.474+0000] {dag.py:3947} INFO - Setting next_dagrun for example_trigger_controller_dag to 2021-01-01 00:00:00+00:00, run_after=2021-01-01 00:00:00+00:00
[2026-05-10T18:14:38.537+0000] {processor.py:183} INFO - Processing /home/airflow/.local/lib/python3.12/site-packages/airflow/example_dags/example_trigger_controller_dag.py took 0.181 seconds
[2026-05-10T18:15:08.740+0000] {processor.py:161} INFO - Started process (PID=47430) to work on /home/airflow/.local/lib/python3.12/site-packages/airflow/example_dags/example_trigger_controller_dag.py
[2026-05-10T18:15:08.743+0000] {processor.py:830} INFO - Processing file /home/airflow/.local/lib/python3.12/site-packages/airflow/example_dags/example_trigger_controller_dag.py for tasks to queue
[2026-05-10T18:15:08.745+0000] {logging_mixin.py:188} INFO - [2026-05-10T18:15:08.744+0000] {dagbag.py:545} INFO - Filling up the DagBag from /home/airflow/.local/lib/python3.12/site-packages/airflow/example_dags/example_trigger_controller_dag.py
[2026-05-10T18:15:08.756+0000] {processor.py:840} INFO - DAG(s) 'example_trigger_controller_dag' retrieved from /home/airflow/.local/lib/python3.12/site-packages/airflow/example_dags/example_trigger_controller_dag.py
[2026-05-10T18:15:08.795+0000] {logging_mixin.py:188} INFO - [2026-05-10T18:15:08.795+0000] {dag.py:3089} INFO - Sync 1 DAGs
[2026-05-10T18:15:08.827+0000] {logging_mixin.py:188} INFO - [2026-05-10T18:15:08.826+0000] {dag.py:3947} INFO - Setting next_dagrun for example_trigger_controller_dag to 2021-01-01 00:00:00+00:00, run_after=2021-01-01 00:00:00+00:00
[2026-05-10T18:15:08.893+0000] {processor.py:183} INFO - Processing /home/airflow/.local/lib/python3.12/site-packages/airflow/example_dags/example_trigger_controller_dag.py took 0.165 seconds
[2026-05-10T18:15:39.109+0000] {processor.py:161} INFO - Started process (PID=47498) to work on /home/airflow/.local/lib/python3.12/site-packages/airflow/example_dags/example_trigger_controller_dag.py
[2026-05-10T18:15:39.111+0000] {processor.py:830} INFO - Processing file /home/airflow/.local/lib/python3.12/site-packages/airflow/example_dags/example_trigger_controller_dag.py for tasks to queue
[2026-05-10T18:15:39.113+0000] {logging_mixin.py:188} INFO - [2026-05-10T18:15:39.113+0000] {dagbag.py:545} INFO - Filling up the DagBag from /home/airflow/.local/lib/python3.12/site-packages/airflow/example_dags/example_trigger_controller_dag.py
[2026-05-10T18:15:39.121+0000] {processor.py:840} INFO - DAG(s) 'example_trigger_controller_dag' retrieved from /home/airflow/.local/lib/python3.12/site-packages/airflow/example_dags/example_trigger_controller_dag.py
[2026-05-10T18:15:39.154+0000] {logging_mixin.py:188} INFO - [2026-05-10T18:15:39.153+0000] {dag.py:3089} INFO - Sync 1 DAGs
[2026-05-10T18:15:39.189+0000] {logging_mixin.py:188} INFO - [2026-05-10T18:15:39.188+0000] {dag.py:3947} INFO - Setting next_dagrun for example_trigger_controller_dag to 2021-01-01 00:00:00+00:00, run_after=2021-01-01 00:00:00+00:00
[2026-05-10T18:15:39.253+0000] {processor.py:183} INFO - Processing /home/airflow/.local/lib/python3.12/site-packages/airflow/example_dags/example_trigger_controller_dag.py took 0.152 seconds
[2026-05-10T18:16:09.525+0000] {processor.py:161} INFO - Started process (PID=47566) to work on /home/airflow/.local/lib/python3.12/site-packages/airflow/example_dags/example_trigger_controller_dag.py
[2026-05-10T18:16:09.527+0000] {processor.py:830} INFO - Processing file /home/airflow/.local/lib/python3.12/site-packages/airflow/example_dags/example_trigger_controller_dag.py for tasks to queue
[2026-05-10T18:16:09.529+0000] {logging_mixin.py:188} INFO - [2026-05-10T18:16:09.529+0000] {dagbag.py:545} INFO - Filling up the DagBag from /home/airflow/.local/lib/python3.12/site-packages/airflow/example_dags/example_trigger_controller_dag.py
[2026-05-10T18:16:09.538+0000] {processor.py:840} INFO - DAG(s) 'example_trigger_controller_dag' retrieved from /home/airflow/.local/lib/python3.12/site-packages/airflow/example_dags/example_trigger_controller_dag.py
[2026-05-10T18:16:09.577+0000] {logging_mixin.py:188} INFO - [2026-05-10T18:16:09.576+0000] {dag.py:3089} INFO - Sync 1 DAGs
[2026-05-10T18:16:09.617+0000] {logging_mixin.py:188} INFO - [2026-05-10T18:16:09.617+0000] {dag.py:3947} INFO - Setting next_dagrun for example_trigger_controller_dag to 2021-01-01 00:00:00+00:00, run_after=2021-01-01 00:00:00+00:00
[2026-05-10T18:16:09.657+0000] {processor.py:183} INFO - Processing /home/airflow/.local/lib/python3.12/site-packages/airflow/example_dags/example_trigger_controller_dag.py took 0.145 seconds
[2026-05-10T18:16:40.425+0000] {processor.py:161} INFO - Started process (PID=47632) to work on /home/airflow/.local/lib/python3.12/site-packages/airflow/example_dags/example_trigger_controller_dag.py
[2026-05-10T18:16:40.427+0000] {processor.py:830} INFO - Processing file /home/airflow/.local/lib/python3.12/site-packages/airflow/example_dags/example_trigger_controller_dag.py for tasks to queue
[2026-05-10T18:16:40.429+0000] {logging_mixin.py:188} INFO - [2026-05-10T18:16:40.428+0000] {dagbag.py:545} INFO - Filling up the DagBag from /home/airflow/.local/lib/python3.12/site-packages/airflow/example_dags/example_trigger_controller_dag.py
[2026-05-10T18:16:40.442+0000] {processor.py:840} INFO - DAG(s) 'example_trigger_controller_dag' retrieved from /home/airflow/.local/lib/python3.12/site-packages/airflow/example_dags/example_trigger_controller_dag.py
[2026-05-10T18:16:40.483+0000] {logging_mixin.py:188} INFO - [2026-05-10T18:16:40.482+0000] {dag.py:3089} INFO - Sync 1 DAGs
[2026-05-10T18:16:40.519+0000] {logging_mixin.py:188} INFO - [2026-05-10T18:16:40.518+0000] {dag.py:3947} INFO - Setting next_dagrun for example_trigger_controller_dag to 2021-01-01 00:00:00+00:00, run_after=2021-01-01 00:00:00+00:00
[2026-05-10T18:16:40.586+0000] {processor.py:183} INFO - Processing /home/airflow/.local/lib/python3.12/site-packages/airflow/example_dags/example_trigger_controller_dag.py took 0.172 seconds
[2026-05-10T18:17:11.383+0000] {processor.py:161} INFO - Started process (PID=47700) to work on /home/airflow/.local/lib/python3.12/site-packages/airflow/example_dags/example_trigger_controller_dag.py
[2026-05-10T18:17:11.386+0000] {processor.py:830} INFO - Processing file /home/airflow/.local/lib/python3.12/site-packages/airflow/example_dags/example_trigger_controller_dag.py for tasks to queue
[2026-05-10T18:17:11.390+0000] {logging_mixin.py:188} INFO - [2026-05-10T18:17:11.389+0000] {dagbag.py:545} INFO - Filling up the DagBag from /home/airflow/.local/lib/python3.12/site-packages/airflow/example_dags/example_trigger_controller_dag.py
[2026-05-10T18:17:11.404+0000] {processor.py:840} INFO - DAG(s) 'example_trigger_controller_dag' retrieved from /home/airflow/.local/lib/python3.12/site-packages/airflow/example_dags/example_trigger_controller_dag.py
[2026-05-10T18:17:11.459+0000] {logging_mixin.py:188} INFO - [2026-05-10T18:17:11.458+0000] {dag.py:3089} INFO - Sync 1 DAGs
[2026-05-10T18:17:11.507+0000] {logging_mixin.py:188} INFO - [2026-05-10T18:17:11.506+0000] {dag.py:3947} INFO - Setting next_dagrun for example_trigger_controller_dag to 2021-01-01 00:00:00+00:00, run_after=2021-01-01 00:00:00+00:00
[2026-05-10T18:17:11.554+0000] {processor.py:183} INFO - Processing /home/airflow/.local/lib/python3.12/site-packages/airflow/example_dags/example_trigger_controller_dag.py took 0.185 seconds
[2026-05-10T18:17:41.928+0000] {processor.py:161} INFO - Started process (PID=47768) to work on /home/airflow/.local/lib/python3.12/site-packages/airflow/example_dags/example_trigger_controller_dag.py
[2026-05-10T18:17:41.930+0000] {processor.py:830} INFO - Processing file /home/airflow/.local/lib/python3.12/site-packages/airflow/example_dags/example_trigger_controller_dag.py for tasks to queue
[2026-05-10T18:17:41.932+0000] {logging_mixin.py:188} INFO - [2026-05-10T18:17:41.932+0000] {dagbag.py:545} INFO - Filling up the DagBag from /home/airflow/.local/lib/python3.12/site-packages/airflow/example_dags/example_trigger_controller_dag.py
[2026-05-10T18:17:41.942+0000] {processor.py:840} INFO - DAG(s) 'example_trigger_controller_dag' retrieved from /home/airflow/.local/lib/python3.12/site-packages/airflow/example_dags/example_trigger_controller_dag.py
[2026-05-10T18:17:41.983+0000] {logging_mixin.py:188} INFO - [2026-05-10T18:17:41.982+0000] {dag.py:3089} INFO - Sync 1 DAGs
[2026-05-10T18:17:42.020+0000] {logging_mixin.py:188} INFO - [2026-05-10T18:17:42.020+0000] {dag.py:3947} INFO - Setting next_dagrun for example_trigger_controller_dag to 2021-01-01 00:00:00+00:00, run_after=2021-01-01 00:00:00+00:00
[2026-05-10T18:17:42.067+0000] {processor.py:183} INFO - Processing /home/airflow/.local/lib/python3.12/site-packages/airflow/example_dags/example_trigger_controller_dag.py took 0.149 seconds
[2026-05-10T18:18:12.289+0000] {processor.py:161} INFO - Started process (PID=47836) to work on /home/airflow/.local/lib/python3.12/site-packages/airflow/example_dags/example_trigger_controller_dag.py
[2026-05-10T18:18:12.291+0000] {processor.py:830} INFO - Processing file /home/airflow/.local/lib/python3.12/site-packages/airflow/example_dags/example_trigger_controller_dag.py for tasks to queue
[2026-05-10T18:18:12.293+0000] {logging_mixin.py:188} INFO - [2026-05-10T18:18:12.292+0000] {dagbag.py:545} INFO - Filling up the DagBag from /home/airflow/.local/lib/python3.12/site-packages/airflow/example_dags/example_trigger_controller_dag.py
[2026-05-10T18:18:12.303+0000] {processor.py:840} INFO - DAG(s) 'example_trigger_controller_dag' retrieved from /home/airflow/.local/lib/python3.12/site-packages/airflow/example_dags/example_trigger_controller_dag.py
[2026-05-10T18:18:12.338+0000] {logging_mixin.py:188} INFO - [2026-05-10T18:18:12.337+0000] {dag.py:3089} INFO - Sync 1 DAGs
[2026-05-10T18:18:12.366+0000] {logging_mixin.py:188} INFO - [2026-05-10T18:18:12.366+0000] {dag.py:3947} INFO - Setting next_dagrun for example_trigger_controller_dag to 2021-01-01 00:00:00+00:00, run_after=2021-01-01 00:00:00+00:00
[2026-05-10T18:18:12.398+0000] {processor.py:183} INFO - Processing /home/airflow/.local/lib/python3.12/site-packages/airflow/example_dags/example_trigger_controller_dag.py took 0.120 seconds
[2026-05-10T18:18:42.689+0000] {processor.py:161} INFO - Started process (PID=47910) to work on /home/airflow/.local/lib/python3.12/site-packages/airflow/example_dags/example_trigger_controller_dag.py
[2026-05-10T18:18:42.691+0000] {processor.py:830} INFO - Processing file /home/airflow/.local/lib/python3.12/site-packages/airflow/example_dags/example_trigger_controller_dag.py for tasks to queue
[2026-05-10T18:18:42.693+0000] {logging_mixin.py:188} INFO - [2026-05-10T18:18:42.692+0000] {dagbag.py:545} INFO - Filling up the DagBag from /home/airflow/.local/lib/python3.12/site-packages/airflow/example_dags/example_trigger_controller_dag.py
[2026-05-10T18:18:42.702+0000] {processor.py:840} INFO - DAG(s) 'example_trigger_controller_dag' retrieved from /home/airflow/.local/lib/python3.12/site-packages/airflow/example_dags/example_trigger_controller_dag.py
[2026-05-10T18:18:42.735+0000] {logging_mixin.py:188} INFO - [2026-05-10T18:18:42.734+0000] {dag.py:3089} INFO - Sync 1 DAGs
[2026-05-10T18:18:42.769+0000] {logging_mixin.py:188} INFO - [2026-05-10T18:18:42.769+0000] {dag.py:3947} INFO - Setting next_dagrun for example_trigger_controller_dag to 2021-01-01 00:00:00+00:00, run_after=2021-01-01 00:00:00+00:00
[2026-05-10T18:18:42.831+0000] {processor.py:183} INFO - Processing /home/airflow/.local/lib/python3.12/site-packages/airflow/example_dags/example_trigger_controller_dag.py took 0.151 seconds
[2026-05-10T18:19:13.282+0000] {processor.py:161} INFO - Started process (PID=47978) to work on /home/airflow/.local/lib/python3.12/site-packages/airflow/example_dags/example_trigger_controller_dag.py
[2026-05-10T18:19:13.284+0000] {processor.py:830} INFO - Processing file /home/airflow/.local/lib/python3.12/site-packages/airflow/example_dags/example_trigger_controller_dag.py for tasks to queue
[2026-05-10T18:19:13.286+0000] {logging_mixin.py:188} INFO - [2026-05-10T18:19:13.286+0000] {dagbag.py:545} INFO - Filling up the DagBag from /home/airflow/.local/lib/python3.12/site-packages/airflow/example_dags/example_trigger_controller_dag.py
[2026-05-10T18:19:13.297+0000] {processor.py:840} INFO - DAG(s) 'example_trigger_controller_dag' retrieved from /home/airflow/.local/lib/python3.12/site-packages/airflow/example_dags/example_trigger_controller_dag.py
[2026-05-10T18:19:13.340+0000] {logging_mixin.py:188} INFO - [2026-05-10T18:19:13.339+0000] {dag.py:3089} INFO - Sync 1 DAGs
[2026-05-10T18:19:13.373+0000] {logging_mixin.py:188} INFO - [2026-05-10T18:19:13.373+0000] {dag.py:3947} INFO - Setting next_dagrun for example_trigger_controller_dag to 2021-01-01 00:00:00+00:00, run_after=2021-01-01 00:00:00+00:00
[2026-05-10T18:19:13.436+0000] {processor.py:183} INFO - Processing /home/airflow/.local/lib/python3.12/site-packages/airflow/example_dags/example_trigger_controller_dag.py took 0.165 seconds
[2026-05-10T18:19:44.032+0000] {processor.py:161} INFO - Started process (PID=48046) to work on /home/airflow/.local/lib/python3.12/site-packages/airflow/example_dags/example_trigger_controller_dag.py
[2026-05-10T18:19:44.035+0000] {processor.py:830} INFO - Processing file /home/airflow/.local/lib/python3.12/site-packages/airflow/example_dags/example_trigger_controller_dag.py for tasks to queue
[2026-05-10T18:19:44.037+0000] {logging_mixin.py:188} INFO - [2026-05-10T18:19:44.036+0000] {dagbag.py:545} INFO - Filling up the DagBag from /home/airflow/.local/lib/python3.12/site-packages/airflow/example_dags/example_trigger_controller_dag.py
[2026-05-10T18:19:44.051+0000] {processor.py:840} INFO - DAG(s) 'example_trigger_controller_dag' retrieved from /home/airflow/.local/lib/python3.12/site-packages/airflow/example_dags/example_trigger_controller_dag.py
[2026-05-10T18:19:44.093+0000] {logging_mixin.py:188} INFO - [2026-05-10T18:19:44.093+0000] {dag.py:3089} INFO - Sync 1 DAGs
[2026-05-10T18:19:44.133+0000] {logging_mixin.py:188} INFO - [2026-05-10T18:19:44.133+0000] {dag.py:3947} INFO - Setting next_dagrun for example_trigger_controller_dag to 2021-01-01 00:00:00+00:00, run_after=2021-01-01 00:00:00+00:00
[2026-05-10T18:19:44.198+0000] {processor.py:183} INFO - Processing /home/airflow/.local/lib/python3.12/site-packages/airflow/example_dags/example_trigger_controller_dag.py took 0.180 seconds
[2026-05-10T18:20:14.594+0000] {processor.py:161} INFO - Started process (PID=48114) to work on /home/airflow/.local/lib/python3.12/site-packages/airflow/example_dags/example_trigger_controller_dag.py
[2026-05-10T18:20:14.596+0000] {processor.py:830} INFO - Processing file /home/airflow/.local/lib/python3.12/site-packages/airflow/example_dags/example_trigger_controller_dag.py for tasks to queue
[2026-05-10T18:20:14.597+0000] {logging_mixin.py:188} INFO - [2026-05-10T18:20:14.597+0000] {dagbag.py:545} INFO - Filling up the DagBag from /home/airflow/.local/lib/python3.12/site-packages/airflow/example_dags/example_trigger_controller_dag.py
[2026-05-10T18:20:14.607+0000] {processor.py:840} INFO - DAG(s) 'example_trigger_controller_dag' retrieved from /home/airflow/.local/lib/python3.12/site-packages/airflow/example_dags/example_trigger_controller_dag.py
[2026-05-10T18:20:14.644+0000] {logging_mixin.py:188} INFO - [2026-05-10T18:20:14.643+0000] {dag.py:3089} INFO - Sync 1 DAGs
[2026-05-10T18:20:14.682+0000] {logging_mixin.py:188} INFO - [2026-05-10T18:20:14.681+0000] {dag.py:3947} INFO - Setting next_dagrun for example_trigger_controller_dag to 2021-01-01 00:00:00+00:00, run_after=2021-01-01 00:00:00+00:00
[2026-05-10T18:20:14.745+0000] {processor.py:183} INFO - Processing /home/airflow/.local/lib/python3.12/site-packages/airflow/example_dags/example_trigger_controller_dag.py took 0.163 seconds
[2026-05-10T18:20:45.090+0000] {processor.py:161} INFO - Started process (PID=48183) to work on /home/airflow/.local/lib/python3.12/site-packages/airflow/example_dags/example_trigger_controller_dag.py
[2026-05-10T18:20:45.097+0000] {processor.py:830} INFO - Processing file /home/airflow/.local/lib/python3.12/site-packages/airflow/example_dags/example_trigger_controller_dag.py for tasks to queue
[2026-05-10T18:20:45.099+0000] {logging_mixin.py:188} INFO - [2026-05-10T18:20:45.098+0000] {dagbag.py:545} INFO - Filling up the DagBag from /home/airflow/.local/lib/python3.12/site-packages/airflow/example_dags/example_trigger_controller_dag.py
[2026-05-10T18:20:45.108+0000] {processor.py:840} INFO - DAG(s) 'example_trigger_controller_dag' retrieved from /home/airflow/.local/lib/python3.12/site-packages/airflow/example_dags/example_trigger_controller_dag.py
[2026-05-10T18:20:45.142+0000] {logging_mixin.py:188} INFO - [2026-05-10T18:20:45.141+0000] {dag.py:3089} INFO - Sync 1 DAGs
[2026-05-10T18:20:45.181+0000] {logging_mixin.py:188} INFO - [2026-05-10T18:20:45.180+0000] {dag.py:3947} INFO - Setting next_dagrun for example_trigger_controller_dag to 2021-01-01 00:00:00+00:00, run_after=2021-01-01 00:00:00+00:00
[2026-05-10T18:20:45.260+0000] {processor.py:183} INFO - Processing /home/airflow/.local/lib/python3.12/site-packages/airflow/example_dags/example_trigger_controller_dag.py took 0.180 seconds
[2026-05-10T18:21:15.798+0000] {processor.py:161} INFO - Started process (PID=48251) to work on /home/airflow/.local/lib/python3.12/site-packages/airflow/example_dags/example_trigger_controller_dag.py
[2026-05-10T18:21:15.810+0000] {processor.py:830} INFO - Processing file /home/airflow/.local/lib/python3.12/site-packages/airflow/example_dags/example_trigger_controller_dag.py for tasks to queue
[2026-05-10T18:21:15.812+0000] {logging_mixin.py:188} INFO - [2026-05-10T18:21:15.812+0000] {dagbag.py:545} INFO - Filling up the DagBag from /home/airflow/.local/lib/python3.12/site-packages/airflow/example_dags/example_trigger_controller_dag.py
[2026-05-10T18:21:15.824+0000] {processor.py:840} INFO - DAG(s) 'example_trigger_controller_dag' retrieved from /home/airflow/.local/lib/python3.12/site-packages/airflow/example_dags/example_trigger_controller_dag.py
[2026-05-10T18:21:15.862+0000] {logging_mixin.py:188} INFO - [2026-05-10T18:21:15.862+0000] {dag.py:3089} INFO - Sync 1 DAGs
[2026-05-10T18:21:15.899+0000] {logging_mixin.py:188} INFO - [2026-05-10T18:21:15.899+0000] {dag.py:3947} INFO - Setting next_dagrun for example_trigger_controller_dag to 2021-01-01 00:00:00+00:00, run_after=2021-01-01 00:00:00+00:00
[2026-05-10T18:21:15.962+0000] {processor.py:183} INFO - Processing /home/airflow/.local/lib/python3.12/site-packages/airflow/example_dags/example_trigger_controller_dag.py took 0.176 seconds
[2026-05-10T18:21:46.684+0000] {processor.py:161} INFO - Started process (PID=48319) to work on /home/airflow/.local/lib/python3.12/site-packages/airflow/example_dags/example_trigger_controller_dag.py
[2026-05-10T18:21:46.686+0000] {processor.py:830} INFO - Processing file /home/airflow/.local/lib/python3.12/site-packages/airflow/example_dags/example_trigger_controller_dag.py for tasks to queue
[2026-05-10T18:21:46.688+0000] {logging_mixin.py:188} INFO - [2026-05-10T18:21:46.688+0000] {dagbag.py:545} INFO - Filling up the DagBag from /home/airflow/.local/lib/python3.12/site-packages/airflow/example_dags/example_trigger_controller_dag.py
[2026-05-10T18:21:46.699+0000] {processor.py:840} INFO - DAG(s) 'example_trigger_controller_dag' retrieved from /home/airflow/.local/lib/python3.12/site-packages/airflow/example_dags/example_trigger_controller_dag.py
[2026-05-10T18:21:46.739+0000] {logging_mixin.py:188} INFO - [2026-05-10T18:21:46.738+0000] {dag.py:3089} INFO - Sync 1 DAGs
[2026-05-10T18:21:46.778+0000] {logging_mixin.py:188} INFO - [2026-05-10T18:21:46.777+0000] {dag.py:3947} INFO - Setting next_dagrun for example_trigger_controller_dag to 2021-01-01 00:00:00+00:00, run_after=2021-01-01 00:00:00+00:00
[2026-05-10T18:21:46.807+0000] {processor.py:183} INFO - Processing /home/airflow/.local/lib/python3.12/site-packages/airflow/example_dags/example_trigger_controller_dag.py took 0.131 seconds
[2026-05-10T18:22:17.785+0000] {processor.py:161} INFO - Started process (PID=48395) to work on /home/airflow/.local/lib/python3.12/site-packages/airflow/example_dags/example_trigger_controller_dag.py
[2026-05-10T18:22:17.787+0000] {processor.py:830} INFO - Processing file /home/airflow/.local/lib/python3.12/site-packages/airflow/example_dags/example_trigger_controller_dag.py for tasks to queue
[2026-05-10T18:22:17.789+0000] {logging_mixin.py:188} INFO - [2026-05-10T18:22:17.788+0000] {dagbag.py:545} INFO - Filling up the DagBag from /home/airflow/.local/lib/python3.12/site-packages/airflow/example_dags/example_trigger_controller_dag.py
[2026-05-10T18:22:17.798+0000] {processor.py:840} INFO - DAG(s) 'example_trigger_controller_dag' retrieved from /home/airflow/.local/lib/python3.12/site-packages/airflow/example_dags/example_trigger_controller_dag.py
[2026-05-10T18:22:17.830+0000] {logging_mixin.py:188} INFO - [2026-05-10T18:22:17.830+0000] {dag.py:3089} INFO - Sync 1 DAGs
[2026-05-10T18:22:17.871+0000] {logging_mixin.py:188} INFO - [2026-05-10T18:22:17.870+0000] {dag.py:3947} INFO - Setting next_dagrun for example_trigger_controller_dag to 2021-01-01 00:00:00+00:00, run_after=2021-01-01 00:00:00+00:00
[2026-05-10T18:22:17.909+0000] {processor.py:183} INFO - Processing /home/airflow/.local/lib/python3.12/site-packages/airflow/example_dags/example_trigger_controller_dag.py took 0.133 seconds
[2026-05-10T18:22:48.184+0000] {processor.py:161} INFO - Started process (PID=48463) to work on /home/airflow/.local/lib/python3.12/site-packages/airflow/example_dags/example_trigger_controller_dag.py
[2026-05-10T18:22:48.186+0000] {processor.py:830} INFO - Processing file /home/airflow/.local/lib/python3.12/site-packages/airflow/example_dags/example_trigger_controller_dag.py for tasks to queue
[2026-05-10T18:22:48.188+0000] {logging_mixin.py:188} INFO - [2026-05-10T18:22:48.188+0000] {dagbag.py:545} INFO - Filling up the DagBag from /home/airflow/.local/lib/python3.12/site-packages/airflow/example_dags/example_trigger_controller_dag.py
[2026-05-10T18:22:48.197+0000] {processor.py:840} INFO - DAG(s) 'example_trigger_controller_dag' retrieved from /home/airflow/.local/lib/python3.12/site-packages/airflow/example_dags/example_trigger_controller_dag.py
[2026-05-10T18:22:48.234+0000] {logging_mixin.py:188} INFO - [2026-05-10T18:22:48.234+0000] {dag.py:3089} INFO - Sync 1 DAGs
[2026-05-10T18:22:48.272+0000] {logging_mixin.py:188} INFO - [2026-05-10T18:22:48.271+0000] {dag.py:3947} INFO - Setting next_dagrun for example_trigger_controller_dag to 2021-01-01 00:00:00+00:00, run_after=2021-01-01 00:00:00+00:00
[2026-05-10T18:22:48.318+0000] {processor.py:183} INFO - Processing /home/airflow/.local/lib/python3.12/site-packages/airflow/example_dags/example_trigger_controller_dag.py took 0.144 seconds
[2026-05-10T18:23:18.525+0000] {processor.py:161} INFO - Started process (PID=48532) to work on /home/airflow/.local/lib/python3.12/site-packages/airflow/example_dags/example_trigger_controller_dag.py
[2026-05-10T18:23:18.528+0000] {processor.py:830} INFO - Processing file /home/airflow/.local/lib/python3.12/site-packages/airflow/example_dags/example_trigger_controller_dag.py for tasks to queue
[2026-05-10T18:23:18.531+0000] {logging_mixin.py:188} INFO - [2026-05-10T18:23:18.530+0000] {dagbag.py:545} INFO - Filling up the DagBag from /home/airflow/.local/lib/python3.12/site-packages/airflow/example_dags/example_trigger_controller_dag.py
[2026-05-10T18:23:18.541+0000] {processor.py:840} INFO - DAG(s) 'example_trigger_controller_dag' retrieved from /home/airflow/.local/lib/python3.12/site-packages/airflow/example_dags/example_trigger_controller_dag.py
[2026-05-10T18:23:18.585+0000] {logging_mixin.py:188} INFO - [2026-05-10T18:23:18.585+0000] {dag.py:3089} INFO - Sync 1 DAGs
[2026-05-10T18:23:18.628+0000] {logging_mixin.py:188} INFO - [2026-05-10T18:23:18.627+0000] {dag.py:3947} INFO - Setting next_dagrun for example_trigger_controller_dag to 2021-01-01 00:00:00+00:00, run_after=2021-01-01 00:00:00+00:00
[2026-05-10T18:23:18.696+0000] {processor.py:183} INFO - Processing /home/airflow/.local/lib/python3.12/site-packages/airflow/example_dags/example_trigger_controller_dag.py took 0.188 seconds
[2026-05-10T18:23:49.748+0000] {processor.py:161} INFO - Started process (PID=48600) to work on /home/airflow/.local/lib/python3.12/site-packages/airflow/example_dags/example_trigger_controller_dag.py
[2026-05-10T18:23:49.750+0000] {processor.py:830} INFO - Processing file /home/airflow/.local/lib/python3.12/site-packages/airflow/example_dags/example_trigger_controller_dag.py for tasks to queue
[2026-05-10T18:23:49.753+0000] {logging_mixin.py:188} INFO - [2026-05-10T18:23:49.752+0000] {dagbag.py:545} INFO - Filling up the DagBag from /home/airflow/.local/lib/python3.12/site-packages/airflow/example_dags/example_trigger_controller_dag.py
[2026-05-10T18:23:49.766+0000] {processor.py:840} INFO - DAG(s) 'example_trigger_controller_dag' retrieved from /home/airflow/.local/lib/python3.12/site-packages/airflow/example_dags/example_trigger_controller_dag.py
[2026-05-10T18:23:49.820+0000] {logging_mixin.py:188} INFO - [2026-05-10T18:23:49.819+0000] {dag.py:3089} INFO - Sync 1 DAGs
[2026-05-10T18:23:49.861+0000] {logging_mixin.py:188} INFO - [2026-05-10T18:23:49.860+0000] {dag.py:3947} INFO - Setting next_dagrun for example_trigger_controller_dag to 2021-01-01 00:00:00+00:00, run_after=2021-01-01 00:00:00+00:00
[2026-05-10T18:23:49.934+0000] {processor.py:183} INFO - Processing /home/airflow/.local/lib/python3.12/site-packages/airflow/example_dags/example_trigger_controller_dag.py took 0.201 seconds
[2026-05-10T18:24:20.248+0000] {processor.py:161} INFO - Started process (PID=48668) to work on /home/airflow/.local/lib/python3.12/site-packages/airflow/example_dags/example_trigger_controller_dag.py
[2026-05-10T18:24:20.250+0000] {processor.py:830} INFO - Processing file /home/airflow/.local/lib/python3.12/site-packages/airflow/example_dags/example_trigger_controller_dag.py for tasks to queue
[2026-05-10T18:24:20.252+0000] {logging_mixin.py:188} INFO - [2026-05-10T18:24:20.252+0000] {dagbag.py:545} INFO - Filling up the DagBag from /home/airflow/.local/lib/python3.12/site-packages/airflow/example_dags/example_trigger_controller_dag.py
[2026-05-10T18:24:20.262+0000] {processor.py:840} INFO - DAG(s) 'example_trigger_controller_dag' retrieved from /home/airflow/.local/lib/python3.12/site-packages/airflow/example_dags/example_trigger_controller_dag.py
[2026-05-10T18:24:20.300+0000] {logging_mixin.py:188} INFO - [2026-05-10T18:24:20.299+0000] {dag.py:3089} INFO - Sync 1 DAGs
[2026-05-10T18:24:20.353+0000] {logging_mixin.py:188} INFO - [2026-05-10T18:24:20.352+0000] {dag.py:3947} INFO - Setting next_dagrun for example_trigger_controller_dag to 2021-01-01 00:00:00+00:00, run_after=2021-01-01 00:00:00+00:00
[2026-05-10T18:24:20.420+0000] {processor.py:183} INFO - Processing /home/airflow/.local/lib/python3.12/site-packages/airflow/example_dags/example_trigger_controller_dag.py took 0.185 seconds
[2026-05-10T18:24:50.796+0000] {processor.py:161} INFO - Started process (PID=48738) to work on /home/airflow/.local/lib/python3.12/site-packages/airflow/example_dags/example_trigger_controller_dag.py
[2026-05-10T18:24:50.797+0000] {processor.py:830} INFO - Processing file /home/airflow/.local/lib/python3.12/site-packages/airflow/example_dags/example_trigger_controller_dag.py for tasks to queue
[2026-05-10T18:24:50.799+0000] {logging_mixin.py:188} INFO - [2026-05-10T18:24:50.798+0000] {dagbag.py:545} INFO - Filling up the DagBag from /home/airflow/.local/lib/python3.12/site-packages/airflow/example_dags/example_trigger_controller_dag.py
[2026-05-10T18:24:50.806+0000] {processor.py:840} INFO - DAG(s) 'example_trigger_controller_dag' retrieved from /home/airflow/.local/lib/python3.12/site-packages/airflow/example_dags/example_trigger_controller_dag.py
[2026-05-10T18:24:50.844+0000] {logging_mixin.py:188} INFO - [2026-05-10T18:24:50.843+0000] {dag.py:3089} INFO - Sync 1 DAGs
[2026-05-10T18:24:50.891+0000] {logging_mixin.py:188} INFO - [2026-05-10T18:24:50.890+0000] {dag.py:3947} INFO - Setting next_dagrun for example_trigger_controller_dag to 2021-01-01 00:00:00+00:00, run_after=2021-01-01 00:00:00+00:00
[2026-05-10T18:24:50.966+0000] {processor.py:183} INFO - Processing /home/airflow/.local/lib/python3.12/site-packages/airflow/example_dags/example_trigger_controller_dag.py took 0.180 seconds
[2026-05-10T18:25:21.512+0000] {processor.py:161} INFO - Started process (PID=48806) to work on /home/airflow/.local/lib/python3.12/site-packages/airflow/example_dags/example_trigger_controller_dag.py
[2026-05-10T18:25:21.515+0000] {processor.py:830} INFO - Processing file /home/airflow/.local/lib/python3.12/site-packages/airflow/example_dags/example_trigger_controller_dag.py for tasks to queue
[2026-05-10T18:25:21.517+0000] {logging_mixin.py:188} INFO - [2026-05-10T18:25:21.516+0000] {dagbag.py:545} INFO - Filling up the DagBag from /home/airflow/.local/lib/python3.12/site-packages/airflow/example_dags/example_trigger_controller_dag.py
[2026-05-10T18:25:21.526+0000] {processor.py:840} INFO - DAG(s) 'example_trigger_controller_dag' retrieved from /home/airflow/.local/lib/python3.12/site-packages/airflow/example_dags/example_trigger_controller_dag.py
[2026-05-10T18:25:21.563+0000] {logging_mixin.py:188} INFO - [2026-05-10T18:25:21.563+0000] {dag.py:3089} INFO - Sync 1 DAGs
[2026-05-10T18:25:21.593+0000] {logging_mixin.py:188} INFO - [2026-05-10T18:25:21.593+0000] {dag.py:3947} INFO - Setting next_dagrun for example_trigger_controller_dag to 2021-01-01 00:00:00+00:00, run_after=2021-01-01 00:00:00+00:00
[2026-05-10T18:25:21.765+0000] {processor.py:183} INFO - Processing /home/airflow/.local/lib/python3.12/site-packages/airflow/example_dags/example_trigger_controller_dag.py took 0.265 seconds
[2026-05-10T18:25:52.597+0000] {processor.py:161} INFO - Started process (PID=48874) to work on /home/airflow/.local/lib/python3.12/site-packages/airflow/example_dags/example_trigger_controller_dag.py
[2026-05-10T18:25:52.599+0000] {processor.py:830} INFO - Processing file /home/airflow/.local/lib/python3.12/site-packages/airflow/example_dags/example_trigger_controller_dag.py for tasks to queue
[2026-05-10T18:25:52.601+0000] {logging_mixin.py:188} INFO - [2026-05-10T18:25:52.601+0000] {dagbag.py:545} INFO - Filling up the DagBag from /home/airflow/.local/lib/python3.12/site-packages/airflow/example_dags/example_trigger_controller_dag.py
[2026-05-10T18:25:52.610+0000] {processor.py:840} INFO - DAG(s) 'example_trigger_controller_dag' retrieved from /home/airflow/.local/lib/python3.12/site-packages/airflow/example_dags/example_trigger_controller_dag.py
[2026-05-10T18:25:52.643+0000] {logging_mixin.py:188} INFO - [2026-05-10T18:25:52.643+0000] {dag.py:3089} INFO - Sync 1 DAGs
[2026-05-10T18:25:52.675+0000] {logging_mixin.py:188} INFO - [2026-05-10T18:25:52.675+0000] {dag.py:3947} INFO - Setting next_dagrun for example_trigger_controller_dag to 2021-01-01 00:00:00+00:00, run_after=2021-01-01 00:00:00+00:00
[2026-05-10T18:25:52.713+0000] {processor.py:183} INFO - Processing /home/airflow/.local/lib/python3.12/site-packages/airflow/example_dags/example_trigger_controller_dag.py took 0.125 seconds
[2026-05-10T18:26:23.740+0000] {processor.py:161} INFO - Started process (PID=48949) to work on /home/airflow/.local/lib/python3.12/site-packages/airflow/example_dags/example_trigger_controller_dag.py
[2026-05-10T18:26:23.742+0000] {processor.py:830} INFO - Processing file /home/airflow/.local/lib/python3.12/site-packages/airflow/example_dags/example_trigger_controller_dag.py for tasks to queue
[2026-05-10T18:26:23.748+0000] {logging_mixin.py:188} INFO - [2026-05-10T18:26:23.747+0000] {dagbag.py:545} INFO - Filling up the DagBag from /home/airflow/.local/lib/python3.12/site-packages/airflow/example_dags/example_trigger_controller_dag.py
[2026-05-10T18:26:23.756+0000] {processor.py:840} INFO - DAG(s) 'example_trigger_controller_dag' retrieved from /home/airflow/.local/lib/python3.12/site-packages/airflow/example_dags/example_trigger_controller_dag.py
[2026-05-10T18:26:23.791+0000] {logging_mixin.py:188} INFO - [2026-05-10T18:26:23.790+0000] {dag.py:3089} INFO - Sync 1 DAGs
[2026-05-10T18:26:23.824+0000] {logging_mixin.py:188} INFO - [2026-05-10T18:26:23.823+0000] {dag.py:3947} INFO - Setting next_dagrun for example_trigger_controller_dag to 2021-01-01 00:00:00+00:00, run_after=2021-01-01 00:00:00+00:00
[2026-05-10T18:26:23.881+0000] {processor.py:183} INFO - Processing /home/airflow/.local/lib/python3.12/site-packages/airflow/example_dags/example_trigger_controller_dag.py took 0.149 seconds
[2026-05-10T18:26:54.079+0000] {processor.py:161} INFO - Started process (PID=49017) to work on /home/airflow/.local/lib/python3.12/site-packages/airflow/example_dags/example_trigger_controller_dag.py
[2026-05-10T18:26:54.081+0000] {processor.py:830} INFO - Processing file /home/airflow/.local/lib/python3.12/site-packages/airflow/example_dags/example_trigger_controller_dag.py for tasks to queue
[2026-05-10T18:26:54.087+0000] {logging_mixin.py:188} INFO - [2026-05-10T18:26:54.087+0000] {dagbag.py:545} INFO - Filling up the DagBag from /home/airflow/.local/lib/python3.12/site-packages/airflow/example_dags/example_trigger_controller_dag.py
[2026-05-10T18:26:54.097+0000] {processor.py:840} INFO - DAG(s) 'example_trigger_controller_dag' retrieved from /home/airflow/.local/lib/python3.12/site-packages/airflow/example_dags/example_trigger_controller_dag.py
[2026-05-10T18:26:54.134+0000] {logging_mixin.py:188} INFO - [2026-05-10T18:26:54.133+0000] {dag.py:3089} INFO - Sync 1 DAGs
[2026-05-10T18:26:54.169+0000] {logging_mixin.py:188} INFO - [2026-05-10T18:26:54.168+0000] {dag.py:3947} INFO - Setting next_dagrun for example_trigger_controller_dag to 2021-01-01 00:00:00+00:00, run_after=2021-01-01 00:00:00+00:00
[2026-05-10T18:26:54.200+0000] {processor.py:183} INFO - Processing /home/airflow/.local/lib/python3.12/site-packages/airflow/example_dags/example_trigger_controller_dag.py took 0.131 seconds
[2026-05-10T18:27:24.721+0000] {processor.py:161} INFO - Started process (PID=49084) to work on /home/airflow/.local/lib/python3.12/site-packages/airflow/example_dags/example_trigger_controller_dag.py
[2026-05-10T18:27:24.723+0000] {processor.py:830} INFO - Processing file /home/airflow/.local/lib/python3.12/site-packages/airflow/example_dags/example_trigger_controller_dag.py for tasks to queue
[2026-05-10T18:27:24.725+0000] {logging_mixin.py:188} INFO - [2026-05-10T18:27:24.725+0000] {dagbag.py:545} INFO - Filling up the DagBag from /home/airflow/.local/lib/python3.12/site-packages/airflow/example_dags/example_trigger_controller_dag.py
[2026-05-10T18:27:24.733+0000] {processor.py:840} INFO - DAG(s) 'example_trigger_controller_dag' retrieved from /home/airflow/.local/lib/python3.12/site-packages/airflow/example_dags/example_trigger_controller_dag.py
[2026-05-10T18:27:24.770+0000] {logging_mixin.py:188} INFO - [2026-05-10T18:27:24.769+0000] {dag.py:3089} INFO - Sync 1 DAGs
[2026-05-10T18:27:24.800+0000] {logging_mixin.py:188} INFO - [2026-05-10T18:27:24.800+0000] {dag.py:3947} INFO - Setting next_dagrun for example_trigger_controller_dag to 2021-01-01 00:00:00+00:00, run_after=2021-01-01 00:00:00+00:00
[2026-05-10T18:27:24.853+0000] {processor.py:183} INFO - Processing /home/airflow/.local/lib/python3.12/site-packages/airflow/example_dags/example_trigger_controller_dag.py took 0.141 seconds
[2026-05-10T18:27:55.623+0000] {processor.py:161} INFO - Started process (PID=49152) to work on /home/airflow/.local/lib/python3.12/site-packages/airflow/example_dags/example_trigger_controller_dag.py
[2026-05-10T18:27:55.632+0000] {processor.py:830} INFO - Processing file /home/airflow/.local/lib/python3.12/site-packages/airflow/example_dags/example_trigger_controller_dag.py for tasks to queue
[2026-05-10T18:27:55.635+0000] {logging_mixin.py:188} INFO - [2026-05-10T18:27:55.634+0000] {dagbag.py:545} INFO - Filling up the DagBag from /home/airflow/.local/lib/python3.12/site-packages/airflow/example_dags/example_trigger_controller_dag.py
[2026-05-10T18:27:55.654+0000] {processor.py:840} INFO - DAG(s) 'example_trigger_controller_dag' retrieved from /home/airflow/.local/lib/python3.12/site-packages/airflow/example_dags/example_trigger_controller_dag.py
[2026-05-10T18:27:55.709+0000] {logging_mixin.py:188} INFO - [2026-05-10T18:27:55.708+0000] {dag.py:3089} INFO - Sync 1 DAGs
[2026-05-10T18:27:55.758+0000] {logging_mixin.py:188} INFO - [2026-05-10T18:27:55.757+0000] {dag.py:3947} INFO - Setting next_dagrun for example_trigger_controller_dag to 2021-01-01 00:00:00+00:00, run_after=2021-01-01 00:00:00+00:00
[2026-05-10T18:27:55.806+0000] {processor.py:183} INFO - Processing /home/airflow/.local/lib/python3.12/site-packages/airflow/example_dags/example_trigger_controller_dag.py took 0.197 seconds
[2026-05-10T18:28:26.013+0000] {processor.py:161} INFO - Started process (PID=49220) to work on /home/airflow/.local/lib/python3.12/site-packages/airflow/example_dags/example_trigger_controller_dag.py
[2026-05-10T18:28:26.020+0000] {processor.py:830} INFO - Processing file /home/airflow/.local/lib/python3.12/site-packages/airflow/example_dags/example_trigger_controller_dag.py for tasks to queue
[2026-05-10T18:28:26.023+0000] {logging_mixin.py:188} INFO - [2026-05-10T18:28:26.022+0000] {dagbag.py:545} INFO - Filling up the DagBag from /home/airflow/.local/lib/python3.12/site-packages/airflow/example_dags/example_trigger_controller_dag.py
[2026-05-10T18:28:26.040+0000] {processor.py:840} INFO - DAG(s) 'example_trigger_controller_dag' retrieved from /home/airflow/.local/lib/python3.12/site-packages/airflow/example_dags/example_trigger_controller_dag.py
[2026-05-10T18:28:26.087+0000] {logging_mixin.py:188} INFO - [2026-05-10T18:28:26.086+0000] {dag.py:3089} INFO - Sync 1 DAGs
[2026-05-10T18:28:26.124+0000] {logging_mixin.py:188} INFO - [2026-05-10T18:28:26.124+0000] {dag.py:3947} INFO - Setting next_dagrun for example_trigger_controller_dag to 2021-01-01 00:00:00+00:00, run_after=2021-01-01 00:00:00+00:00
[2026-05-10T18:28:26.163+0000] {processor.py:183} INFO - Processing /home/airflow/.local/lib/python3.12/site-packages/airflow/example_dags/example_trigger_controller_dag.py took 0.165 seconds
[2026-05-10T18:28:57.160+0000] {processor.py:161} INFO - Started process (PID=49288) to work on /home/airflow/.local/lib/python3.12/site-packages/airflow/example_dags/example_trigger_controller_dag.py
[2026-05-10T18:28:57.162+0000] {processor.py:830} INFO - Processing file /home/airflow/.local/lib/python3.12/site-packages/airflow/example_dags/example_trigger_controller_dag.py for tasks to queue
[2026-05-10T18:28:57.165+0000] {logging_mixin.py:188} INFO - [2026-05-10T18:28:57.164+0000] {dagbag.py:545} INFO - Filling up the DagBag from /home/airflow/.local/lib/python3.12/site-packages/airflow/example_dags/example_trigger_controller_dag.py
[2026-05-10T18:28:57.177+0000] {processor.py:840} INFO - DAG(s) 'example_trigger_controller_dag' retrieved from /home/airflow/.local/lib/python3.12/site-packages/airflow/example_dags/example_trigger_controller_dag.py
[2026-05-10T18:28:57.215+0000] {logging_mixin.py:188} INFO - [2026-05-10T18:28:57.215+0000] {dag.py:3089} INFO - Sync 1 DAGs
[2026-05-10T18:28:57.262+0000] {logging_mixin.py:188} INFO - [2026-05-10T18:28:57.262+0000] {dag.py:3947} INFO - Setting next_dagrun for example_trigger_controller_dag to 2021-01-01 00:00:00+00:00, run_after=2021-01-01 00:00:00+00:00
[2026-05-10T18:28:57.323+0000] {processor.py:183} INFO - Processing /home/airflow/.local/lib/python3.12/site-packages/airflow/example_dags/example_trigger_controller_dag.py took 0.174 seconds
[2026-05-10T18:29:27.509+0000] {processor.py:161} INFO - Started process (PID=49356) to work on /home/airflow/.local/lib/python3.12/site-packages/airflow/example_dags/example_trigger_controller_dag.py
[2026-05-10T18:29:27.512+0000] {processor.py:830} INFO - Processing file /home/airflow/.local/lib/python3.12/site-packages/airflow/example_dags/example_trigger_controller_dag.py for tasks to queue
[2026-05-10T18:29:27.515+0000] {logging_mixin.py:188} INFO - [2026-05-10T18:29:27.514+0000] {dagbag.py:545} INFO - Filling up the DagBag from /home/airflow/.local/lib/python3.12/site-packages/airflow/example_dags/example_trigger_controller_dag.py
[2026-05-10T18:29:27.524+0000] {processor.py:840} INFO - DAG(s) 'example_trigger_controller_dag' retrieved from /home/airflow/.local/lib/python3.12/site-packages/airflow/example_dags/example_trigger_controller_dag.py
[2026-05-10T18:29:27.570+0000] {logging_mixin.py:188} INFO - [2026-05-10T18:29:27.569+0000] {dag.py:3089} INFO - Sync 1 DAGs
[2026-05-10T18:29:27.606+0000] {logging_mixin.py:188} INFO - [2026-05-10T18:29:27.605+0000] {dag.py:3947} INFO - Setting next_dagrun for example_trigger_controller_dag to 2021-01-01 00:00:00+00:00, run_after=2021-01-01 00:00:00+00:00
[2026-05-10T18:29:27.666+0000] {processor.py:183} INFO - Processing /home/airflow/.local/lib/python3.12/site-packages/airflow/example_dags/example_trigger_controller_dag.py took 0.171 seconds
[2026-05-10T18:29:57.962+0000] {processor.py:161} INFO - Started process (PID=49431) to work on /home/airflow/.local/lib/python3.12/site-packages/airflow/example_dags/example_trigger_controller_dag.py
[2026-05-10T18:29:57.964+0000] {processor.py:830} INFO - Processing file /home/airflow/.local/lib/python3.12/site-packages/airflow/example_dags/example_trigger_controller_dag.py for tasks to queue
[2026-05-10T18:29:57.966+0000] {logging_mixin.py:188} INFO - [2026-05-10T18:29:57.965+0000] {dagbag.py:545} INFO - Filling up the DagBag from /home/airflow/.local/lib/python3.12/site-packages/airflow/example_dags/example_trigger_controller_dag.py
[2026-05-10T18:29:57.975+0000] {processor.py:840} INFO - DAG(s) 'example_trigger_controller_dag' retrieved from /home/airflow/.local/lib/python3.12/site-packages/airflow/example_dags/example_trigger_controller_dag.py
[2026-05-10T18:29:58.019+0000] {logging_mixin.py:188} INFO - [2026-05-10T18:29:58.018+0000] {dag.py:3089} INFO - Sync 1 DAGs
[2026-05-10T18:29:58.053+0000] {logging_mixin.py:188} INFO - [2026-05-10T18:29:58.052+0000] {dag.py:3947} INFO - Setting next_dagrun for example_trigger_controller_dag to 2021-01-01 00:00:00+00:00, run_after=2021-01-01 00:00:00+00:00
[2026-05-10T18:29:58.092+0000] {processor.py:183} INFO - Processing /home/airflow/.local/lib/python3.12/site-packages/airflow/example_dags/example_trigger_controller_dag.py took 0.140 seconds
[2026-05-10T18:30:28.727+0000] {processor.py:161} INFO - Started process (PID=49499) to work on /home/airflow/.local/lib/python3.12/site-packages/airflow/example_dags/example_trigger_controller_dag.py
[2026-05-10T18:30:28.730+0000] {processor.py:830} INFO - Processing file /home/airflow/.local/lib/python3.12/site-packages/airflow/example_dags/example_trigger_controller_dag.py for tasks to queue
[2026-05-10T18:30:28.733+0000] {logging_mixin.py:188} INFO - [2026-05-10T18:30:28.732+0000] {dagbag.py:545} INFO - Filling up the DagBag from /home/airflow/.local/lib/python3.12/site-packages/airflow/example_dags/example_trigger_controller_dag.py
[2026-05-10T18:30:28.744+0000] {processor.py:840} INFO - DAG(s) 'example_trigger_controller_dag' retrieved from /home/airflow/.local/lib/python3.12/site-packages/airflow/example_dags/example_trigger_controller_dag.py
[2026-05-10T18:30:28.777+0000] {logging_mixin.py:188} INFO - [2026-05-10T18:30:28.777+0000] {dag.py:3089} INFO - Sync 1 DAGs
[2026-05-10T18:30:28.813+0000] {logging_mixin.py:188} INFO - [2026-05-10T18:30:28.813+0000] {dag.py:3947} INFO - Setting next_dagrun for example_trigger_controller_dag to 2021-01-01 00:00:00+00:00, run_after=2021-01-01 00:00:00+00:00
[2026-05-10T18:30:28.853+0000] {processor.py:183} INFO - Processing /home/airflow/.local/lib/python3.12/site-packages/airflow/example_dags/example_trigger_controller_dag.py took 0.141 seconds
[2026-05-10T18:30:59.503+0000] {processor.py:161} INFO - Started process (PID=49567) to work on /home/airflow/.local/lib/python3.12/site-packages/airflow/example_dags/example_trigger_controller_dag.py
[2026-05-10T18:30:59.505+0000] {processor.py:830} INFO - Processing file /home/airflow/.local/lib/python3.12/site-packages/airflow/example_dags/example_trigger_controller_dag.py for tasks to queue
[2026-05-10T18:30:59.507+0000] {logging_mixin.py:188} INFO - [2026-05-10T18:30:59.506+0000] {dagbag.py:545} INFO - Filling up the DagBag from /home/airflow/.local/lib/python3.12/site-packages/airflow/example_dags/example_trigger_controller_dag.py
[2026-05-10T18:30:59.523+0000] {processor.py:840} INFO - DAG(s) 'example_trigger_controller_dag' retrieved from /home/airflow/.local/lib/python3.12/site-packages/airflow/example_dags/example_trigger_controller_dag.py
[2026-05-10T18:30:59.559+0000] {logging_mixin.py:188} INFO - [2026-05-10T18:30:59.559+0000] {dag.py:3089} INFO - Sync 1 DAGs
[2026-05-10T18:30:59.594+0000] {logging_mixin.py:188} INFO - [2026-05-10T18:30:59.593+0000] {dag.py:3947} INFO - Setting next_dagrun for example_trigger_controller_dag to 2021-01-01 00:00:00+00:00, run_after=2021-01-01 00:00:00+00:00
[2026-05-10T18:30:59.629+0000] {processor.py:183} INFO - Processing /home/airflow/.local/lib/python3.12/site-packages/airflow/example_dags/example_trigger_controller_dag.py took 0.139 seconds
[2026-05-10T18:31:29.845+0000] {processor.py:161} INFO - Started process (PID=49634) to work on /home/airflow/.local/lib/python3.12/site-packages/airflow/example_dags/example_trigger_controller_dag.py
[2026-05-10T18:31:29.848+0000] {processor.py:830} INFO - Processing file /home/airflow/.local/lib/python3.12/site-packages/airflow/example_dags/example_trigger_controller_dag.py for tasks to queue
[2026-05-10T18:31:29.850+0000] {logging_mixin.py:188} INFO - [2026-05-10T18:31:29.849+0000] {dagbag.py:545} INFO - Filling up the DagBag from /home/airflow/.local/lib/python3.12/site-packages/airflow/example_dags/example_trigger_controller_dag.py
[2026-05-10T18:31:29.859+0000] {processor.py:840} INFO - DAG(s) 'example_trigger_controller_dag' retrieved from /home/airflow/.local/lib/python3.12/site-packages/airflow/example_dags/example_trigger_controller_dag.py
[2026-05-10T18:31:29.909+0000] {logging_mixin.py:188} INFO - [2026-05-10T18:31:29.908+0000] {dag.py:3089} INFO - Sync 1 DAGs
[2026-05-10T18:31:29.948+0000] {logging_mixin.py:188} INFO - [2026-05-10T18:31:29.947+0000] {dag.py:3947} INFO - Setting next_dagrun for example_trigger_controller_dag to 2021-01-01 00:00:00+00:00, run_after=2021-01-01 00:00:00+00:00
[2026-05-10T18:31:30.015+0000] {processor.py:183} INFO - Processing /home/airflow/.local/lib/python3.12/site-packages/airflow/example_dags/example_trigger_controller_dag.py took 0.183 seconds
[2026-05-10T18:32:01.066+0000] {processor.py:161} INFO - Started process (PID=49702) to work on /home/airflow/.local/lib/python3.12/site-packages/airflow/example_dags/example_trigger_controller_dag.py
[2026-05-10T18:32:01.068+0000] {processor.py:830} INFO - Processing file /home/airflow/.local/lib/python3.12/site-packages/airflow/example_dags/example_trigger_controller_dag.py for tasks to queue
[2026-05-10T18:32:01.071+0000] {logging_mixin.py:188} INFO - [2026-05-10T18:32:01.070+0000] {dagbag.py:545} INFO - Filling up the DagBag from /home/airflow/.local/lib/python3.12/site-packages/airflow/example_dags/example_trigger_controller_dag.py
[2026-05-10T18:32:01.083+0000] {processor.py:840} INFO - DAG(s) 'example_trigger_controller_dag' retrieved from /home/airflow/.local/lib/python3.12/site-packages/airflow/example_dags/example_trigger_controller_dag.py
[2026-05-10T18:32:01.123+0000] {logging_mixin.py:188} INFO - [2026-05-10T18:32:01.122+0000] {dag.py:3089} INFO - Sync 1 DAGs
[2026-05-10T18:32:01.158+0000] {logging_mixin.py:188} INFO - [2026-05-10T18:32:01.158+0000] {dag.py:3947} INFO - Setting next_dagrun for example_trigger_controller_dag to 2021-01-01 00:00:00+00:00, run_after=2021-01-01 00:00:00+00:00
[2026-05-10T18:32:01.198+0000] {processor.py:183} INFO - Processing /home/airflow/.local/lib/python3.12/site-packages/airflow/example_dags/example_trigger_controller_dag.py took 0.146 seconds
[2026-05-10T18:32:31.956+0000] {processor.py:161} INFO - Started process (PID=49770) to work on /home/airflow/.local/lib/python3.12/site-packages/airflow/example_dags/example_trigger_controller_dag.py
[2026-05-10T18:32:31.958+0000] {processor.py:830} INFO - Processing file /home/airflow/.local/lib/python3.12/site-packages/airflow/example_dags/example_trigger_controller_dag.py for tasks to queue
[2026-05-10T18:32:31.960+0000] {logging_mixin.py:188} INFO - [2026-05-10T18:32:31.959+0000] {dagbag.py:545} INFO - Filling up the DagBag from /home/airflow/.local/lib/python3.12/site-packages/airflow/example_dags/example_trigger_controller_dag.py
[2026-05-10T18:32:31.968+0000] {processor.py:840} INFO - DAG(s) 'example_trigger_controller_dag' retrieved from /home/airflow/.local/lib/python3.12/site-packages/airflow/example_dags/example_trigger_controller_dag.py
[2026-05-10T18:32:32.005+0000] {logging_mixin.py:188} INFO - [2026-05-10T18:32:32.005+0000] {dag.py:3089} INFO - Sync 1 DAGs
[2026-05-10T18:32:32.039+0000] {logging_mixin.py:188} INFO - [2026-05-10T18:32:32.039+0000] {dag.py:3947} INFO - Setting next_dagrun for example_trigger_controller_dag to 2021-01-01 00:00:00+00:00, run_after=2021-01-01 00:00:00+00:00
[2026-05-10T18:32:32.074+0000] {processor.py:183} INFO - Processing /home/airflow/.local/lib/python3.12/site-packages/airflow/example_dags/example_trigger_controller_dag.py took 0.129 seconds
[2026-05-10T18:33:02.357+0000] {processor.py:161} INFO - Started process (PID=49837) to work on /home/airflow/.local/lib/python3.12/site-packages/airflow/example_dags/example_trigger_controller_dag.py
[2026-05-10T18:33:02.359+0000] {processor.py:830} INFO - Processing file /home/airflow/.local/lib/python3.12/site-packages/airflow/example_dags/example_trigger_controller_dag.py for tasks to queue
[2026-05-10T18:33:02.362+0000] {logging_mixin.py:188} INFO - [2026-05-10T18:33:02.361+0000] {dagbag.py:545} INFO - Filling up the DagBag from /home/airflow/.local/lib/python3.12/site-packages/airflow/example_dags/example_trigger_controller_dag.py
[2026-05-10T18:33:02.371+0000] {processor.py:840} INFO - DAG(s) 'example_trigger_controller_dag' retrieved from /home/airflow/.local/lib/python3.12/site-packages/airflow/example_dags/example_trigger_controller_dag.py
[2026-05-10T18:33:02.407+0000] {logging_mixin.py:188} INFO - [2026-05-10T18:33:02.406+0000] {dag.py:3089} INFO - Sync 1 DAGs
[2026-05-10T18:33:02.444+0000] {logging_mixin.py:188} INFO - [2026-05-10T18:33:02.444+0000] {dag.py:3947} INFO - Setting next_dagrun for example_trigger_controller_dag to 2021-01-01 00:00:00+00:00, run_after=2021-01-01 00:00:00+00:00
[2026-05-10T18:33:02.522+0000] {processor.py:183} INFO - Processing /home/airflow/.local/lib/python3.12/site-packages/airflow/example_dags/example_trigger_controller_dag.py took 0.181 seconds
[2026-05-10T18:33:33.198+0000] {processor.py:161} INFO - Started process (PID=49912) to work on /home/airflow/.local/lib/python3.12/site-packages/airflow/example_dags/example_trigger_controller_dag.py
[2026-05-10T18:33:33.200+0000] {processor.py:830} INFO - Processing file /home/airflow/.local/lib/python3.12/site-packages/airflow/example_dags/example_trigger_controller_dag.py for tasks to queue
[2026-05-10T18:33:33.202+0000] {logging_mixin.py:188} INFO - [2026-05-10T18:33:33.201+0000] {dagbag.py:545} INFO - Filling up the DagBag from /home/airflow/.local/lib/python3.12/site-packages/airflow/example_dags/example_trigger_controller_dag.py
[2026-05-10T18:33:33.210+0000] {processor.py:840} INFO - DAG(s) 'example_trigger_controller_dag' retrieved from /home/airflow/.local/lib/python3.12/site-packages/airflow/example_dags/example_trigger_controller_dag.py
[2026-05-10T18:33:33.241+0000] {logging_mixin.py:188} INFO - [2026-05-10T18:33:33.241+0000] {dag.py:3089} INFO - Sync 1 DAGs
[2026-05-10T18:33:33.271+0000] {logging_mixin.py:188} INFO - [2026-05-10T18:33:33.270+0000] {dag.py:3947} INFO - Setting next_dagrun for example_trigger_controller_dag to 2021-01-01 00:00:00+00:00, run_after=2021-01-01 00:00:00+00:00
[2026-05-10T18:33:33.303+0000] {processor.py:183} INFO - Processing /home/airflow/.local/lib/python3.12/site-packages/airflow/example_dags/example_trigger_controller_dag.py took 0.116 seconds
[2026-05-10T18:34:04.080+0000] {processor.py:161} INFO - Started process (PID=49980) to work on /home/airflow/.local/lib/python3.12/site-packages/airflow/example_dags/example_trigger_controller_dag.py
[2026-05-10T18:34:04.091+0000] {processor.py:830} INFO - Processing file /home/airflow/.local/lib/python3.12/site-packages/airflow/example_dags/example_trigger_controller_dag.py for tasks to queue
[2026-05-10T18:34:04.117+0000] {logging_mixin.py:188} INFO - [2026-05-10T18:34:04.116+0000] {dagbag.py:545} INFO - Filling up the DagBag from /home/airflow/.local/lib/python3.12/site-packages/airflow/example_dags/example_trigger_controller_dag.py
[2026-05-10T18:34:04.138+0000] {processor.py:840} INFO - DAG(s) 'example_trigger_controller_dag' retrieved from /home/airflow/.local/lib/python3.12/site-packages/airflow/example_dags/example_trigger_controller_dag.py
[2026-05-10T18:34:04.190+0000] {logging_mixin.py:188} INFO - [2026-05-10T18:34:04.190+0000] {dag.py:3089} INFO - Sync 1 DAGs
[2026-05-10T18:34:04.507+0000] {logging_mixin.py:188} INFO - [2026-05-10T18:34:04.507+0000] {dag.py:3947} INFO - Setting next_dagrun for example_trigger_controller_dag to 2021-01-01 00:00:00+00:00, run_after=2021-01-01 00:00:00+00:00
[2026-05-10T18:34:04.565+0000] {processor.py:183} INFO - Processing /home/airflow/.local/lib/python3.12/site-packages/airflow/example_dags/example_trigger_controller_dag.py took 0.494 seconds
[2026-05-10T18:34:34.722+0000] {processor.py:161} INFO - Started process (PID=50048) to work on /home/airflow/.local/lib/python3.12/site-packages/airflow/example_dags/example_trigger_controller_dag.py
[2026-05-10T18:34:34.727+0000] {processor.py:830} INFO - Processing file /home/airflow/.local/lib/python3.12/site-packages/airflow/example_dags/example_trigger_controller_dag.py for tasks to queue
[2026-05-10T18:34:34.729+0000] {logging_mixin.py:188} INFO - [2026-05-10T18:34:34.729+0000] {dagbag.py:545} INFO - Filling up the DagBag from /home/airflow/.local/lib/python3.12/site-packages/airflow/example_dags/example_trigger_controller_dag.py
[2026-05-10T18:34:34.741+0000] {processor.py:840} INFO - DAG(s) 'example_trigger_controller_dag' retrieved from /home/airflow/.local/lib/python3.12/site-packages/airflow/example_dags/example_trigger_controller_dag.py
[2026-05-10T18:34:34.787+0000] {logging_mixin.py:188} INFO - [2026-05-10T18:34:34.786+0000] {dag.py:3089} INFO - Sync 1 DAGs
[2026-05-10T18:34:34.832+0000] {logging_mixin.py:188} INFO - [2026-05-10T18:34:34.831+0000] {dag.py:3947} INFO - Setting next_dagrun for example_trigger_controller_dag to 2021-01-01 00:00:00+00:00, run_after=2021-01-01 00:00:00+00:00
[2026-05-10T18:34:35.222+0000] {processor.py:183} INFO - Processing /home/airflow/.local/lib/python3.12/site-packages/airflow/example_dags/example_trigger_controller_dag.py took 0.514 seconds
[2026-05-10T18:35:05.462+0000] {processor.py:161} INFO - Started process (PID=50115) to work on /home/airflow/.local/lib/python3.12/site-packages/airflow/example_dags/example_trigger_controller_dag.py
[2026-05-10T18:35:05.466+0000] {processor.py:830} INFO - Processing file /home/airflow/.local/lib/python3.12/site-packages/airflow/example_dags/example_trigger_controller_dag.py for tasks to queue
[2026-05-10T18:35:05.468+0000] {logging_mixin.py:188} INFO - [2026-05-10T18:35:05.467+0000] {dagbag.py:545} INFO - Filling up the DagBag from /home/airflow/.local/lib/python3.12/site-packages/airflow/example_dags/example_trigger_controller_dag.py
[2026-05-10T18:35:05.479+0000] {processor.py:840} INFO - DAG(s) 'example_trigger_controller_dag' retrieved from /home/airflow/.local/lib/python3.12/site-packages/airflow/example_dags/example_trigger_controller_dag.py
[2026-05-10T18:35:05.519+0000] {logging_mixin.py:188} INFO - [2026-05-10T18:35:05.518+0000] {dag.py:3089} INFO - Sync 1 DAGs
[2026-05-10T18:35:05.553+0000] {logging_mixin.py:188} INFO - [2026-05-10T18:35:05.553+0000] {dag.py:3947} INFO - Setting next_dagrun for example_trigger_controller_dag to 2021-01-01 00:00:00+00:00, run_after=2021-01-01 00:00:00+00:00
[2026-05-10T18:35:05.620+0000] {processor.py:183} INFO - Processing /home/airflow/.local/lib/python3.12/site-packages/airflow/example_dags/example_trigger_controller_dag.py took 0.172 seconds
[2026-05-10T18:35:36.041+0000] {processor.py:161} INFO - Started process (PID=50183) to work on /home/airflow/.local/lib/python3.12/site-packages/airflow/example_dags/example_trigger_controller_dag.py
[2026-05-10T18:35:36.043+0000] {processor.py:830} INFO - Processing file /home/airflow/.local/lib/python3.12/site-packages/airflow/example_dags/example_trigger_controller_dag.py for tasks to queue
[2026-05-10T18:35:36.045+0000] {logging_mixin.py:188} INFO - [2026-05-10T18:35:36.045+0000] {dagbag.py:545} INFO - Filling up the DagBag from /home/airflow/.local/lib/python3.12/site-packages/airflow/example_dags/example_trigger_controller_dag.py
[2026-05-10T18:35:36.055+0000] {processor.py:840} INFO - DAG(s) 'example_trigger_controller_dag' retrieved from /home/airflow/.local/lib/python3.12/site-packages/airflow/example_dags/example_trigger_controller_dag.py
[2026-05-10T18:35:36.096+0000] {logging_mixin.py:188} INFO - [2026-05-10T18:35:36.095+0000] {dag.py:3089} INFO - Sync 1 DAGs
[2026-05-10T18:35:36.145+0000] {logging_mixin.py:188} INFO - [2026-05-10T18:35:36.145+0000] {dag.py:3947} INFO - Setting next_dagrun for example_trigger_controller_dag to 2021-01-01 00:00:00+00:00, run_after=2021-01-01 00:00:00+00:00
[2026-05-10T18:35:36.225+0000] {processor.py:183} INFO - Processing /home/airflow/.local/lib/python3.12/site-packages/airflow/example_dags/example_trigger_controller_dag.py took 0.194 seconds
[2026-05-10T18:36:06.620+0000] {processor.py:161} INFO - Started process (PID=50251) to work on /home/airflow/.local/lib/python3.12/site-packages/airflow/example_dags/example_trigger_controller_dag.py
[2026-05-10T18:36:06.623+0000] {processor.py:830} INFO - Processing file /home/airflow/.local/lib/python3.12/site-packages/airflow/example_dags/example_trigger_controller_dag.py for tasks to queue
[2026-05-10T18:36:06.624+0000] {logging_mixin.py:188} INFO - [2026-05-10T18:36:06.624+0000] {dagbag.py:545} INFO - Filling up the DagBag from /home/airflow/.local/lib/python3.12/site-packages/airflow/example_dags/example_trigger_controller_dag.py
[2026-05-10T18:36:06.632+0000] {processor.py:840} INFO - DAG(s) 'example_trigger_controller_dag' retrieved from /home/airflow/.local/lib/python3.12/site-packages/airflow/example_dags/example_trigger_controller_dag.py
[2026-05-10T18:36:06.675+0000] {logging_mixin.py:188} INFO - [2026-05-10T18:36:06.674+0000] {dag.py:3089} INFO - Sync 1 DAGs
[2026-05-10T18:36:06.711+0000] {logging_mixin.py:188} INFO - [2026-05-10T18:36:06.710+0000] {dag.py:3947} INFO - Setting next_dagrun for example_trigger_controller_dag to 2021-01-01 00:00:00+00:00, run_after=2021-01-01 00:00:00+00:00
[2026-05-10T18:36:06.782+0000] {processor.py:183} INFO - Processing /home/airflow/.local/lib/python3.12/site-packages/airflow/example_dags/example_trigger_controller_dag.py took 0.174 seconds
[2026-05-10T18:36:37.827+0000] {processor.py:161} INFO - Started process (PID=50319) to work on /home/airflow/.local/lib/python3.12/site-packages/airflow/example_dags/example_trigger_controller_dag.py
[2026-05-10T18:36:37.829+0000] {processor.py:830} INFO - Processing file /home/airflow/.local/lib/python3.12/site-packages/airflow/example_dags/example_trigger_controller_dag.py for tasks to queue
[2026-05-10T18:36:37.831+0000] {logging_mixin.py:188} INFO - [2026-05-10T18:36:37.830+0000] {dagbag.py:545} INFO - Filling up the DagBag from /home/airflow/.local/lib/python3.12/site-packages/airflow/example_dags/example_trigger_controller_dag.py
[2026-05-10T18:36:37.840+0000] {processor.py:840} INFO - DAG(s) 'example_trigger_controller_dag' retrieved from /home/airflow/.local/lib/python3.12/site-packages/airflow/example_dags/example_trigger_controller_dag.py
[2026-05-10T18:36:37.883+0000] {logging_mixin.py:188} INFO - [2026-05-10T18:36:37.882+0000] {dag.py:3089} INFO - Sync 1 DAGs
[2026-05-10T18:36:37.929+0000] {logging_mixin.py:188} INFO - [2026-05-10T18:36:37.928+0000] {dag.py:3947} INFO - Setting next_dagrun for example_trigger_controller_dag to 2021-01-01 00:00:00+00:00, run_after=2021-01-01 00:00:00+00:00
[2026-05-10T18:36:37.991+0000] {processor.py:183} INFO - Processing /home/airflow/.local/lib/python3.12/site-packages/airflow/example_dags/example_trigger_controller_dag.py took 0.174 seconds
[2026-05-10T18:37:08.545+0000] {processor.py:161} INFO - Started process (PID=50394) to work on /home/airflow/.local/lib/python3.12/site-packages/airflow/example_dags/example_trigger_controller_dag.py
[2026-05-10T18:37:08.547+0000] {processor.py:830} INFO - Processing file /home/airflow/.local/lib/python3.12/site-packages/airflow/example_dags/example_trigger_controller_dag.py for tasks to queue
[2026-05-10T18:37:08.549+0000] {logging_mixin.py:188} INFO - [2026-05-10T18:37:08.549+0000] {dagbag.py:545} INFO - Filling up the DagBag from /home/airflow/.local/lib/python3.12/site-packages/airflow/example_dags/example_trigger_controller_dag.py
[2026-05-10T18:37:08.557+0000] {processor.py:840} INFO - DAG(s) 'example_trigger_controller_dag' retrieved from /home/airflow/.local/lib/python3.12/site-packages/airflow/example_dags/example_trigger_controller_dag.py
[2026-05-10T18:37:08.593+0000] {logging_mixin.py:188} INFO - [2026-05-10T18:37:08.592+0000] {dag.py:3089} INFO - Sync 1 DAGs
[2026-05-10T18:37:08.624+0000] {logging_mixin.py:188} INFO - [2026-05-10T18:37:08.623+0000] {dag.py:3947} INFO - Setting next_dagrun for example_trigger_controller_dag to 2021-01-01 00:00:00+00:00, run_after=2021-01-01 00:00:00+00:00
[2026-05-10T18:37:08.687+0000] {processor.py:183} INFO - Processing /home/airflow/.local/lib/python3.12/site-packages/airflow/example_dags/example_trigger_controller_dag.py took 0.152 seconds
[2026-05-10T18:37:38.950+0000] {processor.py:161} INFO - Started process (PID=50462) to work on /home/airflow/.local/lib/python3.12/site-packages/airflow/example_dags/example_trigger_controller_dag.py
[2026-05-10T18:37:38.952+0000] {processor.py:830} INFO - Processing file /home/airflow/.local/lib/python3.12/site-packages/airflow/example_dags/example_trigger_controller_dag.py for tasks to queue
[2026-05-10T18:37:38.954+0000] {logging_mixin.py:188} INFO - [2026-05-10T18:37:38.953+0000] {dagbag.py:545} INFO - Filling up the DagBag from /home/airflow/.local/lib/python3.12/site-packages/airflow/example_dags/example_trigger_controller_dag.py
[2026-05-10T18:37:38.964+0000] {processor.py:840} INFO - DAG(s) 'example_trigger_controller_dag' retrieved from /home/airflow/.local/lib/python3.12/site-packages/airflow/example_dags/example_trigger_controller_dag.py
[2026-05-10T18:37:39.004+0000] {logging_mixin.py:188} INFO - [2026-05-10T18:37:39.003+0000] {dag.py:3089} INFO - Sync 1 DAGs
[2026-05-10T18:37:39.040+0000] {logging_mixin.py:188} INFO - [2026-05-10T18:37:39.040+0000] {dag.py:3947} INFO - Setting next_dagrun for example_trigger_controller_dag to 2021-01-01 00:00:00+00:00, run_after=2021-01-01 00:00:00+00:00
[2026-05-10T18:37:39.074+0000] {processor.py:183} INFO - Processing /home/airflow/.local/lib/python3.12/site-packages/airflow/example_dags/example_trigger_controller_dag.py took 0.134 seconds
[2026-05-10T18:38:09.569+0000] {processor.py:161} INFO - Started process (PID=50530) to work on /home/airflow/.local/lib/python3.12/site-packages/airflow/example_dags/example_trigger_controller_dag.py
[2026-05-10T18:38:09.571+0000] {processor.py:830} INFO - Processing file /home/airflow/.local/lib/python3.12/site-packages/airflow/example_dags/example_trigger_controller_dag.py for tasks to queue
[2026-05-10T18:38:09.573+0000] {logging_mixin.py:188} INFO - [2026-05-10T18:38:09.573+0000] {dagbag.py:545} INFO - Filling up the DagBag from /home/airflow/.local/lib/python3.12/site-packages/airflow/example_dags/example_trigger_controller_dag.py
[2026-05-10T18:38:09.582+0000] {processor.py:840} INFO - DAG(s) 'example_trigger_controller_dag' retrieved from /home/airflow/.local/lib/python3.12/site-packages/airflow/example_dags/example_trigger_controller_dag.py
[2026-05-10T18:38:09.618+0000] {logging_mixin.py:188} INFO - [2026-05-10T18:38:09.618+0000] {dag.py:3089} INFO - Sync 1 DAGs
[2026-05-10T18:38:09.646+0000] {logging_mixin.py:188} INFO - [2026-05-10T18:38:09.646+0000] {dag.py:3947} INFO - Setting next_dagrun for example_trigger_controller_dag to 2021-01-01 00:00:00+00:00, run_after=2021-01-01 00:00:00+00:00
[2026-05-10T18:38:09.702+0000] {processor.py:183} INFO - Processing /home/airflow/.local/lib/python3.12/site-packages/airflow/example_dags/example_trigger_controller_dag.py took 0.143 seconds
[2026-05-10T18:38:40.590+0000] {processor.py:161} INFO - Started process (PID=50599) to work on /home/airflow/.local/lib/python3.12/site-packages/airflow/example_dags/example_trigger_controller_dag.py
[2026-05-10T18:38:40.592+0000] {processor.py:830} INFO - Processing file /home/airflow/.local/lib/python3.12/site-packages/airflow/example_dags/example_trigger_controller_dag.py for tasks to queue
[2026-05-10T18:38:40.594+0000] {logging_mixin.py:188} INFO - [2026-05-10T18:38:40.593+0000] {dagbag.py:545} INFO - Filling up the DagBag from /home/airflow/.local/lib/python3.12/site-packages/airflow/example_dags/example_trigger_controller_dag.py
[2026-05-10T18:38:40.603+0000] {processor.py:840} INFO - DAG(s) 'example_trigger_controller_dag' retrieved from /home/airflow/.local/lib/python3.12/site-packages/airflow/example_dags/example_trigger_controller_dag.py
[2026-05-10T18:38:40.640+0000] {logging_mixin.py:188} INFO - [2026-05-10T18:38:40.640+0000] {dag.py:3089} INFO - Sync 1 DAGs
[2026-05-10T18:38:40.671+0000] {logging_mixin.py:188} INFO - [2026-05-10T18:38:40.670+0000] {dag.py:3947} INFO - Setting next_dagrun for example_trigger_controller_dag to 2021-01-01 00:00:00+00:00, run_after=2021-01-01 00:00:00+00:00
[2026-05-10T18:38:40.705+0000] {processor.py:183} INFO - Processing /home/airflow/.local/lib/python3.12/site-packages/airflow/example_dags/example_trigger_controller_dag.py took 0.126 seconds
[2026-05-10T18:39:11.296+0000] {processor.py:161} INFO - Started process (PID=50666) to work on /home/airflow/.local/lib/python3.12/site-packages/airflow/example_dags/example_trigger_controller_dag.py
[2026-05-10T18:39:11.298+0000] {processor.py:830} INFO - Processing file /home/airflow/.local/lib/python3.12/site-packages/airflow/example_dags/example_trigger_controller_dag.py for tasks to queue
[2026-05-10T18:39:11.301+0000] {logging_mixin.py:188} INFO - [2026-05-10T18:39:11.300+0000] {dagbag.py:545} INFO - Filling up the DagBag from /home/airflow/.local/lib/python3.12/site-packages/airflow/example_dags/example_trigger_controller_dag.py
[2026-05-10T18:39:11.311+0000] {processor.py:840} INFO - DAG(s) 'example_trigger_controller_dag' retrieved from /home/airflow/.local/lib/python3.12/site-packages/airflow/example_dags/example_trigger_controller_dag.py
[2026-05-10T18:39:11.350+0000] {logging_mixin.py:188} INFO - [2026-05-10T18:39:11.350+0000] {dag.py:3089} INFO - Sync 1 DAGs
[2026-05-10T18:39:11.386+0000] {logging_mixin.py:188} INFO - [2026-05-10T18:39:11.386+0000] {dag.py:3947} INFO - Setting next_dagrun for example_trigger_controller_dag to 2021-01-01 00:00:00+00:00, run_after=2021-01-01 00:00:00+00:00
[2026-05-10T18:39:11.444+0000] {processor.py:183} INFO - Processing /home/airflow/.local/lib/python3.12/site-packages/airflow/example_dags/example_trigger_controller_dag.py took 0.157 seconds
[2026-05-10T18:39:42.534+0000] {processor.py:161} INFO - Started process (PID=50741) to work on /home/airflow/.local/lib/python3.12/site-packages/airflow/example_dags/example_trigger_controller_dag.py
[2026-05-10T18:39:42.536+0000] {processor.py:830} INFO - Processing file /home/airflow/.local/lib/python3.12/site-packages/airflow/example_dags/example_trigger_controller_dag.py for tasks to queue
[2026-05-10T18:39:42.537+0000] {logging_mixin.py:188} INFO - [2026-05-10T18:39:42.537+0000] {dagbag.py:545} INFO - Filling up the DagBag from /home/airflow/.local/lib/python3.12/site-packages/airflow/example_dags/example_trigger_controller_dag.py
[2026-05-10T18:39:42.549+0000] {processor.py:840} INFO - DAG(s) 'example_trigger_controller_dag' retrieved from /home/airflow/.local/lib/python3.12/site-packages/airflow/example_dags/example_trigger_controller_dag.py
[2026-05-10T18:39:42.582+0000] {logging_mixin.py:188} INFO - [2026-05-10T18:39:42.581+0000] {dag.py:3089} INFO - Sync 1 DAGs
[2026-05-10T18:39:42.611+0000] {logging_mixin.py:188} INFO - [2026-05-10T18:39:42.610+0000] {dag.py:3947} INFO - Setting next_dagrun for example_trigger_controller_dag to 2021-01-01 00:00:00+00:00, run_after=2021-01-01 00:00:00+00:00
[2026-05-10T18:39:42.667+0000] {processor.py:183} INFO - Processing /home/airflow/.local/lib/python3.12/site-packages/airflow/example_dags/example_trigger_controller_dag.py took 0.143 seconds
[2026-05-10T18:40:12.871+0000] {processor.py:161} INFO - Started process (PID=50809) to work on /home/airflow/.local/lib/python3.12/site-packages/airflow/example_dags/example_trigger_controller_dag.py
[2026-05-10T18:40:12.873+0000] {processor.py:830} INFO - Processing file /home/airflow/.local/lib/python3.12/site-packages/airflow/example_dags/example_trigger_controller_dag.py for tasks to queue
[2026-05-10T18:40:12.874+0000] {logging_mixin.py:188} INFO - [2026-05-10T18:40:12.874+0000] {dagbag.py:545} INFO - Filling up the DagBag from /home/airflow/.local/lib/python3.12/site-packages/airflow/example_dags/example_trigger_controller_dag.py
[2026-05-10T18:40:12.882+0000] {processor.py:840} INFO - DAG(s) 'example_trigger_controller_dag' retrieved from /home/airflow/.local/lib/python3.12/site-packages/airflow/example_dags/example_trigger_controller_dag.py
[2026-05-10T18:40:12.914+0000] {logging_mixin.py:188} INFO - [2026-05-10T18:40:12.914+0000] {dag.py:3089} INFO - Sync 1 DAGs
[2026-05-10T18:40:12.945+0000] {logging_mixin.py:188} INFO - [2026-05-10T18:40:12.945+0000] {dag.py:3947} INFO - Setting next_dagrun for example_trigger_controller_dag to 2021-01-01 00:00:00+00:00, run_after=2021-01-01 00:00:00+00:00
[2026-05-10T18:40:12.980+0000] {processor.py:183} INFO - Processing /home/airflow/.local/lib/python3.12/site-packages/airflow/example_dags/example_trigger_controller_dag.py took 0.119 seconds
[2026-05-10T18:40:43.588+0000] {processor.py:161} INFO - Started process (PID=50877) to work on /home/airflow/.local/lib/python3.12/site-packages/airflow/example_dags/example_trigger_controller_dag.py
[2026-05-10T18:40:43.590+0000] {processor.py:830} INFO - Processing file /home/airflow/.local/lib/python3.12/site-packages/airflow/example_dags/example_trigger_controller_dag.py for tasks to queue
[2026-05-10T18:40:43.591+0000] {logging_mixin.py:188} INFO - [2026-05-10T18:40:43.591+0000] {dagbag.py:545} INFO - Filling up the DagBag from /home/airflow/.local/lib/python3.12/site-packages/airflow/example_dags/example_trigger_controller_dag.py
[2026-05-10T18:40:43.600+0000] {processor.py:840} INFO - DAG(s) 'example_trigger_controller_dag' retrieved from /home/airflow/.local/lib/python3.12/site-packages/airflow/example_dags/example_trigger_controller_dag.py
[2026-05-10T18:40:43.633+0000] {logging_mixin.py:188} INFO - [2026-05-10T18:40:43.632+0000] {dag.py:3089} INFO - Sync 1 DAGs
[2026-05-10T18:40:43.665+0000] {logging_mixin.py:188} INFO - [2026-05-10T18:40:43.664+0000] {dag.py:3947} INFO - Setting next_dagrun for example_trigger_controller_dag to 2021-01-01 00:00:00+00:00, run_after=2021-01-01 00:00:00+00:00
[2026-05-10T18:40:43.717+0000] {processor.py:183} INFO - Processing /home/airflow/.local/lib/python3.12/site-packages/airflow/example_dags/example_trigger_controller_dag.py took 0.138 seconds
[2026-05-10T18:41:14.098+0000] {processor.py:161} INFO - Started process (PID=50945) to work on /home/airflow/.local/lib/python3.12/site-packages/airflow/example_dags/example_trigger_controller_dag.py
[2026-05-10T18:41:14.100+0000] {processor.py:830} INFO - Processing file /home/airflow/.local/lib/python3.12/site-packages/airflow/example_dags/example_trigger_controller_dag.py for tasks to queue
[2026-05-10T18:41:14.102+0000] {logging_mixin.py:188} INFO - [2026-05-10T18:41:14.102+0000] {dagbag.py:545} INFO - Filling up the DagBag from /home/airflow/.local/lib/python3.12/site-packages/airflow/example_dags/example_trigger_controller_dag.py
[2026-05-10T18:41:14.113+0000] {processor.py:840} INFO - DAG(s) 'example_trigger_controller_dag' retrieved from /home/airflow/.local/lib/python3.12/site-packages/airflow/example_dags/example_trigger_controller_dag.py
[2026-05-10T18:41:14.144+0000] {logging_mixin.py:188} INFO - [2026-05-10T18:41:14.144+0000] {dag.py:3089} INFO - Sync 1 DAGs
[2026-05-10T18:41:14.184+0000] {logging_mixin.py:188} INFO - [2026-05-10T18:41:14.183+0000] {dag.py:3947} INFO - Setting next_dagrun for example_trigger_controller_dag to 2021-01-01 00:00:00+00:00, run_after=2021-01-01 00:00:00+00:00
[2026-05-10T18:41:14.245+0000] {processor.py:183} INFO - Processing /home/airflow/.local/lib/python3.12/site-packages/airflow/example_dags/example_trigger_controller_dag.py took 0.157 seconds
[2026-05-10T18:41:45.237+0000] {processor.py:161} INFO - Started process (PID=51014) to work on /home/airflow/.local/lib/python3.12/site-packages/airflow/example_dags/example_trigger_controller_dag.py
[2026-05-10T18:41:45.238+0000] {processor.py:830} INFO - Processing file /home/airflow/.local/lib/python3.12/site-packages/airflow/example_dags/example_trigger_controller_dag.py for tasks to queue
[2026-05-10T18:41:45.240+0000] {logging_mixin.py:188} INFO - [2026-05-10T18:41:45.239+0000] {dagbag.py:545} INFO - Filling up the DagBag from /home/airflow/.local/lib/python3.12/site-packages/airflow/example_dags/example_trigger_controller_dag.py
[2026-05-10T18:41:45.248+0000] {processor.py:840} INFO - DAG(s) 'example_trigger_controller_dag' retrieved from /home/airflow/.local/lib/python3.12/site-packages/airflow/example_dags/example_trigger_controller_dag.py
[2026-05-10T18:41:45.283+0000] {logging_mixin.py:188} INFO - [2026-05-10T18:41:45.283+0000] {dag.py:3089} INFO - Sync 1 DAGs
[2026-05-10T18:41:45.316+0000] {logging_mixin.py:188} INFO - [2026-05-10T18:41:45.316+0000] {dag.py:3947} INFO - Setting next_dagrun for example_trigger_controller_dag to 2021-01-01 00:00:00+00:00, run_after=2021-01-01 00:00:00+00:00
[2026-05-10T18:41:45.344+0000] {processor.py:183} INFO - Processing /home/airflow/.local/lib/python3.12/site-packages/airflow/example_dags/example_trigger_controller_dag.py took 0.117 seconds
[2026-05-10T18:42:15.868+0000] {processor.py:161} INFO - Started process (PID=51082) to work on /home/airflow/.local/lib/python3.12/site-packages/airflow/example_dags/example_trigger_controller_dag.py
[2026-05-10T18:42:15.870+0000] {processor.py:830} INFO - Processing file /home/airflow/.local/lib/python3.12/site-packages/airflow/example_dags/example_trigger_controller_dag.py for tasks to queue
[2026-05-10T18:42:15.872+0000] {logging_mixin.py:188} INFO - [2026-05-10T18:42:15.871+0000] {dagbag.py:545} INFO - Filling up the DagBag from /home/airflow/.local/lib/python3.12/site-packages/airflow/example_dags/example_trigger_controller_dag.py
[2026-05-10T18:42:15.881+0000] {processor.py:840} INFO - DAG(s) 'example_trigger_controller_dag' retrieved from /home/airflow/.local/lib/python3.12/site-packages/airflow/example_dags/example_trigger_controller_dag.py
[2026-05-10T18:42:15.924+0000] {logging_mixin.py:188} INFO - [2026-05-10T18:42:15.924+0000] {dag.py:3089} INFO - Sync 1 DAGs
[2026-05-10T18:42:15.955+0000] {logging_mixin.py:188} INFO - [2026-05-10T18:42:15.955+0000] {dag.py:3947} INFO - Setting next_dagrun for example_trigger_controller_dag to 2021-01-01 00:00:00+00:00, run_after=2021-01-01 00:00:00+00:00
[2026-05-10T18:42:16.015+0000] {processor.py:183} INFO - Processing /home/airflow/.local/lib/python3.12/site-packages/airflow/example_dags/example_trigger_controller_dag.py took 0.159 seconds
[2026-05-10T18:42:46.719+0000] {processor.py:161} INFO - Started process (PID=51156) to work on /home/airflow/.local/lib/python3.12/site-packages/airflow/example_dags/example_trigger_controller_dag.py
[2026-05-10T18:42:46.721+0000] {processor.py:830} INFO - Processing file /home/airflow/.local/lib/python3.12/site-packages/airflow/example_dags/example_trigger_controller_dag.py for tasks to queue
[2026-05-10T18:42:46.723+0000] {logging_mixin.py:188} INFO - [2026-05-10T18:42:46.722+0000] {dagbag.py:545} INFO - Filling up the DagBag from /home/airflow/.local/lib/python3.12/site-packages/airflow/example_dags/example_trigger_controller_dag.py
[2026-05-10T18:42:46.733+0000] {processor.py:840} INFO - DAG(s) 'example_trigger_controller_dag' retrieved from /home/airflow/.local/lib/python3.12/site-packages/airflow/example_dags/example_trigger_controller_dag.py
[2026-05-10T18:42:46.778+0000] {logging_mixin.py:188} INFO - [2026-05-10T18:42:46.777+0000] {dag.py:3089} INFO - Sync 1 DAGs
[2026-05-10T18:42:46.819+0000] {logging_mixin.py:188} INFO - [2026-05-10T18:42:46.818+0000] {dag.py:3947} INFO - Setting next_dagrun for example_trigger_controller_dag to 2021-01-01 00:00:00+00:00, run_after=2021-01-01 00:00:00+00:00
[2026-05-10T18:42:46.861+0000] {processor.py:183} INFO - Processing /home/airflow/.local/lib/python3.12/site-packages/airflow/example_dags/example_trigger_controller_dag.py took 0.154 seconds
[2026-05-10T18:43:17.004+0000] {processor.py:161} INFO - Started process (PID=51224) to work on /home/airflow/.local/lib/python3.12/site-packages/airflow/example_dags/example_trigger_controller_dag.py
[2026-05-10T18:43:17.006+0000] {processor.py:830} INFO - Processing file /home/airflow/.local/lib/python3.12/site-packages/airflow/example_dags/example_trigger_controller_dag.py for tasks to queue
[2026-05-10T18:43:17.008+0000] {logging_mixin.py:188} INFO - [2026-05-10T18:43:17.008+0000] {dagbag.py:545} INFO - Filling up the DagBag from /home/airflow/.local/lib/python3.12/site-packages/airflow/example_dags/example_trigger_controller_dag.py
[2026-05-10T18:43:17.015+0000] {processor.py:840} INFO - DAG(s) 'example_trigger_controller_dag' retrieved from /home/airflow/.local/lib/python3.12/site-packages/airflow/example_dags/example_trigger_controller_dag.py
[2026-05-10T18:43:17.047+0000] {logging_mixin.py:188} INFO - [2026-05-10T18:43:17.047+0000] {dag.py:3089} INFO - Sync 1 DAGs
[2026-05-10T18:43:17.074+0000] {logging_mixin.py:188} INFO - [2026-05-10T18:43:17.074+0000] {dag.py:3947} INFO - Setting next_dagrun for example_trigger_controller_dag to 2021-01-01 00:00:00+00:00, run_after=2021-01-01 00:00:00+00:00
[2026-05-10T18:43:17.105+0000] {processor.py:183} INFO - Processing /home/airflow/.local/lib/python3.12/site-packages/airflow/example_dags/example_trigger_controller_dag.py took 0.110 seconds
[2026-05-10T18:43:47.496+0000] {processor.py:161} INFO - Started process (PID=51292) to work on /home/airflow/.local/lib/python3.12/site-packages/airflow/example_dags/example_trigger_controller_dag.py
[2026-05-10T18:43:47.498+0000] {processor.py:830} INFO - Processing file /home/airflow/.local/lib/python3.12/site-packages/airflow/example_dags/example_trigger_controller_dag.py for tasks to queue
[2026-05-10T18:43:47.501+0000] {logging_mixin.py:188} INFO - [2026-05-10T18:43:47.500+0000] {dagbag.py:545} INFO - Filling up the DagBag from /home/airflow/.local/lib/python3.12/site-packages/airflow/example_dags/example_trigger_controller_dag.py
[2026-05-10T18:43:47.509+0000] {processor.py:840} INFO - DAG(s) 'example_trigger_controller_dag' retrieved from /home/airflow/.local/lib/python3.12/site-packages/airflow/example_dags/example_trigger_controller_dag.py
[2026-05-10T18:43:47.557+0000] {logging_mixin.py:188} INFO - [2026-05-10T18:43:47.556+0000] {dag.py:3089} INFO - Sync 1 DAGs
[2026-05-10T18:43:47.592+0000] {logging_mixin.py:188} INFO - [2026-05-10T18:43:47.592+0000] {dag.py:3947} INFO - Setting next_dagrun for example_trigger_controller_dag to 2021-01-01 00:00:00+00:00, run_after=2021-01-01 00:00:00+00:00
[2026-05-10T18:43:47.656+0000] {processor.py:183} INFO - Processing /home/airflow/.local/lib/python3.12/site-packages/airflow/example_dags/example_trigger_controller_dag.py took 0.171 seconds
[2026-05-10T18:44:17.847+0000] {processor.py:161} INFO - Started process (PID=51360) to work on /home/airflow/.local/lib/python3.12/site-packages/airflow/example_dags/example_trigger_controller_dag.py
[2026-05-10T18:44:17.849+0000] {processor.py:830} INFO - Processing file /home/airflow/.local/lib/python3.12/site-packages/airflow/example_dags/example_trigger_controller_dag.py for tasks to queue
[2026-05-10T18:44:17.850+0000] {logging_mixin.py:188} INFO - [2026-05-10T18:44:17.850+0000] {dagbag.py:545} INFO - Filling up the DagBag from /home/airflow/.local/lib/python3.12/site-packages/airflow/example_dags/example_trigger_controller_dag.py
[2026-05-10T18:44:17.859+0000] {processor.py:840} INFO - DAG(s) 'example_trigger_controller_dag' retrieved from /home/airflow/.local/lib/python3.12/site-packages/airflow/example_dags/example_trigger_controller_dag.py
[2026-05-10T18:44:17.899+0000] {logging_mixin.py:188} INFO - [2026-05-10T18:44:17.899+0000] {dag.py:3089} INFO - Sync 1 DAGs
[2026-05-10T18:44:17.932+0000] {logging_mixin.py:188} INFO - [2026-05-10T18:44:17.932+0000] {dag.py:3947} INFO - Setting next_dagrun for example_trigger_controller_dag to 2021-01-01 00:00:00+00:00, run_after=2021-01-01 00:00:00+00:00
[2026-05-10T18:44:17.961+0000] {processor.py:183} INFO - Processing /home/airflow/.local/lib/python3.12/site-packages/airflow/example_dags/example_trigger_controller_dag.py took 0.124 seconds
[2026-05-10T18:44:48.097+0000] {processor.py:161} INFO - Started process (PID=51427) to work on /home/airflow/.local/lib/python3.12/site-packages/airflow/example_dags/example_trigger_controller_dag.py
[2026-05-10T18:44:48.098+0000] {processor.py:830} INFO - Processing file /home/airflow/.local/lib/python3.12/site-packages/airflow/example_dags/example_trigger_controller_dag.py for tasks to queue
[2026-05-10T18:44:48.100+0000] {logging_mixin.py:188} INFO - [2026-05-10T18:44:48.099+0000] {dagbag.py:545} INFO - Filling up the DagBag from /home/airflow/.local/lib/python3.12/site-packages/airflow/example_dags/example_trigger_controller_dag.py
[2026-05-10T18:44:48.107+0000] {processor.py:840} INFO - DAG(s) 'example_trigger_controller_dag' retrieved from /home/airflow/.local/lib/python3.12/site-packages/airflow/example_dags/example_trigger_controller_dag.py
[2026-05-10T18:44:48.137+0000] {logging_mixin.py:188} INFO - [2026-05-10T18:44:48.137+0000] {dag.py:3089} INFO - Sync 1 DAGs
[2026-05-10T18:44:48.169+0000] {logging_mixin.py:188} INFO - [2026-05-10T18:44:48.168+0000] {dag.py:3947} INFO - Setting next_dagrun for example_trigger_controller_dag to 2021-01-01 00:00:00+00:00, run_after=2021-01-01 00:00:00+00:00
[2026-05-10T18:44:48.207+0000] {processor.py:183} INFO - Processing /home/airflow/.local/lib/python3.12/site-packages/airflow/example_dags/example_trigger_controller_dag.py took 0.120 seconds
[2026-05-10T18:45:18.412+0000] {processor.py:161} INFO - Started process (PID=51495) to work on /home/airflow/.local/lib/python3.12/site-packages/airflow/example_dags/example_trigger_controller_dag.py
[2026-05-10T18:45:18.414+0000] {processor.py:830} INFO - Processing file /home/airflow/.local/lib/python3.12/site-packages/airflow/example_dags/example_trigger_controller_dag.py for tasks to queue
[2026-05-10T18:45:18.416+0000] {logging_mixin.py:188} INFO - [2026-05-10T18:45:18.415+0000] {dagbag.py:545} INFO - Filling up the DagBag from /home/airflow/.local/lib/python3.12/site-packages/airflow/example_dags/example_trigger_controller_dag.py
[2026-05-10T18:45:18.425+0000] {processor.py:840} INFO - DAG(s) 'example_trigger_controller_dag' retrieved from /home/airflow/.local/lib/python3.12/site-packages/airflow/example_dags/example_trigger_controller_dag.py
[2026-05-10T18:45:18.460+0000] {logging_mixin.py:188} INFO - [2026-05-10T18:45:18.459+0000] {dag.py:3089} INFO - Sync 1 DAGs
[2026-05-10T18:45:18.498+0000] {logging_mixin.py:188} INFO - [2026-05-10T18:45:18.497+0000] {dag.py:3947} INFO - Setting next_dagrun for example_trigger_controller_dag to 2021-01-01 00:00:00+00:00, run_after=2021-01-01 00:00:00+00:00
[2026-05-10T18:45:18.526+0000] {processor.py:183} INFO - Processing /home/airflow/.local/lib/python3.12/site-packages/airflow/example_dags/example_trigger_controller_dag.py took 0.125 seconds
[2026-05-10T18:45:49.006+0000] {processor.py:161} INFO - Started process (PID=51563) to work on /home/airflow/.local/lib/python3.12/site-packages/airflow/example_dags/example_trigger_controller_dag.py
[2026-05-10T18:45:49.009+0000] {processor.py:830} INFO - Processing file /home/airflow/.local/lib/python3.12/site-packages/airflow/example_dags/example_trigger_controller_dag.py for tasks to queue
[2026-05-10T18:45:49.010+0000] {logging_mixin.py:188} INFO - [2026-05-10T18:45:49.010+0000] {dagbag.py:545} INFO - Filling up the DagBag from /home/airflow/.local/lib/python3.12/site-packages/airflow/example_dags/example_trigger_controller_dag.py
[2026-05-10T18:45:49.018+0000] {processor.py:840} INFO - DAG(s) 'example_trigger_controller_dag' retrieved from /home/airflow/.local/lib/python3.12/site-packages/airflow/example_dags/example_trigger_controller_dag.py
[2026-05-10T18:45:49.056+0000] {logging_mixin.py:188} INFO - [2026-05-10T18:45:49.055+0000] {dag.py:3089} INFO - Sync 1 DAGs
[2026-05-10T18:45:49.092+0000] {logging_mixin.py:188} INFO - [2026-05-10T18:45:49.091+0000] {dag.py:3947} INFO - Setting next_dagrun for example_trigger_controller_dag to 2021-01-01 00:00:00+00:00, run_after=2021-01-01 00:00:00+00:00
[2026-05-10T18:45:49.153+0000] {processor.py:183} INFO - Processing /home/airflow/.local/lib/python3.12/site-packages/airflow/example_dags/example_trigger_controller_dag.py took 0.157 seconds
[2026-05-10T18:46:20.068+0000] {processor.py:161} INFO - Started process (PID=51638) to work on /home/airflow/.local/lib/python3.12/site-packages/airflow/example_dags/example_trigger_controller_dag.py
[2026-05-10T18:46:20.070+0000] {processor.py:830} INFO - Processing file /home/airflow/.local/lib/python3.12/site-packages/airflow/example_dags/example_trigger_controller_dag.py for tasks to queue
[2026-05-10T18:46:20.072+0000] {logging_mixin.py:188} INFO - [2026-05-10T18:46:20.071+0000] {dagbag.py:545} INFO - Filling up the DagBag from /home/airflow/.local/lib/python3.12/site-packages/airflow/example_dags/example_trigger_controller_dag.py
[2026-05-10T18:46:20.079+0000] {processor.py:840} INFO - DAG(s) 'example_trigger_controller_dag' retrieved from /home/airflow/.local/lib/python3.12/site-packages/airflow/example_dags/example_trigger_controller_dag.py
[2026-05-10T18:46:20.112+0000] {logging_mixin.py:188} INFO - [2026-05-10T18:46:20.112+0000] {dag.py:3089} INFO - Sync 1 DAGs
[2026-05-10T18:46:20.152+0000] {logging_mixin.py:188} INFO - [2026-05-10T18:46:20.151+0000] {dag.py:3947} INFO - Setting next_dagrun for example_trigger_controller_dag to 2021-01-01 00:00:00+00:00, run_after=2021-01-01 00:00:00+00:00
[2026-05-10T18:46:20.215+0000] {processor.py:183} INFO - Processing /home/airflow/.local/lib/python3.12/site-packages/airflow/example_dags/example_trigger_controller_dag.py took 0.158 seconds
[2026-05-10T18:46:50.431+0000] {processor.py:161} INFO - Started process (PID=51706) to work on /home/airflow/.local/lib/python3.12/site-packages/airflow/example_dags/example_trigger_controller_dag.py
[2026-05-10T18:46:50.433+0000] {processor.py:830} INFO - Processing file /home/airflow/.local/lib/python3.12/site-packages/airflow/example_dags/example_trigger_controller_dag.py for tasks to queue
[2026-05-10T18:46:50.435+0000] {logging_mixin.py:188} INFO - [2026-05-10T18:46:50.434+0000] {dagbag.py:545} INFO - Filling up the DagBag from /home/airflow/.local/lib/python3.12/site-packages/airflow/example_dags/example_trigger_controller_dag.py
[2026-05-10T18:46:50.443+0000] {processor.py:840} INFO - DAG(s) 'example_trigger_controller_dag' retrieved from /home/airflow/.local/lib/python3.12/site-packages/airflow/example_dags/example_trigger_controller_dag.py
[2026-05-10T18:46:50.477+0000] {logging_mixin.py:188} INFO - [2026-05-10T18:46:50.476+0000] {dag.py:3089} INFO - Sync 1 DAGs
[2026-05-10T18:46:50.515+0000] {logging_mixin.py:188} INFO - [2026-05-10T18:46:50.515+0000] {dag.py:3947} INFO - Setting next_dagrun for example_trigger_controller_dag to 2021-01-01 00:00:00+00:00, run_after=2021-01-01 00:00:00+00:00
[2026-05-10T18:46:50.549+0000] {processor.py:183} INFO - Processing /home/airflow/.local/lib/python3.12/site-packages/airflow/example_dags/example_trigger_controller_dag.py took 0.128 seconds
[2026-05-10T18:47:20.756+0000] {processor.py:161} INFO - Started process (PID=51774) to work on /home/airflow/.local/lib/python3.12/site-packages/airflow/example_dags/example_trigger_controller_dag.py
[2026-05-10T18:47:20.758+0000] {processor.py:830} INFO - Processing file /home/airflow/.local/lib/python3.12/site-packages/airflow/example_dags/example_trigger_controller_dag.py for tasks to queue
[2026-05-10T18:47:20.767+0000] {logging_mixin.py:188} INFO - [2026-05-10T18:47:20.766+0000] {dagbag.py:545} INFO - Filling up the DagBag from /home/airflow/.local/lib/python3.12/site-packages/airflow/example_dags/example_trigger_controller_dag.py
[2026-05-10T18:47:20.776+0000] {processor.py:840} INFO - DAG(s) 'example_trigger_controller_dag' retrieved from /home/airflow/.local/lib/python3.12/site-packages/airflow/example_dags/example_trigger_controller_dag.py
[2026-05-10T18:47:20.812+0000] {logging_mixin.py:188} INFO - [2026-05-10T18:47:20.812+0000] {dag.py:3089} INFO - Sync 1 DAGs
[2026-05-10T18:47:20.851+0000] {logging_mixin.py:188} INFO - [2026-05-10T18:47:20.850+0000] {dag.py:3947} INFO - Setting next_dagrun for example_trigger_controller_dag to 2021-01-01 00:00:00+00:00, run_after=2021-01-01 00:00:00+00:00
[2026-05-10T18:47:20.889+0000] {processor.py:183} INFO - Processing /home/airflow/.local/lib/python3.12/site-packages/airflow/example_dags/example_trigger_controller_dag.py took 0.143 seconds
[2026-05-10T18:47:51.169+0000] {processor.py:161} INFO - Started process (PID=51841) to work on /home/airflow/.local/lib/python3.12/site-packages/airflow/example_dags/example_trigger_controller_dag.py
[2026-05-10T18:47:51.171+0000] {processor.py:830} INFO - Processing file /home/airflow/.local/lib/python3.12/site-packages/airflow/example_dags/example_trigger_controller_dag.py for tasks to queue
[2026-05-10T18:47:51.174+0000] {logging_mixin.py:188} INFO - [2026-05-10T18:47:51.173+0000] {dagbag.py:545} INFO - Filling up the DagBag from /home/airflow/.local/lib/python3.12/site-packages/airflow/example_dags/example_trigger_controller_dag.py
[2026-05-10T18:47:51.186+0000] {processor.py:840} INFO - DAG(s) 'example_trigger_controller_dag' retrieved from /home/airflow/.local/lib/python3.12/site-packages/airflow/example_dags/example_trigger_controller_dag.py
[2026-05-10T18:47:51.237+0000] {logging_mixin.py:188} INFO - [2026-05-10T18:47:51.236+0000] {dag.py:3089} INFO - Sync 1 DAGs
[2026-05-10T18:47:51.286+0000] {logging_mixin.py:188} INFO - [2026-05-10T18:47:51.285+0000] {dag.py:3947} INFO - Setting next_dagrun for example_trigger_controller_dag to 2021-01-01 00:00:00+00:00, run_after=2021-01-01 00:00:00+00:00
[2026-05-10T18:47:51.357+0000] {processor.py:183} INFO - Processing /home/airflow/.local/lib/python3.12/site-packages/airflow/example_dags/example_trigger_controller_dag.py took 0.200 seconds
[2026-05-10T18:48:21.957+0000] {processor.py:161} INFO - Started process (PID=51909) to work on /home/airflow/.local/lib/python3.12/site-packages/airflow/example_dags/example_trigger_controller_dag.py
[2026-05-10T18:48:21.960+0000] {processor.py:830} INFO - Processing file /home/airflow/.local/lib/python3.12/site-packages/airflow/example_dags/example_trigger_controller_dag.py for tasks to queue
[2026-05-10T18:48:21.962+0000] {logging_mixin.py:188} INFO - [2026-05-10T18:48:21.961+0000] {dagbag.py:545} INFO - Filling up the DagBag from /home/airflow/.local/lib/python3.12/site-packages/airflow/example_dags/example_trigger_controller_dag.py
[2026-05-10T18:48:21.972+0000] {processor.py:840} INFO - DAG(s) 'example_trigger_controller_dag' retrieved from /home/airflow/.local/lib/python3.12/site-packages/airflow/example_dags/example_trigger_controller_dag.py
[2026-05-10T18:48:22.014+0000] {logging_mixin.py:188} INFO - [2026-05-10T18:48:22.014+0000] {dag.py:3089} INFO - Sync 1 DAGs
[2026-05-10T18:48:22.049+0000] {logging_mixin.py:188} INFO - [2026-05-10T18:48:22.048+0000] {dag.py:3947} INFO - Setting next_dagrun for example_trigger_controller_dag to 2021-01-01 00:00:00+00:00, run_after=2021-01-01 00:00:00+00:00
[2026-05-10T18:48:22.114+0000] {processor.py:183} INFO - Processing /home/airflow/.local/lib/python3.12/site-packages/airflow/example_dags/example_trigger_controller_dag.py took 0.169 seconds
[2026-05-10T18:48:52.529+0000] {processor.py:161} INFO - Started process (PID=51977) to work on /home/airflow/.local/lib/python3.12/site-packages/airflow/example_dags/example_trigger_controller_dag.py
[2026-05-10T18:48:52.531+0000] {processor.py:830} INFO - Processing file /home/airflow/.local/lib/python3.12/site-packages/airflow/example_dags/example_trigger_controller_dag.py for tasks to queue
[2026-05-10T18:48:52.533+0000] {logging_mixin.py:188} INFO - [2026-05-10T18:48:52.532+0000] {dagbag.py:545} INFO - Filling up the DagBag from /home/airflow/.local/lib/python3.12/site-packages/airflow/example_dags/example_trigger_controller_dag.py
[2026-05-10T18:48:52.544+0000] {processor.py:840} INFO - DAG(s) 'example_trigger_controller_dag' retrieved from /home/airflow/.local/lib/python3.12/site-packages/airflow/example_dags/example_trigger_controller_dag.py
[2026-05-10T18:48:52.585+0000] {logging_mixin.py:188} INFO - [2026-05-10T18:48:52.585+0000] {dag.py:3089} INFO - Sync 1 DAGs
[2026-05-10T18:48:52.622+0000] {logging_mixin.py:188} INFO - [2026-05-10T18:48:52.621+0000] {dag.py:3947} INFO - Setting next_dagrun for example_trigger_controller_dag to 2021-01-01 00:00:00+00:00, run_after=2021-01-01 00:00:00+00:00
[2026-05-10T18:48:52.704+0000] {processor.py:183} INFO - Processing /home/airflow/.local/lib/python3.12/site-packages/airflow/example_dags/example_trigger_controller_dag.py took 0.187 seconds
[2026-05-10T18:49:23.138+0000] {processor.py:161} INFO - Started process (PID=52052) to work on /home/airflow/.local/lib/python3.12/site-packages/airflow/example_dags/example_trigger_controller_dag.py
[2026-05-10T18:49:23.140+0000] {processor.py:830} INFO - Processing file /home/airflow/.local/lib/python3.12/site-packages/airflow/example_dags/example_trigger_controller_dag.py for tasks to queue
[2026-05-10T18:49:23.142+0000] {logging_mixin.py:188} INFO - [2026-05-10T18:49:23.142+0000] {dagbag.py:545} INFO - Filling up the DagBag from /home/airflow/.local/lib/python3.12/site-packages/airflow/example_dags/example_trigger_controller_dag.py
[2026-05-10T18:49:23.150+0000] {processor.py:840} INFO - DAG(s) 'example_trigger_controller_dag' retrieved from /home/airflow/.local/lib/python3.12/site-packages/airflow/example_dags/example_trigger_controller_dag.py
[2026-05-10T18:49:23.182+0000] {logging_mixin.py:188} INFO - [2026-05-10T18:49:23.182+0000] {dag.py:3089} INFO - Sync 1 DAGs
[2026-05-10T18:49:23.217+0000] {logging_mixin.py:188} INFO - [2026-05-10T18:49:23.217+0000] {dag.py:3947} INFO - Setting next_dagrun for example_trigger_controller_dag to 2021-01-01 00:00:00+00:00, run_after=2021-01-01 00:00:00+00:00
[2026-05-10T18:49:23.303+0000] {processor.py:183} INFO - Processing /home/airflow/.local/lib/python3.12/site-packages/airflow/example_dags/example_trigger_controller_dag.py took 0.173 seconds
[2026-05-10T18:49:53.559+0000] {processor.py:161} INFO - Started process (PID=52120) to work on /home/airflow/.local/lib/python3.12/site-packages/airflow/example_dags/example_trigger_controller_dag.py
[2026-05-10T18:49:53.560+0000] {processor.py:830} INFO - Processing file /home/airflow/.local/lib/python3.12/site-packages/airflow/example_dags/example_trigger_controller_dag.py for tasks to queue
[2026-05-10T18:49:53.562+0000] {logging_mixin.py:188} INFO - [2026-05-10T18:49:53.562+0000] {dagbag.py:545} INFO - Filling up the DagBag from /home/airflow/.local/lib/python3.12/site-packages/airflow/example_dags/example_trigger_controller_dag.py
[2026-05-10T18:49:53.570+0000] {processor.py:840} INFO - DAG(s) 'example_trigger_controller_dag' retrieved from /home/airflow/.local/lib/python3.12/site-packages/airflow/example_dags/example_trigger_controller_dag.py
[2026-05-10T18:49:53.601+0000] {logging_mixin.py:188} INFO - [2026-05-10T18:49:53.600+0000] {dag.py:3089} INFO - Sync 1 DAGs
[2026-05-10T18:49:53.629+0000] {logging_mixin.py:188} INFO - [2026-05-10T18:49:53.629+0000] {dag.py:3947} INFO - Setting next_dagrun for example_trigger_controller_dag to 2021-01-01 00:00:00+00:00, run_after=2021-01-01 00:00:00+00:00
[2026-05-10T18:49:53.660+0000] {processor.py:183} INFO - Processing /home/airflow/.local/lib/python3.12/site-packages/airflow/example_dags/example_trigger_controller_dag.py took 0.110 seconds
[2026-05-10T18:50:24.072+0000] {processor.py:161} INFO - Started process (PID=52188) to work on /home/airflow/.local/lib/python3.12/site-packages/airflow/example_dags/example_trigger_controller_dag.py
[2026-05-10T18:50:24.076+0000] {processor.py:830} INFO - Processing file /home/airflow/.local/lib/python3.12/site-packages/airflow/example_dags/example_trigger_controller_dag.py for tasks to queue
[2026-05-10T18:50:24.078+0000] {logging_mixin.py:188} INFO - [2026-05-10T18:50:24.077+0000] {dagbag.py:545} INFO - Filling up the DagBag from /home/airflow/.local/lib/python3.12/site-packages/airflow/example_dags/example_trigger_controller_dag.py
[2026-05-10T18:50:24.087+0000] {processor.py:840} INFO - DAG(s) 'example_trigger_controller_dag' retrieved from /home/airflow/.local/lib/python3.12/site-packages/airflow/example_dags/example_trigger_controller_dag.py
[2026-05-10T18:50:24.134+0000] {logging_mixin.py:188} INFO - [2026-05-10T18:50:24.133+0000] {dag.py:3089} INFO - Sync 1 DAGs
[2026-05-10T18:50:24.173+0000] {logging_mixin.py:188} INFO - [2026-05-10T18:50:24.172+0000] {dag.py:3947} INFO - Setting next_dagrun for example_trigger_controller_dag to 2021-01-01 00:00:00+00:00, run_after=2021-01-01 00:00:00+00:00
[2026-05-10T18:50:24.208+0000] {processor.py:183} INFO - Processing /home/airflow/.local/lib/python3.12/site-packages/airflow/example_dags/example_trigger_controller_dag.py took 0.146 seconds
[2026-05-10T18:50:54.453+0000] {processor.py:161} INFO - Started process (PID=52256) to work on /home/airflow/.local/lib/python3.12/site-packages/airflow/example_dags/example_trigger_controller_dag.py
[2026-05-10T18:50:54.455+0000] {processor.py:830} INFO - Processing file /home/airflow/.local/lib/python3.12/site-packages/airflow/example_dags/example_trigger_controller_dag.py for tasks to queue
[2026-05-10T18:50:54.458+0000] {logging_mixin.py:188} INFO - [2026-05-10T18:50:54.457+0000] {dagbag.py:545} INFO - Filling up the DagBag from /home/airflow/.local/lib/python3.12/site-packages/airflow/example_dags/example_trigger_controller_dag.py
[2026-05-10T18:50:54.467+0000] {processor.py:840} INFO - DAG(s) 'example_trigger_controller_dag' retrieved from /home/airflow/.local/lib/python3.12/site-packages/airflow/example_dags/example_trigger_controller_dag.py
[2026-05-10T18:50:54.513+0000] {logging_mixin.py:188} INFO - [2026-05-10T18:50:54.512+0000] {dag.py:3089} INFO - Sync 1 DAGs
[2026-05-10T18:50:54.544+0000] {logging_mixin.py:188} INFO - [2026-05-10T18:50:54.543+0000] {dag.py:3947} INFO - Setting next_dagrun for example_trigger_controller_dag to 2021-01-01 00:00:00+00:00, run_after=2021-01-01 00:00:00+00:00
[2026-05-10T18:50:54.604+0000] {processor.py:183} INFO - Processing /home/airflow/.local/lib/python3.12/site-packages/airflow/example_dags/example_trigger_controller_dag.py took 0.164 seconds
[2026-05-10T18:51:24.873+0000] {processor.py:161} INFO - Started process (PID=52324) to work on /home/airflow/.local/lib/python3.12/site-packages/airflow/example_dags/example_trigger_controller_dag.py
[2026-05-10T18:51:24.876+0000] {processor.py:830} INFO - Processing file /home/airflow/.local/lib/python3.12/site-packages/airflow/example_dags/example_trigger_controller_dag.py for tasks to queue
[2026-05-10T18:51:24.879+0000] {logging_mixin.py:188} INFO - [2026-05-10T18:51:24.878+0000] {dagbag.py:545} INFO - Filling up the DagBag from /home/airflow/.local/lib/python3.12/site-packages/airflow/example_dags/example_trigger_controller_dag.py
[2026-05-10T18:51:24.890+0000] {processor.py:840} INFO - DAG(s) 'example_trigger_controller_dag' retrieved from /home/airflow/.local/lib/python3.12/site-packages/airflow/example_dags/example_trigger_controller_dag.py
[2026-05-10T18:51:24.930+0000] {logging_mixin.py:188} INFO - [2026-05-10T18:51:24.929+0000] {dag.py:3089} INFO - Sync 1 DAGs
[2026-05-10T18:51:24.975+0000] {logging_mixin.py:188} INFO - [2026-05-10T18:51:24.974+0000] {dag.py:3947} INFO - Setting next_dagrun for example_trigger_controller_dag to 2021-01-01 00:00:00+00:00, run_after=2021-01-01 00:00:00+00:00
[2026-05-10T18:51:25.042+0000] {processor.py:183} INFO - Processing /home/airflow/.local/lib/python3.12/site-packages/airflow/example_dags/example_trigger_controller_dag.py took 0.181 seconds
[2026-05-10T18:51:55.139+0000] {processor.py:161} INFO - Started process (PID=52391) to work on /home/airflow/.local/lib/python3.12/site-packages/airflow/example_dags/example_trigger_controller_dag.py
[2026-05-10T18:51:55.140+0000] {processor.py:830} INFO - Processing file /home/airflow/.local/lib/python3.12/site-packages/airflow/example_dags/example_trigger_controller_dag.py for tasks to queue
[2026-05-10T18:51:55.142+0000] {logging_mixin.py:188} INFO - [2026-05-10T18:51:55.141+0000] {dagbag.py:545} INFO - Filling up the DagBag from /home/airflow/.local/lib/python3.12/site-packages/airflow/example_dags/example_trigger_controller_dag.py
[2026-05-10T18:51:55.148+0000] {processor.py:840} INFO - DAG(s) 'example_trigger_controller_dag' retrieved from /home/airflow/.local/lib/python3.12/site-packages/airflow/example_dags/example_trigger_controller_dag.py
[2026-05-10T18:51:55.173+0000] {logging_mixin.py:188} INFO - [2026-05-10T18:51:55.173+0000] {dag.py:3089} INFO - Sync 1 DAGs
[2026-05-10T18:51:55.194+0000] {logging_mixin.py:188} INFO - [2026-05-10T18:51:55.194+0000] {dag.py:3947} INFO - Setting next_dagrun for example_trigger_controller_dag to 2021-01-01 00:00:00+00:00, run_after=2021-01-01 00:00:00+00:00
[2026-05-10T18:51:55.226+0000] {processor.py:183} INFO - Processing /home/airflow/.local/lib/python3.12/site-packages/airflow/example_dags/example_trigger_controller_dag.py took 0.094 seconds
[2026-05-10T18:52:25.545+0000] {processor.py:161} INFO - Started process (PID=52460) to work on /home/airflow/.local/lib/python3.12/site-packages/airflow/example_dags/example_trigger_controller_dag.py
[2026-05-10T18:52:25.546+0000] {processor.py:830} INFO - Processing file /home/airflow/.local/lib/python3.12/site-packages/airflow/example_dags/example_trigger_controller_dag.py for tasks to queue
[2026-05-10T18:52:25.548+0000] {logging_mixin.py:188} INFO - [2026-05-10T18:52:25.548+0000] {dagbag.py:545} INFO - Filling up the DagBag from /home/airflow/.local/lib/python3.12/site-packages/airflow/example_dags/example_trigger_controller_dag.py
[2026-05-10T18:52:25.558+0000] {processor.py:840} INFO - DAG(s) 'example_trigger_controller_dag' retrieved from /home/airflow/.local/lib/python3.12/site-packages/airflow/example_dags/example_trigger_controller_dag.py
[2026-05-10T18:52:25.596+0000] {logging_mixin.py:188} INFO - [2026-05-10T18:52:25.596+0000] {dag.py:3089} INFO - Sync 1 DAGs
[2026-05-10T18:52:25.635+0000] {logging_mixin.py:188} INFO - [2026-05-10T18:52:25.634+0000] {dag.py:3947} INFO - Setting next_dagrun for example_trigger_controller_dag to 2021-01-01 00:00:00+00:00, run_after=2021-01-01 00:00:00+00:00
[2026-05-10T18:52:25.673+0000] {processor.py:183} INFO - Processing /home/airflow/.local/lib/python3.12/site-packages/airflow/example_dags/example_trigger_controller_dag.py took 0.137 seconds
[2026-05-10T18:52:55.826+0000] {processor.py:161} INFO - Started process (PID=52528) to work on /home/airflow/.local/lib/python3.12/site-packages/airflow/example_dags/example_trigger_controller_dag.py
[2026-05-10T18:52:55.828+0000] {processor.py:830} INFO - Processing file /home/airflow/.local/lib/python3.12/site-packages/airflow/example_dags/example_trigger_controller_dag.py for tasks to queue
[2026-05-10T18:52:55.829+0000] {logging_mixin.py:188} INFO - [2026-05-10T18:52:55.829+0000] {dagbag.py:545} INFO - Filling up the DagBag from /home/airflow/.local/lib/python3.12/site-packages/airflow/example_dags/example_trigger_controller_dag.py
[2026-05-10T18:52:55.840+0000] {processor.py:840} INFO - DAG(s) 'example_trigger_controller_dag' retrieved from /home/airflow/.local/lib/python3.12/site-packages/airflow/example_dags/example_trigger_controller_dag.py
[2026-05-10T18:52:55.885+0000] {logging_mixin.py:188} INFO - [2026-05-10T18:52:55.885+0000] {dag.py:3089} INFO - Sync 1 DAGs
[2026-05-10T18:52:55.924+0000] {logging_mixin.py:188} INFO - [2026-05-10T18:52:55.924+0000] {dag.py:3947} INFO - Setting next_dagrun for example_trigger_controller_dag to 2021-01-01 00:00:00+00:00, run_after=2021-01-01 00:00:00+00:00
[2026-05-10T18:52:55.957+0000] {processor.py:183} INFO - Processing /home/airflow/.local/lib/python3.12/site-packages/airflow/example_dags/example_trigger_controller_dag.py took 0.141 seconds
[2026-05-10T18:53:26.493+0000] {processor.py:161} INFO - Started process (PID=52596) to work on /home/airflow/.local/lib/python3.12/site-packages/airflow/example_dags/example_trigger_controller_dag.py
[2026-05-10T18:53:26.495+0000] {processor.py:830} INFO - Processing file /home/airflow/.local/lib/python3.12/site-packages/airflow/example_dags/example_trigger_controller_dag.py for tasks to queue
[2026-05-10T18:53:26.497+0000] {logging_mixin.py:188} INFO - [2026-05-10T18:53:26.497+0000] {dagbag.py:545} INFO - Filling up the DagBag from /home/airflow/.local/lib/python3.12/site-packages/airflow/example_dags/example_trigger_controller_dag.py
[2026-05-10T18:53:26.505+0000] {processor.py:840} INFO - DAG(s) 'example_trigger_controller_dag' retrieved from /home/airflow/.local/lib/python3.12/site-packages/airflow/example_dags/example_trigger_controller_dag.py
[2026-05-10T18:53:26.544+0000] {logging_mixin.py:188} INFO - [2026-05-10T18:53:26.544+0000] {dag.py:3089} INFO - Sync 1 DAGs
[2026-05-10T18:53:26.584+0000] {logging_mixin.py:188} INFO - [2026-05-10T18:53:26.583+0000] {dag.py:3947} INFO - Setting next_dagrun for example_trigger_controller_dag to 2021-01-01 00:00:00+00:00, run_after=2021-01-01 00:00:00+00:00
[2026-05-10T18:53:26.651+0000] {processor.py:183} INFO - Processing /home/airflow/.local/lib/python3.12/site-packages/airflow/example_dags/example_trigger_controller_dag.py took 0.170 seconds
[2026-05-10T18:53:56.925+0000] {processor.py:161} INFO - Started process (PID=52671) to work on /home/airflow/.local/lib/python3.12/site-packages/airflow/example_dags/example_trigger_controller_dag.py
[2026-05-10T18:53:56.929+0000] {processor.py:830} INFO - Processing file /home/airflow/.local/lib/python3.12/site-packages/airflow/example_dags/example_trigger_controller_dag.py for tasks to queue
[2026-05-10T18:53:56.931+0000] {logging_mixin.py:188} INFO - [2026-05-10T18:53:56.930+0000] {dagbag.py:545} INFO - Filling up the DagBag from /home/airflow/.local/lib/python3.12/site-packages/airflow/example_dags/example_trigger_controller_dag.py
[2026-05-10T18:53:56.939+0000] {processor.py:840} INFO - DAG(s) 'example_trigger_controller_dag' retrieved from /home/airflow/.local/lib/python3.12/site-packages/airflow/example_dags/example_trigger_controller_dag.py
[2026-05-10T18:53:56.976+0000] {logging_mixin.py:188} INFO - [2026-05-10T18:53:56.976+0000] {dag.py:3089} INFO - Sync 1 DAGs
[2026-05-10T18:53:57.020+0000] {logging_mixin.py:188} INFO - [2026-05-10T18:53:57.020+0000] {dag.py:3947} INFO - Setting next_dagrun for example_trigger_controller_dag to 2021-01-01 00:00:00+00:00, run_after=2021-01-01 00:00:00+00:00
[2026-05-10T18:53:57.197+0000] {processor.py:183} INFO - Processing /home/airflow/.local/lib/python3.12/site-packages/airflow/example_dags/example_trigger_controller_dag.py took 0.282 seconds
[2026-05-10T18:54:27.653+0000] {processor.py:161} INFO - Started process (PID=52739) to work on /home/airflow/.local/lib/python3.12/site-packages/airflow/example_dags/example_trigger_controller_dag.py
[2026-05-10T18:54:27.655+0000] {processor.py:830} INFO - Processing file /home/airflow/.local/lib/python3.12/site-packages/airflow/example_dags/example_trigger_controller_dag.py for tasks to queue
[2026-05-10T18:54:27.658+0000] {logging_mixin.py:188} INFO - [2026-05-10T18:54:27.657+0000] {dagbag.py:545} INFO - Filling up the DagBag from /home/airflow/.local/lib/python3.12/site-packages/airflow/example_dags/example_trigger_controller_dag.py
[2026-05-10T18:54:27.667+0000] {processor.py:840} INFO - DAG(s) 'example_trigger_controller_dag' retrieved from /home/airflow/.local/lib/python3.12/site-packages/airflow/example_dags/example_trigger_controller_dag.py
[2026-05-10T18:54:27.704+0000] {logging_mixin.py:188} INFO - [2026-05-10T18:54:27.703+0000] {dag.py:3089} INFO - Sync 1 DAGs
[2026-05-10T18:54:27.739+0000] {logging_mixin.py:188} INFO - [2026-05-10T18:54:27.739+0000] {dag.py:3947} INFO - Setting next_dagrun for example_trigger_controller_dag to 2021-01-01 00:00:00+00:00, run_after=2021-01-01 00:00:00+00:00
[2026-05-10T18:54:27.785+0000] {processor.py:183} INFO - Processing /home/airflow/.local/lib/python3.12/site-packages/airflow/example_dags/example_trigger_controller_dag.py took 0.143 seconds
[2026-05-10T18:54:58.111+0000] {processor.py:161} INFO - Started process (PID=52807) to work on /home/airflow/.local/lib/python3.12/site-packages/airflow/example_dags/example_trigger_controller_dag.py
[2026-05-10T18:54:58.113+0000] {processor.py:830} INFO - Processing file /home/airflow/.local/lib/python3.12/site-packages/airflow/example_dags/example_trigger_controller_dag.py for tasks to queue
[2026-05-10T18:54:58.114+0000] {logging_mixin.py:188} INFO - [2026-05-10T18:54:58.114+0000] {dagbag.py:545} INFO - Filling up the DagBag from /home/airflow/.local/lib/python3.12/site-packages/airflow/example_dags/example_trigger_controller_dag.py
[2026-05-10T18:54:58.122+0000] {processor.py:840} INFO - DAG(s) 'example_trigger_controller_dag' retrieved from /home/airflow/.local/lib/python3.12/site-packages/airflow/example_dags/example_trigger_controller_dag.py
[2026-05-10T18:54:58.158+0000] {logging_mixin.py:188} INFO - [2026-05-10T18:54:58.157+0000] {dag.py:3089} INFO - Sync 1 DAGs
[2026-05-10T18:54:58.193+0000] {logging_mixin.py:188} INFO - [2026-05-10T18:54:58.192+0000] {dag.py:3947} INFO - Setting next_dagrun for example_trigger_controller_dag to 2021-01-01 00:00:00+00:00, run_after=2021-01-01 00:00:00+00:00
[2026-05-10T18:54:58.229+0000] {processor.py:183} INFO - Processing /home/airflow/.local/lib/python3.12/site-packages/airflow/example_dags/example_trigger_controller_dag.py took 0.130 seconds
[2026-05-10T18:55:28.373+0000] {processor.py:161} INFO - Started process (PID=52874) to work on /home/airflow/.local/lib/python3.12/site-packages/airflow/example_dags/example_trigger_controller_dag.py
[2026-05-10T18:55:28.379+0000] {processor.py:830} INFO - Processing file /home/airflow/.local/lib/python3.12/site-packages/airflow/example_dags/example_trigger_controller_dag.py for tasks to queue
[2026-05-10T18:55:28.381+0000] {logging_mixin.py:188} INFO - [2026-05-10T18:55:28.380+0000] {dagbag.py:545} INFO - Filling up the DagBag from /home/airflow/.local/lib/python3.12/site-packages/airflow/example_dags/example_trigger_controller_dag.py
[2026-05-10T18:55:28.388+0000] {processor.py:840} INFO - DAG(s) 'example_trigger_controller_dag' retrieved from /home/airflow/.local/lib/python3.12/site-packages/airflow/example_dags/example_trigger_controller_dag.py
[2026-05-10T18:55:28.423+0000] {logging_mixin.py:188} INFO - [2026-05-10T18:55:28.422+0000] {dag.py:3089} INFO - Sync 1 DAGs
[2026-05-10T18:55:28.459+0000] {logging_mixin.py:188} INFO - [2026-05-10T18:55:28.458+0000] {dag.py:3947} INFO - Setting next_dagrun for example_trigger_controller_dag to 2021-01-01 00:00:00+00:00, run_after=2021-01-01 00:00:00+00:00
[2026-05-10T18:55:28.508+0000] {processor.py:183} INFO - Processing /home/airflow/.local/lib/python3.12/site-packages/airflow/example_dags/example_trigger_controller_dag.py took 0.150 seconds
[2026-05-10T18:55:58.892+0000] {processor.py:161} INFO - Started process (PID=52942) to work on /home/airflow/.local/lib/python3.12/site-packages/airflow/example_dags/example_trigger_controller_dag.py
[2026-05-10T18:55:58.894+0000] {processor.py:830} INFO - Processing file /home/airflow/.local/lib/python3.12/site-packages/airflow/example_dags/example_trigger_controller_dag.py for tasks to queue
[2026-05-10T18:55:58.896+0000] {logging_mixin.py:188} INFO - [2026-05-10T18:55:58.895+0000] {dagbag.py:545} INFO - Filling up the DagBag from /home/airflow/.local/lib/python3.12/site-packages/airflow/example_dags/example_trigger_controller_dag.py
[2026-05-10T18:55:58.904+0000] {processor.py:840} INFO - DAG(s) 'example_trigger_controller_dag' retrieved from /home/airflow/.local/lib/python3.12/site-packages/airflow/example_dags/example_trigger_controller_dag.py
[2026-05-10T18:55:58.942+0000] {logging_mixin.py:188} INFO - [2026-05-10T18:55:58.942+0000] {dag.py:3089} INFO - Sync 1 DAGs
[2026-05-10T18:55:59.001+0000] {logging_mixin.py:188} INFO - [2026-05-10T18:55:59.001+0000] {dag.py:3947} INFO - Setting next_dagrun for example_trigger_controller_dag to 2021-01-01 00:00:00+00:00, run_after=2021-01-01 00:00:00+00:00
[2026-05-10T18:55:59.073+0000] {processor.py:183} INFO - Processing /home/airflow/.local/lib/python3.12/site-packages/airflow/example_dags/example_trigger_controller_dag.py took 0.197 seconds
[2026-05-10T18:56:29.739+0000] {processor.py:161} INFO - Started process (PID=53012) to work on /home/airflow/.local/lib/python3.12/site-packages/airflow/example_dags/example_trigger_controller_dag.py
[2026-05-10T18:56:29.747+0000] {processor.py:830} INFO - Processing file /home/airflow/.local/lib/python3.12/site-packages/airflow/example_dags/example_trigger_controller_dag.py for tasks to queue
[2026-05-10T18:56:29.758+0000] {logging_mixin.py:188} INFO - [2026-05-10T18:56:29.757+0000] {dagbag.py:545} INFO - Filling up the DagBag from /home/airflow/.local/lib/python3.12/site-packages/airflow/example_dags/example_trigger_controller_dag.py
[2026-05-10T18:56:29.770+0000] {processor.py:840} INFO - DAG(s) 'example_trigger_controller_dag' retrieved from /home/airflow/.local/lib/python3.12/site-packages/airflow/example_dags/example_trigger_controller_dag.py
[2026-05-10T18:56:29.822+0000] {logging_mixin.py:188} INFO - [2026-05-10T18:56:29.821+0000] {dag.py:3089} INFO - Sync 1 DAGs
[2026-05-10T18:56:29.865+0000] {logging_mixin.py:188} INFO - [2026-05-10T18:56:29.864+0000] {dag.py:3947} INFO - Setting next_dagrun for example_trigger_controller_dag to 2021-01-01 00:00:00+00:00, run_after=2021-01-01 00:00:00+00:00
[2026-05-10T18:56:29.938+0000] {processor.py:183} INFO - Processing /home/airflow/.local/lib/python3.12/site-packages/airflow/example_dags/example_trigger_controller_dag.py took 0.212 seconds
[2026-05-10T18:57:00.434+0000] {processor.py:161} INFO - Started process (PID=53080) to work on /home/airflow/.local/lib/python3.12/site-packages/airflow/example_dags/example_trigger_controller_dag.py
[2026-05-10T18:57:00.437+0000] {processor.py:830} INFO - Processing file /home/airflow/.local/lib/python3.12/site-packages/airflow/example_dags/example_trigger_controller_dag.py for tasks to queue
[2026-05-10T18:57:00.443+0000] {logging_mixin.py:188} INFO - [2026-05-10T18:57:00.442+0000] {dagbag.py:545} INFO - Filling up the DagBag from /home/airflow/.local/lib/python3.12/site-packages/airflow/example_dags/example_trigger_controller_dag.py
[2026-05-10T18:57:00.457+0000] {processor.py:840} INFO - DAG(s) 'example_trigger_controller_dag' retrieved from /home/airflow/.local/lib/python3.12/site-packages/airflow/example_dags/example_trigger_controller_dag.py
[2026-05-10T18:57:00.492+0000] {logging_mixin.py:188} INFO - [2026-05-10T18:57:00.491+0000] {dag.py:3089} INFO - Sync 1 DAGs
[2026-05-10T18:57:00.525+0000] {logging_mixin.py:188} INFO - [2026-05-10T18:57:00.525+0000] {dag.py:3947} INFO - Setting next_dagrun for example_trigger_controller_dag to 2021-01-01 00:00:00+00:00, run_after=2021-01-01 00:00:00+00:00
[2026-05-10T18:57:00.710+0000] {processor.py:183} INFO - Processing /home/airflow/.local/lib/python3.12/site-packages/airflow/example_dags/example_trigger_controller_dag.py took 0.286 seconds
[2026-05-10T18:57:31.307+0000] {processor.py:161} INFO - Started process (PID=53148) to work on /home/airflow/.local/lib/python3.12/site-packages/airflow/example_dags/example_trigger_controller_dag.py
[2026-05-10T18:57:31.309+0000] {processor.py:830} INFO - Processing file /home/airflow/.local/lib/python3.12/site-packages/airflow/example_dags/example_trigger_controller_dag.py for tasks to queue
[2026-05-10T18:57:31.311+0000] {logging_mixin.py:188} INFO - [2026-05-10T18:57:31.310+0000] {dagbag.py:545} INFO - Filling up the DagBag from /home/airflow/.local/lib/python3.12/site-packages/airflow/example_dags/example_trigger_controller_dag.py
[2026-05-10T18:57:31.318+0000] {processor.py:840} INFO - DAG(s) 'example_trigger_controller_dag' retrieved from /home/airflow/.local/lib/python3.12/site-packages/airflow/example_dags/example_trigger_controller_dag.py
[2026-05-10T18:57:31.350+0000] {logging_mixin.py:188} INFO - [2026-05-10T18:57:31.350+0000] {dag.py:3089} INFO - Sync 1 DAGs
[2026-05-10T18:57:31.384+0000] {logging_mixin.py:188} INFO - [2026-05-10T18:57:31.384+0000] {dag.py:3947} INFO - Setting next_dagrun for example_trigger_controller_dag to 2021-01-01 00:00:00+00:00, run_after=2021-01-01 00:00:00+00:00
[2026-05-10T18:57:31.426+0000] {processor.py:183} INFO - Processing /home/airflow/.local/lib/python3.12/site-packages/airflow/example_dags/example_trigger_controller_dag.py took 0.131 seconds
[2026-05-10T18:58:01.884+0000] {processor.py:161} INFO - Started process (PID=53223) to work on /home/airflow/.local/lib/python3.12/site-packages/airflow/example_dags/example_trigger_controller_dag.py
[2026-05-10T18:58:01.891+0000] {processor.py:830} INFO - Processing file /home/airflow/.local/lib/python3.12/site-packages/airflow/example_dags/example_trigger_controller_dag.py for tasks to queue
[2026-05-10T18:58:01.893+0000] {logging_mixin.py:188} INFO - [2026-05-10T18:58:01.892+0000] {dagbag.py:545} INFO - Filling up the DagBag from /home/airflow/.local/lib/python3.12/site-packages/airflow/example_dags/example_trigger_controller_dag.py
[2026-05-10T18:58:01.901+0000] {processor.py:840} INFO - DAG(s) 'example_trigger_controller_dag' retrieved from /home/airflow/.local/lib/python3.12/site-packages/airflow/example_dags/example_trigger_controller_dag.py
[2026-05-10T18:58:01.935+0000] {logging_mixin.py:188} INFO - [2026-05-10T18:58:01.934+0000] {dag.py:3089} INFO - Sync 1 DAGs
[2026-05-10T18:58:01.968+0000] {logging_mixin.py:188} INFO - [2026-05-10T18:58:01.967+0000] {dag.py:3947} INFO - Setting next_dagrun for example_trigger_controller_dag to 2021-01-01 00:00:00+00:00, run_after=2021-01-01 00:00:00+00:00
[2026-05-10T18:58:02.005+0000] {processor.py:183} INFO - Processing /home/airflow/.local/lib/python3.12/site-packages/airflow/example_dags/example_trigger_controller_dag.py took 0.132 seconds
[2026-05-10T18:58:32.415+0000] {processor.py:161} INFO - Started process (PID=53290) to work on /home/airflow/.local/lib/python3.12/site-packages/airflow/example_dags/example_trigger_controller_dag.py
[2026-05-10T18:58:32.417+0000] {processor.py:830} INFO - Processing file /home/airflow/.local/lib/python3.12/site-packages/airflow/example_dags/example_trigger_controller_dag.py for tasks to queue
[2026-05-10T18:58:32.419+0000] {logging_mixin.py:188} INFO - [2026-05-10T18:58:32.419+0000] {dagbag.py:545} INFO - Filling up the DagBag from /home/airflow/.local/lib/python3.12/site-packages/airflow/example_dags/example_trigger_controller_dag.py
[2026-05-10T18:58:32.430+0000] {processor.py:840} INFO - DAG(s) 'example_trigger_controller_dag' retrieved from /home/airflow/.local/lib/python3.12/site-packages/airflow/example_dags/example_trigger_controller_dag.py
[2026-05-10T18:58:32.477+0000] {logging_mixin.py:188} INFO - [2026-05-10T18:58:32.476+0000] {dag.py:3089} INFO - Sync 1 DAGs
[2026-05-10T18:58:32.523+0000] {logging_mixin.py:188} INFO - [2026-05-10T18:58:32.523+0000] {dag.py:3947} INFO - Setting next_dagrun for example_trigger_controller_dag to 2021-01-01 00:00:00+00:00, run_after=2021-01-01 00:00:00+00:00
[2026-05-10T18:58:32.605+0000] {processor.py:183} INFO - Processing /home/airflow/.local/lib/python3.12/site-packages/airflow/example_dags/example_trigger_controller_dag.py took 0.199 seconds
[2026-05-10T18:59:03.043+0000] {processor.py:161} INFO - Started process (PID=53358) to work on /home/airflow/.local/lib/python3.12/site-packages/airflow/example_dags/example_trigger_controller_dag.py
[2026-05-10T18:59:03.046+0000] {processor.py:830} INFO - Processing file /home/airflow/.local/lib/python3.12/site-packages/airflow/example_dags/example_trigger_controller_dag.py for tasks to queue
[2026-05-10T18:59:03.048+0000] {logging_mixin.py:188} INFO - [2026-05-10T18:59:03.048+0000] {dagbag.py:545} INFO - Filling up the DagBag from /home/airflow/.local/lib/python3.12/site-packages/airflow/example_dags/example_trigger_controller_dag.py
[2026-05-10T18:59:03.062+0000] {processor.py:840} INFO - DAG(s) 'example_trigger_controller_dag' retrieved from /home/airflow/.local/lib/python3.12/site-packages/airflow/example_dags/example_trigger_controller_dag.py
[2026-05-10T18:59:03.114+0000] {logging_mixin.py:188} INFO - [2026-05-10T18:59:03.113+0000] {dag.py:3089} INFO - Sync 1 DAGs
[2026-05-10T18:59:03.164+0000] {logging_mixin.py:188} INFO - [2026-05-10T18:59:03.164+0000] {dag.py:3947} INFO - Setting next_dagrun for example_trigger_controller_dag to 2021-01-01 00:00:00+00:00, run_after=2021-01-01 00:00:00+00:00
[2026-05-10T18:59:03.359+0000] {processor.py:183} INFO - Processing /home/airflow/.local/lib/python3.12/site-packages/airflow/example_dags/example_trigger_controller_dag.py took 0.332 seconds
[2026-05-10T18:59:33.584+0000] {processor.py:161} INFO - Started process (PID=53426) to work on /home/airflow/.local/lib/python3.12/site-packages/airflow/example_dags/example_trigger_controller_dag.py
[2026-05-10T18:59:33.589+0000] {processor.py:830} INFO - Processing file /home/airflow/.local/lib/python3.12/site-packages/airflow/example_dags/example_trigger_controller_dag.py for tasks to queue
[2026-05-10T18:59:33.592+0000] {logging_mixin.py:188} INFO - [2026-05-10T18:59:33.591+0000] {dagbag.py:545} INFO - Filling up the DagBag from /home/airflow/.local/lib/python3.12/site-packages/airflow/example_dags/example_trigger_controller_dag.py
[2026-05-10T18:59:33.604+0000] {processor.py:840} INFO - DAG(s) 'example_trigger_controller_dag' retrieved from /home/airflow/.local/lib/python3.12/site-packages/airflow/example_dags/example_trigger_controller_dag.py
[2026-05-10T18:59:33.650+0000] {logging_mixin.py:188} INFO - [2026-05-10T18:59:33.649+0000] {dag.py:3089} INFO - Sync 1 DAGs
[2026-05-10T18:59:33.693+0000] {logging_mixin.py:188} INFO - [2026-05-10T18:59:33.692+0000] {dag.py:3947} INFO - Setting next_dagrun for example_trigger_controller_dag to 2021-01-01 00:00:00+00:00, run_after=2021-01-01 00:00:00+00:00
[2026-05-10T18:59:33.766+0000] {processor.py:183} INFO - Processing /home/airflow/.local/lib/python3.12/site-packages/airflow/example_dags/example_trigger_controller_dag.py took 0.193 seconds
[2026-05-10T19:00:04.002+0000] {processor.py:161} INFO - Started process (PID=53494) to work on /home/airflow/.local/lib/python3.12/site-packages/airflow/example_dags/example_trigger_controller_dag.py
[2026-05-10T19:00:04.004+0000] {processor.py:830} INFO - Processing file /home/airflow/.local/lib/python3.12/site-packages/airflow/example_dags/example_trigger_controller_dag.py for tasks to queue
[2026-05-10T19:00:04.005+0000] {logging_mixin.py:188} INFO - [2026-05-10T19:00:04.005+0000] {dagbag.py:545} INFO - Filling up the DagBag from /home/airflow/.local/lib/python3.12/site-packages/airflow/example_dags/example_trigger_controller_dag.py
[2026-05-10T19:00:04.016+0000] {processor.py:840} INFO - DAG(s) 'example_trigger_controller_dag' retrieved from /home/airflow/.local/lib/python3.12/site-packages/airflow/example_dags/example_trigger_controller_dag.py
[2026-05-10T19:00:04.062+0000] {logging_mixin.py:188} INFO - [2026-05-10T19:00:04.062+0000] {dag.py:3089} INFO - Sync 1 DAGs
[2026-05-10T19:00:04.100+0000] {logging_mixin.py:188} INFO - [2026-05-10T19:00:04.099+0000] {dag.py:3947} INFO - Setting next_dagrun for example_trigger_controller_dag to 2021-01-01 00:00:00+00:00, run_after=2021-01-01 00:00:00+00:00
[2026-05-10T19:00:04.136+0000] {processor.py:183} INFO - Processing /home/airflow/.local/lib/python3.12/site-packages/airflow/example_dags/example_trigger_controller_dag.py took 0.147 seconds
[2026-05-10T19:00:34.483+0000] {processor.py:161} INFO - Started process (PID=53562) to work on /home/airflow/.local/lib/python3.12/site-packages/airflow/example_dags/example_trigger_controller_dag.py
[2026-05-10T19:00:34.485+0000] {processor.py:830} INFO - Processing file /home/airflow/.local/lib/python3.12/site-packages/airflow/example_dags/example_trigger_controller_dag.py for tasks to queue
[2026-05-10T19:00:34.487+0000] {logging_mixin.py:188} INFO - [2026-05-10T19:00:34.487+0000] {dagbag.py:545} INFO - Filling up the DagBag from /home/airflow/.local/lib/python3.12/site-packages/airflow/example_dags/example_trigger_controller_dag.py
[2026-05-10T19:00:34.497+0000] {processor.py:840} INFO - DAG(s) 'example_trigger_controller_dag' retrieved from /home/airflow/.local/lib/python3.12/site-packages/airflow/example_dags/example_trigger_controller_dag.py
[2026-05-10T19:00:34.532+0000] {logging_mixin.py:188} INFO - [2026-05-10T19:00:34.532+0000] {dag.py:3089} INFO - Sync 1 DAGs
[2026-05-10T19:00:34.567+0000] {logging_mixin.py:188} INFO - [2026-05-10T19:00:34.567+0000] {dag.py:3947} INFO - Setting next_dagrun for example_trigger_controller_dag to 2021-01-01 00:00:00+00:00, run_after=2021-01-01 00:00:00+00:00
[2026-05-10T19:00:34.604+0000] {processor.py:183} INFO - Processing /home/airflow/.local/lib/python3.12/site-packages/airflow/example_dags/example_trigger_controller_dag.py took 0.131 seconds
[2026-05-10T19:01:04.977+0000] {processor.py:161} INFO - Started process (PID=53631) to work on /home/airflow/.local/lib/python3.12/site-packages/airflow/example_dags/example_trigger_controller_dag.py
[2026-05-10T19:01:04.982+0000] {processor.py:830} INFO - Processing file /home/airflow/.local/lib/python3.12/site-packages/airflow/example_dags/example_trigger_controller_dag.py for tasks to queue
[2026-05-10T19:01:04.984+0000] {logging_mixin.py:188} INFO - [2026-05-10T19:01:04.983+0000] {dagbag.py:545} INFO - Filling up the DagBag from /home/airflow/.local/lib/python3.12/site-packages/airflow/example_dags/example_trigger_controller_dag.py
[2026-05-10T19:01:04.996+0000] {processor.py:840} INFO - DAG(s) 'example_trigger_controller_dag' retrieved from /home/airflow/.local/lib/python3.12/site-packages/airflow/example_dags/example_trigger_controller_dag.py
[2026-05-10T19:01:05.038+0000] {logging_mixin.py:188} INFO - [2026-05-10T19:01:05.037+0000] {dag.py:3089} INFO - Sync 1 DAGs
[2026-05-10T19:01:05.081+0000] {logging_mixin.py:188} INFO - [2026-05-10T19:01:05.080+0000] {dag.py:3947} INFO - Setting next_dagrun for example_trigger_controller_dag to 2021-01-01 00:00:00+00:00, run_after=2021-01-01 00:00:00+00:00
[2026-05-10T19:01:05.119+0000] {processor.py:183} INFO - Processing /home/airflow/.local/lib/python3.12/site-packages/airflow/example_dags/example_trigger_controller_dag.py took 0.152 seconds
[2026-05-10T19:01:35.971+0000] {processor.py:161} INFO - Started process (PID=53705) to work on /home/airflow/.local/lib/python3.12/site-packages/airflow/example_dags/example_trigger_controller_dag.py
[2026-05-10T19:01:35.974+0000] {processor.py:830} INFO - Processing file /home/airflow/.local/lib/python3.12/site-packages/airflow/example_dags/example_trigger_controller_dag.py for tasks to queue
[2026-05-10T19:01:35.977+0000] {logging_mixin.py:188} INFO - [2026-05-10T19:01:35.976+0000] {dagbag.py:545} INFO - Filling up the DagBag from /home/airflow/.local/lib/python3.12/site-packages/airflow/example_dags/example_trigger_controller_dag.py
[2026-05-10T19:01:35.988+0000] {processor.py:840} INFO - DAG(s) 'example_trigger_controller_dag' retrieved from /home/airflow/.local/lib/python3.12/site-packages/airflow/example_dags/example_trigger_controller_dag.py
[2026-05-10T19:01:36.032+0000] {logging_mixin.py:188} INFO - [2026-05-10T19:01:36.032+0000] {dag.py:3089} INFO - Sync 1 DAGs
[2026-05-10T19:01:36.070+0000] {logging_mixin.py:188} INFO - [2026-05-10T19:01:36.069+0000] {dag.py:3947} INFO - Setting next_dagrun for example_trigger_controller_dag to 2021-01-01 00:00:00+00:00, run_after=2021-01-01 00:00:00+00:00
[2026-05-10T19:01:36.135+0000] {processor.py:183} INFO - Processing /home/airflow/.local/lib/python3.12/site-packages/airflow/example_dags/example_trigger_controller_dag.py took 0.175 seconds
[2026-05-10T19:02:06.524+0000] {processor.py:161} INFO - Started process (PID=53774) to work on /home/airflow/.local/lib/python3.12/site-packages/airflow/example_dags/example_trigger_controller_dag.py
[2026-05-10T19:02:06.526+0000] {processor.py:830} INFO - Processing file /home/airflow/.local/lib/python3.12/site-packages/airflow/example_dags/example_trigger_controller_dag.py for tasks to queue
[2026-05-10T19:02:06.529+0000] {logging_mixin.py:188} INFO - [2026-05-10T19:02:06.528+0000] {dagbag.py:545} INFO - Filling up the DagBag from /home/airflow/.local/lib/python3.12/site-packages/airflow/example_dags/example_trigger_controller_dag.py
[2026-05-10T19:02:06.540+0000] {processor.py:840} INFO - DAG(s) 'example_trigger_controller_dag' retrieved from /home/airflow/.local/lib/python3.12/site-packages/airflow/example_dags/example_trigger_controller_dag.py
[2026-05-10T19:02:06.578+0000] {logging_mixin.py:188} INFO - [2026-05-10T19:02:06.578+0000] {dag.py:3089} INFO - Sync 1 DAGs
[2026-05-10T19:02:06.609+0000] {logging_mixin.py:188} INFO - [2026-05-10T19:02:06.609+0000] {dag.py:3947} INFO - Setting next_dagrun for example_trigger_controller_dag to 2021-01-01 00:00:00+00:00, run_after=2021-01-01 00:00:00+00:00
[2026-05-10T19:02:06.641+0000] {processor.py:183} INFO - Processing /home/airflow/.local/lib/python3.12/site-packages/airflow/example_dags/example_trigger_controller_dag.py took 0.129 seconds
[2026-05-10T19:02:36.887+0000] {processor.py:161} INFO - Started process (PID=53843) to work on /home/airflow/.local/lib/python3.12/site-packages/airflow/example_dags/example_trigger_controller_dag.py
[2026-05-10T19:02:36.888+0000] {processor.py:830} INFO - Processing file /home/airflow/.local/lib/python3.12/site-packages/airflow/example_dags/example_trigger_controller_dag.py for tasks to queue
[2026-05-10T19:02:36.890+0000] {logging_mixin.py:188} INFO - [2026-05-10T19:02:36.889+0000] {dagbag.py:545} INFO - Filling up the DagBag from /home/airflow/.local/lib/python3.12/site-packages/airflow/example_dags/example_trigger_controller_dag.py
[2026-05-10T19:02:36.901+0000] {processor.py:840} INFO - DAG(s) 'example_trigger_controller_dag' retrieved from /home/airflow/.local/lib/python3.12/site-packages/airflow/example_dags/example_trigger_controller_dag.py
[2026-05-10T19:02:36.935+0000] {logging_mixin.py:188} INFO - [2026-05-10T19:02:36.934+0000] {dag.py:3089} INFO - Sync 1 DAGs
[2026-05-10T19:02:36.968+0000] {logging_mixin.py:188} INFO - [2026-05-10T19:02:36.967+0000] {dag.py:3947} INFO - Setting next_dagrun for example_trigger_controller_dag to 2021-01-01 00:00:00+00:00, run_after=2021-01-01 00:00:00+00:00
[2026-05-10T19:02:37.029+0000] {processor.py:183} INFO - Processing /home/airflow/.local/lib/python3.12/site-packages/airflow/example_dags/example_trigger_controller_dag.py took 0.153 seconds
[2026-05-10T19:03:08.369+0000] {processor.py:161} INFO - Started process (PID=53910) to work on /home/airflow/.local/lib/python3.12/site-packages/airflow/example_dags/example_trigger_controller_dag.py
[2026-05-10T19:03:08.374+0000] {processor.py:830} INFO - Processing file /home/airflow/.local/lib/python3.12/site-packages/airflow/example_dags/example_trigger_controller_dag.py for tasks to queue
[2026-05-10T19:03:08.377+0000] {logging_mixin.py:188} INFO - [2026-05-10T19:03:08.376+0000] {dagbag.py:545} INFO - Filling up the DagBag from /home/airflow/.local/lib/python3.12/site-packages/airflow/example_dags/example_trigger_controller_dag.py
[2026-05-10T19:03:08.385+0000] {processor.py:840} INFO - DAG(s) 'example_trigger_controller_dag' retrieved from /home/airflow/.local/lib/python3.12/site-packages/airflow/example_dags/example_trigger_controller_dag.py
[2026-05-10T19:03:08.425+0000] {logging_mixin.py:188} INFO - [2026-05-10T19:03:08.425+0000] {dag.py:3089} INFO - Sync 1 DAGs
[2026-05-10T19:03:08.463+0000] {logging_mixin.py:188} INFO - [2026-05-10T19:03:08.463+0000] {dag.py:3947} INFO - Setting next_dagrun for example_trigger_controller_dag to 2021-01-01 00:00:00+00:00, run_after=2021-01-01 00:00:00+00:00
[2026-05-10T19:03:08.524+0000] {processor.py:183} INFO - Processing /home/airflow/.local/lib/python3.12/site-packages/airflow/example_dags/example_trigger_controller_dag.py took 0.164 seconds
[2026-05-10T19:03:38.664+0000] {processor.py:161} INFO - Started process (PID=53978) to work on /home/airflow/.local/lib/python3.12/site-packages/airflow/example_dags/example_trigger_controller_dag.py
[2026-05-10T19:03:38.684+0000] {processor.py:830} INFO - Processing file /home/airflow/.local/lib/python3.12/site-packages/airflow/example_dags/example_trigger_controller_dag.py for tasks to queue
[2026-05-10T19:03:38.687+0000] {logging_mixin.py:188} INFO - [2026-05-10T19:03:38.686+0000] {dagbag.py:545} INFO - Filling up the DagBag from /home/airflow/.local/lib/python3.12/site-packages/airflow/example_dags/example_trigger_controller_dag.py
[2026-05-10T19:03:38.699+0000] {processor.py:840} INFO - DAG(s) 'example_trigger_controller_dag' retrieved from /home/airflow/.local/lib/python3.12/site-packages/airflow/example_dags/example_trigger_controller_dag.py
[2026-05-10T19:03:38.740+0000] {logging_mixin.py:188} INFO - [2026-05-10T19:03:38.740+0000] {dag.py:3089} INFO - Sync 1 DAGs
[2026-05-10T19:03:38.777+0000] {logging_mixin.py:188} INFO - [2026-05-10T19:03:38.776+0000] {dag.py:3947} INFO - Setting next_dagrun for example_trigger_controller_dag to 2021-01-01 00:00:00+00:00, run_after=2021-01-01 00:00:00+00:00
[2026-05-10T19:03:38.846+0000] {processor.py:183} INFO - Processing /home/airflow/.local/lib/python3.12/site-packages/airflow/example_dags/example_trigger_controller_dag.py took 0.192 seconds
[2026-05-10T19:04:09.379+0000] {processor.py:161} INFO - Started process (PID=54046) to work on /home/airflow/.local/lib/python3.12/site-packages/airflow/example_dags/example_trigger_controller_dag.py
[2026-05-10T19:04:09.382+0000] {processor.py:830} INFO - Processing file /home/airflow/.local/lib/python3.12/site-packages/airflow/example_dags/example_trigger_controller_dag.py for tasks to queue
[2026-05-10T19:04:09.384+0000] {logging_mixin.py:188} INFO - [2026-05-10T19:04:09.383+0000] {dagbag.py:545} INFO - Filling up the DagBag from /home/airflow/.local/lib/python3.12/site-packages/airflow/example_dags/example_trigger_controller_dag.py
[2026-05-10T19:04:09.391+0000] {processor.py:840} INFO - DAG(s) 'example_trigger_controller_dag' retrieved from /home/airflow/.local/lib/python3.12/site-packages/airflow/example_dags/example_trigger_controller_dag.py
[2026-05-10T19:04:09.432+0000] {logging_mixin.py:188} INFO - [2026-05-10T19:04:09.431+0000] {dag.py:3089} INFO - Sync 1 DAGs
[2026-05-10T19:04:09.465+0000] {logging_mixin.py:188} INFO - [2026-05-10T19:04:09.464+0000] {dag.py:3947} INFO - Setting next_dagrun for example_trigger_controller_dag to 2021-01-01 00:00:00+00:00, run_after=2021-01-01 00:00:00+00:00
[2026-05-10T19:04:09.532+0000] {processor.py:183} INFO - Processing /home/airflow/.local/lib/python3.12/site-packages/airflow/example_dags/example_trigger_controller_dag.py took 0.163 seconds
[2026-05-10T19:04:39.860+0000] {processor.py:161} INFO - Started process (PID=54111) to work on /home/airflow/.local/lib/python3.12/site-packages/airflow/example_dags/example_trigger_controller_dag.py
[2026-05-10T19:04:39.862+0000] {processor.py:830} INFO - Processing file /home/airflow/.local/lib/python3.12/site-packages/airflow/example_dags/example_trigger_controller_dag.py for tasks to queue
[2026-05-10T19:04:39.864+0000] {logging_mixin.py:188} INFO - [2026-05-10T19:04:39.864+0000] {dagbag.py:545} INFO - Filling up the DagBag from /home/airflow/.local/lib/python3.12/site-packages/airflow/example_dags/example_trigger_controller_dag.py
[2026-05-10T19:04:39.874+0000] {processor.py:840} INFO - DAG(s) 'example_trigger_controller_dag' retrieved from /home/airflow/.local/lib/python3.12/site-packages/airflow/example_dags/example_trigger_controller_dag.py
[2026-05-10T19:04:39.917+0000] {logging_mixin.py:188} INFO - [2026-05-10T19:04:39.916+0000] {dag.py:3089} INFO - Sync 1 DAGs
[2026-05-10T19:04:39.957+0000] {logging_mixin.py:188} INFO - [2026-05-10T19:04:39.957+0000] {dag.py:3947} INFO - Setting next_dagrun for example_trigger_controller_dag to 2021-01-01 00:00:00+00:00, run_after=2021-01-01 00:00:00+00:00
[2026-05-10T19:04:40.131+0000] {processor.py:183} INFO - Processing /home/airflow/.local/lib/python3.12/site-packages/airflow/example_dags/example_trigger_controller_dag.py took 0.285 seconds
[2026-05-10T19:05:10.568+0000] {processor.py:161} INFO - Started process (PID=54186) to work on /home/airflow/.local/lib/python3.12/site-packages/airflow/example_dags/example_trigger_controller_dag.py
[2026-05-10T19:05:10.571+0000] {processor.py:830} INFO - Processing file /home/airflow/.local/lib/python3.12/site-packages/airflow/example_dags/example_trigger_controller_dag.py for tasks to queue
[2026-05-10T19:05:10.575+0000] {logging_mixin.py:188} INFO - [2026-05-10T19:05:10.574+0000] {dagbag.py:545} INFO - Filling up the DagBag from /home/airflow/.local/lib/python3.12/site-packages/airflow/example_dags/example_trigger_controller_dag.py
[2026-05-10T19:05:10.583+0000] {processor.py:840} INFO - DAG(s) 'example_trigger_controller_dag' retrieved from /home/airflow/.local/lib/python3.12/site-packages/airflow/example_dags/example_trigger_controller_dag.py
[2026-05-10T19:05:10.622+0000] {logging_mixin.py:188} INFO - [2026-05-10T19:05:10.622+0000] {dag.py:3089} INFO - Sync 1 DAGs
[2026-05-10T19:05:10.657+0000] {logging_mixin.py:188} INFO - [2026-05-10T19:05:10.657+0000] {dag.py:3947} INFO - Setting next_dagrun for example_trigger_controller_dag to 2021-01-01 00:00:00+00:00, run_after=2021-01-01 00:00:00+00:00
[2026-05-10T19:05:10.803+0000] {processor.py:183} INFO - Processing /home/airflow/.local/lib/python3.12/site-packages/airflow/example_dags/example_trigger_controller_dag.py took 0.244 seconds
[2026-05-10T19:05:41.349+0000] {processor.py:161} INFO - Started process (PID=54253) to work on /home/airflow/.local/lib/python3.12/site-packages/airflow/example_dags/example_trigger_controller_dag.py
[2026-05-10T19:05:41.351+0000] {processor.py:830} INFO - Processing file /home/airflow/.local/lib/python3.12/site-packages/airflow/example_dags/example_trigger_controller_dag.py for tasks to queue
[2026-05-10T19:05:41.354+0000] {logging_mixin.py:188} INFO - [2026-05-10T19:05:41.353+0000] {dagbag.py:545} INFO - Filling up the DagBag from /home/airflow/.local/lib/python3.12/site-packages/airflow/example_dags/example_trigger_controller_dag.py
[2026-05-10T19:05:41.363+0000] {processor.py:840} INFO - DAG(s) 'example_trigger_controller_dag' retrieved from /home/airflow/.local/lib/python3.12/site-packages/airflow/example_dags/example_trigger_controller_dag.py
[2026-05-10T19:05:41.409+0000] {logging_mixin.py:188} INFO - [2026-05-10T19:05:41.409+0000] {dag.py:3089} INFO - Sync 1 DAGs
[2026-05-10T19:05:41.454+0000] {logging_mixin.py:188} INFO - [2026-05-10T19:05:41.453+0000] {dag.py:3947} INFO - Setting next_dagrun for example_trigger_controller_dag to 2021-01-01 00:00:00+00:00, run_after=2021-01-01 00:00:00+00:00
[2026-05-10T19:05:41.519+0000] {processor.py:183} INFO - Processing /home/airflow/.local/lib/python3.12/site-packages/airflow/example_dags/example_trigger_controller_dag.py took 0.183 seconds
[2026-05-10T19:06:11.954+0000] {processor.py:161} INFO - Started process (PID=54321) to work on /home/airflow/.local/lib/python3.12/site-packages/airflow/example_dags/example_trigger_controller_dag.py
[2026-05-10T19:06:11.959+0000] {processor.py:830} INFO - Processing file /home/airflow/.local/lib/python3.12/site-packages/airflow/example_dags/example_trigger_controller_dag.py for tasks to queue
[2026-05-10T19:06:11.961+0000] {logging_mixin.py:188} INFO - [2026-05-10T19:06:11.961+0000] {dagbag.py:545} INFO - Filling up the DagBag from /home/airflow/.local/lib/python3.12/site-packages/airflow/example_dags/example_trigger_controller_dag.py
[2026-05-10T19:06:11.971+0000] {processor.py:840} INFO - DAG(s) 'example_trigger_controller_dag' retrieved from /home/airflow/.local/lib/python3.12/site-packages/airflow/example_dags/example_trigger_controller_dag.py
[2026-05-10T19:06:12.018+0000] {logging_mixin.py:188} INFO - [2026-05-10T19:06:12.017+0000] {dag.py:3089} INFO - Sync 1 DAGs
[2026-05-10T19:06:12.053+0000] {logging_mixin.py:188} INFO - [2026-05-10T19:06:12.053+0000] {dag.py:3947} INFO - Setting next_dagrun for example_trigger_controller_dag to 2021-01-01 00:00:00+00:00, run_after=2021-01-01 00:00:00+00:00
[2026-05-10T19:06:12.090+0000] {processor.py:183} INFO - Processing /home/airflow/.local/lib/python3.12/site-packages/airflow/example_dags/example_trigger_controller_dag.py took 0.152 seconds
[2026-05-10T19:06:42.658+0000] {processor.py:161} INFO - Started process (PID=54390) to work on /home/airflow/.local/lib/python3.12/site-packages/airflow/example_dags/example_trigger_controller_dag.py
[2026-05-10T19:06:42.660+0000] {processor.py:830} INFO - Processing file /home/airflow/.local/lib/python3.12/site-packages/airflow/example_dags/example_trigger_controller_dag.py for tasks to queue
[2026-05-10T19:06:42.662+0000] {logging_mixin.py:188} INFO - [2026-05-10T19:06:42.661+0000] {dagbag.py:545} INFO - Filling up the DagBag from /home/airflow/.local/lib/python3.12/site-packages/airflow/example_dags/example_trigger_controller_dag.py
[2026-05-10T19:06:42.671+0000] {processor.py:840} INFO - DAG(s) 'example_trigger_controller_dag' retrieved from /home/airflow/.local/lib/python3.12/site-packages/airflow/example_dags/example_trigger_controller_dag.py
[2026-05-10T19:06:42.707+0000] {logging_mixin.py:188} INFO - [2026-05-10T19:06:42.706+0000] {dag.py:3089} INFO - Sync 1 DAGs
[2026-05-10T19:06:42.739+0000] {logging_mixin.py:188} INFO - [2026-05-10T19:06:42.739+0000] {dag.py:3947} INFO - Setting next_dagrun for example_trigger_controller_dag to 2021-01-01 00:00:00+00:00, run_after=2021-01-01 00:00:00+00:00
[2026-05-10T19:06:42.782+0000] {processor.py:183} INFO - Processing /home/airflow/.local/lib/python3.12/site-packages/airflow/example_dags/example_trigger_controller_dag.py took 0.136 seconds
[2026-05-10T19:07:13.446+0000] {processor.py:161} INFO - Started process (PID=54458) to work on /home/airflow/.local/lib/python3.12/site-packages/airflow/example_dags/example_trigger_controller_dag.py
[2026-05-10T19:07:13.453+0000] {processor.py:830} INFO - Processing file /home/airflow/.local/lib/python3.12/site-packages/airflow/example_dags/example_trigger_controller_dag.py for tasks to queue
[2026-05-10T19:07:13.455+0000] {logging_mixin.py:188} INFO - [2026-05-10T19:07:13.455+0000] {dagbag.py:545} INFO - Filling up the DagBag from /home/airflow/.local/lib/python3.12/site-packages/airflow/example_dags/example_trigger_controller_dag.py
[2026-05-10T19:07:13.468+0000] {processor.py:840} INFO - DAG(s) 'example_trigger_controller_dag' retrieved from /home/airflow/.local/lib/python3.12/site-packages/airflow/example_dags/example_trigger_controller_dag.py
[2026-05-10T19:07:13.507+0000] {logging_mixin.py:188} INFO - [2026-05-10T19:07:13.507+0000] {dag.py:3089} INFO - Sync 1 DAGs
[2026-05-10T19:07:13.539+0000] {logging_mixin.py:188} INFO - [2026-05-10T19:07:13.539+0000] {dag.py:3947} INFO - Setting next_dagrun for example_trigger_controller_dag to 2021-01-01 00:00:00+00:00, run_after=2021-01-01 00:00:00+00:00
[2026-05-10T19:07:13.600+0000] {processor.py:183} INFO - Processing /home/airflow/.local/lib/python3.12/site-packages/airflow/example_dags/example_trigger_controller_dag.py took 0.164 seconds
[2026-05-10T19:07:43.819+0000] {processor.py:161} INFO - Started process (PID=54526) to work on /home/airflow/.local/lib/python3.12/site-packages/airflow/example_dags/example_trigger_controller_dag.py
[2026-05-10T19:07:43.823+0000] {processor.py:830} INFO - Processing file /home/airflow/.local/lib/python3.12/site-packages/airflow/example_dags/example_trigger_controller_dag.py for tasks to queue
[2026-05-10T19:07:43.826+0000] {logging_mixin.py:188} INFO - [2026-05-10T19:07:43.825+0000] {dagbag.py:545} INFO - Filling up the DagBag from /home/airflow/.local/lib/python3.12/site-packages/airflow/example_dags/example_trigger_controller_dag.py
[2026-05-10T19:07:43.837+0000] {processor.py:840} INFO - DAG(s) 'example_trigger_controller_dag' retrieved from /home/airflow/.local/lib/python3.12/site-packages/airflow/example_dags/example_trigger_controller_dag.py
[2026-05-10T19:07:43.878+0000] {logging_mixin.py:188} INFO - [2026-05-10T19:07:43.877+0000] {dag.py:3089} INFO - Sync 1 DAGs
[2026-05-10T19:07:43.912+0000] {logging_mixin.py:188} INFO - [2026-05-10T19:07:43.912+0000] {dag.py:3947} INFO - Setting next_dagrun for example_trigger_controller_dag to 2021-01-01 00:00:00+00:00, run_after=2021-01-01 00:00:00+00:00
[2026-05-10T19:07:43.979+0000] {processor.py:183} INFO - Processing /home/airflow/.local/lib/python3.12/site-packages/airflow/example_dags/example_trigger_controller_dag.py took 0.169 seconds
[2026-05-10T19:08:14.607+0000] {processor.py:161} INFO - Started process (PID=54594) to work on /home/airflow/.local/lib/python3.12/site-packages/airflow/example_dags/example_trigger_controller_dag.py
[2026-05-10T19:08:14.611+0000] {processor.py:830} INFO - Processing file /home/airflow/.local/lib/python3.12/site-packages/airflow/example_dags/example_trigger_controller_dag.py for tasks to queue
[2026-05-10T19:08:14.613+0000] {logging_mixin.py:188} INFO - [2026-05-10T19:08:14.613+0000] {dagbag.py:545} INFO - Filling up the DagBag from /home/airflow/.local/lib/python3.12/site-packages/airflow/example_dags/example_trigger_controller_dag.py
[2026-05-10T19:08:14.626+0000] {processor.py:840} INFO - DAG(s) 'example_trigger_controller_dag' retrieved from /home/airflow/.local/lib/python3.12/site-packages/airflow/example_dags/example_trigger_controller_dag.py
[2026-05-10T19:08:14.669+0000] {logging_mixin.py:188} INFO - [2026-05-10T19:08:14.668+0000] {dag.py:3089} INFO - Sync 1 DAGs
[2026-05-10T19:08:14.711+0000] {logging_mixin.py:188} INFO - [2026-05-10T19:08:14.711+0000] {dag.py:3947} INFO - Setting next_dagrun for example_trigger_controller_dag to 2021-01-01 00:00:00+00:00, run_after=2021-01-01 00:00:00+00:00
[2026-05-10T19:08:14.783+0000] {processor.py:183} INFO - Processing /home/airflow/.local/lib/python3.12/site-packages/airflow/example_dags/example_trigger_controller_dag.py took 0.187 seconds
[2026-05-10T19:08:45.095+0000] {processor.py:161} INFO - Started process (PID=54669) to work on /home/airflow/.local/lib/python3.12/site-packages/airflow/example_dags/example_trigger_controller_dag.py
[2026-05-10T19:08:45.097+0000] {processor.py:830} INFO - Processing file /home/airflow/.local/lib/python3.12/site-packages/airflow/example_dags/example_trigger_controller_dag.py for tasks to queue
[2026-05-10T19:08:45.099+0000] {logging_mixin.py:188} INFO - [2026-05-10T19:08:45.098+0000] {dagbag.py:545} INFO - Filling up the DagBag from /home/airflow/.local/lib/python3.12/site-packages/airflow/example_dags/example_trigger_controller_dag.py
[2026-05-10T19:08:45.107+0000] {processor.py:840} INFO - DAG(s) 'example_trigger_controller_dag' retrieved from /home/airflow/.local/lib/python3.12/site-packages/airflow/example_dags/example_trigger_controller_dag.py
[2026-05-10T19:08:45.152+0000] {logging_mixin.py:188} INFO - [2026-05-10T19:08:45.152+0000] {dag.py:3089} INFO - Sync 1 DAGs
[2026-05-10T19:08:45.195+0000] {logging_mixin.py:188} INFO - [2026-05-10T19:08:45.194+0000] {dag.py:3947} INFO - Setting next_dagrun for example_trigger_controller_dag to 2021-01-01 00:00:00+00:00, run_after=2021-01-01 00:00:00+00:00
[2026-05-10T19:08:45.258+0000] {processor.py:183} INFO - Processing /home/airflow/.local/lib/python3.12/site-packages/airflow/example_dags/example_trigger_controller_dag.py took 0.175 seconds
[2026-05-10T19:09:15.417+0000] {processor.py:161} INFO - Started process (PID=54737) to work on /home/airflow/.local/lib/python3.12/site-packages/airflow/example_dags/example_trigger_controller_dag.py
[2026-05-10T19:09:15.418+0000] {processor.py:830} INFO - Processing file /home/airflow/.local/lib/python3.12/site-packages/airflow/example_dags/example_trigger_controller_dag.py for tasks to queue
[2026-05-10T19:09:15.420+0000] {logging_mixin.py:188} INFO - [2026-05-10T19:09:15.420+0000] {dagbag.py:545} INFO - Filling up the DagBag from /home/airflow/.local/lib/python3.12/site-packages/airflow/example_dags/example_trigger_controller_dag.py
[2026-05-10T19:09:15.429+0000] {processor.py:840} INFO - DAG(s) 'example_trigger_controller_dag' retrieved from /home/airflow/.local/lib/python3.12/site-packages/airflow/example_dags/example_trigger_controller_dag.py
[2026-05-10T19:09:15.465+0000] {logging_mixin.py:188} INFO - [2026-05-10T19:09:15.464+0000] {dag.py:3089} INFO - Sync 1 DAGs
[2026-05-10T19:09:15.494+0000] {logging_mixin.py:188} INFO - [2026-05-10T19:09:15.493+0000] {dag.py:3947} INFO - Setting next_dagrun for example_trigger_controller_dag to 2021-01-01 00:00:00+00:00, run_after=2021-01-01 00:00:00+00:00
[2026-05-10T19:09:15.553+0000] {processor.py:183} INFO - Processing /home/airflow/.local/lib/python3.12/site-packages/airflow/example_dags/example_trigger_controller_dag.py took 0.145 seconds
[2026-05-10T19:09:46.121+0000] {processor.py:161} INFO - Started process (PID=54805) to work on /home/airflow/.local/lib/python3.12/site-packages/airflow/example_dags/example_trigger_controller_dag.py
[2026-05-10T19:09:46.123+0000] {processor.py:830} INFO - Processing file /home/airflow/.local/lib/python3.12/site-packages/airflow/example_dags/example_trigger_controller_dag.py for tasks to queue
[2026-05-10T19:09:46.126+0000] {logging_mixin.py:188} INFO - [2026-05-10T19:09:46.125+0000] {dagbag.py:545} INFO - Filling up the DagBag from /home/airflow/.local/lib/python3.12/site-packages/airflow/example_dags/example_trigger_controller_dag.py
[2026-05-10T19:09:46.137+0000] {processor.py:840} INFO - DAG(s) 'example_trigger_controller_dag' retrieved from /home/airflow/.local/lib/python3.12/site-packages/airflow/example_dags/example_trigger_controller_dag.py
[2026-05-10T19:09:46.178+0000] {logging_mixin.py:188} INFO - [2026-05-10T19:09:46.177+0000] {dag.py:3089} INFO - Sync 1 DAGs
[2026-05-10T19:09:46.213+0000] {logging_mixin.py:188} INFO - [2026-05-10T19:09:46.213+0000] {dag.py:3947} INFO - Setting next_dagrun for example_trigger_controller_dag to 2021-01-01 00:00:00+00:00, run_after=2021-01-01 00:00:00+00:00
[2026-05-10T19:09:46.401+0000] {processor.py:183} INFO - Processing /home/airflow/.local/lib/python3.12/site-packages/airflow/example_dags/example_trigger_controller_dag.py took 0.294 seconds
[2026-05-10T19:10:16.536+0000] {processor.py:161} INFO - Started process (PID=54873) to work on /home/airflow/.local/lib/python3.12/site-packages/airflow/example_dags/example_trigger_controller_dag.py
[2026-05-10T19:10:16.540+0000] {processor.py:830} INFO - Processing file /home/airflow/.local/lib/python3.12/site-packages/airflow/example_dags/example_trigger_controller_dag.py for tasks to queue
[2026-05-10T19:10:16.543+0000] {logging_mixin.py:188} INFO - [2026-05-10T19:10:16.542+0000] {dagbag.py:545} INFO - Filling up the DagBag from /home/airflow/.local/lib/python3.12/site-packages/airflow/example_dags/example_trigger_controller_dag.py
[2026-05-10T19:10:16.555+0000] {processor.py:840} INFO - DAG(s) 'example_trigger_controller_dag' retrieved from /home/airflow/.local/lib/python3.12/site-packages/airflow/example_dags/example_trigger_controller_dag.py
[2026-05-10T19:10:16.609+0000] {logging_mixin.py:188} INFO - [2026-05-10T19:10:16.608+0000] {dag.py:3089} INFO - Sync 1 DAGs
[2026-05-10T19:10:16.654+0000] {logging_mixin.py:188} INFO - [2026-05-10T19:10:16.654+0000] {dag.py:3947} INFO - Setting next_dagrun for example_trigger_controller_dag to 2021-01-01 00:00:00+00:00, run_after=2021-01-01 00:00:00+00:00
[2026-05-10T19:10:16.732+0000] {processor.py:183} INFO - Processing /home/airflow/.local/lib/python3.12/site-packages/airflow/example_dags/example_trigger_controller_dag.py took 0.211 seconds
[2026-05-10T19:10:46.921+0000] {processor.py:161} INFO - Started process (PID=54941) to work on /home/airflow/.local/lib/python3.12/site-packages/airflow/example_dags/example_trigger_controller_dag.py
[2026-05-10T19:10:46.923+0000] {processor.py:830} INFO - Processing file /home/airflow/.local/lib/python3.12/site-packages/airflow/example_dags/example_trigger_controller_dag.py for tasks to queue
[2026-05-10T19:10:46.927+0000] {logging_mixin.py:188} INFO - [2026-05-10T19:10:46.926+0000] {dagbag.py:545} INFO - Filling up the DagBag from /home/airflow/.local/lib/python3.12/site-packages/airflow/example_dags/example_trigger_controller_dag.py
[2026-05-10T19:10:46.936+0000] {processor.py:840} INFO - DAG(s) 'example_trigger_controller_dag' retrieved from /home/airflow/.local/lib/python3.12/site-packages/airflow/example_dags/example_trigger_controller_dag.py
[2026-05-10T19:10:46.978+0000] {logging_mixin.py:188} INFO - [2026-05-10T19:10:46.978+0000] {dag.py:3089} INFO - Sync 1 DAGs
[2026-05-10T19:10:47.013+0000] {logging_mixin.py:188} INFO - [2026-05-10T19:10:47.013+0000] {dag.py:3947} INFO - Setting next_dagrun for example_trigger_controller_dag to 2021-01-01 00:00:00+00:00, run_after=2021-01-01 00:00:00+00:00
[2026-05-10T19:10:47.072+0000] {processor.py:183} INFO - Processing /home/airflow/.local/lib/python3.12/site-packages/airflow/example_dags/example_trigger_controller_dag.py took 0.161 seconds
[2026-05-10T19:11:17.291+0000] {processor.py:161} INFO - Started process (PID=55009) to work on /home/airflow/.local/lib/python3.12/site-packages/airflow/example_dags/example_trigger_controller_dag.py
[2026-05-10T19:11:17.294+0000] {processor.py:830} INFO - Processing file /home/airflow/.local/lib/python3.12/site-packages/airflow/example_dags/example_trigger_controller_dag.py for tasks to queue
[2026-05-10T19:11:17.296+0000] {logging_mixin.py:188} INFO - [2026-05-10T19:11:17.295+0000] {dagbag.py:545} INFO - Filling up the DagBag from /home/airflow/.local/lib/python3.12/site-packages/airflow/example_dags/example_trigger_controller_dag.py
[2026-05-10T19:11:17.310+0000] {processor.py:840} INFO - DAG(s) 'example_trigger_controller_dag' retrieved from /home/airflow/.local/lib/python3.12/site-packages/airflow/example_dags/example_trigger_controller_dag.py
[2026-05-10T19:11:17.359+0000] {logging_mixin.py:188} INFO - [2026-05-10T19:11:17.358+0000] {dag.py:3089} INFO - Sync 1 DAGs
[2026-05-10T19:11:17.404+0000] {logging_mixin.py:188} INFO - [2026-05-10T19:11:17.403+0000] {dag.py:3947} INFO - Setting next_dagrun for example_trigger_controller_dag to 2021-01-01 00:00:00+00:00, run_after=2021-01-01 00:00:00+00:00
[2026-05-10T19:11:17.472+0000] {processor.py:183} INFO - Processing /home/airflow/.local/lib/python3.12/site-packages/airflow/example_dags/example_trigger_controller_dag.py took 0.196 seconds
[2026-05-10T19:11:48.016+0000] {processor.py:161} INFO - Started process (PID=55077) to work on /home/airflow/.local/lib/python3.12/site-packages/airflow/example_dags/example_trigger_controller_dag.py
[2026-05-10T19:11:48.021+0000] {processor.py:830} INFO - Processing file /home/airflow/.local/lib/python3.12/site-packages/airflow/example_dags/example_trigger_controller_dag.py for tasks to queue
[2026-05-10T19:11:48.026+0000] {logging_mixin.py:188} INFO - [2026-05-10T19:11:48.025+0000] {dagbag.py:545} INFO - Filling up the DagBag from /home/airflow/.local/lib/python3.12/site-packages/airflow/example_dags/example_trigger_controller_dag.py
[2026-05-10T19:11:48.038+0000] {processor.py:840} INFO - DAG(s) 'example_trigger_controller_dag' retrieved from /home/airflow/.local/lib/python3.12/site-packages/airflow/example_dags/example_trigger_controller_dag.py
[2026-05-10T19:11:48.084+0000] {logging_mixin.py:188} INFO - [2026-05-10T19:11:48.083+0000] {dag.py:3089} INFO - Sync 1 DAGs
[2026-05-10T19:11:48.127+0000] {logging_mixin.py:188} INFO - [2026-05-10T19:11:48.127+0000] {dag.py:3947} INFO - Setting next_dagrun for example_trigger_controller_dag to 2021-01-01 00:00:00+00:00, run_after=2021-01-01 00:00:00+00:00
[2026-05-10T19:11:48.197+0000] {processor.py:183} INFO - Processing /home/airflow/.local/lib/python3.12/site-packages/airflow/example_dags/example_trigger_controller_dag.py took 0.196 seconds
[2026-05-10T19:12:18.373+0000] {processor.py:161} INFO - Started process (PID=55145) to work on /home/airflow/.local/lib/python3.12/site-packages/airflow/example_dags/example_trigger_controller_dag.py
[2026-05-10T19:12:18.376+0000] {processor.py:830} INFO - Processing file /home/airflow/.local/lib/python3.12/site-packages/airflow/example_dags/example_trigger_controller_dag.py for tasks to queue
[2026-05-10T19:12:18.378+0000] {logging_mixin.py:188} INFO - [2026-05-10T19:12:18.378+0000] {dagbag.py:545} INFO - Filling up the DagBag from /home/airflow/.local/lib/python3.12/site-packages/airflow/example_dags/example_trigger_controller_dag.py
[2026-05-10T19:12:18.388+0000] {processor.py:840} INFO - DAG(s) 'example_trigger_controller_dag' retrieved from /home/airflow/.local/lib/python3.12/site-packages/airflow/example_dags/example_trigger_controller_dag.py
[2026-05-10T19:12:18.431+0000] {logging_mixin.py:188} INFO - [2026-05-10T19:12:18.430+0000] {dag.py:3089} INFO - Sync 1 DAGs
[2026-05-10T19:12:18.474+0000] {logging_mixin.py:188} INFO - [2026-05-10T19:12:18.473+0000] {dag.py:3947} INFO - Setting next_dagrun for example_trigger_controller_dag to 2021-01-01 00:00:00+00:00, run_after=2021-01-01 00:00:00+00:00
[2026-05-10T19:12:18.538+0000] {processor.py:183} INFO - Processing /home/airflow/.local/lib/python3.12/site-packages/airflow/example_dags/example_trigger_controller_dag.py took 0.176 seconds
[2026-05-10T19:12:48.776+0000] {processor.py:161} INFO - Started process (PID=55213) to work on /home/airflow/.local/lib/python3.12/site-packages/airflow/example_dags/example_trigger_controller_dag.py
[2026-05-10T19:12:48.778+0000] {processor.py:830} INFO - Processing file /home/airflow/.local/lib/python3.12/site-packages/airflow/example_dags/example_trigger_controller_dag.py for tasks to queue
[2026-05-10T19:12:48.781+0000] {logging_mixin.py:188} INFO - [2026-05-10T19:12:48.780+0000] {dagbag.py:545} INFO - Filling up the DagBag from /home/airflow/.local/lib/python3.12/site-packages/airflow/example_dags/example_trigger_controller_dag.py
[2026-05-10T19:12:48.788+0000] {processor.py:840} INFO - DAG(s) 'example_trigger_controller_dag' retrieved from /home/airflow/.local/lib/python3.12/site-packages/airflow/example_dags/example_trigger_controller_dag.py
[2026-05-10T19:12:48.827+0000] {logging_mixin.py:188} INFO - [2026-05-10T19:12:48.827+0000] {dag.py:3089} INFO - Sync 1 DAGs
[2026-05-10T19:12:48.861+0000] {logging_mixin.py:188} INFO - [2026-05-10T19:12:48.861+0000] {dag.py:3947} INFO - Setting next_dagrun for example_trigger_controller_dag to 2021-01-01 00:00:00+00:00, run_after=2021-01-01 00:00:00+00:00
[2026-05-10T19:12:48.937+0000] {processor.py:183} INFO - Processing /home/airflow/.local/lib/python3.12/site-packages/airflow/example_dags/example_trigger_controller_dag.py took 0.175 seconds
[2026-05-10T19:13:19.352+0000] {processor.py:161} INFO - Started process (PID=55288) to work on /home/airflow/.local/lib/python3.12/site-packages/airflow/example_dags/example_trigger_controller_dag.py
[2026-05-10T19:13:19.355+0000] {processor.py:830} INFO - Processing file /home/airflow/.local/lib/python3.12/site-packages/airflow/example_dags/example_trigger_controller_dag.py for tasks to queue
[2026-05-10T19:13:19.357+0000] {logging_mixin.py:188} INFO - [2026-05-10T19:13:19.357+0000] {dagbag.py:545} INFO - Filling up the DagBag from /home/airflow/.local/lib/python3.12/site-packages/airflow/example_dags/example_trigger_controller_dag.py
[2026-05-10T19:13:19.369+0000] {processor.py:840} INFO - DAG(s) 'example_trigger_controller_dag' retrieved from /home/airflow/.local/lib/python3.12/site-packages/airflow/example_dags/example_trigger_controller_dag.py
[2026-05-10T19:13:19.414+0000] {logging_mixin.py:188} INFO - [2026-05-10T19:13:19.414+0000] {dag.py:3089} INFO - Sync 1 DAGs
[2026-05-10T19:13:19.451+0000] {logging_mixin.py:188} INFO - [2026-05-10T19:13:19.451+0000] {dag.py:3947} INFO - Setting next_dagrun for example_trigger_controller_dag to 2021-01-01 00:00:00+00:00, run_after=2021-01-01 00:00:00+00:00
[2026-05-10T19:13:19.510+0000] {processor.py:183} INFO - Processing /home/airflow/.local/lib/python3.12/site-packages/airflow/example_dags/example_trigger_controller_dag.py took 0.173 seconds
[2026-05-10T19:13:49.736+0000] {processor.py:161} INFO - Started process (PID=55356) to work on /home/airflow/.local/lib/python3.12/site-packages/airflow/example_dags/example_trigger_controller_dag.py
[2026-05-10T19:13:49.738+0000] {processor.py:830} INFO - Processing file /home/airflow/.local/lib/python3.12/site-packages/airflow/example_dags/example_trigger_controller_dag.py for tasks to queue
[2026-05-10T19:13:49.740+0000] {logging_mixin.py:188} INFO - [2026-05-10T19:13:49.740+0000] {dagbag.py:545} INFO - Filling up the DagBag from /home/airflow/.local/lib/python3.12/site-packages/airflow/example_dags/example_trigger_controller_dag.py
[2026-05-10T19:13:49.750+0000] {processor.py:840} INFO - DAG(s) 'example_trigger_controller_dag' retrieved from /home/airflow/.local/lib/python3.12/site-packages/airflow/example_dags/example_trigger_controller_dag.py
[2026-05-10T19:13:49.790+0000] {logging_mixin.py:188} INFO - [2026-05-10T19:13:49.789+0000] {dag.py:3089} INFO - Sync 1 DAGs
[2026-05-10T19:13:49.826+0000] {logging_mixin.py:188} INFO - [2026-05-10T19:13:49.826+0000] {dag.py:3947} INFO - Setting next_dagrun for example_trigger_controller_dag to 2021-01-01 00:00:00+00:00, run_after=2021-01-01 00:00:00+00:00
[2026-05-10T19:13:49.892+0000] {processor.py:183} INFO - Processing /home/airflow/.local/lib/python3.12/site-packages/airflow/example_dags/example_trigger_controller_dag.py took 0.164 seconds
[2026-05-10T19:14:20.134+0000] {processor.py:161} INFO - Started process (PID=55424) to work on /home/airflow/.local/lib/python3.12/site-packages/airflow/example_dags/example_trigger_controller_dag.py
[2026-05-10T19:14:20.137+0000] {processor.py:830} INFO - Processing file /home/airflow/.local/lib/python3.12/site-packages/airflow/example_dags/example_trigger_controller_dag.py for tasks to queue
[2026-05-10T19:14:20.139+0000] {logging_mixin.py:188} INFO - [2026-05-10T19:14:20.139+0000] {dagbag.py:545} INFO - Filling up the DagBag from /home/airflow/.local/lib/python3.12/site-packages/airflow/example_dags/example_trigger_controller_dag.py
[2026-05-10T19:14:20.149+0000] {processor.py:840} INFO - DAG(s) 'example_trigger_controller_dag' retrieved from /home/airflow/.local/lib/python3.12/site-packages/airflow/example_dags/example_trigger_controller_dag.py
[2026-05-10T19:14:20.184+0000] {logging_mixin.py:188} INFO - [2026-05-10T19:14:20.183+0000] {dag.py:3089} INFO - Sync 1 DAGs
[2026-05-10T19:14:20.218+0000] {logging_mixin.py:188} INFO - [2026-05-10T19:14:20.217+0000] {dag.py:3947} INFO - Setting next_dagrun for example_trigger_controller_dag to 2021-01-01 00:00:00+00:00, run_after=2021-01-01 00:00:00+00:00
[2026-05-10T19:14:20.252+0000] {processor.py:183} INFO - Processing /home/airflow/.local/lib/python3.12/site-packages/airflow/example_dags/example_trigger_controller_dag.py took 0.128 seconds
[2026-05-10T19:14:50.479+0000] {processor.py:161} INFO - Started process (PID=55492) to work on /home/airflow/.local/lib/python3.12/site-packages/airflow/example_dags/example_trigger_controller_dag.py
[2026-05-10T19:14:50.481+0000] {processor.py:830} INFO - Processing file /home/airflow/.local/lib/python3.12/site-packages/airflow/example_dags/example_trigger_controller_dag.py for tasks to queue
[2026-05-10T19:14:50.483+0000] {logging_mixin.py:188} INFO - [2026-05-10T19:14:50.483+0000] {dagbag.py:545} INFO - Filling up the DagBag from /home/airflow/.local/lib/python3.12/site-packages/airflow/example_dags/example_trigger_controller_dag.py
[2026-05-10T19:14:50.492+0000] {processor.py:840} INFO - DAG(s) 'example_trigger_controller_dag' retrieved from /home/airflow/.local/lib/python3.12/site-packages/airflow/example_dags/example_trigger_controller_dag.py
[2026-05-10T19:14:50.532+0000] {logging_mixin.py:188} INFO - [2026-05-10T19:14:50.531+0000] {dag.py:3089} INFO - Sync 1 DAGs
[2026-05-10T19:14:50.562+0000] {logging_mixin.py:188} INFO - [2026-05-10T19:14:50.561+0000] {dag.py:3947} INFO - Setting next_dagrun for example_trigger_controller_dag to 2021-01-01 00:00:00+00:00, run_after=2021-01-01 00:00:00+00:00
[2026-05-10T19:14:50.622+0000] {processor.py:183} INFO - Processing /home/airflow/.local/lib/python3.12/site-packages/airflow/example_dags/example_trigger_controller_dag.py took 0.155 seconds
[2026-05-10T19:15:21.085+0000] {processor.py:161} INFO - Started process (PID=55560) to work on /home/airflow/.local/lib/python3.12/site-packages/airflow/example_dags/example_trigger_controller_dag.py
[2026-05-10T19:15:21.088+0000] {processor.py:830} INFO - Processing file /home/airflow/.local/lib/python3.12/site-packages/airflow/example_dags/example_trigger_controller_dag.py for tasks to queue
[2026-05-10T19:15:21.091+0000] {logging_mixin.py:188} INFO - [2026-05-10T19:15:21.090+0000] {dagbag.py:545} INFO - Filling up the DagBag from /home/airflow/.local/lib/python3.12/site-packages/airflow/example_dags/example_trigger_controller_dag.py
[2026-05-10T19:15:21.101+0000] {processor.py:840} INFO - DAG(s) 'example_trigger_controller_dag' retrieved from /home/airflow/.local/lib/python3.12/site-packages/airflow/example_dags/example_trigger_controller_dag.py
[2026-05-10T19:15:21.141+0000] {logging_mixin.py:188} INFO - [2026-05-10T19:15:21.141+0000] {dag.py:3089} INFO - Sync 1 DAGs
[2026-05-10T19:15:21.184+0000] {logging_mixin.py:188} INFO - [2026-05-10T19:15:21.184+0000] {dag.py:3947} INFO - Setting next_dagrun for example_trigger_controller_dag to 2021-01-01 00:00:00+00:00, run_after=2021-01-01 00:00:00+00:00
[2026-05-10T19:15:21.219+0000] {processor.py:183} INFO - Processing /home/airflow/.local/lib/python3.12/site-packages/airflow/example_dags/example_trigger_controller_dag.py took 0.147 seconds
[2026-05-10T19:15:51.478+0000] {processor.py:161} INFO - Started process (PID=55628) to work on /home/airflow/.local/lib/python3.12/site-packages/airflow/example_dags/example_trigger_controller_dag.py
[2026-05-10T19:15:51.480+0000] {processor.py:830} INFO - Processing file /home/airflow/.local/lib/python3.12/site-packages/airflow/example_dags/example_trigger_controller_dag.py for tasks to queue
[2026-05-10T19:15:51.482+0000] {logging_mixin.py:188} INFO - [2026-05-10T19:15:51.481+0000] {dagbag.py:545} INFO - Filling up the DagBag from /home/airflow/.local/lib/python3.12/site-packages/airflow/example_dags/example_trigger_controller_dag.py
[2026-05-10T19:15:51.493+0000] {processor.py:840} INFO - DAG(s) 'example_trigger_controller_dag' retrieved from /home/airflow/.local/lib/python3.12/site-packages/airflow/example_dags/example_trigger_controller_dag.py
[2026-05-10T19:15:51.536+0000] {logging_mixin.py:188} INFO - [2026-05-10T19:15:51.536+0000] {dag.py:3089} INFO - Sync 1 DAGs
[2026-05-10T19:15:51.573+0000] {logging_mixin.py:188} INFO - [2026-05-10T19:15:51.573+0000] {dag.py:3947} INFO - Setting next_dagrun for example_trigger_controller_dag to 2021-01-01 00:00:00+00:00, run_after=2021-01-01 00:00:00+00:00
[2026-05-10T19:15:51.923+0000] {processor.py:183} INFO - Processing /home/airflow/.local/lib/python3.12/site-packages/airflow/example_dags/example_trigger_controller_dag.py took 0.457 seconds
[2026-05-10T19:16:22.715+0000] {processor.py:161} INFO - Started process (PID=55696) to work on /home/airflow/.local/lib/python3.12/site-packages/airflow/example_dags/example_trigger_controller_dag.py
[2026-05-10T19:16:22.719+0000] {processor.py:830} INFO - Processing file /home/airflow/.local/lib/python3.12/site-packages/airflow/example_dags/example_trigger_controller_dag.py for tasks to queue
[2026-05-10T19:16:22.721+0000] {logging_mixin.py:188} INFO - [2026-05-10T19:16:22.721+0000] {dagbag.py:545} INFO - Filling up the DagBag from /home/airflow/.local/lib/python3.12/site-packages/airflow/example_dags/example_trigger_controller_dag.py
[2026-05-10T19:16:22.731+0000] {processor.py:840} INFO - DAG(s) 'example_trigger_controller_dag' retrieved from /home/airflow/.local/lib/python3.12/site-packages/airflow/example_dags/example_trigger_controller_dag.py
[2026-05-10T19:16:22.776+0000] {logging_mixin.py:188} INFO - [2026-05-10T19:16:22.775+0000] {dag.py:3089} INFO - Sync 1 DAGs
[2026-05-10T19:16:22.810+0000] {logging_mixin.py:188} INFO - [2026-05-10T19:16:22.809+0000] {dag.py:3947} INFO - Setting next_dagrun for example_trigger_controller_dag to 2021-01-01 00:00:00+00:00, run_after=2021-01-01 00:00:00+00:00
[2026-05-10T19:16:22.851+0000] {processor.py:183} INFO - Processing /home/airflow/.local/lib/python3.12/site-packages/airflow/example_dags/example_trigger_controller_dag.py took 0.146 seconds
[2026-05-10T19:16:53.123+0000] {processor.py:161} INFO - Started process (PID=55770) to work on /home/airflow/.local/lib/python3.12/site-packages/airflow/example_dags/example_trigger_controller_dag.py
[2026-05-10T19:16:53.127+0000] {processor.py:830} INFO - Processing file /home/airflow/.local/lib/python3.12/site-packages/airflow/example_dags/example_trigger_controller_dag.py for tasks to queue
[2026-05-10T19:16:53.128+0000] {logging_mixin.py:188} INFO - [2026-05-10T19:16:53.128+0000] {dagbag.py:545} INFO - Filling up the DagBag from /home/airflow/.local/lib/python3.12/site-packages/airflow/example_dags/example_trigger_controller_dag.py
[2026-05-10T19:16:53.136+0000] {processor.py:840} INFO - DAG(s) 'example_trigger_controller_dag' retrieved from /home/airflow/.local/lib/python3.12/site-packages/airflow/example_dags/example_trigger_controller_dag.py
[2026-05-10T19:16:53.175+0000] {logging_mixin.py:188} INFO - [2026-05-10T19:16:53.175+0000] {dag.py:3089} INFO - Sync 1 DAGs
[2026-05-10T19:16:53.207+0000] {logging_mixin.py:188} INFO - [2026-05-10T19:16:53.207+0000] {dag.py:3947} INFO - Setting next_dagrun for example_trigger_controller_dag to 2021-01-01 00:00:00+00:00, run_after=2021-01-01 00:00:00+00:00
[2026-05-10T19:16:53.270+0000] {processor.py:183} INFO - Processing /home/airflow/.local/lib/python3.12/site-packages/airflow/example_dags/example_trigger_controller_dag.py took 0.157 seconds
[2026-05-10T19:17:23.893+0000] {processor.py:161} INFO - Started process (PID=55838) to work on /home/airflow/.local/lib/python3.12/site-packages/airflow/example_dags/example_trigger_controller_dag.py
[2026-05-10T19:17:23.895+0000] {processor.py:830} INFO - Processing file /home/airflow/.local/lib/python3.12/site-packages/airflow/example_dags/example_trigger_controller_dag.py for tasks to queue
[2026-05-10T19:17:23.898+0000] {logging_mixin.py:188} INFO - [2026-05-10T19:17:23.897+0000] {dagbag.py:545} INFO - Filling up the DagBag from /home/airflow/.local/lib/python3.12/site-packages/airflow/example_dags/example_trigger_controller_dag.py
[2026-05-10T19:17:23.907+0000] {processor.py:840} INFO - DAG(s) 'example_trigger_controller_dag' retrieved from /home/airflow/.local/lib/python3.12/site-packages/airflow/example_dags/example_trigger_controller_dag.py
[2026-05-10T19:17:23.950+0000] {logging_mixin.py:188} INFO - [2026-05-10T19:17:23.950+0000] {dag.py:3089} INFO - Sync 1 DAGs
[2026-05-10T19:17:23.987+0000] {logging_mixin.py:188} INFO - [2026-05-10T19:17:23.986+0000] {dag.py:3947} INFO - Setting next_dagrun for example_trigger_controller_dag to 2021-01-01 00:00:00+00:00, run_after=2021-01-01 00:00:00+00:00
[2026-05-10T19:17:24.049+0000] {processor.py:183} INFO - Processing /home/airflow/.local/lib/python3.12/site-packages/airflow/example_dags/example_trigger_controller_dag.py took 0.168 seconds
[2026-05-10T19:17:54.524+0000] {processor.py:161} INFO - Started process (PID=55906) to work on /home/airflow/.local/lib/python3.12/site-packages/airflow/example_dags/example_trigger_controller_dag.py
[2026-05-10T19:17:54.537+0000] {processor.py:830} INFO - Processing file /home/airflow/.local/lib/python3.12/site-packages/airflow/example_dags/example_trigger_controller_dag.py for tasks to queue
[2026-05-10T19:17:54.546+0000] {logging_mixin.py:188} INFO - [2026-05-10T19:17:54.545+0000] {dagbag.py:545} INFO - Filling up the DagBag from /home/airflow/.local/lib/python3.12/site-packages/airflow/example_dags/example_trigger_controller_dag.py
[2026-05-10T19:17:54.560+0000] {processor.py:840} INFO - DAG(s) 'example_trigger_controller_dag' retrieved from /home/airflow/.local/lib/python3.12/site-packages/airflow/example_dags/example_trigger_controller_dag.py
[2026-05-10T19:17:54.604+0000] {logging_mixin.py:188} INFO - [2026-05-10T19:17:54.603+0000] {dag.py:3089} INFO - Sync 1 DAGs
[2026-05-10T19:17:54.636+0000] {logging_mixin.py:188} INFO - [2026-05-10T19:17:54.635+0000] {dag.py:3947} INFO - Setting next_dagrun for example_trigger_controller_dag to 2021-01-01 00:00:00+00:00, run_after=2021-01-01 00:00:00+00:00
[2026-05-10T19:17:55.027+0000] {processor.py:183} INFO - Processing /home/airflow/.local/lib/python3.12/site-packages/airflow/example_dags/example_trigger_controller_dag.py took 0.518 seconds
[2026-05-10T19:18:25.847+0000] {processor.py:161} INFO - Started process (PID=55974) to work on /home/airflow/.local/lib/python3.12/site-packages/airflow/example_dags/example_trigger_controller_dag.py
[2026-05-10T19:18:25.850+0000] {processor.py:830} INFO - Processing file /home/airflow/.local/lib/python3.12/site-packages/airflow/example_dags/example_trigger_controller_dag.py for tasks to queue
[2026-05-10T19:18:25.852+0000] {logging_mixin.py:188} INFO - [2026-05-10T19:18:25.852+0000] {dagbag.py:545} INFO - Filling up the DagBag from /home/airflow/.local/lib/python3.12/site-packages/airflow/example_dags/example_trigger_controller_dag.py
[2026-05-10T19:18:25.861+0000] {processor.py:840} INFO - DAG(s) 'example_trigger_controller_dag' retrieved from /home/airflow/.local/lib/python3.12/site-packages/airflow/example_dags/example_trigger_controller_dag.py
[2026-05-10T19:18:25.906+0000] {logging_mixin.py:188} INFO - [2026-05-10T19:18:25.906+0000] {dag.py:3089} INFO - Sync 1 DAGs
[2026-05-10T19:18:25.938+0000] {logging_mixin.py:188} INFO - [2026-05-10T19:18:25.937+0000] {dag.py:3947} INFO - Setting next_dagrun for example_trigger_controller_dag to 2021-01-01 00:00:00+00:00, run_after=2021-01-01 00:00:00+00:00
[2026-05-10T19:18:26.001+0000] {processor.py:183} INFO - Processing /home/airflow/.local/lib/python3.12/site-packages/airflow/example_dags/example_trigger_controller_dag.py took 0.167 seconds
[2026-05-10T19:18:56.536+0000] {processor.py:161} INFO - Started process (PID=56042) to work on /home/airflow/.local/lib/python3.12/site-packages/airflow/example_dags/example_trigger_controller_dag.py
[2026-05-10T19:18:56.538+0000] {processor.py:830} INFO - Processing file /home/airflow/.local/lib/python3.12/site-packages/airflow/example_dags/example_trigger_controller_dag.py for tasks to queue
[2026-05-10T19:18:56.540+0000] {logging_mixin.py:188} INFO - [2026-05-10T19:18:56.539+0000] {dagbag.py:545} INFO - Filling up the DagBag from /home/airflow/.local/lib/python3.12/site-packages/airflow/example_dags/example_trigger_controller_dag.py
[2026-05-10T19:18:56.550+0000] {processor.py:840} INFO - DAG(s) 'example_trigger_controller_dag' retrieved from /home/airflow/.local/lib/python3.12/site-packages/airflow/example_dags/example_trigger_controller_dag.py
[2026-05-10T19:18:56.587+0000] {logging_mixin.py:188} INFO - [2026-05-10T19:18:56.586+0000] {dag.py:3089} INFO - Sync 1 DAGs
[2026-05-10T19:18:56.619+0000] {logging_mixin.py:188} INFO - [2026-05-10T19:18:56.619+0000] {dag.py:3947} INFO - Setting next_dagrun for example_trigger_controller_dag to 2021-01-01 00:00:00+00:00, run_after=2021-01-01 00:00:00+00:00
[2026-05-10T19:18:56.652+0000] {processor.py:183} INFO - Processing /home/airflow/.local/lib/python3.12/site-packages/airflow/example_dags/example_trigger_controller_dag.py took 0.133 seconds
[2026-05-10T19:19:26.911+0000] {processor.py:161} INFO - Started process (PID=56110) to work on /home/airflow/.local/lib/python3.12/site-packages/airflow/example_dags/example_trigger_controller_dag.py
[2026-05-10T19:19:26.913+0000] {processor.py:830} INFO - Processing file /home/airflow/.local/lib/python3.12/site-packages/airflow/example_dags/example_trigger_controller_dag.py for tasks to queue
[2026-05-10T19:19:26.919+0000] {logging_mixin.py:188} INFO - [2026-05-10T19:19:26.918+0000] {dagbag.py:545} INFO - Filling up the DagBag from /home/airflow/.local/lib/python3.12/site-packages/airflow/example_dags/example_trigger_controller_dag.py
[2026-05-10T19:19:26.928+0000] {processor.py:840} INFO - DAG(s) 'example_trigger_controller_dag' retrieved from /home/airflow/.local/lib/python3.12/site-packages/airflow/example_dags/example_trigger_controller_dag.py
[2026-05-10T19:19:26.979+0000] {logging_mixin.py:188} INFO - [2026-05-10T19:19:26.978+0000] {dag.py:3089} INFO - Sync 1 DAGs
[2026-05-10T19:19:27.019+0000] {logging_mixin.py:188} INFO - [2026-05-10T19:19:27.018+0000] {dag.py:3947} INFO - Setting next_dagrun for example_trigger_controller_dag to 2021-01-01 00:00:00+00:00, run_after=2021-01-01 00:00:00+00:00
[2026-05-10T19:19:27.080+0000] {processor.py:183} INFO - Processing /home/airflow/.local/lib/python3.12/site-packages/airflow/example_dags/example_trigger_controller_dag.py took 0.180 seconds
[2026-05-10T19:19:57.350+0000] {processor.py:161} INFO - Started process (PID=56178) to work on /home/airflow/.local/lib/python3.12/site-packages/airflow/example_dags/example_trigger_controller_dag.py
[2026-05-10T19:19:57.363+0000] {processor.py:830} INFO - Processing file /home/airflow/.local/lib/python3.12/site-packages/airflow/example_dags/example_trigger_controller_dag.py for tasks to queue
[2026-05-10T19:19:57.366+0000] {logging_mixin.py:188} INFO - [2026-05-10T19:19:57.366+0000] {dagbag.py:545} INFO - Filling up the DagBag from /home/airflow/.local/lib/python3.12/site-packages/airflow/example_dags/example_trigger_controller_dag.py
[2026-05-10T19:19:57.376+0000] {processor.py:840} INFO - DAG(s) 'example_trigger_controller_dag' retrieved from /home/airflow/.local/lib/python3.12/site-packages/airflow/example_dags/example_trigger_controller_dag.py
[2026-05-10T19:19:57.413+0000] {logging_mixin.py:188} INFO - [2026-05-10T19:19:57.413+0000] {dag.py:3089} INFO - Sync 1 DAGs
[2026-05-10T19:19:57.446+0000] {logging_mixin.py:188} INFO - [2026-05-10T19:19:57.446+0000] {dag.py:3947} INFO - Setting next_dagrun for example_trigger_controller_dag to 2021-01-01 00:00:00+00:00, run_after=2021-01-01 00:00:00+00:00
[2026-05-10T19:19:57.505+0000] {processor.py:183} INFO - Processing /home/airflow/.local/lib/python3.12/site-packages/airflow/example_dags/example_trigger_controller_dag.py took 0.173 seconds
[2026-05-10T19:20:27.773+0000] {processor.py:161} INFO - Started process (PID=56246) to work on /home/airflow/.local/lib/python3.12/site-packages/airflow/example_dags/example_trigger_controller_dag.py
[2026-05-10T19:20:27.775+0000] {processor.py:830} INFO - Processing file /home/airflow/.local/lib/python3.12/site-packages/airflow/example_dags/example_trigger_controller_dag.py for tasks to queue
[2026-05-10T19:20:27.777+0000] {logging_mixin.py:188} INFO - [2026-05-10T19:20:27.776+0000] {dagbag.py:545} INFO - Filling up the DagBag from /home/airflow/.local/lib/python3.12/site-packages/airflow/example_dags/example_trigger_controller_dag.py
[2026-05-10T19:20:27.790+0000] {processor.py:840} INFO - DAG(s) 'example_trigger_controller_dag' retrieved from /home/airflow/.local/lib/python3.12/site-packages/airflow/example_dags/example_trigger_controller_dag.py
[2026-05-10T19:20:27.830+0000] {logging_mixin.py:188} INFO - [2026-05-10T19:20:27.829+0000] {dag.py:3089} INFO - Sync 1 DAGs
[2026-05-10T19:20:27.866+0000] {logging_mixin.py:188} INFO - [2026-05-10T19:20:27.865+0000] {dag.py:3947} INFO - Setting next_dagrun for example_trigger_controller_dag to 2021-01-01 00:00:00+00:00, run_after=2021-01-01 00:00:00+00:00
[2026-05-10T19:20:28.036+0000] {processor.py:183} INFO - Processing /home/airflow/.local/lib/python3.12/site-packages/airflow/example_dags/example_trigger_controller_dag.py took 0.273 seconds
[2026-05-10T19:20:58.472+0000] {processor.py:161} INFO - Started process (PID=56321) to work on /home/airflow/.local/lib/python3.12/site-packages/airflow/example_dags/example_trigger_controller_dag.py
[2026-05-10T19:20:58.474+0000] {processor.py:830} INFO - Processing file /home/airflow/.local/lib/python3.12/site-packages/airflow/example_dags/example_trigger_controller_dag.py for tasks to queue
[2026-05-10T19:20:58.478+0000] {logging_mixin.py:188} INFO - [2026-05-10T19:20:58.478+0000] {dagbag.py:545} INFO - Filling up the DagBag from /home/airflow/.local/lib/python3.12/site-packages/airflow/example_dags/example_trigger_controller_dag.py
[2026-05-10T19:20:58.487+0000] {processor.py:840} INFO - DAG(s) 'example_trigger_controller_dag' retrieved from /home/airflow/.local/lib/python3.12/site-packages/airflow/example_dags/example_trigger_controller_dag.py
[2026-05-10T19:20:58.522+0000] {logging_mixin.py:188} INFO - [2026-05-10T19:20:58.521+0000] {dag.py:3089} INFO - Sync 1 DAGs
[2026-05-10T19:20:58.569+0000] {logging_mixin.py:188} INFO - [2026-05-10T19:20:58.569+0000] {dag.py:3947} INFO - Setting next_dagrun for example_trigger_controller_dag to 2021-01-01 00:00:00+00:00, run_after=2021-01-01 00:00:00+00:00
[2026-05-10T19:20:58.841+0000] {processor.py:183} INFO - Processing /home/airflow/.local/lib/python3.12/site-packages/airflow/example_dags/example_trigger_controller_dag.py took 0.379 seconds
[2026-05-10T19:21:29.142+0000] {processor.py:161} INFO - Started process (PID=56388) to work on /home/airflow/.local/lib/python3.12/site-packages/airflow/example_dags/example_trigger_controller_dag.py
[2026-05-10T19:21:29.145+0000] {processor.py:830} INFO - Processing file /home/airflow/.local/lib/python3.12/site-packages/airflow/example_dags/example_trigger_controller_dag.py for tasks to queue
[2026-05-10T19:21:29.148+0000] {logging_mixin.py:188} INFO - [2026-05-10T19:21:29.147+0000] {dagbag.py:545} INFO - Filling up the DagBag from /home/airflow/.local/lib/python3.12/site-packages/airflow/example_dags/example_trigger_controller_dag.py
[2026-05-10T19:21:29.159+0000] {processor.py:840} INFO - DAG(s) 'example_trigger_controller_dag' retrieved from /home/airflow/.local/lib/python3.12/site-packages/airflow/example_dags/example_trigger_controller_dag.py
[2026-05-10T19:21:29.198+0000] {logging_mixin.py:188} INFO - [2026-05-10T19:21:29.197+0000] {dag.py:3089} INFO - Sync 1 DAGs
[2026-05-10T19:21:29.231+0000] {logging_mixin.py:188} INFO - [2026-05-10T19:21:29.230+0000] {dag.py:3947} INFO - Setting next_dagrun for example_trigger_controller_dag to 2021-01-01 00:00:00+00:00, run_after=2021-01-01 00:00:00+00:00
[2026-05-10T19:21:29.266+0000] {processor.py:183} INFO - Processing /home/airflow/.local/lib/python3.12/site-packages/airflow/example_dags/example_trigger_controller_dag.py took 0.135 seconds
[2026-05-10T19:21:59.819+0000] {processor.py:161} INFO - Started process (PID=56456) to work on /home/airflow/.local/lib/python3.12/site-packages/airflow/example_dags/example_trigger_controller_dag.py
[2026-05-10T19:21:59.822+0000] {processor.py:830} INFO - Processing file /home/airflow/.local/lib/python3.12/site-packages/airflow/example_dags/example_trigger_controller_dag.py for tasks to queue
[2026-05-10T19:21:59.824+0000] {logging_mixin.py:188} INFO - [2026-05-10T19:21:59.823+0000] {dagbag.py:545} INFO - Filling up the DagBag from /home/airflow/.local/lib/python3.12/site-packages/airflow/example_dags/example_trigger_controller_dag.py
[2026-05-10T19:21:59.838+0000] {processor.py:840} INFO - DAG(s) 'example_trigger_controller_dag' retrieved from /home/airflow/.local/lib/python3.12/site-packages/airflow/example_dags/example_trigger_controller_dag.py
[2026-05-10T19:21:59.876+0000] {logging_mixin.py:188} INFO - [2026-05-10T19:21:59.875+0000] {dag.py:3089} INFO - Sync 1 DAGs
[2026-05-10T19:21:59.909+0000] {logging_mixin.py:188} INFO - [2026-05-10T19:21:59.908+0000] {dag.py:3947} INFO - Setting next_dagrun for example_trigger_controller_dag to 2021-01-01 00:00:00+00:00, run_after=2021-01-01 00:00:00+00:00
[2026-05-10T19:21:59.976+0000] {processor.py:183} INFO - Processing /home/airflow/.local/lib/python3.12/site-packages/airflow/example_dags/example_trigger_controller_dag.py took 0.166 seconds
[2026-05-10T19:22:30.601+0000] {processor.py:161} INFO - Started process (PID=56524) to work on /home/airflow/.local/lib/python3.12/site-packages/airflow/example_dags/example_trigger_controller_dag.py
[2026-05-10T19:22:30.603+0000] {processor.py:830} INFO - Processing file /home/airflow/.local/lib/python3.12/site-packages/airflow/example_dags/example_trigger_controller_dag.py for tasks to queue
[2026-05-10T19:22:30.605+0000] {logging_mixin.py:188} INFO - [2026-05-10T19:22:30.605+0000] {dagbag.py:545} INFO - Filling up the DagBag from /home/airflow/.local/lib/python3.12/site-packages/airflow/example_dags/example_trigger_controller_dag.py
[2026-05-10T19:22:30.618+0000] {processor.py:840} INFO - DAG(s) 'example_trigger_controller_dag' retrieved from /home/airflow/.local/lib/python3.12/site-packages/airflow/example_dags/example_trigger_controller_dag.py
[2026-05-10T19:22:30.659+0000] {logging_mixin.py:188} INFO - [2026-05-10T19:22:30.659+0000] {dag.py:3089} INFO - Sync 1 DAGs
[2026-05-10T19:22:30.707+0000] {logging_mixin.py:188} INFO - [2026-05-10T19:22:30.706+0000] {dag.py:3947} INFO - Setting next_dagrun for example_trigger_controller_dag to 2021-01-01 00:00:00+00:00, run_after=2021-01-01 00:00:00+00:00
[2026-05-10T19:22:30.779+0000] {processor.py:183} INFO - Processing /home/airflow/.local/lib/python3.12/site-packages/airflow/example_dags/example_trigger_controller_dag.py took 0.189 seconds
[2026-05-10T19:23:01.420+0000] {processor.py:161} INFO - Started process (PID=56592) to work on /home/airflow/.local/lib/python3.12/site-packages/airflow/example_dags/example_trigger_controller_dag.py
[2026-05-10T19:23:01.422+0000] {processor.py:830} INFO - Processing file /home/airflow/.local/lib/python3.12/site-packages/airflow/example_dags/example_trigger_controller_dag.py for tasks to queue
[2026-05-10T19:23:01.424+0000] {logging_mixin.py:188} INFO - [2026-05-10T19:23:01.423+0000] {dagbag.py:545} INFO - Filling up the DagBag from /home/airflow/.local/lib/python3.12/site-packages/airflow/example_dags/example_trigger_controller_dag.py
[2026-05-10T19:23:01.433+0000] {processor.py:840} INFO - DAG(s) 'example_trigger_controller_dag' retrieved from /home/airflow/.local/lib/python3.12/site-packages/airflow/example_dags/example_trigger_controller_dag.py
[2026-05-10T19:23:01.472+0000] {logging_mixin.py:188} INFO - [2026-05-10T19:23:01.472+0000] {dag.py:3089} INFO - Sync 1 DAGs
[2026-05-10T19:23:01.507+0000] {logging_mixin.py:188} INFO - [2026-05-10T19:23:01.507+0000] {dag.py:3947} INFO - Setting next_dagrun for example_trigger_controller_dag to 2021-01-01 00:00:00+00:00, run_after=2021-01-01 00:00:00+00:00
[2026-05-10T19:23:01.676+0000] {processor.py:183} INFO - Processing /home/airflow/.local/lib/python3.12/site-packages/airflow/example_dags/example_trigger_controller_dag.py took 0.271 seconds
[2026-05-10T19:23:31.996+0000] {processor.py:161} INFO - Started process (PID=56660) to work on /home/airflow/.local/lib/python3.12/site-packages/airflow/example_dags/example_trigger_controller_dag.py
[2026-05-10T19:23:31.999+0000] {processor.py:830} INFO - Processing file /home/airflow/.local/lib/python3.12/site-packages/airflow/example_dags/example_trigger_controller_dag.py for tasks to queue
[2026-05-10T19:23:32.001+0000] {logging_mixin.py:188} INFO - [2026-05-10T19:23:32.001+0000] {dagbag.py:545} INFO - Filling up the DagBag from /home/airflow/.local/lib/python3.12/site-packages/airflow/example_dags/example_trigger_controller_dag.py
[2026-05-10T19:23:32.016+0000] {processor.py:840} INFO - DAG(s) 'example_trigger_controller_dag' retrieved from /home/airflow/.local/lib/python3.12/site-packages/airflow/example_dags/example_trigger_controller_dag.py
[2026-05-10T19:23:32.061+0000] {logging_mixin.py:188} INFO - [2026-05-10T19:23:32.061+0000] {dag.py:3089} INFO - Sync 1 DAGs
[2026-05-10T19:23:32.105+0000] {logging_mixin.py:188} INFO - [2026-05-10T19:23:32.104+0000] {dag.py:3947} INFO - Setting next_dagrun for example_trigger_controller_dag to 2021-01-01 00:00:00+00:00, run_after=2021-01-01 00:00:00+00:00
[2026-05-10T19:23:32.147+0000] {processor.py:183} INFO - Processing /home/airflow/.local/lib/python3.12/site-packages/airflow/example_dags/example_trigger_controller_dag.py took 0.163 seconds
[2026-05-10T19:24:02.432+0000] {processor.py:161} INFO - Started process (PID=56727) to work on /home/airflow/.local/lib/python3.12/site-packages/airflow/example_dags/example_trigger_controller_dag.py
[2026-05-10T19:24:02.433+0000] {processor.py:830} INFO - Processing file /home/airflow/.local/lib/python3.12/site-packages/airflow/example_dags/example_trigger_controller_dag.py for tasks to queue
[2026-05-10T19:24:02.436+0000] {logging_mixin.py:188} INFO - [2026-05-10T19:24:02.435+0000] {dagbag.py:545} INFO - Filling up the DagBag from /home/airflow/.local/lib/python3.12/site-packages/airflow/example_dags/example_trigger_controller_dag.py
[2026-05-10T19:24:02.446+0000] {processor.py:840} INFO - DAG(s) 'example_trigger_controller_dag' retrieved from /home/airflow/.local/lib/python3.12/site-packages/airflow/example_dags/example_trigger_controller_dag.py
[2026-05-10T19:24:02.486+0000] {logging_mixin.py:188} INFO - [2026-05-10T19:24:02.485+0000] {dag.py:3089} INFO - Sync 1 DAGs
[2026-05-10T19:24:02.521+0000] {logging_mixin.py:188} INFO - [2026-05-10T19:24:02.521+0000] {dag.py:3947} INFO - Setting next_dagrun for example_trigger_controller_dag to 2021-01-01 00:00:00+00:00, run_after=2021-01-01 00:00:00+00:00
[2026-05-10T19:24:02.579+0000] {processor.py:183} INFO - Processing /home/airflow/.local/lib/python3.12/site-packages/airflow/example_dags/example_trigger_controller_dag.py took 0.158 seconds
[2026-05-10T19:24:33.176+0000] {processor.py:161} INFO - Started process (PID=56802) to work on /home/airflow/.local/lib/python3.12/site-packages/airflow/example_dags/example_trigger_controller_dag.py
[2026-05-10T19:24:33.178+0000] {processor.py:830} INFO - Processing file /home/airflow/.local/lib/python3.12/site-packages/airflow/example_dags/example_trigger_controller_dag.py for tasks to queue
[2026-05-10T19:24:33.180+0000] {logging_mixin.py:188} INFO - [2026-05-10T19:24:33.179+0000] {dagbag.py:545} INFO - Filling up the DagBag from /home/airflow/.local/lib/python3.12/site-packages/airflow/example_dags/example_trigger_controller_dag.py
[2026-05-10T19:24:33.190+0000] {processor.py:840} INFO - DAG(s) 'example_trigger_controller_dag' retrieved from /home/airflow/.local/lib/python3.12/site-packages/airflow/example_dags/example_trigger_controller_dag.py
[2026-05-10T19:24:33.225+0000] {logging_mixin.py:188} INFO - [2026-05-10T19:24:33.225+0000] {dag.py:3089} INFO - Sync 1 DAGs
[2026-05-10T19:24:33.261+0000] {logging_mixin.py:188} INFO - [2026-05-10T19:24:33.260+0000] {dag.py:3947} INFO - Setting next_dagrun for example_trigger_controller_dag to 2021-01-01 00:00:00+00:00, run_after=2021-01-01 00:00:00+00:00
[2026-05-10T19:24:33.334+0000] {processor.py:183} INFO - Processing /home/airflow/.local/lib/python3.12/site-packages/airflow/example_dags/example_trigger_controller_dag.py took 0.167 seconds
[2026-05-10T19:25:03.706+0000] {processor.py:161} INFO - Started process (PID=56870) to work on /home/airflow/.local/lib/python3.12/site-packages/airflow/example_dags/example_trigger_controller_dag.py
[2026-05-10T19:25:03.708+0000] {processor.py:830} INFO - Processing file /home/airflow/.local/lib/python3.12/site-packages/airflow/example_dags/example_trigger_controller_dag.py for tasks to queue
[2026-05-10T19:25:03.711+0000] {logging_mixin.py:188} INFO - [2026-05-10T19:25:03.710+0000] {dagbag.py:545} INFO - Filling up the DagBag from /home/airflow/.local/lib/python3.12/site-packages/airflow/example_dags/example_trigger_controller_dag.py
[2026-05-10T19:25:03.722+0000] {processor.py:840} INFO - DAG(s) 'example_trigger_controller_dag' retrieved from /home/airflow/.local/lib/python3.12/site-packages/airflow/example_dags/example_trigger_controller_dag.py
[2026-05-10T19:25:03.761+0000] {logging_mixin.py:188} INFO - [2026-05-10T19:25:03.761+0000] {dag.py:3089} INFO - Sync 1 DAGs
[2026-05-10T19:25:03.801+0000] {logging_mixin.py:188} INFO - [2026-05-10T19:25:03.801+0000] {dag.py:3947} INFO - Setting next_dagrun for example_trigger_controller_dag to 2021-01-01 00:00:00+00:00, run_after=2021-01-01 00:00:00+00:00
[2026-05-10T19:25:03.838+0000] {processor.py:183} INFO - Processing /home/airflow/.local/lib/python3.12/site-packages/airflow/example_dags/example_trigger_controller_dag.py took 0.148 seconds
[2026-05-10T19:25:34.206+0000] {processor.py:161} INFO - Started process (PID=56938) to work on /home/airflow/.local/lib/python3.12/site-packages/airflow/example_dags/example_trigger_controller_dag.py
[2026-05-10T19:25:34.209+0000] {processor.py:830} INFO - Processing file /home/airflow/.local/lib/python3.12/site-packages/airflow/example_dags/example_trigger_controller_dag.py for tasks to queue
[2026-05-10T19:25:34.212+0000] {logging_mixin.py:188} INFO - [2026-05-10T19:25:34.211+0000] {dagbag.py:545} INFO - Filling up the DagBag from /home/airflow/.local/lib/python3.12/site-packages/airflow/example_dags/example_trigger_controller_dag.py
[2026-05-10T19:25:34.220+0000] {processor.py:840} INFO - DAG(s) 'example_trigger_controller_dag' retrieved from /home/airflow/.local/lib/python3.12/site-packages/airflow/example_dags/example_trigger_controller_dag.py
[2026-05-10T19:25:34.260+0000] {logging_mixin.py:188} INFO - [2026-05-10T19:25:34.259+0000] {dag.py:3089} INFO - Sync 1 DAGs
[2026-05-10T19:25:34.291+0000] {logging_mixin.py:188} INFO - [2026-05-10T19:25:34.291+0000] {dag.py:3947} INFO - Setting next_dagrun for example_trigger_controller_dag to 2021-01-01 00:00:00+00:00, run_after=2021-01-01 00:00:00+00:00
[2026-05-10T19:25:34.323+0000] {processor.py:183} INFO - Processing /home/airflow/.local/lib/python3.12/site-packages/airflow/example_dags/example_trigger_controller_dag.py took 0.128 seconds
[2026-05-10T19:26:04.889+0000] {processor.py:161} INFO - Started process (PID=57006) to work on /home/airflow/.local/lib/python3.12/site-packages/airflow/example_dags/example_trigger_controller_dag.py
[2026-05-10T19:26:04.891+0000] {processor.py:830} INFO - Processing file /home/airflow/.local/lib/python3.12/site-packages/airflow/example_dags/example_trigger_controller_dag.py for tasks to queue
[2026-05-10T19:26:04.900+0000] {logging_mixin.py:188} INFO - [2026-05-10T19:26:04.899+0000] {dagbag.py:545} INFO - Filling up the DagBag from /home/airflow/.local/lib/python3.12/site-packages/airflow/example_dags/example_trigger_controller_dag.py
[2026-05-10T19:26:04.909+0000] {processor.py:840} INFO - DAG(s) 'example_trigger_controller_dag' retrieved from /home/airflow/.local/lib/python3.12/site-packages/airflow/example_dags/example_trigger_controller_dag.py
[2026-05-10T19:26:04.960+0000] {logging_mixin.py:188} INFO - [2026-05-10T19:26:04.959+0000] {dag.py:3089} INFO - Sync 1 DAGs
[2026-05-10T19:26:04.994+0000] {logging_mixin.py:188} INFO - [2026-05-10T19:26:04.994+0000] {dag.py:3947} INFO - Setting next_dagrun for example_trigger_controller_dag to 2021-01-01 00:00:00+00:00, run_after=2021-01-01 00:00:00+00:00
[2026-05-10T19:26:05.060+0000] {processor.py:183} INFO - Processing /home/airflow/.local/lib/python3.12/site-packages/airflow/example_dags/example_trigger_controller_dag.py took 0.181 seconds
[2026-05-10T19:26:35.417+0000] {processor.py:161} INFO - Started process (PID=57072) to work on /home/airflow/.local/lib/python3.12/site-packages/airflow/example_dags/example_trigger_controller_dag.py
[2026-05-10T19:26:35.421+0000] {processor.py:830} INFO - Processing file /home/airflow/.local/lib/python3.12/site-packages/airflow/example_dags/example_trigger_controller_dag.py for tasks to queue
[2026-05-10T19:26:35.424+0000] {logging_mixin.py:188} INFO - [2026-05-10T19:26:35.423+0000] {dagbag.py:545} INFO - Filling up the DagBag from /home/airflow/.local/lib/python3.12/site-packages/airflow/example_dags/example_trigger_controller_dag.py
[2026-05-10T19:26:35.435+0000] {processor.py:840} INFO - DAG(s) 'example_trigger_controller_dag' retrieved from /home/airflow/.local/lib/python3.12/site-packages/airflow/example_dags/example_trigger_controller_dag.py
[2026-05-10T19:26:35.486+0000] {logging_mixin.py:188} INFO - [2026-05-10T19:26:35.485+0000] {dag.py:3089} INFO - Sync 1 DAGs
[2026-05-10T19:26:35.527+0000] {logging_mixin.py:188} INFO - [2026-05-10T19:26:35.526+0000] {dag.py:3947} INFO - Setting next_dagrun for example_trigger_controller_dag to 2021-01-01 00:00:00+00:00, run_after=2021-01-01 00:00:00+00:00
[2026-05-10T19:26:35.573+0000] {processor.py:183} INFO - Processing /home/airflow/.local/lib/python3.12/site-packages/airflow/example_dags/example_trigger_controller_dag.py took 0.166 seconds
[2026-05-10T19:27:06.231+0000] {processor.py:161} INFO - Started process (PID=57140) to work on /home/airflow/.local/lib/python3.12/site-packages/airflow/example_dags/example_trigger_controller_dag.py
[2026-05-10T19:27:06.233+0000] {processor.py:830} INFO - Processing file /home/airflow/.local/lib/python3.12/site-packages/airflow/example_dags/example_trigger_controller_dag.py for tasks to queue
[2026-05-10T19:27:06.234+0000] {logging_mixin.py:188} INFO - [2026-05-10T19:27:06.234+0000] {dagbag.py:545} INFO - Filling up the DagBag from /home/airflow/.local/lib/python3.12/site-packages/airflow/example_dags/example_trigger_controller_dag.py
[2026-05-10T19:27:06.246+0000] {processor.py:840} INFO - DAG(s) 'example_trigger_controller_dag' retrieved from /home/airflow/.local/lib/python3.12/site-packages/airflow/example_dags/example_trigger_controller_dag.py
[2026-05-10T19:27:06.316+0000] {logging_mixin.py:188} INFO - [2026-05-10T19:27:06.316+0000] {dag.py:3089} INFO - Sync 1 DAGs
[2026-05-10T19:27:06.349+0000] {logging_mixin.py:188} INFO - [2026-05-10T19:27:06.348+0000] {dag.py:3947} INFO - Setting next_dagrun for example_trigger_controller_dag to 2021-01-01 00:00:00+00:00, run_after=2021-01-01 00:00:00+00:00
[2026-05-10T19:27:06.384+0000] {processor.py:183} INFO - Processing /home/airflow/.local/lib/python3.12/site-packages/airflow/example_dags/example_trigger_controller_dag.py took 0.168 seconds
[2026-05-10T19:27:36.978+0000] {processor.py:161} INFO - Started process (PID=57208) to work on /home/airflow/.local/lib/python3.12/site-packages/airflow/example_dags/example_trigger_controller_dag.py
[2026-05-10T19:27:36.980+0000] {processor.py:830} INFO - Processing file /home/airflow/.local/lib/python3.12/site-packages/airflow/example_dags/example_trigger_controller_dag.py for tasks to queue
[2026-05-10T19:27:36.982+0000] {logging_mixin.py:188} INFO - [2026-05-10T19:27:36.981+0000] {dagbag.py:545} INFO - Filling up the DagBag from /home/airflow/.local/lib/python3.12/site-packages/airflow/example_dags/example_trigger_controller_dag.py
[2026-05-10T19:27:36.990+0000] {processor.py:840} INFO - DAG(s) 'example_trigger_controller_dag' retrieved from /home/airflow/.local/lib/python3.12/site-packages/airflow/example_dags/example_trigger_controller_dag.py
[2026-05-10T19:27:37.031+0000] {logging_mixin.py:188} INFO - [2026-05-10T19:27:37.030+0000] {dag.py:3089} INFO - Sync 1 DAGs
[2026-05-10T19:27:37.074+0000] {logging_mixin.py:188} INFO - [2026-05-10T19:27:37.074+0000] {dag.py:3947} INFO - Setting next_dagrun for example_trigger_controller_dag to 2021-01-01 00:00:00+00:00, run_after=2021-01-01 00:00:00+00:00
[2026-05-10T19:27:37.141+0000] {processor.py:183} INFO - Processing /home/airflow/.local/lib/python3.12/site-packages/airflow/example_dags/example_trigger_controller_dag.py took 0.173 seconds
[2026-05-10T19:28:07.419+0000] {processor.py:161} INFO - Started process (PID=57275) to work on /home/airflow/.local/lib/python3.12/site-packages/airflow/example_dags/example_trigger_controller_dag.py
[2026-05-10T19:28:07.421+0000] {processor.py:830} INFO - Processing file /home/airflow/.local/lib/python3.12/site-packages/airflow/example_dags/example_trigger_controller_dag.py for tasks to queue
[2026-05-10T19:28:07.423+0000] {logging_mixin.py:188} INFO - [2026-05-10T19:28:07.422+0000] {dagbag.py:545} INFO - Filling up the DagBag from /home/airflow/.local/lib/python3.12/site-packages/airflow/example_dags/example_trigger_controller_dag.py
[2026-05-10T19:28:07.434+0000] {processor.py:840} INFO - DAG(s) 'example_trigger_controller_dag' retrieved from /home/airflow/.local/lib/python3.12/site-packages/airflow/example_dags/example_trigger_controller_dag.py
[2026-05-10T19:28:07.475+0000] {logging_mixin.py:188} INFO - [2026-05-10T19:28:07.474+0000] {dag.py:3089} INFO - Sync 1 DAGs
[2026-05-10T19:28:07.514+0000] {logging_mixin.py:188} INFO - [2026-05-10T19:28:07.514+0000] {dag.py:3947} INFO - Setting next_dagrun for example_trigger_controller_dag to 2021-01-01 00:00:00+00:00, run_after=2021-01-01 00:00:00+00:00
[2026-05-10T19:28:07.585+0000] {processor.py:183} INFO - Processing /home/airflow/.local/lib/python3.12/site-packages/airflow/example_dags/example_trigger_controller_dag.py took 0.177 seconds
[2026-05-10T19:28:38.096+0000] {processor.py:161} INFO - Started process (PID=57343) to work on /home/airflow/.local/lib/python3.12/site-packages/airflow/example_dags/example_trigger_controller_dag.py
[2026-05-10T19:28:38.101+0000] {processor.py:830} INFO - Processing file /home/airflow/.local/lib/python3.12/site-packages/airflow/example_dags/example_trigger_controller_dag.py for tasks to queue
[2026-05-10T19:28:38.107+0000] {logging_mixin.py:188} INFO - [2026-05-10T19:28:38.107+0000] {dagbag.py:545} INFO - Filling up the DagBag from /home/airflow/.local/lib/python3.12/site-packages/airflow/example_dags/example_trigger_controller_dag.py
[2026-05-10T19:28:38.117+0000] {processor.py:840} INFO - DAG(s) 'example_trigger_controller_dag' retrieved from /home/airflow/.local/lib/python3.12/site-packages/airflow/example_dags/example_trigger_controller_dag.py
[2026-05-10T19:28:38.160+0000] {logging_mixin.py:188} INFO - [2026-05-10T19:28:38.159+0000] {dag.py:3089} INFO - Sync 1 DAGs
[2026-05-10T19:28:38.202+0000] {logging_mixin.py:188} INFO - [2026-05-10T19:28:38.201+0000] {dag.py:3947} INFO - Setting next_dagrun for example_trigger_controller_dag to 2021-01-01 00:00:00+00:00, run_after=2021-01-01 00:00:00+00:00
[2026-05-10T19:28:38.265+0000] {processor.py:183} INFO - Processing /home/airflow/.local/lib/python3.12/site-packages/airflow/example_dags/example_trigger_controller_dag.py took 0.180 seconds
[2026-05-10T19:29:08.368+0000] {processor.py:161} INFO - Started process (PID=57417) to work on /home/airflow/.local/lib/python3.12/site-packages/airflow/example_dags/example_trigger_controller_dag.py
[2026-05-10T19:29:08.370+0000] {processor.py:830} INFO - Processing file /home/airflow/.local/lib/python3.12/site-packages/airflow/example_dags/example_trigger_controller_dag.py for tasks to queue
[2026-05-10T19:29:08.376+0000] {logging_mixin.py:188} INFO - [2026-05-10T19:29:08.375+0000] {dagbag.py:545} INFO - Filling up the DagBag from /home/airflow/.local/lib/python3.12/site-packages/airflow/example_dags/example_trigger_controller_dag.py
[2026-05-10T19:29:08.388+0000] {processor.py:840} INFO - DAG(s) 'example_trigger_controller_dag' retrieved from /home/airflow/.local/lib/python3.12/site-packages/airflow/example_dags/example_trigger_controller_dag.py
[2026-05-10T19:29:08.427+0000] {logging_mixin.py:188} INFO - [2026-05-10T19:29:08.427+0000] {dag.py:3089} INFO - Sync 1 DAGs
[2026-05-10T19:29:08.456+0000] {logging_mixin.py:188} INFO - [2026-05-10T19:29:08.456+0000] {dag.py:3947} INFO - Setting next_dagrun for example_trigger_controller_dag to 2021-01-01 00:00:00+00:00, run_after=2021-01-01 00:00:00+00:00
[2026-05-10T19:29:08.517+0000] {processor.py:183} INFO - Processing /home/airflow/.local/lib/python3.12/site-packages/airflow/example_dags/example_trigger_controller_dag.py took 0.160 seconds
[2026-05-10T19:29:38.800+0000] {processor.py:161} INFO - Started process (PID=57485) to work on /home/airflow/.local/lib/python3.12/site-packages/airflow/example_dags/example_trigger_controller_dag.py
[2026-05-10T19:29:38.803+0000] {processor.py:830} INFO - Processing file /home/airflow/.local/lib/python3.12/site-packages/airflow/example_dags/example_trigger_controller_dag.py for tasks to queue
[2026-05-10T19:29:38.808+0000] {logging_mixin.py:188} INFO - [2026-05-10T19:29:38.807+0000] {dagbag.py:545} INFO - Filling up the DagBag from /home/airflow/.local/lib/python3.12/site-packages/airflow/example_dags/example_trigger_controller_dag.py
[2026-05-10T19:29:38.817+0000] {processor.py:840} INFO - DAG(s) 'example_trigger_controller_dag' retrieved from /home/airflow/.local/lib/python3.12/site-packages/airflow/example_dags/example_trigger_controller_dag.py
[2026-05-10T19:29:38.876+0000] {logging_mixin.py:188} INFO - [2026-05-10T19:29:38.875+0000] {dag.py:3089} INFO - Sync 1 DAGs
[2026-05-10T19:29:38.916+0000] {logging_mixin.py:188} INFO - [2026-05-10T19:29:38.915+0000] {dag.py:3947} INFO - Setting next_dagrun for example_trigger_controller_dag to 2021-01-01 00:00:00+00:00, run_after=2021-01-01 00:00:00+00:00
[2026-05-10T19:29:38.953+0000] {processor.py:183} INFO - Processing /home/airflow/.local/lib/python3.12/site-packages/airflow/example_dags/example_trigger_controller_dag.py took 0.165 seconds
[2026-05-10T19:30:09.511+0000] {processor.py:161} INFO - Started process (PID=57554) to work on /home/airflow/.local/lib/python3.12/site-packages/airflow/example_dags/example_trigger_controller_dag.py
[2026-05-10T19:30:09.513+0000] {processor.py:830} INFO - Processing file /home/airflow/.local/lib/python3.12/site-packages/airflow/example_dags/example_trigger_controller_dag.py for tasks to queue
[2026-05-10T19:30:09.515+0000] {logging_mixin.py:188} INFO - [2026-05-10T19:30:09.514+0000] {dagbag.py:545} INFO - Filling up the DagBag from /home/airflow/.local/lib/python3.12/site-packages/airflow/example_dags/example_trigger_controller_dag.py
[2026-05-10T19:30:09.523+0000] {processor.py:840} INFO - DAG(s) 'example_trigger_controller_dag' retrieved from /home/airflow/.local/lib/python3.12/site-packages/airflow/example_dags/example_trigger_controller_dag.py
[2026-05-10T19:30:09.567+0000] {logging_mixin.py:188} INFO - [2026-05-10T19:30:09.566+0000] {dag.py:3089} INFO - Sync 1 DAGs
[2026-05-10T19:30:09.600+0000] {logging_mixin.py:188} INFO - [2026-05-10T19:30:09.600+0000] {dag.py:3947} INFO - Setting next_dagrun for example_trigger_controller_dag to 2021-01-01 00:00:00+00:00, run_after=2021-01-01 00:00:00+00:00
[2026-05-10T19:30:09.658+0000] {processor.py:183} INFO - Processing /home/airflow/.local/lib/python3.12/site-packages/airflow/example_dags/example_trigger_controller_dag.py took 0.159 seconds
[2026-05-10T19:30:40.015+0000] {processor.py:161} INFO - Started process (PID=57622) to work on /home/airflow/.local/lib/python3.12/site-packages/airflow/example_dags/example_trigger_controller_dag.py
[2026-05-10T19:30:40.018+0000] {processor.py:830} INFO - Processing file /home/airflow/.local/lib/python3.12/site-packages/airflow/example_dags/example_trigger_controller_dag.py for tasks to queue
[2026-05-10T19:30:40.021+0000] {logging_mixin.py:188} INFO - [2026-05-10T19:30:40.021+0000] {dagbag.py:545} INFO - Filling up the DagBag from /home/airflow/.local/lib/python3.12/site-packages/airflow/example_dags/example_trigger_controller_dag.py
[2026-05-10T19:30:40.037+0000] {processor.py:840} INFO - DAG(s) 'example_trigger_controller_dag' retrieved from /home/airflow/.local/lib/python3.12/site-packages/airflow/example_dags/example_trigger_controller_dag.py
[2026-05-10T19:30:40.082+0000] {logging_mixin.py:188} INFO - [2026-05-10T19:30:40.081+0000] {dag.py:3089} INFO - Sync 1 DAGs
[2026-05-10T19:30:40.118+0000] {logging_mixin.py:188} INFO - [2026-05-10T19:30:40.118+0000] {dag.py:3947} INFO - Setting next_dagrun for example_trigger_controller_dag to 2021-01-01 00:00:00+00:00, run_after=2021-01-01 00:00:00+00:00
[2026-05-10T19:30:40.182+0000] {processor.py:183} INFO - Processing /home/airflow/.local/lib/python3.12/site-packages/airflow/example_dags/example_trigger_controller_dag.py took 0.181 seconds
[2026-05-10T19:31:10.352+0000] {processor.py:161} INFO - Started process (PID=57690) to work on /home/airflow/.local/lib/python3.12/site-packages/airflow/example_dags/example_trigger_controller_dag.py
[2026-05-10T19:31:10.354+0000] {processor.py:830} INFO - Processing file /home/airflow/.local/lib/python3.12/site-packages/airflow/example_dags/example_trigger_controller_dag.py for tasks to queue
[2026-05-10T19:31:10.356+0000] {logging_mixin.py:188} INFO - [2026-05-10T19:31:10.355+0000] {dagbag.py:545} INFO - Filling up the DagBag from /home/airflow/.local/lib/python3.12/site-packages/airflow/example_dags/example_trigger_controller_dag.py
[2026-05-10T19:31:10.364+0000] {processor.py:840} INFO - DAG(s) 'example_trigger_controller_dag' retrieved from /home/airflow/.local/lib/python3.12/site-packages/airflow/example_dags/example_trigger_controller_dag.py
[2026-05-10T19:31:10.401+0000] {logging_mixin.py:188} INFO - [2026-05-10T19:31:10.400+0000] {dag.py:3089} INFO - Sync 1 DAGs
[2026-05-10T19:31:10.436+0000] {logging_mixin.py:188} INFO - [2026-05-10T19:31:10.436+0000] {dag.py:3947} INFO - Setting next_dagrun for example_trigger_controller_dag to 2021-01-01 00:00:00+00:00, run_after=2021-01-01 00:00:00+00:00
[2026-05-10T19:31:10.529+0000] {processor.py:183} INFO - Processing /home/airflow/.local/lib/python3.12/site-packages/airflow/example_dags/example_trigger_controller_dag.py took 0.189 seconds
[2026-05-10T19:31:40.802+0000] {processor.py:161} INFO - Started process (PID=57758) to work on /home/airflow/.local/lib/python3.12/site-packages/airflow/example_dags/example_trigger_controller_dag.py
[2026-05-10T19:31:40.805+0000] {processor.py:830} INFO - Processing file /home/airflow/.local/lib/python3.12/site-packages/airflow/example_dags/example_trigger_controller_dag.py for tasks to queue
[2026-05-10T19:31:40.807+0000] {logging_mixin.py:188} INFO - [2026-05-10T19:31:40.807+0000] {dagbag.py:545} INFO - Filling up the DagBag from /home/airflow/.local/lib/python3.12/site-packages/airflow/example_dags/example_trigger_controller_dag.py
[2026-05-10T19:31:40.817+0000] {processor.py:840} INFO - DAG(s) 'example_trigger_controller_dag' retrieved from /home/airflow/.local/lib/python3.12/site-packages/airflow/example_dags/example_trigger_controller_dag.py
[2026-05-10T19:31:40.859+0000] {logging_mixin.py:188} INFO - [2026-05-10T19:31:40.859+0000] {dag.py:3089} INFO - Sync 1 DAGs
[2026-05-10T19:31:40.893+0000] {logging_mixin.py:188} INFO - [2026-05-10T19:31:40.893+0000] {dag.py:3947} INFO - Setting next_dagrun for example_trigger_controller_dag to 2021-01-01 00:00:00+00:00, run_after=2021-01-01 00:00:00+00:00
[2026-05-10T19:31:40.929+0000] {processor.py:183} INFO - Processing /home/airflow/.local/lib/python3.12/site-packages/airflow/example_dags/example_trigger_controller_dag.py took 0.137 seconds
[2026-05-10T19:32:11.427+0000] {processor.py:161} INFO - Started process (PID=57826) to work on /home/airflow/.local/lib/python3.12/site-packages/airflow/example_dags/example_trigger_controller_dag.py
[2026-05-10T19:32:11.431+0000] {processor.py:830} INFO - Processing file /home/airflow/.local/lib/python3.12/site-packages/airflow/example_dags/example_trigger_controller_dag.py for tasks to queue
[2026-05-10T19:32:11.433+0000] {logging_mixin.py:188} INFO - [2026-05-10T19:32:11.433+0000] {dagbag.py:545} INFO - Filling up the DagBag from /home/airflow/.local/lib/python3.12/site-packages/airflow/example_dags/example_trigger_controller_dag.py
[2026-05-10T19:32:11.442+0000] {processor.py:840} INFO - DAG(s) 'example_trigger_controller_dag' retrieved from /home/airflow/.local/lib/python3.12/site-packages/airflow/example_dags/example_trigger_controller_dag.py
[2026-05-10T19:32:11.478+0000] {logging_mixin.py:188} INFO - [2026-05-10T19:32:11.478+0000] {dag.py:3089} INFO - Sync 1 DAGs
[2026-05-10T19:32:11.509+0000] {logging_mixin.py:188} INFO - [2026-05-10T19:32:11.509+0000] {dag.py:3947} INFO - Setting next_dagrun for example_trigger_controller_dag to 2021-01-01 00:00:00+00:00, run_after=2021-01-01 00:00:00+00:00
[2026-05-10T19:32:11.566+0000] {processor.py:183} INFO - Processing /home/airflow/.local/lib/python3.12/site-packages/airflow/example_dags/example_trigger_controller_dag.py took 0.149 seconds
[2026-05-10T19:32:41.836+0000] {processor.py:161} INFO - Started process (PID=57894) to work on /home/airflow/.local/lib/python3.12/site-packages/airflow/example_dags/example_trigger_controller_dag.py
[2026-05-10T19:32:41.838+0000] {processor.py:830} INFO - Processing file /home/airflow/.local/lib/python3.12/site-packages/airflow/example_dags/example_trigger_controller_dag.py for tasks to queue
[2026-05-10T19:32:41.840+0000] {logging_mixin.py:188} INFO - [2026-05-10T19:32:41.839+0000] {dagbag.py:545} INFO - Filling up the DagBag from /home/airflow/.local/lib/python3.12/site-packages/airflow/example_dags/example_trigger_controller_dag.py
[2026-05-10T19:32:41.851+0000] {processor.py:840} INFO - DAG(s) 'example_trigger_controller_dag' retrieved from /home/airflow/.local/lib/python3.12/site-packages/airflow/example_dags/example_trigger_controller_dag.py
[2026-05-10T19:32:41.903+0000] {logging_mixin.py:188} INFO - [2026-05-10T19:32:41.903+0000] {dag.py:3089} INFO - Sync 1 DAGs
[2026-05-10T19:32:41.939+0000] {logging_mixin.py:188} INFO - [2026-05-10T19:32:41.938+0000] {dag.py:3947} INFO - Setting next_dagrun for example_trigger_controller_dag to 2021-01-01 00:00:00+00:00, run_after=2021-01-01 00:00:00+00:00
[2026-05-10T19:32:42.004+0000] {processor.py:183} INFO - Processing /home/airflow/.local/lib/python3.12/site-packages/airflow/example_dags/example_trigger_controller_dag.py took 0.181 seconds
[2026-05-10T19:33:12.189+0000] {processor.py:161} INFO - Started process (PID=57969) to work on /home/airflow/.local/lib/python3.12/site-packages/airflow/example_dags/example_trigger_controller_dag.py
[2026-05-10T19:33:12.192+0000] {processor.py:830} INFO - Processing file /home/airflow/.local/lib/python3.12/site-packages/airflow/example_dags/example_trigger_controller_dag.py for tasks to queue
[2026-05-10T19:33:12.199+0000] {logging_mixin.py:188} INFO - [2026-05-10T19:33:12.197+0000] {dagbag.py:545} INFO - Filling up the DagBag from /home/airflow/.local/lib/python3.12/site-packages/airflow/example_dags/example_trigger_controller_dag.py
[2026-05-10T19:33:12.209+0000] {processor.py:840} INFO - DAG(s) 'example_trigger_controller_dag' retrieved from /home/airflow/.local/lib/python3.12/site-packages/airflow/example_dags/example_trigger_controller_dag.py
[2026-05-10T19:33:12.244+0000] {logging_mixin.py:188} INFO - [2026-05-10T19:33:12.243+0000] {dag.py:3089} INFO - Sync 1 DAGs
[2026-05-10T19:33:12.277+0000] {logging_mixin.py:188} INFO - [2026-05-10T19:33:12.276+0000] {dag.py:3947} INFO - Setting next_dagrun for example_trigger_controller_dag to 2021-01-01 00:00:00+00:00, run_after=2021-01-01 00:00:00+00:00
[2026-05-10T19:33:12.331+0000] {processor.py:183} INFO - Processing /home/airflow/.local/lib/python3.12/site-packages/airflow/example_dags/example_trigger_controller_dag.py took 0.150 seconds
[2026-05-10T19:33:43.084+0000] {processor.py:161} INFO - Started process (PID=58037) to work on /home/airflow/.local/lib/python3.12/site-packages/airflow/example_dags/example_trigger_controller_dag.py
[2026-05-10T19:33:43.086+0000] {processor.py:830} INFO - Processing file /home/airflow/.local/lib/python3.12/site-packages/airflow/example_dags/example_trigger_controller_dag.py for tasks to queue
[2026-05-10T19:33:43.088+0000] {logging_mixin.py:188} INFO - [2026-05-10T19:33:43.088+0000] {dagbag.py:545} INFO - Filling up the DagBag from /home/airflow/.local/lib/python3.12/site-packages/airflow/example_dags/example_trigger_controller_dag.py
[2026-05-10T19:33:43.100+0000] {processor.py:840} INFO - DAG(s) 'example_trigger_controller_dag' retrieved from /home/airflow/.local/lib/python3.12/site-packages/airflow/example_dags/example_trigger_controller_dag.py
[2026-05-10T19:33:43.146+0000] {logging_mixin.py:188} INFO - [2026-05-10T19:33:43.145+0000] {dag.py:3089} INFO - Sync 1 DAGs
[2026-05-10T19:33:43.187+0000] {logging_mixin.py:188} INFO - [2026-05-10T19:33:43.186+0000] {dag.py:3947} INFO - Setting next_dagrun for example_trigger_controller_dag to 2021-01-01 00:00:00+00:00, run_after=2021-01-01 00:00:00+00:00
[2026-05-10T19:33:43.253+0000] {processor.py:183} INFO - Processing /home/airflow/.local/lib/python3.12/site-packages/airflow/example_dags/example_trigger_controller_dag.py took 0.184 seconds
[2026-05-10T19:34:13.543+0000] {processor.py:161} INFO - Started process (PID=58105) to work on /home/airflow/.local/lib/python3.12/site-packages/airflow/example_dags/example_trigger_controller_dag.py
[2026-05-10T19:34:13.545+0000] {processor.py:830} INFO - Processing file /home/airflow/.local/lib/python3.12/site-packages/airflow/example_dags/example_trigger_controller_dag.py for tasks to queue
[2026-05-10T19:34:13.547+0000] {logging_mixin.py:188} INFO - [2026-05-10T19:34:13.547+0000] {dagbag.py:545} INFO - Filling up the DagBag from /home/airflow/.local/lib/python3.12/site-packages/airflow/example_dags/example_trigger_controller_dag.py
[2026-05-10T19:34:13.555+0000] {processor.py:840} INFO - DAG(s) 'example_trigger_controller_dag' retrieved from /home/airflow/.local/lib/python3.12/site-packages/airflow/example_dags/example_trigger_controller_dag.py
[2026-05-10T19:34:13.591+0000] {logging_mixin.py:188} INFO - [2026-05-10T19:34:13.591+0000] {dag.py:3089} INFO - Sync 1 DAGs
[2026-05-10T19:34:13.620+0000] {logging_mixin.py:188} INFO - [2026-05-10T19:34:13.619+0000] {dag.py:3947} INFO - Setting next_dagrun for example_trigger_controller_dag to 2021-01-01 00:00:00+00:00, run_after=2021-01-01 00:00:00+00:00
[2026-05-10T19:34:13.684+0000] {processor.py:183} INFO - Processing /home/airflow/.local/lib/python3.12/site-packages/airflow/example_dags/example_trigger_controller_dag.py took 0.155 seconds
[2026-05-10T19:34:44.107+0000] {processor.py:161} INFO - Started process (PID=58173) to work on /home/airflow/.local/lib/python3.12/site-packages/airflow/example_dags/example_trigger_controller_dag.py
[2026-05-10T19:34:44.108+0000] {processor.py:830} INFO - Processing file /home/airflow/.local/lib/python3.12/site-packages/airflow/example_dags/example_trigger_controller_dag.py for tasks to queue
[2026-05-10T19:34:44.133+0000] {logging_mixin.py:188} INFO - [2026-05-10T19:34:44.132+0000] {dagbag.py:545} INFO - Filling up the DagBag from /home/airflow/.local/lib/python3.12/site-packages/airflow/example_dags/example_trigger_controller_dag.py
[2026-05-10T19:34:44.148+0000] {processor.py:840} INFO - DAG(s) 'example_trigger_controller_dag' retrieved from /home/airflow/.local/lib/python3.12/site-packages/airflow/example_dags/example_trigger_controller_dag.py
[2026-05-10T19:34:44.184+0000] {logging_mixin.py:188} INFO - [2026-05-10T19:34:44.184+0000] {dag.py:3089} INFO - Sync 1 DAGs
[2026-05-10T19:34:44.220+0000] {logging_mixin.py:188} INFO - [2026-05-10T19:34:44.220+0000] {dag.py:3947} INFO - Setting next_dagrun for example_trigger_controller_dag to 2021-01-01 00:00:00+00:00, run_after=2021-01-01 00:00:00+00:00
[2026-05-10T19:34:44.261+0000] {processor.py:183} INFO - Processing /home/airflow/.local/lib/python3.12/site-packages/airflow/example_dags/example_trigger_controller_dag.py took 0.170 seconds
[2026-05-10T19:35:15.174+0000] {processor.py:161} INFO - Started process (PID=58241) to work on /home/airflow/.local/lib/python3.12/site-packages/airflow/example_dags/example_trigger_controller_dag.py
[2026-05-10T19:35:15.177+0000] {processor.py:830} INFO - Processing file /home/airflow/.local/lib/python3.12/site-packages/airflow/example_dags/example_trigger_controller_dag.py for tasks to queue
[2026-05-10T19:35:15.179+0000] {logging_mixin.py:188} INFO - [2026-05-10T19:35:15.179+0000] {dagbag.py:545} INFO - Filling up the DagBag from /home/airflow/.local/lib/python3.12/site-packages/airflow/example_dags/example_trigger_controller_dag.py
[2026-05-10T19:35:15.191+0000] {processor.py:840} INFO - DAG(s) 'example_trigger_controller_dag' retrieved from /home/airflow/.local/lib/python3.12/site-packages/airflow/example_dags/example_trigger_controller_dag.py
[2026-05-10T19:35:15.235+0000] {logging_mixin.py:188} INFO - [2026-05-10T19:35:15.234+0000] {dag.py:3089} INFO - Sync 1 DAGs
[2026-05-10T19:35:15.269+0000] {logging_mixin.py:188} INFO - [2026-05-10T19:35:15.269+0000] {dag.py:3947} INFO - Setting next_dagrun for example_trigger_controller_dag to 2021-01-01 00:00:00+00:00, run_after=2021-01-01 00:00:00+00:00
[2026-05-10T19:35:15.302+0000] {processor.py:183} INFO - Processing /home/airflow/.local/lib/python3.12/site-packages/airflow/example_dags/example_trigger_controller_dag.py took 0.143 seconds
[2026-05-10T19:35:45.676+0000] {processor.py:161} INFO - Started process (PID=58309) to work on /home/airflow/.local/lib/python3.12/site-packages/airflow/example_dags/example_trigger_controller_dag.py
[2026-05-10T19:35:45.678+0000] {processor.py:830} INFO - Processing file /home/airflow/.local/lib/python3.12/site-packages/airflow/example_dags/example_trigger_controller_dag.py for tasks to queue
[2026-05-10T19:35:45.683+0000] {logging_mixin.py:188} INFO - [2026-05-10T19:35:45.682+0000] {dagbag.py:545} INFO - Filling up the DagBag from /home/airflow/.local/lib/python3.12/site-packages/airflow/example_dags/example_trigger_controller_dag.py
[2026-05-10T19:35:45.693+0000] {processor.py:840} INFO - DAG(s) 'example_trigger_controller_dag' retrieved from /home/airflow/.local/lib/python3.12/site-packages/airflow/example_dags/example_trigger_controller_dag.py
[2026-05-10T19:35:45.739+0000] {logging_mixin.py:188} INFO - [2026-05-10T19:35:45.738+0000] {dag.py:3089} INFO - Sync 1 DAGs
[2026-05-10T19:35:45.777+0000] {logging_mixin.py:188} INFO - [2026-05-10T19:35:45.777+0000] {dag.py:3947} INFO - Setting next_dagrun for example_trigger_controller_dag to 2021-01-01 00:00:00+00:00, run_after=2021-01-01 00:00:00+00:00
[2026-05-10T19:35:45.839+0000] {processor.py:183} INFO - Processing /home/airflow/.local/lib/python3.12/site-packages/airflow/example_dags/example_trigger_controller_dag.py took 0.178 seconds
[2026-05-10T19:36:16.173+0000] {processor.py:161} INFO - Started process (PID=58377) to work on /home/airflow/.local/lib/python3.12/site-packages/airflow/example_dags/example_trigger_controller_dag.py
[2026-05-10T19:36:16.175+0000] {processor.py:830} INFO - Processing file /home/airflow/.local/lib/python3.12/site-packages/airflow/example_dags/example_trigger_controller_dag.py for tasks to queue
[2026-05-10T19:36:16.177+0000] {logging_mixin.py:188} INFO - [2026-05-10T19:36:16.176+0000] {dagbag.py:545} INFO - Filling up the DagBag from /home/airflow/.local/lib/python3.12/site-packages/airflow/example_dags/example_trigger_controller_dag.py
[2026-05-10T19:36:16.184+0000] {processor.py:840} INFO - DAG(s) 'example_trigger_controller_dag' retrieved from /home/airflow/.local/lib/python3.12/site-packages/airflow/example_dags/example_trigger_controller_dag.py
[2026-05-10T19:36:16.223+0000] {logging_mixin.py:188} INFO - [2026-05-10T19:36:16.222+0000] {dag.py:3089} INFO - Sync 1 DAGs
[2026-05-10T19:36:16.261+0000] {logging_mixin.py:188} INFO - [2026-05-10T19:36:16.260+0000] {dag.py:3947} INFO - Setting next_dagrun for example_trigger_controller_dag to 2021-01-01 00:00:00+00:00, run_after=2021-01-01 00:00:00+00:00
[2026-05-10T19:36:16.320+0000] {processor.py:183} INFO - Processing /home/airflow/.local/lib/python3.12/site-packages/airflow/example_dags/example_trigger_controller_dag.py took 0.160 seconds
[2026-05-10T19:36:46.463+0000] {processor.py:161} INFO - Started process (PID=58444) to work on /home/airflow/.local/lib/python3.12/site-packages/airflow/example_dags/example_trigger_controller_dag.py
[2026-05-10T19:36:46.465+0000] {processor.py:830} INFO - Processing file /home/airflow/.local/lib/python3.12/site-packages/airflow/example_dags/example_trigger_controller_dag.py for tasks to queue
[2026-05-10T19:36:46.470+0000] {logging_mixin.py:188} INFO - [2026-05-10T19:36:46.468+0000] {dagbag.py:545} INFO - Filling up the DagBag from /home/airflow/.local/lib/python3.12/site-packages/airflow/example_dags/example_trigger_controller_dag.py
[2026-05-10T19:36:46.481+0000] {processor.py:840} INFO - DAG(s) 'example_trigger_controller_dag' retrieved from /home/airflow/.local/lib/python3.12/site-packages/airflow/example_dags/example_trigger_controller_dag.py
[2026-05-10T19:36:46.527+0000] {logging_mixin.py:188} INFO - [2026-05-10T19:36:46.527+0000] {dag.py:3089} INFO - Sync 1 DAGs
[2026-05-10T19:36:46.574+0000] {logging_mixin.py:188} INFO - [2026-05-10T19:36:46.573+0000] {dag.py:3947} INFO - Setting next_dagrun for example_trigger_controller_dag to 2021-01-01 00:00:00+00:00, run_after=2021-01-01 00:00:00+00:00
[2026-05-10T19:36:46.623+0000] {processor.py:183} INFO - Processing /home/airflow/.local/lib/python3.12/site-packages/airflow/example_dags/example_trigger_controller_dag.py took 0.174 seconds
[2026-05-10T19:37:16.987+0000] {processor.py:161} INFO - Started process (PID=58519) to work on /home/airflow/.local/lib/python3.12/site-packages/airflow/example_dags/example_trigger_controller_dag.py
[2026-05-10T19:37:16.990+0000] {processor.py:830} INFO - Processing file /home/airflow/.local/lib/python3.12/site-packages/airflow/example_dags/example_trigger_controller_dag.py for tasks to queue
[2026-05-10T19:37:16.991+0000] {logging_mixin.py:188} INFO - [2026-05-10T19:37:16.991+0000] {dagbag.py:545} INFO - Filling up the DagBag from /home/airflow/.local/lib/python3.12/site-packages/airflow/example_dags/example_trigger_controller_dag.py
[2026-05-10T19:37:17.001+0000] {processor.py:840} INFO - DAG(s) 'example_trigger_controller_dag' retrieved from /home/airflow/.local/lib/python3.12/site-packages/airflow/example_dags/example_trigger_controller_dag.py
[2026-05-10T19:37:17.035+0000] {logging_mixin.py:188} INFO - [2026-05-10T19:37:17.035+0000] {dag.py:3089} INFO - Sync 1 DAGs
[2026-05-10T19:37:17.068+0000] {logging_mixin.py:188} INFO - [2026-05-10T19:37:17.067+0000] {dag.py:3947} INFO - Setting next_dagrun for example_trigger_controller_dag to 2021-01-01 00:00:00+00:00, run_after=2021-01-01 00:00:00+00:00
[2026-05-10T19:37:17.128+0000] {processor.py:183} INFO - Processing /home/airflow/.local/lib/python3.12/site-packages/airflow/example_dags/example_trigger_controller_dag.py took 0.151 seconds
[2026-05-10T19:37:47.209+0000] {processor.py:161} INFO - Started process (PID=58587) to work on /home/airflow/.local/lib/python3.12/site-packages/airflow/example_dags/example_trigger_controller_dag.py
[2026-05-10T19:37:47.216+0000] {processor.py:830} INFO - Processing file /home/airflow/.local/lib/python3.12/site-packages/airflow/example_dags/example_trigger_controller_dag.py for tasks to queue
[2026-05-10T19:37:47.218+0000] {logging_mixin.py:188} INFO - [2026-05-10T19:37:47.217+0000] {dagbag.py:545} INFO - Filling up the DagBag from /home/airflow/.local/lib/python3.12/site-packages/airflow/example_dags/example_trigger_controller_dag.py
[2026-05-10T19:37:47.229+0000] {processor.py:840} INFO - DAG(s) 'example_trigger_controller_dag' retrieved from /home/airflow/.local/lib/python3.12/site-packages/airflow/example_dags/example_trigger_controller_dag.py
[2026-05-10T19:37:47.267+0000] {logging_mixin.py:188} INFO - [2026-05-10T19:37:47.267+0000] {dag.py:3089} INFO - Sync 1 DAGs
[2026-05-10T19:37:47.302+0000] {logging_mixin.py:188} INFO - [2026-05-10T19:37:47.301+0000] {dag.py:3947} INFO - Setting next_dagrun for example_trigger_controller_dag to 2021-01-01 00:00:00+00:00, run_after=2021-01-01 00:00:00+00:00
[2026-05-10T19:37:47.332+0000] {processor.py:183} INFO - Processing /home/airflow/.local/lib/python3.12/site-packages/airflow/example_dags/example_trigger_controller_dag.py took 0.135 seconds
[2026-05-10T19:38:17.949+0000] {processor.py:161} INFO - Started process (PID=58655) to work on /home/airflow/.local/lib/python3.12/site-packages/airflow/example_dags/example_trigger_controller_dag.py
[2026-05-10T19:38:17.952+0000] {processor.py:830} INFO - Processing file /home/airflow/.local/lib/python3.12/site-packages/airflow/example_dags/example_trigger_controller_dag.py for tasks to queue
[2026-05-10T19:38:17.954+0000] {logging_mixin.py:188} INFO - [2026-05-10T19:38:17.954+0000] {dagbag.py:545} INFO - Filling up the DagBag from /home/airflow/.local/lib/python3.12/site-packages/airflow/example_dags/example_trigger_controller_dag.py
[2026-05-10T19:38:17.965+0000] {processor.py:840} INFO - DAG(s) 'example_trigger_controller_dag' retrieved from /home/airflow/.local/lib/python3.12/site-packages/airflow/example_dags/example_trigger_controller_dag.py
[2026-05-10T19:38:18.009+0000] {logging_mixin.py:188} INFO - [2026-05-10T19:38:18.008+0000] {dag.py:3089} INFO - Sync 1 DAGs
[2026-05-10T19:38:18.055+0000] {logging_mixin.py:188} INFO - [2026-05-10T19:38:18.054+0000] {dag.py:3947} INFO - Setting next_dagrun for example_trigger_controller_dag to 2021-01-01 00:00:00+00:00, run_after=2021-01-01 00:00:00+00:00
[2026-05-10T19:38:18.129+0000] {processor.py:183} INFO - Processing /home/airflow/.local/lib/python3.12/site-packages/airflow/example_dags/example_trigger_controller_dag.py took 0.190 seconds
[2026-05-10T19:38:48.684+0000] {processor.py:161} INFO - Started process (PID=58723) to work on /home/airflow/.local/lib/python3.12/site-packages/airflow/example_dags/example_trigger_controller_dag.py
[2026-05-10T19:38:48.687+0000] {processor.py:830} INFO - Processing file /home/airflow/.local/lib/python3.12/site-packages/airflow/example_dags/example_trigger_controller_dag.py for tasks to queue
[2026-05-10T19:38:48.689+0000] {logging_mixin.py:188} INFO - [2026-05-10T19:38:48.688+0000] {dagbag.py:545} INFO - Filling up the DagBag from /home/airflow/.local/lib/python3.12/site-packages/airflow/example_dags/example_trigger_controller_dag.py
[2026-05-10T19:38:48.700+0000] {processor.py:840} INFO - DAG(s) 'example_trigger_controller_dag' retrieved from /home/airflow/.local/lib/python3.12/site-packages/airflow/example_dags/example_trigger_controller_dag.py
[2026-05-10T19:38:48.734+0000] {logging_mixin.py:188} INFO - [2026-05-10T19:38:48.734+0000] {dag.py:3089} INFO - Sync 1 DAGs
[2026-05-10T19:38:48.770+0000] {logging_mixin.py:188} INFO - [2026-05-10T19:38:48.769+0000] {dag.py:3947} INFO - Setting next_dagrun for example_trigger_controller_dag to 2021-01-01 00:00:00+00:00, run_after=2021-01-01 00:00:00+00:00
[2026-05-10T19:38:48.801+0000] {processor.py:183} INFO - Processing /home/airflow/.local/lib/python3.12/site-packages/airflow/example_dags/example_trigger_controller_dag.py took 0.129 seconds
[2026-05-10T19:39:19.481+0000] {processor.py:161} INFO - Started process (PID=58791) to work on /home/airflow/.local/lib/python3.12/site-packages/airflow/example_dags/example_trigger_controller_dag.py
[2026-05-10T19:39:19.483+0000] {processor.py:830} INFO - Processing file /home/airflow/.local/lib/python3.12/site-packages/airflow/example_dags/example_trigger_controller_dag.py for tasks to queue
[2026-05-10T19:39:19.484+0000] {logging_mixin.py:188} INFO - [2026-05-10T19:39:19.484+0000] {dagbag.py:545} INFO - Filling up the DagBag from /home/airflow/.local/lib/python3.12/site-packages/airflow/example_dags/example_trigger_controller_dag.py
[2026-05-10T19:39:19.495+0000] {processor.py:840} INFO - DAG(s) 'example_trigger_controller_dag' retrieved from /home/airflow/.local/lib/python3.12/site-packages/airflow/example_dags/example_trigger_controller_dag.py
[2026-05-10T19:39:19.533+0000] {logging_mixin.py:188} INFO - [2026-05-10T19:39:19.533+0000] {dag.py:3089} INFO - Sync 1 DAGs
[2026-05-10T19:39:19.571+0000] {logging_mixin.py:188} INFO - [2026-05-10T19:39:19.571+0000] {dag.py:3947} INFO - Setting next_dagrun for example_trigger_controller_dag to 2021-01-01 00:00:00+00:00, run_after=2021-01-01 00:00:00+00:00
[2026-05-10T19:39:19.634+0000] {processor.py:183} INFO - Processing /home/airflow/.local/lib/python3.12/site-packages/airflow/example_dags/example_trigger_controller_dag.py took 0.164 seconds
[2026-05-10T19:39:49.891+0000] {processor.py:161} INFO - Started process (PID=58859) to work on /home/airflow/.local/lib/python3.12/site-packages/airflow/example_dags/example_trigger_controller_dag.py
[2026-05-10T19:39:49.893+0000] {processor.py:830} INFO - Processing file /home/airflow/.local/lib/python3.12/site-packages/airflow/example_dags/example_trigger_controller_dag.py for tasks to queue
[2026-05-10T19:39:49.894+0000] {logging_mixin.py:188} INFO - [2026-05-10T19:39:49.894+0000] {dagbag.py:545} INFO - Filling up the DagBag from /home/airflow/.local/lib/python3.12/site-packages/airflow/example_dags/example_trigger_controller_dag.py
[2026-05-10T19:39:49.903+0000] {processor.py:840} INFO - DAG(s) 'example_trigger_controller_dag' retrieved from /home/airflow/.local/lib/python3.12/site-packages/airflow/example_dags/example_trigger_controller_dag.py
[2026-05-10T19:39:49.941+0000] {logging_mixin.py:188} INFO - [2026-05-10T19:39:49.941+0000] {dag.py:3089} INFO - Sync 1 DAGs
[2026-05-10T19:39:49.981+0000] {logging_mixin.py:188} INFO - [2026-05-10T19:39:49.980+0000] {dag.py:3947} INFO - Setting next_dagrun for example_trigger_controller_dag to 2021-01-01 00:00:00+00:00, run_after=2021-01-01 00:00:00+00:00
[2026-05-10T19:39:50.044+0000] {processor.py:183} INFO - Processing /home/airflow/.local/lib/python3.12/site-packages/airflow/example_dags/example_trigger_controller_dag.py took 0.164 seconds
[2026-05-10T19:40:20.737+0000] {processor.py:161} INFO - Started process (PID=58927) to work on /home/airflow/.local/lib/python3.12/site-packages/airflow/example_dags/example_trigger_controller_dag.py
[2026-05-10T19:40:20.740+0000] {processor.py:830} INFO - Processing file /home/airflow/.local/lib/python3.12/site-packages/airflow/example_dags/example_trigger_controller_dag.py for tasks to queue
[2026-05-10T19:40:20.742+0000] {logging_mixin.py:188} INFO - [2026-05-10T19:40:20.741+0000] {dagbag.py:545} INFO - Filling up the DagBag from /home/airflow/.local/lib/python3.12/site-packages/airflow/example_dags/example_trigger_controller_dag.py
[2026-05-10T19:40:20.752+0000] {processor.py:840} INFO - DAG(s) 'example_trigger_controller_dag' retrieved from /home/airflow/.local/lib/python3.12/site-packages/airflow/example_dags/example_trigger_controller_dag.py
[2026-05-10T19:40:20.787+0000] {logging_mixin.py:188} INFO - [2026-05-10T19:40:20.787+0000] {dag.py:3089} INFO - Sync 1 DAGs
[2026-05-10T19:40:20.817+0000] {logging_mixin.py:188} INFO - [2026-05-10T19:40:20.816+0000] {dag.py:3947} INFO - Setting next_dagrun for example_trigger_controller_dag to 2021-01-01 00:00:00+00:00, run_after=2021-01-01 00:00:00+00:00
[2026-05-10T19:40:20.883+0000] {processor.py:183} INFO - Processing /home/airflow/.local/lib/python3.12/site-packages/airflow/example_dags/example_trigger_controller_dag.py took 0.159 seconds
[2026-05-10T19:40:51.254+0000] {processor.py:161} INFO - Started process (PID=58996) to work on /home/airflow/.local/lib/python3.12/site-packages/airflow/example_dags/example_trigger_controller_dag.py
[2026-05-10T19:40:51.256+0000] {processor.py:830} INFO - Processing file /home/airflow/.local/lib/python3.12/site-packages/airflow/example_dags/example_trigger_controller_dag.py for tasks to queue
[2026-05-10T19:40:51.259+0000] {logging_mixin.py:188} INFO - [2026-05-10T19:40:51.258+0000] {dagbag.py:545} INFO - Filling up the DagBag from /home/airflow/.local/lib/python3.12/site-packages/airflow/example_dags/example_trigger_controller_dag.py
[2026-05-10T19:40:51.271+0000] {processor.py:840} INFO - DAG(s) 'example_trigger_controller_dag' retrieved from /home/airflow/.local/lib/python3.12/site-packages/airflow/example_dags/example_trigger_controller_dag.py
[2026-05-10T19:40:51.313+0000] {logging_mixin.py:188} INFO - [2026-05-10T19:40:51.312+0000] {dag.py:3089} INFO - Sync 1 DAGs
[2026-05-10T19:40:51.345+0000] {logging_mixin.py:188} INFO - [2026-05-10T19:40:51.344+0000] {dag.py:3947} INFO - Setting next_dagrun for example_trigger_controller_dag to 2021-01-01 00:00:00+00:00, run_after=2021-01-01 00:00:00+00:00
[2026-05-10T19:40:51.414+0000] {processor.py:183} INFO - Processing /home/airflow/.local/lib/python3.12/site-packages/airflow/example_dags/example_trigger_controller_dag.py took 0.170 seconds
[2026-05-10T19:41:22.339+0000] {processor.py:161} INFO - Started process (PID=59071) to work on /home/airflow/.local/lib/python3.12/site-packages/airflow/example_dags/example_trigger_controller_dag.py
[2026-05-10T19:41:22.342+0000] {processor.py:830} INFO - Processing file /home/airflow/.local/lib/python3.12/site-packages/airflow/example_dags/example_trigger_controller_dag.py for tasks to queue
[2026-05-10T19:41:22.344+0000] {logging_mixin.py:188} INFO - [2026-05-10T19:41:22.343+0000] {dagbag.py:545} INFO - Filling up the DagBag from /home/airflow/.local/lib/python3.12/site-packages/airflow/example_dags/example_trigger_controller_dag.py
[2026-05-10T19:41:22.353+0000] {processor.py:840} INFO - DAG(s) 'example_trigger_controller_dag' retrieved from /home/airflow/.local/lib/python3.12/site-packages/airflow/example_dags/example_trigger_controller_dag.py
[2026-05-10T19:41:22.391+0000] {logging_mixin.py:188} INFO - [2026-05-10T19:41:22.391+0000] {dag.py:3089} INFO - Sync 1 DAGs
[2026-05-10T19:41:22.430+0000] {logging_mixin.py:188} INFO - [2026-05-10T19:41:22.430+0000] {dag.py:3947} INFO - Setting next_dagrun for example_trigger_controller_dag to 2021-01-01 00:00:00+00:00, run_after=2021-01-01 00:00:00+00:00
[2026-05-10T19:41:22.489+0000] {processor.py:183} INFO - Processing /home/airflow/.local/lib/python3.12/site-packages/airflow/example_dags/example_trigger_controller_dag.py took 0.160 seconds
[2026-05-10T19:41:52.670+0000] {processor.py:161} INFO - Started process (PID=59139) to work on /home/airflow/.local/lib/python3.12/site-packages/airflow/example_dags/example_trigger_controller_dag.py
[2026-05-10T19:41:52.672+0000] {processor.py:830} INFO - Processing file /home/airflow/.local/lib/python3.12/site-packages/airflow/example_dags/example_trigger_controller_dag.py for tasks to queue
[2026-05-10T19:41:52.676+0000] {logging_mixin.py:188} INFO - [2026-05-10T19:41:52.675+0000] {dagbag.py:545} INFO - Filling up the DagBag from /home/airflow/.local/lib/python3.12/site-packages/airflow/example_dags/example_trigger_controller_dag.py
[2026-05-10T19:41:52.686+0000] {processor.py:840} INFO - DAG(s) 'example_trigger_controller_dag' retrieved from /home/airflow/.local/lib/python3.12/site-packages/airflow/example_dags/example_trigger_controller_dag.py
[2026-05-10T19:41:52.722+0000] {logging_mixin.py:188} INFO - [2026-05-10T19:41:52.721+0000] {dag.py:3089} INFO - Sync 1 DAGs
[2026-05-10T19:41:52.761+0000] {logging_mixin.py:188} INFO - [2026-05-10T19:41:52.760+0000] {dag.py:3947} INFO - Setting next_dagrun for example_trigger_controller_dag to 2021-01-01 00:00:00+00:00, run_after=2021-01-01 00:00:00+00:00
[2026-05-10T19:41:52.831+0000] {processor.py:183} INFO - Processing /home/airflow/.local/lib/python3.12/site-packages/airflow/example_dags/example_trigger_controller_dag.py took 0.171 seconds
[2026-05-10T19:42:23.104+0000] {processor.py:161} INFO - Started process (PID=59207) to work on /home/airflow/.local/lib/python3.12/site-packages/airflow/example_dags/example_trigger_controller_dag.py
[2026-05-10T19:42:23.106+0000] {processor.py:830} INFO - Processing file /home/airflow/.local/lib/python3.12/site-packages/airflow/example_dags/example_trigger_controller_dag.py for tasks to queue
[2026-05-10T19:42:23.108+0000] {logging_mixin.py:188} INFO - [2026-05-10T19:42:23.108+0000] {dagbag.py:545} INFO - Filling up the DagBag from /home/airflow/.local/lib/python3.12/site-packages/airflow/example_dags/example_trigger_controller_dag.py
[2026-05-10T19:42:23.120+0000] {processor.py:840} INFO - DAG(s) 'example_trigger_controller_dag' retrieved from /home/airflow/.local/lib/python3.12/site-packages/airflow/example_dags/example_trigger_controller_dag.py
[2026-05-10T19:42:23.157+0000] {logging_mixin.py:188} INFO - [2026-05-10T19:42:23.157+0000] {dag.py:3089} INFO - Sync 1 DAGs
[2026-05-10T19:42:23.186+0000] {logging_mixin.py:188} INFO - [2026-05-10T19:42:23.185+0000] {dag.py:3947} INFO - Setting next_dagrun for example_trigger_controller_dag to 2021-01-01 00:00:00+00:00, run_after=2021-01-01 00:00:00+00:00
[2026-05-10T19:42:23.243+0000] {processor.py:183} INFO - Processing /home/airflow/.local/lib/python3.12/site-packages/airflow/example_dags/example_trigger_controller_dag.py took 0.148 seconds
[2026-05-10T19:42:53.686+0000] {processor.py:161} INFO - Started process (PID=59275) to work on /home/airflow/.local/lib/python3.12/site-packages/airflow/example_dags/example_trigger_controller_dag.py
[2026-05-10T19:42:53.689+0000] {processor.py:830} INFO - Processing file /home/airflow/.local/lib/python3.12/site-packages/airflow/example_dags/example_trigger_controller_dag.py for tasks to queue
[2026-05-10T19:42:53.691+0000] {logging_mixin.py:188} INFO - [2026-05-10T19:42:53.690+0000] {dagbag.py:545} INFO - Filling up the DagBag from /home/airflow/.local/lib/python3.12/site-packages/airflow/example_dags/example_trigger_controller_dag.py
[2026-05-10T19:42:53.704+0000] {processor.py:840} INFO - DAG(s) 'example_trigger_controller_dag' retrieved from /home/airflow/.local/lib/python3.12/site-packages/airflow/example_dags/example_trigger_controller_dag.py
[2026-05-10T19:42:53.741+0000] {logging_mixin.py:188} INFO - [2026-05-10T19:42:53.740+0000] {dag.py:3089} INFO - Sync 1 DAGs
[2026-05-10T19:42:53.774+0000] {logging_mixin.py:188} INFO - [2026-05-10T19:42:53.774+0000] {dag.py:3947} INFO - Setting next_dagrun for example_trigger_controller_dag to 2021-01-01 00:00:00+00:00, run_after=2021-01-01 00:00:00+00:00
[2026-05-10T19:42:53.809+0000] {processor.py:183} INFO - Processing /home/airflow/.local/lib/python3.12/site-packages/airflow/example_dags/example_trigger_controller_dag.py took 0.134 seconds
[2026-05-10T19:43:24.095+0000] {processor.py:161} INFO - Started process (PID=59343) to work on /home/airflow/.local/lib/python3.12/site-packages/airflow/example_dags/example_trigger_controller_dag.py
[2026-05-10T19:43:24.097+0000] {processor.py:830} INFO - Processing file /home/airflow/.local/lib/python3.12/site-packages/airflow/example_dags/example_trigger_controller_dag.py for tasks to queue
[2026-05-10T19:43:24.100+0000] {logging_mixin.py:188} INFO - [2026-05-10T19:43:24.099+0000] {dagbag.py:545} INFO - Filling up the DagBag from /home/airflow/.local/lib/python3.12/site-packages/airflow/example_dags/example_trigger_controller_dag.py
[2026-05-10T19:43:24.110+0000] {processor.py:840} INFO - DAG(s) 'example_trigger_controller_dag' retrieved from /home/airflow/.local/lib/python3.12/site-packages/airflow/example_dags/example_trigger_controller_dag.py
[2026-05-10T19:43:24.153+0000] {logging_mixin.py:188} INFO - [2026-05-10T19:43:24.152+0000] {dag.py:3089} INFO - Sync 1 DAGs
[2026-05-10T19:43:24.194+0000] {logging_mixin.py:188} INFO - [2026-05-10T19:43:24.193+0000] {dag.py:3947} INFO - Setting next_dagrun for example_trigger_controller_dag to 2021-01-01 00:00:00+00:00, run_after=2021-01-01 00:00:00+00:00
[2026-05-10T19:43:24.228+0000] {processor.py:183} INFO - Processing /home/airflow/.local/lib/python3.12/site-packages/airflow/example_dags/example_trigger_controller_dag.py took 0.143 seconds
[2026-05-10T19:43:54.548+0000] {processor.py:161} INFO - Started process (PID=59410) to work on /home/airflow/.local/lib/python3.12/site-packages/airflow/example_dags/example_trigger_controller_dag.py
[2026-05-10T19:43:54.551+0000] {processor.py:830} INFO - Processing file /home/airflow/.local/lib/python3.12/site-packages/airflow/example_dags/example_trigger_controller_dag.py for tasks to queue
[2026-05-10T19:43:54.553+0000] {logging_mixin.py:188} INFO - [2026-05-10T19:43:54.552+0000] {dagbag.py:545} INFO - Filling up the DagBag from /home/airflow/.local/lib/python3.12/site-packages/airflow/example_dags/example_trigger_controller_dag.py
[2026-05-10T19:43:54.566+0000] {processor.py:840} INFO - DAG(s) 'example_trigger_controller_dag' retrieved from /home/airflow/.local/lib/python3.12/site-packages/airflow/example_dags/example_trigger_controller_dag.py
[2026-05-10T19:43:54.604+0000] {logging_mixin.py:188} INFO - [2026-05-10T19:43:54.603+0000] {dag.py:3089} INFO - Sync 1 DAGs
[2026-05-10T19:43:54.638+0000] {logging_mixin.py:188} INFO - [2026-05-10T19:43:54.637+0000] {dag.py:3947} INFO - Setting next_dagrun for example_trigger_controller_dag to 2021-01-01 00:00:00+00:00, run_after=2021-01-01 00:00:00+00:00
[2026-05-10T19:43:54.679+0000] {processor.py:183} INFO - Processing /home/airflow/.local/lib/python3.12/site-packages/airflow/example_dags/example_trigger_controller_dag.py took 0.143 seconds
[2026-05-10T19:44:24.855+0000] {processor.py:161} INFO - Started process (PID=59478) to work on /home/airflow/.local/lib/python3.12/site-packages/airflow/example_dags/example_trigger_controller_dag.py
[2026-05-10T19:44:24.857+0000] {processor.py:830} INFO - Processing file /home/airflow/.local/lib/python3.12/site-packages/airflow/example_dags/example_trigger_controller_dag.py for tasks to queue
[2026-05-10T19:44:24.861+0000] {logging_mixin.py:188} INFO - [2026-05-10T19:44:24.860+0000] {dagbag.py:545} INFO - Filling up the DagBag from /home/airflow/.local/lib/python3.12/site-packages/airflow/example_dags/example_trigger_controller_dag.py
[2026-05-10T19:44:24.879+0000] {processor.py:840} INFO - DAG(s) 'example_trigger_controller_dag' retrieved from /home/airflow/.local/lib/python3.12/site-packages/airflow/example_dags/example_trigger_controller_dag.py
[2026-05-10T19:44:24.920+0000] {logging_mixin.py:188} INFO - [2026-05-10T19:44:24.919+0000] {dag.py:3089} INFO - Sync 1 DAGs
[2026-05-10T19:44:24.956+0000] {logging_mixin.py:188} INFO - [2026-05-10T19:44:24.956+0000] {dag.py:3947} INFO - Setting next_dagrun for example_trigger_controller_dag to 2021-01-01 00:00:00+00:00, run_after=2021-01-01 00:00:00+00:00
[2026-05-10T19:44:25.017+0000] {processor.py:183} INFO - Processing /home/airflow/.local/lib/python3.12/site-packages/airflow/example_dags/example_trigger_controller_dag.py took 0.176 seconds
[2026-05-10T19:44:55.819+0000] {processor.py:161} INFO - Started process (PID=59546) to work on /home/airflow/.local/lib/python3.12/site-packages/airflow/example_dags/example_trigger_controller_dag.py
[2026-05-10T19:44:55.820+0000] {processor.py:830} INFO - Processing file /home/airflow/.local/lib/python3.12/site-packages/airflow/example_dags/example_trigger_controller_dag.py for tasks to queue
[2026-05-10T19:44:55.822+0000] {logging_mixin.py:188} INFO - [2026-05-10T19:44:55.821+0000] {dagbag.py:545} INFO - Filling up the DagBag from /home/airflow/.local/lib/python3.12/site-packages/airflow/example_dags/example_trigger_controller_dag.py
[2026-05-10T19:44:55.831+0000] {processor.py:840} INFO - DAG(s) 'example_trigger_controller_dag' retrieved from /home/airflow/.local/lib/python3.12/site-packages/airflow/example_dags/example_trigger_controller_dag.py
[2026-05-10T19:44:55.867+0000] {logging_mixin.py:188} INFO - [2026-05-10T19:44:55.867+0000] {dag.py:3089} INFO - Sync 1 DAGs
[2026-05-10T19:44:55.900+0000] {logging_mixin.py:188} INFO - [2026-05-10T19:44:55.899+0000] {dag.py:3947} INFO - Setting next_dagrun for example_trigger_controller_dag to 2021-01-01 00:00:00+00:00, run_after=2021-01-01 00:00:00+00:00
[2026-05-10T19:44:55.933+0000] {processor.py:183} INFO - Processing /home/airflow/.local/lib/python3.12/site-packages/airflow/example_dags/example_trigger_controller_dag.py took 0.124 seconds
[2026-05-10T19:45:26.553+0000] {processor.py:161} INFO - Started process (PID=59621) to work on /home/airflow/.local/lib/python3.12/site-packages/airflow/example_dags/example_trigger_controller_dag.py
[2026-05-10T19:45:26.555+0000] {processor.py:830} INFO - Processing file /home/airflow/.local/lib/python3.12/site-packages/airflow/example_dags/example_trigger_controller_dag.py for tasks to queue
[2026-05-10T19:45:26.557+0000] {logging_mixin.py:188} INFO - [2026-05-10T19:45:26.556+0000] {dagbag.py:545} INFO - Filling up the DagBag from /home/airflow/.local/lib/python3.12/site-packages/airflow/example_dags/example_trigger_controller_dag.py
[2026-05-10T19:45:26.565+0000] {processor.py:840} INFO - DAG(s) 'example_trigger_controller_dag' retrieved from /home/airflow/.local/lib/python3.12/site-packages/airflow/example_dags/example_trigger_controller_dag.py
[2026-05-10T19:45:26.607+0000] {logging_mixin.py:188} INFO - [2026-05-10T19:45:26.606+0000] {dag.py:3089} INFO - Sync 1 DAGs
[2026-05-10T19:45:26.646+0000] {logging_mixin.py:188} INFO - [2026-05-10T19:45:26.646+0000] {dag.py:3947} INFO - Setting next_dagrun for example_trigger_controller_dag to 2021-01-01 00:00:00+00:00, run_after=2021-01-01 00:00:00+00:00
[2026-05-10T19:45:26.678+0000] {processor.py:183} INFO - Processing /home/airflow/.local/lib/python3.12/site-packages/airflow/example_dags/example_trigger_controller_dag.py took 0.134 seconds
[2026-05-10T19:45:56.768+0000] {processor.py:161} INFO - Started process (PID=59688) to work on /home/airflow/.local/lib/python3.12/site-packages/airflow/example_dags/example_trigger_controller_dag.py
[2026-05-10T19:45:56.770+0000] {processor.py:830} INFO - Processing file /home/airflow/.local/lib/python3.12/site-packages/airflow/example_dags/example_trigger_controller_dag.py for tasks to queue
[2026-05-10T19:45:56.772+0000] {logging_mixin.py:188} INFO - [2026-05-10T19:45:56.772+0000] {dagbag.py:545} INFO - Filling up the DagBag from /home/airflow/.local/lib/python3.12/site-packages/airflow/example_dags/example_trigger_controller_dag.py
[2026-05-10T19:45:56.782+0000] {processor.py:840} INFO - DAG(s) 'example_trigger_controller_dag' retrieved from /home/airflow/.local/lib/python3.12/site-packages/airflow/example_dags/example_trigger_controller_dag.py
[2026-05-10T19:45:56.817+0000] {logging_mixin.py:188} INFO - [2026-05-10T19:45:56.816+0000] {dag.py:3089} INFO - Sync 1 DAGs
[2026-05-10T19:45:56.859+0000] {logging_mixin.py:188} INFO - [2026-05-10T19:45:56.858+0000] {dag.py:3947} INFO - Setting next_dagrun for example_trigger_controller_dag to 2021-01-01 00:00:00+00:00, run_after=2021-01-01 00:00:00+00:00
[2026-05-10T19:45:56.898+0000] {processor.py:183} INFO - Processing /home/airflow/.local/lib/python3.12/site-packages/airflow/example_dags/example_trigger_controller_dag.py took 0.140 seconds
[2026-05-10T19:46:27.817+0000] {processor.py:161} INFO - Started process (PID=59757) to work on /home/airflow/.local/lib/python3.12/site-packages/airflow/example_dags/example_trigger_controller_dag.py
[2026-05-10T19:46:27.820+0000] {processor.py:830} INFO - Processing file /home/airflow/.local/lib/python3.12/site-packages/airflow/example_dags/example_trigger_controller_dag.py for tasks to queue
[2026-05-10T19:46:27.822+0000] {logging_mixin.py:188} INFO - [2026-05-10T19:46:27.821+0000] {dagbag.py:545} INFO - Filling up the DagBag from /home/airflow/.local/lib/python3.12/site-packages/airflow/example_dags/example_trigger_controller_dag.py
[2026-05-10T19:46:27.833+0000] {processor.py:840} INFO - DAG(s) 'example_trigger_controller_dag' retrieved from /home/airflow/.local/lib/python3.12/site-packages/airflow/example_dags/example_trigger_controller_dag.py
[2026-05-10T19:46:27.874+0000] {logging_mixin.py:188} INFO - [2026-05-10T19:46:27.874+0000] {dag.py:3089} INFO - Sync 1 DAGs
[2026-05-10T19:46:27.905+0000] {logging_mixin.py:188} INFO - [2026-05-10T19:46:27.904+0000] {dag.py:3947} INFO - Setting next_dagrun for example_trigger_controller_dag to 2021-01-01 00:00:00+00:00, run_after=2021-01-01 00:00:00+00:00
[2026-05-10T19:46:27.964+0000] {processor.py:183} INFO - Processing /home/airflow/.local/lib/python3.12/site-packages/airflow/example_dags/example_trigger_controller_dag.py took 0.159 seconds
[2026-05-10T19:46:58.465+0000] {processor.py:161} INFO - Started process (PID=59825) to work on /home/airflow/.local/lib/python3.12/site-packages/airflow/example_dags/example_trigger_controller_dag.py
[2026-05-10T19:46:58.468+0000] {processor.py:830} INFO - Processing file /home/airflow/.local/lib/python3.12/site-packages/airflow/example_dags/example_trigger_controller_dag.py for tasks to queue
[2026-05-10T19:46:58.470+0000] {logging_mixin.py:188} INFO - [2026-05-10T19:46:58.470+0000] {dagbag.py:545} INFO - Filling up the DagBag from /home/airflow/.local/lib/python3.12/site-packages/airflow/example_dags/example_trigger_controller_dag.py
[2026-05-10T19:46:58.479+0000] {processor.py:840} INFO - DAG(s) 'example_trigger_controller_dag' retrieved from /home/airflow/.local/lib/python3.12/site-packages/airflow/example_dags/example_trigger_controller_dag.py
[2026-05-10T19:46:58.519+0000] {logging_mixin.py:188} INFO - [2026-05-10T19:46:58.518+0000] {dag.py:3089} INFO - Sync 1 DAGs
[2026-05-10T19:46:58.550+0000] {logging_mixin.py:188} INFO - [2026-05-10T19:46:58.550+0000] {dag.py:3947} INFO - Setting next_dagrun for example_trigger_controller_dag to 2021-01-01 00:00:00+00:00, run_after=2021-01-01 00:00:00+00:00
[2026-05-10T19:46:58.613+0000] {processor.py:183} INFO - Processing /home/airflow/.local/lib/python3.12/site-packages/airflow/example_dags/example_trigger_controller_dag.py took 0.162 seconds
[2026-05-10T19:47:29.191+0000] {processor.py:161} INFO - Started process (PID=59893) to work on /home/airflow/.local/lib/python3.12/site-packages/airflow/example_dags/example_trigger_controller_dag.py
[2026-05-10T19:47:29.193+0000] {processor.py:830} INFO - Processing file /home/airflow/.local/lib/python3.12/site-packages/airflow/example_dags/example_trigger_controller_dag.py for tasks to queue
[2026-05-10T19:47:29.199+0000] {logging_mixin.py:188} INFO - [2026-05-10T19:47:29.198+0000] {dagbag.py:545} INFO - Filling up the DagBag from /home/airflow/.local/lib/python3.12/site-packages/airflow/example_dags/example_trigger_controller_dag.py
[2026-05-10T19:47:29.212+0000] {processor.py:840} INFO - DAG(s) 'example_trigger_controller_dag' retrieved from /home/airflow/.local/lib/python3.12/site-packages/airflow/example_dags/example_trigger_controller_dag.py
[2026-05-10T19:47:29.253+0000] {logging_mixin.py:188} INFO - [2026-05-10T19:47:29.253+0000] {dag.py:3089} INFO - Sync 1 DAGs
[2026-05-10T19:47:29.290+0000] {logging_mixin.py:188} INFO - [2026-05-10T19:47:29.290+0000] {dag.py:3947} INFO - Setting next_dagrun for example_trigger_controller_dag to 2021-01-01 00:00:00+00:00, run_after=2021-01-01 00:00:00+00:00
[2026-05-10T19:47:29.326+0000] {processor.py:183} INFO - Processing /home/airflow/.local/lib/python3.12/site-packages/airflow/example_dags/example_trigger_controller_dag.py took 0.147 seconds
[2026-05-10T19:47:59.554+0000] {processor.py:161} INFO - Started process (PID=59961) to work on /home/airflow/.local/lib/python3.12/site-packages/airflow/example_dags/example_trigger_controller_dag.py
[2026-05-10T19:47:59.573+0000] {processor.py:830} INFO - Processing file /home/airflow/.local/lib/python3.12/site-packages/airflow/example_dags/example_trigger_controller_dag.py for tasks to queue
[2026-05-10T19:47:59.578+0000] {logging_mixin.py:188} INFO - [2026-05-10T19:47:59.577+0000] {dagbag.py:545} INFO - Filling up the DagBag from /home/airflow/.local/lib/python3.12/site-packages/airflow/example_dags/example_trigger_controller_dag.py
[2026-05-10T19:47:59.587+0000] {processor.py:840} INFO - DAG(s) 'example_trigger_controller_dag' retrieved from /home/airflow/.local/lib/python3.12/site-packages/airflow/example_dags/example_trigger_controller_dag.py
[2026-05-10T19:47:59.622+0000] {logging_mixin.py:188} INFO - [2026-05-10T19:47:59.622+0000] {dag.py:3089} INFO - Sync 1 DAGs
[2026-05-10T19:47:59.657+0000] {logging_mixin.py:188} INFO - [2026-05-10T19:47:59.656+0000] {dag.py:3947} INFO - Setting next_dagrun for example_trigger_controller_dag to 2021-01-01 00:00:00+00:00, run_after=2021-01-01 00:00:00+00:00
[2026-05-10T19:47:59.717+0000] {processor.py:183} INFO - Processing /home/airflow/.local/lib/python3.12/site-packages/airflow/example_dags/example_trigger_controller_dag.py took 0.172 seconds
[2026-05-10T19:48:30.145+0000] {processor.py:161} INFO - Started process (PID=60029) to work on /home/airflow/.local/lib/python3.12/site-packages/airflow/example_dags/example_trigger_controller_dag.py
[2026-05-10T19:48:30.147+0000] {processor.py:830} INFO - Processing file /home/airflow/.local/lib/python3.12/site-packages/airflow/example_dags/example_trigger_controller_dag.py for tasks to queue
[2026-05-10T19:48:30.149+0000] {logging_mixin.py:188} INFO - [2026-05-10T19:48:30.148+0000] {dagbag.py:545} INFO - Filling up the DagBag from /home/airflow/.local/lib/python3.12/site-packages/airflow/example_dags/example_trigger_controller_dag.py
[2026-05-10T19:48:30.158+0000] {processor.py:840} INFO - DAG(s) 'example_trigger_controller_dag' retrieved from /home/airflow/.local/lib/python3.12/site-packages/airflow/example_dags/example_trigger_controller_dag.py
[2026-05-10T19:48:30.193+0000] {logging_mixin.py:188} INFO - [2026-05-10T19:48:30.193+0000] {dag.py:3089} INFO - Sync 1 DAGs
[2026-05-10T19:48:30.230+0000] {logging_mixin.py:188} INFO - [2026-05-10T19:48:30.229+0000] {dag.py:3947} INFO - Setting next_dagrun for example_trigger_controller_dag to 2021-01-01 00:00:00+00:00, run_after=2021-01-01 00:00:00+00:00
[2026-05-10T19:48:30.285+0000] {processor.py:183} INFO - Processing /home/airflow/.local/lib/python3.12/site-packages/airflow/example_dags/example_trigger_controller_dag.py took 0.149 seconds
[2026-05-10T19:49:01.053+0000] {processor.py:161} INFO - Started process (PID=60095) to work on /home/airflow/.local/lib/python3.12/site-packages/airflow/example_dags/example_trigger_controller_dag.py
[2026-05-10T19:49:01.055+0000] {processor.py:830} INFO - Processing file /home/airflow/.local/lib/python3.12/site-packages/airflow/example_dags/example_trigger_controller_dag.py for tasks to queue
[2026-05-10T19:49:01.057+0000] {logging_mixin.py:188} INFO - [2026-05-10T19:49:01.057+0000] {dagbag.py:545} INFO - Filling up the DagBag from /home/airflow/.local/lib/python3.12/site-packages/airflow/example_dags/example_trigger_controller_dag.py
[2026-05-10T19:49:01.066+0000] {processor.py:840} INFO - DAG(s) 'example_trigger_controller_dag' retrieved from /home/airflow/.local/lib/python3.12/site-packages/airflow/example_dags/example_trigger_controller_dag.py
[2026-05-10T19:49:01.104+0000] {logging_mixin.py:188} INFO - [2026-05-10T19:49:01.103+0000] {dag.py:3089} INFO - Sync 1 DAGs
[2026-05-10T19:49:01.139+0000] {logging_mixin.py:188} INFO - [2026-05-10T19:49:01.139+0000] {dag.py:3947} INFO - Setting next_dagrun for example_trigger_controller_dag to 2021-01-01 00:00:00+00:00, run_after=2021-01-01 00:00:00+00:00
[2026-05-10T19:49:01.177+0000] {processor.py:183} INFO - Processing /home/airflow/.local/lib/python3.12/site-packages/airflow/example_dags/example_trigger_controller_dag.py took 0.139 seconds
[2026-05-10T19:49:31.486+0000] {processor.py:161} INFO - Started process (PID=60171) to work on /home/airflow/.local/lib/python3.12/site-packages/airflow/example_dags/example_trigger_controller_dag.py
[2026-05-10T19:49:31.488+0000] {processor.py:830} INFO - Processing file /home/airflow/.local/lib/python3.12/site-packages/airflow/example_dags/example_trigger_controller_dag.py for tasks to queue
[2026-05-10T19:49:31.489+0000] {logging_mixin.py:188} INFO - [2026-05-10T19:49:31.489+0000] {dagbag.py:545} INFO - Filling up the DagBag from /home/airflow/.local/lib/python3.12/site-packages/airflow/example_dags/example_trigger_controller_dag.py
[2026-05-10T19:49:31.498+0000] {processor.py:840} INFO - DAG(s) 'example_trigger_controller_dag' retrieved from /home/airflow/.local/lib/python3.12/site-packages/airflow/example_dags/example_trigger_controller_dag.py
[2026-05-10T19:49:31.533+0000] {logging_mixin.py:188} INFO - [2026-05-10T19:49:31.532+0000] {dag.py:3089} INFO - Sync 1 DAGs
[2026-05-10T19:49:31.564+0000] {logging_mixin.py:188} INFO - [2026-05-10T19:49:31.564+0000] {dag.py:3947} INFO - Setting next_dagrun for example_trigger_controller_dag to 2021-01-01 00:00:00+00:00, run_after=2021-01-01 00:00:00+00:00
[2026-05-10T19:49:31.628+0000] {processor.py:183} INFO - Processing /home/airflow/.local/lib/python3.12/site-packages/airflow/example_dags/example_trigger_controller_dag.py took 0.152 seconds
[2026-05-10T19:50:01.783+0000] {processor.py:161} INFO - Started process (PID=60239) to work on /home/airflow/.local/lib/python3.12/site-packages/airflow/example_dags/example_trigger_controller_dag.py
[2026-05-10T19:50:01.785+0000] {processor.py:830} INFO - Processing file /home/airflow/.local/lib/python3.12/site-packages/airflow/example_dags/example_trigger_controller_dag.py for tasks to queue
[2026-05-10T19:50:01.787+0000] {logging_mixin.py:188} INFO - [2026-05-10T19:50:01.786+0000] {dagbag.py:545} INFO - Filling up the DagBag from /home/airflow/.local/lib/python3.12/site-packages/airflow/example_dags/example_trigger_controller_dag.py
[2026-05-10T19:50:01.798+0000] {processor.py:840} INFO - DAG(s) 'example_trigger_controller_dag' retrieved from /home/airflow/.local/lib/python3.12/site-packages/airflow/example_dags/example_trigger_controller_dag.py
[2026-05-10T19:50:01.837+0000] {logging_mixin.py:188} INFO - [2026-05-10T19:50:01.837+0000] {dag.py:3089} INFO - Sync 1 DAGs
[2026-05-10T19:50:01.871+0000] {logging_mixin.py:188} INFO - [2026-05-10T19:50:01.870+0000] {dag.py:3947} INFO - Setting next_dagrun for example_trigger_controller_dag to 2021-01-01 00:00:00+00:00, run_after=2021-01-01 00:00:00+00:00
[2026-05-10T19:50:01.942+0000] {processor.py:183} INFO - Processing /home/airflow/.local/lib/python3.12/site-packages/airflow/example_dags/example_trigger_controller_dag.py took 0.170 seconds
[2026-05-10T19:50:32.230+0000] {processor.py:161} INFO - Started process (PID=60307) to work on /home/airflow/.local/lib/python3.12/site-packages/airflow/example_dags/example_trigger_controller_dag.py
[2026-05-10T19:50:32.232+0000] {processor.py:830} INFO - Processing file /home/airflow/.local/lib/python3.12/site-packages/airflow/example_dags/example_trigger_controller_dag.py for tasks to queue
[2026-05-10T19:50:32.235+0000] {logging_mixin.py:188} INFO - [2026-05-10T19:50:32.235+0000] {dagbag.py:545} INFO - Filling up the DagBag from /home/airflow/.local/lib/python3.12/site-packages/airflow/example_dags/example_trigger_controller_dag.py
[2026-05-10T19:50:32.247+0000] {processor.py:840} INFO - DAG(s) 'example_trigger_controller_dag' retrieved from /home/airflow/.local/lib/python3.12/site-packages/airflow/example_dags/example_trigger_controller_dag.py
[2026-05-10T19:50:32.289+0000] {logging_mixin.py:188} INFO - [2026-05-10T19:50:32.288+0000] {dag.py:3089} INFO - Sync 1 DAGs
[2026-05-10T19:50:32.323+0000] {logging_mixin.py:188} INFO - [2026-05-10T19:50:32.323+0000] {dag.py:3947} INFO - Setting next_dagrun for example_trigger_controller_dag to 2021-01-01 00:00:00+00:00, run_after=2021-01-01 00:00:00+00:00
[2026-05-10T19:50:32.385+0000] {processor.py:183} INFO - Processing /home/airflow/.local/lib/python3.12/site-packages/airflow/example_dags/example_trigger_controller_dag.py took 0.167 seconds
[2026-05-10T19:51:02.823+0000] {processor.py:161} INFO - Started process (PID=60375) to work on /home/airflow/.local/lib/python3.12/site-packages/airflow/example_dags/example_trigger_controller_dag.py
[2026-05-10T19:51:02.825+0000] {processor.py:830} INFO - Processing file /home/airflow/.local/lib/python3.12/site-packages/airflow/example_dags/example_trigger_controller_dag.py for tasks to queue
[2026-05-10T19:51:02.828+0000] {logging_mixin.py:188} INFO - [2026-05-10T19:51:02.827+0000] {dagbag.py:545} INFO - Filling up the DagBag from /home/airflow/.local/lib/python3.12/site-packages/airflow/example_dags/example_trigger_controller_dag.py
[2026-05-10T19:51:02.841+0000] {processor.py:840} INFO - DAG(s) 'example_trigger_controller_dag' retrieved from /home/airflow/.local/lib/python3.12/site-packages/airflow/example_dags/example_trigger_controller_dag.py
[2026-05-10T19:51:02.883+0000] {logging_mixin.py:188} INFO - [2026-05-10T19:51:02.883+0000] {dag.py:3089} INFO - Sync 1 DAGs
[2026-05-10T19:51:02.921+0000] {logging_mixin.py:188} INFO - [2026-05-10T19:51:02.920+0000] {dag.py:3947} INFO - Setting next_dagrun for example_trigger_controller_dag to 2021-01-01 00:00:00+00:00, run_after=2021-01-01 00:00:00+00:00
[2026-05-10T19:51:02.975+0000] {processor.py:183} INFO - Processing /home/airflow/.local/lib/python3.12/site-packages/airflow/example_dags/example_trigger_controller_dag.py took 0.166 seconds
[2026-05-10T19:51:33.733+0000] {processor.py:161} INFO - Started process (PID=60443) to work on /home/airflow/.local/lib/python3.12/site-packages/airflow/example_dags/example_trigger_controller_dag.py
[2026-05-10T19:51:33.736+0000] {processor.py:830} INFO - Processing file /home/airflow/.local/lib/python3.12/site-packages/airflow/example_dags/example_trigger_controller_dag.py for tasks to queue
[2026-05-10T19:51:33.739+0000] {logging_mixin.py:188} INFO - [2026-05-10T19:51:33.738+0000] {dagbag.py:545} INFO - Filling up the DagBag from /home/airflow/.local/lib/python3.12/site-packages/airflow/example_dags/example_trigger_controller_dag.py
[2026-05-10T19:51:33.748+0000] {processor.py:840} INFO - DAG(s) 'example_trigger_controller_dag' retrieved from /home/airflow/.local/lib/python3.12/site-packages/airflow/example_dags/example_trigger_controller_dag.py
[2026-05-10T19:51:33.787+0000] {logging_mixin.py:188} INFO - [2026-05-10T19:51:33.786+0000] {dag.py:3089} INFO - Sync 1 DAGs
[2026-05-10T19:51:33.822+0000] {logging_mixin.py:188} INFO - [2026-05-10T19:51:33.821+0000] {dag.py:3947} INFO - Setting next_dagrun for example_trigger_controller_dag to 2021-01-01 00:00:00+00:00, run_after=2021-01-01 00:00:00+00:00
[2026-05-10T19:51:33.880+0000] {processor.py:183} INFO - Processing /home/airflow/.local/lib/python3.12/site-packages/airflow/example_dags/example_trigger_controller_dag.py took 0.161 seconds
[2026-05-10T19:52:04.288+0000] {processor.py:161} INFO - Started process (PID=60511) to work on /home/airflow/.local/lib/python3.12/site-packages/airflow/example_dags/example_trigger_controller_dag.py
[2026-05-10T19:52:04.290+0000] {processor.py:830} INFO - Processing file /home/airflow/.local/lib/python3.12/site-packages/airflow/example_dags/example_trigger_controller_dag.py for tasks to queue
[2026-05-10T19:52:04.291+0000] {logging_mixin.py:188} INFO - [2026-05-10T19:52:04.291+0000] {dagbag.py:545} INFO - Filling up the DagBag from /home/airflow/.local/lib/python3.12/site-packages/airflow/example_dags/example_trigger_controller_dag.py
[2026-05-10T19:52:04.301+0000] {processor.py:840} INFO - DAG(s) 'example_trigger_controller_dag' retrieved from /home/airflow/.local/lib/python3.12/site-packages/airflow/example_dags/example_trigger_controller_dag.py
[2026-05-10T19:52:04.341+0000] {logging_mixin.py:188} INFO - [2026-05-10T19:52:04.340+0000] {dag.py:3089} INFO - Sync 1 DAGs
[2026-05-10T19:52:04.373+0000] {logging_mixin.py:188} INFO - [2026-05-10T19:52:04.373+0000] {dag.py:3947} INFO - Setting next_dagrun for example_trigger_controller_dag to 2021-01-01 00:00:00+00:00, run_after=2021-01-01 00:00:00+00:00
[2026-05-10T19:52:04.434+0000] {processor.py:183} INFO - Processing /home/airflow/.local/lib/python3.12/site-packages/airflow/example_dags/example_trigger_controller_dag.py took 0.156 seconds
[2026-05-10T19:52:34.591+0000] {processor.py:161} INFO - Started process (PID=60579) to work on /home/airflow/.local/lib/python3.12/site-packages/airflow/example_dags/example_trigger_controller_dag.py
[2026-05-10T19:52:34.593+0000] {processor.py:830} INFO - Processing file /home/airflow/.local/lib/python3.12/site-packages/airflow/example_dags/example_trigger_controller_dag.py for tasks to queue
[2026-05-10T19:52:34.595+0000] {logging_mixin.py:188} INFO - [2026-05-10T19:52:34.594+0000] {dagbag.py:545} INFO - Filling up the DagBag from /home/airflow/.local/lib/python3.12/site-packages/airflow/example_dags/example_trigger_controller_dag.py
[2026-05-10T19:52:34.606+0000] {processor.py:840} INFO - DAG(s) 'example_trigger_controller_dag' retrieved from /home/airflow/.local/lib/python3.12/site-packages/airflow/example_dags/example_trigger_controller_dag.py
[2026-05-10T19:52:34.647+0000] {logging_mixin.py:188} INFO - [2026-05-10T19:52:34.646+0000] {dag.py:3089} INFO - Sync 1 DAGs
[2026-05-10T19:52:34.691+0000] {logging_mixin.py:188} INFO - [2026-05-10T19:52:34.690+0000] {dag.py:3947} INFO - Setting next_dagrun for example_trigger_controller_dag to 2021-01-01 00:00:00+00:00, run_after=2021-01-01 00:00:00+00:00
[2026-05-10T19:52:34.731+0000] {processor.py:183} INFO - Processing /home/airflow/.local/lib/python3.12/site-packages/airflow/example_dags/example_trigger_controller_dag.py took 0.152 seconds
[2026-05-10T19:53:05.319+0000] {processor.py:161} INFO - Started process (PID=60654) to work on /home/airflow/.local/lib/python3.12/site-packages/airflow/example_dags/example_trigger_controller_dag.py
[2026-05-10T19:53:05.321+0000] {processor.py:830} INFO - Processing file /home/airflow/.local/lib/python3.12/site-packages/airflow/example_dags/example_trigger_controller_dag.py for tasks to queue
[2026-05-10T19:53:05.324+0000] {logging_mixin.py:188} INFO - [2026-05-10T19:53:05.323+0000] {dagbag.py:545} INFO - Filling up the DagBag from /home/airflow/.local/lib/python3.12/site-packages/airflow/example_dags/example_trigger_controller_dag.py
[2026-05-10T19:53:05.335+0000] {processor.py:840} INFO - DAG(s) 'example_trigger_controller_dag' retrieved from /home/airflow/.local/lib/python3.12/site-packages/airflow/example_dags/example_trigger_controller_dag.py
[2026-05-10T19:53:05.373+0000] {logging_mixin.py:188} INFO - [2026-05-10T19:53:05.373+0000] {dag.py:3089} INFO - Sync 1 DAGs
[2026-05-10T19:53:05.407+0000] {logging_mixin.py:188} INFO - [2026-05-10T19:53:05.406+0000] {dag.py:3947} INFO - Setting next_dagrun for example_trigger_controller_dag to 2021-01-01 00:00:00+00:00, run_after=2021-01-01 00:00:00+00:00
[2026-05-10T19:53:05.579+0000] {processor.py:183} INFO - Processing /home/airflow/.local/lib/python3.12/site-packages/airflow/example_dags/example_trigger_controller_dag.py took 0.269 seconds
[2026-05-10T19:53:36.093+0000] {processor.py:161} INFO - Started process (PID=60722) to work on /home/airflow/.local/lib/python3.12/site-packages/airflow/example_dags/example_trigger_controller_dag.py
[2026-05-10T19:53:36.096+0000] {processor.py:830} INFO - Processing file /home/airflow/.local/lib/python3.12/site-packages/airflow/example_dags/example_trigger_controller_dag.py for tasks to queue
[2026-05-10T19:53:36.098+0000] {logging_mixin.py:188} INFO - [2026-05-10T19:53:36.097+0000] {dagbag.py:545} INFO - Filling up the DagBag from /home/airflow/.local/lib/python3.12/site-packages/airflow/example_dags/example_trigger_controller_dag.py
[2026-05-10T19:53:36.107+0000] {processor.py:840} INFO - DAG(s) 'example_trigger_controller_dag' retrieved from /home/airflow/.local/lib/python3.12/site-packages/airflow/example_dags/example_trigger_controller_dag.py
[2026-05-10T19:53:36.148+0000] {logging_mixin.py:188} INFO - [2026-05-10T19:53:36.147+0000] {dag.py:3089} INFO - Sync 1 DAGs
[2026-05-10T19:53:36.178+0000] {logging_mixin.py:188} INFO - [2026-05-10T19:53:36.178+0000] {dag.py:3947} INFO - Setting next_dagrun for example_trigger_controller_dag to 2021-01-01 00:00:00+00:00, run_after=2021-01-01 00:00:00+00:00
[2026-05-10T19:53:36.235+0000] {processor.py:183} INFO - Processing /home/airflow/.local/lib/python3.12/site-packages/airflow/example_dags/example_trigger_controller_dag.py took 0.152 seconds
[2026-05-10T19:54:06.871+0000] {processor.py:161} INFO - Started process (PID=60789) to work on /home/airflow/.local/lib/python3.12/site-packages/airflow/example_dags/example_trigger_controller_dag.py
[2026-05-10T19:54:06.874+0000] {processor.py:830} INFO - Processing file /home/airflow/.local/lib/python3.12/site-packages/airflow/example_dags/example_trigger_controller_dag.py for tasks to queue
[2026-05-10T19:54:06.875+0000] {logging_mixin.py:188} INFO - [2026-05-10T19:54:06.875+0000] {dagbag.py:545} INFO - Filling up the DagBag from /home/airflow/.local/lib/python3.12/site-packages/airflow/example_dags/example_trigger_controller_dag.py
[2026-05-10T19:54:06.887+0000] {processor.py:840} INFO - DAG(s) 'example_trigger_controller_dag' retrieved from /home/airflow/.local/lib/python3.12/site-packages/airflow/example_dags/example_trigger_controller_dag.py
[2026-05-10T19:54:06.924+0000] {logging_mixin.py:188} INFO - [2026-05-10T19:54:06.923+0000] {dag.py:3089} INFO - Sync 1 DAGs
[2026-05-10T19:54:06.972+0000] {logging_mixin.py:188} INFO - [2026-05-10T19:54:06.972+0000] {dag.py:3947} INFO - Setting next_dagrun for example_trigger_controller_dag to 2021-01-01 00:00:00+00:00, run_after=2021-01-01 00:00:00+00:00
[2026-05-10T19:54:07.042+0000] {processor.py:183} INFO - Processing /home/airflow/.local/lib/python3.12/site-packages/airflow/example_dags/example_trigger_controller_dag.py took 0.181 seconds
[2026-05-10T19:54:37.354+0000] {processor.py:161} INFO - Started process (PID=60858) to work on /home/airflow/.local/lib/python3.12/site-packages/airflow/example_dags/example_trigger_controller_dag.py
[2026-05-10T19:54:37.357+0000] {processor.py:830} INFO - Processing file /home/airflow/.local/lib/python3.12/site-packages/airflow/example_dags/example_trigger_controller_dag.py for tasks to queue
[2026-05-10T19:54:37.360+0000] {logging_mixin.py:188} INFO - [2026-05-10T19:54:37.359+0000] {dagbag.py:545} INFO - Filling up the DagBag from /home/airflow/.local/lib/python3.12/site-packages/airflow/example_dags/example_trigger_controller_dag.py
[2026-05-10T19:54:37.374+0000] {processor.py:840} INFO - DAG(s) 'example_trigger_controller_dag' retrieved from /home/airflow/.local/lib/python3.12/site-packages/airflow/example_dags/example_trigger_controller_dag.py
[2026-05-10T19:54:37.418+0000] {logging_mixin.py:188} INFO - [2026-05-10T19:54:37.417+0000] {dag.py:3089} INFO - Sync 1 DAGs
[2026-05-10T19:54:37.451+0000] {logging_mixin.py:188} INFO - [2026-05-10T19:54:37.451+0000] {dag.py:3947} INFO - Setting next_dagrun for example_trigger_controller_dag to 2021-01-01 00:00:00+00:00, run_after=2021-01-01 00:00:00+00:00
[2026-05-10T19:54:37.519+0000] {processor.py:183} INFO - Processing /home/airflow/.local/lib/python3.12/site-packages/airflow/example_dags/example_trigger_controller_dag.py took 0.179 seconds
[2026-05-10T19:55:08.212+0000] {processor.py:161} INFO - Started process (PID=60926) to work on /home/airflow/.local/lib/python3.12/site-packages/airflow/example_dags/example_trigger_controller_dag.py
[2026-05-10T19:55:08.214+0000] {processor.py:830} INFO - Processing file /home/airflow/.local/lib/python3.12/site-packages/airflow/example_dags/example_trigger_controller_dag.py for tasks to queue
[2026-05-10T19:55:08.216+0000] {logging_mixin.py:188} INFO - [2026-05-10T19:55:08.216+0000] {dagbag.py:545} INFO - Filling up the DagBag from /home/airflow/.local/lib/python3.12/site-packages/airflow/example_dags/example_trigger_controller_dag.py
[2026-05-10T19:55:08.227+0000] {processor.py:840} INFO - DAG(s) 'example_trigger_controller_dag' retrieved from /home/airflow/.local/lib/python3.12/site-packages/airflow/example_dags/example_trigger_controller_dag.py
[2026-05-10T19:55:08.266+0000] {logging_mixin.py:188} INFO - [2026-05-10T19:55:08.266+0000] {dag.py:3089} INFO - Sync 1 DAGs
[2026-05-10T19:55:08.302+0000] {logging_mixin.py:188} INFO - [2026-05-10T19:55:08.302+0000] {dag.py:3947} INFO - Setting next_dagrun for example_trigger_controller_dag to 2021-01-01 00:00:00+00:00, run_after=2021-01-01 00:00:00+00:00
[2026-05-10T19:55:08.355+0000] {processor.py:183} INFO - Processing /home/airflow/.local/lib/python3.12/site-packages/airflow/example_dags/example_trigger_controller_dag.py took 0.153 seconds
[2026-05-10T19:55:38.633+0000] {processor.py:161} INFO - Started process (PID=60994) to work on /home/airflow/.local/lib/python3.12/site-packages/airflow/example_dags/example_trigger_controller_dag.py
[2026-05-10T19:55:38.635+0000] {processor.py:830} INFO - Processing file /home/airflow/.local/lib/python3.12/site-packages/airflow/example_dags/example_trigger_controller_dag.py for tasks to queue
[2026-05-10T19:55:38.638+0000] {logging_mixin.py:188} INFO - [2026-05-10T19:55:38.637+0000] {dagbag.py:545} INFO - Filling up the DagBag from /home/airflow/.local/lib/python3.12/site-packages/airflow/example_dags/example_trigger_controller_dag.py
[2026-05-10T19:55:38.650+0000] {processor.py:840} INFO - DAG(s) 'example_trigger_controller_dag' retrieved from /home/airflow/.local/lib/python3.12/site-packages/airflow/example_dags/example_trigger_controller_dag.py
[2026-05-10T19:55:38.692+0000] {logging_mixin.py:188} INFO - [2026-05-10T19:55:38.692+0000] {dag.py:3089} INFO - Sync 1 DAGs
[2026-05-10T19:55:38.729+0000] {logging_mixin.py:188} INFO - [2026-05-10T19:55:38.729+0000] {dag.py:3947} INFO - Setting next_dagrun for example_trigger_controller_dag to 2021-01-01 00:00:00+00:00, run_after=2021-01-01 00:00:00+00:00
[2026-05-10T19:55:38.794+0000] {processor.py:183} INFO - Processing /home/airflow/.local/lib/python3.12/site-packages/airflow/example_dags/example_trigger_controller_dag.py took 0.173 seconds
[2026-05-10T19:56:09.230+0000] {processor.py:161} INFO - Started process (PID=61062) to work on /home/airflow/.local/lib/python3.12/site-packages/airflow/example_dags/example_trigger_controller_dag.py
[2026-05-10T19:56:09.238+0000] {processor.py:830} INFO - Processing file /home/airflow/.local/lib/python3.12/site-packages/airflow/example_dags/example_trigger_controller_dag.py for tasks to queue
[2026-05-10T19:56:09.242+0000] {logging_mixin.py:188} INFO - [2026-05-10T19:56:09.241+0000] {dagbag.py:545} INFO - Filling up the DagBag from /home/airflow/.local/lib/python3.12/site-packages/airflow/example_dags/example_trigger_controller_dag.py
[2026-05-10T19:56:09.253+0000] {processor.py:840} INFO - DAG(s) 'example_trigger_controller_dag' retrieved from /home/airflow/.local/lib/python3.12/site-packages/airflow/example_dags/example_trigger_controller_dag.py
[2026-05-10T19:56:09.292+0000] {logging_mixin.py:188} INFO - [2026-05-10T19:56:09.291+0000] {dag.py:3089} INFO - Sync 1 DAGs
[2026-05-10T19:56:09.334+0000] {logging_mixin.py:188} INFO - [2026-05-10T19:56:09.334+0000] {dag.py:3947} INFO - Setting next_dagrun for example_trigger_controller_dag to 2021-01-01 00:00:00+00:00, run_after=2021-01-01 00:00:00+00:00
[2026-05-10T19:56:09.383+0000] {processor.py:183} INFO - Processing /home/airflow/.local/lib/python3.12/site-packages/airflow/example_dags/example_trigger_controller_dag.py took 0.164 seconds
[2026-05-10T19:56:39.572+0000] {processor.py:161} INFO - Started process (PID=61130) to work on /home/airflow/.local/lib/python3.12/site-packages/airflow/example_dags/example_trigger_controller_dag.py
[2026-05-10T19:56:39.573+0000] {processor.py:830} INFO - Processing file /home/airflow/.local/lib/python3.12/site-packages/airflow/example_dags/example_trigger_controller_dag.py for tasks to queue
[2026-05-10T19:56:39.575+0000] {logging_mixin.py:188} INFO - [2026-05-10T19:56:39.575+0000] {dagbag.py:545} INFO - Filling up the DagBag from /home/airflow/.local/lib/python3.12/site-packages/airflow/example_dags/example_trigger_controller_dag.py
[2026-05-10T19:56:39.584+0000] {processor.py:840} INFO - DAG(s) 'example_trigger_controller_dag' retrieved from /home/airflow/.local/lib/python3.12/site-packages/airflow/example_dags/example_trigger_controller_dag.py
[2026-05-10T19:56:39.620+0000] {logging_mixin.py:188} INFO - [2026-05-10T19:56:39.619+0000] {dag.py:3089} INFO - Sync 1 DAGs
[2026-05-10T19:56:39.655+0000] {logging_mixin.py:188} INFO - [2026-05-10T19:56:39.655+0000] {dag.py:3947} INFO - Setting next_dagrun for example_trigger_controller_dag to 2021-01-01 00:00:00+00:00, run_after=2021-01-01 00:00:00+00:00
[2026-05-10T19:56:39.715+0000] {processor.py:183} INFO - Processing /home/airflow/.local/lib/python3.12/site-packages/airflow/example_dags/example_trigger_controller_dag.py took 0.156 seconds
[2026-05-10T19:57:10.633+0000] {processor.py:161} INFO - Started process (PID=61206) to work on /home/airflow/.local/lib/python3.12/site-packages/airflow/example_dags/example_trigger_controller_dag.py
[2026-05-10T19:57:10.635+0000] {processor.py:830} INFO - Processing file /home/airflow/.local/lib/python3.12/site-packages/airflow/example_dags/example_trigger_controller_dag.py for tasks to queue
[2026-05-10T19:57:10.637+0000] {logging_mixin.py:188} INFO - [2026-05-10T19:57:10.636+0000] {dagbag.py:545} INFO - Filling up the DagBag from /home/airflow/.local/lib/python3.12/site-packages/airflow/example_dags/example_trigger_controller_dag.py
[2026-05-10T19:57:10.648+0000] {processor.py:840} INFO - DAG(s) 'example_trigger_controller_dag' retrieved from /home/airflow/.local/lib/python3.12/site-packages/airflow/example_dags/example_trigger_controller_dag.py
[2026-05-10T19:57:10.694+0000] {logging_mixin.py:188} INFO - [2026-05-10T19:57:10.694+0000] {dag.py:3089} INFO - Sync 1 DAGs
[2026-05-10T19:57:10.728+0000] {logging_mixin.py:188} INFO - [2026-05-10T19:57:10.728+0000] {dag.py:3947} INFO - Setting next_dagrun for example_trigger_controller_dag to 2021-01-01 00:00:00+00:00, run_after=2021-01-01 00:00:00+00:00
[2026-05-10T19:57:10.761+0000] {processor.py:183} INFO - Processing /home/airflow/.local/lib/python3.12/site-packages/airflow/example_dags/example_trigger_controller_dag.py took 0.142 seconds
[2026-05-10T19:57:41.407+0000] {processor.py:161} INFO - Started process (PID=61274) to work on /home/airflow/.local/lib/python3.12/site-packages/airflow/example_dags/example_trigger_controller_dag.py
[2026-05-10T19:57:41.409+0000] {processor.py:830} INFO - Processing file /home/airflow/.local/lib/python3.12/site-packages/airflow/example_dags/example_trigger_controller_dag.py for tasks to queue
[2026-05-10T19:57:41.411+0000] {logging_mixin.py:188} INFO - [2026-05-10T19:57:41.410+0000] {dagbag.py:545} INFO - Filling up the DagBag from /home/airflow/.local/lib/python3.12/site-packages/airflow/example_dags/example_trigger_controller_dag.py
[2026-05-10T19:57:41.420+0000] {processor.py:840} INFO - DAG(s) 'example_trigger_controller_dag' retrieved from /home/airflow/.local/lib/python3.12/site-packages/airflow/example_dags/example_trigger_controller_dag.py
[2026-05-10T19:57:41.453+0000] {logging_mixin.py:188} INFO - [2026-05-10T19:57:41.452+0000] {dag.py:3089} INFO - Sync 1 DAGs
[2026-05-10T19:57:41.484+0000] {logging_mixin.py:188} INFO - [2026-05-10T19:57:41.484+0000] {dag.py:3947} INFO - Setting next_dagrun for example_trigger_controller_dag to 2021-01-01 00:00:00+00:00, run_after=2021-01-01 00:00:00+00:00
[2026-05-10T19:57:41.532+0000] {processor.py:183} INFO - Processing /home/airflow/.local/lib/python3.12/site-packages/airflow/example_dags/example_trigger_controller_dag.py took 0.137 seconds
[2026-05-10T19:58:12.346+0000] {processor.py:161} INFO - Started process (PID=61343) to work on /home/airflow/.local/lib/python3.12/site-packages/airflow/example_dags/example_trigger_controller_dag.py
[2026-05-10T19:58:12.348+0000] {processor.py:830} INFO - Processing file /home/airflow/.local/lib/python3.12/site-packages/airflow/example_dags/example_trigger_controller_dag.py for tasks to queue
[2026-05-10T19:58:12.349+0000] {logging_mixin.py:188} INFO - [2026-05-10T19:58:12.349+0000] {dagbag.py:545} INFO - Filling up the DagBag from /home/airflow/.local/lib/python3.12/site-packages/airflow/example_dags/example_trigger_controller_dag.py
[2026-05-10T19:58:12.359+0000] {processor.py:840} INFO - DAG(s) 'example_trigger_controller_dag' retrieved from /home/airflow/.local/lib/python3.12/site-packages/airflow/example_dags/example_trigger_controller_dag.py
[2026-05-10T19:58:12.401+0000] {logging_mixin.py:188} INFO - [2026-05-10T19:58:12.400+0000] {dag.py:3089} INFO - Sync 1 DAGs
[2026-05-10T19:58:12.433+0000] {logging_mixin.py:188} INFO - [2026-05-10T19:58:12.433+0000] {dag.py:3947} INFO - Setting next_dagrun for example_trigger_controller_dag to 2021-01-01 00:00:00+00:00, run_after=2021-01-01 00:00:00+00:00
[2026-05-10T19:58:12.471+0000] {processor.py:183} INFO - Processing /home/airflow/.local/lib/python3.12/site-packages/airflow/example_dags/example_trigger_controller_dag.py took 0.135 seconds
[2026-05-10T19:58:42.881+0000] {processor.py:161} INFO - Started process (PID=61411) to work on /home/airflow/.local/lib/python3.12/site-packages/airflow/example_dags/example_trigger_controller_dag.py
[2026-05-10T19:58:42.884+0000] {processor.py:830} INFO - Processing file /home/airflow/.local/lib/python3.12/site-packages/airflow/example_dags/example_trigger_controller_dag.py for tasks to queue
[2026-05-10T19:58:42.887+0000] {logging_mixin.py:188} INFO - [2026-05-10T19:58:42.886+0000] {dagbag.py:545} INFO - Filling up the DagBag from /home/airflow/.local/lib/python3.12/site-packages/airflow/example_dags/example_trigger_controller_dag.py
[2026-05-10T19:58:42.902+0000] {processor.py:840} INFO - DAG(s) 'example_trigger_controller_dag' retrieved from /home/airflow/.local/lib/python3.12/site-packages/airflow/example_dags/example_trigger_controller_dag.py
[2026-05-10T19:58:42.948+0000] {logging_mixin.py:188} INFO - [2026-05-10T19:58:42.948+0000] {dag.py:3089} INFO - Sync 1 DAGs
[2026-05-10T19:58:42.991+0000] {logging_mixin.py:188} INFO - [2026-05-10T19:58:42.991+0000] {dag.py:3947} INFO - Setting next_dagrun for example_trigger_controller_dag to 2021-01-01 00:00:00+00:00, run_after=2021-01-01 00:00:00+00:00
[2026-05-10T19:58:43.065+0000] {processor.py:183} INFO - Processing /home/airflow/.local/lib/python3.12/site-packages/airflow/example_dags/example_trigger_controller_dag.py took 0.198 seconds
[2026-05-10T19:59:13.662+0000] {processor.py:161} INFO - Started process (PID=61478) to work on /home/airflow/.local/lib/python3.12/site-packages/airflow/example_dags/example_trigger_controller_dag.py
[2026-05-10T19:59:13.664+0000] {processor.py:830} INFO - Processing file /home/airflow/.local/lib/python3.12/site-packages/airflow/example_dags/example_trigger_controller_dag.py for tasks to queue
[2026-05-10T19:59:13.667+0000] {logging_mixin.py:188} INFO - [2026-05-10T19:59:13.666+0000] {dagbag.py:545} INFO - Filling up the DagBag from /home/airflow/.local/lib/python3.12/site-packages/airflow/example_dags/example_trigger_controller_dag.py
[2026-05-10T19:59:13.679+0000] {processor.py:840} INFO - DAG(s) 'example_trigger_controller_dag' retrieved from /home/airflow/.local/lib/python3.12/site-packages/airflow/example_dags/example_trigger_controller_dag.py
[2026-05-10T19:59:13.716+0000] {logging_mixin.py:188} INFO - [2026-05-10T19:59:13.716+0000] {dag.py:3089} INFO - Sync 1 DAGs
[2026-05-10T19:59:13.746+0000] {logging_mixin.py:188} INFO - [2026-05-10T19:59:13.746+0000] {dag.py:3947} INFO - Setting next_dagrun for example_trigger_controller_dag to 2021-01-01 00:00:00+00:00, run_after=2021-01-01 00:00:00+00:00
[2026-05-10T19:59:13.809+0000] {processor.py:183} INFO - Processing /home/airflow/.local/lib/python3.12/site-packages/airflow/example_dags/example_trigger_controller_dag.py took 0.168 seconds
[2026-05-10T19:59:44.662+0000] {processor.py:161} INFO - Started process (PID=61546) to work on /home/airflow/.local/lib/python3.12/site-packages/airflow/example_dags/example_trigger_controller_dag.py
[2026-05-10T19:59:44.665+0000] {processor.py:830} INFO - Processing file /home/airflow/.local/lib/python3.12/site-packages/airflow/example_dags/example_trigger_controller_dag.py for tasks to queue
[2026-05-10T19:59:44.667+0000] {logging_mixin.py:188} INFO - [2026-05-10T19:59:44.667+0000] {dagbag.py:545} INFO - Filling up the DagBag from /home/airflow/.local/lib/python3.12/site-packages/airflow/example_dags/example_trigger_controller_dag.py
[2026-05-10T19:59:44.678+0000] {processor.py:840} INFO - DAG(s) 'example_trigger_controller_dag' retrieved from /home/airflow/.local/lib/python3.12/site-packages/airflow/example_dags/example_trigger_controller_dag.py
[2026-05-10T19:59:44.714+0000] {logging_mixin.py:188} INFO - [2026-05-10T19:59:44.713+0000] {dag.py:3089} INFO - Sync 1 DAGs
[2026-05-10T19:59:44.752+0000] {logging_mixin.py:188} INFO - [2026-05-10T19:59:44.752+0000] {dag.py:3947} INFO - Setting next_dagrun for example_trigger_controller_dag to 2021-01-01 00:00:00+00:00, run_after=2021-01-01 00:00:00+00:00
[2026-05-10T19:59:44.792+0000] {processor.py:183} INFO - Processing /home/airflow/.local/lib/python3.12/site-packages/airflow/example_dags/example_trigger_controller_dag.py took 0.141 seconds
[2026-05-10T20:00:15.304+0000] {processor.py:161} INFO - Started process (PID=61613) to work on /home/airflow/.local/lib/python3.12/site-packages/airflow/example_dags/example_trigger_controller_dag.py
[2026-05-10T20:00:15.306+0000] {processor.py:830} INFO - Processing file /home/airflow/.local/lib/python3.12/site-packages/airflow/example_dags/example_trigger_controller_dag.py for tasks to queue
[2026-05-10T20:00:15.308+0000] {logging_mixin.py:188} INFO - [2026-05-10T20:00:15.307+0000] {dagbag.py:545} INFO - Filling up the DagBag from /home/airflow/.local/lib/python3.12/site-packages/airflow/example_dags/example_trigger_controller_dag.py
[2026-05-10T20:00:15.317+0000] {processor.py:840} INFO - DAG(s) 'example_trigger_controller_dag' retrieved from /home/airflow/.local/lib/python3.12/site-packages/airflow/example_dags/example_trigger_controller_dag.py
[2026-05-10T20:00:15.356+0000] {logging_mixin.py:188} INFO - [2026-05-10T20:00:15.355+0000] {dag.py:3089} INFO - Sync 1 DAGs
[2026-05-10T20:00:15.390+0000] {logging_mixin.py:188} INFO - [2026-05-10T20:00:15.389+0000] {dag.py:3947} INFO - Setting next_dagrun for example_trigger_controller_dag to 2021-01-01 00:00:00+00:00, run_after=2021-01-01 00:00:00+00:00
[2026-05-10T20:00:15.451+0000] {processor.py:183} INFO - Processing /home/airflow/.local/lib/python3.12/site-packages/airflow/example_dags/example_trigger_controller_dag.py took 0.161 seconds
[2026-05-10T20:00:46.262+0000] {processor.py:161} INFO - Started process (PID=61688) to work on /home/airflow/.local/lib/python3.12/site-packages/airflow/example_dags/example_trigger_controller_dag.py
[2026-05-10T20:00:46.264+0000] {processor.py:830} INFO - Processing file /home/airflow/.local/lib/python3.12/site-packages/airflow/example_dags/example_trigger_controller_dag.py for tasks to queue
[2026-05-10T20:00:46.266+0000] {logging_mixin.py:188} INFO - [2026-05-10T20:00:46.266+0000] {dagbag.py:545} INFO - Filling up the DagBag from /home/airflow/.local/lib/python3.12/site-packages/airflow/example_dags/example_trigger_controller_dag.py
[2026-05-10T20:00:46.279+0000] {processor.py:840} INFO - DAG(s) 'example_trigger_controller_dag' retrieved from /home/airflow/.local/lib/python3.12/site-packages/airflow/example_dags/example_trigger_controller_dag.py
[2026-05-10T20:00:46.324+0000] {logging_mixin.py:188} INFO - [2026-05-10T20:00:46.323+0000] {dag.py:3089} INFO - Sync 1 DAGs
[2026-05-10T20:00:46.358+0000] {logging_mixin.py:188} INFO - [2026-05-10T20:00:46.357+0000] {dag.py:3947} INFO - Setting next_dagrun for example_trigger_controller_dag to 2021-01-01 00:00:00+00:00, run_after=2021-01-01 00:00:00+00:00
[2026-05-10T20:00:46.396+0000] {processor.py:183} INFO - Processing /home/airflow/.local/lib/python3.12/site-packages/airflow/example_dags/example_trigger_controller_dag.py took 0.145 seconds
[2026-05-10T20:01:16.620+0000] {processor.py:161} INFO - Started process (PID=61756) to work on /home/airflow/.local/lib/python3.12/site-packages/airflow/example_dags/example_trigger_controller_dag.py
[2026-05-10T20:01:16.623+0000] {processor.py:830} INFO - Processing file /home/airflow/.local/lib/python3.12/site-packages/airflow/example_dags/example_trigger_controller_dag.py for tasks to queue
[2026-05-10T20:01:16.624+0000] {logging_mixin.py:188} INFO - [2026-05-10T20:01:16.624+0000] {dagbag.py:545} INFO - Filling up the DagBag from /home/airflow/.local/lib/python3.12/site-packages/airflow/example_dags/example_trigger_controller_dag.py
[2026-05-10T20:01:16.638+0000] {processor.py:840} INFO - DAG(s) 'example_trigger_controller_dag' retrieved from /home/airflow/.local/lib/python3.12/site-packages/airflow/example_dags/example_trigger_controller_dag.py
[2026-05-10T20:01:16.684+0000] {logging_mixin.py:188} INFO - [2026-05-10T20:01:16.684+0000] {dag.py:3089} INFO - Sync 1 DAGs
[2026-05-10T20:01:16.717+0000] {logging_mixin.py:188} INFO - [2026-05-10T20:01:16.717+0000] {dag.py:3947} INFO - Setting next_dagrun for example_trigger_controller_dag to 2021-01-01 00:00:00+00:00, run_after=2021-01-01 00:00:00+00:00
[2026-05-10T20:01:16.781+0000] {processor.py:183} INFO - Processing /home/airflow/.local/lib/python3.12/site-packages/airflow/example_dags/example_trigger_controller_dag.py took 0.174 seconds
[2026-05-10T20:01:46.945+0000] {processor.py:161} INFO - Started process (PID=61824) to work on /home/airflow/.local/lib/python3.12/site-packages/airflow/example_dags/example_trigger_controller_dag.py
[2026-05-10T20:01:46.948+0000] {processor.py:830} INFO - Processing file /home/airflow/.local/lib/python3.12/site-packages/airflow/example_dags/example_trigger_controller_dag.py for tasks to queue
[2026-05-10T20:01:46.951+0000] {logging_mixin.py:188} INFO - [2026-05-10T20:01:46.950+0000] {dagbag.py:545} INFO - Filling up the DagBag from /home/airflow/.local/lib/python3.12/site-packages/airflow/example_dags/example_trigger_controller_dag.py
[2026-05-10T20:01:46.986+0000] {processor.py:840} INFO - DAG(s) 'example_trigger_controller_dag' retrieved from /home/airflow/.local/lib/python3.12/site-packages/airflow/example_dags/example_trigger_controller_dag.py
[2026-05-10T20:01:47.027+0000] {logging_mixin.py:188} INFO - [2026-05-10T20:01:47.026+0000] {dag.py:3089} INFO - Sync 1 DAGs
[2026-05-10T20:01:47.065+0000] {logging_mixin.py:188} INFO - [2026-05-10T20:01:47.062+0000] {dag.py:3947} INFO - Setting next_dagrun for example_trigger_controller_dag to 2021-01-01 00:00:00+00:00, run_after=2021-01-01 00:00:00+00:00
[2026-05-10T20:01:47.155+0000] {processor.py:183} INFO - Processing /home/airflow/.local/lib/python3.12/site-packages/airflow/example_dags/example_trigger_controller_dag.py took 0.222 seconds
[2026-05-10T20:02:17.454+0000] {processor.py:161} INFO - Started process (PID=61892) to work on /home/airflow/.local/lib/python3.12/site-packages/airflow/example_dags/example_trigger_controller_dag.py
[2026-05-10T20:02:17.457+0000] {processor.py:830} INFO - Processing file /home/airflow/.local/lib/python3.12/site-packages/airflow/example_dags/example_trigger_controller_dag.py for tasks to queue
[2026-05-10T20:02:17.459+0000] {logging_mixin.py:188} INFO - [2026-05-10T20:02:17.459+0000] {dagbag.py:545} INFO - Filling up the DagBag from /home/airflow/.local/lib/python3.12/site-packages/airflow/example_dags/example_trigger_controller_dag.py
[2026-05-10T20:02:17.473+0000] {processor.py:840} INFO - DAG(s) 'example_trigger_controller_dag' retrieved from /home/airflow/.local/lib/python3.12/site-packages/airflow/example_dags/example_trigger_controller_dag.py
[2026-05-10T20:02:17.516+0000] {logging_mixin.py:188} INFO - [2026-05-10T20:02:17.515+0000] {dag.py:3089} INFO - Sync 1 DAGs
[2026-05-10T20:02:17.862+0000] {logging_mixin.py:188} INFO - [2026-05-10T20:02:17.861+0000] {dag.py:3947} INFO - Setting next_dagrun for example_trigger_controller_dag to 2021-01-01 00:00:00+00:00, run_after=2021-01-01 00:00:00+00:00
[2026-05-10T20:02:17.929+0000] {processor.py:183} INFO - Processing /home/airflow/.local/lib/python3.12/site-packages/airflow/example_dags/example_trigger_controller_dag.py took 0.488 seconds
[2026-05-10T20:02:48.661+0000] {processor.py:161} INFO - Started process (PID=61959) to work on /home/airflow/.local/lib/python3.12/site-packages/airflow/example_dags/example_trigger_controller_dag.py
[2026-05-10T20:02:48.663+0000] {processor.py:830} INFO - Processing file /home/airflow/.local/lib/python3.12/site-packages/airflow/example_dags/example_trigger_controller_dag.py for tasks to queue
[2026-05-10T20:02:48.664+0000] {logging_mixin.py:188} INFO - [2026-05-10T20:02:48.663+0000] {dagbag.py:545} INFO - Filling up the DagBag from /home/airflow/.local/lib/python3.12/site-packages/airflow/example_dags/example_trigger_controller_dag.py
[2026-05-10T20:02:48.676+0000] {processor.py:840} INFO - DAG(s) 'example_trigger_controller_dag' retrieved from /home/airflow/.local/lib/python3.12/site-packages/airflow/example_dags/example_trigger_controller_dag.py
[2026-05-10T20:02:48.713+0000] {logging_mixin.py:188} INFO - [2026-05-10T20:02:48.713+0000] {dag.py:3089} INFO - Sync 1 DAGs
[2026-05-10T20:02:48.747+0000] {logging_mixin.py:188} INFO - [2026-05-10T20:02:48.747+0000] {dag.py:3947} INFO - Setting next_dagrun for example_trigger_controller_dag to 2021-01-01 00:00:00+00:00, run_after=2021-01-01 00:00:00+00:00
[2026-05-10T20:02:48.787+0000] {processor.py:183} INFO - Processing /home/airflow/.local/lib/python3.12/site-packages/airflow/example_dags/example_trigger_controller_dag.py took 0.137 seconds
[2026-05-10T20:03:19.547+0000] {processor.py:161} INFO - Started process (PID=62027) to work on /home/airflow/.local/lib/python3.12/site-packages/airflow/example_dags/example_trigger_controller_dag.py
[2026-05-10T20:03:19.549+0000] {processor.py:830} INFO - Processing file /home/airflow/.local/lib/python3.12/site-packages/airflow/example_dags/example_trigger_controller_dag.py for tasks to queue
[2026-05-10T20:03:19.552+0000] {logging_mixin.py:188} INFO - [2026-05-10T20:03:19.551+0000] {dagbag.py:545} INFO - Filling up the DagBag from /home/airflow/.local/lib/python3.12/site-packages/airflow/example_dags/example_trigger_controller_dag.py
[2026-05-10T20:03:19.563+0000] {processor.py:840} INFO - DAG(s) 'example_trigger_controller_dag' retrieved from /home/airflow/.local/lib/python3.12/site-packages/airflow/example_dags/example_trigger_controller_dag.py
[2026-05-10T20:03:19.607+0000] {logging_mixin.py:188} INFO - [2026-05-10T20:03:19.607+0000] {dag.py:3089} INFO - Sync 1 DAGs
[2026-05-10T20:03:19.640+0000] {logging_mixin.py:188} INFO - [2026-05-10T20:03:19.640+0000] {dag.py:3947} INFO - Setting next_dagrun for example_trigger_controller_dag to 2021-01-01 00:00:00+00:00, run_after=2021-01-01 00:00:00+00:00
[2026-05-10T20:03:19.706+0000] {processor.py:183} INFO - Processing /home/airflow/.local/lib/python3.12/site-packages/airflow/example_dags/example_trigger_controller_dag.py took 0.168 seconds
[2026-05-10T20:03:49.929+0000] {processor.py:161} INFO - Started process (PID=62095) to work on /home/airflow/.local/lib/python3.12/site-packages/airflow/example_dags/example_trigger_controller_dag.py
[2026-05-10T20:03:49.932+0000] {processor.py:830} INFO - Processing file /home/airflow/.local/lib/python3.12/site-packages/airflow/example_dags/example_trigger_controller_dag.py for tasks to queue
[2026-05-10T20:03:49.934+0000] {logging_mixin.py:188} INFO - [2026-05-10T20:03:49.933+0000] {dagbag.py:545} INFO - Filling up the DagBag from /home/airflow/.local/lib/python3.12/site-packages/airflow/example_dags/example_trigger_controller_dag.py
[2026-05-10T20:03:49.945+0000] {processor.py:840} INFO - DAG(s) 'example_trigger_controller_dag' retrieved from /home/airflow/.local/lib/python3.12/site-packages/airflow/example_dags/example_trigger_controller_dag.py
[2026-05-10T20:03:49.981+0000] {logging_mixin.py:188} INFO - [2026-05-10T20:03:49.980+0000] {dag.py:3089} INFO - Sync 1 DAGs
[2026-05-10T20:03:50.016+0000] {logging_mixin.py:188} INFO - [2026-05-10T20:03:50.015+0000] {dag.py:3947} INFO - Setting next_dagrun for example_trigger_controller_dag to 2021-01-01 00:00:00+00:00, run_after=2021-01-01 00:00:00+00:00
[2026-05-10T20:03:50.075+0000] {processor.py:183} INFO - Processing /home/airflow/.local/lib/python3.12/site-packages/airflow/example_dags/example_trigger_controller_dag.py took 0.155 seconds
[2026-05-10T20:04:20.227+0000] {processor.py:161} INFO - Started process (PID=62163) to work on /home/airflow/.local/lib/python3.12/site-packages/airflow/example_dags/example_trigger_controller_dag.py
[2026-05-10T20:04:20.228+0000] {processor.py:830} INFO - Processing file /home/airflow/.local/lib/python3.12/site-packages/airflow/example_dags/example_trigger_controller_dag.py for tasks to queue
[2026-05-10T20:04:20.230+0000] {logging_mixin.py:188} INFO - [2026-05-10T20:04:20.229+0000] {dagbag.py:545} INFO - Filling up the DagBag from /home/airflow/.local/lib/python3.12/site-packages/airflow/example_dags/example_trigger_controller_dag.py
[2026-05-10T20:04:20.241+0000] {processor.py:840} INFO - DAG(s) 'example_trigger_controller_dag' retrieved from /home/airflow/.local/lib/python3.12/site-packages/airflow/example_dags/example_trigger_controller_dag.py
[2026-05-10T20:04:20.278+0000] {logging_mixin.py:188} INFO - [2026-05-10T20:04:20.278+0000] {dag.py:3089} INFO - Sync 1 DAGs
[2026-05-10T20:04:20.313+0000] {logging_mixin.py:188} INFO - [2026-05-10T20:04:20.312+0000] {dag.py:3947} INFO - Setting next_dagrun for example_trigger_controller_dag to 2021-01-01 00:00:00+00:00, run_after=2021-01-01 00:00:00+00:00
[2026-05-10T20:04:20.383+0000] {processor.py:183} INFO - Processing /home/airflow/.local/lib/python3.12/site-packages/airflow/example_dags/example_trigger_controller_dag.py took 0.165 seconds
[2026-05-10T20:04:50.576+0000] {processor.py:161} INFO - Started process (PID=62238) to work on /home/airflow/.local/lib/python3.12/site-packages/airflow/example_dags/example_trigger_controller_dag.py
[2026-05-10T20:04:50.583+0000] {processor.py:830} INFO - Processing file /home/airflow/.local/lib/python3.12/site-packages/airflow/example_dags/example_trigger_controller_dag.py for tasks to queue
[2026-05-10T20:04:50.585+0000] {logging_mixin.py:188} INFO - [2026-05-10T20:04:50.584+0000] {dagbag.py:545} INFO - Filling up the DagBag from /home/airflow/.local/lib/python3.12/site-packages/airflow/example_dags/example_trigger_controller_dag.py
[2026-05-10T20:04:50.597+0000] {processor.py:840} INFO - DAG(s) 'example_trigger_controller_dag' retrieved from /home/airflow/.local/lib/python3.12/site-packages/airflow/example_dags/example_trigger_controller_dag.py
[2026-05-10T20:04:50.635+0000] {logging_mixin.py:188} INFO - [2026-05-10T20:04:50.635+0000] {dag.py:3089} INFO - Sync 1 DAGs
[2026-05-10T20:04:50.672+0000] {logging_mixin.py:188} INFO - [2026-05-10T20:04:50.672+0000] {dag.py:3947} INFO - Setting next_dagrun for example_trigger_controller_dag to 2021-01-01 00:00:00+00:00, run_after=2021-01-01 00:00:00+00:00
[2026-05-10T20:04:50.738+0000] {processor.py:183} INFO - Processing /home/airflow/.local/lib/python3.12/site-packages/airflow/example_dags/example_trigger_controller_dag.py took 0.174 seconds
[2026-05-10T20:05:21.212+0000] {processor.py:161} INFO - Started process (PID=62305) to work on /home/airflow/.local/lib/python3.12/site-packages/airflow/example_dags/example_trigger_controller_dag.py
[2026-05-10T20:05:21.213+0000] {processor.py:830} INFO - Processing file /home/airflow/.local/lib/python3.12/site-packages/airflow/example_dags/example_trigger_controller_dag.py for tasks to queue
[2026-05-10T20:05:21.215+0000] {logging_mixin.py:188} INFO - [2026-05-10T20:05:21.215+0000] {dagbag.py:545} INFO - Filling up the DagBag from /home/airflow/.local/lib/python3.12/site-packages/airflow/example_dags/example_trigger_controller_dag.py
[2026-05-10T20:05:21.227+0000] {processor.py:840} INFO - DAG(s) 'example_trigger_controller_dag' retrieved from /home/airflow/.local/lib/python3.12/site-packages/airflow/example_dags/example_trigger_controller_dag.py
[2026-05-10T20:05:21.266+0000] {logging_mixin.py:188} INFO - [2026-05-10T20:05:21.265+0000] {dag.py:3089} INFO - Sync 1 DAGs
[2026-05-10T20:05:21.329+0000] {logging_mixin.py:188} INFO - [2026-05-10T20:05:21.329+0000] {dag.py:3947} INFO - Setting next_dagrun for example_trigger_controller_dag to 2021-01-01 00:00:00+00:00, run_after=2021-01-01 00:00:00+00:00
[2026-05-10T20:05:21.361+0000] {processor.py:183} INFO - Processing /home/airflow/.local/lib/python3.12/site-packages/airflow/example_dags/example_trigger_controller_dag.py took 0.159 seconds
