[2026-04-21T08:54:23.763+0000] {processor.py:153} INFO - Started process (PID=105) to work on /home/airflow/.local/lib/python3.7/site-packages/airflow/example_dags/example_dynamic_task_mapping.py
[2026-04-21T08:54:23.765+0000] {processor.py:743} INFO - Processing file /home/airflow/.local/lib/python3.7/site-packages/airflow/example_dags/example_dynamic_task_mapping.py for tasks to queue
[2026-04-21T08:54:23.766+0000] {logging_mixin.py:137} INFO - [2026-04-21T08:54:23.766+0000] {dagbag.py:538} INFO - Filling up the DagBag from /home/airflow/.local/lib/python3.7/site-packages/airflow/example_dags/example_dynamic_task_mapping.py
[2026-04-21T08:54:23.811+0000] {processor.py:753} INFO - DAG(s) dict_keys(['example_dynamic_task_mapping']) retrieved from /home/airflow/.local/lib/python3.7/site-packages/airflow/example_dags/example_dynamic_task_mapping.py
[2026-04-21T08:54:23.832+0000] {logging_mixin.py:137} INFO - [2026-04-21T08:54:23.832+0000] {dag.py:2690} INFO - Sync 1 DAGs
[2026-04-21T08:54:23.868+0000] {logging_mixin.py:137} INFO - [2026-04-21T08:54:23.867+0000] {dag.py:3441} INFO - Setting next_dagrun for example_dynamic_task_mapping to 2022-03-04T00:00:00+00:00, run_after=2022-03-05T00:00:00+00:00
[2026-04-21T08:54:23.905+0000] {processor.py:175} INFO - Processing /home/airflow/.local/lib/python3.7/site-packages/airflow/example_dags/example_dynamic_task_mapping.py took 0.148 seconds
[2026-04-21T08:54:55.319+0000] {processor.py:153} INFO - Started process (PID=192) to work on /home/airflow/.local/lib/python3.7/site-packages/airflow/example_dags/example_dynamic_task_mapping.py
[2026-04-21T08:54:55.321+0000] {processor.py:743} INFO - Processing file /home/airflow/.local/lib/python3.7/site-packages/airflow/example_dags/example_dynamic_task_mapping.py for tasks to queue
[2026-04-21T08:54:55.322+0000] {logging_mixin.py:137} INFO - [2026-04-21T08:54:55.322+0000] {dagbag.py:538} INFO - Filling up the DagBag from /home/airflow/.local/lib/python3.7/site-packages/airflow/example_dags/example_dynamic_task_mapping.py
[2026-04-21T08:54:55.357+0000] {processor.py:753} INFO - DAG(s) dict_keys(['example_dynamic_task_mapping']) retrieved from /home/airflow/.local/lib/python3.7/site-packages/airflow/example_dags/example_dynamic_task_mapping.py
[2026-04-21T08:54:55.412+0000] {logging_mixin.py:137} INFO - [2026-04-21T08:54:55.411+0000] {dag.py:2690} INFO - Sync 1 DAGs
[2026-04-21T08:54:55.455+0000] {logging_mixin.py:137} INFO - [2026-04-21T08:54:55.455+0000] {dag.py:3441} INFO - Setting next_dagrun for example_dynamic_task_mapping to 2022-03-04T00:00:00+00:00, run_after=2022-03-05T00:00:00+00:00
[2026-04-21T08:54:55.499+0000] {processor.py:175} INFO - Processing /home/airflow/.local/lib/python3.7/site-packages/airflow/example_dags/example_dynamic_task_mapping.py took 0.187 seconds
[2026-04-21T08:55:26.938+0000] {processor.py:153} INFO - Started process (PID=303) to work on /home/airflow/.local/lib/python3.7/site-packages/airflow/example_dags/example_dynamic_task_mapping.py
[2026-04-21T08:55:26.941+0000] {processor.py:743} INFO - Processing file /home/airflow/.local/lib/python3.7/site-packages/airflow/example_dags/example_dynamic_task_mapping.py for tasks to queue
[2026-04-21T08:55:26.944+0000] {logging_mixin.py:137} INFO - [2026-04-21T08:55:26.944+0000] {dagbag.py:538} INFO - Filling up the DagBag from /home/airflow/.local/lib/python3.7/site-packages/airflow/example_dags/example_dynamic_task_mapping.py
[2026-04-21T08:55:26.984+0000] {processor.py:753} INFO - DAG(s) dict_keys(['example_dynamic_task_mapping']) retrieved from /home/airflow/.local/lib/python3.7/site-packages/airflow/example_dags/example_dynamic_task_mapping.py
[2026-04-21T08:55:27.032+0000] {logging_mixin.py:137} INFO - [2026-04-21T08:55:27.032+0000] {dag.py:2690} INFO - Sync 1 DAGs
[2026-04-21T08:55:27.074+0000] {logging_mixin.py:137} INFO - [2026-04-21T08:55:27.074+0000] {dag.py:3441} INFO - Setting next_dagrun for example_dynamic_task_mapping to 2022-03-04T00:00:00+00:00, run_after=2022-03-05T00:00:00+00:00
[2026-04-21T08:55:27.123+0000] {processor.py:175} INFO - Processing /home/airflow/.local/lib/python3.7/site-packages/airflow/example_dags/example_dynamic_task_mapping.py took 0.190 seconds
[2026-04-21T08:55:57.869+0000] {processor.py:153} INFO - Started process (PID=390) to work on /home/airflow/.local/lib/python3.7/site-packages/airflow/example_dags/example_dynamic_task_mapping.py
[2026-04-21T08:55:57.879+0000] {processor.py:743} INFO - Processing file /home/airflow/.local/lib/python3.7/site-packages/airflow/example_dags/example_dynamic_task_mapping.py for tasks to queue
[2026-04-21T08:55:57.882+0000] {logging_mixin.py:137} INFO - [2026-04-21T08:55:57.881+0000] {dagbag.py:538} INFO - Filling up the DagBag from /home/airflow/.local/lib/python3.7/site-packages/airflow/example_dags/example_dynamic_task_mapping.py
[2026-04-21T08:55:57.927+0000] {processor.py:753} INFO - DAG(s) dict_keys(['example_dynamic_task_mapping']) retrieved from /home/airflow/.local/lib/python3.7/site-packages/airflow/example_dags/example_dynamic_task_mapping.py
[2026-04-21T08:55:57.970+0000] {logging_mixin.py:137} INFO - [2026-04-21T08:55:57.970+0000] {dag.py:2690} INFO - Sync 1 DAGs
[2026-04-21T08:55:58.016+0000] {logging_mixin.py:137} INFO - [2026-04-21T08:55:58.016+0000] {dag.py:3441} INFO - Setting next_dagrun for example_dynamic_task_mapping to 2022-03-04T00:00:00+00:00, run_after=2022-03-05T00:00:00+00:00
[2026-04-21T08:55:58.058+0000] {processor.py:175} INFO - Processing /home/airflow/.local/lib/python3.7/site-packages/airflow/example_dags/example_dynamic_task_mapping.py took 0.197 seconds
[2026-04-21T08:56:28.209+0000] {processor.py:153} INFO - Started process (PID=477) to work on /home/airflow/.local/lib/python3.7/site-packages/airflow/example_dags/example_dynamic_task_mapping.py
[2026-04-21T08:56:28.211+0000] {processor.py:743} INFO - Processing file /home/airflow/.local/lib/python3.7/site-packages/airflow/example_dags/example_dynamic_task_mapping.py for tasks to queue
[2026-04-21T08:56:28.212+0000] {logging_mixin.py:137} INFO - [2026-04-21T08:56:28.212+0000] {dagbag.py:538} INFO - Filling up the DagBag from /home/airflow/.local/lib/python3.7/site-packages/airflow/example_dags/example_dynamic_task_mapping.py
[2026-04-21T08:56:28.249+0000] {processor.py:753} INFO - DAG(s) dict_keys(['example_dynamic_task_mapping']) retrieved from /home/airflow/.local/lib/python3.7/site-packages/airflow/example_dags/example_dynamic_task_mapping.py
[2026-04-21T08:56:28.290+0000] {logging_mixin.py:137} INFO - [2026-04-21T08:56:28.289+0000] {dag.py:2690} INFO - Sync 1 DAGs
[2026-04-21T08:56:28.325+0000] {logging_mixin.py:137} INFO - [2026-04-21T08:56:28.324+0000] {dag.py:3441} INFO - Setting next_dagrun for example_dynamic_task_mapping to 2022-03-04T00:00:00+00:00, run_after=2022-03-05T00:00:00+00:00
[2026-04-21T08:56:28.362+0000] {processor.py:175} INFO - Processing /home/airflow/.local/lib/python3.7/site-packages/airflow/example_dags/example_dynamic_task_mapping.py took 0.159 seconds
[2026-04-21T08:56:58.638+0000] {processor.py:153} INFO - Started process (PID=588) to work on /home/airflow/.local/lib/python3.7/site-packages/airflow/example_dags/example_dynamic_task_mapping.py
[2026-04-21T08:56:58.640+0000] {processor.py:743} INFO - Processing file /home/airflow/.local/lib/python3.7/site-packages/airflow/example_dags/example_dynamic_task_mapping.py for tasks to queue
[2026-04-21T08:56:58.642+0000] {logging_mixin.py:137} INFO - [2026-04-21T08:56:58.641+0000] {dagbag.py:538} INFO - Filling up the DagBag from /home/airflow/.local/lib/python3.7/site-packages/airflow/example_dags/example_dynamic_task_mapping.py
[2026-04-21T08:56:58.676+0000] {processor.py:753} INFO - DAG(s) dict_keys(['example_dynamic_task_mapping']) retrieved from /home/airflow/.local/lib/python3.7/site-packages/airflow/example_dags/example_dynamic_task_mapping.py
[2026-04-21T08:56:58.715+0000] {logging_mixin.py:137} INFO - [2026-04-21T08:56:58.715+0000] {dag.py:2690} INFO - Sync 1 DAGs
[2026-04-21T08:56:58.755+0000] {logging_mixin.py:137} INFO - [2026-04-21T08:56:58.755+0000] {dag.py:3441} INFO - Setting next_dagrun for example_dynamic_task_mapping to 2022-03-04T00:00:00+00:00, run_after=2022-03-05T00:00:00+00:00
[2026-04-21T08:56:58.794+0000] {processor.py:175} INFO - Processing /home/airflow/.local/lib/python3.7/site-packages/airflow/example_dags/example_dynamic_task_mapping.py took 0.161 seconds
[2026-04-21T08:57:29.612+0000] {processor.py:153} INFO - Started process (PID=676) to work on /home/airflow/.local/lib/python3.7/site-packages/airflow/example_dags/example_dynamic_task_mapping.py
[2026-04-21T08:57:29.614+0000] {processor.py:743} INFO - Processing file /home/airflow/.local/lib/python3.7/site-packages/airflow/example_dags/example_dynamic_task_mapping.py for tasks to queue
[2026-04-21T08:57:29.617+0000] {logging_mixin.py:137} INFO - [2026-04-21T08:57:29.617+0000] {dagbag.py:538} INFO - Filling up the DagBag from /home/airflow/.local/lib/python3.7/site-packages/airflow/example_dags/example_dynamic_task_mapping.py
[2026-04-21T08:57:29.655+0000] {processor.py:753} INFO - DAG(s) dict_keys(['example_dynamic_task_mapping']) retrieved from /home/airflow/.local/lib/python3.7/site-packages/airflow/example_dags/example_dynamic_task_mapping.py
[2026-04-21T08:57:29.702+0000] {logging_mixin.py:137} INFO - [2026-04-21T08:57:29.701+0000] {dag.py:2690} INFO - Sync 1 DAGs
[2026-04-21T08:57:29.747+0000] {logging_mixin.py:137} INFO - [2026-04-21T08:57:29.747+0000] {dag.py:3441} INFO - Setting next_dagrun for example_dynamic_task_mapping to 2022-03-04T00:00:00+00:00, run_after=2022-03-05T00:00:00+00:00
[2026-04-21T08:57:29.790+0000] {processor.py:175} INFO - Processing /home/airflow/.local/lib/python3.7/site-packages/airflow/example_dags/example_dynamic_task_mapping.py took 0.184 seconds
[2026-04-21T08:58:00.336+0000] {processor.py:153} INFO - Started process (PID=764) to work on /home/airflow/.local/lib/python3.7/site-packages/airflow/example_dags/example_dynamic_task_mapping.py
[2026-04-21T08:58:00.338+0000] {processor.py:743} INFO - Processing file /home/airflow/.local/lib/python3.7/site-packages/airflow/example_dags/example_dynamic_task_mapping.py for tasks to queue
[2026-04-21T08:58:00.340+0000] {logging_mixin.py:137} INFO - [2026-04-21T08:58:00.340+0000] {dagbag.py:538} INFO - Filling up the DagBag from /home/airflow/.local/lib/python3.7/site-packages/airflow/example_dags/example_dynamic_task_mapping.py
[2026-04-21T08:58:00.385+0000] {processor.py:753} INFO - DAG(s) dict_keys(['example_dynamic_task_mapping']) retrieved from /home/airflow/.local/lib/python3.7/site-packages/airflow/example_dags/example_dynamic_task_mapping.py
[2026-04-21T08:58:00.427+0000] {logging_mixin.py:137} INFO - [2026-04-21T08:58:00.427+0000] {dag.py:2690} INFO - Sync 1 DAGs
[2026-04-21T08:58:00.462+0000] {logging_mixin.py:137} INFO - [2026-04-21T08:58:00.462+0000] {dag.py:3441} INFO - Setting next_dagrun for example_dynamic_task_mapping to 2022-03-04T00:00:00+00:00, run_after=2022-03-05T00:00:00+00:00
[2026-04-21T08:58:00.500+0000] {processor.py:175} INFO - Processing /home/airflow/.local/lib/python3.7/site-packages/airflow/example_dags/example_dynamic_task_mapping.py took 0.169 seconds
[2026-04-21T08:58:30.686+0000] {processor.py:153} INFO - Started process (PID=874) to work on /home/airflow/.local/lib/python3.7/site-packages/airflow/example_dags/example_dynamic_task_mapping.py
[2026-04-21T08:58:30.689+0000] {processor.py:743} INFO - Processing file /home/airflow/.local/lib/python3.7/site-packages/airflow/example_dags/example_dynamic_task_mapping.py for tasks to queue
[2026-04-21T08:58:30.690+0000] {logging_mixin.py:137} INFO - [2026-04-21T08:58:30.690+0000] {dagbag.py:538} INFO - Filling up the DagBag from /home/airflow/.local/lib/python3.7/site-packages/airflow/example_dags/example_dynamic_task_mapping.py
[2026-04-21T08:58:30.728+0000] {processor.py:753} INFO - DAG(s) dict_keys(['example_dynamic_task_mapping']) retrieved from /home/airflow/.local/lib/python3.7/site-packages/airflow/example_dags/example_dynamic_task_mapping.py
[2026-04-21T08:58:30.769+0000] {logging_mixin.py:137} INFO - [2026-04-21T08:58:30.769+0000] {dag.py:2690} INFO - Sync 1 DAGs
[2026-04-21T08:58:30.803+0000] {logging_mixin.py:137} INFO - [2026-04-21T08:58:30.803+0000] {dag.py:3441} INFO - Setting next_dagrun for example_dynamic_task_mapping to 2022-03-04T00:00:00+00:00, run_after=2022-03-05T00:00:00+00:00
[2026-04-21T08:58:30.836+0000] {processor.py:175} INFO - Processing /home/airflow/.local/lib/python3.7/site-packages/airflow/example_dags/example_dynamic_task_mapping.py took 0.156 seconds
[2026-04-21T08:59:01.918+0000] {processor.py:153} INFO - Started process (PID=961) to work on /home/airflow/.local/lib/python3.7/site-packages/airflow/example_dags/example_dynamic_task_mapping.py
[2026-04-21T08:59:01.920+0000] {processor.py:743} INFO - Processing file /home/airflow/.local/lib/python3.7/site-packages/airflow/example_dags/example_dynamic_task_mapping.py for tasks to queue
[2026-04-21T08:59:01.923+0000] {logging_mixin.py:137} INFO - [2026-04-21T08:59:01.922+0000] {dagbag.py:538} INFO - Filling up the DagBag from /home/airflow/.local/lib/python3.7/site-packages/airflow/example_dags/example_dynamic_task_mapping.py
[2026-04-21T08:59:01.959+0000] {processor.py:753} INFO - DAG(s) dict_keys(['example_dynamic_task_mapping']) retrieved from /home/airflow/.local/lib/python3.7/site-packages/airflow/example_dags/example_dynamic_task_mapping.py
[2026-04-21T08:59:02.005+0000] {logging_mixin.py:137} INFO - [2026-04-21T08:59:02.005+0000] {dag.py:2690} INFO - Sync 1 DAGs
[2026-04-21T08:59:02.047+0000] {logging_mixin.py:137} INFO - [2026-04-21T08:59:02.047+0000] {dag.py:3441} INFO - Setting next_dagrun for example_dynamic_task_mapping to 2022-03-04T00:00:00+00:00, run_after=2022-03-05T00:00:00+00:00
[2026-04-21T08:59:02.081+0000] {processor.py:175} INFO - Processing /home/airflow/.local/lib/python3.7/site-packages/airflow/example_dags/example_dynamic_task_mapping.py took 0.169 seconds
[2026-04-21T08:59:32.528+0000] {processor.py:153} INFO - Started process (PID=1048) to work on /home/airflow/.local/lib/python3.7/site-packages/airflow/example_dags/example_dynamic_task_mapping.py
[2026-04-21T08:59:32.532+0000] {processor.py:743} INFO - Processing file /home/airflow/.local/lib/python3.7/site-packages/airflow/example_dags/example_dynamic_task_mapping.py for tasks to queue
[2026-04-21T08:59:32.537+0000] {logging_mixin.py:137} INFO - [2026-04-21T08:59:32.536+0000] {dagbag.py:538} INFO - Filling up the DagBag from /home/airflow/.local/lib/python3.7/site-packages/airflow/example_dags/example_dynamic_task_mapping.py
[2026-04-21T08:59:32.584+0000] {processor.py:753} INFO - DAG(s) dict_keys(['example_dynamic_task_mapping']) retrieved from /home/airflow/.local/lib/python3.7/site-packages/airflow/example_dags/example_dynamic_task_mapping.py
[2026-04-21T08:59:32.642+0000] {logging_mixin.py:137} INFO - [2026-04-21T08:59:32.641+0000] {dag.py:2690} INFO - Sync 1 DAGs
[2026-04-21T08:59:32.684+0000] {logging_mixin.py:137} INFO - [2026-04-21T08:59:32.684+0000] {dag.py:3441} INFO - Setting next_dagrun for example_dynamic_task_mapping to 2022-03-04T00:00:00+00:00, run_after=2022-03-05T00:00:00+00:00
[2026-04-21T08:59:32.718+0000] {processor.py:175} INFO - Processing /home/airflow/.local/lib/python3.7/site-packages/airflow/example_dags/example_dynamic_task_mapping.py took 0.197 seconds
[2026-04-21T09:00:02.993+0000] {processor.py:153} INFO - Started process (PID=1144) to work on /home/airflow/.local/lib/python3.7/site-packages/airflow/example_dags/example_dynamic_task_mapping.py
[2026-04-21T09:00:02.995+0000] {processor.py:743} INFO - Processing file /home/airflow/.local/lib/python3.7/site-packages/airflow/example_dags/example_dynamic_task_mapping.py for tasks to queue
[2026-04-21T09:00:02.996+0000] {logging_mixin.py:137} INFO - [2026-04-21T09:00:02.996+0000] {dagbag.py:538} INFO - Filling up the DagBag from /home/airflow/.local/lib/python3.7/site-packages/airflow/example_dags/example_dynamic_task_mapping.py
[2026-04-21T09:00:03.043+0000] {processor.py:753} INFO - DAG(s) dict_keys(['example_dynamic_task_mapping']) retrieved from /home/airflow/.local/lib/python3.7/site-packages/airflow/example_dags/example_dynamic_task_mapping.py
[2026-04-21T09:00:03.092+0000] {logging_mixin.py:137} INFO - [2026-04-21T09:00:03.092+0000] {dag.py:2690} INFO - Sync 1 DAGs
[2026-04-21T09:00:03.127+0000] {logging_mixin.py:137} INFO - [2026-04-21T09:00:03.127+0000] {dag.py:3441} INFO - Setting next_dagrun for example_dynamic_task_mapping to 2022-03-04T00:00:00+00:00, run_after=2022-03-05T00:00:00+00:00
[2026-04-21T09:00:03.218+0000] {processor.py:175} INFO - Processing /home/airflow/.local/lib/python3.7/site-packages/airflow/example_dags/example_dynamic_task_mapping.py took 0.230 seconds
[2026-04-21T09:00:33.672+0000] {processor.py:153} INFO - Started process (PID=1245) to work on /home/airflow/.local/lib/python3.7/site-packages/airflow/example_dags/example_dynamic_task_mapping.py
[2026-04-21T09:00:33.673+0000] {processor.py:743} INFO - Processing file /home/airflow/.local/lib/python3.7/site-packages/airflow/example_dags/example_dynamic_task_mapping.py for tasks to queue
[2026-04-21T09:00:33.675+0000] {logging_mixin.py:137} INFO - [2026-04-21T09:00:33.675+0000] {dagbag.py:538} INFO - Filling up the DagBag from /home/airflow/.local/lib/python3.7/site-packages/airflow/example_dags/example_dynamic_task_mapping.py
[2026-04-21T09:00:33.708+0000] {processor.py:753} INFO - DAG(s) dict_keys(['example_dynamic_task_mapping']) retrieved from /home/airflow/.local/lib/python3.7/site-packages/airflow/example_dags/example_dynamic_task_mapping.py
[2026-04-21T09:00:33.745+0000] {logging_mixin.py:137} INFO - [2026-04-21T09:00:33.744+0000] {dag.py:2690} INFO - Sync 1 DAGs
[2026-04-21T09:00:33.783+0000] {logging_mixin.py:137} INFO - [2026-04-21T09:00:33.783+0000] {dag.py:3441} INFO - Setting next_dagrun for example_dynamic_task_mapping to 2022-03-04T00:00:00+00:00, run_after=2022-03-05T00:00:00+00:00
[2026-04-21T09:00:33.834+0000] {processor.py:175} INFO - Processing /home/airflow/.local/lib/python3.7/site-packages/airflow/example_dags/example_dynamic_task_mapping.py took 0.167 seconds
[2026-04-21T09:01:04.786+0000] {processor.py:153} INFO - Started process (PID=1332) to work on /home/airflow/.local/lib/python3.7/site-packages/airflow/example_dags/example_dynamic_task_mapping.py
[2026-04-21T09:01:04.795+0000] {processor.py:743} INFO - Processing file /home/airflow/.local/lib/python3.7/site-packages/airflow/example_dags/example_dynamic_task_mapping.py for tasks to queue
[2026-04-21T09:01:04.798+0000] {logging_mixin.py:137} INFO - [2026-04-21T09:01:04.798+0000] {dagbag.py:538} INFO - Filling up the DagBag from /home/airflow/.local/lib/python3.7/site-packages/airflow/example_dags/example_dynamic_task_mapping.py
[2026-04-21T09:01:04.847+0000] {processor.py:753} INFO - DAG(s) dict_keys(['example_dynamic_task_mapping']) retrieved from /home/airflow/.local/lib/python3.7/site-packages/airflow/example_dags/example_dynamic_task_mapping.py
[2026-04-21T09:01:04.898+0000] {logging_mixin.py:137} INFO - [2026-04-21T09:01:04.898+0000] {dag.py:2690} INFO - Sync 1 DAGs
[2026-04-21T09:01:04.948+0000] {logging_mixin.py:137} INFO - [2026-04-21T09:01:04.948+0000] {dag.py:3441} INFO - Setting next_dagrun for example_dynamic_task_mapping to 2022-03-04T00:00:00+00:00, run_after=2022-03-05T00:00:00+00:00
[2026-04-21T09:01:04.984+0000] {processor.py:175} INFO - Processing /home/airflow/.local/lib/python3.7/site-packages/airflow/example_dags/example_dynamic_task_mapping.py took 0.207 seconds
[2026-04-21T09:01:35.231+0000] {processor.py:153} INFO - Started process (PID=1425) to work on /home/airflow/.local/lib/python3.7/site-packages/airflow/example_dags/example_dynamic_task_mapping.py
[2026-04-21T09:01:35.233+0000] {processor.py:743} INFO - Processing file /home/airflow/.local/lib/python3.7/site-packages/airflow/example_dags/example_dynamic_task_mapping.py for tasks to queue
[2026-04-21T09:01:35.235+0000] {logging_mixin.py:137} INFO - [2026-04-21T09:01:35.235+0000] {dagbag.py:538} INFO - Filling up the DagBag from /home/airflow/.local/lib/python3.7/site-packages/airflow/example_dags/example_dynamic_task_mapping.py
[2026-04-21T09:01:35.275+0000] {processor.py:753} INFO - DAG(s) dict_keys(['example_dynamic_task_mapping']) retrieved from /home/airflow/.local/lib/python3.7/site-packages/airflow/example_dags/example_dynamic_task_mapping.py
[2026-04-21T09:01:35.318+0000] {logging_mixin.py:137} INFO - [2026-04-21T09:01:35.318+0000] {dag.py:2690} INFO - Sync 1 DAGs
[2026-04-21T09:01:35.353+0000] {logging_mixin.py:137} INFO - [2026-04-21T09:01:35.353+0000] {dag.py:3441} INFO - Setting next_dagrun for example_dynamic_task_mapping to 2022-03-04T00:00:00+00:00, run_after=2022-03-05T00:00:00+00:00
[2026-04-21T09:01:35.383+0000] {processor.py:175} INFO - Processing /home/airflow/.local/lib/python3.7/site-packages/airflow/example_dags/example_dynamic_task_mapping.py took 0.159 seconds
[2026-04-21T09:02:52.999+0000] {processor.py:153} INFO - Started process (PID=106) to work on /home/airflow/.local/lib/python3.7/site-packages/airflow/example_dags/example_dynamic_task_mapping.py
[2026-04-21T09:02:53.001+0000] {processor.py:743} INFO - Processing file /home/airflow/.local/lib/python3.7/site-packages/airflow/example_dags/example_dynamic_task_mapping.py for tasks to queue
[2026-04-21T09:02:53.002+0000] {logging_mixin.py:137} INFO - [2026-04-21T09:02:53.002+0000] {dagbag.py:538} INFO - Filling up the DagBag from /home/airflow/.local/lib/python3.7/site-packages/airflow/example_dags/example_dynamic_task_mapping.py
[2026-04-21T09:02:53.037+0000] {processor.py:753} INFO - DAG(s) dict_keys(['example_dynamic_task_mapping']) retrieved from /home/airflow/.local/lib/python3.7/site-packages/airflow/example_dags/example_dynamic_task_mapping.py
[2026-04-21T09:02:53.082+0000] {logging_mixin.py:137} INFO - [2026-04-21T09:02:53.081+0000] {dag.py:2690} INFO - Sync 1 DAGs
[2026-04-21T09:02:53.118+0000] {logging_mixin.py:137} INFO - [2026-04-21T09:02:53.118+0000] {dag.py:3441} INFO - Setting next_dagrun for example_dynamic_task_mapping to 2022-03-04T00:00:00+00:00, run_after=2022-03-05T00:00:00+00:00
[2026-04-21T09:02:53.155+0000] {processor.py:175} INFO - Processing /home/airflow/.local/lib/python3.7/site-packages/airflow/example_dags/example_dynamic_task_mapping.py took 0.162 seconds
[2026-04-21T09:03:24.133+0000] {processor.py:153} INFO - Started process (PID=193) to work on /home/airflow/.local/lib/python3.7/site-packages/airflow/example_dags/example_dynamic_task_mapping.py
[2026-04-21T09:03:24.137+0000] {processor.py:743} INFO - Processing file /home/airflow/.local/lib/python3.7/site-packages/airflow/example_dags/example_dynamic_task_mapping.py for tasks to queue
[2026-04-21T09:03:24.140+0000] {logging_mixin.py:137} INFO - [2026-04-21T09:03:24.140+0000] {dagbag.py:538} INFO - Filling up the DagBag from /home/airflow/.local/lib/python3.7/site-packages/airflow/example_dags/example_dynamic_task_mapping.py
[2026-04-21T09:03:24.182+0000] {processor.py:753} INFO - DAG(s) dict_keys(['example_dynamic_task_mapping']) retrieved from /home/airflow/.local/lib/python3.7/site-packages/airflow/example_dags/example_dynamic_task_mapping.py
[2026-04-21T09:03:24.233+0000] {logging_mixin.py:137} INFO - [2026-04-21T09:03:24.233+0000] {dag.py:2690} INFO - Sync 1 DAGs
[2026-04-21T09:03:24.277+0000] {logging_mixin.py:137} INFO - [2026-04-21T09:03:24.277+0000] {dag.py:3441} INFO - Setting next_dagrun for example_dynamic_task_mapping to 2022-03-04T00:00:00+00:00, run_after=2022-03-05T00:00:00+00:00
[2026-04-21T09:03:24.314+0000] {processor.py:175} INFO - Processing /home/airflow/.local/lib/python3.7/site-packages/airflow/example_dags/example_dynamic_task_mapping.py took 0.190 seconds
[2026-04-21T09:03:54.889+0000] {processor.py:153} INFO - Started process (PID=305) to work on /home/airflow/.local/lib/python3.7/site-packages/airflow/example_dags/example_dynamic_task_mapping.py
[2026-04-21T09:03:54.890+0000] {processor.py:743} INFO - Processing file /home/airflow/.local/lib/python3.7/site-packages/airflow/example_dags/example_dynamic_task_mapping.py for tasks to queue
[2026-04-21T09:03:54.892+0000] {logging_mixin.py:137} INFO - [2026-04-21T09:03:54.891+0000] {dagbag.py:538} INFO - Filling up the DagBag from /home/airflow/.local/lib/python3.7/site-packages/airflow/example_dags/example_dynamic_task_mapping.py
[2026-04-21T09:03:54.925+0000] {processor.py:753} INFO - DAG(s) dict_keys(['example_dynamic_task_mapping']) retrieved from /home/airflow/.local/lib/python3.7/site-packages/airflow/example_dags/example_dynamic_task_mapping.py
[2026-04-21T09:03:54.964+0000] {logging_mixin.py:137} INFO - [2026-04-21T09:03:54.964+0000] {dag.py:2690} INFO - Sync 1 DAGs
[2026-04-21T09:03:55.003+0000] {logging_mixin.py:137} INFO - [2026-04-21T09:03:55.003+0000] {dag.py:3441} INFO - Setting next_dagrun for example_dynamic_task_mapping to 2022-03-04T00:00:00+00:00, run_after=2022-03-05T00:00:00+00:00
[2026-04-21T09:03:55.032+0000] {processor.py:175} INFO - Processing /home/airflow/.local/lib/python3.7/site-packages/airflow/example_dags/example_dynamic_task_mapping.py took 0.149 seconds
[2026-04-21T09:04:26.220+0000] {processor.py:153} INFO - Started process (PID=393) to work on /home/airflow/.local/lib/python3.7/site-packages/airflow/example_dags/example_dynamic_task_mapping.py
[2026-04-21T09:04:26.223+0000] {processor.py:743} INFO - Processing file /home/airflow/.local/lib/python3.7/site-packages/airflow/example_dags/example_dynamic_task_mapping.py for tasks to queue
[2026-04-21T09:04:26.225+0000] {logging_mixin.py:137} INFO - [2026-04-21T09:04:26.225+0000] {dagbag.py:538} INFO - Filling up the DagBag from /home/airflow/.local/lib/python3.7/site-packages/airflow/example_dags/example_dynamic_task_mapping.py
[2026-04-21T09:04:26.276+0000] {processor.py:753} INFO - DAG(s) dict_keys(['example_dynamic_task_mapping']) retrieved from /home/airflow/.local/lib/python3.7/site-packages/airflow/example_dags/example_dynamic_task_mapping.py
[2026-04-21T09:04:26.322+0000] {logging_mixin.py:137} INFO - [2026-04-21T09:04:26.322+0000] {dag.py:2690} INFO - Sync 1 DAGs
[2026-04-21T09:04:26.369+0000] {logging_mixin.py:137} INFO - [2026-04-21T09:04:26.369+0000] {dag.py:3441} INFO - Setting next_dagrun for example_dynamic_task_mapping to 2022-03-04T00:00:00+00:00, run_after=2022-03-05T00:00:00+00:00
[2026-04-21T09:04:26.405+0000] {processor.py:175} INFO - Processing /home/airflow/.local/lib/python3.7/site-packages/airflow/example_dags/example_dynamic_task_mapping.py took 0.194 seconds
[2026-04-21T09:04:56.462+0000] {processor.py:153} INFO - Started process (PID=480) to work on /home/airflow/.local/lib/python3.7/site-packages/airflow/example_dags/example_dynamic_task_mapping.py
[2026-04-21T09:04:56.464+0000] {processor.py:743} INFO - Processing file /home/airflow/.local/lib/python3.7/site-packages/airflow/example_dags/example_dynamic_task_mapping.py for tasks to queue
[2026-04-21T09:04:56.466+0000] {logging_mixin.py:137} INFO - [2026-04-21T09:04:56.465+0000] {dagbag.py:538} INFO - Filling up the DagBag from /home/airflow/.local/lib/python3.7/site-packages/airflow/example_dags/example_dynamic_task_mapping.py
[2026-04-21T09:04:56.500+0000] {processor.py:753} INFO - DAG(s) dict_keys(['example_dynamic_task_mapping']) retrieved from /home/airflow/.local/lib/python3.7/site-packages/airflow/example_dags/example_dynamic_task_mapping.py
[2026-04-21T09:04:56.536+0000] {logging_mixin.py:137} INFO - [2026-04-21T09:04:56.536+0000] {dag.py:2690} INFO - Sync 1 DAGs
[2026-04-21T09:04:56.571+0000] {logging_mixin.py:137} INFO - [2026-04-21T09:04:56.571+0000] {dag.py:3441} INFO - Setting next_dagrun for example_dynamic_task_mapping to 2022-03-04T00:00:00+00:00, run_after=2022-03-05T00:00:00+00:00
[2026-04-21T09:04:56.604+0000] {processor.py:175} INFO - Processing /home/airflow/.local/lib/python3.7/site-packages/airflow/example_dags/example_dynamic_task_mapping.py took 0.148 seconds
[2026-04-21T09:05:27.392+0000] {processor.py:153} INFO - Started process (PID=576) to work on /home/airflow/.local/lib/python3.7/site-packages/airflow/example_dags/example_dynamic_task_mapping.py
[2026-04-21T09:05:27.393+0000] {processor.py:743} INFO - Processing file /home/airflow/.local/lib/python3.7/site-packages/airflow/example_dags/example_dynamic_task_mapping.py for tasks to queue
[2026-04-21T09:05:27.395+0000] {logging_mixin.py:137} INFO - [2026-04-21T09:05:27.395+0000] {dagbag.py:538} INFO - Filling up the DagBag from /home/airflow/.local/lib/python3.7/site-packages/airflow/example_dags/example_dynamic_task_mapping.py
[2026-04-21T09:05:27.431+0000] {processor.py:753} INFO - DAG(s) dict_keys(['example_dynamic_task_mapping']) retrieved from /home/airflow/.local/lib/python3.7/site-packages/airflow/example_dags/example_dynamic_task_mapping.py
[2026-04-21T09:05:27.472+0000] {logging_mixin.py:137} INFO - [2026-04-21T09:05:27.471+0000] {dag.py:2690} INFO - Sync 1 DAGs
[2026-04-21T09:05:27.509+0000] {logging_mixin.py:137} INFO - [2026-04-21T09:05:27.509+0000] {dag.py:3441} INFO - Setting next_dagrun for example_dynamic_task_mapping to 2022-03-04T00:00:00+00:00, run_after=2022-03-05T00:00:00+00:00
[2026-04-21T09:05:27.544+0000] {processor.py:175} INFO - Processing /home/airflow/.local/lib/python3.7/site-packages/airflow/example_dags/example_dynamic_task_mapping.py took 0.158 seconds
[2026-04-21T09:05:58.444+0000] {processor.py:153} INFO - Started process (PID=679) to work on /home/airflow/.local/lib/python3.7/site-packages/airflow/example_dags/example_dynamic_task_mapping.py
[2026-04-21T09:05:58.457+0000] {processor.py:743} INFO - Processing file /home/airflow/.local/lib/python3.7/site-packages/airflow/example_dags/example_dynamic_task_mapping.py for tasks to queue
[2026-04-21T09:05:58.467+0000] {logging_mixin.py:137} INFO - [2026-04-21T09:05:58.467+0000] {dagbag.py:538} INFO - Filling up the DagBag from /home/airflow/.local/lib/python3.7/site-packages/airflow/example_dags/example_dynamic_task_mapping.py
[2026-04-21T09:05:58.514+0000] {processor.py:753} INFO - DAG(s) dict_keys(['example_dynamic_task_mapping']) retrieved from /home/airflow/.local/lib/python3.7/site-packages/airflow/example_dags/example_dynamic_task_mapping.py
[2026-04-21T09:05:58.565+0000] {logging_mixin.py:137} INFO - [2026-04-21T09:05:58.565+0000] {dag.py:2690} INFO - Sync 1 DAGs
[2026-04-21T09:05:58.604+0000] {logging_mixin.py:137} INFO - [2026-04-21T09:05:58.604+0000] {dag.py:3441} INFO - Setting next_dagrun for example_dynamic_task_mapping to 2022-03-04T00:00:00+00:00, run_after=2022-03-05T00:00:00+00:00
[2026-04-21T09:05:58.647+0000] {processor.py:175} INFO - Processing /home/airflow/.local/lib/python3.7/site-packages/airflow/example_dags/example_dynamic_task_mapping.py took 0.210 seconds
[2026-04-21T09:06:29.738+0000] {processor.py:153} INFO - Started process (PID=767) to work on /home/airflow/.local/lib/python3.7/site-packages/airflow/example_dags/example_dynamic_task_mapping.py
[2026-04-21T09:06:29.740+0000] {processor.py:743} INFO - Processing file /home/airflow/.local/lib/python3.7/site-packages/airflow/example_dags/example_dynamic_task_mapping.py for tasks to queue
[2026-04-21T09:06:29.742+0000] {logging_mixin.py:137} INFO - [2026-04-21T09:06:29.741+0000] {dagbag.py:538} INFO - Filling up the DagBag from /home/airflow/.local/lib/python3.7/site-packages/airflow/example_dags/example_dynamic_task_mapping.py
[2026-04-21T09:06:29.776+0000] {processor.py:753} INFO - DAG(s) dict_keys(['example_dynamic_task_mapping']) retrieved from /home/airflow/.local/lib/python3.7/site-packages/airflow/example_dags/example_dynamic_task_mapping.py
[2026-04-21T09:06:29.818+0000] {logging_mixin.py:137} INFO - [2026-04-21T09:06:29.818+0000] {dag.py:2690} INFO - Sync 1 DAGs
[2026-04-21T09:06:29.866+0000] {logging_mixin.py:137} INFO - [2026-04-21T09:06:29.866+0000] {dag.py:3441} INFO - Setting next_dagrun for example_dynamic_task_mapping to 2022-03-04T00:00:00+00:00, run_after=2022-03-05T00:00:00+00:00
[2026-04-21T09:06:29.918+0000] {processor.py:175} INFO - Processing /home/airflow/.local/lib/python3.7/site-packages/airflow/example_dags/example_dynamic_task_mapping.py took 0.190 seconds
[2026-04-21T09:07:01.206+0000] {processor.py:153} INFO - Started process (PID=862) to work on /home/airflow/.local/lib/python3.7/site-packages/airflow/example_dags/example_dynamic_task_mapping.py
[2026-04-21T09:07:01.208+0000] {processor.py:743} INFO - Processing file /home/airflow/.local/lib/python3.7/site-packages/airflow/example_dags/example_dynamic_task_mapping.py for tasks to queue
[2026-04-21T09:07:01.210+0000] {logging_mixin.py:137} INFO - [2026-04-21T09:07:01.210+0000] {dagbag.py:538} INFO - Filling up the DagBag from /home/airflow/.local/lib/python3.7/site-packages/airflow/example_dags/example_dynamic_task_mapping.py
[2026-04-21T09:07:01.246+0000] {processor.py:753} INFO - DAG(s) dict_keys(['example_dynamic_task_mapping']) retrieved from /home/airflow/.local/lib/python3.7/site-packages/airflow/example_dags/example_dynamic_task_mapping.py
[2026-04-21T09:07:01.294+0000] {logging_mixin.py:137} INFO - [2026-04-21T09:07:01.293+0000] {dag.py:2690} INFO - Sync 1 DAGs
[2026-04-21T09:07:01.347+0000] {logging_mixin.py:137} INFO - [2026-04-21T09:07:01.346+0000] {dag.py:3441} INFO - Setting next_dagrun for example_dynamic_task_mapping to 2022-03-04T00:00:00+00:00, run_after=2022-03-05T00:00:00+00:00
[2026-04-21T09:07:01.404+0000] {processor.py:175} INFO - Processing /home/airflow/.local/lib/python3.7/site-packages/airflow/example_dags/example_dynamic_task_mapping.py took 0.204 seconds
[2026-04-21T09:07:32.665+0000] {processor.py:153} INFO - Started process (PID=964) to work on /home/airflow/.local/lib/python3.7/site-packages/airflow/example_dags/example_dynamic_task_mapping.py
[2026-04-21T09:07:32.675+0000] {processor.py:743} INFO - Processing file /home/airflow/.local/lib/python3.7/site-packages/airflow/example_dags/example_dynamic_task_mapping.py for tasks to queue
[2026-04-21T09:07:32.696+0000] {logging_mixin.py:137} INFO - [2026-04-21T09:07:32.695+0000] {dagbag.py:538} INFO - Filling up the DagBag from /home/airflow/.local/lib/python3.7/site-packages/airflow/example_dags/example_dynamic_task_mapping.py
[2026-04-21T09:07:32.743+0000] {processor.py:753} INFO - DAG(s) dict_keys(['example_dynamic_task_mapping']) retrieved from /home/airflow/.local/lib/python3.7/site-packages/airflow/example_dags/example_dynamic_task_mapping.py
[2026-04-21T09:07:32.800+0000] {logging_mixin.py:137} INFO - [2026-04-21T09:07:32.799+0000] {dag.py:2690} INFO - Sync 1 DAGs
[2026-04-21T09:07:32.849+0000] {logging_mixin.py:137} INFO - [2026-04-21T09:07:32.849+0000] {dag.py:3441} INFO - Setting next_dagrun for example_dynamic_task_mapping to 2022-03-04T00:00:00+00:00, run_after=2022-03-05T00:00:00+00:00
[2026-04-21T09:07:32.898+0000] {processor.py:175} INFO - Processing /home/airflow/.local/lib/python3.7/site-packages/airflow/example_dags/example_dynamic_task_mapping.py took 0.243 seconds
[2026-04-21T09:08:03.536+0000] {processor.py:153} INFO - Started process (PID=1051) to work on /home/airflow/.local/lib/python3.7/site-packages/airflow/example_dags/example_dynamic_task_mapping.py
[2026-04-21T09:08:03.544+0000] {processor.py:743} INFO - Processing file /home/airflow/.local/lib/python3.7/site-packages/airflow/example_dags/example_dynamic_task_mapping.py for tasks to queue
[2026-04-21T09:08:03.550+0000] {logging_mixin.py:137} INFO - [2026-04-21T09:08:03.549+0000] {dagbag.py:538} INFO - Filling up the DagBag from /home/airflow/.local/lib/python3.7/site-packages/airflow/example_dags/example_dynamic_task_mapping.py
[2026-04-21T09:08:03.604+0000] {processor.py:753} INFO - DAG(s) dict_keys(['example_dynamic_task_mapping']) retrieved from /home/airflow/.local/lib/python3.7/site-packages/airflow/example_dags/example_dynamic_task_mapping.py
[2026-04-21T09:08:03.659+0000] {logging_mixin.py:137} INFO - [2026-04-21T09:08:03.658+0000] {dag.py:2690} INFO - Sync 1 DAGs
[2026-04-21T09:08:03.706+0000] {logging_mixin.py:137} INFO - [2026-04-21T09:08:03.706+0000] {dag.py:3441} INFO - Setting next_dagrun for example_dynamic_task_mapping to 2022-03-04T00:00:00+00:00, run_after=2022-03-05T00:00:00+00:00
[2026-04-21T09:08:03.751+0000] {processor.py:175} INFO - Processing /home/airflow/.local/lib/python3.7/site-packages/airflow/example_dags/example_dynamic_task_mapping.py took 0.228 seconds
[2026-04-21T09:08:33.922+0000] {processor.py:153} INFO - Started process (PID=1139) to work on /home/airflow/.local/lib/python3.7/site-packages/airflow/example_dags/example_dynamic_task_mapping.py
[2026-04-21T09:08:33.926+0000] {processor.py:743} INFO - Processing file /home/airflow/.local/lib/python3.7/site-packages/airflow/example_dags/example_dynamic_task_mapping.py for tasks to queue
[2026-04-21T09:08:33.928+0000] {logging_mixin.py:137} INFO - [2026-04-21T09:08:33.927+0000] {dagbag.py:538} INFO - Filling up the DagBag from /home/airflow/.local/lib/python3.7/site-packages/airflow/example_dags/example_dynamic_task_mapping.py
[2026-04-21T09:08:33.970+0000] {processor.py:753} INFO - DAG(s) dict_keys(['example_dynamic_task_mapping']) retrieved from /home/airflow/.local/lib/python3.7/site-packages/airflow/example_dags/example_dynamic_task_mapping.py
[2026-04-21T09:08:34.019+0000] {logging_mixin.py:137} INFO - [2026-04-21T09:08:34.018+0000] {dag.py:2690} INFO - Sync 1 DAGs
[2026-04-21T09:08:34.060+0000] {logging_mixin.py:137} INFO - [2026-04-21T09:08:34.059+0000] {dag.py:3441} INFO - Setting next_dagrun for example_dynamic_task_mapping to 2022-03-04T00:00:00+00:00, run_after=2022-03-05T00:00:00+00:00
[2026-04-21T09:08:34.094+0000] {processor.py:175} INFO - Processing /home/airflow/.local/lib/python3.7/site-packages/airflow/example_dags/example_dynamic_task_mapping.py took 0.179 seconds
[2026-04-21T09:09:04.846+0000] {processor.py:153} INFO - Started process (PID=1250) to work on /home/airflow/.local/lib/python3.7/site-packages/airflow/example_dags/example_dynamic_task_mapping.py
[2026-04-21T09:09:04.847+0000] {processor.py:743} INFO - Processing file /home/airflow/.local/lib/python3.7/site-packages/airflow/example_dags/example_dynamic_task_mapping.py for tasks to queue
[2026-04-21T09:09:04.849+0000] {logging_mixin.py:137} INFO - [2026-04-21T09:09:04.848+0000] {dagbag.py:538} INFO - Filling up the DagBag from /home/airflow/.local/lib/python3.7/site-packages/airflow/example_dags/example_dynamic_task_mapping.py
[2026-04-21T09:09:04.884+0000] {processor.py:753} INFO - DAG(s) dict_keys(['example_dynamic_task_mapping']) retrieved from /home/airflow/.local/lib/python3.7/site-packages/airflow/example_dags/example_dynamic_task_mapping.py
[2026-04-21T09:09:04.929+0000] {logging_mixin.py:137} INFO - [2026-04-21T09:09:04.929+0000] {dag.py:2690} INFO - Sync 1 DAGs
[2026-04-21T09:09:04.967+0000] {logging_mixin.py:137} INFO - [2026-04-21T09:09:04.967+0000] {dag.py:3441} INFO - Setting next_dagrun for example_dynamic_task_mapping to 2022-03-04T00:00:00+00:00, run_after=2022-03-05T00:00:00+00:00
[2026-04-21T09:09:05.001+0000] {processor.py:175} INFO - Processing /home/airflow/.local/lib/python3.7/site-packages/airflow/example_dags/example_dynamic_task_mapping.py took 0.161 seconds
[2026-04-21T09:09:35.789+0000] {processor.py:153} INFO - Started process (PID=1338) to work on /home/airflow/.local/lib/python3.7/site-packages/airflow/example_dags/example_dynamic_task_mapping.py
[2026-04-21T09:09:35.791+0000] {processor.py:743} INFO - Processing file /home/airflow/.local/lib/python3.7/site-packages/airflow/example_dags/example_dynamic_task_mapping.py for tasks to queue
[2026-04-21T09:09:35.792+0000] {logging_mixin.py:137} INFO - [2026-04-21T09:09:35.792+0000] {dagbag.py:538} INFO - Filling up the DagBag from /home/airflow/.local/lib/python3.7/site-packages/airflow/example_dags/example_dynamic_task_mapping.py
[2026-04-21T09:09:35.831+0000] {processor.py:753} INFO - DAG(s) dict_keys(['example_dynamic_task_mapping']) retrieved from /home/airflow/.local/lib/python3.7/site-packages/airflow/example_dags/example_dynamic_task_mapping.py
[2026-04-21T09:09:35.859+0000] {logging_mixin.py:137} INFO - [2026-04-21T09:09:35.859+0000] {dag.py:2690} INFO - Sync 1 DAGs
[2026-04-21T09:09:35.898+0000] {logging_mixin.py:137} INFO - [2026-04-21T09:09:35.898+0000] {dag.py:3441} INFO - Setting next_dagrun for example_dynamic_task_mapping to 2022-03-04T00:00:00+00:00, run_after=2022-03-05T00:00:00+00:00
[2026-04-21T09:09:35.944+0000] {processor.py:175} INFO - Processing /home/airflow/.local/lib/python3.7/site-packages/airflow/example_dags/example_dynamic_task_mapping.py took 0.162 seconds
[2026-04-21T09:10:06.651+0000] {processor.py:153} INFO - Started process (PID=1426) to work on /home/airflow/.local/lib/python3.7/site-packages/airflow/example_dags/example_dynamic_task_mapping.py
[2026-04-21T09:10:06.654+0000] {processor.py:743} INFO - Processing file /home/airflow/.local/lib/python3.7/site-packages/airflow/example_dags/example_dynamic_task_mapping.py for tasks to queue
[2026-04-21T09:10:06.656+0000] {logging_mixin.py:137} INFO - [2026-04-21T09:10:06.655+0000] {dagbag.py:538} INFO - Filling up the DagBag from /home/airflow/.local/lib/python3.7/site-packages/airflow/example_dags/example_dynamic_task_mapping.py
[2026-04-21T09:10:06.694+0000] {processor.py:753} INFO - DAG(s) dict_keys(['example_dynamic_task_mapping']) retrieved from /home/airflow/.local/lib/python3.7/site-packages/airflow/example_dags/example_dynamic_task_mapping.py
[2026-04-21T09:10:06.738+0000] {logging_mixin.py:137} INFO - [2026-04-21T09:10:06.737+0000] {dag.py:2690} INFO - Sync 1 DAGs
[2026-04-21T09:10:06.771+0000] {logging_mixin.py:137} INFO - [2026-04-21T09:10:06.771+0000] {dag.py:3441} INFO - Setting next_dagrun for example_dynamic_task_mapping to 2022-03-04T00:00:00+00:00, run_after=2022-03-05T00:00:00+00:00
[2026-04-21T09:10:06.807+0000] {processor.py:175} INFO - Processing /home/airflow/.local/lib/python3.7/site-packages/airflow/example_dags/example_dynamic_task_mapping.py took 0.163 seconds
[2026-04-21T09:10:37.843+0000] {processor.py:153} INFO - Started process (PID=1538) to work on /home/airflow/.local/lib/python3.7/site-packages/airflow/example_dags/example_dynamic_task_mapping.py
[2026-04-21T09:10:37.845+0000] {processor.py:743} INFO - Processing file /home/airflow/.local/lib/python3.7/site-packages/airflow/example_dags/example_dynamic_task_mapping.py for tasks to queue
[2026-04-21T09:10:37.847+0000] {logging_mixin.py:137} INFO - [2026-04-21T09:10:37.847+0000] {dagbag.py:538} INFO - Filling up the DagBag from /home/airflow/.local/lib/python3.7/site-packages/airflow/example_dags/example_dynamic_task_mapping.py
[2026-04-21T09:10:37.885+0000] {processor.py:753} INFO - DAG(s) dict_keys(['example_dynamic_task_mapping']) retrieved from /home/airflow/.local/lib/python3.7/site-packages/airflow/example_dags/example_dynamic_task_mapping.py
[2026-04-21T09:10:37.932+0000] {logging_mixin.py:137} INFO - [2026-04-21T09:10:37.932+0000] {dag.py:2690} INFO - Sync 1 DAGs
[2026-04-21T09:10:37.973+0000] {logging_mixin.py:137} INFO - [2026-04-21T09:10:37.973+0000] {dag.py:3441} INFO - Setting next_dagrun for example_dynamic_task_mapping to 2022-03-04T00:00:00+00:00, run_after=2022-03-05T00:00:00+00:00
[2026-04-21T09:10:38.010+0000] {processor.py:175} INFO - Processing /home/airflow/.local/lib/python3.7/site-packages/airflow/example_dags/example_dynamic_task_mapping.py took 0.175 seconds
[2026-04-21T09:11:08.986+0000] {processor.py:153} INFO - Started process (PID=1627) to work on /home/airflow/.local/lib/python3.7/site-packages/airflow/example_dags/example_dynamic_task_mapping.py
[2026-04-21T09:11:08.989+0000] {processor.py:743} INFO - Processing file /home/airflow/.local/lib/python3.7/site-packages/airflow/example_dags/example_dynamic_task_mapping.py for tasks to queue
[2026-04-21T09:11:08.990+0000] {logging_mixin.py:137} INFO - [2026-04-21T09:11:08.990+0000] {dagbag.py:538} INFO - Filling up the DagBag from /home/airflow/.local/lib/python3.7/site-packages/airflow/example_dags/example_dynamic_task_mapping.py
[2026-04-21T09:11:09.029+0000] {processor.py:753} INFO - DAG(s) dict_keys(['example_dynamic_task_mapping']) retrieved from /home/airflow/.local/lib/python3.7/site-packages/airflow/example_dags/example_dynamic_task_mapping.py
[2026-04-21T09:11:09.078+0000] {logging_mixin.py:137} INFO - [2026-04-21T09:11:09.078+0000] {dag.py:2690} INFO - Sync 1 DAGs
[2026-04-21T09:11:09.125+0000] {logging_mixin.py:137} INFO - [2026-04-21T09:11:09.125+0000] {dag.py:3441} INFO - Setting next_dagrun for example_dynamic_task_mapping to 2022-03-04T00:00:00+00:00, run_after=2022-03-05T00:00:00+00:00
[2026-04-21T09:11:09.173+0000] {processor.py:175} INFO - Processing /home/airflow/.local/lib/python3.7/site-packages/airflow/example_dags/example_dynamic_task_mapping.py took 0.194 seconds
[2026-04-21T09:11:39.635+0000] {processor.py:153} INFO - Started process (PID=1716) to work on /home/airflow/.local/lib/python3.7/site-packages/airflow/example_dags/example_dynamic_task_mapping.py
[2026-04-21T09:11:39.637+0000] {processor.py:743} INFO - Processing file /home/airflow/.local/lib/python3.7/site-packages/airflow/example_dags/example_dynamic_task_mapping.py for tasks to queue
[2026-04-21T09:11:39.639+0000] {logging_mixin.py:137} INFO - [2026-04-21T09:11:39.638+0000] {dagbag.py:538} INFO - Filling up the DagBag from /home/airflow/.local/lib/python3.7/site-packages/airflow/example_dags/example_dynamic_task_mapping.py
[2026-04-21T09:11:39.675+0000] {processor.py:753} INFO - DAG(s) dict_keys(['example_dynamic_task_mapping']) retrieved from /home/airflow/.local/lib/python3.7/site-packages/airflow/example_dags/example_dynamic_task_mapping.py
[2026-04-21T09:11:39.716+0000] {logging_mixin.py:137} INFO - [2026-04-21T09:11:39.716+0000] {dag.py:2690} INFO - Sync 1 DAGs
[2026-04-21T09:11:39.757+0000] {logging_mixin.py:137} INFO - [2026-04-21T09:11:39.757+0000] {dag.py:3441} INFO - Setting next_dagrun for example_dynamic_task_mapping to 2022-03-04T00:00:00+00:00, run_after=2022-03-05T00:00:00+00:00
[2026-04-21T09:11:39.789+0000] {processor.py:175} INFO - Processing /home/airflow/.local/lib/python3.7/site-packages/airflow/example_dags/example_dynamic_task_mapping.py took 0.163 seconds
[2026-04-21T09:12:10.095+0000] {processor.py:153} INFO - Started process (PID=1828) to work on /home/airflow/.local/lib/python3.7/site-packages/airflow/example_dags/example_dynamic_task_mapping.py
[2026-04-21T09:12:10.098+0000] {processor.py:743} INFO - Processing file /home/airflow/.local/lib/python3.7/site-packages/airflow/example_dags/example_dynamic_task_mapping.py for tasks to queue
[2026-04-21T09:12:10.099+0000] {logging_mixin.py:137} INFO - [2026-04-21T09:12:10.099+0000] {dagbag.py:538} INFO - Filling up the DagBag from /home/airflow/.local/lib/python3.7/site-packages/airflow/example_dags/example_dynamic_task_mapping.py
[2026-04-21T09:12:10.145+0000] {processor.py:753} INFO - DAG(s) dict_keys(['example_dynamic_task_mapping']) retrieved from /home/airflow/.local/lib/python3.7/site-packages/airflow/example_dags/example_dynamic_task_mapping.py
[2026-04-21T09:12:10.169+0000] {logging_mixin.py:137} INFO - [2026-04-21T09:12:10.169+0000] {dag.py:2690} INFO - Sync 1 DAGs
[2026-04-21T09:12:10.214+0000] {logging_mixin.py:137} INFO - [2026-04-21T09:12:10.213+0000] {dag.py:3441} INFO - Setting next_dagrun for example_dynamic_task_mapping to 2022-03-04T00:00:00+00:00, run_after=2022-03-05T00:00:00+00:00
[2026-04-21T09:12:10.253+0000] {processor.py:175} INFO - Processing /home/airflow/.local/lib/python3.7/site-packages/airflow/example_dags/example_dynamic_task_mapping.py took 0.164 seconds
[2026-04-21T09:12:40.420+0000] {processor.py:153} INFO - Started process (PID=1916) to work on /home/airflow/.local/lib/python3.7/site-packages/airflow/example_dags/example_dynamic_task_mapping.py
[2026-04-21T09:12:40.422+0000] {processor.py:743} INFO - Processing file /home/airflow/.local/lib/python3.7/site-packages/airflow/example_dags/example_dynamic_task_mapping.py for tasks to queue
[2026-04-21T09:12:40.423+0000] {logging_mixin.py:137} INFO - [2026-04-21T09:12:40.422+0000] {dagbag.py:538} INFO - Filling up the DagBag from /home/airflow/.local/lib/python3.7/site-packages/airflow/example_dags/example_dynamic_task_mapping.py
[2026-04-21T09:12:40.440+0000] {processor.py:753} INFO - DAG(s) dict_keys(['example_dynamic_task_mapping']) retrieved from /home/airflow/.local/lib/python3.7/site-packages/airflow/example_dags/example_dynamic_task_mapping.py
[2026-04-21T09:12:40.465+0000] {logging_mixin.py:137} INFO - [2026-04-21T09:12:40.465+0000] {dag.py:2690} INFO - Sync 1 DAGs
[2026-04-21T09:12:40.486+0000] {logging_mixin.py:137} INFO - [2026-04-21T09:12:40.486+0000] {dag.py:3441} INFO - Setting next_dagrun for example_dynamic_task_mapping to 2022-03-04T00:00:00+00:00, run_after=2022-03-05T00:00:00+00:00
[2026-04-21T09:12:40.515+0000] {processor.py:175} INFO - Processing /home/airflow/.local/lib/python3.7/site-packages/airflow/example_dags/example_dynamic_task_mapping.py took 0.097 seconds
[2026-04-21T09:13:11.350+0000] {processor.py:153} INFO - Started process (PID=2028) to work on /home/airflow/.local/lib/python3.7/site-packages/airflow/example_dags/example_dynamic_task_mapping.py
[2026-04-21T09:13:11.353+0000] {processor.py:743} INFO - Processing file /home/airflow/.local/lib/python3.7/site-packages/airflow/example_dags/example_dynamic_task_mapping.py for tasks to queue
[2026-04-21T09:13:11.355+0000] {logging_mixin.py:137} INFO - [2026-04-21T09:13:11.354+0000] {dagbag.py:538} INFO - Filling up the DagBag from /home/airflow/.local/lib/python3.7/site-packages/airflow/example_dags/example_dynamic_task_mapping.py
[2026-04-21T09:13:11.390+0000] {processor.py:753} INFO - DAG(s) dict_keys(['example_dynamic_task_mapping']) retrieved from /home/airflow/.local/lib/python3.7/site-packages/airflow/example_dags/example_dynamic_task_mapping.py
[2026-04-21T09:13:11.441+0000] {logging_mixin.py:137} INFO - [2026-04-21T09:13:11.440+0000] {dag.py:2690} INFO - Sync 1 DAGs
[2026-04-21T09:13:11.476+0000] {logging_mixin.py:137} INFO - [2026-04-21T09:13:11.476+0000] {dag.py:3441} INFO - Setting next_dagrun for example_dynamic_task_mapping to 2022-03-04T00:00:00+00:00, run_after=2022-03-05T00:00:00+00:00
[2026-04-21T09:13:11.513+0000] {processor.py:175} INFO - Processing /home/airflow/.local/lib/python3.7/site-packages/airflow/example_dags/example_dynamic_task_mapping.py took 0.171 seconds
[2026-04-21T09:13:42.125+0000] {processor.py:153} INFO - Started process (PID=2140) to work on /home/airflow/.local/lib/python3.7/site-packages/airflow/example_dags/example_dynamic_task_mapping.py
[2026-04-21T09:13:42.127+0000] {processor.py:743} INFO - Processing file /home/airflow/.local/lib/python3.7/site-packages/airflow/example_dags/example_dynamic_task_mapping.py for tasks to queue
[2026-04-21T09:13:42.129+0000] {logging_mixin.py:137} INFO - [2026-04-21T09:13:42.129+0000] {dagbag.py:538} INFO - Filling up the DagBag from /home/airflow/.local/lib/python3.7/site-packages/airflow/example_dags/example_dynamic_task_mapping.py
[2026-04-21T09:13:42.163+0000] {processor.py:753} INFO - DAG(s) dict_keys(['example_dynamic_task_mapping']) retrieved from /home/airflow/.local/lib/python3.7/site-packages/airflow/example_dags/example_dynamic_task_mapping.py
[2026-04-21T09:13:42.206+0000] {logging_mixin.py:137} INFO - [2026-04-21T09:13:42.205+0000] {dag.py:2690} INFO - Sync 1 DAGs
[2026-04-21T09:13:42.238+0000] {logging_mixin.py:137} INFO - [2026-04-21T09:13:42.238+0000] {dag.py:3441} INFO - Setting next_dagrun for example_dynamic_task_mapping to 2022-03-04T00:00:00+00:00, run_after=2022-03-05T00:00:00+00:00
[2026-04-21T09:13:42.272+0000] {processor.py:175} INFO - Processing /home/airflow/.local/lib/python3.7/site-packages/airflow/example_dags/example_dynamic_task_mapping.py took 0.152 seconds
[2026-04-21T09:14:13.155+0000] {processor.py:153} INFO - Started process (PID=2228) to work on /home/airflow/.local/lib/python3.7/site-packages/airflow/example_dags/example_dynamic_task_mapping.py
[2026-04-21T09:14:13.156+0000] {processor.py:743} INFO - Processing file /home/airflow/.local/lib/python3.7/site-packages/airflow/example_dags/example_dynamic_task_mapping.py for tasks to queue
[2026-04-21T09:14:13.157+0000] {logging_mixin.py:137} INFO - [2026-04-21T09:14:13.157+0000] {dagbag.py:538} INFO - Filling up the DagBag from /home/airflow/.local/lib/python3.7/site-packages/airflow/example_dags/example_dynamic_task_mapping.py
[2026-04-21T09:14:13.178+0000] {processor.py:753} INFO - DAG(s) dict_keys(['example_dynamic_task_mapping']) retrieved from /home/airflow/.local/lib/python3.7/site-packages/airflow/example_dags/example_dynamic_task_mapping.py
[2026-04-21T09:14:13.200+0000] {logging_mixin.py:137} INFO - [2026-04-21T09:14:13.200+0000] {dag.py:2690} INFO - Sync 1 DAGs
[2026-04-21T09:14:13.218+0000] {logging_mixin.py:137} INFO - [2026-04-21T09:14:13.218+0000] {dag.py:3441} INFO - Setting next_dagrun for example_dynamic_task_mapping to 2022-03-04T00:00:00+00:00, run_after=2022-03-05T00:00:00+00:00
[2026-04-21T09:14:13.248+0000] {processor.py:175} INFO - Processing /home/airflow/.local/lib/python3.7/site-packages/airflow/example_dags/example_dynamic_task_mapping.py took 0.096 seconds
[2026-04-21T09:14:43.920+0000] {processor.py:153} INFO - Started process (PID=2339) to work on /home/airflow/.local/lib/python3.7/site-packages/airflow/example_dags/example_dynamic_task_mapping.py
[2026-04-21T09:14:43.922+0000] {processor.py:743} INFO - Processing file /home/airflow/.local/lib/python3.7/site-packages/airflow/example_dags/example_dynamic_task_mapping.py for tasks to queue
[2026-04-21T09:14:43.922+0000] {logging_mixin.py:137} INFO - [2026-04-21T09:14:43.922+0000] {dagbag.py:538} INFO - Filling up the DagBag from /home/airflow/.local/lib/python3.7/site-packages/airflow/example_dags/example_dynamic_task_mapping.py
[2026-04-21T09:14:43.948+0000] {processor.py:753} INFO - DAG(s) dict_keys(['example_dynamic_task_mapping']) retrieved from /home/airflow/.local/lib/python3.7/site-packages/airflow/example_dags/example_dynamic_task_mapping.py
[2026-04-21T09:14:43.971+0000] {logging_mixin.py:137} INFO - [2026-04-21T09:14:43.971+0000] {dag.py:2690} INFO - Sync 1 DAGs
[2026-04-21T09:14:43.989+0000] {logging_mixin.py:137} INFO - [2026-04-21T09:14:43.989+0000] {dag.py:3441} INFO - Setting next_dagrun for example_dynamic_task_mapping to 2022-03-04T00:00:00+00:00, run_after=2022-03-05T00:00:00+00:00
[2026-04-21T09:14:44.007+0000] {processor.py:175} INFO - Processing /home/airflow/.local/lib/python3.7/site-packages/airflow/example_dags/example_dynamic_task_mapping.py took 0.091 seconds
[2026-04-21T09:15:14.470+0000] {processor.py:153} INFO - Started process (PID=2427) to work on /home/airflow/.local/lib/python3.7/site-packages/airflow/example_dags/example_dynamic_task_mapping.py
[2026-04-21T09:15:14.472+0000] {processor.py:743} INFO - Processing file /home/airflow/.local/lib/python3.7/site-packages/airflow/example_dags/example_dynamic_task_mapping.py for tasks to queue
[2026-04-21T09:15:14.473+0000] {logging_mixin.py:137} INFO - [2026-04-21T09:15:14.473+0000] {dagbag.py:538} INFO - Filling up the DagBag from /home/airflow/.local/lib/python3.7/site-packages/airflow/example_dags/example_dynamic_task_mapping.py
[2026-04-21T09:15:14.506+0000] {processor.py:753} INFO - DAG(s) dict_keys(['example_dynamic_task_mapping']) retrieved from /home/airflow/.local/lib/python3.7/site-packages/airflow/example_dags/example_dynamic_task_mapping.py
[2026-04-21T09:15:14.551+0000] {logging_mixin.py:137} INFO - [2026-04-21T09:15:14.550+0000] {dag.py:2690} INFO - Sync 1 DAGs
[2026-04-21T09:15:14.599+0000] {logging_mixin.py:137} INFO - [2026-04-21T09:15:14.598+0000] {dag.py:3441} INFO - Setting next_dagrun for example_dynamic_task_mapping to 2022-03-04T00:00:00+00:00, run_after=2022-03-05T00:00:00+00:00
[2026-04-21T09:15:14.637+0000] {processor.py:175} INFO - Processing /home/airflow/.local/lib/python3.7/site-packages/airflow/example_dags/example_dynamic_task_mapping.py took 0.175 seconds
[2026-04-21T09:15:44.785+0000] {processor.py:153} INFO - Started process (PID=2538) to work on /home/airflow/.local/lib/python3.7/site-packages/airflow/example_dags/example_dynamic_task_mapping.py
[2026-04-21T09:15:44.786+0000] {processor.py:743} INFO - Processing file /home/airflow/.local/lib/python3.7/site-packages/airflow/example_dags/example_dynamic_task_mapping.py for tasks to queue
[2026-04-21T09:15:44.788+0000] {logging_mixin.py:137} INFO - [2026-04-21T09:15:44.787+0000] {dagbag.py:538} INFO - Filling up the DagBag from /home/airflow/.local/lib/python3.7/site-packages/airflow/example_dags/example_dynamic_task_mapping.py
[2026-04-21T09:15:44.812+0000] {processor.py:753} INFO - DAG(s) dict_keys(['example_dynamic_task_mapping']) retrieved from /home/airflow/.local/lib/python3.7/site-packages/airflow/example_dags/example_dynamic_task_mapping.py
[2026-04-21T09:15:44.840+0000] {logging_mixin.py:137} INFO - [2026-04-21T09:15:44.840+0000] {dag.py:2690} INFO - Sync 1 DAGs
[2026-04-21T09:15:44.876+0000] {logging_mixin.py:137} INFO - [2026-04-21T09:15:44.876+0000] {dag.py:3441} INFO - Setting next_dagrun for example_dynamic_task_mapping to 2022-03-04T00:00:00+00:00, run_after=2022-03-05T00:00:00+00:00
[2026-04-21T09:15:44.906+0000] {processor.py:175} INFO - Processing /home/airflow/.local/lib/python3.7/site-packages/airflow/example_dags/example_dynamic_task_mapping.py took 0.127 seconds
[2026-04-21T09:16:15.062+0000] {processor.py:153} INFO - Started process (PID=2625) to work on /home/airflow/.local/lib/python3.7/site-packages/airflow/example_dags/example_dynamic_task_mapping.py
[2026-04-21T09:16:15.064+0000] {processor.py:743} INFO - Processing file /home/airflow/.local/lib/python3.7/site-packages/airflow/example_dags/example_dynamic_task_mapping.py for tasks to queue
[2026-04-21T09:16:15.065+0000] {logging_mixin.py:137} INFO - [2026-04-21T09:16:15.065+0000] {dagbag.py:538} INFO - Filling up the DagBag from /home/airflow/.local/lib/python3.7/site-packages/airflow/example_dags/example_dynamic_task_mapping.py
[2026-04-21T09:16:15.088+0000] {processor.py:753} INFO - DAG(s) dict_keys(['example_dynamic_task_mapping']) retrieved from /home/airflow/.local/lib/python3.7/site-packages/airflow/example_dags/example_dynamic_task_mapping.py
[2026-04-21T09:16:15.121+0000] {logging_mixin.py:137} INFO - [2026-04-21T09:16:15.121+0000] {dag.py:2690} INFO - Sync 1 DAGs
[2026-04-21T09:16:15.161+0000] {logging_mixin.py:137} INFO - [2026-04-21T09:16:15.160+0000] {dag.py:3441} INFO - Setting next_dagrun for example_dynamic_task_mapping to 2022-03-04T00:00:00+00:00, run_after=2022-03-05T00:00:00+00:00
[2026-04-21T09:16:15.196+0000] {processor.py:175} INFO - Processing /home/airflow/.local/lib/python3.7/site-packages/airflow/example_dags/example_dynamic_task_mapping.py took 0.139 seconds
[2026-04-21T09:16:46.361+0000] {processor.py:153} INFO - Started process (PID=2737) to work on /home/airflow/.local/lib/python3.7/site-packages/airflow/example_dags/example_dynamic_task_mapping.py
[2026-04-21T09:16:46.363+0000] {processor.py:743} INFO - Processing file /home/airflow/.local/lib/python3.7/site-packages/airflow/example_dags/example_dynamic_task_mapping.py for tasks to queue
[2026-04-21T09:16:46.365+0000] {logging_mixin.py:137} INFO - [2026-04-21T09:16:46.364+0000] {dagbag.py:538} INFO - Filling up the DagBag from /home/airflow/.local/lib/python3.7/site-packages/airflow/example_dags/example_dynamic_task_mapping.py
[2026-04-21T09:16:46.404+0000] {processor.py:753} INFO - DAG(s) dict_keys(['example_dynamic_task_mapping']) retrieved from /home/airflow/.local/lib/python3.7/site-packages/airflow/example_dags/example_dynamic_task_mapping.py
[2026-04-21T09:16:46.447+0000] {logging_mixin.py:137} INFO - [2026-04-21T09:16:46.447+0000] {dag.py:2690} INFO - Sync 1 DAGs
[2026-04-21T09:16:46.497+0000] {logging_mixin.py:137} INFO - [2026-04-21T09:16:46.497+0000] {dag.py:3441} INFO - Setting next_dagrun for example_dynamic_task_mapping to 2022-03-04T00:00:00+00:00, run_after=2022-03-05T00:00:00+00:00
[2026-04-21T09:16:46.531+0000] {processor.py:175} INFO - Processing /home/airflow/.local/lib/python3.7/site-packages/airflow/example_dags/example_dynamic_task_mapping.py took 0.179 seconds
[2026-04-21T09:17:17.109+0000] {processor.py:153} INFO - Started process (PID=2825) to work on /home/airflow/.local/lib/python3.7/site-packages/airflow/example_dags/example_dynamic_task_mapping.py
[2026-04-21T09:17:17.110+0000] {processor.py:743} INFO - Processing file /home/airflow/.local/lib/python3.7/site-packages/airflow/example_dags/example_dynamic_task_mapping.py for tasks to queue
[2026-04-21T09:17:17.111+0000] {logging_mixin.py:137} INFO - [2026-04-21T09:17:17.111+0000] {dagbag.py:538} INFO - Filling up the DagBag from /home/airflow/.local/lib/python3.7/site-packages/airflow/example_dags/example_dynamic_task_mapping.py
[2026-04-21T09:17:17.128+0000] {processor.py:753} INFO - DAG(s) dict_keys(['example_dynamic_task_mapping']) retrieved from /home/airflow/.local/lib/python3.7/site-packages/airflow/example_dags/example_dynamic_task_mapping.py
[2026-04-21T09:17:17.149+0000] {logging_mixin.py:137} INFO - [2026-04-21T09:17:17.149+0000] {dag.py:2690} INFO - Sync 1 DAGs
[2026-04-21T09:17:17.182+0000] {logging_mixin.py:137} INFO - [2026-04-21T09:17:17.181+0000] {dag.py:3441} INFO - Setting next_dagrun for example_dynamic_task_mapping to 2022-03-04T00:00:00+00:00, run_after=2022-03-05T00:00:00+00:00
[2026-04-21T09:17:17.205+0000] {processor.py:175} INFO - Processing /home/airflow/.local/lib/python3.7/site-packages/airflow/example_dags/example_dynamic_task_mapping.py took 0.100 seconds
[2026-04-21T09:17:47.437+0000] {processor.py:153} INFO - Started process (PID=2937) to work on /home/airflow/.local/lib/python3.7/site-packages/airflow/example_dags/example_dynamic_task_mapping.py
[2026-04-21T09:17:47.439+0000] {processor.py:743} INFO - Processing file /home/airflow/.local/lib/python3.7/site-packages/airflow/example_dags/example_dynamic_task_mapping.py for tasks to queue
[2026-04-21T09:17:47.440+0000] {logging_mixin.py:137} INFO - [2026-04-21T09:17:47.440+0000] {dagbag.py:538} INFO - Filling up the DagBag from /home/airflow/.local/lib/python3.7/site-packages/airflow/example_dags/example_dynamic_task_mapping.py
[2026-04-21T09:17:47.461+0000] {processor.py:753} INFO - DAG(s) dict_keys(['example_dynamic_task_mapping']) retrieved from /home/airflow/.local/lib/python3.7/site-packages/airflow/example_dags/example_dynamic_task_mapping.py
[2026-04-21T09:17:47.486+0000] {logging_mixin.py:137} INFO - [2026-04-21T09:17:47.485+0000] {dag.py:2690} INFO - Sync 1 DAGs
[2026-04-21T09:17:47.510+0000] {logging_mixin.py:137} INFO - [2026-04-21T09:17:47.509+0000] {dag.py:3441} INFO - Setting next_dagrun for example_dynamic_task_mapping to 2022-03-04T00:00:00+00:00, run_after=2022-03-05T00:00:00+00:00
[2026-04-21T09:17:47.539+0000] {processor.py:175} INFO - Processing /home/airflow/.local/lib/python3.7/site-packages/airflow/example_dags/example_dynamic_task_mapping.py took 0.105 seconds
[2026-04-21T09:18:18.349+0000] {processor.py:153} INFO - Started process (PID=3024) to work on /home/airflow/.local/lib/python3.7/site-packages/airflow/example_dags/example_dynamic_task_mapping.py
[2026-04-21T09:18:18.353+0000] {processor.py:743} INFO - Processing file /home/airflow/.local/lib/python3.7/site-packages/airflow/example_dags/example_dynamic_task_mapping.py for tasks to queue
[2026-04-21T09:18:18.355+0000] {logging_mixin.py:137} INFO - [2026-04-21T09:18:18.355+0000] {dagbag.py:538} INFO - Filling up the DagBag from /home/airflow/.local/lib/python3.7/site-packages/airflow/example_dags/example_dynamic_task_mapping.py
[2026-04-21T09:18:18.395+0000] {processor.py:753} INFO - DAG(s) dict_keys(['example_dynamic_task_mapping']) retrieved from /home/airflow/.local/lib/python3.7/site-packages/airflow/example_dags/example_dynamic_task_mapping.py
[2026-04-21T09:18:18.430+0000] {logging_mixin.py:137} INFO - [2026-04-21T09:18:18.430+0000] {dag.py:2690} INFO - Sync 1 DAGs
[2026-04-21T09:18:18.476+0000] {logging_mixin.py:137} INFO - [2026-04-21T09:18:18.476+0000] {dag.py:3441} INFO - Setting next_dagrun for example_dynamic_task_mapping to 2022-03-04T00:00:00+00:00, run_after=2022-03-05T00:00:00+00:00
[2026-04-21T09:18:18.516+0000] {processor.py:175} INFO - Processing /home/airflow/.local/lib/python3.7/site-packages/airflow/example_dags/example_dynamic_task_mapping.py took 0.174 seconds
[2026-04-21T09:18:48.941+0000] {processor.py:153} INFO - Started process (PID=3136) to work on /home/airflow/.local/lib/python3.7/site-packages/airflow/example_dags/example_dynamic_task_mapping.py
[2026-04-21T09:18:48.942+0000] {processor.py:743} INFO - Processing file /home/airflow/.local/lib/python3.7/site-packages/airflow/example_dags/example_dynamic_task_mapping.py for tasks to queue
[2026-04-21T09:18:48.943+0000] {logging_mixin.py:137} INFO - [2026-04-21T09:18:48.943+0000] {dagbag.py:538} INFO - Filling up the DagBag from /home/airflow/.local/lib/python3.7/site-packages/airflow/example_dags/example_dynamic_task_mapping.py
[2026-04-21T09:18:48.963+0000] {processor.py:753} INFO - DAG(s) dict_keys(['example_dynamic_task_mapping']) retrieved from /home/airflow/.local/lib/python3.7/site-packages/airflow/example_dags/example_dynamic_task_mapping.py
[2026-04-21T09:18:48.988+0000] {logging_mixin.py:137} INFO - [2026-04-21T09:18:48.988+0000] {dag.py:2690} INFO - Sync 1 DAGs
[2026-04-21T09:18:49.008+0000] {logging_mixin.py:137} INFO - [2026-04-21T09:18:49.007+0000] {dag.py:3441} INFO - Setting next_dagrun for example_dynamic_task_mapping to 2022-03-04T00:00:00+00:00, run_after=2022-03-05T00:00:00+00:00
[2026-04-21T09:18:49.026+0000] {processor.py:175} INFO - Processing /home/airflow/.local/lib/python3.7/site-packages/airflow/example_dags/example_dynamic_task_mapping.py took 0.089 seconds
[2026-04-21T09:19:19.553+0000] {processor.py:153} INFO - Started process (PID=3224) to work on /home/airflow/.local/lib/python3.7/site-packages/airflow/example_dags/example_dynamic_task_mapping.py
[2026-04-21T09:19:19.554+0000] {processor.py:743} INFO - Processing file /home/airflow/.local/lib/python3.7/site-packages/airflow/example_dags/example_dynamic_task_mapping.py for tasks to queue
[2026-04-21T09:19:19.555+0000] {logging_mixin.py:137} INFO - [2026-04-21T09:19:19.554+0000] {dagbag.py:538} INFO - Filling up the DagBag from /home/airflow/.local/lib/python3.7/site-packages/airflow/example_dags/example_dynamic_task_mapping.py
[2026-04-21T09:19:19.574+0000] {processor.py:753} INFO - DAG(s) dict_keys(['example_dynamic_task_mapping']) retrieved from /home/airflow/.local/lib/python3.7/site-packages/airflow/example_dags/example_dynamic_task_mapping.py
[2026-04-21T09:19:19.598+0000] {logging_mixin.py:137} INFO - [2026-04-21T09:19:19.597+0000] {dag.py:2690} INFO - Sync 1 DAGs
[2026-04-21T09:19:19.618+0000] {logging_mixin.py:137} INFO - [2026-04-21T09:19:19.617+0000] {dag.py:3441} INFO - Setting next_dagrun for example_dynamic_task_mapping to 2022-03-04T00:00:00+00:00, run_after=2022-03-05T00:00:00+00:00
[2026-04-21T09:19:19.648+0000] {processor.py:175} INFO - Processing /home/airflow/.local/lib/python3.7/site-packages/airflow/example_dags/example_dynamic_task_mapping.py took 0.098 seconds
[2026-04-21T09:19:49.850+0000] {processor.py:153} INFO - Started process (PID=3336) to work on /home/airflow/.local/lib/python3.7/site-packages/airflow/example_dags/example_dynamic_task_mapping.py
[2026-04-21T09:19:49.851+0000] {processor.py:743} INFO - Processing file /home/airflow/.local/lib/python3.7/site-packages/airflow/example_dags/example_dynamic_task_mapping.py for tasks to queue
[2026-04-21T09:19:49.852+0000] {logging_mixin.py:137} INFO - [2026-04-21T09:19:49.852+0000] {dagbag.py:538} INFO - Filling up the DagBag from /home/airflow/.local/lib/python3.7/site-packages/airflow/example_dags/example_dynamic_task_mapping.py
[2026-04-21T09:19:49.871+0000] {processor.py:753} INFO - DAG(s) dict_keys(['example_dynamic_task_mapping']) retrieved from /home/airflow/.local/lib/python3.7/site-packages/airflow/example_dags/example_dynamic_task_mapping.py
[2026-04-21T09:19:49.894+0000] {logging_mixin.py:137} INFO - [2026-04-21T09:19:49.894+0000] {dag.py:2690} INFO - Sync 1 DAGs
[2026-04-21T09:19:49.912+0000] {logging_mixin.py:137} INFO - [2026-04-21T09:19:49.912+0000] {dag.py:3441} INFO - Setting next_dagrun for example_dynamic_task_mapping to 2022-03-04T00:00:00+00:00, run_after=2022-03-05T00:00:00+00:00
[2026-04-21T09:19:49.928+0000] {processor.py:175} INFO - Processing /home/airflow/.local/lib/python3.7/site-packages/airflow/example_dags/example_dynamic_task_mapping.py took 0.082 seconds
[2026-04-21T09:20:20.606+0000] {processor.py:153} INFO - Started process (PID=3448) to work on /home/airflow/.local/lib/python3.7/site-packages/airflow/example_dags/example_dynamic_task_mapping.py
[2026-04-21T09:20:20.607+0000] {processor.py:743} INFO - Processing file /home/airflow/.local/lib/python3.7/site-packages/airflow/example_dags/example_dynamic_task_mapping.py for tasks to queue
[2026-04-21T09:20:20.608+0000] {logging_mixin.py:137} INFO - [2026-04-21T09:20:20.608+0000] {dagbag.py:538} INFO - Filling up the DagBag from /home/airflow/.local/lib/python3.7/site-packages/airflow/example_dags/example_dynamic_task_mapping.py
[2026-04-21T09:20:20.628+0000] {processor.py:753} INFO - DAG(s) dict_keys(['example_dynamic_task_mapping']) retrieved from /home/airflow/.local/lib/python3.7/site-packages/airflow/example_dags/example_dynamic_task_mapping.py
[2026-04-21T09:20:20.651+0000] {logging_mixin.py:137} INFO - [2026-04-21T09:20:20.651+0000] {dag.py:2690} INFO - Sync 1 DAGs
[2026-04-21T09:20:20.671+0000] {logging_mixin.py:137} INFO - [2026-04-21T09:20:20.671+0000] {dag.py:3441} INFO - Setting next_dagrun for example_dynamic_task_mapping to 2022-03-04T00:00:00+00:00, run_after=2022-03-05T00:00:00+00:00
[2026-04-21T09:20:20.688+0000] {processor.py:175} INFO - Processing /home/airflow/.local/lib/python3.7/site-packages/airflow/example_dags/example_dynamic_task_mapping.py took 0.086 seconds
[2026-04-21T09:20:51.128+0000] {processor.py:153} INFO - Started process (PID=3536) to work on /home/airflow/.local/lib/python3.7/site-packages/airflow/example_dags/example_dynamic_task_mapping.py
[2026-04-21T09:20:51.129+0000] {processor.py:743} INFO - Processing file /home/airflow/.local/lib/python3.7/site-packages/airflow/example_dags/example_dynamic_task_mapping.py for tasks to queue
[2026-04-21T09:20:51.130+0000] {logging_mixin.py:137} INFO - [2026-04-21T09:20:51.130+0000] {dagbag.py:538} INFO - Filling up the DagBag from /home/airflow/.local/lib/python3.7/site-packages/airflow/example_dags/example_dynamic_task_mapping.py
[2026-04-21T09:20:51.151+0000] {processor.py:753} INFO - DAG(s) dict_keys(['example_dynamic_task_mapping']) retrieved from /home/airflow/.local/lib/python3.7/site-packages/airflow/example_dags/example_dynamic_task_mapping.py
[2026-04-21T09:20:51.180+0000] {logging_mixin.py:137} INFO - [2026-04-21T09:20:51.180+0000] {dag.py:2690} INFO - Sync 1 DAGs
[2026-04-21T09:20:51.201+0000] {logging_mixin.py:137} INFO - [2026-04-21T09:20:51.201+0000] {dag.py:3441} INFO - Setting next_dagrun for example_dynamic_task_mapping to 2022-03-04T00:00:00+00:00, run_after=2022-03-05T00:00:00+00:00
[2026-04-21T09:20:51.218+0000] {processor.py:175} INFO - Processing /home/airflow/.local/lib/python3.7/site-packages/airflow/example_dags/example_dynamic_task_mapping.py took 0.093 seconds
[2026-04-21T09:21:21.810+0000] {processor.py:153} INFO - Started process (PID=3650) to work on /home/airflow/.local/lib/python3.7/site-packages/airflow/example_dags/example_dynamic_task_mapping.py
[2026-04-21T09:21:21.813+0000] {processor.py:743} INFO - Processing file /home/airflow/.local/lib/python3.7/site-packages/airflow/example_dags/example_dynamic_task_mapping.py for tasks to queue
[2026-04-21T09:21:21.814+0000] {logging_mixin.py:137} INFO - [2026-04-21T09:21:21.813+0000] {dagbag.py:538} INFO - Filling up the DagBag from /home/airflow/.local/lib/python3.7/site-packages/airflow/example_dags/example_dynamic_task_mapping.py
[2026-04-21T09:21:21.840+0000] {processor.py:753} INFO - DAG(s) dict_keys(['example_dynamic_task_mapping']) retrieved from /home/airflow/.local/lib/python3.7/site-packages/airflow/example_dags/example_dynamic_task_mapping.py
[2026-04-21T09:21:21.877+0000] {logging_mixin.py:137} INFO - [2026-04-21T09:21:21.877+0000] {dag.py:2690} INFO - Sync 1 DAGs
[2026-04-21T09:21:21.920+0000] {logging_mixin.py:137} INFO - [2026-04-21T09:21:21.920+0000] {dag.py:3441} INFO - Setting next_dagrun for example_dynamic_task_mapping to 2022-03-04T00:00:00+00:00, run_after=2022-03-05T00:00:00+00:00
[2026-04-21T09:21:21.953+0000] {processor.py:175} INFO - Processing /home/airflow/.local/lib/python3.7/site-packages/airflow/example_dags/example_dynamic_task_mapping.py took 0.147 seconds
[2026-04-21T09:21:52.527+0000] {processor.py:153} INFO - Started process (PID=3738) to work on /home/airflow/.local/lib/python3.7/site-packages/airflow/example_dags/example_dynamic_task_mapping.py
[2026-04-21T09:21:52.532+0000] {processor.py:743} INFO - Processing file /home/airflow/.local/lib/python3.7/site-packages/airflow/example_dags/example_dynamic_task_mapping.py for tasks to queue
[2026-04-21T09:21:52.534+0000] {logging_mixin.py:137} INFO - [2026-04-21T09:21:52.533+0000] {dagbag.py:538} INFO - Filling up the DagBag from /home/airflow/.local/lib/python3.7/site-packages/airflow/example_dags/example_dynamic_task_mapping.py
[2026-04-21T09:21:52.569+0000] {processor.py:753} INFO - DAG(s) dict_keys(['example_dynamic_task_mapping']) retrieved from /home/airflow/.local/lib/python3.7/site-packages/airflow/example_dags/example_dynamic_task_mapping.py
[2026-04-21T09:21:52.600+0000] {logging_mixin.py:137} INFO - [2026-04-21T09:21:52.599+0000] {dag.py:2690} INFO - Sync 1 DAGs
[2026-04-21T09:21:52.650+0000] {logging_mixin.py:137} INFO - [2026-04-21T09:21:52.649+0000] {dag.py:3441} INFO - Setting next_dagrun for example_dynamic_task_mapping to 2022-03-04T00:00:00+00:00, run_after=2022-03-05T00:00:00+00:00
[2026-04-21T09:21:52.688+0000] {processor.py:175} INFO - Processing /home/airflow/.local/lib/python3.7/site-packages/airflow/example_dags/example_dynamic_task_mapping.py took 0.170 seconds
[2026-04-21T09:22:22.864+0000] {processor.py:153} INFO - Started process (PID=3850) to work on /home/airflow/.local/lib/python3.7/site-packages/airflow/example_dags/example_dynamic_task_mapping.py
[2026-04-21T09:22:22.866+0000] {processor.py:743} INFO - Processing file /home/airflow/.local/lib/python3.7/site-packages/airflow/example_dags/example_dynamic_task_mapping.py for tasks to queue
[2026-04-21T09:22:22.868+0000] {logging_mixin.py:137} INFO - [2026-04-21T09:22:22.868+0000] {dagbag.py:538} INFO - Filling up the DagBag from /home/airflow/.local/lib/python3.7/site-packages/airflow/example_dags/example_dynamic_task_mapping.py
[2026-04-21T09:22:22.903+0000] {processor.py:753} INFO - DAG(s) dict_keys(['example_dynamic_task_mapping']) retrieved from /home/airflow/.local/lib/python3.7/site-packages/airflow/example_dags/example_dynamic_task_mapping.py
[2026-04-21T09:22:22.937+0000] {logging_mixin.py:137} INFO - [2026-04-21T09:22:22.937+0000] {dag.py:2690} INFO - Sync 1 DAGs
[2026-04-21T09:22:22.970+0000] {logging_mixin.py:137} INFO - [2026-04-21T09:22:22.970+0000] {dag.py:3441} INFO - Setting next_dagrun for example_dynamic_task_mapping to 2022-03-04T00:00:00+00:00, run_after=2022-03-05T00:00:00+00:00
[2026-04-21T09:22:22.999+0000] {processor.py:175} INFO - Processing /home/airflow/.local/lib/python3.7/site-packages/airflow/example_dags/example_dynamic_task_mapping.py took 0.145 seconds
[2026-04-21T09:22:53.430+0000] {processor.py:153} INFO - Started process (PID=3944) to work on /home/airflow/.local/lib/python3.7/site-packages/airflow/example_dags/example_dynamic_task_mapping.py
[2026-04-21T09:22:53.432+0000] {processor.py:743} INFO - Processing file /home/airflow/.local/lib/python3.7/site-packages/airflow/example_dags/example_dynamic_task_mapping.py for tasks to queue
[2026-04-21T09:22:53.434+0000] {logging_mixin.py:137} INFO - [2026-04-21T09:22:53.433+0000] {dagbag.py:538} INFO - Filling up the DagBag from /home/airflow/.local/lib/python3.7/site-packages/airflow/example_dags/example_dynamic_task_mapping.py
[2026-04-21T09:22:53.458+0000] {processor.py:753} INFO - DAG(s) dict_keys(['example_dynamic_task_mapping']) retrieved from /home/airflow/.local/lib/python3.7/site-packages/airflow/example_dags/example_dynamic_task_mapping.py
[2026-04-21T09:22:53.499+0000] {logging_mixin.py:137} INFO - [2026-04-21T09:22:53.498+0000] {dag.py:2690} INFO - Sync 1 DAGs
[2026-04-21T09:22:53.538+0000] {logging_mixin.py:137} INFO - [2026-04-21T09:22:53.538+0000] {dag.py:3441} INFO - Setting next_dagrun for example_dynamic_task_mapping to 2022-03-04T00:00:00+00:00, run_after=2022-03-05T00:00:00+00:00
[2026-04-21T09:22:53.574+0000] {processor.py:175} INFO - Processing /home/airflow/.local/lib/python3.7/site-packages/airflow/example_dags/example_dynamic_task_mapping.py took 0.149 seconds
[2026-04-21T09:23:23.804+0000] {processor.py:153} INFO - Started process (PID=4057) to work on /home/airflow/.local/lib/python3.7/site-packages/airflow/example_dags/example_dynamic_task_mapping.py
[2026-04-21T09:23:23.805+0000] {processor.py:743} INFO - Processing file /home/airflow/.local/lib/python3.7/site-packages/airflow/example_dags/example_dynamic_task_mapping.py for tasks to queue
[2026-04-21T09:23:23.807+0000] {logging_mixin.py:137} INFO - [2026-04-21T09:23:23.807+0000] {dagbag.py:538} INFO - Filling up the DagBag from /home/airflow/.local/lib/python3.7/site-packages/airflow/example_dags/example_dynamic_task_mapping.py
[2026-04-21T09:23:23.841+0000] {processor.py:753} INFO - DAG(s) dict_keys(['example_dynamic_task_mapping']) retrieved from /home/airflow/.local/lib/python3.7/site-packages/airflow/example_dags/example_dynamic_task_mapping.py
[2026-04-21T09:23:23.887+0000] {logging_mixin.py:137} INFO - [2026-04-21T09:23:23.886+0000] {dag.py:2690} INFO - Sync 1 DAGs
[2026-04-21T09:23:23.937+0000] {logging_mixin.py:137} INFO - [2026-04-21T09:23:23.936+0000] {dag.py:3441} INFO - Setting next_dagrun for example_dynamic_task_mapping to 2022-03-04T00:00:00+00:00, run_after=2022-03-05T00:00:00+00:00
[2026-04-21T09:23:23.964+0000] {processor.py:175} INFO - Processing /home/airflow/.local/lib/python3.7/site-packages/airflow/example_dags/example_dynamic_task_mapping.py took 0.165 seconds
[2026-04-21T09:23:54.585+0000] {processor.py:153} INFO - Started process (PID=4142) to work on /home/airflow/.local/lib/python3.7/site-packages/airflow/example_dags/example_dynamic_task_mapping.py
[2026-04-21T09:23:54.586+0000] {processor.py:743} INFO - Processing file /home/airflow/.local/lib/python3.7/site-packages/airflow/example_dags/example_dynamic_task_mapping.py for tasks to queue
[2026-04-21T09:23:54.587+0000] {logging_mixin.py:137} INFO - [2026-04-21T09:23:54.587+0000] {dagbag.py:538} INFO - Filling up the DagBag from /home/airflow/.local/lib/python3.7/site-packages/airflow/example_dags/example_dynamic_task_mapping.py
[2026-04-21T09:23:54.610+0000] {processor.py:753} INFO - DAG(s) dict_keys(['example_dynamic_task_mapping']) retrieved from /home/airflow/.local/lib/python3.7/site-packages/airflow/example_dags/example_dynamic_task_mapping.py
[2026-04-21T09:23:54.634+0000] {logging_mixin.py:137} INFO - [2026-04-21T09:23:54.634+0000] {dag.py:2690} INFO - Sync 1 DAGs
[2026-04-21T09:23:54.656+0000] {logging_mixin.py:137} INFO - [2026-04-21T09:23:54.656+0000] {dag.py:3441} INFO - Setting next_dagrun for example_dynamic_task_mapping to 2022-03-04T00:00:00+00:00, run_after=2022-03-05T00:00:00+00:00
[2026-04-21T09:23:54.680+0000] {processor.py:175} INFO - Processing /home/airflow/.local/lib/python3.7/site-packages/airflow/example_dags/example_dynamic_task_mapping.py took 0.097 seconds
[2026-04-21T09:24:24.962+0000] {processor.py:153} INFO - Started process (PID=4253) to work on /home/airflow/.local/lib/python3.7/site-packages/airflow/example_dags/example_dynamic_task_mapping.py
[2026-04-21T09:24:24.963+0000] {processor.py:743} INFO - Processing file /home/airflow/.local/lib/python3.7/site-packages/airflow/example_dags/example_dynamic_task_mapping.py for tasks to queue
[2026-04-21T09:24:24.964+0000] {logging_mixin.py:137} INFO - [2026-04-21T09:24:24.963+0000] {dagbag.py:538} INFO - Filling up the DagBag from /home/airflow/.local/lib/python3.7/site-packages/airflow/example_dags/example_dynamic_task_mapping.py
[2026-04-21T09:24:24.982+0000] {processor.py:753} INFO - DAG(s) dict_keys(['example_dynamic_task_mapping']) retrieved from /home/airflow/.local/lib/python3.7/site-packages/airflow/example_dags/example_dynamic_task_mapping.py
[2026-04-21T09:24:25.018+0000] {logging_mixin.py:137} INFO - [2026-04-21T09:24:25.018+0000] {dag.py:2690} INFO - Sync 1 DAGs
[2026-04-21T09:24:25.046+0000] {logging_mixin.py:137} INFO - [2026-04-21T09:24:25.046+0000] {dag.py:3441} INFO - Setting next_dagrun for example_dynamic_task_mapping to 2022-03-04T00:00:00+00:00, run_after=2022-03-05T00:00:00+00:00
[2026-04-21T09:24:25.082+0000] {processor.py:175} INFO - Processing /home/airflow/.local/lib/python3.7/site-packages/airflow/example_dags/example_dynamic_task_mapping.py took 0.123 seconds
[2026-04-21T09:24:55.833+0000] {processor.py:153} INFO - Started process (PID=4341) to work on /home/airflow/.local/lib/python3.7/site-packages/airflow/example_dags/example_dynamic_task_mapping.py
[2026-04-21T09:24:55.835+0000] {processor.py:743} INFO - Processing file /home/airflow/.local/lib/python3.7/site-packages/airflow/example_dags/example_dynamic_task_mapping.py for tasks to queue
[2026-04-21T09:24:55.837+0000] {logging_mixin.py:137} INFO - [2026-04-21T09:24:55.837+0000] {dagbag.py:538} INFO - Filling up the DagBag from /home/airflow/.local/lib/python3.7/site-packages/airflow/example_dags/example_dynamic_task_mapping.py
[2026-04-21T09:24:55.864+0000] {processor.py:753} INFO - DAG(s) dict_keys(['example_dynamic_task_mapping']) retrieved from /home/airflow/.local/lib/python3.7/site-packages/airflow/example_dags/example_dynamic_task_mapping.py
[2026-04-21T09:24:55.906+0000] {logging_mixin.py:137} INFO - [2026-04-21T09:24:55.905+0000] {dag.py:2690} INFO - Sync 1 DAGs
[2026-04-21T09:24:55.942+0000] {logging_mixin.py:137} INFO - [2026-04-21T09:24:55.942+0000] {dag.py:3441} INFO - Setting next_dagrun for example_dynamic_task_mapping to 2022-03-04T00:00:00+00:00, run_after=2022-03-05T00:00:00+00:00
[2026-04-21T09:24:55.977+0000] {processor.py:175} INFO - Processing /home/airflow/.local/lib/python3.7/site-packages/airflow/example_dags/example_dynamic_task_mapping.py took 0.151 seconds
[2026-04-21T09:25:26.077+0000] {processor.py:153} INFO - Started process (PID=4453) to work on /home/airflow/.local/lib/python3.7/site-packages/airflow/example_dags/example_dynamic_task_mapping.py
[2026-04-21T09:25:26.079+0000] {processor.py:743} INFO - Processing file /home/airflow/.local/lib/python3.7/site-packages/airflow/example_dags/example_dynamic_task_mapping.py for tasks to queue
[2026-04-21T09:25:26.082+0000] {logging_mixin.py:137} INFO - [2026-04-21T09:25:26.081+0000] {dagbag.py:538} INFO - Filling up the DagBag from /home/airflow/.local/lib/python3.7/site-packages/airflow/example_dags/example_dynamic_task_mapping.py
[2026-04-21T09:25:26.105+0000] {processor.py:753} INFO - DAG(s) dict_keys(['example_dynamic_task_mapping']) retrieved from /home/airflow/.local/lib/python3.7/site-packages/airflow/example_dags/example_dynamic_task_mapping.py
[2026-04-21T09:25:26.138+0000] {logging_mixin.py:137} INFO - [2026-04-21T09:25:26.137+0000] {dag.py:2690} INFO - Sync 1 DAGs
[2026-04-21T09:25:26.181+0000] {logging_mixin.py:137} INFO - [2026-04-21T09:25:26.180+0000] {dag.py:3441} INFO - Setting next_dagrun for example_dynamic_task_mapping to 2022-03-04T00:00:00+00:00, run_after=2022-03-05T00:00:00+00:00
[2026-04-21T09:25:26.213+0000] {processor.py:175} INFO - Processing /home/airflow/.local/lib/python3.7/site-packages/airflow/example_dags/example_dynamic_task_mapping.py took 0.142 seconds
[2026-04-21T09:25:56.489+0000] {processor.py:153} INFO - Started process (PID=4541) to work on /home/airflow/.local/lib/python3.7/site-packages/airflow/example_dags/example_dynamic_task_mapping.py
[2026-04-21T09:25:56.492+0000] {processor.py:743} INFO - Processing file /home/airflow/.local/lib/python3.7/site-packages/airflow/example_dags/example_dynamic_task_mapping.py for tasks to queue
[2026-04-21T09:25:56.494+0000] {logging_mixin.py:137} INFO - [2026-04-21T09:25:56.493+0000] {dagbag.py:538} INFO - Filling up the DagBag from /home/airflow/.local/lib/python3.7/site-packages/airflow/example_dags/example_dynamic_task_mapping.py
[2026-04-21T09:25:56.524+0000] {processor.py:753} INFO - DAG(s) dict_keys(['example_dynamic_task_mapping']) retrieved from /home/airflow/.local/lib/python3.7/site-packages/airflow/example_dags/example_dynamic_task_mapping.py
[2026-04-21T09:25:56.586+0000] {logging_mixin.py:137} INFO - [2026-04-21T09:25:56.586+0000] {dag.py:2690} INFO - Sync 1 DAGs
[2026-04-21T09:25:56.642+0000] {logging_mixin.py:137} INFO - [2026-04-21T09:25:56.641+0000] {dag.py:3441} INFO - Setting next_dagrun for example_dynamic_task_mapping to 2022-03-04T00:00:00+00:00, run_after=2022-03-05T00:00:00+00:00
[2026-04-21T09:25:56.686+0000] {processor.py:175} INFO - Processing /home/airflow/.local/lib/python3.7/site-packages/airflow/example_dags/example_dynamic_task_mapping.py took 0.204 seconds
[2026-04-21T09:26:27.518+0000] {processor.py:153} INFO - Started process (PID=4653) to work on /home/airflow/.local/lib/python3.7/site-packages/airflow/example_dags/example_dynamic_task_mapping.py
[2026-04-21T09:26:27.520+0000] {processor.py:743} INFO - Processing file /home/airflow/.local/lib/python3.7/site-packages/airflow/example_dags/example_dynamic_task_mapping.py for tasks to queue
[2026-04-21T09:26:27.521+0000] {logging_mixin.py:137} INFO - [2026-04-21T09:26:27.520+0000] {dagbag.py:538} INFO - Filling up the DagBag from /home/airflow/.local/lib/python3.7/site-packages/airflow/example_dags/example_dynamic_task_mapping.py
[2026-04-21T09:26:27.555+0000] {processor.py:753} INFO - DAG(s) dict_keys(['example_dynamic_task_mapping']) retrieved from /home/airflow/.local/lib/python3.7/site-packages/airflow/example_dags/example_dynamic_task_mapping.py
[2026-04-21T09:26:27.579+0000] {logging_mixin.py:137} INFO - [2026-04-21T09:26:27.579+0000] {dag.py:2690} INFO - Sync 1 DAGs
[2026-04-21T09:26:27.601+0000] {logging_mixin.py:137} INFO - [2026-04-21T09:26:27.601+0000] {dag.py:3441} INFO - Setting next_dagrun for example_dynamic_task_mapping to 2022-03-04T00:00:00+00:00, run_after=2022-03-05T00:00:00+00:00
[2026-04-21T09:26:27.628+0000] {processor.py:175} INFO - Processing /home/airflow/.local/lib/python3.7/site-packages/airflow/example_dags/example_dynamic_task_mapping.py took 0.115 seconds
[2026-04-21T09:26:57.788+0000] {processor.py:153} INFO - Started process (PID=4742) to work on /home/airflow/.local/lib/python3.7/site-packages/airflow/example_dags/example_dynamic_task_mapping.py
[2026-04-21T09:26:57.790+0000] {processor.py:743} INFO - Processing file /home/airflow/.local/lib/python3.7/site-packages/airflow/example_dags/example_dynamic_task_mapping.py for tasks to queue
[2026-04-21T09:26:57.791+0000] {logging_mixin.py:137} INFO - [2026-04-21T09:26:57.791+0000] {dagbag.py:538} INFO - Filling up the DagBag from /home/airflow/.local/lib/python3.7/site-packages/airflow/example_dags/example_dynamic_task_mapping.py
[2026-04-21T09:26:57.828+0000] {processor.py:753} INFO - DAG(s) dict_keys(['example_dynamic_task_mapping']) retrieved from /home/airflow/.local/lib/python3.7/site-packages/airflow/example_dags/example_dynamic_task_mapping.py
[2026-04-21T09:26:57.866+0000] {logging_mixin.py:137} INFO - [2026-04-21T09:26:57.866+0000] {dag.py:2690} INFO - Sync 1 DAGs
[2026-04-21T09:26:57.896+0000] {logging_mixin.py:137} INFO - [2026-04-21T09:26:57.896+0000] {dag.py:3441} INFO - Setting next_dagrun for example_dynamic_task_mapping to 2022-03-04T00:00:00+00:00, run_after=2022-03-05T00:00:00+00:00
[2026-04-21T09:26:57.929+0000] {processor.py:175} INFO - Processing /home/airflow/.local/lib/python3.7/site-packages/airflow/example_dags/example_dynamic_task_mapping.py took 0.147 seconds
[2026-04-21T09:27:28.315+0000] {processor.py:153} INFO - Started process (PID=4853) to work on /home/airflow/.local/lib/python3.7/site-packages/airflow/example_dags/example_dynamic_task_mapping.py
[2026-04-21T09:27:28.317+0000] {processor.py:743} INFO - Processing file /home/airflow/.local/lib/python3.7/site-packages/airflow/example_dags/example_dynamic_task_mapping.py for tasks to queue
[2026-04-21T09:27:28.318+0000] {logging_mixin.py:137} INFO - [2026-04-21T09:27:28.318+0000] {dagbag.py:538} INFO - Filling up the DagBag from /home/airflow/.local/lib/python3.7/site-packages/airflow/example_dags/example_dynamic_task_mapping.py
[2026-04-21T09:27:28.346+0000] {processor.py:753} INFO - DAG(s) dict_keys(['example_dynamic_task_mapping']) retrieved from /home/airflow/.local/lib/python3.7/site-packages/airflow/example_dags/example_dynamic_task_mapping.py
[2026-04-21T09:27:28.369+0000] {logging_mixin.py:137} INFO - [2026-04-21T09:27:28.369+0000] {dag.py:2690} INFO - Sync 1 DAGs
[2026-04-21T09:27:28.406+0000] {logging_mixin.py:137} INFO - [2026-04-21T09:27:28.406+0000] {dag.py:3441} INFO - Setting next_dagrun for example_dynamic_task_mapping to 2022-03-04T00:00:00+00:00, run_after=2022-03-05T00:00:00+00:00
[2026-04-21T09:27:28.444+0000] {processor.py:175} INFO - Processing /home/airflow/.local/lib/python3.7/site-packages/airflow/example_dags/example_dynamic_task_mapping.py took 0.135 seconds
[2026-04-21T09:27:58.934+0000] {processor.py:153} INFO - Started process (PID=4941) to work on /home/airflow/.local/lib/python3.7/site-packages/airflow/example_dags/example_dynamic_task_mapping.py
[2026-04-21T09:27:58.937+0000] {processor.py:743} INFO - Processing file /home/airflow/.local/lib/python3.7/site-packages/airflow/example_dags/example_dynamic_task_mapping.py for tasks to queue
[2026-04-21T09:27:58.938+0000] {logging_mixin.py:137} INFO - [2026-04-21T09:27:58.938+0000] {dagbag.py:538} INFO - Filling up the DagBag from /home/airflow/.local/lib/python3.7/site-packages/airflow/example_dags/example_dynamic_task_mapping.py
[2026-04-21T09:27:58.972+0000] {processor.py:753} INFO - DAG(s) dict_keys(['example_dynamic_task_mapping']) retrieved from /home/airflow/.local/lib/python3.7/site-packages/airflow/example_dags/example_dynamic_task_mapping.py
[2026-04-21T09:27:59.001+0000] {logging_mixin.py:137} INFO - [2026-04-21T09:27:59.000+0000] {dag.py:2690} INFO - Sync 1 DAGs
[2026-04-21T09:27:59.031+0000] {logging_mixin.py:137} INFO - [2026-04-21T09:27:59.030+0000] {dag.py:3441} INFO - Setting next_dagrun for example_dynamic_task_mapping to 2022-03-04T00:00:00+00:00, run_after=2022-03-05T00:00:00+00:00
[2026-04-21T09:27:59.056+0000] {processor.py:175} INFO - Processing /home/airflow/.local/lib/python3.7/site-packages/airflow/example_dags/example_dynamic_task_mapping.py took 0.129 seconds
[2026-04-21T09:28:29.173+0000] {processor.py:153} INFO - Started process (PID=5053) to work on /home/airflow/.local/lib/python3.7/site-packages/airflow/example_dags/example_dynamic_task_mapping.py
[2026-04-21T09:28:29.175+0000] {processor.py:743} INFO - Processing file /home/airflow/.local/lib/python3.7/site-packages/airflow/example_dags/example_dynamic_task_mapping.py for tasks to queue
[2026-04-21T09:28:29.175+0000] {logging_mixin.py:137} INFO - [2026-04-21T09:28:29.175+0000] {dagbag.py:538} INFO - Filling up the DagBag from /home/airflow/.local/lib/python3.7/site-packages/airflow/example_dags/example_dynamic_task_mapping.py
[2026-04-21T09:28:29.193+0000] {processor.py:753} INFO - DAG(s) dict_keys(['example_dynamic_task_mapping']) retrieved from /home/airflow/.local/lib/python3.7/site-packages/airflow/example_dags/example_dynamic_task_mapping.py
[2026-04-21T09:28:29.218+0000] {logging_mixin.py:137} INFO - [2026-04-21T09:28:29.217+0000] {dag.py:2690} INFO - Sync 1 DAGs
[2026-04-21T09:28:29.246+0000] {logging_mixin.py:137} INFO - [2026-04-21T09:28:29.246+0000] {dag.py:3441} INFO - Setting next_dagrun for example_dynamic_task_mapping to 2022-03-04T00:00:00+00:00, run_after=2022-03-05T00:00:00+00:00
[2026-04-21T09:28:29.275+0000] {processor.py:175} INFO - Processing /home/airflow/.local/lib/python3.7/site-packages/airflow/example_dags/example_dynamic_task_mapping.py took 0.105 seconds
[2026-04-21T09:28:59.727+0000] {processor.py:153} INFO - Started process (PID=5148) to work on /home/airflow/.local/lib/python3.7/site-packages/airflow/example_dags/example_dynamic_task_mapping.py
[2026-04-21T09:28:59.729+0000] {processor.py:743} INFO - Processing file /home/airflow/.local/lib/python3.7/site-packages/airflow/example_dags/example_dynamic_task_mapping.py for tasks to queue
[2026-04-21T09:28:59.730+0000] {logging_mixin.py:137} INFO - [2026-04-21T09:28:59.729+0000] {dagbag.py:538} INFO - Filling up the DagBag from /home/airflow/.local/lib/python3.7/site-packages/airflow/example_dags/example_dynamic_task_mapping.py
[2026-04-21T09:28:59.748+0000] {processor.py:753} INFO - DAG(s) dict_keys(['example_dynamic_task_mapping']) retrieved from /home/airflow/.local/lib/python3.7/site-packages/airflow/example_dags/example_dynamic_task_mapping.py
[2026-04-21T09:28:59.770+0000] {logging_mixin.py:137} INFO - [2026-04-21T09:28:59.770+0000] {dag.py:2690} INFO - Sync 1 DAGs
[2026-04-21T09:28:59.790+0000] {logging_mixin.py:137} INFO - [2026-04-21T09:28:59.790+0000] {dag.py:3441} INFO - Setting next_dagrun for example_dynamic_task_mapping to 2022-03-04T00:00:00+00:00, run_after=2022-03-05T00:00:00+00:00
[2026-04-21T09:28:59.809+0000] {processor.py:175} INFO - Processing /home/airflow/.local/lib/python3.7/site-packages/airflow/example_dags/example_dynamic_task_mapping.py took 0.084 seconds
[2026-04-21T09:29:30.571+0000] {processor.py:153} INFO - Started process (PID=5253) to work on /home/airflow/.local/lib/python3.7/site-packages/airflow/example_dags/example_dynamic_task_mapping.py
[2026-04-21T09:29:30.573+0000] {processor.py:743} INFO - Processing file /home/airflow/.local/lib/python3.7/site-packages/airflow/example_dags/example_dynamic_task_mapping.py for tasks to queue
[2026-04-21T09:29:30.574+0000] {logging_mixin.py:137} INFO - [2026-04-21T09:29:30.574+0000] {dagbag.py:538} INFO - Filling up the DagBag from /home/airflow/.local/lib/python3.7/site-packages/airflow/example_dags/example_dynamic_task_mapping.py
[2026-04-21T09:29:30.598+0000] {processor.py:753} INFO - DAG(s) dict_keys(['example_dynamic_task_mapping']) retrieved from /home/airflow/.local/lib/python3.7/site-packages/airflow/example_dags/example_dynamic_task_mapping.py
[2026-04-21T09:29:30.650+0000] {logging_mixin.py:137} INFO - [2026-04-21T09:29:30.650+0000] {dag.py:2690} INFO - Sync 1 DAGs
[2026-04-21T09:29:30.692+0000] {logging_mixin.py:137} INFO - [2026-04-21T09:29:30.692+0000] {dag.py:3441} INFO - Setting next_dagrun for example_dynamic_task_mapping to 2022-03-04T00:00:00+00:00, run_after=2022-03-05T00:00:00+00:00
[2026-04-21T09:29:30.725+0000] {processor.py:175} INFO - Processing /home/airflow/.local/lib/python3.7/site-packages/airflow/example_dags/example_dynamic_task_mapping.py took 0.157 seconds
[2026-04-21T09:30:01.274+0000] {processor.py:153} INFO - Started process (PID=5366) to work on /home/airflow/.local/lib/python3.7/site-packages/airflow/example_dags/example_dynamic_task_mapping.py
[2026-04-21T09:30:01.276+0000] {processor.py:743} INFO - Processing file /home/airflow/.local/lib/python3.7/site-packages/airflow/example_dags/example_dynamic_task_mapping.py for tasks to queue
[2026-04-21T09:30:01.276+0000] {logging_mixin.py:137} INFO - [2026-04-21T09:30:01.276+0000] {dagbag.py:538} INFO - Filling up the DagBag from /home/airflow/.local/lib/python3.7/site-packages/airflow/example_dags/example_dynamic_task_mapping.py
[2026-04-21T09:30:01.295+0000] {processor.py:753} INFO - DAG(s) dict_keys(['example_dynamic_task_mapping']) retrieved from /home/airflow/.local/lib/python3.7/site-packages/airflow/example_dags/example_dynamic_task_mapping.py
[2026-04-21T09:30:01.315+0000] {logging_mixin.py:137} INFO - [2026-04-21T09:30:01.315+0000] {dag.py:2690} INFO - Sync 1 DAGs
[2026-04-21T09:30:01.336+0000] {logging_mixin.py:137} INFO - [2026-04-21T09:30:01.336+0000] {dag.py:3441} INFO - Setting next_dagrun for example_dynamic_task_mapping to 2022-03-04T00:00:00+00:00, run_after=2022-03-05T00:00:00+00:00
[2026-04-21T09:30:01.356+0000] {processor.py:175} INFO - Processing /home/airflow/.local/lib/python3.7/site-packages/airflow/example_dags/example_dynamic_task_mapping.py took 0.084 seconds
[2026-04-21T09:30:31.983+0000] {processor.py:153} INFO - Started process (PID=5454) to work on /home/airflow/.local/lib/python3.7/site-packages/airflow/example_dags/example_dynamic_task_mapping.py
[2026-04-21T09:30:31.986+0000] {processor.py:743} INFO - Processing file /home/airflow/.local/lib/python3.7/site-packages/airflow/example_dags/example_dynamic_task_mapping.py for tasks to queue
[2026-04-21T09:30:31.988+0000] {logging_mixin.py:137} INFO - [2026-04-21T09:30:31.987+0000] {dagbag.py:538} INFO - Filling up the DagBag from /home/airflow/.local/lib/python3.7/site-packages/airflow/example_dags/example_dynamic_task_mapping.py
[2026-04-21T09:30:32.028+0000] {processor.py:753} INFO - DAG(s) dict_keys(['example_dynamic_task_mapping']) retrieved from /home/airflow/.local/lib/python3.7/site-packages/airflow/example_dags/example_dynamic_task_mapping.py
[2026-04-21T09:30:32.078+0000] {logging_mixin.py:137} INFO - [2026-04-21T09:30:32.078+0000] {dag.py:2690} INFO - Sync 1 DAGs
[2026-04-21T09:30:32.122+0000] {logging_mixin.py:137} INFO - [2026-04-21T09:30:32.122+0000] {dag.py:3441} INFO - Setting next_dagrun for example_dynamic_task_mapping to 2022-03-04T00:00:00+00:00, run_after=2022-03-05T00:00:00+00:00
[2026-04-21T09:30:32.164+0000] {processor.py:175} INFO - Processing /home/airflow/.local/lib/python3.7/site-packages/airflow/example_dags/example_dynamic_task_mapping.py took 0.190 seconds
[2026-04-21T09:31:02.303+0000] {processor.py:153} INFO - Started process (PID=5567) to work on /home/airflow/.local/lib/python3.7/site-packages/airflow/example_dags/example_dynamic_task_mapping.py
[2026-04-21T09:31:02.305+0000] {processor.py:743} INFO - Processing file /home/airflow/.local/lib/python3.7/site-packages/airflow/example_dags/example_dynamic_task_mapping.py for tasks to queue
[2026-04-21T09:31:02.306+0000] {logging_mixin.py:137} INFO - [2026-04-21T09:31:02.305+0000] {dagbag.py:538} INFO - Filling up the DagBag from /home/airflow/.local/lib/python3.7/site-packages/airflow/example_dags/example_dynamic_task_mapping.py
[2026-04-21T09:31:02.330+0000] {processor.py:753} INFO - DAG(s) dict_keys(['example_dynamic_task_mapping']) retrieved from /home/airflow/.local/lib/python3.7/site-packages/airflow/example_dags/example_dynamic_task_mapping.py
[2026-04-21T09:31:02.363+0000] {logging_mixin.py:137} INFO - [2026-04-21T09:31:02.363+0000] {dag.py:2690} INFO - Sync 1 DAGs
[2026-04-21T09:31:02.396+0000] {logging_mixin.py:137} INFO - [2026-04-21T09:31:02.396+0000] {dag.py:3441} INFO - Setting next_dagrun for example_dynamic_task_mapping to 2022-03-04T00:00:00+00:00, run_after=2022-03-05T00:00:00+00:00
[2026-04-21T09:31:02.431+0000] {processor.py:175} INFO - Processing /home/airflow/.local/lib/python3.7/site-packages/airflow/example_dags/example_dynamic_task_mapping.py took 0.134 seconds
[2026-04-21T09:31:33.956+0000] {processor.py:153} INFO - Started process (PID=5655) to work on /home/airflow/.local/lib/python3.7/site-packages/airflow/example_dags/example_dynamic_task_mapping.py
[2026-04-21T09:31:33.958+0000] {processor.py:743} INFO - Processing file /home/airflow/.local/lib/python3.7/site-packages/airflow/example_dags/example_dynamic_task_mapping.py for tasks to queue
[2026-04-21T09:31:33.964+0000] {logging_mixin.py:137} INFO - [2026-04-21T09:31:33.964+0000] {dagbag.py:538} INFO - Filling up the DagBag from /home/airflow/.local/lib/python3.7/site-packages/airflow/example_dags/example_dynamic_task_mapping.py
[2026-04-21T09:31:33.999+0000] {processor.py:753} INFO - DAG(s) dict_keys(['example_dynamic_task_mapping']) retrieved from /home/airflow/.local/lib/python3.7/site-packages/airflow/example_dags/example_dynamic_task_mapping.py
[2026-04-21T09:31:34.037+0000] {logging_mixin.py:137} INFO - [2026-04-21T09:31:34.037+0000] {dag.py:2690} INFO - Sync 1 DAGs
[2026-04-21T09:31:34.076+0000] {logging_mixin.py:137} INFO - [2026-04-21T09:31:34.076+0000] {dag.py:3441} INFO - Setting next_dagrun for example_dynamic_task_mapping to 2022-03-04T00:00:00+00:00, run_after=2022-03-05T00:00:00+00:00
[2026-04-21T09:31:34.115+0000] {processor.py:175} INFO - Processing /home/airflow/.local/lib/python3.7/site-packages/airflow/example_dags/example_dynamic_task_mapping.py took 0.166 seconds
[2026-04-21T09:32:04.419+0000] {processor.py:153} INFO - Started process (PID=5767) to work on /home/airflow/.local/lib/python3.7/site-packages/airflow/example_dags/example_dynamic_task_mapping.py
[2026-04-21T09:32:04.421+0000] {processor.py:743} INFO - Processing file /home/airflow/.local/lib/python3.7/site-packages/airflow/example_dags/example_dynamic_task_mapping.py for tasks to queue
[2026-04-21T09:32:04.423+0000] {logging_mixin.py:137} INFO - [2026-04-21T09:32:04.423+0000] {dagbag.py:538} INFO - Filling up the DagBag from /home/airflow/.local/lib/python3.7/site-packages/airflow/example_dags/example_dynamic_task_mapping.py
[2026-04-21T09:32:04.456+0000] {processor.py:753} INFO - DAG(s) dict_keys(['example_dynamic_task_mapping']) retrieved from /home/airflow/.local/lib/python3.7/site-packages/airflow/example_dags/example_dynamic_task_mapping.py
[2026-04-21T09:32:04.486+0000] {logging_mixin.py:137} INFO - [2026-04-21T09:32:04.486+0000] {dag.py:2690} INFO - Sync 1 DAGs
[2026-04-21T09:32:04.516+0000] {logging_mixin.py:137} INFO - [2026-04-21T09:32:04.516+0000] {dag.py:3441} INFO - Setting next_dagrun for example_dynamic_task_mapping to 2022-03-04T00:00:00+00:00, run_after=2022-03-05T00:00:00+00:00
[2026-04-21T09:32:04.548+0000] {processor.py:175} INFO - Processing /home/airflow/.local/lib/python3.7/site-packages/airflow/example_dags/example_dynamic_task_mapping.py took 0.133 seconds
[2026-04-21T09:32:35.075+0000] {processor.py:153} INFO - Started process (PID=5857) to work on /home/airflow/.local/lib/python3.7/site-packages/airflow/example_dags/example_dynamic_task_mapping.py
[2026-04-21T09:32:35.077+0000] {processor.py:743} INFO - Processing file /home/airflow/.local/lib/python3.7/site-packages/airflow/example_dags/example_dynamic_task_mapping.py for tasks to queue
[2026-04-21T09:32:35.079+0000] {logging_mixin.py:137} INFO - [2026-04-21T09:32:35.079+0000] {dagbag.py:538} INFO - Filling up the DagBag from /home/airflow/.local/lib/python3.7/site-packages/airflow/example_dags/example_dynamic_task_mapping.py
[2026-04-21T09:32:35.102+0000] {processor.py:753} INFO - DAG(s) dict_keys(['example_dynamic_task_mapping']) retrieved from /home/airflow/.local/lib/python3.7/site-packages/airflow/example_dags/example_dynamic_task_mapping.py
[2026-04-21T09:32:35.149+0000] {logging_mixin.py:137} INFO - [2026-04-21T09:32:35.149+0000] {dag.py:2690} INFO - Sync 1 DAGs
[2026-04-21T09:32:35.185+0000] {logging_mixin.py:137} INFO - [2026-04-21T09:32:35.185+0000] {dag.py:3441} INFO - Setting next_dagrun for example_dynamic_task_mapping to 2022-03-04T00:00:00+00:00, run_after=2022-03-05T00:00:00+00:00
[2026-04-21T09:32:35.228+0000] {processor.py:175} INFO - Processing /home/airflow/.local/lib/python3.7/site-packages/airflow/example_dags/example_dynamic_task_mapping.py took 0.159 seconds
[2026-04-21T09:33:05.770+0000] {processor.py:153} INFO - Started process (PID=5969) to work on /home/airflow/.local/lib/python3.7/site-packages/airflow/example_dags/example_dynamic_task_mapping.py
[2026-04-21T09:33:05.773+0000] {processor.py:743} INFO - Processing file /home/airflow/.local/lib/python3.7/site-packages/airflow/example_dags/example_dynamic_task_mapping.py for tasks to queue
[2026-04-21T09:33:05.777+0000] {logging_mixin.py:137} INFO - [2026-04-21T09:33:05.777+0000] {dagbag.py:538} INFO - Filling up the DagBag from /home/airflow/.local/lib/python3.7/site-packages/airflow/example_dags/example_dynamic_task_mapping.py
[2026-04-21T09:33:05.812+0000] {processor.py:753} INFO - DAG(s) dict_keys(['example_dynamic_task_mapping']) retrieved from /home/airflow/.local/lib/python3.7/site-packages/airflow/example_dags/example_dynamic_task_mapping.py
[2026-04-21T09:33:05.849+0000] {logging_mixin.py:137} INFO - [2026-04-21T09:33:05.849+0000] {dag.py:2690} INFO - Sync 1 DAGs
[2026-04-21T09:33:05.877+0000] {logging_mixin.py:137} INFO - [2026-04-21T09:33:05.876+0000] {dag.py:3441} INFO - Setting next_dagrun for example_dynamic_task_mapping to 2022-03-04T00:00:00+00:00, run_after=2022-03-05T00:00:00+00:00
[2026-04-21T09:33:05.902+0000] {processor.py:175} INFO - Processing /home/airflow/.local/lib/python3.7/site-packages/airflow/example_dags/example_dynamic_task_mapping.py took 0.142 seconds
[2026-04-21T09:33:36.095+0000] {processor.py:153} INFO - Started process (PID=6057) to work on /home/airflow/.local/lib/python3.7/site-packages/airflow/example_dags/example_dynamic_task_mapping.py
[2026-04-21T09:33:36.097+0000] {processor.py:743} INFO - Processing file /home/airflow/.local/lib/python3.7/site-packages/airflow/example_dags/example_dynamic_task_mapping.py for tasks to queue
[2026-04-21T09:33:36.099+0000] {logging_mixin.py:137} INFO - [2026-04-21T09:33:36.099+0000] {dagbag.py:538} INFO - Filling up the DagBag from /home/airflow/.local/lib/python3.7/site-packages/airflow/example_dags/example_dynamic_task_mapping.py
[2026-04-21T09:33:36.127+0000] {processor.py:753} INFO - DAG(s) dict_keys(['example_dynamic_task_mapping']) retrieved from /home/airflow/.local/lib/python3.7/site-packages/airflow/example_dags/example_dynamic_task_mapping.py
[2026-04-21T09:33:36.156+0000] {logging_mixin.py:137} INFO - [2026-04-21T09:33:36.156+0000] {dag.py:2690} INFO - Sync 1 DAGs
[2026-04-21T09:33:36.177+0000] {logging_mixin.py:137} INFO - [2026-04-21T09:33:36.176+0000] {dag.py:3441} INFO - Setting next_dagrun for example_dynamic_task_mapping to 2022-03-04T00:00:00+00:00, run_after=2022-03-05T00:00:00+00:00
[2026-04-21T09:33:36.209+0000] {processor.py:175} INFO - Processing /home/airflow/.local/lib/python3.7/site-packages/airflow/example_dags/example_dynamic_task_mapping.py took 0.121 seconds
[2026-04-21T09:34:06.757+0000] {processor.py:153} INFO - Started process (PID=6169) to work on /home/airflow/.local/lib/python3.7/site-packages/airflow/example_dags/example_dynamic_task_mapping.py
[2026-04-21T09:34:06.759+0000] {processor.py:743} INFO - Processing file /home/airflow/.local/lib/python3.7/site-packages/airflow/example_dags/example_dynamic_task_mapping.py for tasks to queue
[2026-04-21T09:34:06.760+0000] {logging_mixin.py:137} INFO - [2026-04-21T09:34:06.760+0000] {dagbag.py:538} INFO - Filling up the DagBag from /home/airflow/.local/lib/python3.7/site-packages/airflow/example_dags/example_dynamic_task_mapping.py
[2026-04-21T09:34:06.792+0000] {processor.py:753} INFO - DAG(s) dict_keys(['example_dynamic_task_mapping']) retrieved from /home/airflow/.local/lib/python3.7/site-packages/airflow/example_dags/example_dynamic_task_mapping.py
[2026-04-21T09:34:06.831+0000] {logging_mixin.py:137} INFO - [2026-04-21T09:34:06.831+0000] {dag.py:2690} INFO - Sync 1 DAGs
[2026-04-21T09:34:06.851+0000] {logging_mixin.py:137} INFO - [2026-04-21T09:34:06.851+0000] {dag.py:3441} INFO - Setting next_dagrun for example_dynamic_task_mapping to 2022-03-04T00:00:00+00:00, run_after=2022-03-05T00:00:00+00:00
[2026-04-21T09:34:06.874+0000] {processor.py:175} INFO - Processing /home/airflow/.local/lib/python3.7/site-packages/airflow/example_dags/example_dynamic_task_mapping.py took 0.123 seconds
[2026-04-21T09:34:37.409+0000] {processor.py:153} INFO - Started process (PID=6257) to work on /home/airflow/.local/lib/python3.7/site-packages/airflow/example_dags/example_dynamic_task_mapping.py
[2026-04-21T09:34:37.411+0000] {processor.py:743} INFO - Processing file /home/airflow/.local/lib/python3.7/site-packages/airflow/example_dags/example_dynamic_task_mapping.py for tasks to queue
[2026-04-21T09:34:37.412+0000] {logging_mixin.py:137} INFO - [2026-04-21T09:34:37.412+0000] {dagbag.py:538} INFO - Filling up the DagBag from /home/airflow/.local/lib/python3.7/site-packages/airflow/example_dags/example_dynamic_task_mapping.py
[2026-04-21T09:34:37.440+0000] {processor.py:753} INFO - DAG(s) dict_keys(['example_dynamic_task_mapping']) retrieved from /home/airflow/.local/lib/python3.7/site-packages/airflow/example_dags/example_dynamic_task_mapping.py
[2026-04-21T09:34:37.455+0000] {logging_mixin.py:137} INFO - [2026-04-21T09:34:37.455+0000] {dag.py:2690} INFO - Sync 1 DAGs
[2026-04-21T09:34:37.485+0000] {logging_mixin.py:137} INFO - [2026-04-21T09:34:37.485+0000] {dag.py:3441} INFO - Setting next_dagrun for example_dynamic_task_mapping to 2022-03-04T00:00:00+00:00, run_after=2022-03-05T00:00:00+00:00
[2026-04-21T09:34:37.516+0000] {processor.py:175} INFO - Processing /home/airflow/.local/lib/python3.7/site-packages/airflow/example_dags/example_dynamic_task_mapping.py took 0.111 seconds
[2026-04-21T09:35:08.319+0000] {processor.py:153} INFO - Started process (PID=6369) to work on /home/airflow/.local/lib/python3.7/site-packages/airflow/example_dags/example_dynamic_task_mapping.py
[2026-04-21T09:35:08.321+0000] {processor.py:743} INFO - Processing file /home/airflow/.local/lib/python3.7/site-packages/airflow/example_dags/example_dynamic_task_mapping.py for tasks to queue
[2026-04-21T09:35:08.322+0000] {logging_mixin.py:137} INFO - [2026-04-21T09:35:08.322+0000] {dagbag.py:538} INFO - Filling up the DagBag from /home/airflow/.local/lib/python3.7/site-packages/airflow/example_dags/example_dynamic_task_mapping.py
[2026-04-21T09:35:08.361+0000] {processor.py:753} INFO - DAG(s) dict_keys(['example_dynamic_task_mapping']) retrieved from /home/airflow/.local/lib/python3.7/site-packages/airflow/example_dags/example_dynamic_task_mapping.py
[2026-04-21T09:35:08.410+0000] {logging_mixin.py:137} INFO - [2026-04-21T09:35:08.410+0000] {dag.py:2690} INFO - Sync 1 DAGs
[2026-04-21T09:35:08.452+0000] {logging_mixin.py:137} INFO - [2026-04-21T09:35:08.452+0000] {dag.py:3441} INFO - Setting next_dagrun for example_dynamic_task_mapping to 2022-03-04T00:00:00+00:00, run_after=2022-03-05T00:00:00+00:00
[2026-04-21T09:35:08.496+0000] {processor.py:175} INFO - Processing /home/airflow/.local/lib/python3.7/site-packages/airflow/example_dags/example_dynamic_task_mapping.py took 0.182 seconds
[2026-04-21T09:35:38.956+0000] {processor.py:153} INFO - Started process (PID=6457) to work on /home/airflow/.local/lib/python3.7/site-packages/airflow/example_dags/example_dynamic_task_mapping.py
[2026-04-21T09:35:38.957+0000] {processor.py:743} INFO - Processing file /home/airflow/.local/lib/python3.7/site-packages/airflow/example_dags/example_dynamic_task_mapping.py for tasks to queue
[2026-04-21T09:35:38.959+0000] {logging_mixin.py:137} INFO - [2026-04-21T09:35:38.958+0000] {dagbag.py:538} INFO - Filling up the DagBag from /home/airflow/.local/lib/python3.7/site-packages/airflow/example_dags/example_dynamic_task_mapping.py
[2026-04-21T09:35:38.986+0000] {processor.py:753} INFO - DAG(s) dict_keys(['example_dynamic_task_mapping']) retrieved from /home/airflow/.local/lib/python3.7/site-packages/airflow/example_dags/example_dynamic_task_mapping.py
[2026-04-21T09:35:39.040+0000] {logging_mixin.py:137} INFO - [2026-04-21T09:35:39.040+0000] {dag.py:2690} INFO - Sync 1 DAGs
[2026-04-21T09:35:39.085+0000] {logging_mixin.py:137} INFO - [2026-04-21T09:35:39.085+0000] {dag.py:3441} INFO - Setting next_dagrun for example_dynamic_task_mapping to 2022-03-04T00:00:00+00:00, run_after=2022-03-05T00:00:00+00:00
[2026-04-21T09:35:39.128+0000] {processor.py:175} INFO - Processing /home/airflow/.local/lib/python3.7/site-packages/airflow/example_dags/example_dynamic_task_mapping.py took 0.175 seconds
[2026-04-21T09:36:09.604+0000] {processor.py:153} INFO - Started process (PID=6569) to work on /home/airflow/.local/lib/python3.7/site-packages/airflow/example_dags/example_dynamic_task_mapping.py
[2026-04-21T09:36:09.608+0000] {processor.py:743} INFO - Processing file /home/airflow/.local/lib/python3.7/site-packages/airflow/example_dags/example_dynamic_task_mapping.py for tasks to queue
[2026-04-21T09:36:09.610+0000] {logging_mixin.py:137} INFO - [2026-04-21T09:36:09.609+0000] {dagbag.py:538} INFO - Filling up the DagBag from /home/airflow/.local/lib/python3.7/site-packages/airflow/example_dags/example_dynamic_task_mapping.py
[2026-04-21T09:36:09.648+0000] {processor.py:753} INFO - DAG(s) dict_keys(['example_dynamic_task_mapping']) retrieved from /home/airflow/.local/lib/python3.7/site-packages/airflow/example_dags/example_dynamic_task_mapping.py
[2026-04-21T09:36:09.676+0000] {logging_mixin.py:137} INFO - [2026-04-21T09:36:09.676+0000] {dag.py:2690} INFO - Sync 1 DAGs
[2026-04-21T09:36:09.703+0000] {logging_mixin.py:137} INFO - [2026-04-21T09:36:09.703+0000] {dag.py:3441} INFO - Setting next_dagrun for example_dynamic_task_mapping to 2022-03-04T00:00:00+00:00, run_after=2022-03-05T00:00:00+00:00
[2026-04-21T09:36:09.735+0000] {processor.py:175} INFO - Processing /home/airflow/.local/lib/python3.7/site-packages/airflow/example_dags/example_dynamic_task_mapping.py took 0.138 seconds
[2026-04-21T09:36:39.903+0000] {processor.py:153} INFO - Started process (PID=6657) to work on /home/airflow/.local/lib/python3.7/site-packages/airflow/example_dags/example_dynamic_task_mapping.py
[2026-04-21T09:36:39.905+0000] {processor.py:743} INFO - Processing file /home/airflow/.local/lib/python3.7/site-packages/airflow/example_dags/example_dynamic_task_mapping.py for tasks to queue
[2026-04-21T09:36:39.906+0000] {logging_mixin.py:137} INFO - [2026-04-21T09:36:39.906+0000] {dagbag.py:538} INFO - Filling up the DagBag from /home/airflow/.local/lib/python3.7/site-packages/airflow/example_dags/example_dynamic_task_mapping.py
[2026-04-21T09:36:39.942+0000] {processor.py:753} INFO - DAG(s) dict_keys(['example_dynamic_task_mapping']) retrieved from /home/airflow/.local/lib/python3.7/site-packages/airflow/example_dags/example_dynamic_task_mapping.py
[2026-04-21T09:36:39.973+0000] {logging_mixin.py:137} INFO - [2026-04-21T09:36:39.973+0000] {dag.py:2690} INFO - Sync 1 DAGs
[2026-04-21T09:36:40.005+0000] {logging_mixin.py:137} INFO - [2026-04-21T09:36:40.005+0000] {dag.py:3441} INFO - Setting next_dagrun for example_dynamic_task_mapping to 2022-03-04T00:00:00+00:00, run_after=2022-03-05T00:00:00+00:00
[2026-04-21T09:36:40.032+0000] {processor.py:175} INFO - Processing /home/airflow/.local/lib/python3.7/site-packages/airflow/example_dags/example_dynamic_task_mapping.py took 0.136 seconds
[2026-04-21T09:37:10.759+0000] {processor.py:153} INFO - Started process (PID=6768) to work on /home/airflow/.local/lib/python3.7/site-packages/airflow/example_dags/example_dynamic_task_mapping.py
[2026-04-21T09:37:10.761+0000] {processor.py:743} INFO - Processing file /home/airflow/.local/lib/python3.7/site-packages/airflow/example_dags/example_dynamic_task_mapping.py for tasks to queue
[2026-04-21T09:37:10.762+0000] {logging_mixin.py:137} INFO - [2026-04-21T09:37:10.762+0000] {dagbag.py:538} INFO - Filling up the DagBag from /home/airflow/.local/lib/python3.7/site-packages/airflow/example_dags/example_dynamic_task_mapping.py
[2026-04-21T09:37:10.792+0000] {processor.py:753} INFO - DAG(s) dict_keys(['example_dynamic_task_mapping']) retrieved from /home/airflow/.local/lib/python3.7/site-packages/airflow/example_dags/example_dynamic_task_mapping.py
[2026-04-21T09:37:10.808+0000] {logging_mixin.py:137} INFO - [2026-04-21T09:37:10.807+0000] {dag.py:2690} INFO - Sync 1 DAGs
[2026-04-21T09:37:10.838+0000] {logging_mixin.py:137} INFO - [2026-04-21T09:37:10.838+0000] {dag.py:3441} INFO - Setting next_dagrun for example_dynamic_task_mapping to 2022-03-04T00:00:00+00:00, run_after=2022-03-05T00:00:00+00:00
[2026-04-21T09:37:10.858+0000] {processor.py:175} INFO - Processing /home/airflow/.local/lib/python3.7/site-packages/airflow/example_dags/example_dynamic_task_mapping.py took 0.106 seconds
[2026-04-21T09:37:40.962+0000] {processor.py:153} INFO - Started process (PID=6856) to work on /home/airflow/.local/lib/python3.7/site-packages/airflow/example_dags/example_dynamic_task_mapping.py
[2026-04-21T09:37:40.966+0000] {processor.py:743} INFO - Processing file /home/airflow/.local/lib/python3.7/site-packages/airflow/example_dags/example_dynamic_task_mapping.py for tasks to queue
[2026-04-21T09:37:40.967+0000] {logging_mixin.py:137} INFO - [2026-04-21T09:37:40.967+0000] {dagbag.py:538} INFO - Filling up the DagBag from /home/airflow/.local/lib/python3.7/site-packages/airflow/example_dags/example_dynamic_task_mapping.py
[2026-04-21T09:37:41.001+0000] {processor.py:753} INFO - DAG(s) dict_keys(['example_dynamic_task_mapping']) retrieved from /home/airflow/.local/lib/python3.7/site-packages/airflow/example_dags/example_dynamic_task_mapping.py
[2026-04-21T09:37:41.030+0000] {logging_mixin.py:137} INFO - [2026-04-21T09:37:41.030+0000] {dag.py:2690} INFO - Sync 1 DAGs
[2026-04-21T09:37:41.058+0000] {logging_mixin.py:137} INFO - [2026-04-21T09:37:41.053+0000] {dag.py:3441} INFO - Setting next_dagrun for example_dynamic_task_mapping to 2022-03-04T00:00:00+00:00, run_after=2022-03-05T00:00:00+00:00
[2026-04-21T09:37:41.089+0000] {processor.py:175} INFO - Processing /home/airflow/.local/lib/python3.7/site-packages/airflow/example_dags/example_dynamic_task_mapping.py took 0.132 seconds
