[2026-04-21T08:54:20.096+0000] {processor.py:153} INFO - Started process (PID=73) to work on /home/airflow/.local/lib/python3.7/site-packages/airflow/example_dags/tutorial_taskflow_api.py
[2026-04-21T08:54:20.098+0000] {processor.py:743} INFO - Processing file /home/airflow/.local/lib/python3.7/site-packages/airflow/example_dags/tutorial_taskflow_api.py for tasks to queue
[2026-04-21T08:54:20.100+0000] {logging_mixin.py:137} INFO - [2026-04-21T08:54:20.099+0000] {dagbag.py:538} INFO - Filling up the DagBag from /home/airflow/.local/lib/python3.7/site-packages/airflow/example_dags/tutorial_taskflow_api.py
[2026-04-21T08:54:20.148+0000] {processor.py:753} INFO - DAG(s) dict_keys(['tutorial_taskflow_api']) retrieved from /home/airflow/.local/lib/python3.7/site-packages/airflow/example_dags/tutorial_taskflow_api.py
[2026-04-21T08:54:20.173+0000] {logging_mixin.py:137} INFO - [2026-04-21T08:54:20.173+0000] {dag.py:2690} INFO - Sync 1 DAGs
[2026-04-21T08:54:20.221+0000] {logging_mixin.py:137} INFO - [2026-04-21T08:54:20.221+0000] {dag.py:3441} INFO - Setting next_dagrun for tutorial_taskflow_api to None, run_after=None
[2026-04-21T08:54:20.256+0000] {processor.py:175} INFO - Processing /home/airflow/.local/lib/python3.7/site-packages/airflow/example_dags/tutorial_taskflow_api.py took 0.168 seconds
[2026-04-21T08:54:51.182+0000] {processor.py:153} INFO - Started process (PID=160) to work on /home/airflow/.local/lib/python3.7/site-packages/airflow/example_dags/tutorial_taskflow_api.py
[2026-04-21T08:54:51.186+0000] {processor.py:743} INFO - Processing file /home/airflow/.local/lib/python3.7/site-packages/airflow/example_dags/tutorial_taskflow_api.py for tasks to queue
[2026-04-21T08:54:51.189+0000] {logging_mixin.py:137} INFO - [2026-04-21T08:54:51.189+0000] {dagbag.py:538} INFO - Filling up the DagBag from /home/airflow/.local/lib/python3.7/site-packages/airflow/example_dags/tutorial_taskflow_api.py
[2026-04-21T08:54:51.234+0000] {processor.py:753} INFO - DAG(s) dict_keys(['tutorial_taskflow_api']) retrieved from /home/airflow/.local/lib/python3.7/site-packages/airflow/example_dags/tutorial_taskflow_api.py
[2026-04-21T08:54:51.298+0000] {logging_mixin.py:137} INFO - [2026-04-21T08:54:51.297+0000] {dag.py:2690} INFO - Sync 1 DAGs
[2026-04-21T08:54:51.341+0000] {logging_mixin.py:137} INFO - [2026-04-21T08:54:51.340+0000] {dag.py:3441} INFO - Setting next_dagrun for tutorial_taskflow_api to None, run_after=None
[2026-04-21T08:54:51.397+0000] {processor.py:175} INFO - Processing /home/airflow/.local/lib/python3.7/site-packages/airflow/example_dags/tutorial_taskflow_api.py took 0.225 seconds
[2026-04-21T08:55:21.537+0000] {processor.py:153} INFO - Started process (PID=247) to work on /home/airflow/.local/lib/python3.7/site-packages/airflow/example_dags/tutorial_taskflow_api.py
[2026-04-21T08:55:21.542+0000] {processor.py:743} INFO - Processing file /home/airflow/.local/lib/python3.7/site-packages/airflow/example_dags/tutorial_taskflow_api.py for tasks to queue
[2026-04-21T08:55:21.548+0000] {logging_mixin.py:137} INFO - [2026-04-21T08:55:21.547+0000] {dagbag.py:538} INFO - Filling up the DagBag from /home/airflow/.local/lib/python3.7/site-packages/airflow/example_dags/tutorial_taskflow_api.py
[2026-04-21T08:55:21.588+0000] {processor.py:753} INFO - DAG(s) dict_keys(['tutorial_taskflow_api']) retrieved from /home/airflow/.local/lib/python3.7/site-packages/airflow/example_dags/tutorial_taskflow_api.py
[2026-04-21T08:55:21.634+0000] {logging_mixin.py:137} INFO - [2026-04-21T08:55:21.634+0000] {dag.py:2690} INFO - Sync 1 DAGs
[2026-04-21T08:55:21.672+0000] {logging_mixin.py:137} INFO - [2026-04-21T08:55:21.672+0000] {dag.py:3441} INFO - Setting next_dagrun for tutorial_taskflow_api to None, run_after=None
[2026-04-21T08:55:21.710+0000] {processor.py:175} INFO - Processing /home/airflow/.local/lib/python3.7/site-packages/airflow/example_dags/tutorial_taskflow_api.py took 0.181 seconds
[2026-04-21T08:55:51.900+0000] {processor.py:153} INFO - Started process (PID=358) to work on /home/airflow/.local/lib/python3.7/site-packages/airflow/example_dags/tutorial_taskflow_api.py
[2026-04-21T08:55:51.907+0000] {processor.py:743} INFO - Processing file /home/airflow/.local/lib/python3.7/site-packages/airflow/example_dags/tutorial_taskflow_api.py for tasks to queue
[2026-04-21T08:55:51.911+0000] {logging_mixin.py:137} INFO - [2026-04-21T08:55:51.911+0000] {dagbag.py:538} INFO - Filling up the DagBag from /home/airflow/.local/lib/python3.7/site-packages/airflow/example_dags/tutorial_taskflow_api.py
[2026-04-21T08:55:51.942+0000] {processor.py:753} INFO - DAG(s) dict_keys(['tutorial_taskflow_api']) retrieved from /home/airflow/.local/lib/python3.7/site-packages/airflow/example_dags/tutorial_taskflow_api.py
[2026-04-21T08:55:51.993+0000] {logging_mixin.py:137} INFO - [2026-04-21T08:55:51.993+0000] {dag.py:2690} INFO - Sync 1 DAGs
[2026-04-21T08:55:52.029+0000] {logging_mixin.py:137} INFO - [2026-04-21T08:55:52.029+0000] {dag.py:3441} INFO - Setting next_dagrun for tutorial_taskflow_api to None, run_after=None
[2026-04-21T08:55:52.067+0000] {processor.py:175} INFO - Processing /home/airflow/.local/lib/python3.7/site-packages/airflow/example_dags/tutorial_taskflow_api.py took 0.174 seconds
[2026-04-21T08:56:22.994+0000] {processor.py:153} INFO - Started process (PID=445) to work on /home/airflow/.local/lib/python3.7/site-packages/airflow/example_dags/tutorial_taskflow_api.py
[2026-04-21T08:56:22.996+0000] {processor.py:743} INFO - Processing file /home/airflow/.local/lib/python3.7/site-packages/airflow/example_dags/tutorial_taskflow_api.py for tasks to queue
[2026-04-21T08:56:22.999+0000] {logging_mixin.py:137} INFO - [2026-04-21T08:56:22.998+0000] {dagbag.py:538} INFO - Filling up the DagBag from /home/airflow/.local/lib/python3.7/site-packages/airflow/example_dags/tutorial_taskflow_api.py
[2026-04-21T08:56:23.034+0000] {processor.py:753} INFO - DAG(s) dict_keys(['tutorial_taskflow_api']) retrieved from /home/airflow/.local/lib/python3.7/site-packages/airflow/example_dags/tutorial_taskflow_api.py
[2026-04-21T08:56:23.083+0000] {logging_mixin.py:137} INFO - [2026-04-21T08:56:23.082+0000] {dag.py:2690} INFO - Sync 1 DAGs
[2026-04-21T08:56:23.125+0000] {logging_mixin.py:137} INFO - [2026-04-21T08:56:23.125+0000] {dag.py:3441} INFO - Setting next_dagrun for tutorial_taskflow_api to None, run_after=None
[2026-04-21T08:56:23.166+0000] {processor.py:175} INFO - Processing /home/airflow/.local/lib/python3.7/site-packages/airflow/example_dags/tutorial_taskflow_api.py took 0.181 seconds
[2026-04-21T08:56:54.048+0000] {processor.py:153} INFO - Started process (PID=532) to work on /home/airflow/.local/lib/python3.7/site-packages/airflow/example_dags/tutorial_taskflow_api.py
[2026-04-21T08:56:54.051+0000] {processor.py:743} INFO - Processing file /home/airflow/.local/lib/python3.7/site-packages/airflow/example_dags/tutorial_taskflow_api.py for tasks to queue
[2026-04-21T08:56:54.054+0000] {logging_mixin.py:137} INFO - [2026-04-21T08:56:54.053+0000] {dagbag.py:538} INFO - Filling up the DagBag from /home/airflow/.local/lib/python3.7/site-packages/airflow/example_dags/tutorial_taskflow_api.py
[2026-04-21T08:56:54.092+0000] {processor.py:753} INFO - DAG(s) dict_keys(['tutorial_taskflow_api']) retrieved from /home/airflow/.local/lib/python3.7/site-packages/airflow/example_dags/tutorial_taskflow_api.py
[2026-04-21T08:56:54.133+0000] {logging_mixin.py:137} INFO - [2026-04-21T08:56:54.133+0000] {dag.py:2690} INFO - Sync 1 DAGs
[2026-04-21T08:56:54.167+0000] {logging_mixin.py:137} INFO - [2026-04-21T08:56:54.167+0000] {dag.py:3441} INFO - Setting next_dagrun for tutorial_taskflow_api to None, run_after=None
[2026-04-21T08:56:54.204+0000] {processor.py:175} INFO - Processing /home/airflow/.local/lib/python3.7/site-packages/airflow/example_dags/tutorial_taskflow_api.py took 0.162 seconds
[2026-04-21T08:57:24.484+0000] {processor.py:153} INFO - Started process (PID=644) to work on /home/airflow/.local/lib/python3.7/site-packages/airflow/example_dags/tutorial_taskflow_api.py
[2026-04-21T08:57:24.487+0000] {processor.py:743} INFO - Processing file /home/airflow/.local/lib/python3.7/site-packages/airflow/example_dags/tutorial_taskflow_api.py for tasks to queue
[2026-04-21T08:57:24.488+0000] {logging_mixin.py:137} INFO - [2026-04-21T08:57:24.488+0000] {dagbag.py:538} INFO - Filling up the DagBag from /home/airflow/.local/lib/python3.7/site-packages/airflow/example_dags/tutorial_taskflow_api.py
[2026-04-21T08:57:24.522+0000] {processor.py:753} INFO - DAG(s) dict_keys(['tutorial_taskflow_api']) retrieved from /home/airflow/.local/lib/python3.7/site-packages/airflow/example_dags/tutorial_taskflow_api.py
[2026-04-21T08:57:24.569+0000] {logging_mixin.py:137} INFO - [2026-04-21T08:57:24.569+0000] {dag.py:2690} INFO - Sync 1 DAGs
[2026-04-21T08:57:24.608+0000] {logging_mixin.py:137} INFO - [2026-04-21T08:57:24.608+0000] {dag.py:3441} INFO - Setting next_dagrun for tutorial_taskflow_api to None, run_after=None
[2026-04-21T08:57:24.643+0000] {processor.py:175} INFO - Processing /home/airflow/.local/lib/python3.7/site-packages/airflow/example_dags/tutorial_taskflow_api.py took 0.164 seconds
[2026-04-21T08:57:55.656+0000] {processor.py:153} INFO - Started process (PID=732) to work on /home/airflow/.local/lib/python3.7/site-packages/airflow/example_dags/tutorial_taskflow_api.py
[2026-04-21T08:57:55.658+0000] {processor.py:743} INFO - Processing file /home/airflow/.local/lib/python3.7/site-packages/airflow/example_dags/tutorial_taskflow_api.py for tasks to queue
[2026-04-21T08:57:55.660+0000] {logging_mixin.py:137} INFO - [2026-04-21T08:57:55.660+0000] {dagbag.py:538} INFO - Filling up the DagBag from /home/airflow/.local/lib/python3.7/site-packages/airflow/example_dags/tutorial_taskflow_api.py
[2026-04-21T08:57:55.698+0000] {processor.py:753} INFO - DAG(s) dict_keys(['tutorial_taskflow_api']) retrieved from /home/airflow/.local/lib/python3.7/site-packages/airflow/example_dags/tutorial_taskflow_api.py
[2026-04-21T08:57:55.751+0000] {logging_mixin.py:137} INFO - [2026-04-21T08:57:55.751+0000] {dag.py:2690} INFO - Sync 1 DAGs
[2026-04-21T08:57:55.798+0000] {logging_mixin.py:137} INFO - [2026-04-21T08:57:55.797+0000] {dag.py:3441} INFO - Setting next_dagrun for tutorial_taskflow_api to None, run_after=None
[2026-04-21T08:57:55.847+0000] {processor.py:175} INFO - Processing /home/airflow/.local/lib/python3.7/site-packages/airflow/example_dags/tutorial_taskflow_api.py took 0.201 seconds
[2026-04-21T08:58:26.291+0000] {processor.py:153} INFO - Started process (PID=818) to work on /home/airflow/.local/lib/python3.7/site-packages/airflow/example_dags/tutorial_taskflow_api.py
[2026-04-21T08:58:26.296+0000] {processor.py:743} INFO - Processing file /home/airflow/.local/lib/python3.7/site-packages/airflow/example_dags/tutorial_taskflow_api.py for tasks to queue
[2026-04-21T08:58:26.298+0000] {logging_mixin.py:137} INFO - [2026-04-21T08:58:26.298+0000] {dagbag.py:538} INFO - Filling up the DagBag from /home/airflow/.local/lib/python3.7/site-packages/airflow/example_dags/tutorial_taskflow_api.py
[2026-04-21T08:58:26.343+0000] {processor.py:753} INFO - DAG(s) dict_keys(['tutorial_taskflow_api']) retrieved from /home/airflow/.local/lib/python3.7/site-packages/airflow/example_dags/tutorial_taskflow_api.py
[2026-04-21T08:58:26.387+0000] {logging_mixin.py:137} INFO - [2026-04-21T08:58:26.387+0000] {dag.py:2690} INFO - Sync 1 DAGs
[2026-04-21T08:58:26.437+0000] {logging_mixin.py:137} INFO - [2026-04-21T08:58:26.437+0000] {dag.py:3441} INFO - Setting next_dagrun for tutorial_taskflow_api to None, run_after=None
[2026-04-21T08:58:26.480+0000] {processor.py:175} INFO - Processing /home/airflow/.local/lib/python3.7/site-packages/airflow/example_dags/tutorial_taskflow_api.py took 0.197 seconds
[2026-04-21T08:58:56.599+0000] {processor.py:153} INFO - Started process (PID=929) to work on /home/airflow/.local/lib/python3.7/site-packages/airflow/example_dags/tutorial_taskflow_api.py
[2026-04-21T08:58:56.600+0000] {processor.py:743} INFO - Processing file /home/airflow/.local/lib/python3.7/site-packages/airflow/example_dags/tutorial_taskflow_api.py for tasks to queue
[2026-04-21T08:58:56.602+0000] {logging_mixin.py:137} INFO - [2026-04-21T08:58:56.602+0000] {dagbag.py:538} INFO - Filling up the DagBag from /home/airflow/.local/lib/python3.7/site-packages/airflow/example_dags/tutorial_taskflow_api.py
[2026-04-21T08:58:56.634+0000] {processor.py:753} INFO - DAG(s) dict_keys(['tutorial_taskflow_api']) retrieved from /home/airflow/.local/lib/python3.7/site-packages/airflow/example_dags/tutorial_taskflow_api.py
[2026-04-21T08:58:56.672+0000] {logging_mixin.py:137} INFO - [2026-04-21T08:58:56.672+0000] {dag.py:2690} INFO - Sync 1 DAGs
[2026-04-21T08:58:56.710+0000] {logging_mixin.py:137} INFO - [2026-04-21T08:58:56.710+0000] {dag.py:3441} INFO - Setting next_dagrun for tutorial_taskflow_api to None, run_after=None
[2026-04-21T08:58:56.747+0000] {processor.py:175} INFO - Processing /home/airflow/.local/lib/python3.7/site-packages/airflow/example_dags/tutorial_taskflow_api.py took 0.154 seconds
[2026-04-21T08:59:26.892+0000] {processor.py:153} INFO - Started process (PID=1016) to work on /home/airflow/.local/lib/python3.7/site-packages/airflow/example_dags/tutorial_taskflow_api.py
[2026-04-21T08:59:26.894+0000] {processor.py:743} INFO - Processing file /home/airflow/.local/lib/python3.7/site-packages/airflow/example_dags/tutorial_taskflow_api.py for tasks to queue
[2026-04-21T08:59:26.896+0000] {logging_mixin.py:137} INFO - [2026-04-21T08:59:26.896+0000] {dagbag.py:538} INFO - Filling up the DagBag from /home/airflow/.local/lib/python3.7/site-packages/airflow/example_dags/tutorial_taskflow_api.py
[2026-04-21T08:59:26.931+0000] {processor.py:753} INFO - DAG(s) dict_keys(['tutorial_taskflow_api']) retrieved from /home/airflow/.local/lib/python3.7/site-packages/airflow/example_dags/tutorial_taskflow_api.py
[2026-04-21T08:59:26.973+0000] {logging_mixin.py:137} INFO - [2026-04-21T08:59:26.973+0000] {dag.py:2690} INFO - Sync 1 DAGs
[2026-04-21T08:59:27.011+0000] {logging_mixin.py:137} INFO - [2026-04-21T08:59:27.011+0000] {dag.py:3441} INFO - Setting next_dagrun for tutorial_taskflow_api to None, run_after=None
[2026-04-21T08:59:27.044+0000] {processor.py:175} INFO - Processing /home/airflow/.local/lib/python3.7/site-packages/airflow/example_dags/tutorial_taskflow_api.py took 0.159 seconds
[2026-04-21T08:59:57.440+0000] {processor.py:153} INFO - Started process (PID=1103) to work on /home/airflow/.local/lib/python3.7/site-packages/airflow/example_dags/tutorial_taskflow_api.py
[2026-04-21T08:59:57.442+0000] {processor.py:743} INFO - Processing file /home/airflow/.local/lib/python3.7/site-packages/airflow/example_dags/tutorial_taskflow_api.py for tasks to queue
[2026-04-21T08:59:57.445+0000] {logging_mixin.py:137} INFO - [2026-04-21T08:59:57.444+0000] {dagbag.py:538} INFO - Filling up the DagBag from /home/airflow/.local/lib/python3.7/site-packages/airflow/example_dags/tutorial_taskflow_api.py
[2026-04-21T08:59:57.486+0000] {processor.py:753} INFO - DAG(s) dict_keys(['tutorial_taskflow_api']) retrieved from /home/airflow/.local/lib/python3.7/site-packages/airflow/example_dags/tutorial_taskflow_api.py
[2026-04-21T08:59:57.528+0000] {logging_mixin.py:137} INFO - [2026-04-21T08:59:57.527+0000] {dag.py:2690} INFO - Sync 1 DAGs
[2026-04-21T08:59:57.572+0000] {logging_mixin.py:137} INFO - [2026-04-21T08:59:57.571+0000] {dag.py:3441} INFO - Setting next_dagrun for tutorial_taskflow_api to None, run_after=None
[2026-04-21T08:59:57.616+0000] {processor.py:175} INFO - Processing /home/airflow/.local/lib/python3.7/site-packages/airflow/example_dags/tutorial_taskflow_api.py took 0.182 seconds
[2026-04-21T09:00:27.957+0000] {processor.py:153} INFO - Started process (PID=1190) to work on /home/airflow/.local/lib/python3.7/site-packages/airflow/example_dags/tutorial_taskflow_api.py
[2026-04-21T09:00:27.960+0000] {processor.py:743} INFO - Processing file /home/airflow/.local/lib/python3.7/site-packages/airflow/example_dags/tutorial_taskflow_api.py for tasks to queue
[2026-04-21T09:00:27.963+0000] {logging_mixin.py:137} INFO - [2026-04-21T09:00:27.963+0000] {dagbag.py:538} INFO - Filling up the DagBag from /home/airflow/.local/lib/python3.7/site-packages/airflow/example_dags/tutorial_taskflow_api.py
[2026-04-21T09:00:28.003+0000] {processor.py:753} INFO - DAG(s) dict_keys(['tutorial_taskflow_api']) retrieved from /home/airflow/.local/lib/python3.7/site-packages/airflow/example_dags/tutorial_taskflow_api.py
[2026-04-21T09:00:28.059+0000] {logging_mixin.py:137} INFO - [2026-04-21T09:00:28.059+0000] {dag.py:2690} INFO - Sync 1 DAGs
[2026-04-21T09:00:28.104+0000] {logging_mixin.py:137} INFO - [2026-04-21T09:00:28.103+0000] {dag.py:3441} INFO - Setting next_dagrun for tutorial_taskflow_api to None, run_after=None
[2026-04-21T09:00:28.144+0000] {processor.py:175} INFO - Processing /home/airflow/.local/lib/python3.7/site-packages/airflow/example_dags/tutorial_taskflow_api.py took 0.195 seconds
[2026-04-21T09:00:58.789+0000] {processor.py:153} INFO - Started process (PID=1300) to work on /home/airflow/.local/lib/python3.7/site-packages/airflow/example_dags/tutorial_taskflow_api.py
[2026-04-21T09:00:58.794+0000] {processor.py:743} INFO - Processing file /home/airflow/.local/lib/python3.7/site-packages/airflow/example_dags/tutorial_taskflow_api.py for tasks to queue
[2026-04-21T09:00:58.797+0000] {logging_mixin.py:137} INFO - [2026-04-21T09:00:58.797+0000] {dagbag.py:538} INFO - Filling up the DagBag from /home/airflow/.local/lib/python3.7/site-packages/airflow/example_dags/tutorial_taskflow_api.py
[2026-04-21T09:00:58.832+0000] {processor.py:753} INFO - DAG(s) dict_keys(['tutorial_taskflow_api']) retrieved from /home/airflow/.local/lib/python3.7/site-packages/airflow/example_dags/tutorial_taskflow_api.py
[2026-04-21T09:00:58.874+0000] {logging_mixin.py:137} INFO - [2026-04-21T09:00:58.874+0000] {dag.py:2690} INFO - Sync 1 DAGs
[2026-04-21T09:00:58.916+0000] {logging_mixin.py:137} INFO - [2026-04-21T09:00:58.916+0000] {dag.py:3441} INFO - Setting next_dagrun for tutorial_taskflow_api to None, run_after=None
[2026-04-21T09:00:58.962+0000] {processor.py:175} INFO - Processing /home/airflow/.local/lib/python3.7/site-packages/airflow/example_dags/tutorial_taskflow_api.py took 0.182 seconds
[2026-04-21T09:01:29.796+0000] {processor.py:153} INFO - Started process (PID=1387) to work on /home/airflow/.local/lib/python3.7/site-packages/airflow/example_dags/tutorial_taskflow_api.py
[2026-04-21T09:01:29.799+0000] {processor.py:743} INFO - Processing file /home/airflow/.local/lib/python3.7/site-packages/airflow/example_dags/tutorial_taskflow_api.py for tasks to queue
[2026-04-21T09:01:29.802+0000] {logging_mixin.py:137} INFO - [2026-04-21T09:01:29.802+0000] {dagbag.py:538} INFO - Filling up the DagBag from /home/airflow/.local/lib/python3.7/site-packages/airflow/example_dags/tutorial_taskflow_api.py
[2026-04-21T09:01:29.842+0000] {processor.py:753} INFO - DAG(s) dict_keys(['tutorial_taskflow_api']) retrieved from /home/airflow/.local/lib/python3.7/site-packages/airflow/example_dags/tutorial_taskflow_api.py
[2026-04-21T09:01:29.888+0000] {logging_mixin.py:137} INFO - [2026-04-21T09:01:29.888+0000] {dag.py:2690} INFO - Sync 1 DAGs
[2026-04-21T09:01:29.927+0000] {logging_mixin.py:137} INFO - [2026-04-21T09:01:29.927+0000] {dag.py:3441} INFO - Setting next_dagrun for tutorial_taskflow_api to None, run_after=None
[2026-04-21T09:01:29.965+0000] {processor.py:175} INFO - Processing /home/airflow/.local/lib/python3.7/site-packages/airflow/example_dags/tutorial_taskflow_api.py took 0.175 seconds
[2026-04-21T09:02:49.427+0000] {processor.py:153} INFO - Started process (PID=74) to work on /home/airflow/.local/lib/python3.7/site-packages/airflow/example_dags/tutorial_taskflow_api.py
[2026-04-21T09:02:49.430+0000] {processor.py:743} INFO - Processing file /home/airflow/.local/lib/python3.7/site-packages/airflow/example_dags/tutorial_taskflow_api.py for tasks to queue
[2026-04-21T09:02:49.432+0000] {logging_mixin.py:137} INFO - [2026-04-21T09:02:49.432+0000] {dagbag.py:538} INFO - Filling up the DagBag from /home/airflow/.local/lib/python3.7/site-packages/airflow/example_dags/tutorial_taskflow_api.py
[2026-04-21T09:02:49.475+0000] {processor.py:753} INFO - DAG(s) dict_keys(['tutorial_taskflow_api']) retrieved from /home/airflow/.local/lib/python3.7/site-packages/airflow/example_dags/tutorial_taskflow_api.py
[2026-04-21T09:02:49.528+0000] {logging_mixin.py:137} INFO - [2026-04-21T09:02:49.528+0000] {dag.py:2690} INFO - Sync 1 DAGs
[2026-04-21T09:02:49.572+0000] {logging_mixin.py:137} INFO - [2026-04-21T09:02:49.572+0000] {dag.py:3441} INFO - Setting next_dagrun for tutorial_taskflow_api to None, run_after=None
[2026-04-21T09:02:49.612+0000] {processor.py:175} INFO - Processing /home/airflow/.local/lib/python3.7/site-packages/airflow/example_dags/tutorial_taskflow_api.py took 0.193 seconds
[2026-04-21T09:03:19.922+0000] {processor.py:153} INFO - Started process (PID=161) to work on /home/airflow/.local/lib/python3.7/site-packages/airflow/example_dags/tutorial_taskflow_api.py
[2026-04-21T09:03:19.924+0000] {processor.py:743} INFO - Processing file /home/airflow/.local/lib/python3.7/site-packages/airflow/example_dags/tutorial_taskflow_api.py for tasks to queue
[2026-04-21T09:03:19.926+0000] {logging_mixin.py:137} INFO - [2026-04-21T09:03:19.926+0000] {dagbag.py:538} INFO - Filling up the DagBag from /home/airflow/.local/lib/python3.7/site-packages/airflow/example_dags/tutorial_taskflow_api.py
[2026-04-21T09:03:19.960+0000] {processor.py:753} INFO - DAG(s) dict_keys(['tutorial_taskflow_api']) retrieved from /home/airflow/.local/lib/python3.7/site-packages/airflow/example_dags/tutorial_taskflow_api.py
[2026-04-21T09:03:20.008+0000] {logging_mixin.py:137} INFO - [2026-04-21T09:03:20.007+0000] {dag.py:2690} INFO - Sync 1 DAGs
[2026-04-21T09:03:20.047+0000] {logging_mixin.py:137} INFO - [2026-04-21T09:03:20.047+0000] {dag.py:3441} INFO - Setting next_dagrun for tutorial_taskflow_api to None, run_after=None
[2026-04-21T09:03:20.104+0000] {processor.py:175} INFO - Processing /home/airflow/.local/lib/python3.7/site-packages/airflow/example_dags/tutorial_taskflow_api.py took 0.187 seconds
[2026-04-21T09:03:51.099+0000] {processor.py:153} INFO - Started process (PID=249) to work on /home/airflow/.local/lib/python3.7/site-packages/airflow/example_dags/tutorial_taskflow_api.py
[2026-04-21T09:03:51.101+0000] {processor.py:743} INFO - Processing file /home/airflow/.local/lib/python3.7/site-packages/airflow/example_dags/tutorial_taskflow_api.py for tasks to queue
[2026-04-21T09:03:51.102+0000] {logging_mixin.py:137} INFO - [2026-04-21T09:03:51.102+0000] {dagbag.py:538} INFO - Filling up the DagBag from /home/airflow/.local/lib/python3.7/site-packages/airflow/example_dags/tutorial_taskflow_api.py
[2026-04-21T09:03:51.135+0000] {processor.py:753} INFO - DAG(s) dict_keys(['tutorial_taskflow_api']) retrieved from /home/airflow/.local/lib/python3.7/site-packages/airflow/example_dags/tutorial_taskflow_api.py
[2026-04-21T09:03:51.172+0000] {logging_mixin.py:137} INFO - [2026-04-21T09:03:51.171+0000] {dag.py:2690} INFO - Sync 1 DAGs
[2026-04-21T09:03:51.210+0000] {logging_mixin.py:137} INFO - [2026-04-21T09:03:51.209+0000] {dag.py:3441} INFO - Setting next_dagrun for tutorial_taskflow_api to None, run_after=None
[2026-04-21T09:03:51.245+0000] {processor.py:175} INFO - Processing /home/airflow/.local/lib/python3.7/site-packages/airflow/example_dags/tutorial_taskflow_api.py took 0.151 seconds
[2026-04-21T09:04:21.799+0000] {processor.py:153} INFO - Started process (PID=361) to work on /home/airflow/.local/lib/python3.7/site-packages/airflow/example_dags/tutorial_taskflow_api.py
[2026-04-21T09:04:21.802+0000] {processor.py:743} INFO - Processing file /home/airflow/.local/lib/python3.7/site-packages/airflow/example_dags/tutorial_taskflow_api.py for tasks to queue
[2026-04-21T09:04:21.803+0000] {logging_mixin.py:137} INFO - [2026-04-21T09:04:21.803+0000] {dagbag.py:538} INFO - Filling up the DagBag from /home/airflow/.local/lib/python3.7/site-packages/airflow/example_dags/tutorial_taskflow_api.py
[2026-04-21T09:04:21.836+0000] {processor.py:753} INFO - DAG(s) dict_keys(['tutorial_taskflow_api']) retrieved from /home/airflow/.local/lib/python3.7/site-packages/airflow/example_dags/tutorial_taskflow_api.py
[2026-04-21T09:04:21.882+0000] {logging_mixin.py:137} INFO - [2026-04-21T09:04:21.881+0000] {dag.py:2690} INFO - Sync 1 DAGs
[2026-04-21T09:04:21.917+0000] {logging_mixin.py:137} INFO - [2026-04-21T09:04:21.917+0000] {dag.py:3441} INFO - Setting next_dagrun for tutorial_taskflow_api to None, run_after=None
[2026-04-21T09:04:21.953+0000] {processor.py:175} INFO - Processing /home/airflow/.local/lib/python3.7/site-packages/airflow/example_dags/tutorial_taskflow_api.py took 0.159 seconds
[2026-04-21T09:04:52.098+0000] {processor.py:153} INFO - Started process (PID=448) to work on /home/airflow/.local/lib/python3.7/site-packages/airflow/example_dags/tutorial_taskflow_api.py
[2026-04-21T09:04:52.100+0000] {processor.py:743} INFO - Processing file /home/airflow/.local/lib/python3.7/site-packages/airflow/example_dags/tutorial_taskflow_api.py for tasks to queue
[2026-04-21T09:04:52.104+0000] {logging_mixin.py:137} INFO - [2026-04-21T09:04:52.103+0000] {dagbag.py:538} INFO - Filling up the DagBag from /home/airflow/.local/lib/python3.7/site-packages/airflow/example_dags/tutorial_taskflow_api.py
[2026-04-21T09:04:52.144+0000] {processor.py:753} INFO - DAG(s) dict_keys(['tutorial_taskflow_api']) retrieved from /home/airflow/.local/lib/python3.7/site-packages/airflow/example_dags/tutorial_taskflow_api.py
[2026-04-21T09:04:52.201+0000] {logging_mixin.py:137} INFO - [2026-04-21T09:04:52.200+0000] {dag.py:2690} INFO - Sync 1 DAGs
[2026-04-21T09:04:52.255+0000] {logging_mixin.py:137} INFO - [2026-04-21T09:04:52.255+0000] {dag.py:3441} INFO - Setting next_dagrun for tutorial_taskflow_api to None, run_after=None
[2026-04-21T09:04:52.289+0000] {processor.py:175} INFO - Processing /home/airflow/.local/lib/python3.7/site-packages/airflow/example_dags/tutorial_taskflow_api.py took 0.196 seconds
[2026-04-21T09:05:22.436+0000] {processor.py:153} INFO - Started process (PID=535) to work on /home/airflow/.local/lib/python3.7/site-packages/airflow/example_dags/tutorial_taskflow_api.py
[2026-04-21T09:05:22.439+0000] {processor.py:743} INFO - Processing file /home/airflow/.local/lib/python3.7/site-packages/airflow/example_dags/tutorial_taskflow_api.py for tasks to queue
[2026-04-21T09:05:22.442+0000] {logging_mixin.py:137} INFO - [2026-04-21T09:05:22.441+0000] {dagbag.py:538} INFO - Filling up the DagBag from /home/airflow/.local/lib/python3.7/site-packages/airflow/example_dags/tutorial_taskflow_api.py
[2026-04-21T09:05:22.473+0000] {processor.py:753} INFO - DAG(s) dict_keys(['tutorial_taskflow_api']) retrieved from /home/airflow/.local/lib/python3.7/site-packages/airflow/example_dags/tutorial_taskflow_api.py
[2026-04-21T09:05:22.522+0000] {logging_mixin.py:137} INFO - [2026-04-21T09:05:22.522+0000] {dag.py:2690} INFO - Sync 1 DAGs
[2026-04-21T09:05:22.565+0000] {logging_mixin.py:137} INFO - [2026-04-21T09:05:22.565+0000] {dag.py:3441} INFO - Setting next_dagrun for tutorial_taskflow_api to None, run_after=None
[2026-04-21T09:05:22.613+0000] {processor.py:175} INFO - Processing /home/airflow/.local/lib/python3.7/site-packages/airflow/example_dags/tutorial_taskflow_api.py took 0.185 seconds
[2026-04-21T09:05:53.357+0000] {processor.py:153} INFO - Started process (PID=629) to work on /home/airflow/.local/lib/python3.7/site-packages/airflow/example_dags/tutorial_taskflow_api.py
[2026-04-21T09:05:53.359+0000] {processor.py:743} INFO - Processing file /home/airflow/.local/lib/python3.7/site-packages/airflow/example_dags/tutorial_taskflow_api.py for tasks to queue
[2026-04-21T09:05:53.361+0000] {logging_mixin.py:137} INFO - [2026-04-21T09:05:53.361+0000] {dagbag.py:538} INFO - Filling up the DagBag from /home/airflow/.local/lib/python3.7/site-packages/airflow/example_dags/tutorial_taskflow_api.py
[2026-04-21T09:05:53.393+0000] {processor.py:753} INFO - DAG(s) dict_keys(['tutorial_taskflow_api']) retrieved from /home/airflow/.local/lib/python3.7/site-packages/airflow/example_dags/tutorial_taskflow_api.py
[2026-04-21T09:05:53.448+0000] {logging_mixin.py:137} INFO - [2026-04-21T09:05:53.448+0000] {dag.py:2690} INFO - Sync 1 DAGs
[2026-04-21T09:05:53.495+0000] {logging_mixin.py:137} INFO - [2026-04-21T09:05:53.494+0000] {dag.py:3441} INFO - Setting next_dagrun for tutorial_taskflow_api to None, run_after=None
[2026-04-21T09:05:53.542+0000] {processor.py:175} INFO - Processing /home/airflow/.local/lib/python3.7/site-packages/airflow/example_dags/tutorial_taskflow_api.py took 0.191 seconds
[2026-04-21T09:06:24.415+0000] {processor.py:153} INFO - Started process (PID=735) to work on /home/airflow/.local/lib/python3.7/site-packages/airflow/example_dags/tutorial_taskflow_api.py
[2026-04-21T09:06:24.418+0000] {processor.py:743} INFO - Processing file /home/airflow/.local/lib/python3.7/site-packages/airflow/example_dags/tutorial_taskflow_api.py for tasks to queue
[2026-04-21T09:06:24.422+0000] {logging_mixin.py:137} INFO - [2026-04-21T09:06:24.421+0000] {dagbag.py:538} INFO - Filling up the DagBag from /home/airflow/.local/lib/python3.7/site-packages/airflow/example_dags/tutorial_taskflow_api.py
[2026-04-21T09:06:24.464+0000] {processor.py:753} INFO - DAG(s) dict_keys(['tutorial_taskflow_api']) retrieved from /home/airflow/.local/lib/python3.7/site-packages/airflow/example_dags/tutorial_taskflow_api.py
[2026-04-21T09:06:24.518+0000] {logging_mixin.py:137} INFO - [2026-04-21T09:06:24.518+0000] {dag.py:2690} INFO - Sync 1 DAGs
[2026-04-21T09:06:24.563+0000] {logging_mixin.py:137} INFO - [2026-04-21T09:06:24.563+0000] {dag.py:3441} INFO - Setting next_dagrun for tutorial_taskflow_api to None, run_after=None
[2026-04-21T09:06:24.597+0000] {processor.py:175} INFO - Processing /home/airflow/.local/lib/python3.7/site-packages/airflow/example_dags/tutorial_taskflow_api.py took 0.190 seconds
[2026-04-21T09:06:54.931+0000] {processor.py:153} INFO - Started process (PID=822) to work on /home/airflow/.local/lib/python3.7/site-packages/airflow/example_dags/tutorial_taskflow_api.py
[2026-04-21T09:06:54.936+0000] {processor.py:743} INFO - Processing file /home/airflow/.local/lib/python3.7/site-packages/airflow/example_dags/tutorial_taskflow_api.py for tasks to queue
[2026-04-21T09:06:54.939+0000] {logging_mixin.py:137} INFO - [2026-04-21T09:06:54.939+0000] {dagbag.py:538} INFO - Filling up the DagBag from /home/airflow/.local/lib/python3.7/site-packages/airflow/example_dags/tutorial_taskflow_api.py
[2026-04-21T09:06:54.975+0000] {processor.py:753} INFO - DAG(s) dict_keys(['tutorial_taskflow_api']) retrieved from /home/airflow/.local/lib/python3.7/site-packages/airflow/example_dags/tutorial_taskflow_api.py
[2026-04-21T09:06:55.020+0000] {logging_mixin.py:137} INFO - [2026-04-21T09:06:55.019+0000] {dag.py:2690} INFO - Sync 1 DAGs
[2026-04-21T09:06:55.058+0000] {logging_mixin.py:137} INFO - [2026-04-21T09:06:55.057+0000] {dag.py:3441} INFO - Setting next_dagrun for tutorial_taskflow_api to None, run_after=None
[2026-04-21T09:06:55.105+0000] {processor.py:175} INFO - Processing /home/airflow/.local/lib/python3.7/site-packages/airflow/example_dags/tutorial_taskflow_api.py took 0.181 seconds
[2026-04-21T09:07:25.300+0000] {processor.py:153} INFO - Started process (PID=908) to work on /home/airflow/.local/lib/python3.7/site-packages/airflow/example_dags/tutorial_taskflow_api.py
[2026-04-21T09:07:25.304+0000] {processor.py:743} INFO - Processing file /home/airflow/.local/lib/python3.7/site-packages/airflow/example_dags/tutorial_taskflow_api.py for tasks to queue
[2026-04-21T09:07:25.306+0000] {logging_mixin.py:137} INFO - [2026-04-21T09:07:25.306+0000] {dagbag.py:538} INFO - Filling up the DagBag from /home/airflow/.local/lib/python3.7/site-packages/airflow/example_dags/tutorial_taskflow_api.py
[2026-04-21T09:07:25.342+0000] {processor.py:753} INFO - DAG(s) dict_keys(['tutorial_taskflow_api']) retrieved from /home/airflow/.local/lib/python3.7/site-packages/airflow/example_dags/tutorial_taskflow_api.py
[2026-04-21T09:07:25.396+0000] {logging_mixin.py:137} INFO - [2026-04-21T09:07:25.395+0000] {dag.py:2690} INFO - Sync 1 DAGs
[2026-04-21T09:07:25.433+0000] {logging_mixin.py:137} INFO - [2026-04-21T09:07:25.433+0000] {dag.py:3441} INFO - Setting next_dagrun for tutorial_taskflow_api to None, run_after=None
[2026-04-21T09:07:25.474+0000] {processor.py:175} INFO - Processing /home/airflow/.local/lib/python3.7/site-packages/airflow/example_dags/tutorial_taskflow_api.py took 0.179 seconds
[2026-04-21T09:07:55.785+0000] {processor.py:153} INFO - Started process (PID=1019) to work on /home/airflow/.local/lib/python3.7/site-packages/airflow/example_dags/tutorial_taskflow_api.py
[2026-04-21T09:07:55.787+0000] {processor.py:743} INFO - Processing file /home/airflow/.local/lib/python3.7/site-packages/airflow/example_dags/tutorial_taskflow_api.py for tasks to queue
[2026-04-21T09:07:55.789+0000] {logging_mixin.py:137} INFO - [2026-04-21T09:07:55.789+0000] {dagbag.py:538} INFO - Filling up the DagBag from /home/airflow/.local/lib/python3.7/site-packages/airflow/example_dags/tutorial_taskflow_api.py
[2026-04-21T09:07:55.825+0000] {processor.py:753} INFO - DAG(s) dict_keys(['tutorial_taskflow_api']) retrieved from /home/airflow/.local/lib/python3.7/site-packages/airflow/example_dags/tutorial_taskflow_api.py
[2026-04-21T09:07:55.876+0000] {logging_mixin.py:137} INFO - [2026-04-21T09:07:55.876+0000] {dag.py:2690} INFO - Sync 1 DAGs
[2026-04-21T09:07:55.913+0000] {logging_mixin.py:137} INFO - [2026-04-21T09:07:55.913+0000] {dag.py:3441} INFO - Setting next_dagrun for tutorial_taskflow_api to None, run_after=None
[2026-04-21T09:07:55.949+0000] {processor.py:175} INFO - Processing /home/airflow/.local/lib/python3.7/site-packages/airflow/example_dags/tutorial_taskflow_api.py took 0.170 seconds
[2026-04-21T09:08:26.612+0000] {processor.py:153} INFO - Started process (PID=1107) to work on /home/airflow/.local/lib/python3.7/site-packages/airflow/example_dags/tutorial_taskflow_api.py
[2026-04-21T09:08:26.615+0000] {processor.py:743} INFO - Processing file /home/airflow/.local/lib/python3.7/site-packages/airflow/example_dags/tutorial_taskflow_api.py for tasks to queue
[2026-04-21T09:08:26.616+0000] {logging_mixin.py:137} INFO - [2026-04-21T09:08:26.616+0000] {dagbag.py:538} INFO - Filling up the DagBag from /home/airflow/.local/lib/python3.7/site-packages/airflow/example_dags/tutorial_taskflow_api.py
[2026-04-21T09:08:26.652+0000] {processor.py:753} INFO - DAG(s) dict_keys(['tutorial_taskflow_api']) retrieved from /home/airflow/.local/lib/python3.7/site-packages/airflow/example_dags/tutorial_taskflow_api.py
[2026-04-21T09:08:26.698+0000] {logging_mixin.py:137} INFO - [2026-04-21T09:08:26.697+0000] {dag.py:2690} INFO - Sync 1 DAGs
[2026-04-21T09:08:26.739+0000] {logging_mixin.py:137} INFO - [2026-04-21T09:08:26.739+0000] {dag.py:3441} INFO - Setting next_dagrun for tutorial_taskflow_api to None, run_after=None
[2026-04-21T09:08:26.783+0000] {processor.py:175} INFO - Processing /home/airflow/.local/lib/python3.7/site-packages/airflow/example_dags/tutorial_taskflow_api.py took 0.178 seconds
[2026-04-21T09:08:57.118+0000] {processor.py:153} INFO - Started process (PID=1194) to work on /home/airflow/.local/lib/python3.7/site-packages/airflow/example_dags/tutorial_taskflow_api.py
[2026-04-21T09:08:57.124+0000] {processor.py:743} INFO - Processing file /home/airflow/.local/lib/python3.7/site-packages/airflow/example_dags/tutorial_taskflow_api.py for tasks to queue
[2026-04-21T09:08:57.135+0000] {logging_mixin.py:137} INFO - [2026-04-21T09:08:57.135+0000] {dagbag.py:538} INFO - Filling up the DagBag from /home/airflow/.local/lib/python3.7/site-packages/airflow/example_dags/tutorial_taskflow_api.py
[2026-04-21T09:08:57.174+0000] {processor.py:753} INFO - DAG(s) dict_keys(['tutorial_taskflow_api']) retrieved from /home/airflow/.local/lib/python3.7/site-packages/airflow/example_dags/tutorial_taskflow_api.py
[2026-04-21T09:08:57.227+0000] {logging_mixin.py:137} INFO - [2026-04-21T09:08:57.226+0000] {dag.py:2690} INFO - Sync 1 DAGs
[2026-04-21T09:08:57.272+0000] {logging_mixin.py:137} INFO - [2026-04-21T09:08:57.271+0000] {dag.py:3441} INFO - Setting next_dagrun for tutorial_taskflow_api to None, run_after=None
[2026-04-21T09:08:57.317+0000] {processor.py:175} INFO - Processing /home/airflow/.local/lib/python3.7/site-packages/airflow/example_dags/tutorial_taskflow_api.py took 0.207 seconds
[2026-04-21T09:09:27.946+0000] {processor.py:153} INFO - Started process (PID=1291) to work on /home/airflow/.local/lib/python3.7/site-packages/airflow/example_dags/tutorial_taskflow_api.py
[2026-04-21T09:09:27.949+0000] {processor.py:743} INFO - Processing file /home/airflow/.local/lib/python3.7/site-packages/airflow/example_dags/tutorial_taskflow_api.py for tasks to queue
[2026-04-21T09:09:27.950+0000] {logging_mixin.py:137} INFO - [2026-04-21T09:09:27.950+0000] {dagbag.py:538} INFO - Filling up the DagBag from /home/airflow/.local/lib/python3.7/site-packages/airflow/example_dags/tutorial_taskflow_api.py
[2026-04-21T09:09:27.982+0000] {processor.py:753} INFO - DAG(s) dict_keys(['tutorial_taskflow_api']) retrieved from /home/airflow/.local/lib/python3.7/site-packages/airflow/example_dags/tutorial_taskflow_api.py
[2026-04-21T09:09:28.001+0000] {logging_mixin.py:137} INFO - [2026-04-21T09:09:28.001+0000] {dag.py:2690} INFO - Sync 1 DAGs
[2026-04-21T09:09:28.035+0000] {logging_mixin.py:137} INFO - [2026-04-21T09:09:28.035+0000] {dag.py:3441} INFO - Setting next_dagrun for tutorial_taskflow_api to None, run_after=None
[2026-04-21T09:09:28.066+0000] {processor.py:175} INFO - Processing /home/airflow/.local/lib/python3.7/site-packages/airflow/example_dags/tutorial_taskflow_api.py took 0.125 seconds
[2026-04-21T09:09:58.879+0000] {processor.py:153} INFO - Started process (PID=1394) to work on /home/airflow/.local/lib/python3.7/site-packages/airflow/example_dags/tutorial_taskflow_api.py
[2026-04-21T09:09:58.883+0000] {processor.py:743} INFO - Processing file /home/airflow/.local/lib/python3.7/site-packages/airflow/example_dags/tutorial_taskflow_api.py for tasks to queue
[2026-04-21T09:09:58.886+0000] {logging_mixin.py:137} INFO - [2026-04-21T09:09:58.885+0000] {dagbag.py:538} INFO - Filling up the DagBag from /home/airflow/.local/lib/python3.7/site-packages/airflow/example_dags/tutorial_taskflow_api.py
[2026-04-21T09:09:58.931+0000] {processor.py:753} INFO - DAG(s) dict_keys(['tutorial_taskflow_api']) retrieved from /home/airflow/.local/lib/python3.7/site-packages/airflow/example_dags/tutorial_taskflow_api.py
[2026-04-21T09:09:58.985+0000] {logging_mixin.py:137} INFO - [2026-04-21T09:09:58.985+0000] {dag.py:2690} INFO - Sync 1 DAGs
[2026-04-21T09:09:59.030+0000] {logging_mixin.py:137} INFO - [2026-04-21T09:09:59.030+0000] {dag.py:3441} INFO - Setting next_dagrun for tutorial_taskflow_api to None, run_after=None
[2026-04-21T09:09:59.068+0000] {processor.py:175} INFO - Processing /home/airflow/.local/lib/python3.7/site-packages/airflow/example_dags/tutorial_taskflow_api.py took 0.197 seconds
[2026-04-21T09:10:29.937+0000] {processor.py:153} INFO - Started process (PID=1482) to work on /home/airflow/.local/lib/python3.7/site-packages/airflow/example_dags/tutorial_taskflow_api.py
[2026-04-21T09:10:29.940+0000] {processor.py:743} INFO - Processing file /home/airflow/.local/lib/python3.7/site-packages/airflow/example_dags/tutorial_taskflow_api.py for tasks to queue
[2026-04-21T09:10:29.946+0000] {logging_mixin.py:137} INFO - [2026-04-21T09:10:29.945+0000] {dagbag.py:538} INFO - Filling up the DagBag from /home/airflow/.local/lib/python3.7/site-packages/airflow/example_dags/tutorial_taskflow_api.py
[2026-04-21T09:10:29.986+0000] {processor.py:753} INFO - DAG(s) dict_keys(['tutorial_taskflow_api']) retrieved from /home/airflow/.local/lib/python3.7/site-packages/airflow/example_dags/tutorial_taskflow_api.py
[2026-04-21T09:10:30.039+0000] {logging_mixin.py:137} INFO - [2026-04-21T09:10:30.039+0000] {dag.py:2690} INFO - Sync 1 DAGs
[2026-04-21T09:10:30.077+0000] {logging_mixin.py:137} INFO - [2026-04-21T09:10:30.076+0000] {dag.py:3441} INFO - Setting next_dagrun for tutorial_taskflow_api to None, run_after=None
[2026-04-21T09:10:30.119+0000] {processor.py:175} INFO - Processing /home/airflow/.local/lib/python3.7/site-packages/airflow/example_dags/tutorial_taskflow_api.py took 0.191 seconds
[2026-04-21T09:11:00.946+0000] {processor.py:153} INFO - Started process (PID=1570) to work on /home/airflow/.local/lib/python3.7/site-packages/airflow/example_dags/tutorial_taskflow_api.py
[2026-04-21T09:11:00.952+0000] {processor.py:743} INFO - Processing file /home/airflow/.local/lib/python3.7/site-packages/airflow/example_dags/tutorial_taskflow_api.py for tasks to queue
[2026-04-21T09:11:00.953+0000] {logging_mixin.py:137} INFO - [2026-04-21T09:11:00.953+0000] {dagbag.py:538} INFO - Filling up the DagBag from /home/airflow/.local/lib/python3.7/site-packages/airflow/example_dags/tutorial_taskflow_api.py
[2026-04-21T09:11:01.008+0000] {processor.py:753} INFO - DAG(s) dict_keys(['tutorial_taskflow_api']) retrieved from /home/airflow/.local/lib/python3.7/site-packages/airflow/example_dags/tutorial_taskflow_api.py
[2026-04-21T09:11:01.065+0000] {logging_mixin.py:137} INFO - [2026-04-21T09:11:01.065+0000] {dag.py:2690} INFO - Sync 1 DAGs
[2026-04-21T09:11:01.110+0000] {logging_mixin.py:137} INFO - [2026-04-21T09:11:01.109+0000] {dag.py:3441} INFO - Setting next_dagrun for tutorial_taskflow_api to None, run_after=None
[2026-04-21T09:11:01.148+0000] {processor.py:175} INFO - Processing /home/airflow/.local/lib/python3.7/site-packages/airflow/example_dags/tutorial_taskflow_api.py took 0.211 seconds
[2026-04-21T09:11:31.283+0000] {processor.py:153} INFO - Started process (PID=1684) to work on /home/airflow/.local/lib/python3.7/site-packages/airflow/example_dags/tutorial_taskflow_api.py
[2026-04-21T09:11:31.286+0000] {processor.py:743} INFO - Processing file /home/airflow/.local/lib/python3.7/site-packages/airflow/example_dags/tutorial_taskflow_api.py for tasks to queue
[2026-04-21T09:11:31.287+0000] {logging_mixin.py:137} INFO - [2026-04-21T09:11:31.287+0000] {dagbag.py:538} INFO - Filling up the DagBag from /home/airflow/.local/lib/python3.7/site-packages/airflow/example_dags/tutorial_taskflow_api.py
[2026-04-21T09:11:31.327+0000] {processor.py:753} INFO - DAG(s) dict_keys(['tutorial_taskflow_api']) retrieved from /home/airflow/.local/lib/python3.7/site-packages/airflow/example_dags/tutorial_taskflow_api.py
[2026-04-21T09:11:31.372+0000] {logging_mixin.py:137} INFO - [2026-04-21T09:11:31.372+0000] {dag.py:2690} INFO - Sync 1 DAGs
[2026-04-21T09:11:31.423+0000] {logging_mixin.py:137} INFO - [2026-04-21T09:11:31.422+0000] {dag.py:3441} INFO - Setting next_dagrun for tutorial_taskflow_api to None, run_after=None
[2026-04-21T09:11:31.480+0000] {processor.py:175} INFO - Processing /home/airflow/.local/lib/python3.7/site-packages/airflow/example_dags/tutorial_taskflow_api.py took 0.202 seconds
[2026-04-21T09:12:02.373+0000] {processor.py:153} INFO - Started process (PID=1772) to work on /home/airflow/.local/lib/python3.7/site-packages/airflow/example_dags/tutorial_taskflow_api.py
[2026-04-21T09:12:02.374+0000] {processor.py:743} INFO - Processing file /home/airflow/.local/lib/python3.7/site-packages/airflow/example_dags/tutorial_taskflow_api.py for tasks to queue
[2026-04-21T09:12:02.375+0000] {logging_mixin.py:137} INFO - [2026-04-21T09:12:02.375+0000] {dagbag.py:538} INFO - Filling up the DagBag from /home/airflow/.local/lib/python3.7/site-packages/airflow/example_dags/tutorial_taskflow_api.py
[2026-04-21T09:12:02.393+0000] {processor.py:753} INFO - DAG(s) dict_keys(['tutorial_taskflow_api']) retrieved from /home/airflow/.local/lib/python3.7/site-packages/airflow/example_dags/tutorial_taskflow_api.py
[2026-04-21T09:12:02.406+0000] {logging_mixin.py:137} INFO - [2026-04-21T09:12:02.406+0000] {dag.py:2690} INFO - Sync 1 DAGs
[2026-04-21T09:12:02.426+0000] {logging_mixin.py:137} INFO - [2026-04-21T09:12:02.426+0000] {dag.py:3441} INFO - Setting next_dagrun for tutorial_taskflow_api to None, run_after=None
[2026-04-21T09:12:02.451+0000] {processor.py:175} INFO - Processing /home/airflow/.local/lib/python3.7/site-packages/airflow/example_dags/tutorial_taskflow_api.py took 0.081 seconds
[2026-04-21T09:12:32.852+0000] {processor.py:153} INFO - Started process (PID=1884) to work on /home/airflow/.local/lib/python3.7/site-packages/airflow/example_dags/tutorial_taskflow_api.py
[2026-04-21T09:12:32.855+0000] {processor.py:743} INFO - Processing file /home/airflow/.local/lib/python3.7/site-packages/airflow/example_dags/tutorial_taskflow_api.py for tasks to queue
[2026-04-21T09:12:32.857+0000] {logging_mixin.py:137} INFO - [2026-04-21T09:12:32.857+0000] {dagbag.py:538} INFO - Filling up the DagBag from /home/airflow/.local/lib/python3.7/site-packages/airflow/example_dags/tutorial_taskflow_api.py
[2026-04-21T09:12:32.875+0000] {processor.py:753} INFO - DAG(s) dict_keys(['tutorial_taskflow_api']) retrieved from /home/airflow/.local/lib/python3.7/site-packages/airflow/example_dags/tutorial_taskflow_api.py
[2026-04-21T09:12:32.912+0000] {logging_mixin.py:137} INFO - [2026-04-21T09:12:32.912+0000] {dag.py:2690} INFO - Sync 1 DAGs
[2026-04-21T09:12:32.935+0000] {logging_mixin.py:137} INFO - [2026-04-21T09:12:32.935+0000] {dag.py:3441} INFO - Setting next_dagrun for tutorial_taskflow_api to None, run_after=None
[2026-04-21T09:12:32.973+0000] {processor.py:175} INFO - Processing /home/airflow/.local/lib/python3.7/site-packages/airflow/example_dags/tutorial_taskflow_api.py took 0.126 seconds
[2026-04-21T09:13:03.192+0000] {processor.py:153} INFO - Started process (PID=1972) to work on /home/airflow/.local/lib/python3.7/site-packages/airflow/example_dags/tutorial_taskflow_api.py
[2026-04-21T09:13:03.196+0000] {processor.py:743} INFO - Processing file /home/airflow/.local/lib/python3.7/site-packages/airflow/example_dags/tutorial_taskflow_api.py for tasks to queue
[2026-04-21T09:13:03.197+0000] {logging_mixin.py:137} INFO - [2026-04-21T09:13:03.197+0000] {dagbag.py:538} INFO - Filling up the DagBag from /home/airflow/.local/lib/python3.7/site-packages/airflow/example_dags/tutorial_taskflow_api.py
[2026-04-21T09:13:03.240+0000] {processor.py:753} INFO - DAG(s) dict_keys(['tutorial_taskflow_api']) retrieved from /home/airflow/.local/lib/python3.7/site-packages/airflow/example_dags/tutorial_taskflow_api.py
[2026-04-21T09:13:03.297+0000] {logging_mixin.py:137} INFO - [2026-04-21T09:13:03.296+0000] {dag.py:2690} INFO - Sync 1 DAGs
[2026-04-21T09:13:03.340+0000] {logging_mixin.py:137} INFO - [2026-04-21T09:13:03.339+0000] {dag.py:3441} INFO - Setting next_dagrun for tutorial_taskflow_api to None, run_after=None
[2026-04-21T09:13:03.385+0000] {processor.py:175} INFO - Processing /home/airflow/.local/lib/python3.7/site-packages/airflow/example_dags/tutorial_taskflow_api.py took 0.201 seconds
[2026-04-21T09:13:34.244+0000] {processor.py:153} INFO - Started process (PID=2084) to work on /home/airflow/.local/lib/python3.7/site-packages/airflow/example_dags/tutorial_taskflow_api.py
[2026-04-21T09:13:34.246+0000] {processor.py:743} INFO - Processing file /home/airflow/.local/lib/python3.7/site-packages/airflow/example_dags/tutorial_taskflow_api.py for tasks to queue
[2026-04-21T09:13:34.249+0000] {logging_mixin.py:137} INFO - [2026-04-21T09:13:34.248+0000] {dagbag.py:538} INFO - Filling up the DagBag from /home/airflow/.local/lib/python3.7/site-packages/airflow/example_dags/tutorial_taskflow_api.py
[2026-04-21T09:13:34.288+0000] {processor.py:753} INFO - DAG(s) dict_keys(['tutorial_taskflow_api']) retrieved from /home/airflow/.local/lib/python3.7/site-packages/airflow/example_dags/tutorial_taskflow_api.py
[2026-04-21T09:13:34.337+0000] {logging_mixin.py:137} INFO - [2026-04-21T09:13:34.337+0000] {dag.py:2690} INFO - Sync 1 DAGs
[2026-04-21T09:13:34.375+0000] {logging_mixin.py:137} INFO - [2026-04-21T09:13:34.374+0000] {dag.py:3441} INFO - Setting next_dagrun for tutorial_taskflow_api to None, run_after=None
[2026-04-21T09:13:34.409+0000] {processor.py:175} INFO - Processing /home/airflow/.local/lib/python3.7/site-packages/airflow/example_dags/tutorial_taskflow_api.py took 0.171 seconds
[2026-04-21T09:14:04.814+0000] {processor.py:153} INFO - Started process (PID=2181) to work on /home/airflow/.local/lib/python3.7/site-packages/airflow/example_dags/tutorial_taskflow_api.py
[2026-04-21T09:14:04.816+0000] {processor.py:743} INFO - Processing file /home/airflow/.local/lib/python3.7/site-packages/airflow/example_dags/tutorial_taskflow_api.py for tasks to queue
[2026-04-21T09:14:04.818+0000] {logging_mixin.py:137} INFO - [2026-04-21T09:14:04.818+0000] {dagbag.py:538} INFO - Filling up the DagBag from /home/airflow/.local/lib/python3.7/site-packages/airflow/example_dags/tutorial_taskflow_api.py
[2026-04-21T09:14:04.836+0000] {processor.py:753} INFO - DAG(s) dict_keys(['tutorial_taskflow_api']) retrieved from /home/airflow/.local/lib/python3.7/site-packages/airflow/example_dags/tutorial_taskflow_api.py
[2026-04-21T09:14:04.866+0000] {logging_mixin.py:137} INFO - [2026-04-21T09:14:04.866+0000] {dag.py:2690} INFO - Sync 1 DAGs
[2026-04-21T09:14:04.892+0000] {logging_mixin.py:137} INFO - [2026-04-21T09:14:04.892+0000] {dag.py:3441} INFO - Setting next_dagrun for tutorial_taskflow_api to None, run_after=None
[2026-04-21T09:14:04.942+0000] {processor.py:175} INFO - Processing /home/airflow/.local/lib/python3.7/site-packages/airflow/example_dags/tutorial_taskflow_api.py took 0.133 seconds
[2026-04-21T09:14:35.831+0000] {processor.py:153} INFO - Started process (PID=2284) to work on /home/airflow/.local/lib/python3.7/site-packages/airflow/example_dags/tutorial_taskflow_api.py
[2026-04-21T09:14:35.833+0000] {processor.py:743} INFO - Processing file /home/airflow/.local/lib/python3.7/site-packages/airflow/example_dags/tutorial_taskflow_api.py for tasks to queue
[2026-04-21T09:14:35.835+0000] {logging_mixin.py:137} INFO - [2026-04-21T09:14:35.834+0000] {dagbag.py:538} INFO - Filling up the DagBag from /home/airflow/.local/lib/python3.7/site-packages/airflow/example_dags/tutorial_taskflow_api.py
[2026-04-21T09:14:35.867+0000] {processor.py:753} INFO - DAG(s) dict_keys(['tutorial_taskflow_api']) retrieved from /home/airflow/.local/lib/python3.7/site-packages/airflow/example_dags/tutorial_taskflow_api.py
[2026-04-21T09:14:35.899+0000] {logging_mixin.py:137} INFO - [2026-04-21T09:14:35.898+0000] {dag.py:2690} INFO - Sync 1 DAGs
[2026-04-21T09:14:35.943+0000] {logging_mixin.py:137} INFO - [2026-04-21T09:14:35.943+0000] {dag.py:3441} INFO - Setting next_dagrun for tutorial_taskflow_api to None, run_after=None
[2026-04-21T09:14:35.968+0000] {processor.py:175} INFO - Processing /home/airflow/.local/lib/python3.7/site-packages/airflow/example_dags/tutorial_taskflow_api.py took 0.145 seconds
[2026-04-21T09:15:06.538+0000] {processor.py:153} INFO - Started process (PID=2395) to work on /home/airflow/.local/lib/python3.7/site-packages/airflow/example_dags/tutorial_taskflow_api.py
[2026-04-21T09:15:06.539+0000] {processor.py:743} INFO - Processing file /home/airflow/.local/lib/python3.7/site-packages/airflow/example_dags/tutorial_taskflow_api.py for tasks to queue
[2026-04-21T09:15:06.540+0000] {logging_mixin.py:137} INFO - [2026-04-21T09:15:06.540+0000] {dagbag.py:538} INFO - Filling up the DagBag from /home/airflow/.local/lib/python3.7/site-packages/airflow/example_dags/tutorial_taskflow_api.py
[2026-04-21T09:15:06.563+0000] {processor.py:753} INFO - DAG(s) dict_keys(['tutorial_taskflow_api']) retrieved from /home/airflow/.local/lib/python3.7/site-packages/airflow/example_dags/tutorial_taskflow_api.py
[2026-04-21T09:15:06.591+0000] {logging_mixin.py:137} INFO - [2026-04-21T09:15:06.591+0000] {dag.py:2690} INFO - Sync 1 DAGs
[2026-04-21T09:15:06.612+0000] {logging_mixin.py:137} INFO - [2026-04-21T09:15:06.612+0000] {dag.py:3441} INFO - Setting next_dagrun for tutorial_taskflow_api to None, run_after=None
[2026-04-21T09:15:06.637+0000] {processor.py:175} INFO - Processing /home/airflow/.local/lib/python3.7/site-packages/airflow/example_dags/tutorial_taskflow_api.py took 0.103 seconds
[2026-04-21T09:15:37.393+0000] {processor.py:153} INFO - Started process (PID=2482) to work on /home/airflow/.local/lib/python3.7/site-packages/airflow/example_dags/tutorial_taskflow_api.py
[2026-04-21T09:15:37.395+0000] {processor.py:743} INFO - Processing file /home/airflow/.local/lib/python3.7/site-packages/airflow/example_dags/tutorial_taskflow_api.py for tasks to queue
[2026-04-21T09:15:37.397+0000] {logging_mixin.py:137} INFO - [2026-04-21T09:15:37.396+0000] {dagbag.py:538} INFO - Filling up the DagBag from /home/airflow/.local/lib/python3.7/site-packages/airflow/example_dags/tutorial_taskflow_api.py
[2026-04-21T09:15:37.427+0000] {processor.py:753} INFO - DAG(s) dict_keys(['tutorial_taskflow_api']) retrieved from /home/airflow/.local/lib/python3.7/site-packages/airflow/example_dags/tutorial_taskflow_api.py
[2026-04-21T09:15:37.476+0000] {logging_mixin.py:137} INFO - [2026-04-21T09:15:37.475+0000] {dag.py:2690} INFO - Sync 1 DAGs
[2026-04-21T09:15:37.507+0000] {logging_mixin.py:137} INFO - [2026-04-21T09:15:37.507+0000] {dag.py:3441} INFO - Setting next_dagrun for tutorial_taskflow_api to None, run_after=None
[2026-04-21T09:15:37.544+0000] {processor.py:175} INFO - Processing /home/airflow/.local/lib/python3.7/site-packages/airflow/example_dags/tutorial_taskflow_api.py took 0.157 seconds
[2026-04-21T09:16:07.683+0000] {processor.py:153} INFO - Started process (PID=2593) to work on /home/airflow/.local/lib/python3.7/site-packages/airflow/example_dags/tutorial_taskflow_api.py
[2026-04-21T09:16:07.685+0000] {processor.py:743} INFO - Processing file /home/airflow/.local/lib/python3.7/site-packages/airflow/example_dags/tutorial_taskflow_api.py for tasks to queue
[2026-04-21T09:16:07.687+0000] {logging_mixin.py:137} INFO - [2026-04-21T09:16:07.686+0000] {dagbag.py:538} INFO - Filling up the DagBag from /home/airflow/.local/lib/python3.7/site-packages/airflow/example_dags/tutorial_taskflow_api.py
[2026-04-21T09:16:07.709+0000] {processor.py:753} INFO - DAG(s) dict_keys(['tutorial_taskflow_api']) retrieved from /home/airflow/.local/lib/python3.7/site-packages/airflow/example_dags/tutorial_taskflow_api.py
[2026-04-21T09:16:07.755+0000] {logging_mixin.py:137} INFO - [2026-04-21T09:16:07.755+0000] {dag.py:2690} INFO - Sync 1 DAGs
[2026-04-21T09:16:07.801+0000] {logging_mixin.py:137} INFO - [2026-04-21T09:16:07.800+0000] {dag.py:3441} INFO - Setting next_dagrun for tutorial_taskflow_api to None, run_after=None
[2026-04-21T09:16:07.837+0000] {processor.py:175} INFO - Processing /home/airflow/.local/lib/python3.7/site-packages/airflow/example_dags/tutorial_taskflow_api.py took 0.159 seconds
[2026-04-21T09:16:38.003+0000] {processor.py:153} INFO - Started process (PID=2681) to work on /home/airflow/.local/lib/python3.7/site-packages/airflow/example_dags/tutorial_taskflow_api.py
[2026-04-21T09:16:38.005+0000] {processor.py:743} INFO - Processing file /home/airflow/.local/lib/python3.7/site-packages/airflow/example_dags/tutorial_taskflow_api.py for tasks to queue
[2026-04-21T09:16:38.007+0000] {logging_mixin.py:137} INFO - [2026-04-21T09:16:38.007+0000] {dagbag.py:538} INFO - Filling up the DagBag from /home/airflow/.local/lib/python3.7/site-packages/airflow/example_dags/tutorial_taskflow_api.py
[2026-04-21T09:16:38.048+0000] {processor.py:753} INFO - DAG(s) dict_keys(['tutorial_taskflow_api']) retrieved from /home/airflow/.local/lib/python3.7/site-packages/airflow/example_dags/tutorial_taskflow_api.py
[2026-04-21T09:16:38.108+0000] {logging_mixin.py:137} INFO - [2026-04-21T09:16:38.108+0000] {dag.py:2690} INFO - Sync 1 DAGs
[2026-04-21T09:16:38.142+0000] {logging_mixin.py:137} INFO - [2026-04-21T09:16:38.142+0000] {dag.py:3441} INFO - Setting next_dagrun for tutorial_taskflow_api to None, run_after=None
[2026-04-21T09:16:38.191+0000] {processor.py:175} INFO - Processing /home/airflow/.local/lib/python3.7/site-packages/airflow/example_dags/tutorial_taskflow_api.py took 0.197 seconds
[2026-04-21T09:17:09.177+0000] {processor.py:153} INFO - Started process (PID=2793) to work on /home/airflow/.local/lib/python3.7/site-packages/airflow/example_dags/tutorial_taskflow_api.py
[2026-04-21T09:17:09.180+0000] {processor.py:743} INFO - Processing file /home/airflow/.local/lib/python3.7/site-packages/airflow/example_dags/tutorial_taskflow_api.py for tasks to queue
[2026-04-21T09:17:09.182+0000] {logging_mixin.py:137} INFO - [2026-04-21T09:17:09.182+0000] {dagbag.py:538} INFO - Filling up the DagBag from /home/airflow/.local/lib/python3.7/site-packages/airflow/example_dags/tutorial_taskflow_api.py
[2026-04-21T09:17:09.212+0000] {processor.py:753} INFO - DAG(s) dict_keys(['tutorial_taskflow_api']) retrieved from /home/airflow/.local/lib/python3.7/site-packages/airflow/example_dags/tutorial_taskflow_api.py
[2026-04-21T09:17:09.248+0000] {logging_mixin.py:137} INFO - [2026-04-21T09:17:09.247+0000] {dag.py:2690} INFO - Sync 1 DAGs
[2026-04-21T09:17:09.281+0000] {logging_mixin.py:137} INFO - [2026-04-21T09:17:09.281+0000] {dag.py:3441} INFO - Setting next_dagrun for tutorial_taskflow_api to None, run_after=None
[2026-04-21T09:17:09.327+0000] {processor.py:175} INFO - Processing /home/airflow/.local/lib/python3.7/site-packages/airflow/example_dags/tutorial_taskflow_api.py took 0.157 seconds
[2026-04-21T09:17:39.752+0000] {processor.py:153} INFO - Started process (PID=2881) to work on /home/airflow/.local/lib/python3.7/site-packages/airflow/example_dags/tutorial_taskflow_api.py
[2026-04-21T09:17:39.754+0000] {processor.py:743} INFO - Processing file /home/airflow/.local/lib/python3.7/site-packages/airflow/example_dags/tutorial_taskflow_api.py for tasks to queue
[2026-04-21T09:17:39.755+0000] {logging_mixin.py:137} INFO - [2026-04-21T09:17:39.755+0000] {dagbag.py:538} INFO - Filling up the DagBag from /home/airflow/.local/lib/python3.7/site-packages/airflow/example_dags/tutorial_taskflow_api.py
[2026-04-21T09:17:39.777+0000] {processor.py:753} INFO - DAG(s) dict_keys(['tutorial_taskflow_api']) retrieved from /home/airflow/.local/lib/python3.7/site-packages/airflow/example_dags/tutorial_taskflow_api.py
[2026-04-21T09:17:39.804+0000] {logging_mixin.py:137} INFO - [2026-04-21T09:17:39.804+0000] {dag.py:2690} INFO - Sync 1 DAGs
[2026-04-21T09:17:39.832+0000] {logging_mixin.py:137} INFO - [2026-04-21T09:17:39.832+0000] {dag.py:3441} INFO - Setting next_dagrun for tutorial_taskflow_api to None, run_after=None
[2026-04-21T09:17:39.853+0000] {processor.py:175} INFO - Processing /home/airflow/.local/lib/python3.7/site-packages/airflow/example_dags/tutorial_taskflow_api.py took 0.105 seconds
[2026-04-21T09:18:10.096+0000] {processor.py:153} INFO - Started process (PID=2992) to work on /home/airflow/.local/lib/python3.7/site-packages/airflow/example_dags/tutorial_taskflow_api.py
[2026-04-21T09:18:10.097+0000] {processor.py:743} INFO - Processing file /home/airflow/.local/lib/python3.7/site-packages/airflow/example_dags/tutorial_taskflow_api.py for tasks to queue
[2026-04-21T09:18:10.098+0000] {logging_mixin.py:137} INFO - [2026-04-21T09:18:10.098+0000] {dagbag.py:538} INFO - Filling up the DagBag from /home/airflow/.local/lib/python3.7/site-packages/airflow/example_dags/tutorial_taskflow_api.py
[2026-04-21T09:18:10.125+0000] {processor.py:753} INFO - DAG(s) dict_keys(['tutorial_taskflow_api']) retrieved from /home/airflow/.local/lib/python3.7/site-packages/airflow/example_dags/tutorial_taskflow_api.py
[2026-04-21T09:18:10.166+0000] {logging_mixin.py:137} INFO - [2026-04-21T09:18:10.165+0000] {dag.py:2690} INFO - Sync 1 DAGs
[2026-04-21T09:18:10.205+0000] {logging_mixin.py:137} INFO - [2026-04-21T09:18:10.205+0000] {dag.py:3441} INFO - Setting next_dagrun for tutorial_taskflow_api to None, run_after=None
[2026-04-21T09:18:10.243+0000] {processor.py:175} INFO - Processing /home/airflow/.local/lib/python3.7/site-packages/airflow/example_dags/tutorial_taskflow_api.py took 0.155 seconds
[2026-04-21T09:18:41.033+0000] {processor.py:153} INFO - Started process (PID=3080) to work on /home/airflow/.local/lib/python3.7/site-packages/airflow/example_dags/tutorial_taskflow_api.py
[2026-04-21T09:18:41.034+0000] {processor.py:743} INFO - Processing file /home/airflow/.local/lib/python3.7/site-packages/airflow/example_dags/tutorial_taskflow_api.py for tasks to queue
[2026-04-21T09:18:41.035+0000] {logging_mixin.py:137} INFO - [2026-04-21T09:18:41.035+0000] {dagbag.py:538} INFO - Filling up the DagBag from /home/airflow/.local/lib/python3.7/site-packages/airflow/example_dags/tutorial_taskflow_api.py
[2026-04-21T09:18:41.055+0000] {processor.py:753} INFO - DAG(s) dict_keys(['tutorial_taskflow_api']) retrieved from /home/airflow/.local/lib/python3.7/site-packages/airflow/example_dags/tutorial_taskflow_api.py
[2026-04-21T09:18:41.082+0000] {logging_mixin.py:137} INFO - [2026-04-21T09:18:41.082+0000] {dag.py:2690} INFO - Sync 1 DAGs
[2026-04-21T09:18:41.103+0000] {logging_mixin.py:137} INFO - [2026-04-21T09:18:41.103+0000] {dag.py:3441} INFO - Setting next_dagrun for tutorial_taskflow_api to None, run_after=None
[2026-04-21T09:18:41.122+0000] {processor.py:175} INFO - Processing /home/airflow/.local/lib/python3.7/site-packages/airflow/example_dags/tutorial_taskflow_api.py took 0.092 seconds
[2026-04-21T09:19:11.446+0000] {processor.py:153} INFO - Started process (PID=3192) to work on /home/airflow/.local/lib/python3.7/site-packages/airflow/example_dags/tutorial_taskflow_api.py
[2026-04-21T09:19:11.449+0000] {processor.py:743} INFO - Processing file /home/airflow/.local/lib/python3.7/site-packages/airflow/example_dags/tutorial_taskflow_api.py for tasks to queue
[2026-04-21T09:19:11.450+0000] {logging_mixin.py:137} INFO - [2026-04-21T09:19:11.450+0000] {dagbag.py:538} INFO - Filling up the DagBag from /home/airflow/.local/lib/python3.7/site-packages/airflow/example_dags/tutorial_taskflow_api.py
[2026-04-21T09:19:11.471+0000] {processor.py:753} INFO - DAG(s) dict_keys(['tutorial_taskflow_api']) retrieved from /home/airflow/.local/lib/python3.7/site-packages/airflow/example_dags/tutorial_taskflow_api.py
[2026-04-21T09:19:11.508+0000] {logging_mixin.py:137} INFO - [2026-04-21T09:19:11.507+0000] {dag.py:2690} INFO - Sync 1 DAGs
[2026-04-21T09:19:11.529+0000] {logging_mixin.py:137} INFO - [2026-04-21T09:19:11.529+0000] {dag.py:3441} INFO - Setting next_dagrun for tutorial_taskflow_api to None, run_after=None
[2026-04-21T09:19:11.547+0000] {processor.py:175} INFO - Processing /home/airflow/.local/lib/python3.7/site-packages/airflow/example_dags/tutorial_taskflow_api.py took 0.105 seconds
[2026-04-21T09:19:42.052+0000] {processor.py:153} INFO - Started process (PID=3280) to work on /home/airflow/.local/lib/python3.7/site-packages/airflow/example_dags/tutorial_taskflow_api.py
[2026-04-21T09:19:42.054+0000] {processor.py:743} INFO - Processing file /home/airflow/.local/lib/python3.7/site-packages/airflow/example_dags/tutorial_taskflow_api.py for tasks to queue
[2026-04-21T09:19:42.055+0000] {logging_mixin.py:137} INFO - [2026-04-21T09:19:42.055+0000] {dagbag.py:538} INFO - Filling up the DagBag from /home/airflow/.local/lib/python3.7/site-packages/airflow/example_dags/tutorial_taskflow_api.py
[2026-04-21T09:19:42.075+0000] {processor.py:753} INFO - DAG(s) dict_keys(['tutorial_taskflow_api']) retrieved from /home/airflow/.local/lib/python3.7/site-packages/airflow/example_dags/tutorial_taskflow_api.py
[2026-04-21T09:19:42.099+0000] {logging_mixin.py:137} INFO - [2026-04-21T09:19:42.099+0000] {dag.py:2690} INFO - Sync 1 DAGs
[2026-04-21T09:19:42.118+0000] {logging_mixin.py:137} INFO - [2026-04-21T09:19:42.118+0000] {dag.py:3441} INFO - Setting next_dagrun for tutorial_taskflow_api to None, run_after=None
[2026-04-21T09:19:42.136+0000] {processor.py:175} INFO - Processing /home/airflow/.local/lib/python3.7/site-packages/airflow/example_dags/tutorial_taskflow_api.py took 0.089 seconds
[2026-04-21T09:20:12.470+0000] {processor.py:153} INFO - Started process (PID=3392) to work on /home/airflow/.local/lib/python3.7/site-packages/airflow/example_dags/tutorial_taskflow_api.py
[2026-04-21T09:20:12.473+0000] {processor.py:743} INFO - Processing file /home/airflow/.local/lib/python3.7/site-packages/airflow/example_dags/tutorial_taskflow_api.py for tasks to queue
[2026-04-21T09:20:12.474+0000] {logging_mixin.py:137} INFO - [2026-04-21T09:20:12.474+0000] {dagbag.py:538} INFO - Filling up the DagBag from /home/airflow/.local/lib/python3.7/site-packages/airflow/example_dags/tutorial_taskflow_api.py
[2026-04-21T09:20:12.496+0000] {processor.py:753} INFO - DAG(s) dict_keys(['tutorial_taskflow_api']) retrieved from /home/airflow/.local/lib/python3.7/site-packages/airflow/example_dags/tutorial_taskflow_api.py
[2026-04-21T09:20:12.528+0000] {logging_mixin.py:137} INFO - [2026-04-21T09:20:12.528+0000] {dag.py:2690} INFO - Sync 1 DAGs
[2026-04-21T09:20:12.554+0000] {logging_mixin.py:137} INFO - [2026-04-21T09:20:12.554+0000] {dag.py:3441} INFO - Setting next_dagrun for tutorial_taskflow_api to None, run_after=None
[2026-04-21T09:20:12.575+0000] {processor.py:175} INFO - Processing /home/airflow/.local/lib/python3.7/site-packages/airflow/example_dags/tutorial_taskflow_api.py took 0.112 seconds
[2026-04-21T09:20:43.129+0000] {processor.py:153} INFO - Started process (PID=3480) to work on /home/airflow/.local/lib/python3.7/site-packages/airflow/example_dags/tutorial_taskflow_api.py
[2026-04-21T09:20:43.130+0000] {processor.py:743} INFO - Processing file /home/airflow/.local/lib/python3.7/site-packages/airflow/example_dags/tutorial_taskflow_api.py for tasks to queue
[2026-04-21T09:20:43.131+0000] {logging_mixin.py:137} INFO - [2026-04-21T09:20:43.131+0000] {dagbag.py:538} INFO - Filling up the DagBag from /home/airflow/.local/lib/python3.7/site-packages/airflow/example_dags/tutorial_taskflow_api.py
[2026-04-21T09:20:43.149+0000] {processor.py:753} INFO - DAG(s) dict_keys(['tutorial_taskflow_api']) retrieved from /home/airflow/.local/lib/python3.7/site-packages/airflow/example_dags/tutorial_taskflow_api.py
[2026-04-21T09:20:43.171+0000] {logging_mixin.py:137} INFO - [2026-04-21T09:20:43.171+0000] {dag.py:2690} INFO - Sync 1 DAGs
[2026-04-21T09:20:43.189+0000] {logging_mixin.py:137} INFO - [2026-04-21T09:20:43.189+0000] {dag.py:3441} INFO - Setting next_dagrun for tutorial_taskflow_api to None, run_after=None
[2026-04-21T09:20:43.206+0000] {processor.py:175} INFO - Processing /home/airflow/.local/lib/python3.7/site-packages/airflow/example_dags/tutorial_taskflow_api.py took 0.084 seconds
[2026-04-21T09:21:13.715+0000] {processor.py:153} INFO - Started process (PID=3594) to work on /home/airflow/.local/lib/python3.7/site-packages/airflow/example_dags/tutorial_taskflow_api.py
[2026-04-21T09:21:13.716+0000] {processor.py:743} INFO - Processing file /home/airflow/.local/lib/python3.7/site-packages/airflow/example_dags/tutorial_taskflow_api.py for tasks to queue
[2026-04-21T09:21:13.717+0000] {logging_mixin.py:137} INFO - [2026-04-21T09:21:13.717+0000] {dagbag.py:538} INFO - Filling up the DagBag from /home/airflow/.local/lib/python3.7/site-packages/airflow/example_dags/tutorial_taskflow_api.py
[2026-04-21T09:21:13.743+0000] {processor.py:753} INFO - DAG(s) dict_keys(['tutorial_taskflow_api']) retrieved from /home/airflow/.local/lib/python3.7/site-packages/airflow/example_dags/tutorial_taskflow_api.py
[2026-04-21T09:21:13.772+0000] {logging_mixin.py:137} INFO - [2026-04-21T09:21:13.772+0000] {dag.py:2690} INFO - Sync 1 DAGs
[2026-04-21T09:21:13.797+0000] {logging_mixin.py:137} INFO - [2026-04-21T09:21:13.797+0000] {dag.py:3441} INFO - Setting next_dagrun for tutorial_taskflow_api to None, run_after=None
[2026-04-21T09:21:13.820+0000] {processor.py:175} INFO - Processing /home/airflow/.local/lib/python3.7/site-packages/airflow/example_dags/tutorial_taskflow_api.py took 0.109 seconds
[2026-04-21T09:21:44.507+0000] {processor.py:153} INFO - Started process (PID=3691) to work on /home/airflow/.local/lib/python3.7/site-packages/airflow/example_dags/tutorial_taskflow_api.py
[2026-04-21T09:21:44.509+0000] {processor.py:743} INFO - Processing file /home/airflow/.local/lib/python3.7/site-packages/airflow/example_dags/tutorial_taskflow_api.py for tasks to queue
[2026-04-21T09:21:44.511+0000] {logging_mixin.py:137} INFO - [2026-04-21T09:21:44.511+0000] {dagbag.py:538} INFO - Filling up the DagBag from /home/airflow/.local/lib/python3.7/site-packages/airflow/example_dags/tutorial_taskflow_api.py
[2026-04-21T09:21:44.537+0000] {processor.py:753} INFO - DAG(s) dict_keys(['tutorial_taskflow_api']) retrieved from /home/airflow/.local/lib/python3.7/site-packages/airflow/example_dags/tutorial_taskflow_api.py
[2026-04-21T09:21:44.551+0000] {logging_mixin.py:137} INFO - [2026-04-21T09:21:44.551+0000] {dag.py:2690} INFO - Sync 1 DAGs
[2026-04-21T09:21:44.575+0000] {logging_mixin.py:137} INFO - [2026-04-21T09:21:44.575+0000] {dag.py:3441} INFO - Setting next_dagrun for tutorial_taskflow_api to None, run_after=None
[2026-04-21T09:21:44.620+0000] {processor.py:175} INFO - Processing /home/airflow/.local/lib/python3.7/site-packages/airflow/example_dags/tutorial_taskflow_api.py took 0.120 seconds
[2026-04-21T09:22:15.268+0000] {processor.py:153} INFO - Started process (PID=3794) to work on /home/airflow/.local/lib/python3.7/site-packages/airflow/example_dags/tutorial_taskflow_api.py
[2026-04-21T09:22:15.270+0000] {processor.py:743} INFO - Processing file /home/airflow/.local/lib/python3.7/site-packages/airflow/example_dags/tutorial_taskflow_api.py for tasks to queue
[2026-04-21T09:22:15.272+0000] {logging_mixin.py:137} INFO - [2026-04-21T09:22:15.271+0000] {dagbag.py:538} INFO - Filling up the DagBag from /home/airflow/.local/lib/python3.7/site-packages/airflow/example_dags/tutorial_taskflow_api.py
[2026-04-21T09:22:15.296+0000] {processor.py:753} INFO - DAG(s) dict_keys(['tutorial_taskflow_api']) retrieved from /home/airflow/.local/lib/python3.7/site-packages/airflow/example_dags/tutorial_taskflow_api.py
[2026-04-21T09:22:15.325+0000] {logging_mixin.py:137} INFO - [2026-04-21T09:22:15.325+0000] {dag.py:2690} INFO - Sync 1 DAGs
[2026-04-21T09:22:15.348+0000] {logging_mixin.py:137} INFO - [2026-04-21T09:22:15.348+0000] {dag.py:3441} INFO - Setting next_dagrun for tutorial_taskflow_api to None, run_after=None
[2026-04-21T09:22:15.382+0000] {processor.py:175} INFO - Processing /home/airflow/.local/lib/python3.7/site-packages/airflow/example_dags/tutorial_taskflow_api.py took 0.118 seconds
[2026-04-21T09:22:45.526+0000] {processor.py:153} INFO - Started process (PID=3896) to work on /home/airflow/.local/lib/python3.7/site-packages/airflow/example_dags/tutorial_taskflow_api.py
[2026-04-21T09:22:45.528+0000] {processor.py:743} INFO - Processing file /home/airflow/.local/lib/python3.7/site-packages/airflow/example_dags/tutorial_taskflow_api.py for tasks to queue
[2026-04-21T09:22:45.530+0000] {logging_mixin.py:137} INFO - [2026-04-21T09:22:45.530+0000] {dagbag.py:538} INFO - Filling up the DagBag from /home/airflow/.local/lib/python3.7/site-packages/airflow/example_dags/tutorial_taskflow_api.py
[2026-04-21T09:22:45.554+0000] {processor.py:753} INFO - DAG(s) dict_keys(['tutorial_taskflow_api']) retrieved from /home/airflow/.local/lib/python3.7/site-packages/airflow/example_dags/tutorial_taskflow_api.py
[2026-04-21T09:22:45.582+0000] {logging_mixin.py:137} INFO - [2026-04-21T09:22:45.582+0000] {dag.py:2690} INFO - Sync 1 DAGs
[2026-04-21T09:22:45.607+0000] {logging_mixin.py:137} INFO - [2026-04-21T09:22:45.607+0000] {dag.py:3441} INFO - Setting next_dagrun for tutorial_taskflow_api to None, run_after=None
[2026-04-21T09:22:45.633+0000] {processor.py:175} INFO - Processing /home/airflow/.local/lib/python3.7/site-packages/airflow/example_dags/tutorial_taskflow_api.py took 0.113 seconds
[2026-04-21T09:23:16.000+0000] {processor.py:153} INFO - Started process (PID=3999) to work on /home/airflow/.local/lib/python3.7/site-packages/airflow/example_dags/tutorial_taskflow_api.py
[2026-04-21T09:23:16.002+0000] {processor.py:743} INFO - Processing file /home/airflow/.local/lib/python3.7/site-packages/airflow/example_dags/tutorial_taskflow_api.py for tasks to queue
[2026-04-21T09:23:16.004+0000] {logging_mixin.py:137} INFO - [2026-04-21T09:23:16.003+0000] {dagbag.py:538} INFO - Filling up the DagBag from /home/airflow/.local/lib/python3.7/site-packages/airflow/example_dags/tutorial_taskflow_api.py
[2026-04-21T09:23:16.026+0000] {processor.py:753} INFO - DAG(s) dict_keys(['tutorial_taskflow_api']) retrieved from /home/airflow/.local/lib/python3.7/site-packages/airflow/example_dags/tutorial_taskflow_api.py
[2026-04-21T09:23:16.055+0000] {logging_mixin.py:137} INFO - [2026-04-21T09:23:16.054+0000] {dag.py:2690} INFO - Sync 1 DAGs
[2026-04-21T09:23:16.085+0000] {logging_mixin.py:137} INFO - [2026-04-21T09:23:16.085+0000] {dag.py:3441} INFO - Setting next_dagrun for tutorial_taskflow_api to None, run_after=None
[2026-04-21T09:23:16.110+0000] {processor.py:175} INFO - Processing /home/airflow/.local/lib/python3.7/site-packages/airflow/example_dags/tutorial_taskflow_api.py took 0.114 seconds
[2026-04-21T09:23:46.542+0000] {processor.py:153} INFO - Started process (PID=4095) to work on /home/airflow/.local/lib/python3.7/site-packages/airflow/example_dags/tutorial_taskflow_api.py
[2026-04-21T09:23:46.548+0000] {processor.py:743} INFO - Processing file /home/airflow/.local/lib/python3.7/site-packages/airflow/example_dags/tutorial_taskflow_api.py for tasks to queue
[2026-04-21T09:23:46.551+0000] {logging_mixin.py:137} INFO - [2026-04-21T09:23:46.551+0000] {dagbag.py:538} INFO - Filling up the DagBag from /home/airflow/.local/lib/python3.7/site-packages/airflow/example_dags/tutorial_taskflow_api.py
[2026-04-21T09:23:46.591+0000] {processor.py:753} INFO - DAG(s) dict_keys(['tutorial_taskflow_api']) retrieved from /home/airflow/.local/lib/python3.7/site-packages/airflow/example_dags/tutorial_taskflow_api.py
[2026-04-21T09:23:46.646+0000] {logging_mixin.py:137} INFO - [2026-04-21T09:23:46.646+0000] {dag.py:2690} INFO - Sync 1 DAGs
[2026-04-21T09:23:46.682+0000] {logging_mixin.py:137} INFO - [2026-04-21T09:23:46.682+0000] {dag.py:3441} INFO - Setting next_dagrun for tutorial_taskflow_api to None, run_after=None
[2026-04-21T09:23:46.733+0000] {processor.py:175} INFO - Processing /home/airflow/.local/lib/python3.7/site-packages/airflow/example_dags/tutorial_taskflow_api.py took 0.194 seconds
[2026-04-21T09:24:17.095+0000] {processor.py:153} INFO - Started process (PID=4198) to work on /home/airflow/.local/lib/python3.7/site-packages/airflow/example_dags/tutorial_taskflow_api.py
[2026-04-21T09:24:17.098+0000] {processor.py:743} INFO - Processing file /home/airflow/.local/lib/python3.7/site-packages/airflow/example_dags/tutorial_taskflow_api.py for tasks to queue
[2026-04-21T09:24:17.101+0000] {logging_mixin.py:137} INFO - [2026-04-21T09:24:17.100+0000] {dagbag.py:538} INFO - Filling up the DagBag from /home/airflow/.local/lib/python3.7/site-packages/airflow/example_dags/tutorial_taskflow_api.py
[2026-04-21T09:24:17.128+0000] {processor.py:753} INFO - DAG(s) dict_keys(['tutorial_taskflow_api']) retrieved from /home/airflow/.local/lib/python3.7/site-packages/airflow/example_dags/tutorial_taskflow_api.py
[2026-04-21T09:24:17.151+0000] {logging_mixin.py:137} INFO - [2026-04-21T09:24:17.151+0000] {dag.py:2690} INFO - Sync 1 DAGs
[2026-04-21T09:24:17.169+0000] {logging_mixin.py:137} INFO - [2026-04-21T09:24:17.169+0000] {dag.py:3441} INFO - Setting next_dagrun for tutorial_taskflow_api to None, run_after=None
[2026-04-21T09:24:17.190+0000] {processor.py:175} INFO - Processing /home/airflow/.local/lib/python3.7/site-packages/airflow/example_dags/tutorial_taskflow_api.py took 0.103 seconds
[2026-04-21T09:24:47.711+0000] {processor.py:153} INFO - Started process (PID=4309) to work on /home/airflow/.local/lib/python3.7/site-packages/airflow/example_dags/tutorial_taskflow_api.py
[2026-04-21T09:24:47.712+0000] {processor.py:743} INFO - Processing file /home/airflow/.local/lib/python3.7/site-packages/airflow/example_dags/tutorial_taskflow_api.py for tasks to queue
[2026-04-21T09:24:47.713+0000] {logging_mixin.py:137} INFO - [2026-04-21T09:24:47.713+0000] {dagbag.py:538} INFO - Filling up the DagBag from /home/airflow/.local/lib/python3.7/site-packages/airflow/example_dags/tutorial_taskflow_api.py
[2026-04-21T09:24:47.730+0000] {processor.py:753} INFO - DAG(s) dict_keys(['tutorial_taskflow_api']) retrieved from /home/airflow/.local/lib/python3.7/site-packages/airflow/example_dags/tutorial_taskflow_api.py
[2026-04-21T09:24:47.753+0000] {logging_mixin.py:137} INFO - [2026-04-21T09:24:47.752+0000] {dag.py:2690} INFO - Sync 1 DAGs
[2026-04-21T09:24:47.773+0000] {logging_mixin.py:137} INFO - [2026-04-21T09:24:47.773+0000] {dag.py:3441} INFO - Setting next_dagrun for tutorial_taskflow_api to None, run_after=None
[2026-04-21T09:24:47.803+0000] {processor.py:175} INFO - Processing /home/airflow/.local/lib/python3.7/site-packages/airflow/example_dags/tutorial_taskflow_api.py took 0.095 seconds
[2026-04-21T09:25:17.985+0000] {processor.py:153} INFO - Started process (PID=4397) to work on /home/airflow/.local/lib/python3.7/site-packages/airflow/example_dags/tutorial_taskflow_api.py
[2026-04-21T09:25:17.988+0000] {processor.py:743} INFO - Processing file /home/airflow/.local/lib/python3.7/site-packages/airflow/example_dags/tutorial_taskflow_api.py for tasks to queue
[2026-04-21T09:25:17.990+0000] {logging_mixin.py:137} INFO - [2026-04-21T09:25:17.990+0000] {dagbag.py:538} INFO - Filling up the DagBag from /home/airflow/.local/lib/python3.7/site-packages/airflow/example_dags/tutorial_taskflow_api.py
[2026-04-21T09:25:18.016+0000] {processor.py:753} INFO - DAG(s) dict_keys(['tutorial_taskflow_api']) retrieved from /home/airflow/.local/lib/python3.7/site-packages/airflow/example_dags/tutorial_taskflow_api.py
[2026-04-21T09:25:18.059+0000] {logging_mixin.py:137} INFO - [2026-04-21T09:25:18.058+0000] {dag.py:2690} INFO - Sync 1 DAGs
[2026-04-21T09:25:18.102+0000] {logging_mixin.py:137} INFO - [2026-04-21T09:25:18.102+0000] {dag.py:3441} INFO - Setting next_dagrun for tutorial_taskflow_api to None, run_after=None
[2026-04-21T09:25:18.128+0000] {processor.py:175} INFO - Processing /home/airflow/.local/lib/python3.7/site-packages/airflow/example_dags/tutorial_taskflow_api.py took 0.149 seconds
[2026-04-21T09:25:48.323+0000] {processor.py:153} INFO - Started process (PID=4494) to work on /home/airflow/.local/lib/python3.7/site-packages/airflow/example_dags/tutorial_taskflow_api.py
[2026-04-21T09:25:48.324+0000] {processor.py:743} INFO - Processing file /home/airflow/.local/lib/python3.7/site-packages/airflow/example_dags/tutorial_taskflow_api.py for tasks to queue
[2026-04-21T09:25:48.326+0000] {logging_mixin.py:137} INFO - [2026-04-21T09:25:48.325+0000] {dagbag.py:538} INFO - Filling up the DagBag from /home/airflow/.local/lib/python3.7/site-packages/airflow/example_dags/tutorial_taskflow_api.py
[2026-04-21T09:25:48.343+0000] {processor.py:753} INFO - DAG(s) dict_keys(['tutorial_taskflow_api']) retrieved from /home/airflow/.local/lib/python3.7/site-packages/airflow/example_dags/tutorial_taskflow_api.py
[2026-04-21T09:25:48.386+0000] {logging_mixin.py:137} INFO - [2026-04-21T09:25:48.385+0000] {dag.py:2690} INFO - Sync 1 DAGs
[2026-04-21T09:25:48.415+0000] {logging_mixin.py:137} INFO - [2026-04-21T09:25:48.414+0000] {dag.py:3441} INFO - Setting next_dagrun for tutorial_taskflow_api to None, run_after=None
[2026-04-21T09:25:48.445+0000] {processor.py:175} INFO - Processing /home/airflow/.local/lib/python3.7/site-packages/airflow/example_dags/tutorial_taskflow_api.py took 0.127 seconds
[2026-04-21T09:26:18.655+0000] {processor.py:153} INFO - Started process (PID=4597) to work on /home/airflow/.local/lib/python3.7/site-packages/airflow/example_dags/tutorial_taskflow_api.py
[2026-04-21T09:26:18.658+0000] {processor.py:743} INFO - Processing file /home/airflow/.local/lib/python3.7/site-packages/airflow/example_dags/tutorial_taskflow_api.py for tasks to queue
[2026-04-21T09:26:18.661+0000] {logging_mixin.py:137} INFO - [2026-04-21T09:26:18.661+0000] {dagbag.py:538} INFO - Filling up the DagBag from /home/airflow/.local/lib/python3.7/site-packages/airflow/example_dags/tutorial_taskflow_api.py
[2026-04-21T09:26:18.684+0000] {processor.py:753} INFO - DAG(s) dict_keys(['tutorial_taskflow_api']) retrieved from /home/airflow/.local/lib/python3.7/site-packages/airflow/example_dags/tutorial_taskflow_api.py
[2026-04-21T09:26:18.717+0000] {logging_mixin.py:137} INFO - [2026-04-21T09:26:18.717+0000] {dag.py:2690} INFO - Sync 1 DAGs
[2026-04-21T09:26:18.745+0000] {logging_mixin.py:137} INFO - [2026-04-21T09:26:18.745+0000] {dag.py:3441} INFO - Setting next_dagrun for tutorial_taskflow_api to None, run_after=None
[2026-04-21T09:26:18.784+0000] {processor.py:175} INFO - Processing /home/airflow/.local/lib/python3.7/site-packages/airflow/example_dags/tutorial_taskflow_api.py took 0.137 seconds
[2026-04-21T09:26:49.174+0000] {processor.py:153} INFO - Started process (PID=4709) to work on /home/airflow/.local/lib/python3.7/site-packages/airflow/example_dags/tutorial_taskflow_api.py
[2026-04-21T09:26:49.176+0000] {processor.py:743} INFO - Processing file /home/airflow/.local/lib/python3.7/site-packages/airflow/example_dags/tutorial_taskflow_api.py for tasks to queue
[2026-04-21T09:26:49.177+0000] {logging_mixin.py:137} INFO - [2026-04-21T09:26:49.176+0000] {dagbag.py:538} INFO - Filling up the DagBag from /home/airflow/.local/lib/python3.7/site-packages/airflow/example_dags/tutorial_taskflow_api.py
[2026-04-21T09:26:49.200+0000] {processor.py:753} INFO - DAG(s) dict_keys(['tutorial_taskflow_api']) retrieved from /home/airflow/.local/lib/python3.7/site-packages/airflow/example_dags/tutorial_taskflow_api.py
[2026-04-21T09:26:49.223+0000] {logging_mixin.py:137} INFO - [2026-04-21T09:26:49.222+0000] {dag.py:2690} INFO - Sync 1 DAGs
[2026-04-21T09:26:49.244+0000] {logging_mixin.py:137} INFO - [2026-04-21T09:26:49.244+0000] {dag.py:3441} INFO - Setting next_dagrun for tutorial_taskflow_api to None, run_after=None
[2026-04-21T09:26:49.270+0000] {processor.py:175} INFO - Processing /home/airflow/.local/lib/python3.7/site-packages/airflow/example_dags/tutorial_taskflow_api.py took 0.100 seconds
[2026-04-21T09:27:19.419+0000] {processor.py:153} INFO - Started process (PID=4797) to work on /home/airflow/.local/lib/python3.7/site-packages/airflow/example_dags/tutorial_taskflow_api.py
[2026-04-21T09:27:19.423+0000] {processor.py:743} INFO - Processing file /home/airflow/.local/lib/python3.7/site-packages/airflow/example_dags/tutorial_taskflow_api.py for tasks to queue
[2026-04-21T09:27:19.426+0000] {logging_mixin.py:137} INFO - [2026-04-21T09:27:19.426+0000] {dagbag.py:538} INFO - Filling up the DagBag from /home/airflow/.local/lib/python3.7/site-packages/airflow/example_dags/tutorial_taskflow_api.py
[2026-04-21T09:27:19.450+0000] {processor.py:753} INFO - DAG(s) dict_keys(['tutorial_taskflow_api']) retrieved from /home/airflow/.local/lib/python3.7/site-packages/airflow/example_dags/tutorial_taskflow_api.py
[2026-04-21T09:27:19.466+0000] {logging_mixin.py:137} INFO - [2026-04-21T09:27:19.466+0000] {dag.py:2690} INFO - Sync 1 DAGs
[2026-04-21T09:27:19.490+0000] {logging_mixin.py:137} INFO - [2026-04-21T09:27:19.490+0000] {dag.py:3441} INFO - Setting next_dagrun for tutorial_taskflow_api to None, run_after=None
[2026-04-21T09:27:19.525+0000] {processor.py:175} INFO - Processing /home/airflow/.local/lib/python3.7/site-packages/airflow/example_dags/tutorial_taskflow_api.py took 0.112 seconds
[2026-04-21T09:27:49.923+0000] {processor.py:153} INFO - Started process (PID=4909) to work on /home/airflow/.local/lib/python3.7/site-packages/airflow/example_dags/tutorial_taskflow_api.py
[2026-04-21T09:27:49.925+0000] {processor.py:743} INFO - Processing file /home/airflow/.local/lib/python3.7/site-packages/airflow/example_dags/tutorial_taskflow_api.py for tasks to queue
[2026-04-21T09:27:49.926+0000] {logging_mixin.py:137} INFO - [2026-04-21T09:27:49.926+0000] {dagbag.py:538} INFO - Filling up the DagBag from /home/airflow/.local/lib/python3.7/site-packages/airflow/example_dags/tutorial_taskflow_api.py
[2026-04-21T09:27:49.953+0000] {processor.py:753} INFO - DAG(s) dict_keys(['tutorial_taskflow_api']) retrieved from /home/airflow/.local/lib/python3.7/site-packages/airflow/example_dags/tutorial_taskflow_api.py
[2026-04-21T09:27:49.992+0000] {logging_mixin.py:137} INFO - [2026-04-21T09:27:49.992+0000] {dag.py:2690} INFO - Sync 1 DAGs
[2026-04-21T09:27:50.017+0000] {logging_mixin.py:137} INFO - [2026-04-21T09:27:50.017+0000] {dag.py:3441} INFO - Setting next_dagrun for tutorial_taskflow_api to None, run_after=None
[2026-04-21T09:27:50.041+0000] {processor.py:175} INFO - Processing /home/airflow/.local/lib/python3.7/site-packages/airflow/example_dags/tutorial_taskflow_api.py took 0.124 seconds
[2026-04-21T09:28:20.529+0000] {processor.py:153} INFO - Started process (PID=4997) to work on /home/airflow/.local/lib/python3.7/site-packages/airflow/example_dags/tutorial_taskflow_api.py
[2026-04-21T09:28:20.531+0000] {processor.py:743} INFO - Processing file /home/airflow/.local/lib/python3.7/site-packages/airflow/example_dags/tutorial_taskflow_api.py for tasks to queue
[2026-04-21T09:28:20.533+0000] {logging_mixin.py:137} INFO - [2026-04-21T09:28:20.533+0000] {dagbag.py:538} INFO - Filling up the DagBag from /home/airflow/.local/lib/python3.7/site-packages/airflow/example_dags/tutorial_taskflow_api.py
[2026-04-21T09:28:20.550+0000] {processor.py:753} INFO - DAG(s) dict_keys(['tutorial_taskflow_api']) retrieved from /home/airflow/.local/lib/python3.7/site-packages/airflow/example_dags/tutorial_taskflow_api.py
[2026-04-21T09:28:20.576+0000] {logging_mixin.py:137} INFO - [2026-04-21T09:28:20.576+0000] {dag.py:2690} INFO - Sync 1 DAGs
[2026-04-21T09:28:20.599+0000] {logging_mixin.py:137} INFO - [2026-04-21T09:28:20.599+0000] {dag.py:3441} INFO - Setting next_dagrun for tutorial_taskflow_api to None, run_after=None
[2026-04-21T09:28:20.635+0000] {processor.py:175} INFO - Processing /home/airflow/.local/lib/python3.7/site-packages/airflow/example_dags/tutorial_taskflow_api.py took 0.110 seconds
[2026-04-21T09:28:50.772+0000] {processor.py:153} INFO - Started process (PID=5109) to work on /home/airflow/.local/lib/python3.7/site-packages/airflow/example_dags/tutorial_taskflow_api.py
[2026-04-21T09:28:50.775+0000] {processor.py:743} INFO - Processing file /home/airflow/.local/lib/python3.7/site-packages/airflow/example_dags/tutorial_taskflow_api.py for tasks to queue
[2026-04-21T09:28:50.777+0000] {logging_mixin.py:137} INFO - [2026-04-21T09:28:50.777+0000] {dagbag.py:538} INFO - Filling up the DagBag from /home/airflow/.local/lib/python3.7/site-packages/airflow/example_dags/tutorial_taskflow_api.py
[2026-04-21T09:28:50.809+0000] {processor.py:753} INFO - DAG(s) dict_keys(['tutorial_taskflow_api']) retrieved from /home/airflow/.local/lib/python3.7/site-packages/airflow/example_dags/tutorial_taskflow_api.py
[2026-04-21T09:28:50.856+0000] {logging_mixin.py:137} INFO - [2026-04-21T09:28:50.856+0000] {dag.py:2690} INFO - Sync 1 DAGs
[2026-04-21T09:28:50.891+0000] {logging_mixin.py:137} INFO - [2026-04-21T09:28:50.891+0000] {dag.py:3441} INFO - Setting next_dagrun for tutorial_taskflow_api to None, run_after=None
[2026-04-21T09:28:50.935+0000] {processor.py:175} INFO - Processing /home/airflow/.local/lib/python3.7/site-packages/airflow/example_dags/tutorial_taskflow_api.py took 0.171 seconds
[2026-04-21T09:29:21.444+0000] {processor.py:153} INFO - Started process (PID=5197) to work on /home/airflow/.local/lib/python3.7/site-packages/airflow/example_dags/tutorial_taskflow_api.py
[2026-04-21T09:29:21.445+0000] {processor.py:743} INFO - Processing file /home/airflow/.local/lib/python3.7/site-packages/airflow/example_dags/tutorial_taskflow_api.py for tasks to queue
[2026-04-21T09:29:21.446+0000] {logging_mixin.py:137} INFO - [2026-04-21T09:29:21.446+0000] {dagbag.py:538} INFO - Filling up the DagBag from /home/airflow/.local/lib/python3.7/site-packages/airflow/example_dags/tutorial_taskflow_api.py
[2026-04-21T09:29:21.482+0000] {processor.py:753} INFO - DAG(s) dict_keys(['tutorial_taskflow_api']) retrieved from /home/airflow/.local/lib/python3.7/site-packages/airflow/example_dags/tutorial_taskflow_api.py
[2026-04-21T09:29:21.517+0000] {logging_mixin.py:137} INFO - [2026-04-21T09:29:21.516+0000] {dag.py:2690} INFO - Sync 1 DAGs
[2026-04-21T09:29:21.543+0000] {logging_mixin.py:137} INFO - [2026-04-21T09:29:21.543+0000] {dag.py:3441} INFO - Setting next_dagrun for tutorial_taskflow_api to None, run_after=None
[2026-04-21T09:29:21.574+0000] {processor.py:175} INFO - Processing /home/airflow/.local/lib/python3.7/site-packages/airflow/example_dags/tutorial_taskflow_api.py took 0.135 seconds
[2026-04-21T09:29:52.431+0000] {processor.py:153} INFO - Started process (PID=5310) to work on /home/airflow/.local/lib/python3.7/site-packages/airflow/example_dags/tutorial_taskflow_api.py
[2026-04-21T09:29:52.433+0000] {processor.py:743} INFO - Processing file /home/airflow/.local/lib/python3.7/site-packages/airflow/example_dags/tutorial_taskflow_api.py for tasks to queue
[2026-04-21T09:29:52.434+0000] {logging_mixin.py:137} INFO - [2026-04-21T09:29:52.434+0000] {dagbag.py:538} INFO - Filling up the DagBag from /home/airflow/.local/lib/python3.7/site-packages/airflow/example_dags/tutorial_taskflow_api.py
[2026-04-21T09:29:52.471+0000] {processor.py:753} INFO - DAG(s) dict_keys(['tutorial_taskflow_api']) retrieved from /home/airflow/.local/lib/python3.7/site-packages/airflow/example_dags/tutorial_taskflow_api.py
[2026-04-21T09:29:52.510+0000] {logging_mixin.py:137} INFO - [2026-04-21T09:29:52.509+0000] {dag.py:2690} INFO - Sync 1 DAGs
[2026-04-21T09:29:52.544+0000] {logging_mixin.py:137} INFO - [2026-04-21T09:29:52.544+0000] {dag.py:3441} INFO - Setting next_dagrun for tutorial_taskflow_api to None, run_after=None
[2026-04-21T09:29:52.585+0000] {processor.py:175} INFO - Processing /home/airflow/.local/lib/python3.7/site-packages/airflow/example_dags/tutorial_taskflow_api.py took 0.162 seconds
[2026-04-21T09:30:23.065+0000] {processor.py:153} INFO - Started process (PID=5398) to work on /home/airflow/.local/lib/python3.7/site-packages/airflow/example_dags/tutorial_taskflow_api.py
[2026-04-21T09:30:23.066+0000] {processor.py:743} INFO - Processing file /home/airflow/.local/lib/python3.7/site-packages/airflow/example_dags/tutorial_taskflow_api.py for tasks to queue
[2026-04-21T09:30:23.067+0000] {logging_mixin.py:137} INFO - [2026-04-21T09:30:23.067+0000] {dagbag.py:538} INFO - Filling up the DagBag from /home/airflow/.local/lib/python3.7/site-packages/airflow/example_dags/tutorial_taskflow_api.py
[2026-04-21T09:30:23.102+0000] {processor.py:753} INFO - DAG(s) dict_keys(['tutorial_taskflow_api']) retrieved from /home/airflow/.local/lib/python3.7/site-packages/airflow/example_dags/tutorial_taskflow_api.py
[2026-04-21T09:30:23.135+0000] {logging_mixin.py:137} INFO - [2026-04-21T09:30:23.135+0000] {dag.py:2690} INFO - Sync 1 DAGs
[2026-04-21T09:30:23.155+0000] {logging_mixin.py:137} INFO - [2026-04-21T09:30:23.155+0000] {dag.py:3441} INFO - Setting next_dagrun for tutorial_taskflow_api to None, run_after=None
[2026-04-21T09:30:23.181+0000] {processor.py:175} INFO - Processing /home/airflow/.local/lib/python3.7/site-packages/airflow/example_dags/tutorial_taskflow_api.py took 0.120 seconds
[2026-04-21T09:30:53.799+0000] {processor.py:153} INFO - Started process (PID=5511) to work on /home/airflow/.local/lib/python3.7/site-packages/airflow/example_dags/tutorial_taskflow_api.py
[2026-04-21T09:30:53.801+0000] {processor.py:743} INFO - Processing file /home/airflow/.local/lib/python3.7/site-packages/airflow/example_dags/tutorial_taskflow_api.py for tasks to queue
[2026-04-21T09:30:53.803+0000] {logging_mixin.py:137} INFO - [2026-04-21T09:30:53.802+0000] {dagbag.py:538} INFO - Filling up the DagBag from /home/airflow/.local/lib/python3.7/site-packages/airflow/example_dags/tutorial_taskflow_api.py
[2026-04-21T09:30:53.832+0000] {processor.py:753} INFO - DAG(s) dict_keys(['tutorial_taskflow_api']) retrieved from /home/airflow/.local/lib/python3.7/site-packages/airflow/example_dags/tutorial_taskflow_api.py
[2026-04-21T09:30:53.870+0000] {logging_mixin.py:137} INFO - [2026-04-21T09:30:53.869+0000] {dag.py:2690} INFO - Sync 1 DAGs
[2026-04-21T09:30:53.896+0000] {logging_mixin.py:137} INFO - [2026-04-21T09:30:53.896+0000] {dag.py:3441} INFO - Setting next_dagrun for tutorial_taskflow_api to None, run_after=None
[2026-04-21T09:30:53.925+0000] {processor.py:175} INFO - Processing /home/airflow/.local/lib/python3.7/site-packages/airflow/example_dags/tutorial_taskflow_api.py took 0.132 seconds
[2026-04-21T09:31:24.131+0000] {processor.py:153} INFO - Started process (PID=5599) to work on /home/airflow/.local/lib/python3.7/site-packages/airflow/example_dags/tutorial_taskflow_api.py
[2026-04-21T09:31:24.133+0000] {processor.py:743} INFO - Processing file /home/airflow/.local/lib/python3.7/site-packages/airflow/example_dags/tutorial_taskflow_api.py for tasks to queue
[2026-04-21T09:31:24.135+0000] {logging_mixin.py:137} INFO - [2026-04-21T09:31:24.134+0000] {dagbag.py:538} INFO - Filling up the DagBag from /home/airflow/.local/lib/python3.7/site-packages/airflow/example_dags/tutorial_taskflow_api.py
[2026-04-21T09:31:24.159+0000] {processor.py:753} INFO - DAG(s) dict_keys(['tutorial_taskflow_api']) retrieved from /home/airflow/.local/lib/python3.7/site-packages/airflow/example_dags/tutorial_taskflow_api.py
[2026-04-21T09:31:24.186+0000] {logging_mixin.py:137} INFO - [2026-04-21T09:31:24.186+0000] {dag.py:2690} INFO - Sync 1 DAGs
[2026-04-21T09:31:24.211+0000] {logging_mixin.py:137} INFO - [2026-04-21T09:31:24.211+0000] {dag.py:3441} INFO - Setting next_dagrun for tutorial_taskflow_api to None, run_after=None
[2026-04-21T09:31:24.248+0000] {processor.py:175} INFO - Processing /home/airflow/.local/lib/python3.7/site-packages/airflow/example_dags/tutorial_taskflow_api.py took 0.123 seconds
[2026-04-21T09:31:54.754+0000] {processor.py:153} INFO - Started process (PID=5711) to work on /home/airflow/.local/lib/python3.7/site-packages/airflow/example_dags/tutorial_taskflow_api.py
[2026-04-21T09:31:54.756+0000] {processor.py:743} INFO - Processing file /home/airflow/.local/lib/python3.7/site-packages/airflow/example_dags/tutorial_taskflow_api.py for tasks to queue
[2026-04-21T09:31:54.758+0000] {logging_mixin.py:137} INFO - [2026-04-21T09:31:54.757+0000] {dagbag.py:538} INFO - Filling up the DagBag from /home/airflow/.local/lib/python3.7/site-packages/airflow/example_dags/tutorial_taskflow_api.py
[2026-04-21T09:31:54.785+0000] {processor.py:753} INFO - DAG(s) dict_keys(['tutorial_taskflow_api']) retrieved from /home/airflow/.local/lib/python3.7/site-packages/airflow/example_dags/tutorial_taskflow_api.py
[2026-04-21T09:31:54.821+0000] {logging_mixin.py:137} INFO - [2026-04-21T09:31:54.820+0000] {dag.py:2690} INFO - Sync 1 DAGs
[2026-04-21T09:31:54.845+0000] {logging_mixin.py:137} INFO - [2026-04-21T09:31:54.845+0000] {dag.py:3441} INFO - Setting next_dagrun for tutorial_taskflow_api to None, run_after=None
[2026-04-21T09:31:54.877+0000] {processor.py:175} INFO - Processing /home/airflow/.local/lib/python3.7/site-packages/airflow/example_dags/tutorial_taskflow_api.py took 0.131 seconds
[2026-04-21T09:32:25.078+0000] {processor.py:153} INFO - Started process (PID=5800) to work on /home/airflow/.local/lib/python3.7/site-packages/airflow/example_dags/tutorial_taskflow_api.py
[2026-04-21T09:32:25.079+0000] {processor.py:743} INFO - Processing file /home/airflow/.local/lib/python3.7/site-packages/airflow/example_dags/tutorial_taskflow_api.py for tasks to queue
[2026-04-21T09:32:25.080+0000] {logging_mixin.py:137} INFO - [2026-04-21T09:32:25.080+0000] {dagbag.py:538} INFO - Filling up the DagBag from /home/airflow/.local/lib/python3.7/site-packages/airflow/example_dags/tutorial_taskflow_api.py
[2026-04-21T09:32:25.103+0000] {processor.py:753} INFO - DAG(s) dict_keys(['tutorial_taskflow_api']) retrieved from /home/airflow/.local/lib/python3.7/site-packages/airflow/example_dags/tutorial_taskflow_api.py
[2026-04-21T09:32:25.141+0000] {logging_mixin.py:137} INFO - [2026-04-21T09:32:25.141+0000] {dag.py:2690} INFO - Sync 1 DAGs
[2026-04-21T09:32:25.181+0000] {logging_mixin.py:137} INFO - [2026-04-21T09:32:25.180+0000] {dag.py:3441} INFO - Setting next_dagrun for tutorial_taskflow_api to None, run_after=None
[2026-04-21T09:32:25.211+0000] {processor.py:175} INFO - Processing /home/airflow/.local/lib/python3.7/site-packages/airflow/example_dags/tutorial_taskflow_api.py took 0.139 seconds
[2026-04-21T09:32:55.950+0000] {processor.py:153} INFO - Started process (PID=5913) to work on /home/airflow/.local/lib/python3.7/site-packages/airflow/example_dags/tutorial_taskflow_api.py
[2026-04-21T09:32:55.952+0000] {processor.py:743} INFO - Processing file /home/airflow/.local/lib/python3.7/site-packages/airflow/example_dags/tutorial_taskflow_api.py for tasks to queue
[2026-04-21T09:32:55.952+0000] {logging_mixin.py:137} INFO - [2026-04-21T09:32:55.952+0000] {dagbag.py:538} INFO - Filling up the DagBag from /home/airflow/.local/lib/python3.7/site-packages/airflow/example_dags/tutorial_taskflow_api.py
[2026-04-21T09:32:55.974+0000] {processor.py:753} INFO - DAG(s) dict_keys(['tutorial_taskflow_api']) retrieved from /home/airflow/.local/lib/python3.7/site-packages/airflow/example_dags/tutorial_taskflow_api.py
[2026-04-21T09:32:55.993+0000] {logging_mixin.py:137} INFO - [2026-04-21T09:32:55.993+0000] {dag.py:2690} INFO - Sync 1 DAGs
[2026-04-21T09:32:56.015+0000] {logging_mixin.py:137} INFO - [2026-04-21T09:32:56.015+0000] {dag.py:3441} INFO - Setting next_dagrun for tutorial_taskflow_api to None, run_after=None
[2026-04-21T09:32:56.053+0000] {processor.py:175} INFO - Processing /home/airflow/.local/lib/python3.7/site-packages/airflow/example_dags/tutorial_taskflow_api.py took 0.105 seconds
[2026-04-21T09:33:26.587+0000] {processor.py:153} INFO - Started process (PID=6001) to work on /home/airflow/.local/lib/python3.7/site-packages/airflow/example_dags/tutorial_taskflow_api.py
[2026-04-21T09:33:26.589+0000] {processor.py:743} INFO - Processing file /home/airflow/.local/lib/python3.7/site-packages/airflow/example_dags/tutorial_taskflow_api.py for tasks to queue
[2026-04-21T09:33:26.590+0000] {logging_mixin.py:137} INFO - [2026-04-21T09:33:26.590+0000] {dagbag.py:538} INFO - Filling up the DagBag from /home/airflow/.local/lib/python3.7/site-packages/airflow/example_dags/tutorial_taskflow_api.py
[2026-04-21T09:33:26.620+0000] {processor.py:753} INFO - DAG(s) dict_keys(['tutorial_taskflow_api']) retrieved from /home/airflow/.local/lib/python3.7/site-packages/airflow/example_dags/tutorial_taskflow_api.py
[2026-04-21T09:33:26.647+0000] {logging_mixin.py:137} INFO - [2026-04-21T09:33:26.647+0000] {dag.py:2690} INFO - Sync 1 DAGs
[2026-04-21T09:33:26.666+0000] {logging_mixin.py:137} INFO - [2026-04-21T09:33:26.666+0000] {dag.py:3441} INFO - Setting next_dagrun for tutorial_taskflow_api to None, run_after=None
[2026-04-21T09:33:26.698+0000] {processor.py:175} INFO - Processing /home/airflow/.local/lib/python3.7/site-packages/airflow/example_dags/tutorial_taskflow_api.py took 0.116 seconds
[2026-04-21T09:33:56.914+0000] {processor.py:153} INFO - Started process (PID=6113) to work on /home/airflow/.local/lib/python3.7/site-packages/airflow/example_dags/tutorial_taskflow_api.py
[2026-04-21T09:33:56.917+0000] {processor.py:743} INFO - Processing file /home/airflow/.local/lib/python3.7/site-packages/airflow/example_dags/tutorial_taskflow_api.py for tasks to queue
[2026-04-21T09:33:56.919+0000] {logging_mixin.py:137} INFO - [2026-04-21T09:33:56.919+0000] {dagbag.py:538} INFO - Filling up the DagBag from /home/airflow/.local/lib/python3.7/site-packages/airflow/example_dags/tutorial_taskflow_api.py
[2026-04-21T09:33:56.945+0000] {processor.py:753} INFO - DAG(s) dict_keys(['tutorial_taskflow_api']) retrieved from /home/airflow/.local/lib/python3.7/site-packages/airflow/example_dags/tutorial_taskflow_api.py
[2026-04-21T09:33:56.978+0000] {logging_mixin.py:137} INFO - [2026-04-21T09:33:56.978+0000] {dag.py:2690} INFO - Sync 1 DAGs
[2026-04-21T09:33:56.999+0000] {logging_mixin.py:137} INFO - [2026-04-21T09:33:56.999+0000] {dag.py:3441} INFO - Setting next_dagrun for tutorial_taskflow_api to None, run_after=None
[2026-04-21T09:33:57.024+0000] {processor.py:175} INFO - Processing /home/airflow/.local/lib/python3.7/site-packages/airflow/example_dags/tutorial_taskflow_api.py took 0.117 seconds
[2026-04-21T09:34:27.298+0000] {processor.py:153} INFO - Started process (PID=6201) to work on /home/airflow/.local/lib/python3.7/site-packages/airflow/example_dags/tutorial_taskflow_api.py
[2026-04-21T09:34:27.305+0000] {processor.py:743} INFO - Processing file /home/airflow/.local/lib/python3.7/site-packages/airflow/example_dags/tutorial_taskflow_api.py for tasks to queue
[2026-04-21T09:34:27.307+0000] {logging_mixin.py:137} INFO - [2026-04-21T09:34:27.307+0000] {dagbag.py:538} INFO - Filling up the DagBag from /home/airflow/.local/lib/python3.7/site-packages/airflow/example_dags/tutorial_taskflow_api.py
[2026-04-21T09:34:27.325+0000] {processor.py:753} INFO - DAG(s) dict_keys(['tutorial_taskflow_api']) retrieved from /home/airflow/.local/lib/python3.7/site-packages/airflow/example_dags/tutorial_taskflow_api.py
[2026-04-21T09:34:27.342+0000] {logging_mixin.py:137} INFO - [2026-04-21T09:34:27.342+0000] {dag.py:2690} INFO - Sync 1 DAGs
[2026-04-21T09:34:27.367+0000] {logging_mixin.py:137} INFO - [2026-04-21T09:34:27.367+0000] {dag.py:3441} INFO - Setting next_dagrun for tutorial_taskflow_api to None, run_after=None
[2026-04-21T09:34:27.389+0000] {processor.py:175} INFO - Processing /home/airflow/.local/lib/python3.7/site-packages/airflow/example_dags/tutorial_taskflow_api.py took 0.098 seconds
[2026-04-21T09:34:58.004+0000] {processor.py:153} INFO - Started process (PID=6313) to work on /home/airflow/.local/lib/python3.7/site-packages/airflow/example_dags/tutorial_taskflow_api.py
[2026-04-21T09:34:58.006+0000] {processor.py:743} INFO - Processing file /home/airflow/.local/lib/python3.7/site-packages/airflow/example_dags/tutorial_taskflow_api.py for tasks to queue
[2026-04-21T09:34:58.008+0000] {logging_mixin.py:137} INFO - [2026-04-21T09:34:58.008+0000] {dagbag.py:538} INFO - Filling up the DagBag from /home/airflow/.local/lib/python3.7/site-packages/airflow/example_dags/tutorial_taskflow_api.py
[2026-04-21T09:34:58.034+0000] {processor.py:753} INFO - DAG(s) dict_keys(['tutorial_taskflow_api']) retrieved from /home/airflow/.local/lib/python3.7/site-packages/airflow/example_dags/tutorial_taskflow_api.py
[2026-04-21T09:34:58.067+0000] {logging_mixin.py:137} INFO - [2026-04-21T09:34:58.067+0000] {dag.py:2690} INFO - Sync 1 DAGs
[2026-04-21T09:34:58.089+0000] {logging_mixin.py:137} INFO - [2026-04-21T09:34:58.088+0000] {dag.py:3441} INFO - Setting next_dagrun for tutorial_taskflow_api to None, run_after=None
[2026-04-21T09:34:58.108+0000] {processor.py:175} INFO - Processing /home/airflow/.local/lib/python3.7/site-packages/airflow/example_dags/tutorial_taskflow_api.py took 0.108 seconds
[2026-04-21T09:35:28.373+0000] {processor.py:153} INFO - Started process (PID=6401) to work on /home/airflow/.local/lib/python3.7/site-packages/airflow/example_dags/tutorial_taskflow_api.py
[2026-04-21T09:35:28.375+0000] {processor.py:743} INFO - Processing file /home/airflow/.local/lib/python3.7/site-packages/airflow/example_dags/tutorial_taskflow_api.py for tasks to queue
[2026-04-21T09:35:28.376+0000] {logging_mixin.py:137} INFO - [2026-04-21T09:35:28.376+0000] {dagbag.py:538} INFO - Filling up the DagBag from /home/airflow/.local/lib/python3.7/site-packages/airflow/example_dags/tutorial_taskflow_api.py
[2026-04-21T09:35:28.400+0000] {processor.py:753} INFO - DAG(s) dict_keys(['tutorial_taskflow_api']) retrieved from /home/airflow/.local/lib/python3.7/site-packages/airflow/example_dags/tutorial_taskflow_api.py
[2026-04-21T09:35:28.435+0000] {logging_mixin.py:137} INFO - [2026-04-21T09:35:28.434+0000] {dag.py:2690} INFO - Sync 1 DAGs
[2026-04-21T09:35:28.466+0000] {logging_mixin.py:137} INFO - [2026-04-21T09:35:28.465+0000] {dag.py:3441} INFO - Setting next_dagrun for tutorial_taskflow_api to None, run_after=None
[2026-04-21T09:35:28.498+0000] {processor.py:175} INFO - Processing /home/airflow/.local/lib/python3.7/site-packages/airflow/example_dags/tutorial_taskflow_api.py took 0.131 seconds
[2026-04-21T09:35:58.596+0000] {processor.py:153} INFO - Started process (PID=6513) to work on /home/airflow/.local/lib/python3.7/site-packages/airflow/example_dags/tutorial_taskflow_api.py
[2026-04-21T09:35:58.598+0000] {processor.py:743} INFO - Processing file /home/airflow/.local/lib/python3.7/site-packages/airflow/example_dags/tutorial_taskflow_api.py for tasks to queue
[2026-04-21T09:35:58.599+0000] {logging_mixin.py:137} INFO - [2026-04-21T09:35:58.599+0000] {dagbag.py:538} INFO - Filling up the DagBag from /home/airflow/.local/lib/python3.7/site-packages/airflow/example_dags/tutorial_taskflow_api.py
[2026-04-21T09:35:58.621+0000] {processor.py:753} INFO - DAG(s) dict_keys(['tutorial_taskflow_api']) retrieved from /home/airflow/.local/lib/python3.7/site-packages/airflow/example_dags/tutorial_taskflow_api.py
[2026-04-21T09:35:58.651+0000] {logging_mixin.py:137} INFO - [2026-04-21T09:35:58.651+0000] {dag.py:2690} INFO - Sync 1 DAGs
[2026-04-21T09:35:58.674+0000] {logging_mixin.py:137} INFO - [2026-04-21T09:35:58.674+0000] {dag.py:3441} INFO - Setting next_dagrun for tutorial_taskflow_api to None, run_after=None
[2026-04-21T09:35:58.697+0000] {processor.py:175} INFO - Processing /home/airflow/.local/lib/python3.7/site-packages/airflow/example_dags/tutorial_taskflow_api.py took 0.108 seconds
[2026-04-21T09:36:29.174+0000] {processor.py:153} INFO - Started process (PID=6601) to work on /home/airflow/.local/lib/python3.7/site-packages/airflow/example_dags/tutorial_taskflow_api.py
[2026-04-21T09:36:29.175+0000] {processor.py:743} INFO - Processing file /home/airflow/.local/lib/python3.7/site-packages/airflow/example_dags/tutorial_taskflow_api.py for tasks to queue
[2026-04-21T09:36:29.177+0000] {logging_mixin.py:137} INFO - [2026-04-21T09:36:29.177+0000] {dagbag.py:538} INFO - Filling up the DagBag from /home/airflow/.local/lib/python3.7/site-packages/airflow/example_dags/tutorial_taskflow_api.py
[2026-04-21T09:36:29.199+0000] {processor.py:753} INFO - DAG(s) dict_keys(['tutorial_taskflow_api']) retrieved from /home/airflow/.local/lib/python3.7/site-packages/airflow/example_dags/tutorial_taskflow_api.py
[2026-04-21T09:36:29.232+0000] {logging_mixin.py:137} INFO - [2026-04-21T09:36:29.232+0000] {dag.py:2690} INFO - Sync 1 DAGs
[2026-04-21T09:36:29.255+0000] {logging_mixin.py:137} INFO - [2026-04-21T09:36:29.255+0000] {dag.py:3441} INFO - Setting next_dagrun for tutorial_taskflow_api to None, run_after=None
[2026-04-21T09:36:29.278+0000] {processor.py:175} INFO - Processing /home/airflow/.local/lib/python3.7/site-packages/airflow/example_dags/tutorial_taskflow_api.py took 0.109 seconds
[2026-04-21T09:36:59.423+0000] {processor.py:153} INFO - Started process (PID=6713) to work on /home/airflow/.local/lib/python3.7/site-packages/airflow/example_dags/tutorial_taskflow_api.py
[2026-04-21T09:36:59.424+0000] {processor.py:743} INFO - Processing file /home/airflow/.local/lib/python3.7/site-packages/airflow/example_dags/tutorial_taskflow_api.py for tasks to queue
[2026-04-21T09:36:59.426+0000] {logging_mixin.py:137} INFO - [2026-04-21T09:36:59.426+0000] {dagbag.py:538} INFO - Filling up the DagBag from /home/airflow/.local/lib/python3.7/site-packages/airflow/example_dags/tutorial_taskflow_api.py
[2026-04-21T09:36:59.448+0000] {processor.py:753} INFO - DAG(s) dict_keys(['tutorial_taskflow_api']) retrieved from /home/airflow/.local/lib/python3.7/site-packages/airflow/example_dags/tutorial_taskflow_api.py
[2026-04-21T09:36:59.461+0000] {logging_mixin.py:137} INFO - [2026-04-21T09:36:59.460+0000] {dag.py:2690} INFO - Sync 1 DAGs
[2026-04-21T09:36:59.482+0000] {logging_mixin.py:137} INFO - [2026-04-21T09:36:59.482+0000] {dag.py:3441} INFO - Setting next_dagrun for tutorial_taskflow_api to None, run_after=None
[2026-04-21T09:36:59.504+0000] {processor.py:175} INFO - Processing /home/airflow/.local/lib/python3.7/site-packages/airflow/example_dags/tutorial_taskflow_api.py took 0.085 seconds
[2026-04-21T09:37:30.388+0000] {processor.py:153} INFO - Started process (PID=6800) to work on /home/airflow/.local/lib/python3.7/site-packages/airflow/example_dags/tutorial_taskflow_api.py
[2026-04-21T09:37:30.391+0000] {processor.py:743} INFO - Processing file /home/airflow/.local/lib/python3.7/site-packages/airflow/example_dags/tutorial_taskflow_api.py for tasks to queue
[2026-04-21T09:37:30.393+0000] {logging_mixin.py:137} INFO - [2026-04-21T09:37:30.393+0000] {dagbag.py:538} INFO - Filling up the DagBag from /home/airflow/.local/lib/python3.7/site-packages/airflow/example_dags/tutorial_taskflow_api.py
[2026-04-21T09:37:30.415+0000] {processor.py:753} INFO - DAG(s) dict_keys(['tutorial_taskflow_api']) retrieved from /home/airflow/.local/lib/python3.7/site-packages/airflow/example_dags/tutorial_taskflow_api.py
[2026-04-21T09:37:30.448+0000] {logging_mixin.py:137} INFO - [2026-04-21T09:37:30.448+0000] {dag.py:2690} INFO - Sync 1 DAGs
[2026-04-21T09:37:30.476+0000] {logging_mixin.py:137} INFO - [2026-04-21T09:37:30.476+0000] {dag.py:3441} INFO - Setting next_dagrun for tutorial_taskflow_api to None, run_after=None
[2026-04-21T09:37:30.510+0000] {processor.py:175} INFO - Processing /home/airflow/.local/lib/python3.7/site-packages/airflow/example_dags/tutorial_taskflow_api.py took 0.128 seconds
[2026-04-21T09:38:00.770+0000] {processor.py:153} INFO - Started process (PID=6913) to work on /home/airflow/.local/lib/python3.7/site-packages/airflow/example_dags/tutorial_taskflow_api.py
[2026-04-21T09:38:00.771+0000] {processor.py:743} INFO - Processing file /home/airflow/.local/lib/python3.7/site-packages/airflow/example_dags/tutorial_taskflow_api.py for tasks to queue
[2026-04-21T09:38:00.772+0000] {logging_mixin.py:137} INFO - [2026-04-21T09:38:00.772+0000] {dagbag.py:538} INFO - Filling up the DagBag from /home/airflow/.local/lib/python3.7/site-packages/airflow/example_dags/tutorial_taskflow_api.py
[2026-04-21T09:38:00.799+0000] {processor.py:753} INFO - DAG(s) dict_keys(['tutorial_taskflow_api']) retrieved from /home/airflow/.local/lib/python3.7/site-packages/airflow/example_dags/tutorial_taskflow_api.py
[2026-04-21T09:38:00.827+0000] {logging_mixin.py:137} INFO - [2026-04-21T09:38:00.827+0000] {dag.py:2690} INFO - Sync 1 DAGs
[2026-04-21T09:38:00.848+0000] {logging_mixin.py:137} INFO - [2026-04-21T09:38:00.848+0000] {dag.py:3441} INFO - Setting next_dagrun for tutorial_taskflow_api to None, run_after=None
[2026-04-21T09:38:00.869+0000] {processor.py:175} INFO - Processing /home/airflow/.local/lib/python3.7/site-packages/airflow/example_dags/tutorial_taskflow_api.py took 0.102 seconds
