[2026-05-16T10:42:59.108+0000] {processor.py:161} INFO - Started process (PID=79882) to work on /home/airflow/.local/lib/python3.12/site-packages/airflow/example_dags/example_xcom.py
[2026-05-16T10:42:59.109+0000] {processor.py:830} INFO - Processing file /home/airflow/.local/lib/python3.12/site-packages/airflow/example_dags/example_xcom.py for tasks to queue
[2026-05-16T10:42:59.112+0000] {logging_mixin.py:188} INFO - [2026-05-16T10:42:59.112+0000] {dagbag.py:545} INFO - Filling up the DagBag from /home/airflow/.local/lib/python3.12/site-packages/airflow/example_dags/example_xcom.py
[2026-05-16T10:42:59.119+0000] {processor.py:840} INFO - DAG(s) 'example_xcom' retrieved from /home/airflow/.local/lib/python3.12/site-packages/airflow/example_dags/example_xcom.py
[2026-05-16T10:42:59.145+0000] {logging_mixin.py:188} INFO - [2026-05-16T10:42:59.144+0000] {dag.py:3089} INFO - Sync 1 DAGs
[2026-05-16T10:42:59.174+0000] {logging_mixin.py:188} INFO - [2026-05-16T10:42:59.174+0000] {dag.py:3947} INFO - Setting next_dagrun for example_xcom to 2021-01-01 00:00:00+00:00, run_after=2021-01-01 00:00:00+00:00
[2026-05-16T10:42:59.203+0000] {processor.py:183} INFO - Processing /home/airflow/.local/lib/python3.12/site-packages/airflow/example_dags/example_xcom.py took 0.102 seconds
[2026-05-16T10:43:29.952+0000] {processor.py:161} INFO - Started process (PID=79949) to work on /home/airflow/.local/lib/python3.12/site-packages/airflow/example_dags/example_xcom.py
[2026-05-16T10:43:29.954+0000] {processor.py:830} INFO - Processing file /home/airflow/.local/lib/python3.12/site-packages/airflow/example_dags/example_xcom.py for tasks to queue
[2026-05-16T10:43:29.957+0000] {logging_mixin.py:188} INFO - [2026-05-16T10:43:29.957+0000] {dagbag.py:545} INFO - Filling up the DagBag from /home/airflow/.local/lib/python3.12/site-packages/airflow/example_dags/example_xcom.py
[2026-05-16T10:43:29.965+0000] {processor.py:840} INFO - DAG(s) 'example_xcom' retrieved from /home/airflow/.local/lib/python3.12/site-packages/airflow/example_dags/example_xcom.py
[2026-05-16T10:43:29.997+0000] {logging_mixin.py:188} INFO - [2026-05-16T10:43:29.996+0000] {dag.py:3089} INFO - Sync 1 DAGs
[2026-05-16T10:43:30.014+0000] {logging_mixin.py:188} INFO - [2026-05-16T10:43:30.014+0000] {dag.py:3947} INFO - Setting next_dagrun for example_xcom to 2021-01-01 00:00:00+00:00, run_after=2021-01-01 00:00:00+00:00
[2026-05-16T10:43:30.050+0000] {processor.py:183} INFO - Processing /home/airflow/.local/lib/python3.12/site-packages/airflow/example_dags/example_xcom.py took 0.103 seconds
[2026-05-16T10:44:00.703+0000] {processor.py:161} INFO - Started process (PID=80024) to work on /home/airflow/.local/lib/python3.12/site-packages/airflow/example_dags/example_xcom.py
[2026-05-16T10:44:00.706+0000] {processor.py:830} INFO - Processing file /home/airflow/.local/lib/python3.12/site-packages/airflow/example_dags/example_xcom.py for tasks to queue
[2026-05-16T10:44:00.708+0000] {logging_mixin.py:188} INFO - [2026-05-16T10:44:00.708+0000] {dagbag.py:545} INFO - Filling up the DagBag from /home/airflow/.local/lib/python3.12/site-packages/airflow/example_dags/example_xcom.py
[2026-05-16T10:44:00.716+0000] {processor.py:840} INFO - DAG(s) 'example_xcom' retrieved from /home/airflow/.local/lib/python3.12/site-packages/airflow/example_dags/example_xcom.py
[2026-05-16T10:44:00.740+0000] {logging_mixin.py:188} INFO - [2026-05-16T10:44:00.740+0000] {dag.py:3089} INFO - Sync 1 DAGs
[2026-05-16T10:44:00.756+0000] {logging_mixin.py:188} INFO - [2026-05-16T10:44:00.755+0000] {dag.py:3947} INFO - Setting next_dagrun for example_xcom to 2021-01-01 00:00:00+00:00, run_after=2021-01-01 00:00:00+00:00
[2026-05-16T10:44:00.788+0000] {processor.py:183} INFO - Processing /home/airflow/.local/lib/python3.12/site-packages/airflow/example_dags/example_xcom.py took 0.090 seconds
[2026-05-16T10:44:31.670+0000] {processor.py:161} INFO - Started process (PID=80092) to work on /home/airflow/.local/lib/python3.12/site-packages/airflow/example_dags/example_xcom.py
[2026-05-16T10:44:31.672+0000] {processor.py:830} INFO - Processing file /home/airflow/.local/lib/python3.12/site-packages/airflow/example_dags/example_xcom.py for tasks to queue
[2026-05-16T10:44:31.676+0000] {logging_mixin.py:188} INFO - [2026-05-16T10:44:31.676+0000] {dagbag.py:545} INFO - Filling up the DagBag from /home/airflow/.local/lib/python3.12/site-packages/airflow/example_dags/example_xcom.py
[2026-05-16T10:44:31.694+0000] {processor.py:840} INFO - DAG(s) 'example_xcom' retrieved from /home/airflow/.local/lib/python3.12/site-packages/airflow/example_dags/example_xcom.py
[2026-05-16T10:44:31.737+0000] {logging_mixin.py:188} INFO - [2026-05-16T10:44:31.737+0000] {dag.py:3089} INFO - Sync 1 DAGs
[2026-05-16T10:44:31.772+0000] {logging_mixin.py:188} INFO - [2026-05-16T10:44:31.771+0000] {dag.py:3947} INFO - Setting next_dagrun for example_xcom to 2021-01-01 00:00:00+00:00, run_after=2021-01-01 00:00:00+00:00
[2026-05-16T10:44:31.831+0000] {processor.py:183} INFO - Processing /home/airflow/.local/lib/python3.12/site-packages/airflow/example_dags/example_xcom.py took 0.172 seconds
[2026-05-16T10:45:02.511+0000] {processor.py:161} INFO - Started process (PID=80160) to work on /home/airflow/.local/lib/python3.12/site-packages/airflow/example_dags/example_xcom.py
[2026-05-16T10:45:02.513+0000] {processor.py:830} INFO - Processing file /home/airflow/.local/lib/python3.12/site-packages/airflow/example_dags/example_xcom.py for tasks to queue
[2026-05-16T10:45:02.516+0000] {logging_mixin.py:188} INFO - [2026-05-16T10:45:02.515+0000] {dagbag.py:545} INFO - Filling up the DagBag from /home/airflow/.local/lib/python3.12/site-packages/airflow/example_dags/example_xcom.py
[2026-05-16T10:45:02.530+0000] {processor.py:840} INFO - DAG(s) 'example_xcom' retrieved from /home/airflow/.local/lib/python3.12/site-packages/airflow/example_dags/example_xcom.py
[2026-05-16T10:45:02.573+0000] {logging_mixin.py:188} INFO - [2026-05-16T10:45:02.572+0000] {dag.py:3089} INFO - Sync 1 DAGs
[2026-05-16T10:45:02.612+0000] {logging_mixin.py:188} INFO - [2026-05-16T10:45:02.611+0000] {dag.py:3947} INFO - Setting next_dagrun for example_xcom to 2021-01-01 00:00:00+00:00, run_after=2021-01-01 00:00:00+00:00
[2026-05-16T10:45:02.646+0000] {processor.py:183} INFO - Processing /home/airflow/.local/lib/python3.12/site-packages/airflow/example_dags/example_xcom.py took 0.149 seconds
[2026-05-16T10:45:33.687+0000] {processor.py:161} INFO - Started process (PID=80235) to work on /home/airflow/.local/lib/python3.12/site-packages/airflow/example_dags/example_xcom.py
[2026-05-16T10:45:33.689+0000] {processor.py:830} INFO - Processing file /home/airflow/.local/lib/python3.12/site-packages/airflow/example_dags/example_xcom.py for tasks to queue
[2026-05-16T10:45:33.693+0000] {logging_mixin.py:188} INFO - [2026-05-16T10:45:33.692+0000] {dagbag.py:545} INFO - Filling up the DagBag from /home/airflow/.local/lib/python3.12/site-packages/airflow/example_dags/example_xcom.py
[2026-05-16T10:45:33.709+0000] {processor.py:840} INFO - DAG(s) 'example_xcom' retrieved from /home/airflow/.local/lib/python3.12/site-packages/airflow/example_dags/example_xcom.py
[2026-05-16T10:45:33.762+0000] {logging_mixin.py:188} INFO - [2026-05-16T10:45:33.762+0000] {dag.py:3089} INFO - Sync 1 DAGs
[2026-05-16T10:45:33.812+0000] {logging_mixin.py:188} INFO - [2026-05-16T10:45:33.811+0000] {dag.py:3947} INFO - Setting next_dagrun for example_xcom to 2021-01-01 00:00:00+00:00, run_after=2021-01-01 00:00:00+00:00
[2026-05-16T10:45:33.870+0000] {processor.py:183} INFO - Processing /home/airflow/.local/lib/python3.12/site-packages/airflow/example_dags/example_xcom.py took 0.196 seconds
[2026-05-16T10:46:04.795+0000] {processor.py:161} INFO - Started process (PID=80303) to work on /home/airflow/.local/lib/python3.12/site-packages/airflow/example_dags/example_xcom.py
[2026-05-16T10:46:04.796+0000] {processor.py:830} INFO - Processing file /home/airflow/.local/lib/python3.12/site-packages/airflow/example_dags/example_xcom.py for tasks to queue
[2026-05-16T10:46:04.800+0000] {logging_mixin.py:188} INFO - [2026-05-16T10:46:04.799+0000] {dagbag.py:545} INFO - Filling up the DagBag from /home/airflow/.local/lib/python3.12/site-packages/airflow/example_dags/example_xcom.py
[2026-05-16T10:46:04.812+0000] {processor.py:840} INFO - DAG(s) 'example_xcom' retrieved from /home/airflow/.local/lib/python3.12/site-packages/airflow/example_dags/example_xcom.py
[2026-05-16T10:46:04.845+0000] {logging_mixin.py:188} INFO - [2026-05-16T10:46:04.844+0000] {dag.py:3089} INFO - Sync 1 DAGs
[2026-05-16T10:46:04.877+0000] {logging_mixin.py:188} INFO - [2026-05-16T10:46:04.876+0000] {dag.py:3947} INFO - Setting next_dagrun for example_xcom to 2021-01-01 00:00:00+00:00, run_after=2021-01-01 00:00:00+00:00
[2026-05-16T10:46:04.911+0000] {processor.py:183} INFO - Processing /home/airflow/.local/lib/python3.12/site-packages/airflow/example_dags/example_xcom.py took 0.129 seconds
[2026-05-16T10:46:35.403+0000] {processor.py:161} INFO - Started process (PID=80371) to work on /home/airflow/.local/lib/python3.12/site-packages/airflow/example_dags/example_xcom.py
[2026-05-16T10:46:35.405+0000] {processor.py:830} INFO - Processing file /home/airflow/.local/lib/python3.12/site-packages/airflow/example_dags/example_xcom.py for tasks to queue
[2026-05-16T10:46:35.408+0000] {logging_mixin.py:188} INFO - [2026-05-16T10:46:35.407+0000] {dagbag.py:545} INFO - Filling up the DagBag from /home/airflow/.local/lib/python3.12/site-packages/airflow/example_dags/example_xcom.py
[2026-05-16T10:46:35.421+0000] {processor.py:840} INFO - DAG(s) 'example_xcom' retrieved from /home/airflow/.local/lib/python3.12/site-packages/airflow/example_dags/example_xcom.py
[2026-05-16T10:46:35.454+0000] {logging_mixin.py:188} INFO - [2026-05-16T10:46:35.454+0000] {dag.py:3089} INFO - Sync 1 DAGs
[2026-05-16T10:46:35.498+0000] {logging_mixin.py:188} INFO - [2026-05-16T10:46:35.498+0000] {dag.py:3947} INFO - Setting next_dagrun for example_xcom to 2021-01-01 00:00:00+00:00, run_after=2021-01-01 00:00:00+00:00
[2026-05-16T10:46:35.534+0000] {processor.py:183} INFO - Processing /home/airflow/.local/lib/python3.12/site-packages/airflow/example_dags/example_xcom.py took 0.141 seconds
[2026-05-16T10:47:06.241+0000] {processor.py:161} INFO - Started process (PID=80439) to work on /home/airflow/.local/lib/python3.12/site-packages/airflow/example_dags/example_xcom.py
[2026-05-16T10:47:06.243+0000] {processor.py:830} INFO - Processing file /home/airflow/.local/lib/python3.12/site-packages/airflow/example_dags/example_xcom.py for tasks to queue
[2026-05-16T10:47:06.247+0000] {logging_mixin.py:188} INFO - [2026-05-16T10:47:06.247+0000] {dagbag.py:545} INFO - Filling up the DagBag from /home/airflow/.local/lib/python3.12/site-packages/airflow/example_dags/example_xcom.py
[2026-05-16T10:47:06.259+0000] {processor.py:840} INFO - DAG(s) 'example_xcom' retrieved from /home/airflow/.local/lib/python3.12/site-packages/airflow/example_dags/example_xcom.py
[2026-05-16T10:47:06.305+0000] {logging_mixin.py:188} INFO - [2026-05-16T10:47:06.304+0000] {dag.py:3089} INFO - Sync 1 DAGs
[2026-05-16T10:47:06.348+0000] {logging_mixin.py:188} INFO - [2026-05-16T10:47:06.347+0000] {dag.py:3947} INFO - Setting next_dagrun for example_xcom to 2021-01-01 00:00:00+00:00, run_after=2021-01-01 00:00:00+00:00
[2026-05-16T10:47:06.386+0000] {processor.py:183} INFO - Processing /home/airflow/.local/lib/python3.12/site-packages/airflow/example_dags/example_xcom.py took 0.158 seconds
[2026-05-16T10:47:36.828+0000] {processor.py:161} INFO - Started process (PID=80507) to work on /home/airflow/.local/lib/python3.12/site-packages/airflow/example_dags/example_xcom.py
[2026-05-16T10:47:36.830+0000] {processor.py:830} INFO - Processing file /home/airflow/.local/lib/python3.12/site-packages/airflow/example_dags/example_xcom.py for tasks to queue
[2026-05-16T10:47:36.834+0000] {logging_mixin.py:188} INFO - [2026-05-16T10:47:36.833+0000] {dagbag.py:545} INFO - Filling up the DagBag from /home/airflow/.local/lib/python3.12/site-packages/airflow/example_dags/example_xcom.py
[2026-05-16T10:47:36.847+0000] {processor.py:840} INFO - DAG(s) 'example_xcom' retrieved from /home/airflow/.local/lib/python3.12/site-packages/airflow/example_dags/example_xcom.py
[2026-05-16T10:47:36.884+0000] {logging_mixin.py:188} INFO - [2026-05-16T10:47:36.883+0000] {dag.py:3089} INFO - Sync 1 DAGs
[2026-05-16T10:47:36.917+0000] {logging_mixin.py:188} INFO - [2026-05-16T10:47:36.916+0000] {dag.py:3947} INFO - Setting next_dagrun for example_xcom to 2021-01-01 00:00:00+00:00, run_after=2021-01-01 00:00:00+00:00
[2026-05-16T10:47:36.956+0000] {processor.py:183} INFO - Processing /home/airflow/.local/lib/python3.12/site-packages/airflow/example_dags/example_xcom.py took 0.138 seconds
[2026-05-16T10:48:08.393+0000] {processor.py:161} INFO - Started process (PID=80576) to work on /home/airflow/.local/lib/python3.12/site-packages/airflow/example_dags/example_xcom.py
[2026-05-16T10:48:08.395+0000] {processor.py:830} INFO - Processing file /home/airflow/.local/lib/python3.12/site-packages/airflow/example_dags/example_xcom.py for tasks to queue
[2026-05-16T10:48:08.398+0000] {logging_mixin.py:188} INFO - [2026-05-16T10:48:08.398+0000] {dagbag.py:545} INFO - Filling up the DagBag from /home/airflow/.local/lib/python3.12/site-packages/airflow/example_dags/example_xcom.py
[2026-05-16T10:48:08.412+0000] {processor.py:840} INFO - DAG(s) 'example_xcom' retrieved from /home/airflow/.local/lib/python3.12/site-packages/airflow/example_dags/example_xcom.py
[2026-05-16T10:48:08.448+0000] {logging_mixin.py:188} INFO - [2026-05-16T10:48:08.448+0000] {dag.py:3089} INFO - Sync 1 DAGs
[2026-05-16T10:48:08.481+0000] {logging_mixin.py:188} INFO - [2026-05-16T10:48:08.481+0000] {dag.py:3947} INFO - Setting next_dagrun for example_xcom to 2021-01-01 00:00:00+00:00, run_after=2021-01-01 00:00:00+00:00
[2026-05-16T10:48:08.516+0000] {processor.py:183} INFO - Processing /home/airflow/.local/lib/python3.12/site-packages/airflow/example_dags/example_xcom.py took 0.132 seconds
[2026-05-16T10:48:38.703+0000] {processor.py:161} INFO - Started process (PID=80644) to work on /home/airflow/.local/lib/python3.12/site-packages/airflow/example_dags/example_xcom.py
[2026-05-16T10:48:38.706+0000] {processor.py:830} INFO - Processing file /home/airflow/.local/lib/python3.12/site-packages/airflow/example_dags/example_xcom.py for tasks to queue
[2026-05-16T10:48:38.711+0000] {logging_mixin.py:188} INFO - [2026-05-16T10:48:38.710+0000] {dagbag.py:545} INFO - Filling up the DagBag from /home/airflow/.local/lib/python3.12/site-packages/airflow/example_dags/example_xcom.py
[2026-05-16T10:48:38.728+0000] {processor.py:840} INFO - DAG(s) 'example_xcom' retrieved from /home/airflow/.local/lib/python3.12/site-packages/airflow/example_dags/example_xcom.py
[2026-05-16T10:48:38.766+0000] {logging_mixin.py:188} INFO - [2026-05-16T10:48:38.765+0000] {dag.py:3089} INFO - Sync 1 DAGs
[2026-05-16T10:48:38.800+0000] {logging_mixin.py:188} INFO - [2026-05-16T10:48:38.800+0000] {dag.py:3947} INFO - Setting next_dagrun for example_xcom to 2021-01-01 00:00:00+00:00, run_after=2021-01-01 00:00:00+00:00
[2026-05-16T10:48:38.831+0000] {processor.py:183} INFO - Processing /home/airflow/.local/lib/python3.12/site-packages/airflow/example_dags/example_xcom.py took 0.141 seconds
[2026-05-16T10:49:09.461+0000] {processor.py:161} INFO - Started process (PID=80711) to work on /home/airflow/.local/lib/python3.12/site-packages/airflow/example_dags/example_xcom.py
[2026-05-16T10:49:09.464+0000] {processor.py:830} INFO - Processing file /home/airflow/.local/lib/python3.12/site-packages/airflow/example_dags/example_xcom.py for tasks to queue
[2026-05-16T10:49:09.470+0000] {logging_mixin.py:188} INFO - [2026-05-16T10:49:09.469+0000] {dagbag.py:545} INFO - Filling up the DagBag from /home/airflow/.local/lib/python3.12/site-packages/airflow/example_dags/example_xcom.py
[2026-05-16T10:49:09.489+0000] {processor.py:840} INFO - DAG(s) 'example_xcom' retrieved from /home/airflow/.local/lib/python3.12/site-packages/airflow/example_dags/example_xcom.py
[2026-05-16T10:49:09.533+0000] {logging_mixin.py:188} INFO - [2026-05-16T10:49:09.532+0000] {dag.py:3089} INFO - Sync 1 DAGs
[2026-05-16T10:49:09.571+0000] {logging_mixin.py:188} INFO - [2026-05-16T10:49:09.571+0000] {dag.py:3947} INFO - Setting next_dagrun for example_xcom to 2021-01-01 00:00:00+00:00, run_after=2021-01-01 00:00:00+00:00
[2026-05-16T10:49:09.744+0000] {processor.py:183} INFO - Processing /home/airflow/.local/lib/python3.12/site-packages/airflow/example_dags/example_xcom.py took 0.298 seconds
[2026-05-16T10:49:39.988+0000] {processor.py:161} INFO - Started process (PID=80786) to work on /home/airflow/.local/lib/python3.12/site-packages/airflow/example_dags/example_xcom.py
[2026-05-16T10:49:39.990+0000] {processor.py:830} INFO - Processing file /home/airflow/.local/lib/python3.12/site-packages/airflow/example_dags/example_xcom.py for tasks to queue
[2026-05-16T10:49:39.995+0000] {logging_mixin.py:188} INFO - [2026-05-16T10:49:39.994+0000] {dagbag.py:545} INFO - Filling up the DagBag from /home/airflow/.local/lib/python3.12/site-packages/airflow/example_dags/example_xcom.py
[2026-05-16T10:49:40.007+0000] {processor.py:840} INFO - DAG(s) 'example_xcom' retrieved from /home/airflow/.local/lib/python3.12/site-packages/airflow/example_dags/example_xcom.py
[2026-05-16T10:49:40.043+0000] {logging_mixin.py:188} INFO - [2026-05-16T10:49:40.042+0000] {dag.py:3089} INFO - Sync 1 DAGs
[2026-05-16T10:49:40.075+0000] {logging_mixin.py:188} INFO - [2026-05-16T10:49:40.075+0000] {dag.py:3947} INFO - Setting next_dagrun for example_xcom to 2021-01-01 00:00:00+00:00, run_after=2021-01-01 00:00:00+00:00
[2026-05-16T10:49:40.112+0000] {processor.py:183} INFO - Processing /home/airflow/.local/lib/python3.12/site-packages/airflow/example_dags/example_xcom.py took 0.134 seconds
[2026-05-16T10:50:10.537+0000] {processor.py:161} INFO - Started process (PID=80854) to work on /home/airflow/.local/lib/python3.12/site-packages/airflow/example_dags/example_xcom.py
[2026-05-16T10:50:10.538+0000] {processor.py:830} INFO - Processing file /home/airflow/.local/lib/python3.12/site-packages/airflow/example_dags/example_xcom.py for tasks to queue
[2026-05-16T10:50:10.543+0000] {logging_mixin.py:188} INFO - [2026-05-16T10:50:10.542+0000] {dagbag.py:545} INFO - Filling up the DagBag from /home/airflow/.local/lib/python3.12/site-packages/airflow/example_dags/example_xcom.py
[2026-05-16T10:50:10.559+0000] {processor.py:840} INFO - DAG(s) 'example_xcom' retrieved from /home/airflow/.local/lib/python3.12/site-packages/airflow/example_dags/example_xcom.py
[2026-05-16T10:50:10.606+0000] {logging_mixin.py:188} INFO - [2026-05-16T10:50:10.606+0000] {dag.py:3089} INFO - Sync 1 DAGs
[2026-05-16T10:50:10.645+0000] {logging_mixin.py:188} INFO - [2026-05-16T10:50:10.645+0000] {dag.py:3947} INFO - Setting next_dagrun for example_xcom to 2021-01-01 00:00:00+00:00, run_after=2021-01-01 00:00:00+00:00
[2026-05-16T10:50:10.677+0000] {processor.py:183} INFO - Processing /home/airflow/.local/lib/python3.12/site-packages/airflow/example_dags/example_xcom.py took 0.151 seconds
[2026-05-16T10:50:41.409+0000] {processor.py:161} INFO - Started process (PID=80922) to work on /home/airflow/.local/lib/python3.12/site-packages/airflow/example_dags/example_xcom.py
[2026-05-16T10:50:41.411+0000] {processor.py:830} INFO - Processing file /home/airflow/.local/lib/python3.12/site-packages/airflow/example_dags/example_xcom.py for tasks to queue
[2026-05-16T10:50:41.415+0000] {logging_mixin.py:188} INFO - [2026-05-16T10:50:41.414+0000] {dagbag.py:545} INFO - Filling up the DagBag from /home/airflow/.local/lib/python3.12/site-packages/airflow/example_dags/example_xcom.py
[2026-05-16T10:50:41.429+0000] {processor.py:840} INFO - DAG(s) 'example_xcom' retrieved from /home/airflow/.local/lib/python3.12/site-packages/airflow/example_dags/example_xcom.py
[2026-05-16T10:50:41.467+0000] {logging_mixin.py:188} INFO - [2026-05-16T10:50:41.466+0000] {dag.py:3089} INFO - Sync 1 DAGs
[2026-05-16T10:50:41.503+0000] {logging_mixin.py:188} INFO - [2026-05-16T10:50:41.503+0000] {dag.py:3947} INFO - Setting next_dagrun for example_xcom to 2021-01-01 00:00:00+00:00, run_after=2021-01-01 00:00:00+00:00
[2026-05-16T10:50:41.540+0000] {processor.py:183} INFO - Processing /home/airflow/.local/lib/python3.12/site-packages/airflow/example_dags/example_xcom.py took 0.140 seconds
[2026-05-16T10:51:11.684+0000] {processor.py:161} INFO - Started process (PID=80990) to work on /home/airflow/.local/lib/python3.12/site-packages/airflow/example_dags/example_xcom.py
[2026-05-16T10:51:11.686+0000] {processor.py:830} INFO - Processing file /home/airflow/.local/lib/python3.12/site-packages/airflow/example_dags/example_xcom.py for tasks to queue
[2026-05-16T10:51:11.691+0000] {logging_mixin.py:188} INFO - [2026-05-16T10:51:11.690+0000] {dagbag.py:545} INFO - Filling up the DagBag from /home/airflow/.local/lib/python3.12/site-packages/airflow/example_dags/example_xcom.py
[2026-05-16T10:51:11.707+0000] {processor.py:840} INFO - DAG(s) 'example_xcom' retrieved from /home/airflow/.local/lib/python3.12/site-packages/airflow/example_dags/example_xcom.py
[2026-05-16T10:51:11.743+0000] {logging_mixin.py:188} INFO - [2026-05-16T10:51:11.742+0000] {dag.py:3089} INFO - Sync 1 DAGs
[2026-05-16T10:51:11.786+0000] {logging_mixin.py:188} INFO - [2026-05-16T10:51:11.786+0000] {dag.py:3947} INFO - Setting next_dagrun for example_xcom to 2021-01-01 00:00:00+00:00, run_after=2021-01-01 00:00:00+00:00
[2026-05-16T10:51:11.853+0000] {processor.py:183} INFO - Processing /home/airflow/.local/lib/python3.12/site-packages/airflow/example_dags/example_xcom.py took 0.179 seconds
[2026-05-16T10:51:42.133+0000] {processor.py:161} INFO - Started process (PID=81058) to work on /home/airflow/.local/lib/python3.12/site-packages/airflow/example_dags/example_xcom.py
[2026-05-16T10:51:42.136+0000] {processor.py:830} INFO - Processing file /home/airflow/.local/lib/python3.12/site-packages/airflow/example_dags/example_xcom.py for tasks to queue
[2026-05-16T10:51:42.142+0000] {logging_mixin.py:188} INFO - [2026-05-16T10:51:42.141+0000] {dagbag.py:545} INFO - Filling up the DagBag from /home/airflow/.local/lib/python3.12/site-packages/airflow/example_dags/example_xcom.py
[2026-05-16T10:51:42.155+0000] {processor.py:840} INFO - DAG(s) 'example_xcom' retrieved from /home/airflow/.local/lib/python3.12/site-packages/airflow/example_dags/example_xcom.py
[2026-05-16T10:51:42.191+0000] {logging_mixin.py:188} INFO - [2026-05-16T10:51:42.190+0000] {dag.py:3089} INFO - Sync 1 DAGs
[2026-05-16T10:51:42.228+0000] {logging_mixin.py:188} INFO - [2026-05-16T10:51:42.228+0000] {dag.py:3947} INFO - Setting next_dagrun for example_xcom to 2021-01-01 00:00:00+00:00, run_after=2021-01-01 00:00:00+00:00
[2026-05-16T10:51:42.265+0000] {processor.py:183} INFO - Processing /home/airflow/.local/lib/python3.12/site-packages/airflow/example_dags/example_xcom.py took 0.144 seconds
[2026-05-16T10:52:12.721+0000] {processor.py:161} INFO - Started process (PID=81126) to work on /home/airflow/.local/lib/python3.12/site-packages/airflow/example_dags/example_xcom.py
[2026-05-16T10:52:12.723+0000] {processor.py:830} INFO - Processing file /home/airflow/.local/lib/python3.12/site-packages/airflow/example_dags/example_xcom.py for tasks to queue
[2026-05-16T10:52:12.728+0000] {logging_mixin.py:188} INFO - [2026-05-16T10:52:12.727+0000] {dagbag.py:545} INFO - Filling up the DagBag from /home/airflow/.local/lib/python3.12/site-packages/airflow/example_dags/example_xcom.py
[2026-05-16T10:52:12.745+0000] {processor.py:840} INFO - DAG(s) 'example_xcom' retrieved from /home/airflow/.local/lib/python3.12/site-packages/airflow/example_dags/example_xcom.py
[2026-05-16T10:52:12.789+0000] {logging_mixin.py:188} INFO - [2026-05-16T10:52:12.789+0000] {dag.py:3089} INFO - Sync 1 DAGs
[2026-05-16T10:52:12.824+0000] {logging_mixin.py:188} INFO - [2026-05-16T10:52:12.824+0000] {dag.py:3947} INFO - Setting next_dagrun for example_xcom to 2021-01-01 00:00:00+00:00, run_after=2021-01-01 00:00:00+00:00
[2026-05-16T10:52:12.857+0000] {processor.py:183} INFO - Processing /home/airflow/.local/lib/python3.12/site-packages/airflow/example_dags/example_xcom.py took 0.151 seconds
[2026-05-16T10:52:43.516+0000] {processor.py:161} INFO - Started process (PID=81194) to work on /home/airflow/.local/lib/python3.12/site-packages/airflow/example_dags/example_xcom.py
[2026-05-16T10:52:43.518+0000] {processor.py:830} INFO - Processing file /home/airflow/.local/lib/python3.12/site-packages/airflow/example_dags/example_xcom.py for tasks to queue
[2026-05-16T10:52:43.521+0000] {logging_mixin.py:188} INFO - [2026-05-16T10:52:43.521+0000] {dagbag.py:545} INFO - Filling up the DagBag from /home/airflow/.local/lib/python3.12/site-packages/airflow/example_dags/example_xcom.py
[2026-05-16T10:52:43.534+0000] {processor.py:840} INFO - DAG(s) 'example_xcom' retrieved from /home/airflow/.local/lib/python3.12/site-packages/airflow/example_dags/example_xcom.py
[2026-05-16T10:52:43.570+0000] {logging_mixin.py:188} INFO - [2026-05-16T10:52:43.570+0000] {dag.py:3089} INFO - Sync 1 DAGs
[2026-05-16T10:52:43.600+0000] {logging_mixin.py:188} INFO - [2026-05-16T10:52:43.600+0000] {dag.py:3947} INFO - Setting next_dagrun for example_xcom to 2021-01-01 00:00:00+00:00, run_after=2021-01-01 00:00:00+00:00
[2026-05-16T10:52:43.631+0000] {processor.py:183} INFO - Processing /home/airflow/.local/lib/python3.12/site-packages/airflow/example_dags/example_xcom.py took 0.127 seconds
[2026-05-16T10:53:14.153+0000] {processor.py:161} INFO - Started process (PID=81263) to work on /home/airflow/.local/lib/python3.12/site-packages/airflow/example_dags/example_xcom.py
[2026-05-16T10:53:14.156+0000] {processor.py:830} INFO - Processing file /home/airflow/.local/lib/python3.12/site-packages/airflow/example_dags/example_xcom.py for tasks to queue
[2026-05-16T10:53:14.159+0000] {logging_mixin.py:188} INFO - [2026-05-16T10:53:14.159+0000] {dagbag.py:545} INFO - Filling up the DagBag from /home/airflow/.local/lib/python3.12/site-packages/airflow/example_dags/example_xcom.py
[2026-05-16T10:53:14.172+0000] {processor.py:840} INFO - DAG(s) 'example_xcom' retrieved from /home/airflow/.local/lib/python3.12/site-packages/airflow/example_dags/example_xcom.py
[2026-05-16T10:53:14.214+0000] {logging_mixin.py:188} INFO - [2026-05-16T10:53:14.214+0000] {dag.py:3089} INFO - Sync 1 DAGs
[2026-05-16T10:53:14.257+0000] {logging_mixin.py:188} INFO - [2026-05-16T10:53:14.257+0000] {dag.py:3947} INFO - Setting next_dagrun for example_xcom to 2021-01-01 00:00:00+00:00, run_after=2021-01-01 00:00:00+00:00
[2026-05-16T10:53:14.296+0000] {processor.py:183} INFO - Processing /home/airflow/.local/lib/python3.12/site-packages/airflow/example_dags/example_xcom.py took 0.152 seconds
[2026-05-16T10:53:44.648+0000] {processor.py:161} INFO - Started process (PID=81338) to work on /home/airflow/.local/lib/python3.12/site-packages/airflow/example_dags/example_xcom.py
[2026-05-16T10:53:44.651+0000] {processor.py:830} INFO - Processing file /home/airflow/.local/lib/python3.12/site-packages/airflow/example_dags/example_xcom.py for tasks to queue
[2026-05-16T10:53:44.654+0000] {logging_mixin.py:188} INFO - [2026-05-16T10:53:44.654+0000] {dagbag.py:545} INFO - Filling up the DagBag from /home/airflow/.local/lib/python3.12/site-packages/airflow/example_dags/example_xcom.py
[2026-05-16T10:53:44.667+0000] {processor.py:840} INFO - DAG(s) 'example_xcom' retrieved from /home/airflow/.local/lib/python3.12/site-packages/airflow/example_dags/example_xcom.py
[2026-05-16T10:53:44.711+0000] {logging_mixin.py:188} INFO - [2026-05-16T10:53:44.710+0000] {dag.py:3089} INFO - Sync 1 DAGs
[2026-05-16T10:53:44.742+0000] {logging_mixin.py:188} INFO - [2026-05-16T10:53:44.741+0000] {dag.py:3947} INFO - Setting next_dagrun for example_xcom to 2021-01-01 00:00:00+00:00, run_after=2021-01-01 00:00:00+00:00
[2026-05-16T10:53:44.773+0000] {processor.py:183} INFO - Processing /home/airflow/.local/lib/python3.12/site-packages/airflow/example_dags/example_xcom.py took 0.134 seconds
[2026-05-16T10:54:15.267+0000] {processor.py:161} INFO - Started process (PID=81406) to work on /home/airflow/.local/lib/python3.12/site-packages/airflow/example_dags/example_xcom.py
[2026-05-16T10:54:15.269+0000] {processor.py:830} INFO - Processing file /home/airflow/.local/lib/python3.12/site-packages/airflow/example_dags/example_xcom.py for tasks to queue
[2026-05-16T10:54:15.273+0000] {logging_mixin.py:188} INFO - [2026-05-16T10:54:15.273+0000] {dagbag.py:545} INFO - Filling up the DagBag from /home/airflow/.local/lib/python3.12/site-packages/airflow/example_dags/example_xcom.py
[2026-05-16T10:54:15.287+0000] {processor.py:840} INFO - DAG(s) 'example_xcom' retrieved from /home/airflow/.local/lib/python3.12/site-packages/airflow/example_dags/example_xcom.py
[2026-05-16T10:54:15.320+0000] {logging_mixin.py:188} INFO - [2026-05-16T10:54:15.320+0000] {dag.py:3089} INFO - Sync 1 DAGs
[2026-05-16T10:54:15.352+0000] {logging_mixin.py:188} INFO - [2026-05-16T10:54:15.351+0000] {dag.py:3947} INFO - Setting next_dagrun for example_xcom to 2021-01-01 00:00:00+00:00, run_after=2021-01-01 00:00:00+00:00
[2026-05-16T10:54:15.387+0000] {processor.py:183} INFO - Processing /home/airflow/.local/lib/python3.12/site-packages/airflow/example_dags/example_xcom.py took 0.129 seconds
[2026-05-16T10:54:45.712+0000] {processor.py:161} INFO - Started process (PID=81474) to work on /home/airflow/.local/lib/python3.12/site-packages/airflow/example_dags/example_xcom.py
[2026-05-16T10:54:45.714+0000] {processor.py:830} INFO - Processing file /home/airflow/.local/lib/python3.12/site-packages/airflow/example_dags/example_xcom.py for tasks to queue
[2026-05-16T10:54:45.720+0000] {logging_mixin.py:188} INFO - [2026-05-16T10:54:45.719+0000] {dagbag.py:545} INFO - Filling up the DagBag from /home/airflow/.local/lib/python3.12/site-packages/airflow/example_dags/example_xcom.py
[2026-05-16T10:54:45.735+0000] {processor.py:840} INFO - DAG(s) 'example_xcom' retrieved from /home/airflow/.local/lib/python3.12/site-packages/airflow/example_dags/example_xcom.py
[2026-05-16T10:54:45.786+0000] {logging_mixin.py:188} INFO - [2026-05-16T10:54:45.786+0000] {dag.py:3089} INFO - Sync 1 DAGs
[2026-05-16T10:54:45.834+0000] {logging_mixin.py:188} INFO - [2026-05-16T10:54:45.833+0000] {dag.py:3947} INFO - Setting next_dagrun for example_xcom to 2021-01-01 00:00:00+00:00, run_after=2021-01-01 00:00:00+00:00
[2026-05-16T10:54:45.880+0000] {processor.py:183} INFO - Processing /home/airflow/.local/lib/python3.12/site-packages/airflow/example_dags/example_xcom.py took 0.183 seconds
[2026-05-16T10:55:16.149+0000] {processor.py:161} INFO - Started process (PID=81542) to work on /home/airflow/.local/lib/python3.12/site-packages/airflow/example_dags/example_xcom.py
[2026-05-16T10:55:16.152+0000] {processor.py:830} INFO - Processing file /home/airflow/.local/lib/python3.12/site-packages/airflow/example_dags/example_xcom.py for tasks to queue
[2026-05-16T10:55:16.157+0000] {logging_mixin.py:188} INFO - [2026-05-16T10:55:16.156+0000] {dagbag.py:545} INFO - Filling up the DagBag from /home/airflow/.local/lib/python3.12/site-packages/airflow/example_dags/example_xcom.py
[2026-05-16T10:55:16.175+0000] {processor.py:840} INFO - DAG(s) 'example_xcom' retrieved from /home/airflow/.local/lib/python3.12/site-packages/airflow/example_dags/example_xcom.py
[2026-05-16T10:55:16.223+0000] {logging_mixin.py:188} INFO - [2026-05-16T10:55:16.222+0000] {dag.py:3089} INFO - Sync 1 DAGs
[2026-05-16T10:55:16.255+0000] {logging_mixin.py:188} INFO - [2026-05-16T10:55:16.254+0000] {dag.py:3947} INFO - Setting next_dagrun for example_xcom to 2021-01-01 00:00:00+00:00, run_after=2021-01-01 00:00:00+00:00
[2026-05-16T10:55:16.295+0000] {processor.py:183} INFO - Processing /home/airflow/.local/lib/python3.12/site-packages/airflow/example_dags/example_xcom.py took 0.159 seconds
[2026-05-16T10:55:46.481+0000] {processor.py:161} INFO - Started process (PID=81610) to work on /home/airflow/.local/lib/python3.12/site-packages/airflow/example_dags/example_xcom.py
[2026-05-16T10:55:46.483+0000] {processor.py:830} INFO - Processing file /home/airflow/.local/lib/python3.12/site-packages/airflow/example_dags/example_xcom.py for tasks to queue
[2026-05-16T10:55:46.488+0000] {logging_mixin.py:188} INFO - [2026-05-16T10:55:46.487+0000] {dagbag.py:545} INFO - Filling up the DagBag from /home/airflow/.local/lib/python3.12/site-packages/airflow/example_dags/example_xcom.py
[2026-05-16T10:55:46.500+0000] {processor.py:840} INFO - DAG(s) 'example_xcom' retrieved from /home/airflow/.local/lib/python3.12/site-packages/airflow/example_dags/example_xcom.py
[2026-05-16T10:55:46.538+0000] {logging_mixin.py:188} INFO - [2026-05-16T10:55:46.537+0000] {dag.py:3089} INFO - Sync 1 DAGs
[2026-05-16T10:55:46.575+0000] {logging_mixin.py:188} INFO - [2026-05-16T10:55:46.574+0000] {dag.py:3947} INFO - Setting next_dagrun for example_xcom to 2021-01-01 00:00:00+00:00, run_after=2021-01-01 00:00:00+00:00
[2026-05-16T10:55:46.609+0000] {processor.py:183} INFO - Processing /home/airflow/.local/lib/python3.12/site-packages/airflow/example_dags/example_xcom.py took 0.141 seconds
[2026-05-16T10:56:17.248+0000] {processor.py:161} INFO - Started process (PID=81678) to work on /home/airflow/.local/lib/python3.12/site-packages/airflow/example_dags/example_xcom.py
[2026-05-16T10:56:17.251+0000] {processor.py:830} INFO - Processing file /home/airflow/.local/lib/python3.12/site-packages/airflow/example_dags/example_xcom.py for tasks to queue
[2026-05-16T10:56:17.258+0000] {logging_mixin.py:188} INFO - [2026-05-16T10:56:17.256+0000] {dagbag.py:545} INFO - Filling up the DagBag from /home/airflow/.local/lib/python3.12/site-packages/airflow/example_dags/example_xcom.py
[2026-05-16T10:56:17.276+0000] {processor.py:840} INFO - DAG(s) 'example_xcom' retrieved from /home/airflow/.local/lib/python3.12/site-packages/airflow/example_dags/example_xcom.py
[2026-05-16T10:56:17.316+0000] {logging_mixin.py:188} INFO - [2026-05-16T10:56:17.315+0000] {dag.py:3089} INFO - Sync 1 DAGs
[2026-05-16T10:56:17.347+0000] {logging_mixin.py:188} INFO - [2026-05-16T10:56:17.346+0000] {dag.py:3947} INFO - Setting next_dagrun for example_xcom to 2021-01-01 00:00:00+00:00, run_after=2021-01-01 00:00:00+00:00
[2026-05-16T10:56:17.379+0000] {processor.py:183} INFO - Processing /home/airflow/.local/lib/python3.12/site-packages/airflow/example_dags/example_xcom.py took 0.151 seconds
[2026-05-16T10:56:47.521+0000] {processor.py:161} INFO - Started process (PID=81746) to work on /home/airflow/.local/lib/python3.12/site-packages/airflow/example_dags/example_xcom.py
[2026-05-16T10:56:47.523+0000] {processor.py:830} INFO - Processing file /home/airflow/.local/lib/python3.12/site-packages/airflow/example_dags/example_xcom.py for tasks to queue
[2026-05-16T10:56:47.526+0000] {logging_mixin.py:188} INFO - [2026-05-16T10:56:47.526+0000] {dagbag.py:545} INFO - Filling up the DagBag from /home/airflow/.local/lib/python3.12/site-packages/airflow/example_dags/example_xcom.py
[2026-05-16T10:56:47.539+0000] {processor.py:840} INFO - DAG(s) 'example_xcom' retrieved from /home/airflow/.local/lib/python3.12/site-packages/airflow/example_dags/example_xcom.py
[2026-05-16T10:56:47.572+0000] {logging_mixin.py:188} INFO - [2026-05-16T10:56:47.572+0000] {dag.py:3089} INFO - Sync 1 DAGs
[2026-05-16T10:56:47.605+0000] {logging_mixin.py:188} INFO - [2026-05-16T10:56:47.605+0000] {dag.py:3947} INFO - Setting next_dagrun for example_xcom to 2021-01-01 00:00:00+00:00, run_after=2021-01-01 00:00:00+00:00
[2026-05-16T10:56:47.637+0000] {processor.py:183} INFO - Processing /home/airflow/.local/lib/python3.12/site-packages/airflow/example_dags/example_xcom.py took 0.126 seconds
[2026-05-16T10:57:17.819+0000] {processor.py:161} INFO - Started process (PID=81821) to work on /home/airflow/.local/lib/python3.12/site-packages/airflow/example_dags/example_xcom.py
[2026-05-16T10:57:17.821+0000] {processor.py:830} INFO - Processing file /home/airflow/.local/lib/python3.12/site-packages/airflow/example_dags/example_xcom.py for tasks to queue
[2026-05-16T10:57:17.825+0000] {logging_mixin.py:188} INFO - [2026-05-16T10:57:17.824+0000] {dagbag.py:545} INFO - Filling up the DagBag from /home/airflow/.local/lib/python3.12/site-packages/airflow/example_dags/example_xcom.py
[2026-05-16T10:57:17.836+0000] {processor.py:840} INFO - DAG(s) 'example_xcom' retrieved from /home/airflow/.local/lib/python3.12/site-packages/airflow/example_dags/example_xcom.py
[2026-05-16T10:57:17.875+0000] {logging_mixin.py:188} INFO - [2026-05-16T10:57:17.874+0000] {dag.py:3089} INFO - Sync 1 DAGs
[2026-05-16T10:57:17.916+0000] {logging_mixin.py:188} INFO - [2026-05-16T10:57:17.915+0000] {dag.py:3947} INFO - Setting next_dagrun for example_xcom to 2021-01-01 00:00:00+00:00, run_after=2021-01-01 00:00:00+00:00
[2026-05-16T10:57:17.948+0000] {processor.py:183} INFO - Processing /home/airflow/.local/lib/python3.12/site-packages/airflow/example_dags/example_xcom.py took 0.138 seconds
[2026-05-16T10:57:48.612+0000] {processor.py:161} INFO - Started process (PID=81889) to work on /home/airflow/.local/lib/python3.12/site-packages/airflow/example_dags/example_xcom.py
[2026-05-16T10:57:48.614+0000] {processor.py:830} INFO - Processing file /home/airflow/.local/lib/python3.12/site-packages/airflow/example_dags/example_xcom.py for tasks to queue
[2026-05-16T10:57:48.619+0000] {logging_mixin.py:188} INFO - [2026-05-16T10:57:48.618+0000] {dagbag.py:545} INFO - Filling up the DagBag from /home/airflow/.local/lib/python3.12/site-packages/airflow/example_dags/example_xcom.py
[2026-05-16T10:57:48.632+0000] {processor.py:840} INFO - DAG(s) 'example_xcom' retrieved from /home/airflow/.local/lib/python3.12/site-packages/airflow/example_dags/example_xcom.py
[2026-05-16T10:57:48.673+0000] {logging_mixin.py:188} INFO - [2026-05-16T10:57:48.672+0000] {dag.py:3089} INFO - Sync 1 DAGs
[2026-05-16T10:57:48.708+0000] {logging_mixin.py:188} INFO - [2026-05-16T10:57:48.708+0000] {dag.py:3947} INFO - Setting next_dagrun for example_xcom to 2021-01-01 00:00:00+00:00, run_after=2021-01-01 00:00:00+00:00
[2026-05-16T10:57:48.744+0000] {processor.py:183} INFO - Processing /home/airflow/.local/lib/python3.12/site-packages/airflow/example_dags/example_xcom.py took 0.142 seconds
[2026-05-16T10:58:18.933+0000] {processor.py:161} INFO - Started process (PID=81957) to work on /home/airflow/.local/lib/python3.12/site-packages/airflow/example_dags/example_xcom.py
[2026-05-16T10:58:18.937+0000] {processor.py:830} INFO - Processing file /home/airflow/.local/lib/python3.12/site-packages/airflow/example_dags/example_xcom.py for tasks to queue
[2026-05-16T10:58:18.941+0000] {logging_mixin.py:188} INFO - [2026-05-16T10:58:18.941+0000] {dagbag.py:545} INFO - Filling up the DagBag from /home/airflow/.local/lib/python3.12/site-packages/airflow/example_dags/example_xcom.py
[2026-05-16T10:58:18.957+0000] {processor.py:840} INFO - DAG(s) 'example_xcom' retrieved from /home/airflow/.local/lib/python3.12/site-packages/airflow/example_dags/example_xcom.py
[2026-05-16T10:58:19.008+0000] {logging_mixin.py:188} INFO - [2026-05-16T10:58:19.007+0000] {dag.py:3089} INFO - Sync 1 DAGs
[2026-05-16T10:58:19.048+0000] {logging_mixin.py:188} INFO - [2026-05-16T10:58:19.047+0000] {dag.py:3947} INFO - Setting next_dagrun for example_xcom to 2021-01-01 00:00:00+00:00, run_after=2021-01-01 00:00:00+00:00
[2026-05-16T10:58:19.093+0000] {processor.py:183} INFO - Processing /home/airflow/.local/lib/python3.12/site-packages/airflow/example_dags/example_xcom.py took 0.171 seconds
[2026-05-16T10:58:49.337+0000] {processor.py:161} INFO - Started process (PID=82025) to work on /home/airflow/.local/lib/python3.12/site-packages/airflow/example_dags/example_xcom.py
[2026-05-16T10:58:49.342+0000] {processor.py:830} INFO - Processing file /home/airflow/.local/lib/python3.12/site-packages/airflow/example_dags/example_xcom.py for tasks to queue
[2026-05-16T10:58:49.348+0000] {logging_mixin.py:188} INFO - [2026-05-16T10:58:49.347+0000] {dagbag.py:545} INFO - Filling up the DagBag from /home/airflow/.local/lib/python3.12/site-packages/airflow/example_dags/example_xcom.py
[2026-05-16T10:58:49.367+0000] {processor.py:840} INFO - DAG(s) 'example_xcom' retrieved from /home/airflow/.local/lib/python3.12/site-packages/airflow/example_dags/example_xcom.py
[2026-05-16T10:58:49.413+0000] {logging_mixin.py:188} INFO - [2026-05-16T10:58:49.412+0000] {dag.py:3089} INFO - Sync 1 DAGs
[2026-05-16T10:58:49.455+0000] {logging_mixin.py:188} INFO - [2026-05-16T10:58:49.454+0000] {dag.py:3947} INFO - Setting next_dagrun for example_xcom to 2021-01-01 00:00:00+00:00, run_after=2021-01-01 00:00:00+00:00
[2026-05-16T10:58:49.493+0000] {processor.py:183} INFO - Processing /home/airflow/.local/lib/python3.12/site-packages/airflow/example_dags/example_xcom.py took 0.171 seconds
[2026-05-16T10:59:19.653+0000] {processor.py:161} INFO - Started process (PID=82093) to work on /home/airflow/.local/lib/python3.12/site-packages/airflow/example_dags/example_xcom.py
[2026-05-16T10:59:19.655+0000] {processor.py:830} INFO - Processing file /home/airflow/.local/lib/python3.12/site-packages/airflow/example_dags/example_xcom.py for tasks to queue
[2026-05-16T10:59:19.659+0000] {logging_mixin.py:188} INFO - [2026-05-16T10:59:19.658+0000] {dagbag.py:545} INFO - Filling up the DagBag from /home/airflow/.local/lib/python3.12/site-packages/airflow/example_dags/example_xcom.py
[2026-05-16T10:59:19.672+0000] {processor.py:840} INFO - DAG(s) 'example_xcom' retrieved from /home/airflow/.local/lib/python3.12/site-packages/airflow/example_dags/example_xcom.py
[2026-05-16T10:59:19.713+0000] {logging_mixin.py:188} INFO - [2026-05-16T10:59:19.712+0000] {dag.py:3089} INFO - Sync 1 DAGs
[2026-05-16T10:59:19.758+0000] {logging_mixin.py:188} INFO - [2026-05-16T10:59:19.757+0000] {dag.py:3947} INFO - Setting next_dagrun for example_xcom to 2021-01-01 00:00:00+00:00, run_after=2021-01-01 00:00:00+00:00
[2026-05-16T10:59:19.798+0000] {processor.py:183} INFO - Processing /home/airflow/.local/lib/python3.12/site-packages/airflow/example_dags/example_xcom.py took 0.156 seconds
[2026-05-16T10:59:50.097+0000] {processor.py:161} INFO - Started process (PID=82161) to work on /home/airflow/.local/lib/python3.12/site-packages/airflow/example_dags/example_xcom.py
[2026-05-16T10:59:50.099+0000] {processor.py:830} INFO - Processing file /home/airflow/.local/lib/python3.12/site-packages/airflow/example_dags/example_xcom.py for tasks to queue
[2026-05-16T10:59:50.103+0000] {logging_mixin.py:188} INFO - [2026-05-16T10:59:50.102+0000] {dagbag.py:545} INFO - Filling up the DagBag from /home/airflow/.local/lib/python3.12/site-packages/airflow/example_dags/example_xcom.py
[2026-05-16T10:59:50.118+0000] {processor.py:840} INFO - DAG(s) 'example_xcom' retrieved from /home/airflow/.local/lib/python3.12/site-packages/airflow/example_dags/example_xcom.py
[2026-05-16T10:59:50.156+0000] {logging_mixin.py:188} INFO - [2026-05-16T10:59:50.156+0000] {dag.py:3089} INFO - Sync 1 DAGs
[2026-05-16T10:59:50.190+0000] {logging_mixin.py:188} INFO - [2026-05-16T10:59:50.190+0000] {dag.py:3947} INFO - Setting next_dagrun for example_xcom to 2021-01-01 00:00:00+00:00, run_after=2021-01-01 00:00:00+00:00
[2026-05-16T10:59:50.228+0000] {processor.py:183} INFO - Processing /home/airflow/.local/lib/python3.12/site-packages/airflow/example_dags/example_xcom.py took 0.141 seconds
[2026-05-16T11:00:20.669+0000] {processor.py:161} INFO - Started process (PID=82230) to work on /home/airflow/.local/lib/python3.12/site-packages/airflow/example_dags/example_xcom.py
[2026-05-16T11:00:20.671+0000] {processor.py:830} INFO - Processing file /home/airflow/.local/lib/python3.12/site-packages/airflow/example_dags/example_xcom.py for tasks to queue
[2026-05-16T11:00:20.675+0000] {logging_mixin.py:188} INFO - [2026-05-16T11:00:20.674+0000] {dagbag.py:545} INFO - Filling up the DagBag from /home/airflow/.local/lib/python3.12/site-packages/airflow/example_dags/example_xcom.py
[2026-05-16T11:00:20.687+0000] {processor.py:840} INFO - DAG(s) 'example_xcom' retrieved from /home/airflow/.local/lib/python3.12/site-packages/airflow/example_dags/example_xcom.py
[2026-05-16T11:00:20.730+0000] {logging_mixin.py:188} INFO - [2026-05-16T11:00:20.729+0000] {dag.py:3089} INFO - Sync 1 DAGs
[2026-05-16T11:00:20.766+0000] {logging_mixin.py:188} INFO - [2026-05-16T11:00:20.765+0000] {dag.py:3947} INFO - Setting next_dagrun for example_xcom to 2021-01-01 00:00:00+00:00, run_after=2021-01-01 00:00:00+00:00
[2026-05-16T11:00:20.804+0000] {processor.py:183} INFO - Processing /home/airflow/.local/lib/python3.12/site-packages/airflow/example_dags/example_xcom.py took 0.148 seconds
[2026-05-16T11:00:51.386+0000] {processor.py:161} INFO - Started process (PID=82298) to work on /home/airflow/.local/lib/python3.12/site-packages/airflow/example_dags/example_xcom.py
[2026-05-16T11:00:51.390+0000] {processor.py:830} INFO - Processing file /home/airflow/.local/lib/python3.12/site-packages/airflow/example_dags/example_xcom.py for tasks to queue
[2026-05-16T11:00:51.401+0000] {logging_mixin.py:188} INFO - [2026-05-16T11:00:51.401+0000] {dagbag.py:545} INFO - Filling up the DagBag from /home/airflow/.local/lib/python3.12/site-packages/airflow/example_dags/example_xcom.py
[2026-05-16T11:00:51.417+0000] {processor.py:840} INFO - DAG(s) 'example_xcom' retrieved from /home/airflow/.local/lib/python3.12/site-packages/airflow/example_dags/example_xcom.py
[2026-05-16T11:00:51.456+0000] {logging_mixin.py:188} INFO - [2026-05-16T11:00:51.455+0000] {dag.py:3089} INFO - Sync 1 DAGs
[2026-05-16T11:00:51.493+0000] {logging_mixin.py:188} INFO - [2026-05-16T11:00:51.493+0000] {dag.py:3947} INFO - Setting next_dagrun for example_xcom to 2021-01-01 00:00:00+00:00, run_after=2021-01-01 00:00:00+00:00
[2026-05-16T11:00:51.530+0000] {processor.py:183} INFO - Processing /home/airflow/.local/lib/python3.12/site-packages/airflow/example_dags/example_xcom.py took 0.159 seconds
[2026-05-16T11:01:21.983+0000] {processor.py:161} INFO - Started process (PID=82366) to work on /home/airflow/.local/lib/python3.12/site-packages/airflow/example_dags/example_xcom.py
[2026-05-16T11:01:21.985+0000] {processor.py:830} INFO - Processing file /home/airflow/.local/lib/python3.12/site-packages/airflow/example_dags/example_xcom.py for tasks to queue
[2026-05-16T11:01:21.989+0000] {logging_mixin.py:188} INFO - [2026-05-16T11:01:21.989+0000] {dagbag.py:545} INFO - Filling up the DagBag from /home/airflow/.local/lib/python3.12/site-packages/airflow/example_dags/example_xcom.py
[2026-05-16T11:01:22.002+0000] {processor.py:840} INFO - DAG(s) 'example_xcom' retrieved from /home/airflow/.local/lib/python3.12/site-packages/airflow/example_dags/example_xcom.py
[2026-05-16T11:01:22.043+0000] {logging_mixin.py:188} INFO - [2026-05-16T11:01:22.042+0000] {dag.py:3089} INFO - Sync 1 DAGs
[2026-05-16T11:01:22.081+0000] {logging_mixin.py:188} INFO - [2026-05-16T11:01:22.080+0000] {dag.py:3947} INFO - Setting next_dagrun for example_xcom to 2021-01-01 00:00:00+00:00, run_after=2021-01-01 00:00:00+00:00
[2026-05-16T11:01:22.119+0000] {processor.py:183} INFO - Processing /home/airflow/.local/lib/python3.12/site-packages/airflow/example_dags/example_xcom.py took 0.146 seconds
[2026-05-16T11:01:52.742+0000] {processor.py:161} INFO - Started process (PID=82434) to work on /home/airflow/.local/lib/python3.12/site-packages/airflow/example_dags/example_xcom.py
[2026-05-16T11:01:52.744+0000] {processor.py:830} INFO - Processing file /home/airflow/.local/lib/python3.12/site-packages/airflow/example_dags/example_xcom.py for tasks to queue
[2026-05-16T11:01:52.749+0000] {logging_mixin.py:188} INFO - [2026-05-16T11:01:52.748+0000] {dagbag.py:545} INFO - Filling up the DagBag from /home/airflow/.local/lib/python3.12/site-packages/airflow/example_dags/example_xcom.py
[2026-05-16T11:01:52.765+0000] {processor.py:840} INFO - DAG(s) 'example_xcom' retrieved from /home/airflow/.local/lib/python3.12/site-packages/airflow/example_dags/example_xcom.py
[2026-05-16T11:01:52.801+0000] {logging_mixin.py:188} INFO - [2026-05-16T11:01:52.801+0000] {dag.py:3089} INFO - Sync 1 DAGs
[2026-05-16T11:01:52.844+0000] {logging_mixin.py:188} INFO - [2026-05-16T11:01:52.843+0000] {dag.py:3947} INFO - Setting next_dagrun for example_xcom to 2021-01-01 00:00:00+00:00, run_after=2021-01-01 00:00:00+00:00
[2026-05-16T11:01:52.882+0000] {processor.py:183} INFO - Processing /home/airflow/.local/lib/python3.12/site-packages/airflow/example_dags/example_xcom.py took 0.155 seconds
[2026-05-16T11:02:23.431+0000] {processor.py:161} INFO - Started process (PID=82502) to work on /home/airflow/.local/lib/python3.12/site-packages/airflow/example_dags/example_xcom.py
[2026-05-16T11:02:23.433+0000] {processor.py:830} INFO - Processing file /home/airflow/.local/lib/python3.12/site-packages/airflow/example_dags/example_xcom.py for tasks to queue
[2026-05-16T11:02:23.437+0000] {logging_mixin.py:188} INFO - [2026-05-16T11:02:23.436+0000] {dagbag.py:545} INFO - Filling up the DagBag from /home/airflow/.local/lib/python3.12/site-packages/airflow/example_dags/example_xcom.py
[2026-05-16T11:02:23.450+0000] {processor.py:840} INFO - DAG(s) 'example_xcom' retrieved from /home/airflow/.local/lib/python3.12/site-packages/airflow/example_dags/example_xcom.py
[2026-05-16T11:02:23.487+0000] {logging_mixin.py:188} INFO - [2026-05-16T11:02:23.487+0000] {dag.py:3089} INFO - Sync 1 DAGs
[2026-05-16T11:02:23.520+0000] {logging_mixin.py:188} INFO - [2026-05-16T11:02:23.520+0000] {dag.py:3947} INFO - Setting next_dagrun for example_xcom to 2021-01-01 00:00:00+00:00, run_after=2021-01-01 00:00:00+00:00
[2026-05-16T11:02:23.570+0000] {processor.py:183} INFO - Processing /home/airflow/.local/lib/python3.12/site-packages/airflow/example_dags/example_xcom.py took 0.150 seconds
[2026-05-16T11:02:53.815+0000] {processor.py:161} INFO - Started process (PID=82577) to work on /home/airflow/.local/lib/python3.12/site-packages/airflow/example_dags/example_xcom.py
[2026-05-16T11:02:53.816+0000] {processor.py:830} INFO - Processing file /home/airflow/.local/lib/python3.12/site-packages/airflow/example_dags/example_xcom.py for tasks to queue
[2026-05-16T11:02:53.820+0000] {logging_mixin.py:188} INFO - [2026-05-16T11:02:53.820+0000] {dagbag.py:545} INFO - Filling up the DagBag from /home/airflow/.local/lib/python3.12/site-packages/airflow/example_dags/example_xcom.py
[2026-05-16T11:02:53.832+0000] {processor.py:840} INFO - DAG(s) 'example_xcom' retrieved from /home/airflow/.local/lib/python3.12/site-packages/airflow/example_dags/example_xcom.py
[2026-05-16T11:02:53.873+0000] {logging_mixin.py:188} INFO - [2026-05-16T11:02:53.872+0000] {dag.py:3089} INFO - Sync 1 DAGs
[2026-05-16T11:02:53.907+0000] {logging_mixin.py:188} INFO - [2026-05-16T11:02:53.906+0000] {dag.py:3947} INFO - Setting next_dagrun for example_xcom to 2021-01-01 00:00:00+00:00, run_after=2021-01-01 00:00:00+00:00
[2026-05-16T11:02:53.942+0000] {processor.py:183} INFO - Processing /home/airflow/.local/lib/python3.12/site-packages/airflow/example_dags/example_xcom.py took 0.138 seconds
[2026-05-16T11:03:24.461+0000] {processor.py:161} INFO - Started process (PID=82646) to work on /home/airflow/.local/lib/python3.12/site-packages/airflow/example_dags/example_xcom.py
[2026-05-16T11:03:24.462+0000] {processor.py:830} INFO - Processing file /home/airflow/.local/lib/python3.12/site-packages/airflow/example_dags/example_xcom.py for tasks to queue
[2026-05-16T11:03:24.466+0000] {logging_mixin.py:188} INFO - [2026-05-16T11:03:24.465+0000] {dagbag.py:545} INFO - Filling up the DagBag from /home/airflow/.local/lib/python3.12/site-packages/airflow/example_dags/example_xcom.py
[2026-05-16T11:03:24.479+0000] {processor.py:840} INFO - DAG(s) 'example_xcom' retrieved from /home/airflow/.local/lib/python3.12/site-packages/airflow/example_dags/example_xcom.py
[2026-05-16T11:03:24.513+0000] {logging_mixin.py:188} INFO - [2026-05-16T11:03:24.513+0000] {dag.py:3089} INFO - Sync 1 DAGs
[2026-05-16T11:03:24.554+0000] {logging_mixin.py:188} INFO - [2026-05-16T11:03:24.554+0000] {dag.py:3947} INFO - Setting next_dagrun for example_xcom to 2021-01-01 00:00:00+00:00, run_after=2021-01-01 00:00:00+00:00
[2026-05-16T11:03:24.621+0000] {processor.py:183} INFO - Processing /home/airflow/.local/lib/python3.12/site-packages/airflow/example_dags/example_xcom.py took 0.170 seconds
[2026-05-16T11:03:55.326+0000] {processor.py:161} INFO - Started process (PID=82714) to work on /home/airflow/.local/lib/python3.12/site-packages/airflow/example_dags/example_xcom.py
[2026-05-16T11:03:55.329+0000] {processor.py:830} INFO - Processing file /home/airflow/.local/lib/python3.12/site-packages/airflow/example_dags/example_xcom.py for tasks to queue
[2026-05-16T11:03:55.335+0000] {logging_mixin.py:188} INFO - [2026-05-16T11:03:55.334+0000] {dagbag.py:545} INFO - Filling up the DagBag from /home/airflow/.local/lib/python3.12/site-packages/airflow/example_dags/example_xcom.py
[2026-05-16T11:03:55.354+0000] {processor.py:840} INFO - DAG(s) 'example_xcom' retrieved from /home/airflow/.local/lib/python3.12/site-packages/airflow/example_dags/example_xcom.py
[2026-05-16T11:03:55.396+0000] {logging_mixin.py:188} INFO - [2026-05-16T11:03:55.395+0000] {dag.py:3089} INFO - Sync 1 DAGs
[2026-05-16T11:03:55.438+0000] {logging_mixin.py:188} INFO - [2026-05-16T11:03:55.437+0000] {dag.py:3947} INFO - Setting next_dagrun for example_xcom to 2021-01-01 00:00:00+00:00, run_after=2021-01-01 00:00:00+00:00
[2026-05-16T11:03:55.483+0000] {processor.py:183} INFO - Processing /home/airflow/.local/lib/python3.12/site-packages/airflow/example_dags/example_xcom.py took 0.173 seconds
[2026-05-16T11:04:26.015+0000] {processor.py:161} INFO - Started process (PID=82782) to work on /home/airflow/.local/lib/python3.12/site-packages/airflow/example_dags/example_xcom.py
[2026-05-16T11:04:26.017+0000] {processor.py:830} INFO - Processing file /home/airflow/.local/lib/python3.12/site-packages/airflow/example_dags/example_xcom.py for tasks to queue
[2026-05-16T11:04:26.022+0000] {logging_mixin.py:188} INFO - [2026-05-16T11:04:26.021+0000] {dagbag.py:545} INFO - Filling up the DagBag from /home/airflow/.local/lib/python3.12/site-packages/airflow/example_dags/example_xcom.py
[2026-05-16T11:04:26.038+0000] {processor.py:840} INFO - DAG(s) 'example_xcom' retrieved from /home/airflow/.local/lib/python3.12/site-packages/airflow/example_dags/example_xcom.py
[2026-05-16T11:04:26.084+0000] {logging_mixin.py:188} INFO - [2026-05-16T11:04:26.083+0000] {dag.py:3089} INFO - Sync 1 DAGs
[2026-05-16T11:04:26.121+0000] {logging_mixin.py:188} INFO - [2026-05-16T11:04:26.120+0000] {dag.py:3947} INFO - Setting next_dagrun for example_xcom to 2021-01-01 00:00:00+00:00, run_after=2021-01-01 00:00:00+00:00
[2026-05-16T11:04:26.161+0000] {processor.py:183} INFO - Processing /home/airflow/.local/lib/python3.12/site-packages/airflow/example_dags/example_xcom.py took 0.161 seconds
[2026-05-16T11:04:56.831+0000] {processor.py:161} INFO - Started process (PID=82849) to work on /home/airflow/.local/lib/python3.12/site-packages/airflow/example_dags/example_xcom.py
[2026-05-16T11:04:56.834+0000] {processor.py:830} INFO - Processing file /home/airflow/.local/lib/python3.12/site-packages/airflow/example_dags/example_xcom.py for tasks to queue
[2026-05-16T11:04:56.841+0000] {logging_mixin.py:188} INFO - [2026-05-16T11:04:56.840+0000] {dagbag.py:545} INFO - Filling up the DagBag from /home/airflow/.local/lib/python3.12/site-packages/airflow/example_dags/example_xcom.py
[2026-05-16T11:04:56.859+0000] {processor.py:840} INFO - DAG(s) 'example_xcom' retrieved from /home/airflow/.local/lib/python3.12/site-packages/airflow/example_dags/example_xcom.py
[2026-05-16T11:04:56.907+0000] {logging_mixin.py:188} INFO - [2026-05-16T11:04:56.907+0000] {dag.py:3089} INFO - Sync 1 DAGs
[2026-05-16T11:04:56.951+0000] {logging_mixin.py:188} INFO - [2026-05-16T11:04:56.950+0000] {dag.py:3947} INFO - Setting next_dagrun for example_xcom to 2021-01-01 00:00:00+00:00, run_after=2021-01-01 00:00:00+00:00
[2026-05-16T11:04:57.018+0000] {processor.py:183} INFO - Processing /home/airflow/.local/lib/python3.12/site-packages/airflow/example_dags/example_xcom.py took 0.197 seconds
[2026-05-16T11:05:28.597+0000] {processor.py:161} INFO - Started process (PID=82916) to work on /home/airflow/.local/lib/python3.12/site-packages/airflow/example_dags/example_xcom.py
[2026-05-16T11:05:28.601+0000] {processor.py:830} INFO - Processing file /home/airflow/.local/lib/python3.12/site-packages/airflow/example_dags/example_xcom.py for tasks to queue
[2026-05-16T11:05:28.607+0000] {logging_mixin.py:188} INFO - [2026-05-16T11:05:28.606+0000] {dagbag.py:545} INFO - Filling up the DagBag from /home/airflow/.local/lib/python3.12/site-packages/airflow/example_dags/example_xcom.py
[2026-05-16T11:05:28.629+0000] {processor.py:840} INFO - DAG(s) 'example_xcom' retrieved from /home/airflow/.local/lib/python3.12/site-packages/airflow/example_dags/example_xcom.py
[2026-05-16T11:05:28.693+0000] {logging_mixin.py:188} INFO - [2026-05-16T11:05:28.692+0000] {dag.py:3089} INFO - Sync 1 DAGs
[2026-05-16T11:05:28.745+0000] {logging_mixin.py:188} INFO - [2026-05-16T11:05:28.745+0000] {dag.py:3947} INFO - Setting next_dagrun for example_xcom to 2021-01-01 00:00:00+00:00, run_after=2021-01-01 00:00:00+00:00
[2026-05-16T11:05:28.821+0000] {processor.py:183} INFO - Processing /home/airflow/.local/lib/python3.12/site-packages/airflow/example_dags/example_xcom.py took 0.239 seconds
[2026-05-16T11:05:59.060+0000] {processor.py:161} INFO - Started process (PID=82982) to work on /home/airflow/.local/lib/python3.12/site-packages/airflow/example_dags/example_xcom.py
[2026-05-16T11:05:59.084+0000] {processor.py:830} INFO - Processing file /home/airflow/.local/lib/python3.12/site-packages/airflow/example_dags/example_xcom.py for tasks to queue
[2026-05-16T11:05:59.088+0000] {logging_mixin.py:188} INFO - [2026-05-16T11:05:59.088+0000] {dagbag.py:545} INFO - Filling up the DagBag from /home/airflow/.local/lib/python3.12/site-packages/airflow/example_dags/example_xcom.py
[2026-05-16T11:05:59.103+0000] {processor.py:840} INFO - DAG(s) 'example_xcom' retrieved from /home/airflow/.local/lib/python3.12/site-packages/airflow/example_dags/example_xcom.py
[2026-05-16T11:05:59.150+0000] {logging_mixin.py:188} INFO - [2026-05-16T11:05:59.149+0000] {dag.py:3089} INFO - Sync 1 DAGs
[2026-05-16T11:05:59.187+0000] {logging_mixin.py:188} INFO - [2026-05-16T11:05:59.187+0000] {dag.py:3947} INFO - Setting next_dagrun for example_xcom to 2021-01-01 00:00:00+00:00, run_after=2021-01-01 00:00:00+00:00
[2026-05-16T11:05:59.257+0000] {processor.py:183} INFO - Processing /home/airflow/.local/lib/python3.12/site-packages/airflow/example_dags/example_xcom.py took 0.208 seconds
[2026-05-16T11:06:29.579+0000] {processor.py:161} INFO - Started process (PID=83058) to work on /home/airflow/.local/lib/python3.12/site-packages/airflow/example_dags/example_xcom.py
[2026-05-16T11:06:29.583+0000] {processor.py:830} INFO - Processing file /home/airflow/.local/lib/python3.12/site-packages/airflow/example_dags/example_xcom.py for tasks to queue
[2026-05-16T11:06:29.587+0000] {logging_mixin.py:188} INFO - [2026-05-16T11:06:29.587+0000] {dagbag.py:545} INFO - Filling up the DagBag from /home/airflow/.local/lib/python3.12/site-packages/airflow/example_dags/example_xcom.py
[2026-05-16T11:06:29.604+0000] {processor.py:840} INFO - DAG(s) 'example_xcom' retrieved from /home/airflow/.local/lib/python3.12/site-packages/airflow/example_dags/example_xcom.py
[2026-05-16T11:06:29.645+0000] {logging_mixin.py:188} INFO - [2026-05-16T11:06:29.644+0000] {dag.py:3089} INFO - Sync 1 DAGs
[2026-05-16T11:06:29.685+0000] {logging_mixin.py:188} INFO - [2026-05-16T11:06:29.684+0000] {dag.py:3947} INFO - Setting next_dagrun for example_xcom to 2021-01-01 00:00:00+00:00, run_after=2021-01-01 00:00:00+00:00
[2026-05-16T11:06:29.756+0000] {processor.py:183} INFO - Processing /home/airflow/.local/lib/python3.12/site-packages/airflow/example_dags/example_xcom.py took 0.191 seconds
[2026-05-16T11:07:00.340+0000] {processor.py:161} INFO - Started process (PID=83126) to work on /home/airflow/.local/lib/python3.12/site-packages/airflow/example_dags/example_xcom.py
[2026-05-16T11:07:00.343+0000] {processor.py:830} INFO - Processing file /home/airflow/.local/lib/python3.12/site-packages/airflow/example_dags/example_xcom.py for tasks to queue
[2026-05-16T11:07:00.346+0000] {logging_mixin.py:188} INFO - [2026-05-16T11:07:00.346+0000] {dagbag.py:545} INFO - Filling up the DagBag from /home/airflow/.local/lib/python3.12/site-packages/airflow/example_dags/example_xcom.py
[2026-05-16T11:07:00.359+0000] {processor.py:840} INFO - DAG(s) 'example_xcom' retrieved from /home/airflow/.local/lib/python3.12/site-packages/airflow/example_dags/example_xcom.py
[2026-05-16T11:07:00.397+0000] {logging_mixin.py:188} INFO - [2026-05-16T11:07:00.396+0000] {dag.py:3089} INFO - Sync 1 DAGs
[2026-05-16T11:07:00.434+0000] {logging_mixin.py:188} INFO - [2026-05-16T11:07:00.434+0000] {dag.py:3947} INFO - Setting next_dagrun for example_xcom to 2021-01-01 00:00:00+00:00, run_after=2021-01-01 00:00:00+00:00
[2026-05-16T11:07:00.497+0000] {processor.py:183} INFO - Processing /home/airflow/.local/lib/python3.12/site-packages/airflow/example_dags/example_xcom.py took 0.168 seconds
[2026-05-16T11:07:31.274+0000] {processor.py:161} INFO - Started process (PID=83194) to work on /home/airflow/.local/lib/python3.12/site-packages/airflow/example_dags/example_xcom.py
[2026-05-16T11:07:31.276+0000] {processor.py:830} INFO - Processing file /home/airflow/.local/lib/python3.12/site-packages/airflow/example_dags/example_xcom.py for tasks to queue
[2026-05-16T11:07:31.281+0000] {logging_mixin.py:188} INFO - [2026-05-16T11:07:31.280+0000] {dagbag.py:545} INFO - Filling up the DagBag from /home/airflow/.local/lib/python3.12/site-packages/airflow/example_dags/example_xcom.py
[2026-05-16T11:07:31.300+0000] {processor.py:840} INFO - DAG(s) 'example_xcom' retrieved from /home/airflow/.local/lib/python3.12/site-packages/airflow/example_dags/example_xcom.py
[2026-05-16T11:07:31.339+0000] {logging_mixin.py:188} INFO - [2026-05-16T11:07:31.339+0000] {dag.py:3089} INFO - Sync 1 DAGs
[2026-05-16T11:07:31.384+0000] {logging_mixin.py:188} INFO - [2026-05-16T11:07:31.384+0000] {dag.py:3947} INFO - Setting next_dagrun for example_xcom to 2021-01-01 00:00:00+00:00, run_after=2021-01-01 00:00:00+00:00
[2026-05-16T11:07:31.419+0000] {processor.py:183} INFO - Processing /home/airflow/.local/lib/python3.12/site-packages/airflow/example_dags/example_xcom.py took 0.158 seconds
[2026-05-16T11:08:02.142+0000] {processor.py:161} INFO - Started process (PID=83263) to work on /home/airflow/.local/lib/python3.12/site-packages/airflow/example_dags/example_xcom.py
[2026-05-16T11:08:02.144+0000] {processor.py:830} INFO - Processing file /home/airflow/.local/lib/python3.12/site-packages/airflow/example_dags/example_xcom.py for tasks to queue
[2026-05-16T11:08:02.148+0000] {logging_mixin.py:188} INFO - [2026-05-16T11:08:02.148+0000] {dagbag.py:545} INFO - Filling up the DagBag from /home/airflow/.local/lib/python3.12/site-packages/airflow/example_dags/example_xcom.py
[2026-05-16T11:08:02.163+0000] {processor.py:840} INFO - DAG(s) 'example_xcom' retrieved from /home/airflow/.local/lib/python3.12/site-packages/airflow/example_dags/example_xcom.py
[2026-05-16T11:08:02.215+0000] {logging_mixin.py:188} INFO - [2026-05-16T11:08:02.215+0000] {dag.py:3089} INFO - Sync 1 DAGs
[2026-05-16T11:08:02.262+0000] {logging_mixin.py:188} INFO - [2026-05-16T11:08:02.261+0000] {dag.py:3947} INFO - Setting next_dagrun for example_xcom to 2021-01-01 00:00:00+00:00, run_after=2021-01-01 00:00:00+00:00
[2026-05-16T11:08:02.296+0000] {processor.py:183} INFO - Processing /home/airflow/.local/lib/python3.12/site-packages/airflow/example_dags/example_xcom.py took 0.166 seconds
[2026-05-16T11:08:32.992+0000] {processor.py:161} INFO - Started process (PID=83331) to work on /home/airflow/.local/lib/python3.12/site-packages/airflow/example_dags/example_xcom.py
[2026-05-16T11:08:32.996+0000] {processor.py:830} INFO - Processing file /home/airflow/.local/lib/python3.12/site-packages/airflow/example_dags/example_xcom.py for tasks to queue
[2026-05-16T11:08:33.002+0000] {logging_mixin.py:188} INFO - [2026-05-16T11:08:33.001+0000] {dagbag.py:545} INFO - Filling up the DagBag from /home/airflow/.local/lib/python3.12/site-packages/airflow/example_dags/example_xcom.py
[2026-05-16T11:08:33.018+0000] {processor.py:840} INFO - DAG(s) 'example_xcom' retrieved from /home/airflow/.local/lib/python3.12/site-packages/airflow/example_dags/example_xcom.py
[2026-05-16T11:08:33.063+0000] {logging_mixin.py:188} INFO - [2026-05-16T11:08:33.062+0000] {dag.py:3089} INFO - Sync 1 DAGs
[2026-05-16T11:08:33.106+0000] {logging_mixin.py:188} INFO - [2026-05-16T11:08:33.105+0000] {dag.py:3947} INFO - Setting next_dagrun for example_xcom to 2021-01-01 00:00:00+00:00, run_after=2021-01-01 00:00:00+00:00
[2026-05-16T11:08:33.151+0000] {processor.py:183} INFO - Processing /home/airflow/.local/lib/python3.12/site-packages/airflow/example_dags/example_xcom.py took 0.173 seconds
[2026-05-16T11:09:03.346+0000] {processor.py:161} INFO - Started process (PID=83399) to work on /home/airflow/.local/lib/python3.12/site-packages/airflow/example_dags/example_xcom.py
[2026-05-16T11:09:03.350+0000] {processor.py:830} INFO - Processing file /home/airflow/.local/lib/python3.12/site-packages/airflow/example_dags/example_xcom.py for tasks to queue
[2026-05-16T11:09:03.356+0000] {logging_mixin.py:188} INFO - [2026-05-16T11:09:03.355+0000] {dagbag.py:545} INFO - Filling up the DagBag from /home/airflow/.local/lib/python3.12/site-packages/airflow/example_dags/example_xcom.py
[2026-05-16T11:09:03.378+0000] {processor.py:840} INFO - DAG(s) 'example_xcom' retrieved from /home/airflow/.local/lib/python3.12/site-packages/airflow/example_dags/example_xcom.py
[2026-05-16T11:09:03.420+0000] {logging_mixin.py:188} INFO - [2026-05-16T11:09:03.419+0000] {dag.py:3089} INFO - Sync 1 DAGs
[2026-05-16T11:09:03.475+0000] {logging_mixin.py:188} INFO - [2026-05-16T11:09:03.474+0000] {dag.py:3947} INFO - Setting next_dagrun for example_xcom to 2021-01-01 00:00:00+00:00, run_after=2021-01-01 00:00:00+00:00
[2026-05-16T11:09:03.542+0000] {processor.py:183} INFO - Processing /home/airflow/.local/lib/python3.12/site-packages/airflow/example_dags/example_xcom.py took 0.212 seconds
[2026-05-16T11:09:33.609+0000] {processor.py:161} INFO - Started process (PID=83467) to work on /home/airflow/.local/lib/python3.12/site-packages/airflow/example_dags/example_xcom.py
[2026-05-16T11:09:33.611+0000] {processor.py:830} INFO - Processing file /home/airflow/.local/lib/python3.12/site-packages/airflow/example_dags/example_xcom.py for tasks to queue
[2026-05-16T11:09:33.615+0000] {logging_mixin.py:188} INFO - [2026-05-16T11:09:33.614+0000] {dagbag.py:545} INFO - Filling up the DagBag from /home/airflow/.local/lib/python3.12/site-packages/airflow/example_dags/example_xcom.py
[2026-05-16T11:09:33.627+0000] {processor.py:840} INFO - DAG(s) 'example_xcom' retrieved from /home/airflow/.local/lib/python3.12/site-packages/airflow/example_dags/example_xcom.py
[2026-05-16T11:09:33.665+0000] {logging_mixin.py:188} INFO - [2026-05-16T11:09:33.664+0000] {dag.py:3089} INFO - Sync 1 DAGs
[2026-05-16T11:09:33.703+0000] {logging_mixin.py:188} INFO - [2026-05-16T11:09:33.703+0000] {dag.py:3947} INFO - Setting next_dagrun for example_xcom to 2021-01-01 00:00:00+00:00, run_after=2021-01-01 00:00:00+00:00
[2026-05-16T11:09:33.749+0000] {processor.py:183} INFO - Processing /home/airflow/.local/lib/python3.12/site-packages/airflow/example_dags/example_xcom.py took 0.150 seconds
[2026-05-16T11:10:03.887+0000] {processor.py:161} INFO - Started process (PID=83535) to work on /home/airflow/.local/lib/python3.12/site-packages/airflow/example_dags/example_xcom.py
[2026-05-16T11:10:03.889+0000] {processor.py:830} INFO - Processing file /home/airflow/.local/lib/python3.12/site-packages/airflow/example_dags/example_xcom.py for tasks to queue
[2026-05-16T11:10:03.893+0000] {logging_mixin.py:188} INFO - [2026-05-16T11:10:03.892+0000] {dagbag.py:545} INFO - Filling up the DagBag from /home/airflow/.local/lib/python3.12/site-packages/airflow/example_dags/example_xcom.py
[2026-05-16T11:10:03.906+0000] {processor.py:840} INFO - DAG(s) 'example_xcom' retrieved from /home/airflow/.local/lib/python3.12/site-packages/airflow/example_dags/example_xcom.py
[2026-05-16T11:10:03.946+0000] {logging_mixin.py:188} INFO - [2026-05-16T11:10:03.946+0000] {dag.py:3089} INFO - Sync 1 DAGs
[2026-05-16T11:10:03.985+0000] {logging_mixin.py:188} INFO - [2026-05-16T11:10:03.984+0000] {dag.py:3947} INFO - Setting next_dagrun for example_xcom to 2021-01-01 00:00:00+00:00, run_after=2021-01-01 00:00:00+00:00
[2026-05-16T11:10:04.023+0000] {processor.py:183} INFO - Processing /home/airflow/.local/lib/python3.12/site-packages/airflow/example_dags/example_xcom.py took 0.146 seconds
[2026-05-16T11:10:35.099+0000] {processor.py:161} INFO - Started process (PID=83603) to work on /home/airflow/.local/lib/python3.12/site-packages/airflow/example_dags/example_xcom.py
[2026-05-16T11:10:35.102+0000] {processor.py:830} INFO - Processing file /home/airflow/.local/lib/python3.12/site-packages/airflow/example_dags/example_xcom.py for tasks to queue
[2026-05-16T11:10:35.108+0000] {logging_mixin.py:188} INFO - [2026-05-16T11:10:35.107+0000] {dagbag.py:545} INFO - Filling up the DagBag from /home/airflow/.local/lib/python3.12/site-packages/airflow/example_dags/example_xcom.py
[2026-05-16T11:10:35.128+0000] {processor.py:840} INFO - DAG(s) 'example_xcom' retrieved from /home/airflow/.local/lib/python3.12/site-packages/airflow/example_dags/example_xcom.py
[2026-05-16T11:10:35.180+0000] {logging_mixin.py:188} INFO - [2026-05-16T11:10:35.179+0000] {dag.py:3089} INFO - Sync 1 DAGs
[2026-05-16T11:10:35.229+0000] {logging_mixin.py:188} INFO - [2026-05-16T11:10:35.228+0000] {dag.py:3947} INFO - Setting next_dagrun for example_xcom to 2021-01-01 00:00:00+00:00, run_after=2021-01-01 00:00:00+00:00
[2026-05-16T11:10:35.302+0000] {processor.py:183} INFO - Processing /home/airflow/.local/lib/python3.12/site-packages/airflow/example_dags/example_xcom.py took 0.222 seconds
[2026-05-16T11:11:05.396+0000] {processor.py:161} INFO - Started process (PID=83678) to work on /home/airflow/.local/lib/python3.12/site-packages/airflow/example_dags/example_xcom.py
[2026-05-16T11:11:05.400+0000] {processor.py:830} INFO - Processing file /home/airflow/.local/lib/python3.12/site-packages/airflow/example_dags/example_xcom.py for tasks to queue
[2026-05-16T11:11:05.404+0000] {logging_mixin.py:188} INFO - [2026-05-16T11:11:05.403+0000] {dagbag.py:545} INFO - Filling up the DagBag from /home/airflow/.local/lib/python3.12/site-packages/airflow/example_dags/example_xcom.py
[2026-05-16T11:11:05.416+0000] {processor.py:840} INFO - DAG(s) 'example_xcom' retrieved from /home/airflow/.local/lib/python3.12/site-packages/airflow/example_dags/example_xcom.py
[2026-05-16T11:11:05.452+0000] {logging_mixin.py:188} INFO - [2026-05-16T11:11:05.451+0000] {dag.py:3089} INFO - Sync 1 DAGs
[2026-05-16T11:11:05.502+0000] {logging_mixin.py:188} INFO - [2026-05-16T11:11:05.501+0000] {dag.py:3947} INFO - Setting next_dagrun for example_xcom to 2021-01-01 00:00:00+00:00, run_after=2021-01-01 00:00:00+00:00
[2026-05-16T11:11:05.552+0000] {processor.py:183} INFO - Processing /home/airflow/.local/lib/python3.12/site-packages/airflow/example_dags/example_xcom.py took 0.166 seconds
[2026-05-16T11:11:35.881+0000] {processor.py:161} INFO - Started process (PID=83746) to work on /home/airflow/.local/lib/python3.12/site-packages/airflow/example_dags/example_xcom.py
[2026-05-16T11:11:35.883+0000] {processor.py:830} INFO - Processing file /home/airflow/.local/lib/python3.12/site-packages/airflow/example_dags/example_xcom.py for tasks to queue
[2026-05-16T11:11:35.887+0000] {logging_mixin.py:188} INFO - [2026-05-16T11:11:35.886+0000] {dagbag.py:545} INFO - Filling up the DagBag from /home/airflow/.local/lib/python3.12/site-packages/airflow/example_dags/example_xcom.py
[2026-05-16T11:11:35.898+0000] {processor.py:840} INFO - DAG(s) 'example_xcom' retrieved from /home/airflow/.local/lib/python3.12/site-packages/airflow/example_dags/example_xcom.py
[2026-05-16T11:11:35.935+0000] {logging_mixin.py:188} INFO - [2026-05-16T11:11:35.935+0000] {dag.py:3089} INFO - Sync 1 DAGs
[2026-05-16T11:11:35.971+0000] {logging_mixin.py:188} INFO - [2026-05-16T11:11:35.971+0000] {dag.py:3947} INFO - Setting next_dagrun for example_xcom to 2021-01-01 00:00:00+00:00, run_after=2021-01-01 00:00:00+00:00
[2026-05-16T11:11:36.037+0000] {processor.py:183} INFO - Processing /home/airflow/.local/lib/python3.12/site-packages/airflow/example_dags/example_xcom.py took 0.165 seconds
[2026-05-16T11:12:06.413+0000] {processor.py:161} INFO - Started process (PID=83814) to work on /home/airflow/.local/lib/python3.12/site-packages/airflow/example_dags/example_xcom.py
[2026-05-16T11:12:06.415+0000] {processor.py:830} INFO - Processing file /home/airflow/.local/lib/python3.12/site-packages/airflow/example_dags/example_xcom.py for tasks to queue
[2026-05-16T11:12:06.419+0000] {logging_mixin.py:188} INFO - [2026-05-16T11:12:06.418+0000] {dagbag.py:545} INFO - Filling up the DagBag from /home/airflow/.local/lib/python3.12/site-packages/airflow/example_dags/example_xcom.py
[2026-05-16T11:12:06.431+0000] {processor.py:840} INFO - DAG(s) 'example_xcom' retrieved from /home/airflow/.local/lib/python3.12/site-packages/airflow/example_dags/example_xcom.py
[2026-05-16T11:12:06.468+0000] {logging_mixin.py:188} INFO - [2026-05-16T11:12:06.468+0000] {dag.py:3089} INFO - Sync 1 DAGs
[2026-05-16T11:12:06.502+0000] {logging_mixin.py:188} INFO - [2026-05-16T11:12:06.501+0000] {dag.py:3947} INFO - Setting next_dagrun for example_xcom to 2021-01-01 00:00:00+00:00, run_after=2021-01-01 00:00:00+00:00
[2026-05-16T11:12:06.537+0000] {processor.py:183} INFO - Processing /home/airflow/.local/lib/python3.12/site-packages/airflow/example_dags/example_xcom.py took 0.136 seconds
[2026-05-16T11:12:37.747+0000] {processor.py:161} INFO - Started process (PID=83882) to work on /home/airflow/.local/lib/python3.12/site-packages/airflow/example_dags/example_xcom.py
[2026-05-16T11:12:37.750+0000] {processor.py:830} INFO - Processing file /home/airflow/.local/lib/python3.12/site-packages/airflow/example_dags/example_xcom.py for tasks to queue
[2026-05-16T11:12:37.755+0000] {logging_mixin.py:188} INFO - [2026-05-16T11:12:37.754+0000] {dagbag.py:545} INFO - Filling up the DagBag from /home/airflow/.local/lib/python3.12/site-packages/airflow/example_dags/example_xcom.py
[2026-05-16T11:12:37.775+0000] {processor.py:840} INFO - DAG(s) 'example_xcom' retrieved from /home/airflow/.local/lib/python3.12/site-packages/airflow/example_dags/example_xcom.py
[2026-05-16T11:12:37.833+0000] {logging_mixin.py:188} INFO - [2026-05-16T11:12:37.832+0000] {dag.py:3089} INFO - Sync 1 DAGs
[2026-05-16T11:12:37.879+0000] {logging_mixin.py:188} INFO - [2026-05-16T11:12:37.879+0000] {dag.py:3947} INFO - Setting next_dagrun for example_xcom to 2021-01-01 00:00:00+00:00, run_after=2021-01-01 00:00:00+00:00
[2026-05-16T11:12:37.959+0000] {processor.py:183} INFO - Processing /home/airflow/.local/lib/python3.12/site-packages/airflow/example_dags/example_xcom.py took 0.227 seconds
[2026-05-16T11:13:08.145+0000] {processor.py:161} INFO - Started process (PID=83950) to work on /home/airflow/.local/lib/python3.12/site-packages/airflow/example_dags/example_xcom.py
[2026-05-16T11:13:08.147+0000] {processor.py:830} INFO - Processing file /home/airflow/.local/lib/python3.12/site-packages/airflow/example_dags/example_xcom.py for tasks to queue
[2026-05-16T11:13:08.152+0000] {logging_mixin.py:188} INFO - [2026-05-16T11:13:08.151+0000] {dagbag.py:545} INFO - Filling up the DagBag from /home/airflow/.local/lib/python3.12/site-packages/airflow/example_dags/example_xcom.py
[2026-05-16T11:13:08.170+0000] {processor.py:840} INFO - DAG(s) 'example_xcom' retrieved from /home/airflow/.local/lib/python3.12/site-packages/airflow/example_dags/example_xcom.py
[2026-05-16T11:13:08.216+0000] {logging_mixin.py:188} INFO - [2026-05-16T11:13:08.216+0000] {dag.py:3089} INFO - Sync 1 DAGs
[2026-05-16T11:13:08.257+0000] {logging_mixin.py:188} INFO - [2026-05-16T11:13:08.257+0000] {dag.py:3947} INFO - Setting next_dagrun for example_xcom to 2021-01-01 00:00:00+00:00, run_after=2021-01-01 00:00:00+00:00
[2026-05-16T11:13:08.300+0000] {processor.py:183} INFO - Processing /home/airflow/.local/lib/python3.12/site-packages/airflow/example_dags/example_xcom.py took 0.168 seconds
[2026-05-16T11:13:39.143+0000] {processor.py:161} INFO - Started process (PID=84018) to work on /home/airflow/.local/lib/python3.12/site-packages/airflow/example_dags/example_xcom.py
[2026-05-16T11:13:39.146+0000] {processor.py:830} INFO - Processing file /home/airflow/.local/lib/python3.12/site-packages/airflow/example_dags/example_xcom.py for tasks to queue
[2026-05-16T11:13:39.151+0000] {logging_mixin.py:188} INFO - [2026-05-16T11:13:39.150+0000] {dagbag.py:545} INFO - Filling up the DagBag from /home/airflow/.local/lib/python3.12/site-packages/airflow/example_dags/example_xcom.py
[2026-05-16T11:13:39.170+0000] {processor.py:840} INFO - DAG(s) 'example_xcom' retrieved from /home/airflow/.local/lib/python3.12/site-packages/airflow/example_dags/example_xcom.py
[2026-05-16T11:13:39.213+0000] {logging_mixin.py:188} INFO - [2026-05-16T11:13:39.213+0000] {dag.py:3089} INFO - Sync 1 DAGs
[2026-05-16T11:13:39.254+0000] {logging_mixin.py:188} INFO - [2026-05-16T11:13:39.254+0000] {dag.py:3947} INFO - Setting next_dagrun for example_xcom to 2021-01-01 00:00:00+00:00, run_after=2021-01-01 00:00:00+00:00
[2026-05-16T11:13:39.297+0000] {processor.py:183} INFO - Processing /home/airflow/.local/lib/python3.12/site-packages/airflow/example_dags/example_xcom.py took 0.167 seconds
[2026-05-16T11:14:09.694+0000] {processor.py:161} INFO - Started process (PID=84086) to work on /home/airflow/.local/lib/python3.12/site-packages/airflow/example_dags/example_xcom.py
[2026-05-16T11:14:09.696+0000] {processor.py:830} INFO - Processing file /home/airflow/.local/lib/python3.12/site-packages/airflow/example_dags/example_xcom.py for tasks to queue
[2026-05-16T11:14:09.703+0000] {logging_mixin.py:188} INFO - [2026-05-16T11:14:09.701+0000] {dagbag.py:545} INFO - Filling up the DagBag from /home/airflow/.local/lib/python3.12/site-packages/airflow/example_dags/example_xcom.py
[2026-05-16T11:14:09.718+0000] {processor.py:840} INFO - DAG(s) 'example_xcom' retrieved from /home/airflow/.local/lib/python3.12/site-packages/airflow/example_dags/example_xcom.py
[2026-05-16T11:14:09.758+0000] {logging_mixin.py:188} INFO - [2026-05-16T11:14:09.757+0000] {dag.py:3089} INFO - Sync 1 DAGs
[2026-05-16T11:14:09.799+0000] {logging_mixin.py:188} INFO - [2026-05-16T11:14:09.798+0000] {dag.py:3947} INFO - Setting next_dagrun for example_xcom to 2021-01-01 00:00:00+00:00, run_after=2021-01-01 00:00:00+00:00
[2026-05-16T11:14:09.853+0000] {processor.py:183} INFO - Processing /home/airflow/.local/lib/python3.12/site-packages/airflow/example_dags/example_xcom.py took 0.169 seconds
[2026-05-16T11:14:41.396+0000] {processor.py:161} INFO - Started process (PID=84154) to work on /home/airflow/.local/lib/python3.12/site-packages/airflow/example_dags/example_xcom.py
[2026-05-16T11:14:41.398+0000] {processor.py:830} INFO - Processing file /home/airflow/.local/lib/python3.12/site-packages/airflow/example_dags/example_xcom.py for tasks to queue
[2026-05-16T11:14:41.404+0000] {logging_mixin.py:188} INFO - [2026-05-16T11:14:41.403+0000] {dagbag.py:545} INFO - Filling up the DagBag from /home/airflow/.local/lib/python3.12/site-packages/airflow/example_dags/example_xcom.py
[2026-05-16T11:14:41.419+0000] {processor.py:840} INFO - DAG(s) 'example_xcom' retrieved from /home/airflow/.local/lib/python3.12/site-packages/airflow/example_dags/example_xcom.py
[2026-05-16T11:14:41.471+0000] {logging_mixin.py:188} INFO - [2026-05-16T11:14:41.470+0000] {dag.py:3089} INFO - Sync 1 DAGs
[2026-05-16T11:14:41.508+0000] {logging_mixin.py:188} INFO - [2026-05-16T11:14:41.507+0000] {dag.py:3947} INFO - Setting next_dagrun for example_xcom to 2021-01-01 00:00:00+00:00, run_after=2021-01-01 00:00:00+00:00
[2026-05-16T11:14:41.575+0000] {processor.py:183} INFO - Processing /home/airflow/.local/lib/python3.12/site-packages/airflow/example_dags/example_xcom.py took 0.194 seconds
[2026-05-16T11:15:11.795+0000] {processor.py:161} INFO - Started process (PID=84222) to work on /home/airflow/.local/lib/python3.12/site-packages/airflow/example_dags/example_xcom.py
[2026-05-16T11:15:11.797+0000] {processor.py:830} INFO - Processing file /home/airflow/.local/lib/python3.12/site-packages/airflow/example_dags/example_xcom.py for tasks to queue
[2026-05-16T11:15:11.801+0000] {logging_mixin.py:188} INFO - [2026-05-16T11:15:11.800+0000] {dagbag.py:545} INFO - Filling up the DagBag from /home/airflow/.local/lib/python3.12/site-packages/airflow/example_dags/example_xcom.py
[2026-05-16T11:15:11.819+0000] {processor.py:840} INFO - DAG(s) 'example_xcom' retrieved from /home/airflow/.local/lib/python3.12/site-packages/airflow/example_dags/example_xcom.py
[2026-05-16T11:15:11.857+0000] {logging_mixin.py:188} INFO - [2026-05-16T11:15:11.856+0000] {dag.py:3089} INFO - Sync 1 DAGs
[2026-05-16T11:15:11.895+0000] {logging_mixin.py:188} INFO - [2026-05-16T11:15:11.894+0000] {dag.py:3947} INFO - Setting next_dagrun for example_xcom to 2021-01-01 00:00:00+00:00, run_after=2021-01-01 00:00:00+00:00
[2026-05-16T11:15:12.073+0000] {processor.py:183} INFO - Processing /home/airflow/.local/lib/python3.12/site-packages/airflow/example_dags/example_xcom.py took 0.295 seconds
[2026-05-16T11:15:42.764+0000] {processor.py:161} INFO - Started process (PID=84290) to work on /home/airflow/.local/lib/python3.12/site-packages/airflow/example_dags/example_xcom.py
[2026-05-16T11:15:42.766+0000] {processor.py:830} INFO - Processing file /home/airflow/.local/lib/python3.12/site-packages/airflow/example_dags/example_xcom.py for tasks to queue
[2026-05-16T11:15:42.771+0000] {logging_mixin.py:188} INFO - [2026-05-16T11:15:42.770+0000] {dagbag.py:545} INFO - Filling up the DagBag from /home/airflow/.local/lib/python3.12/site-packages/airflow/example_dags/example_xcom.py
[2026-05-16T11:15:42.790+0000] {processor.py:840} INFO - DAG(s) 'example_xcom' retrieved from /home/airflow/.local/lib/python3.12/site-packages/airflow/example_dags/example_xcom.py
[2026-05-16T11:15:42.832+0000] {logging_mixin.py:188} INFO - [2026-05-16T11:15:42.832+0000] {dag.py:3089} INFO - Sync 1 DAGs
[2026-05-16T11:15:42.875+0000] {logging_mixin.py:188} INFO - [2026-05-16T11:15:42.875+0000] {dag.py:3947} INFO - Setting next_dagrun for example_xcom to 2021-01-01 00:00:00+00:00, run_after=2021-01-01 00:00:00+00:00
[2026-05-16T11:15:42.920+0000] {processor.py:183} INFO - Processing /home/airflow/.local/lib/python3.12/site-packages/airflow/example_dags/example_xcom.py took 0.169 seconds
[2026-05-16T11:16:13.122+0000] {processor.py:161} INFO - Started process (PID=84366) to work on /home/airflow/.local/lib/python3.12/site-packages/airflow/example_dags/example_xcom.py
[2026-05-16T11:16:13.124+0000] {processor.py:830} INFO - Processing file /home/airflow/.local/lib/python3.12/site-packages/airflow/example_dags/example_xcom.py for tasks to queue
[2026-05-16T11:16:13.128+0000] {logging_mixin.py:188} INFO - [2026-05-16T11:16:13.127+0000] {dagbag.py:545} INFO - Filling up the DagBag from /home/airflow/.local/lib/python3.12/site-packages/airflow/example_dags/example_xcom.py
[2026-05-16T11:16:13.142+0000] {processor.py:840} INFO - DAG(s) 'example_xcom' retrieved from /home/airflow/.local/lib/python3.12/site-packages/airflow/example_dags/example_xcom.py
[2026-05-16T11:16:13.179+0000] {logging_mixin.py:188} INFO - [2026-05-16T11:16:13.178+0000] {dag.py:3089} INFO - Sync 1 DAGs
[2026-05-16T11:16:13.211+0000] {logging_mixin.py:188} INFO - [2026-05-16T11:16:13.211+0000] {dag.py:3947} INFO - Setting next_dagrun for example_xcom to 2021-01-01 00:00:00+00:00, run_after=2021-01-01 00:00:00+00:00
[2026-05-16T11:16:13.252+0000] {processor.py:183} INFO - Processing /home/airflow/.local/lib/python3.12/site-packages/airflow/example_dags/example_xcom.py took 0.140 seconds
[2026-05-16T11:16:44.024+0000] {processor.py:161} INFO - Started process (PID=84434) to work on /home/airflow/.local/lib/python3.12/site-packages/airflow/example_dags/example_xcom.py
[2026-05-16T11:16:44.025+0000] {processor.py:830} INFO - Processing file /home/airflow/.local/lib/python3.12/site-packages/airflow/example_dags/example_xcom.py for tasks to queue
[2026-05-16T11:16:44.029+0000] {logging_mixin.py:188} INFO - [2026-05-16T11:16:44.028+0000] {dagbag.py:545} INFO - Filling up the DagBag from /home/airflow/.local/lib/python3.12/site-packages/airflow/example_dags/example_xcom.py
[2026-05-16T11:16:44.039+0000] {processor.py:840} INFO - DAG(s) 'example_xcom' retrieved from /home/airflow/.local/lib/python3.12/site-packages/airflow/example_dags/example_xcom.py
[2026-05-16T11:16:44.073+0000] {logging_mixin.py:188} INFO - [2026-05-16T11:16:44.073+0000] {dag.py:3089} INFO - Sync 1 DAGs
[2026-05-16T11:16:44.111+0000] {logging_mixin.py:188} INFO - [2026-05-16T11:16:44.111+0000] {dag.py:3947} INFO - Setting next_dagrun for example_xcom to 2021-01-01 00:00:00+00:00, run_after=2021-01-01 00:00:00+00:00
[2026-05-16T11:16:44.151+0000] {processor.py:183} INFO - Processing /home/airflow/.local/lib/python3.12/site-packages/airflow/example_dags/example_xcom.py took 0.140 seconds
[2026-05-16T11:17:14.872+0000] {processor.py:161} INFO - Started process (PID=84501) to work on /home/airflow/.local/lib/python3.12/site-packages/airflow/example_dags/example_xcom.py
[2026-05-16T11:17:14.873+0000] {processor.py:830} INFO - Processing file /home/airflow/.local/lib/python3.12/site-packages/airflow/example_dags/example_xcom.py for tasks to queue
[2026-05-16T11:17:14.877+0000] {logging_mixin.py:188} INFO - [2026-05-16T11:17:14.876+0000] {dagbag.py:545} INFO - Filling up the DagBag from /home/airflow/.local/lib/python3.12/site-packages/airflow/example_dags/example_xcom.py
[2026-05-16T11:17:14.892+0000] {processor.py:840} INFO - DAG(s) 'example_xcom' retrieved from /home/airflow/.local/lib/python3.12/site-packages/airflow/example_dags/example_xcom.py
[2026-05-16T11:17:14.937+0000] {logging_mixin.py:188} INFO - [2026-05-16T11:17:14.936+0000] {dag.py:3089} INFO - Sync 1 DAGs
[2026-05-16T11:17:14.972+0000] {logging_mixin.py:188} INFO - [2026-05-16T11:17:14.971+0000] {dag.py:3947} INFO - Setting next_dagrun for example_xcom to 2021-01-01 00:00:00+00:00, run_after=2021-01-01 00:00:00+00:00
[2026-05-16T11:17:15.016+0000] {processor.py:183} INFO - Processing /home/airflow/.local/lib/python3.12/site-packages/airflow/example_dags/example_xcom.py took 0.155 seconds
[2026-05-16T11:17:45.188+0000] {processor.py:161} INFO - Started process (PID=84569) to work on /home/airflow/.local/lib/python3.12/site-packages/airflow/example_dags/example_xcom.py
[2026-05-16T11:17:45.190+0000] {processor.py:830} INFO - Processing file /home/airflow/.local/lib/python3.12/site-packages/airflow/example_dags/example_xcom.py for tasks to queue
[2026-05-16T11:17:45.195+0000] {logging_mixin.py:188} INFO - [2026-05-16T11:17:45.194+0000] {dagbag.py:545} INFO - Filling up the DagBag from /home/airflow/.local/lib/python3.12/site-packages/airflow/example_dags/example_xcom.py
[2026-05-16T11:17:45.208+0000] {processor.py:840} INFO - DAG(s) 'example_xcom' retrieved from /home/airflow/.local/lib/python3.12/site-packages/airflow/example_dags/example_xcom.py
[2026-05-16T11:17:45.243+0000] {logging_mixin.py:188} INFO - [2026-05-16T11:17:45.242+0000] {dag.py:3089} INFO - Sync 1 DAGs
[2026-05-16T11:17:45.285+0000] {logging_mixin.py:188} INFO - [2026-05-16T11:17:45.284+0000] {dag.py:3947} INFO - Setting next_dagrun for example_xcom to 2021-01-01 00:00:00+00:00, run_after=2021-01-01 00:00:00+00:00
[2026-05-16T11:17:45.321+0000] {processor.py:183} INFO - Processing /home/airflow/.local/lib/python3.12/site-packages/airflow/example_dags/example_xcom.py took 0.144 seconds
[2026-05-16T11:18:16.031+0000] {processor.py:161} INFO - Started process (PID=84637) to work on /home/airflow/.local/lib/python3.12/site-packages/airflow/example_dags/example_xcom.py
[2026-05-16T11:18:16.033+0000] {processor.py:830} INFO - Processing file /home/airflow/.local/lib/python3.12/site-packages/airflow/example_dags/example_xcom.py for tasks to queue
[2026-05-16T11:18:16.037+0000] {logging_mixin.py:188} INFO - [2026-05-16T11:18:16.036+0000] {dagbag.py:545} INFO - Filling up the DagBag from /home/airflow/.local/lib/python3.12/site-packages/airflow/example_dags/example_xcom.py
[2026-05-16T11:18:16.056+0000] {processor.py:840} INFO - DAG(s) 'example_xcom' retrieved from /home/airflow/.local/lib/python3.12/site-packages/airflow/example_dags/example_xcom.py
[2026-05-16T11:18:16.101+0000] {logging_mixin.py:188} INFO - [2026-05-16T11:18:16.100+0000] {dag.py:3089} INFO - Sync 1 DAGs
[2026-05-16T11:18:16.147+0000] {logging_mixin.py:188} INFO - [2026-05-16T11:18:16.146+0000] {dag.py:3947} INFO - Setting next_dagrun for example_xcom to 2021-01-01 00:00:00+00:00, run_after=2021-01-01 00:00:00+00:00
[2026-05-16T11:18:16.184+0000] {processor.py:183} INFO - Processing /home/airflow/.local/lib/python3.12/site-packages/airflow/example_dags/example_xcom.py took 0.166 seconds
[2026-05-16T11:18:46.467+0000] {processor.py:161} INFO - Started process (PID=84705) to work on /home/airflow/.local/lib/python3.12/site-packages/airflow/example_dags/example_xcom.py
[2026-05-16T11:18:46.470+0000] {processor.py:830} INFO - Processing file /home/airflow/.local/lib/python3.12/site-packages/airflow/example_dags/example_xcom.py for tasks to queue
[2026-05-16T11:18:46.474+0000] {logging_mixin.py:188} INFO - [2026-05-16T11:18:46.474+0000] {dagbag.py:545} INFO - Filling up the DagBag from /home/airflow/.local/lib/python3.12/site-packages/airflow/example_dags/example_xcom.py
[2026-05-16T11:18:46.493+0000] {processor.py:840} INFO - DAG(s) 'example_xcom' retrieved from /home/airflow/.local/lib/python3.12/site-packages/airflow/example_dags/example_xcom.py
[2026-05-16T11:18:46.542+0000] {logging_mixin.py:188} INFO - [2026-05-16T11:18:46.541+0000] {dag.py:3089} INFO - Sync 1 DAGs
[2026-05-16T11:18:46.595+0000] {logging_mixin.py:188} INFO - [2026-05-16T11:18:46.595+0000] {dag.py:3947} INFO - Setting next_dagrun for example_xcom to 2021-01-01 00:00:00+00:00, run_after=2021-01-01 00:00:00+00:00
[2026-05-16T11:18:46.673+0000] {processor.py:183} INFO - Processing /home/airflow/.local/lib/python3.12/site-packages/airflow/example_dags/example_xcom.py took 0.218 seconds
[2026-05-16T11:19:17.016+0000] {processor.py:161} INFO - Started process (PID=84773) to work on /home/airflow/.local/lib/python3.12/site-packages/airflow/example_dags/example_xcom.py
[2026-05-16T11:19:17.019+0000] {processor.py:830} INFO - Processing file /home/airflow/.local/lib/python3.12/site-packages/airflow/example_dags/example_xcom.py for tasks to queue
[2026-05-16T11:19:17.024+0000] {logging_mixin.py:188} INFO - [2026-05-16T11:19:17.023+0000] {dagbag.py:545} INFO - Filling up the DagBag from /home/airflow/.local/lib/python3.12/site-packages/airflow/example_dags/example_xcom.py
[2026-05-16T11:19:17.045+0000] {processor.py:840} INFO - DAG(s) 'example_xcom' retrieved from /home/airflow/.local/lib/python3.12/site-packages/airflow/example_dags/example_xcom.py
[2026-05-16T11:19:17.097+0000] {logging_mixin.py:188} INFO - [2026-05-16T11:19:17.096+0000] {dag.py:3089} INFO - Sync 1 DAGs
[2026-05-16T11:19:17.137+0000] {logging_mixin.py:188} INFO - [2026-05-16T11:19:17.137+0000] {dag.py:3947} INFO - Setting next_dagrun for example_xcom to 2021-01-01 00:00:00+00:00, run_after=2021-01-01 00:00:00+00:00
[2026-05-16T11:19:17.217+0000] {processor.py:183} INFO - Processing /home/airflow/.local/lib/python3.12/site-packages/airflow/example_dags/example_xcom.py took 0.216 seconds
[2026-05-16T11:19:47.749+0000] {processor.py:161} INFO - Started process (PID=84841) to work on /home/airflow/.local/lib/python3.12/site-packages/airflow/example_dags/example_xcom.py
[2026-05-16T11:19:47.752+0000] {processor.py:830} INFO - Processing file /home/airflow/.local/lib/python3.12/site-packages/airflow/example_dags/example_xcom.py for tasks to queue
[2026-05-16T11:19:47.757+0000] {logging_mixin.py:188} INFO - [2026-05-16T11:19:47.756+0000] {dagbag.py:545} INFO - Filling up the DagBag from /home/airflow/.local/lib/python3.12/site-packages/airflow/example_dags/example_xcom.py
[2026-05-16T11:19:47.774+0000] {processor.py:840} INFO - DAG(s) 'example_xcom' retrieved from /home/airflow/.local/lib/python3.12/site-packages/airflow/example_dags/example_xcom.py
[2026-05-16T11:19:47.820+0000] {logging_mixin.py:188} INFO - [2026-05-16T11:19:47.819+0000] {dag.py:3089} INFO - Sync 1 DAGs
[2026-05-16T11:19:47.864+0000] {logging_mixin.py:188} INFO - [2026-05-16T11:19:47.864+0000] {dag.py:3947} INFO - Setting next_dagrun for example_xcom to 2021-01-01 00:00:00+00:00, run_after=2021-01-01 00:00:00+00:00
[2026-05-16T11:19:47.904+0000] {processor.py:183} INFO - Processing /home/airflow/.local/lib/python3.12/site-packages/airflow/example_dags/example_xcom.py took 0.168 seconds
[2026-05-16T11:20:18.059+0000] {processor.py:161} INFO - Started process (PID=84909) to work on /home/airflow/.local/lib/python3.12/site-packages/airflow/example_dags/example_xcom.py
[2026-05-16T11:20:18.061+0000] {processor.py:830} INFO - Processing file /home/airflow/.local/lib/python3.12/site-packages/airflow/example_dags/example_xcom.py for tasks to queue
[2026-05-16T11:20:18.065+0000] {logging_mixin.py:188} INFO - [2026-05-16T11:20:18.064+0000] {dagbag.py:545} INFO - Filling up the DagBag from /home/airflow/.local/lib/python3.12/site-packages/airflow/example_dags/example_xcom.py
[2026-05-16T11:20:18.080+0000] {processor.py:840} INFO - DAG(s) 'example_xcom' retrieved from /home/airflow/.local/lib/python3.12/site-packages/airflow/example_dags/example_xcom.py
[2026-05-16T11:20:18.120+0000] {logging_mixin.py:188} INFO - [2026-05-16T11:20:18.120+0000] {dag.py:3089} INFO - Sync 1 DAGs
[2026-05-16T11:20:18.155+0000] {logging_mixin.py:188} INFO - [2026-05-16T11:20:18.154+0000] {dag.py:3947} INFO - Setting next_dagrun for example_xcom to 2021-01-01 00:00:00+00:00, run_after=2021-01-01 00:00:00+00:00
[2026-05-16T11:20:18.192+0000] {processor.py:183} INFO - Processing /home/airflow/.local/lib/python3.12/site-packages/airflow/example_dags/example_xcom.py took 0.144 seconds
[2026-05-16T11:20:48.536+0000] {processor.py:161} INFO - Started process (PID=84978) to work on /home/airflow/.local/lib/python3.12/site-packages/airflow/example_dags/example_xcom.py
[2026-05-16T11:20:48.538+0000] {processor.py:830} INFO - Processing file /home/airflow/.local/lib/python3.12/site-packages/airflow/example_dags/example_xcom.py for tasks to queue
[2026-05-16T11:20:48.543+0000] {logging_mixin.py:188} INFO - [2026-05-16T11:20:48.542+0000] {dagbag.py:545} INFO - Filling up the DagBag from /home/airflow/.local/lib/python3.12/site-packages/airflow/example_dags/example_xcom.py
[2026-05-16T11:20:48.557+0000] {processor.py:840} INFO - DAG(s) 'example_xcom' retrieved from /home/airflow/.local/lib/python3.12/site-packages/airflow/example_dags/example_xcom.py
[2026-05-16T11:20:48.592+0000] {logging_mixin.py:188} INFO - [2026-05-16T11:20:48.592+0000] {dag.py:3089} INFO - Sync 1 DAGs
[2026-05-16T11:20:48.624+0000] {logging_mixin.py:188} INFO - [2026-05-16T11:20:48.624+0000] {dag.py:3947} INFO - Setting next_dagrun for example_xcom to 2021-01-01 00:00:00+00:00, run_after=2021-01-01 00:00:00+00:00
[2026-05-16T11:20:48.669+0000] {processor.py:183} INFO - Processing /home/airflow/.local/lib/python3.12/site-packages/airflow/example_dags/example_xcom.py took 0.143 seconds
[2026-05-16T11:21:19.657+0000] {processor.py:161} INFO - Started process (PID=85052) to work on /home/airflow/.local/lib/python3.12/site-packages/airflow/example_dags/example_xcom.py
[2026-05-16T11:21:19.659+0000] {processor.py:830} INFO - Processing file /home/airflow/.local/lib/python3.12/site-packages/airflow/example_dags/example_xcom.py for tasks to queue
[2026-05-16T11:21:19.663+0000] {logging_mixin.py:188} INFO - [2026-05-16T11:21:19.662+0000] {dagbag.py:545} INFO - Filling up the DagBag from /home/airflow/.local/lib/python3.12/site-packages/airflow/example_dags/example_xcom.py
[2026-05-16T11:21:19.675+0000] {processor.py:840} INFO - DAG(s) 'example_xcom' retrieved from /home/airflow/.local/lib/python3.12/site-packages/airflow/example_dags/example_xcom.py
[2026-05-16T11:21:19.715+0000] {logging_mixin.py:188} INFO - [2026-05-16T11:21:19.714+0000] {dag.py:3089} INFO - Sync 1 DAGs
[2026-05-16T11:21:19.757+0000] {logging_mixin.py:188} INFO - [2026-05-16T11:21:19.756+0000] {dag.py:3947} INFO - Setting next_dagrun for example_xcom to 2021-01-01 00:00:00+00:00, run_after=2021-01-01 00:00:00+00:00
[2026-05-16T11:21:19.795+0000] {processor.py:183} INFO - Processing /home/airflow/.local/lib/python3.12/site-packages/airflow/example_dags/example_xcom.py took 0.150 seconds
[2026-05-16T11:21:50.624+0000] {processor.py:161} INFO - Started process (PID=85120) to work on /home/airflow/.local/lib/python3.12/site-packages/airflow/example_dags/example_xcom.py
[2026-05-16T11:21:50.626+0000] {processor.py:830} INFO - Processing file /home/airflow/.local/lib/python3.12/site-packages/airflow/example_dags/example_xcom.py for tasks to queue
[2026-05-16T11:21:50.632+0000] {logging_mixin.py:188} INFO - [2026-05-16T11:21:50.631+0000] {dagbag.py:545} INFO - Filling up the DagBag from /home/airflow/.local/lib/python3.12/site-packages/airflow/example_dags/example_xcom.py
[2026-05-16T11:21:50.651+0000] {processor.py:840} INFO - DAG(s) 'example_xcom' retrieved from /home/airflow/.local/lib/python3.12/site-packages/airflow/example_dags/example_xcom.py
[2026-05-16T11:21:50.698+0000] {logging_mixin.py:188} INFO - [2026-05-16T11:21:50.697+0000] {dag.py:3089} INFO - Sync 1 DAGs
[2026-05-16T11:21:50.979+0000] {logging_mixin.py:188} INFO - [2026-05-16T11:21:50.978+0000] {dag.py:3947} INFO - Setting next_dagrun for example_xcom to 2021-01-01 00:00:00+00:00, run_after=2021-01-01 00:00:00+00:00
[2026-05-16T11:21:51.126+0000] {processor.py:183} INFO - Processing /home/airflow/.local/lib/python3.12/site-packages/airflow/example_dags/example_xcom.py took 0.516 seconds
[2026-05-16T11:22:21.630+0000] {processor.py:161} INFO - Started process (PID=85187) to work on /home/airflow/.local/lib/python3.12/site-packages/airflow/example_dags/example_xcom.py
[2026-05-16T11:22:21.632+0000] {processor.py:830} INFO - Processing file /home/airflow/.local/lib/python3.12/site-packages/airflow/example_dags/example_xcom.py for tasks to queue
[2026-05-16T11:22:21.637+0000] {logging_mixin.py:188} INFO - [2026-05-16T11:22:21.637+0000] {dagbag.py:545} INFO - Filling up the DagBag from /home/airflow/.local/lib/python3.12/site-packages/airflow/example_dags/example_xcom.py
[2026-05-16T11:22:21.650+0000] {processor.py:840} INFO - DAG(s) 'example_xcom' retrieved from /home/airflow/.local/lib/python3.12/site-packages/airflow/example_dags/example_xcom.py
[2026-05-16T11:22:21.688+0000] {logging_mixin.py:188} INFO - [2026-05-16T11:22:21.687+0000] {dag.py:3089} INFO - Sync 1 DAGs
[2026-05-16T11:22:21.723+0000] {logging_mixin.py:188} INFO - [2026-05-16T11:22:21.723+0000] {dag.py:3947} INFO - Setting next_dagrun for example_xcom to 2021-01-01 00:00:00+00:00, run_after=2021-01-01 00:00:00+00:00
[2026-05-16T11:22:21.767+0000] {processor.py:183} INFO - Processing /home/airflow/.local/lib/python3.12/site-packages/airflow/example_dags/example_xcom.py took 0.148 seconds
[2026-05-16T11:22:52.400+0000] {processor.py:161} INFO - Started process (PID=85255) to work on /home/airflow/.local/lib/python3.12/site-packages/airflow/example_dags/example_xcom.py
[2026-05-16T11:22:52.403+0000] {processor.py:830} INFO - Processing file /home/airflow/.local/lib/python3.12/site-packages/airflow/example_dags/example_xcom.py for tasks to queue
[2026-05-16T11:22:52.410+0000] {logging_mixin.py:188} INFO - [2026-05-16T11:22:52.409+0000] {dagbag.py:545} INFO - Filling up the DagBag from /home/airflow/.local/lib/python3.12/site-packages/airflow/example_dags/example_xcom.py
[2026-05-16T11:22:52.432+0000] {processor.py:840} INFO - DAG(s) 'example_xcom' retrieved from /home/airflow/.local/lib/python3.12/site-packages/airflow/example_dags/example_xcom.py
[2026-05-16T11:22:52.493+0000] {logging_mixin.py:188} INFO - [2026-05-16T11:22:52.492+0000] {dag.py:3089} INFO - Sync 1 DAGs
[2026-05-16T11:22:52.531+0000] {logging_mixin.py:188} INFO - [2026-05-16T11:22:52.531+0000] {dag.py:3947} INFO - Setting next_dagrun for example_xcom to 2021-01-01 00:00:00+00:00, run_after=2021-01-01 00:00:00+00:00
[2026-05-16T11:22:52.604+0000] {processor.py:183} INFO - Processing /home/airflow/.local/lib/python3.12/site-packages/airflow/example_dags/example_xcom.py took 0.219 seconds
[2026-05-16T11:23:23.342+0000] {processor.py:161} INFO - Started process (PID=85323) to work on /home/airflow/.local/lib/python3.12/site-packages/airflow/example_dags/example_xcom.py
[2026-05-16T11:23:23.347+0000] {processor.py:830} INFO - Processing file /home/airflow/.local/lib/python3.12/site-packages/airflow/example_dags/example_xcom.py for tasks to queue
[2026-05-16T11:23:23.353+0000] {logging_mixin.py:188} INFO - [2026-05-16T11:23:23.352+0000] {dagbag.py:545} INFO - Filling up the DagBag from /home/airflow/.local/lib/python3.12/site-packages/airflow/example_dags/example_xcom.py
[2026-05-16T11:23:23.376+0000] {processor.py:840} INFO - DAG(s) 'example_xcom' retrieved from /home/airflow/.local/lib/python3.12/site-packages/airflow/example_dags/example_xcom.py
[2026-05-16T11:23:23.426+0000] {logging_mixin.py:188} INFO - [2026-05-16T11:23:23.425+0000] {dag.py:3089} INFO - Sync 1 DAGs
[2026-05-16T11:23:23.469+0000] {logging_mixin.py:188} INFO - [2026-05-16T11:23:23.468+0000] {dag.py:3947} INFO - Setting next_dagrun for example_xcom to 2021-01-01 00:00:00+00:00, run_after=2021-01-01 00:00:00+00:00
[2026-05-16T11:23:23.537+0000] {processor.py:183} INFO - Processing /home/airflow/.local/lib/python3.12/site-packages/airflow/example_dags/example_xcom.py took 0.211 seconds
[2026-05-16T11:23:54.105+0000] {processor.py:161} INFO - Started process (PID=85391) to work on /home/airflow/.local/lib/python3.12/site-packages/airflow/example_dags/example_xcom.py
[2026-05-16T11:23:54.108+0000] {processor.py:830} INFO - Processing file /home/airflow/.local/lib/python3.12/site-packages/airflow/example_dags/example_xcom.py for tasks to queue
[2026-05-16T11:23:54.112+0000] {logging_mixin.py:188} INFO - [2026-05-16T11:23:54.111+0000] {dagbag.py:545} INFO - Filling up the DagBag from /home/airflow/.local/lib/python3.12/site-packages/airflow/example_dags/example_xcom.py
[2026-05-16T11:23:54.126+0000] {processor.py:840} INFO - DAG(s) 'example_xcom' retrieved from /home/airflow/.local/lib/python3.12/site-packages/airflow/example_dags/example_xcom.py
[2026-05-16T11:23:54.170+0000] {logging_mixin.py:188} INFO - [2026-05-16T11:23:54.170+0000] {dag.py:3089} INFO - Sync 1 DAGs
[2026-05-16T11:23:54.208+0000] {logging_mixin.py:188} INFO - [2026-05-16T11:23:54.207+0000] {dag.py:3947} INFO - Setting next_dagrun for example_xcom to 2021-01-01 00:00:00+00:00, run_after=2021-01-01 00:00:00+00:00
[2026-05-16T11:23:54.243+0000] {processor.py:183} INFO - Processing /home/airflow/.local/lib/python3.12/site-packages/airflow/example_dags/example_xcom.py took 0.149 seconds
[2026-05-16T11:24:25.001+0000] {processor.py:161} INFO - Started process (PID=85459) to work on /home/airflow/.local/lib/python3.12/site-packages/airflow/example_dags/example_xcom.py
[2026-05-16T11:24:25.006+0000] {processor.py:830} INFO - Processing file /home/airflow/.local/lib/python3.12/site-packages/airflow/example_dags/example_xcom.py for tasks to queue
[2026-05-16T11:24:25.011+0000] {logging_mixin.py:188} INFO - [2026-05-16T11:24:25.011+0000] {dagbag.py:545} INFO - Filling up the DagBag from /home/airflow/.local/lib/python3.12/site-packages/airflow/example_dags/example_xcom.py
[2026-05-16T11:24:25.025+0000] {processor.py:840} INFO - DAG(s) 'example_xcom' retrieved from /home/airflow/.local/lib/python3.12/site-packages/airflow/example_dags/example_xcom.py
[2026-05-16T11:24:25.072+0000] {logging_mixin.py:188} INFO - [2026-05-16T11:24:25.072+0000] {dag.py:3089} INFO - Sync 1 DAGs
[2026-05-16T11:24:25.116+0000] {logging_mixin.py:188} INFO - [2026-05-16T11:24:25.115+0000] {dag.py:3947} INFO - Setting next_dagrun for example_xcom to 2021-01-01 00:00:00+00:00, run_after=2021-01-01 00:00:00+00:00
[2026-05-16T11:24:25.158+0000] {processor.py:183} INFO - Processing /home/airflow/.local/lib/python3.12/site-packages/airflow/example_dags/example_xcom.py took 0.169 seconds
[2026-05-16T11:24:55.955+0000] {processor.py:161} INFO - Started process (PID=85527) to work on /home/airflow/.local/lib/python3.12/site-packages/airflow/example_dags/example_xcom.py
[2026-05-16T11:24:55.957+0000] {processor.py:830} INFO - Processing file /home/airflow/.local/lib/python3.12/site-packages/airflow/example_dags/example_xcom.py for tasks to queue
[2026-05-16T11:24:55.961+0000] {logging_mixin.py:188} INFO - [2026-05-16T11:24:55.960+0000] {dagbag.py:545} INFO - Filling up the DagBag from /home/airflow/.local/lib/python3.12/site-packages/airflow/example_dags/example_xcom.py
[2026-05-16T11:24:55.986+0000] {processor.py:840} INFO - DAG(s) 'example_xcom' retrieved from /home/airflow/.local/lib/python3.12/site-packages/airflow/example_dags/example_xcom.py
[2026-05-16T11:24:56.034+0000] {logging_mixin.py:188} INFO - [2026-05-16T11:24:56.033+0000] {dag.py:3089} INFO - Sync 1 DAGs
[2026-05-16T11:24:56.081+0000] {logging_mixin.py:188} INFO - [2026-05-16T11:24:56.079+0000] {dag.py:3947} INFO - Setting next_dagrun for example_xcom to 2021-01-01 00:00:00+00:00, run_after=2021-01-01 00:00:00+00:00
[2026-05-16T11:24:56.167+0000] {processor.py:183} INFO - Processing /home/airflow/.local/lib/python3.12/site-packages/airflow/example_dags/example_xcom.py took 0.225 seconds
[2026-05-16T11:25:26.248+0000] {processor.py:161} INFO - Started process (PID=85595) to work on /home/airflow/.local/lib/python3.12/site-packages/airflow/example_dags/example_xcom.py
[2026-05-16T11:25:26.250+0000] {processor.py:830} INFO - Processing file /home/airflow/.local/lib/python3.12/site-packages/airflow/example_dags/example_xcom.py for tasks to queue
[2026-05-16T11:25:26.260+0000] {logging_mixin.py:188} INFO - [2026-05-16T11:25:26.260+0000] {dagbag.py:545} INFO - Filling up the DagBag from /home/airflow/.local/lib/python3.12/site-packages/airflow/example_dags/example_xcom.py
[2026-05-16T11:25:26.274+0000] {processor.py:840} INFO - DAG(s) 'example_xcom' retrieved from /home/airflow/.local/lib/python3.12/site-packages/airflow/example_dags/example_xcom.py
[2026-05-16T11:25:26.313+0000] {logging_mixin.py:188} INFO - [2026-05-16T11:25:26.312+0000] {dag.py:3089} INFO - Sync 1 DAGs
[2026-05-16T11:25:26.346+0000] {logging_mixin.py:188} INFO - [2026-05-16T11:25:26.346+0000] {dag.py:3947} INFO - Setting next_dagrun for example_xcom to 2021-01-01 00:00:00+00:00, run_after=2021-01-01 00:00:00+00:00
[2026-05-16T11:25:26.414+0000] {processor.py:183} INFO - Processing /home/airflow/.local/lib/python3.12/site-packages/airflow/example_dags/example_xcom.py took 0.176 seconds
[2026-05-16T11:25:56.945+0000] {processor.py:161} INFO - Started process (PID=85664) to work on /home/airflow/.local/lib/python3.12/site-packages/airflow/example_dags/example_xcom.py
[2026-05-16T11:25:56.948+0000] {processor.py:830} INFO - Processing file /home/airflow/.local/lib/python3.12/site-packages/airflow/example_dags/example_xcom.py for tasks to queue
[2026-05-16T11:25:56.952+0000] {logging_mixin.py:188} INFO - [2026-05-16T11:25:56.952+0000] {dagbag.py:545} INFO - Filling up the DagBag from /home/airflow/.local/lib/python3.12/site-packages/airflow/example_dags/example_xcom.py
[2026-05-16T11:25:56.965+0000] {processor.py:840} INFO - DAG(s) 'example_xcom' retrieved from /home/airflow/.local/lib/python3.12/site-packages/airflow/example_dags/example_xcom.py
[2026-05-16T11:25:57.002+0000] {logging_mixin.py:188} INFO - [2026-05-16T11:25:57.001+0000] {dag.py:3089} INFO - Sync 1 DAGs
[2026-05-16T11:25:57.035+0000] {logging_mixin.py:188} INFO - [2026-05-16T11:25:57.034+0000] {dag.py:3947} INFO - Setting next_dagrun for example_xcom to 2021-01-01 00:00:00+00:00, run_after=2021-01-01 00:00:00+00:00
[2026-05-16T11:25:57.096+0000] {processor.py:183} INFO - Processing /home/airflow/.local/lib/python3.12/site-packages/airflow/example_dags/example_xcom.py took 0.160 seconds
[2026-05-16T11:26:27.958+0000] {processor.py:161} INFO - Started process (PID=85732) to work on /home/airflow/.local/lib/python3.12/site-packages/airflow/example_dags/example_xcom.py
[2026-05-16T11:26:27.960+0000] {processor.py:830} INFO - Processing file /home/airflow/.local/lib/python3.12/site-packages/airflow/example_dags/example_xcom.py for tasks to queue
[2026-05-16T11:26:27.965+0000] {logging_mixin.py:188} INFO - [2026-05-16T11:26:27.964+0000] {dagbag.py:545} INFO - Filling up the DagBag from /home/airflow/.local/lib/python3.12/site-packages/airflow/example_dags/example_xcom.py
[2026-05-16T11:26:27.978+0000] {processor.py:840} INFO - DAG(s) 'example_xcom' retrieved from /home/airflow/.local/lib/python3.12/site-packages/airflow/example_dags/example_xcom.py
[2026-05-16T11:26:28.015+0000] {logging_mixin.py:188} INFO - [2026-05-16T11:26:28.015+0000] {dag.py:3089} INFO - Sync 1 DAGs
[2026-05-16T11:26:28.051+0000] {logging_mixin.py:188} INFO - [2026-05-16T11:26:28.051+0000] {dag.py:3947} INFO - Setting next_dagrun for example_xcom to 2021-01-01 00:00:00+00:00, run_after=2021-01-01 00:00:00+00:00
[2026-05-16T11:26:28.093+0000] {processor.py:183} INFO - Processing /home/airflow/.local/lib/python3.12/site-packages/airflow/example_dags/example_xcom.py took 0.151 seconds
[2026-05-16T11:26:58.883+0000] {processor.py:161} INFO - Started process (PID=85800) to work on /home/airflow/.local/lib/python3.12/site-packages/airflow/example_dags/example_xcom.py
[2026-05-16T11:26:58.885+0000] {processor.py:830} INFO - Processing file /home/airflow/.local/lib/python3.12/site-packages/airflow/example_dags/example_xcom.py for tasks to queue
[2026-05-16T11:26:58.890+0000] {logging_mixin.py:188} INFO - [2026-05-16T11:26:58.889+0000] {dagbag.py:545} INFO - Filling up the DagBag from /home/airflow/.local/lib/python3.12/site-packages/airflow/example_dags/example_xcom.py
[2026-05-16T11:26:58.903+0000] {processor.py:840} INFO - DAG(s) 'example_xcom' retrieved from /home/airflow/.local/lib/python3.12/site-packages/airflow/example_dags/example_xcom.py
[2026-05-16T11:26:58.942+0000] {logging_mixin.py:188} INFO - [2026-05-16T11:26:58.942+0000] {dag.py:3089} INFO - Sync 1 DAGs
[2026-05-16T11:26:58.974+0000] {logging_mixin.py:188} INFO - [2026-05-16T11:26:58.974+0000] {dag.py:3947} INFO - Setting next_dagrun for example_xcom to 2021-01-01 00:00:00+00:00, run_after=2021-01-01 00:00:00+00:00
[2026-05-16T11:26:59.033+0000] {processor.py:183} INFO - Processing /home/airflow/.local/lib/python3.12/site-packages/airflow/example_dags/example_xcom.py took 0.160 seconds
[2026-05-16T11:27:29.705+0000] {processor.py:161} INFO - Started process (PID=85875) to work on /home/airflow/.local/lib/python3.12/site-packages/airflow/example_dags/example_xcom.py
[2026-05-16T11:27:29.709+0000] {processor.py:830} INFO - Processing file /home/airflow/.local/lib/python3.12/site-packages/airflow/example_dags/example_xcom.py for tasks to queue
[2026-05-16T11:27:29.714+0000] {logging_mixin.py:188} INFO - [2026-05-16T11:27:29.713+0000] {dagbag.py:545} INFO - Filling up the DagBag from /home/airflow/.local/lib/python3.12/site-packages/airflow/example_dags/example_xcom.py
[2026-05-16T11:27:29.734+0000] {processor.py:840} INFO - DAG(s) 'example_xcom' retrieved from /home/airflow/.local/lib/python3.12/site-packages/airflow/example_dags/example_xcom.py
[2026-05-16T11:27:29.779+0000] {logging_mixin.py:188} INFO - [2026-05-16T11:27:29.779+0000] {dag.py:3089} INFO - Sync 1 DAGs
[2026-05-16T11:27:29.819+0000] {logging_mixin.py:188} INFO - [2026-05-16T11:27:29.818+0000] {dag.py:3947} INFO - Setting next_dagrun for example_xcom to 2021-01-01 00:00:00+00:00, run_after=2021-01-01 00:00:00+00:00
[2026-05-16T11:27:29.854+0000] {processor.py:183} INFO - Processing /home/airflow/.local/lib/python3.12/site-packages/airflow/example_dags/example_xcom.py took 0.165 seconds
[2026-05-16T11:28:00.317+0000] {processor.py:161} INFO - Started process (PID=85943) to work on /home/airflow/.local/lib/python3.12/site-packages/airflow/example_dags/example_xcom.py
[2026-05-16T11:28:00.319+0000] {processor.py:830} INFO - Processing file /home/airflow/.local/lib/python3.12/site-packages/airflow/example_dags/example_xcom.py for tasks to queue
[2026-05-16T11:28:00.323+0000] {logging_mixin.py:188} INFO - [2026-05-16T11:28:00.322+0000] {dagbag.py:545} INFO - Filling up the DagBag from /home/airflow/.local/lib/python3.12/site-packages/airflow/example_dags/example_xcom.py
[2026-05-16T11:28:00.336+0000] {processor.py:840} INFO - DAG(s) 'example_xcom' retrieved from /home/airflow/.local/lib/python3.12/site-packages/airflow/example_dags/example_xcom.py
[2026-05-16T11:28:00.373+0000] {logging_mixin.py:188} INFO - [2026-05-16T11:28:00.372+0000] {dag.py:3089} INFO - Sync 1 DAGs
[2026-05-16T11:28:00.404+0000] {logging_mixin.py:188} INFO - [2026-05-16T11:28:00.403+0000] {dag.py:3947} INFO - Setting next_dagrun for example_xcom to 2021-01-01 00:00:00+00:00, run_after=2021-01-01 00:00:00+00:00
[2026-05-16T11:28:00.438+0000] {processor.py:183} INFO - Processing /home/airflow/.local/lib/python3.12/site-packages/airflow/example_dags/example_xcom.py took 0.132 seconds
[2026-05-16T11:28:31.316+0000] {processor.py:161} INFO - Started process (PID=86008) to work on /home/airflow/.local/lib/python3.12/site-packages/airflow/example_dags/example_xcom.py
[2026-05-16T11:28:31.318+0000] {processor.py:830} INFO - Processing file /home/airflow/.local/lib/python3.12/site-packages/airflow/example_dags/example_xcom.py for tasks to queue
[2026-05-16T11:28:31.322+0000] {logging_mixin.py:188} INFO - [2026-05-16T11:28:31.321+0000] {dagbag.py:545} INFO - Filling up the DagBag from /home/airflow/.local/lib/python3.12/site-packages/airflow/example_dags/example_xcom.py
[2026-05-16T11:28:31.340+0000] {processor.py:840} INFO - DAG(s) 'example_xcom' retrieved from /home/airflow/.local/lib/python3.12/site-packages/airflow/example_dags/example_xcom.py
[2026-05-16T11:28:31.387+0000] {logging_mixin.py:188} INFO - [2026-05-16T11:28:31.386+0000] {dag.py:3089} INFO - Sync 1 DAGs
[2026-05-16T11:28:31.420+0000] {logging_mixin.py:188} INFO - [2026-05-16T11:28:31.419+0000] {dag.py:3947} INFO - Setting next_dagrun for example_xcom to 2021-01-01 00:00:00+00:00, run_after=2021-01-01 00:00:00+00:00
[2026-05-16T11:28:31.458+0000] {processor.py:183} INFO - Processing /home/airflow/.local/lib/python3.12/site-packages/airflow/example_dags/example_xcom.py took 0.155 seconds
[2026-05-16T11:29:01.889+0000] {processor.py:161} INFO - Started process (PID=86076) to work on /home/airflow/.local/lib/python3.12/site-packages/airflow/example_dags/example_xcom.py
[2026-05-16T11:29:01.899+0000] {processor.py:830} INFO - Processing file /home/airflow/.local/lib/python3.12/site-packages/airflow/example_dags/example_xcom.py for tasks to queue
[2026-05-16T11:29:01.903+0000] {logging_mixin.py:188} INFO - [2026-05-16T11:29:01.903+0000] {dagbag.py:545} INFO - Filling up the DagBag from /home/airflow/.local/lib/python3.12/site-packages/airflow/example_dags/example_xcom.py
[2026-05-16T11:29:01.923+0000] {processor.py:840} INFO - DAG(s) 'example_xcom' retrieved from /home/airflow/.local/lib/python3.12/site-packages/airflow/example_dags/example_xcom.py
[2026-05-16T11:29:01.978+0000] {logging_mixin.py:188} INFO - [2026-05-16T11:29:01.977+0000] {dag.py:3089} INFO - Sync 1 DAGs
[2026-05-16T11:29:02.020+0000] {logging_mixin.py:188} INFO - [2026-05-16T11:29:02.019+0000] {dag.py:3947} INFO - Setting next_dagrun for example_xcom to 2021-01-01 00:00:00+00:00, run_after=2021-01-01 00:00:00+00:00
[2026-05-16T11:29:02.073+0000] {processor.py:183} INFO - Processing /home/airflow/.local/lib/python3.12/site-packages/airflow/example_dags/example_xcom.py took 0.196 seconds
[2026-05-16T11:29:32.296+0000] {processor.py:161} INFO - Started process (PID=86143) to work on /home/airflow/.local/lib/python3.12/site-packages/airflow/example_dags/example_xcom.py
[2026-05-16T11:29:32.299+0000] {processor.py:830} INFO - Processing file /home/airflow/.local/lib/python3.12/site-packages/airflow/example_dags/example_xcom.py for tasks to queue
[2026-05-16T11:29:32.304+0000] {logging_mixin.py:188} INFO - [2026-05-16T11:29:32.304+0000] {dagbag.py:545} INFO - Filling up the DagBag from /home/airflow/.local/lib/python3.12/site-packages/airflow/example_dags/example_xcom.py
[2026-05-16T11:29:32.320+0000] {processor.py:840} INFO - DAG(s) 'example_xcom' retrieved from /home/airflow/.local/lib/python3.12/site-packages/airflow/example_dags/example_xcom.py
[2026-05-16T11:29:32.372+0000] {logging_mixin.py:188} INFO - [2026-05-16T11:29:32.372+0000] {dag.py:3089} INFO - Sync 1 DAGs
[2026-05-16T11:29:32.410+0000] {logging_mixin.py:188} INFO - [2026-05-16T11:29:32.409+0000] {dag.py:3947} INFO - Setting next_dagrun for example_xcom to 2021-01-01 00:00:00+00:00, run_after=2021-01-01 00:00:00+00:00
[2026-05-16T11:29:32.582+0000] {processor.py:183} INFO - Processing /home/airflow/.local/lib/python3.12/site-packages/airflow/example_dags/example_xcom.py took 0.304 seconds
[2026-05-16T11:30:02.972+0000] {processor.py:161} INFO - Started process (PID=86211) to work on /home/airflow/.local/lib/python3.12/site-packages/airflow/example_dags/example_xcom.py
[2026-05-16T11:30:02.974+0000] {processor.py:830} INFO - Processing file /home/airflow/.local/lib/python3.12/site-packages/airflow/example_dags/example_xcom.py for tasks to queue
[2026-05-16T11:30:02.979+0000] {logging_mixin.py:188} INFO - [2026-05-16T11:30:02.978+0000] {dagbag.py:545} INFO - Filling up the DagBag from /home/airflow/.local/lib/python3.12/site-packages/airflow/example_dags/example_xcom.py
[2026-05-16T11:30:02.991+0000] {processor.py:840} INFO - DAG(s) 'example_xcom' retrieved from /home/airflow/.local/lib/python3.12/site-packages/airflow/example_dags/example_xcom.py
[2026-05-16T11:30:03.031+0000] {logging_mixin.py:188} INFO - [2026-05-16T11:30:03.030+0000] {dag.py:3089} INFO - Sync 1 DAGs
[2026-05-16T11:30:03.068+0000] {logging_mixin.py:188} INFO - [2026-05-16T11:30:03.067+0000] {dag.py:3947} INFO - Setting next_dagrun for example_xcom to 2021-01-01 00:00:00+00:00, run_after=2021-01-01 00:00:00+00:00
[2026-05-16T11:30:03.109+0000] {processor.py:183} INFO - Processing /home/airflow/.local/lib/python3.12/site-packages/airflow/example_dags/example_xcom.py took 0.147 seconds
[2026-05-16T11:30:33.306+0000] {processor.py:161} INFO - Started process (PID=86279) to work on /home/airflow/.local/lib/python3.12/site-packages/airflow/example_dags/example_xcom.py
[2026-05-16T11:30:33.309+0000] {processor.py:830} INFO - Processing file /home/airflow/.local/lib/python3.12/site-packages/airflow/example_dags/example_xcom.py for tasks to queue
[2026-05-16T11:30:33.313+0000] {logging_mixin.py:188} INFO - [2026-05-16T11:30:33.313+0000] {dagbag.py:545} INFO - Filling up the DagBag from /home/airflow/.local/lib/python3.12/site-packages/airflow/example_dags/example_xcom.py
[2026-05-16T11:30:33.329+0000] {processor.py:840} INFO - DAG(s) 'example_xcom' retrieved from /home/airflow/.local/lib/python3.12/site-packages/airflow/example_dags/example_xcom.py
[2026-05-16T11:30:33.379+0000] {logging_mixin.py:188} INFO - [2026-05-16T11:30:33.378+0000] {dag.py:3089} INFO - Sync 1 DAGs
[2026-05-16T11:30:33.427+0000] {logging_mixin.py:188} INFO - [2026-05-16T11:30:33.427+0000] {dag.py:3947} INFO - Setting next_dagrun for example_xcom to 2021-01-01 00:00:00+00:00, run_after=2021-01-01 00:00:00+00:00
[2026-05-16T11:30:33.500+0000] {processor.py:183} INFO - Processing /home/airflow/.local/lib/python3.12/site-packages/airflow/example_dags/example_xcom.py took 0.207 seconds
[2026-05-16T11:31:04.320+0000] {processor.py:161} INFO - Started process (PID=86347) to work on /home/airflow/.local/lib/python3.12/site-packages/airflow/example_dags/example_xcom.py
[2026-05-16T11:31:04.322+0000] {processor.py:830} INFO - Processing file /home/airflow/.local/lib/python3.12/site-packages/airflow/example_dags/example_xcom.py for tasks to queue
[2026-05-16T11:31:04.327+0000] {logging_mixin.py:188} INFO - [2026-05-16T11:31:04.326+0000] {dagbag.py:545} INFO - Filling up the DagBag from /home/airflow/.local/lib/python3.12/site-packages/airflow/example_dags/example_xcom.py
[2026-05-16T11:31:04.344+0000] {processor.py:840} INFO - DAG(s) 'example_xcom' retrieved from /home/airflow/.local/lib/python3.12/site-packages/airflow/example_dags/example_xcom.py
[2026-05-16T11:31:04.385+0000] {logging_mixin.py:188} INFO - [2026-05-16T11:31:04.385+0000] {dag.py:3089} INFO - Sync 1 DAGs
[2026-05-16T11:31:04.432+0000] {logging_mixin.py:188} INFO - [2026-05-16T11:31:04.431+0000] {dag.py:3947} INFO - Setting next_dagrun for example_xcom to 2021-01-01 00:00:00+00:00, run_after=2021-01-01 00:00:00+00:00
[2026-05-16T11:31:04.503+0000] {processor.py:183} INFO - Processing /home/airflow/.local/lib/python3.12/site-packages/airflow/example_dags/example_xcom.py took 0.197 seconds
[2026-05-16T11:31:34.664+0000] {processor.py:161} INFO - Started process (PID=86415) to work on /home/airflow/.local/lib/python3.12/site-packages/airflow/example_dags/example_xcom.py
[2026-05-16T11:31:34.666+0000] {processor.py:830} INFO - Processing file /home/airflow/.local/lib/python3.12/site-packages/airflow/example_dags/example_xcom.py for tasks to queue
[2026-05-16T11:31:34.669+0000] {logging_mixin.py:188} INFO - [2026-05-16T11:31:34.669+0000] {dagbag.py:545} INFO - Filling up the DagBag from /home/airflow/.local/lib/python3.12/site-packages/airflow/example_dags/example_xcom.py
[2026-05-16T11:31:34.684+0000] {processor.py:840} INFO - DAG(s) 'example_xcom' retrieved from /home/airflow/.local/lib/python3.12/site-packages/airflow/example_dags/example_xcom.py
[2026-05-16T11:31:34.722+0000] {logging_mixin.py:188} INFO - [2026-05-16T11:31:34.721+0000] {dag.py:3089} INFO - Sync 1 DAGs
[2026-05-16T11:31:34.769+0000] {logging_mixin.py:188} INFO - [2026-05-16T11:31:34.769+0000] {dag.py:3947} INFO - Setting next_dagrun for example_xcom to 2021-01-01 00:00:00+00:00, run_after=2021-01-01 00:00:00+00:00
[2026-05-16T11:31:34.838+0000] {processor.py:183} INFO - Processing /home/airflow/.local/lib/python3.12/site-packages/airflow/example_dags/example_xcom.py took 0.185 seconds
[2026-05-16T11:32:05.835+0000] {processor.py:161} INFO - Started process (PID=86484) to work on /home/airflow/.local/lib/python3.12/site-packages/airflow/example_dags/example_xcom.py
[2026-05-16T11:32:05.839+0000] {processor.py:830} INFO - Processing file /home/airflow/.local/lib/python3.12/site-packages/airflow/example_dags/example_xcom.py for tasks to queue
[2026-05-16T11:32:05.842+0000] {logging_mixin.py:188} INFO - [2026-05-16T11:32:05.842+0000] {dagbag.py:545} INFO - Filling up the DagBag from /home/airflow/.local/lib/python3.12/site-packages/airflow/example_dags/example_xcom.py
[2026-05-16T11:32:05.863+0000] {processor.py:840} INFO - DAG(s) 'example_xcom' retrieved from /home/airflow/.local/lib/python3.12/site-packages/airflow/example_dags/example_xcom.py
[2026-05-16T11:32:05.914+0000] {logging_mixin.py:188} INFO - [2026-05-16T11:32:05.914+0000] {dag.py:3089} INFO - Sync 1 DAGs
[2026-05-16T11:32:05.955+0000] {logging_mixin.py:188} INFO - [2026-05-16T11:32:05.954+0000] {dag.py:3947} INFO - Setting next_dagrun for example_xcom to 2021-01-01 00:00:00+00:00, run_after=2021-01-01 00:00:00+00:00
[2026-05-16T11:32:06.013+0000] {processor.py:183} INFO - Processing /home/airflow/.local/lib/python3.12/site-packages/airflow/example_dags/example_xcom.py took 0.190 seconds
[2026-05-16T11:32:36.195+0000] {processor.py:161} INFO - Started process (PID=86552) to work on /home/airflow/.local/lib/python3.12/site-packages/airflow/example_dags/example_xcom.py
[2026-05-16T11:32:36.198+0000] {processor.py:830} INFO - Processing file /home/airflow/.local/lib/python3.12/site-packages/airflow/example_dags/example_xcom.py for tasks to queue
[2026-05-16T11:32:36.202+0000] {logging_mixin.py:188} INFO - [2026-05-16T11:32:36.202+0000] {dagbag.py:545} INFO - Filling up the DagBag from /home/airflow/.local/lib/python3.12/site-packages/airflow/example_dags/example_xcom.py
[2026-05-16T11:32:36.218+0000] {processor.py:840} INFO - DAG(s) 'example_xcom' retrieved from /home/airflow/.local/lib/python3.12/site-packages/airflow/example_dags/example_xcom.py
[2026-05-16T11:32:36.263+0000] {logging_mixin.py:188} INFO - [2026-05-16T11:32:36.262+0000] {dag.py:3089} INFO - Sync 1 DAGs
[2026-05-16T11:32:36.304+0000] {logging_mixin.py:188} INFO - [2026-05-16T11:32:36.303+0000] {dag.py:3947} INFO - Setting next_dagrun for example_xcom to 2021-01-01 00:00:00+00:00, run_after=2021-01-01 00:00:00+00:00
[2026-05-16T11:32:36.348+0000] {processor.py:183} INFO - Processing /home/airflow/.local/lib/python3.12/site-packages/airflow/example_dags/example_xcom.py took 0.164 seconds
[2026-05-16T11:33:06.695+0000] {processor.py:161} INFO - Started process (PID=86627) to work on /home/airflow/.local/lib/python3.12/site-packages/airflow/example_dags/example_xcom.py
[2026-05-16T11:33:06.697+0000] {processor.py:830} INFO - Processing file /home/airflow/.local/lib/python3.12/site-packages/airflow/example_dags/example_xcom.py for tasks to queue
[2026-05-16T11:33:06.701+0000] {logging_mixin.py:188} INFO - [2026-05-16T11:33:06.701+0000] {dagbag.py:545} INFO - Filling up the DagBag from /home/airflow/.local/lib/python3.12/site-packages/airflow/example_dags/example_xcom.py
[2026-05-16T11:33:06.718+0000] {processor.py:840} INFO - DAG(s) 'example_xcom' retrieved from /home/airflow/.local/lib/python3.12/site-packages/airflow/example_dags/example_xcom.py
[2026-05-16T11:33:06.766+0000] {logging_mixin.py:188} INFO - [2026-05-16T11:33:06.766+0000] {dag.py:3089} INFO - Sync 1 DAGs
[2026-05-16T11:33:06.824+0000] {logging_mixin.py:188} INFO - [2026-05-16T11:33:06.824+0000] {dag.py:3947} INFO - Setting next_dagrun for example_xcom to 2021-01-01 00:00:00+00:00, run_after=2021-01-01 00:00:00+00:00
[2026-05-16T11:33:06.882+0000] {processor.py:183} INFO - Processing /home/airflow/.local/lib/python3.12/site-packages/airflow/example_dags/example_xcom.py took 0.197 seconds
[2026-05-16T11:33:37.270+0000] {processor.py:161} INFO - Started process (PID=86695) to work on /home/airflow/.local/lib/python3.12/site-packages/airflow/example_dags/example_xcom.py
[2026-05-16T11:33:37.272+0000] {processor.py:830} INFO - Processing file /home/airflow/.local/lib/python3.12/site-packages/airflow/example_dags/example_xcom.py for tasks to queue
[2026-05-16T11:33:37.276+0000] {logging_mixin.py:188} INFO - [2026-05-16T11:33:37.275+0000] {dagbag.py:545} INFO - Filling up the DagBag from /home/airflow/.local/lib/python3.12/site-packages/airflow/example_dags/example_xcom.py
[2026-05-16T11:33:37.291+0000] {processor.py:840} INFO - DAG(s) 'example_xcom' retrieved from /home/airflow/.local/lib/python3.12/site-packages/airflow/example_dags/example_xcom.py
[2026-05-16T11:33:37.329+0000] {logging_mixin.py:188} INFO - [2026-05-16T11:33:37.328+0000] {dag.py:3089} INFO - Sync 1 DAGs
[2026-05-16T11:33:37.365+0000] {logging_mixin.py:188} INFO - [2026-05-16T11:33:37.364+0000] {dag.py:3947} INFO - Setting next_dagrun for example_xcom to 2021-01-01 00:00:00+00:00, run_after=2021-01-01 00:00:00+00:00
[2026-05-16T11:33:37.401+0000] {processor.py:183} INFO - Processing /home/airflow/.local/lib/python3.12/site-packages/airflow/example_dags/example_xcom.py took 0.142 seconds
[2026-05-16T11:34:07.850+0000] {processor.py:161} INFO - Started process (PID=86763) to work on /home/airflow/.local/lib/python3.12/site-packages/airflow/example_dags/example_xcom.py
[2026-05-16T11:34:07.852+0000] {processor.py:830} INFO - Processing file /home/airflow/.local/lib/python3.12/site-packages/airflow/example_dags/example_xcom.py for tasks to queue
[2026-05-16T11:34:07.856+0000] {logging_mixin.py:188} INFO - [2026-05-16T11:34:07.855+0000] {dagbag.py:545} INFO - Filling up the DagBag from /home/airflow/.local/lib/python3.12/site-packages/airflow/example_dags/example_xcom.py
[2026-05-16T11:34:07.869+0000] {processor.py:840} INFO - DAG(s) 'example_xcom' retrieved from /home/airflow/.local/lib/python3.12/site-packages/airflow/example_dags/example_xcom.py
[2026-05-16T11:34:07.911+0000] {logging_mixin.py:188} INFO - [2026-05-16T11:34:07.910+0000] {dag.py:3089} INFO - Sync 1 DAGs
[2026-05-16T11:34:07.949+0000] {logging_mixin.py:188} INFO - [2026-05-16T11:34:07.949+0000] {dag.py:3947} INFO - Setting next_dagrun for example_xcom to 2021-01-01 00:00:00+00:00, run_after=2021-01-01 00:00:00+00:00
[2026-05-16T11:34:08.014+0000] {processor.py:183} INFO - Processing /home/airflow/.local/lib/python3.12/site-packages/airflow/example_dags/example_xcom.py took 0.175 seconds
[2026-05-16T11:34:38.499+0000] {processor.py:161} INFO - Started process (PID=86831) to work on /home/airflow/.local/lib/python3.12/site-packages/airflow/example_dags/example_xcom.py
[2026-05-16T11:34:38.501+0000] {processor.py:830} INFO - Processing file /home/airflow/.local/lib/python3.12/site-packages/airflow/example_dags/example_xcom.py for tasks to queue
[2026-05-16T11:34:38.506+0000] {logging_mixin.py:188} INFO - [2026-05-16T11:34:38.505+0000] {dagbag.py:545} INFO - Filling up the DagBag from /home/airflow/.local/lib/python3.12/site-packages/airflow/example_dags/example_xcom.py
[2026-05-16T11:34:38.521+0000] {processor.py:840} INFO - DAG(s) 'example_xcom' retrieved from /home/airflow/.local/lib/python3.12/site-packages/airflow/example_dags/example_xcom.py
[2026-05-16T11:34:38.560+0000] {logging_mixin.py:188} INFO - [2026-05-16T11:34:38.559+0000] {dag.py:3089} INFO - Sync 1 DAGs
[2026-05-16T11:34:38.600+0000] {logging_mixin.py:188} INFO - [2026-05-16T11:34:38.599+0000] {dag.py:3947} INFO - Setting next_dagrun for example_xcom to 2021-01-01 00:00:00+00:00, run_after=2021-01-01 00:00:00+00:00
[2026-05-16T11:34:38.637+0000] {processor.py:183} INFO - Processing /home/airflow/.local/lib/python3.12/site-packages/airflow/example_dags/example_xcom.py took 0.151 seconds
[2026-05-16T11:35:08.861+0000] {processor.py:161} INFO - Started process (PID=86899) to work on /home/airflow/.local/lib/python3.12/site-packages/airflow/example_dags/example_xcom.py
[2026-05-16T11:35:08.863+0000] {processor.py:830} INFO - Processing file /home/airflow/.local/lib/python3.12/site-packages/airflow/example_dags/example_xcom.py for tasks to queue
[2026-05-16T11:35:08.868+0000] {logging_mixin.py:188} INFO - [2026-05-16T11:35:08.867+0000] {dagbag.py:545} INFO - Filling up the DagBag from /home/airflow/.local/lib/python3.12/site-packages/airflow/example_dags/example_xcom.py
[2026-05-16T11:35:08.882+0000] {processor.py:840} INFO - DAG(s) 'example_xcom' retrieved from /home/airflow/.local/lib/python3.12/site-packages/airflow/example_dags/example_xcom.py
[2026-05-16T11:35:08.919+0000] {logging_mixin.py:188} INFO - [2026-05-16T11:35:08.918+0000] {dag.py:3089} INFO - Sync 1 DAGs
[2026-05-16T11:35:08.954+0000] {logging_mixin.py:188} INFO - [2026-05-16T11:35:08.954+0000] {dag.py:3947} INFO - Setting next_dagrun for example_xcom to 2021-01-01 00:00:00+00:00, run_after=2021-01-01 00:00:00+00:00
[2026-05-16T11:35:09.115+0000] {processor.py:183} INFO - Processing /home/airflow/.local/lib/python3.12/site-packages/airflow/example_dags/example_xcom.py took 0.264 seconds
[2026-05-16T11:35:39.336+0000] {processor.py:161} INFO - Started process (PID=86967) to work on /home/airflow/.local/lib/python3.12/site-packages/airflow/example_dags/example_xcom.py
[2026-05-16T11:35:39.338+0000] {processor.py:830} INFO - Processing file /home/airflow/.local/lib/python3.12/site-packages/airflow/example_dags/example_xcom.py for tasks to queue
[2026-05-16T11:35:39.342+0000] {logging_mixin.py:188} INFO - [2026-05-16T11:35:39.342+0000] {dagbag.py:545} INFO - Filling up the DagBag from /home/airflow/.local/lib/python3.12/site-packages/airflow/example_dags/example_xcom.py
[2026-05-16T11:35:39.356+0000] {processor.py:840} INFO - DAG(s) 'example_xcom' retrieved from /home/airflow/.local/lib/python3.12/site-packages/airflow/example_dags/example_xcom.py
[2026-05-16T11:35:39.400+0000] {logging_mixin.py:188} INFO - [2026-05-16T11:35:39.399+0000] {dag.py:3089} INFO - Sync 1 DAGs
[2026-05-16T11:35:39.439+0000] {logging_mixin.py:188} INFO - [2026-05-16T11:35:39.438+0000] {dag.py:3947} INFO - Setting next_dagrun for example_xcom to 2021-01-01 00:00:00+00:00, run_after=2021-01-01 00:00:00+00:00
[2026-05-16T11:35:39.512+0000] {processor.py:183} INFO - Processing /home/airflow/.local/lib/python3.12/site-packages/airflow/example_dags/example_xcom.py took 0.186 seconds
[2026-05-16T11:36:09.837+0000] {processor.py:161} INFO - Started process (PID=87036) to work on /home/airflow/.local/lib/python3.12/site-packages/airflow/example_dags/example_xcom.py
[2026-05-16T11:36:09.840+0000] {processor.py:830} INFO - Processing file /home/airflow/.local/lib/python3.12/site-packages/airflow/example_dags/example_xcom.py for tasks to queue
[2026-05-16T11:36:09.845+0000] {logging_mixin.py:188} INFO - [2026-05-16T11:36:09.844+0000] {dagbag.py:545} INFO - Filling up the DagBag from /home/airflow/.local/lib/python3.12/site-packages/airflow/example_dags/example_xcom.py
[2026-05-16T11:36:09.859+0000] {processor.py:840} INFO - DAG(s) 'example_xcom' retrieved from /home/airflow/.local/lib/python3.12/site-packages/airflow/example_dags/example_xcom.py
[2026-05-16T11:36:09.909+0000] {logging_mixin.py:188} INFO - [2026-05-16T11:36:09.909+0000] {dag.py:3089} INFO - Sync 1 DAGs
[2026-05-16T11:36:09.952+0000] {logging_mixin.py:188} INFO - [2026-05-16T11:36:09.951+0000] {dag.py:3947} INFO - Setting next_dagrun for example_xcom to 2021-01-01 00:00:00+00:00, run_after=2021-01-01 00:00:00+00:00
[2026-05-16T11:36:10.027+0000] {processor.py:183} INFO - Processing /home/airflow/.local/lib/python3.12/site-packages/airflow/example_dags/example_xcom.py took 0.207 seconds
[2026-05-16T11:36:40.354+0000] {processor.py:161} INFO - Started process (PID=87104) to work on /home/airflow/.local/lib/python3.12/site-packages/airflow/example_dags/example_xcom.py
[2026-05-16T11:36:40.357+0000] {processor.py:830} INFO - Processing file /home/airflow/.local/lib/python3.12/site-packages/airflow/example_dags/example_xcom.py for tasks to queue
[2026-05-16T11:36:40.361+0000] {logging_mixin.py:188} INFO - [2026-05-16T11:36:40.360+0000] {dagbag.py:545} INFO - Filling up the DagBag from /home/airflow/.local/lib/python3.12/site-packages/airflow/example_dags/example_xcom.py
[2026-05-16T11:36:40.379+0000] {processor.py:840} INFO - DAG(s) 'example_xcom' retrieved from /home/airflow/.local/lib/python3.12/site-packages/airflow/example_dags/example_xcom.py
[2026-05-16T11:36:40.426+0000] {logging_mixin.py:188} INFO - [2026-05-16T11:36:40.426+0000] {dag.py:3089} INFO - Sync 1 DAGs
[2026-05-16T11:36:40.475+0000] {logging_mixin.py:188} INFO - [2026-05-16T11:36:40.474+0000] {dag.py:3947} INFO - Setting next_dagrun for example_xcom to 2021-01-01 00:00:00+00:00, run_after=2021-01-01 00:00:00+00:00
[2026-05-16T11:36:40.556+0000] {processor.py:183} INFO - Processing /home/airflow/.local/lib/python3.12/site-packages/airflow/example_dags/example_xcom.py took 0.223 seconds
[2026-05-16T11:37:11.272+0000] {processor.py:161} INFO - Started process (PID=87172) to work on /home/airflow/.local/lib/python3.12/site-packages/airflow/example_dags/example_xcom.py
[2026-05-16T11:37:11.274+0000] {processor.py:830} INFO - Processing file /home/airflow/.local/lib/python3.12/site-packages/airflow/example_dags/example_xcom.py for tasks to queue
[2026-05-16T11:37:11.278+0000] {logging_mixin.py:188} INFO - [2026-05-16T11:37:11.278+0000] {dagbag.py:545} INFO - Filling up the DagBag from /home/airflow/.local/lib/python3.12/site-packages/airflow/example_dags/example_xcom.py
[2026-05-16T11:37:11.298+0000] {processor.py:840} INFO - DAG(s) 'example_xcom' retrieved from /home/airflow/.local/lib/python3.12/site-packages/airflow/example_dags/example_xcom.py
[2026-05-16T11:37:11.344+0000] {logging_mixin.py:188} INFO - [2026-05-16T11:37:11.344+0000] {dag.py:3089} INFO - Sync 1 DAGs
[2026-05-16T11:37:11.389+0000] {logging_mixin.py:188} INFO - [2026-05-16T11:37:11.388+0000] {dag.py:3947} INFO - Setting next_dagrun for example_xcom to 2021-01-01 00:00:00+00:00, run_after=2021-01-01 00:00:00+00:00
[2026-05-16T11:37:11.427+0000] {processor.py:183} INFO - Processing /home/airflow/.local/lib/python3.12/site-packages/airflow/example_dags/example_xcom.py took 0.171 seconds
[2026-05-16T11:37:41.692+0000] {processor.py:161} INFO - Started process (PID=87239) to work on /home/airflow/.local/lib/python3.12/site-packages/airflow/example_dags/example_xcom.py
[2026-05-16T11:37:41.695+0000] {processor.py:830} INFO - Processing file /home/airflow/.local/lib/python3.12/site-packages/airflow/example_dags/example_xcom.py for tasks to queue
[2026-05-16T11:37:41.699+0000] {logging_mixin.py:188} INFO - [2026-05-16T11:37:41.699+0000] {dagbag.py:545} INFO - Filling up the DagBag from /home/airflow/.local/lib/python3.12/site-packages/airflow/example_dags/example_xcom.py
[2026-05-16T11:37:41.716+0000] {processor.py:840} INFO - DAG(s) 'example_xcom' retrieved from /home/airflow/.local/lib/python3.12/site-packages/airflow/example_dags/example_xcom.py
[2026-05-16T11:37:41.757+0000] {logging_mixin.py:188} INFO - [2026-05-16T11:37:41.757+0000] {dag.py:3089} INFO - Sync 1 DAGs
[2026-05-16T11:37:41.801+0000] {logging_mixin.py:188} INFO - [2026-05-16T11:37:41.800+0000] {dag.py:3947} INFO - Setting next_dagrun for example_xcom to 2021-01-01 00:00:00+00:00, run_after=2021-01-01 00:00:00+00:00
[2026-05-16T11:37:41.850+0000] {processor.py:183} INFO - Processing /home/airflow/.local/lib/python3.12/site-packages/airflow/example_dags/example_xcom.py took 0.170 seconds
[2026-05-16T11:38:11.986+0000] {processor.py:161} INFO - Started process (PID=87307) to work on /home/airflow/.local/lib/python3.12/site-packages/airflow/example_dags/example_xcom.py
[2026-05-16T11:38:11.988+0000] {processor.py:830} INFO - Processing file /home/airflow/.local/lib/python3.12/site-packages/airflow/example_dags/example_xcom.py for tasks to queue
[2026-05-16T11:38:11.992+0000] {logging_mixin.py:188} INFO - [2026-05-16T11:38:11.991+0000] {dagbag.py:545} INFO - Filling up the DagBag from /home/airflow/.local/lib/python3.12/site-packages/airflow/example_dags/example_xcom.py
[2026-05-16T11:38:12.003+0000] {processor.py:840} INFO - DAG(s) 'example_xcom' retrieved from /home/airflow/.local/lib/python3.12/site-packages/airflow/example_dags/example_xcom.py
[2026-05-16T11:38:12.042+0000] {logging_mixin.py:188} INFO - [2026-05-16T11:38:12.041+0000] {dag.py:3089} INFO - Sync 1 DAGs
[2026-05-16T11:38:12.084+0000] {logging_mixin.py:188} INFO - [2026-05-16T11:38:12.083+0000] {dag.py:3947} INFO - Setting next_dagrun for example_xcom to 2021-01-01 00:00:00+00:00, run_after=2021-01-01 00:00:00+00:00
[2026-05-16T11:38:12.121+0000] {processor.py:183} INFO - Processing /home/airflow/.local/lib/python3.12/site-packages/airflow/example_dags/example_xcom.py took 0.145 seconds
[2026-05-16T11:38:42.376+0000] {processor.py:161} INFO - Started process (PID=87375) to work on /home/airflow/.local/lib/python3.12/site-packages/airflow/example_dags/example_xcom.py
[2026-05-16T11:38:42.379+0000] {processor.py:830} INFO - Processing file /home/airflow/.local/lib/python3.12/site-packages/airflow/example_dags/example_xcom.py for tasks to queue
[2026-05-16T11:38:42.383+0000] {logging_mixin.py:188} INFO - [2026-05-16T11:38:42.382+0000] {dagbag.py:545} INFO - Filling up the DagBag from /home/airflow/.local/lib/python3.12/site-packages/airflow/example_dags/example_xcom.py
[2026-05-16T11:38:42.396+0000] {processor.py:840} INFO - DAG(s) 'example_xcom' retrieved from /home/airflow/.local/lib/python3.12/site-packages/airflow/example_dags/example_xcom.py
[2026-05-16T11:38:42.435+0000] {logging_mixin.py:188} INFO - [2026-05-16T11:38:42.435+0000] {dag.py:3089} INFO - Sync 1 DAGs
[2026-05-16T11:38:42.475+0000] {logging_mixin.py:188} INFO - [2026-05-16T11:38:42.474+0000] {dag.py:3947} INFO - Setting next_dagrun for example_xcom to 2021-01-01 00:00:00+00:00, run_after=2021-01-01 00:00:00+00:00
[2026-05-16T11:38:42.512+0000] {processor.py:183} INFO - Processing /home/airflow/.local/lib/python3.12/site-packages/airflow/example_dags/example_xcom.py took 0.146 seconds
[2026-05-16T11:39:12.754+0000] {processor.py:161} INFO - Started process (PID=87443) to work on /home/airflow/.local/lib/python3.12/site-packages/airflow/example_dags/example_xcom.py
[2026-05-16T11:39:12.768+0000] {processor.py:830} INFO - Processing file /home/airflow/.local/lib/python3.12/site-packages/airflow/example_dags/example_xcom.py for tasks to queue
[2026-05-16T11:39:12.773+0000] {logging_mixin.py:188} INFO - [2026-05-16T11:39:12.772+0000] {dagbag.py:545} INFO - Filling up the DagBag from /home/airflow/.local/lib/python3.12/site-packages/airflow/example_dags/example_xcom.py
[2026-05-16T11:39:12.802+0000] {processor.py:840} INFO - DAG(s) 'example_xcom' retrieved from /home/airflow/.local/lib/python3.12/site-packages/airflow/example_dags/example_xcom.py
[2026-05-16T11:39:12.847+0000] {logging_mixin.py:188} INFO - [2026-05-16T11:39:12.846+0000] {dag.py:3089} INFO - Sync 1 DAGs
[2026-05-16T11:39:12.887+0000] {logging_mixin.py:188} INFO - [2026-05-16T11:39:12.886+0000] {dag.py:3947} INFO - Setting next_dagrun for example_xcom to 2021-01-01 00:00:00+00:00, run_after=2021-01-01 00:00:00+00:00
[2026-05-16T11:39:12.930+0000] {processor.py:183} INFO - Processing /home/airflow/.local/lib/python3.12/site-packages/airflow/example_dags/example_xcom.py took 0.188 seconds
[2026-05-16T11:39:43.026+0000] {processor.py:161} INFO - Started process (PID=87510) to work on /home/airflow/.local/lib/python3.12/site-packages/airflow/example_dags/example_xcom.py
[2026-05-16T11:39:43.028+0000] {processor.py:830} INFO - Processing file /home/airflow/.local/lib/python3.12/site-packages/airflow/example_dags/example_xcom.py for tasks to queue
[2026-05-16T11:39:43.032+0000] {logging_mixin.py:188} INFO - [2026-05-16T11:39:43.031+0000] {dagbag.py:545} INFO - Filling up the DagBag from /home/airflow/.local/lib/python3.12/site-packages/airflow/example_dags/example_xcom.py
[2026-05-16T11:39:43.044+0000] {processor.py:840} INFO - DAG(s) 'example_xcom' retrieved from /home/airflow/.local/lib/python3.12/site-packages/airflow/example_dags/example_xcom.py
[2026-05-16T11:39:43.079+0000] {logging_mixin.py:188} INFO - [2026-05-16T11:39:43.078+0000] {dag.py:3089} INFO - Sync 1 DAGs
[2026-05-16T11:39:43.114+0000] {logging_mixin.py:188} INFO - [2026-05-16T11:39:43.114+0000] {dag.py:3947} INFO - Setting next_dagrun for example_xcom to 2021-01-01 00:00:00+00:00, run_after=2021-01-01 00:00:00+00:00
[2026-05-16T11:39:43.148+0000] {processor.py:183} INFO - Processing /home/airflow/.local/lib/python3.12/site-packages/airflow/example_dags/example_xcom.py took 0.131 seconds
[2026-05-16T11:40:13.855+0000] {processor.py:161} INFO - Started process (PID=87578) to work on /home/airflow/.local/lib/python3.12/site-packages/airflow/example_dags/example_xcom.py
[2026-05-16T11:40:13.858+0000] {processor.py:830} INFO - Processing file /home/airflow/.local/lib/python3.12/site-packages/airflow/example_dags/example_xcom.py for tasks to queue
[2026-05-16T11:40:13.863+0000] {logging_mixin.py:188} INFO - [2026-05-16T11:40:13.862+0000] {dagbag.py:545} INFO - Filling up the DagBag from /home/airflow/.local/lib/python3.12/site-packages/airflow/example_dags/example_xcom.py
[2026-05-16T11:40:13.880+0000] {processor.py:840} INFO - DAG(s) 'example_xcom' retrieved from /home/airflow/.local/lib/python3.12/site-packages/airflow/example_dags/example_xcom.py
[2026-05-16T11:40:13.922+0000] {logging_mixin.py:188} INFO - [2026-05-16T11:40:13.922+0000] {dag.py:3089} INFO - Sync 1 DAGs
[2026-05-16T11:40:13.963+0000] {logging_mixin.py:188} INFO - [2026-05-16T11:40:13.963+0000] {dag.py:3947} INFO - Setting next_dagrun for example_xcom to 2021-01-01 00:00:00+00:00, run_after=2021-01-01 00:00:00+00:00
[2026-05-16T11:40:14.028+0000] {processor.py:183} INFO - Processing /home/airflow/.local/lib/python3.12/site-packages/airflow/example_dags/example_xcom.py took 0.184 seconds
[2026-05-16T11:40:44.160+0000] {processor.py:161} INFO - Started process (PID=87646) to work on /home/airflow/.local/lib/python3.12/site-packages/airflow/example_dags/example_xcom.py
[2026-05-16T11:40:44.162+0000] {processor.py:830} INFO - Processing file /home/airflow/.local/lib/python3.12/site-packages/airflow/example_dags/example_xcom.py for tasks to queue
[2026-05-16T11:40:44.167+0000] {logging_mixin.py:188} INFO - [2026-05-16T11:40:44.166+0000] {dagbag.py:545} INFO - Filling up the DagBag from /home/airflow/.local/lib/python3.12/site-packages/airflow/example_dags/example_xcom.py
[2026-05-16T11:40:44.182+0000] {processor.py:840} INFO - DAG(s) 'example_xcom' retrieved from /home/airflow/.local/lib/python3.12/site-packages/airflow/example_dags/example_xcom.py
[2026-05-16T11:40:44.228+0000] {logging_mixin.py:188} INFO - [2026-05-16T11:40:44.227+0000] {dag.py:3089} INFO - Sync 1 DAGs
[2026-05-16T11:40:44.273+0000] {logging_mixin.py:188} INFO - [2026-05-16T11:40:44.272+0000] {dag.py:3947} INFO - Setting next_dagrun for example_xcom to 2021-01-01 00:00:00+00:00, run_after=2021-01-01 00:00:00+00:00
[2026-05-16T11:40:44.315+0000] {processor.py:183} INFO - Processing /home/airflow/.local/lib/python3.12/site-packages/airflow/example_dags/example_xcom.py took 0.168 seconds
[2026-05-16T11:41:15.398+0000] {processor.py:161} INFO - Started process (PID=87721) to work on /home/airflow/.local/lib/python3.12/site-packages/airflow/example_dags/example_xcom.py
[2026-05-16T11:41:15.405+0000] {processor.py:830} INFO - Processing file /home/airflow/.local/lib/python3.12/site-packages/airflow/example_dags/example_xcom.py for tasks to queue
[2026-05-16T11:41:15.409+0000] {logging_mixin.py:188} INFO - [2026-05-16T11:41:15.409+0000] {dagbag.py:545} INFO - Filling up the DagBag from /home/airflow/.local/lib/python3.12/site-packages/airflow/example_dags/example_xcom.py
[2026-05-16T11:41:15.425+0000] {processor.py:840} INFO - DAG(s) 'example_xcom' retrieved from /home/airflow/.local/lib/python3.12/site-packages/airflow/example_dags/example_xcom.py
[2026-05-16T11:41:15.471+0000] {logging_mixin.py:188} INFO - [2026-05-16T11:41:15.470+0000] {dag.py:3089} INFO - Sync 1 DAGs
[2026-05-16T11:41:15.507+0000] {logging_mixin.py:188} INFO - [2026-05-16T11:41:15.506+0000] {dag.py:3947} INFO - Setting next_dagrun for example_xcom to 2021-01-01 00:00:00+00:00, run_after=2021-01-01 00:00:00+00:00
[2026-05-16T11:41:15.574+0000] {processor.py:183} INFO - Processing /home/airflow/.local/lib/python3.12/site-packages/airflow/example_dags/example_xcom.py took 0.187 seconds
[2026-05-16T11:41:46.370+0000] {processor.py:161} INFO - Started process (PID=87789) to work on /home/airflow/.local/lib/python3.12/site-packages/airflow/example_dags/example_xcom.py
[2026-05-16T11:41:46.377+0000] {processor.py:830} INFO - Processing file /home/airflow/.local/lib/python3.12/site-packages/airflow/example_dags/example_xcom.py for tasks to queue
[2026-05-16T11:41:46.381+0000] {logging_mixin.py:188} INFO - [2026-05-16T11:41:46.381+0000] {dagbag.py:545} INFO - Filling up the DagBag from /home/airflow/.local/lib/python3.12/site-packages/airflow/example_dags/example_xcom.py
[2026-05-16T11:41:46.402+0000] {processor.py:840} INFO - DAG(s) 'example_xcom' retrieved from /home/airflow/.local/lib/python3.12/site-packages/airflow/example_dags/example_xcom.py
[2026-05-16T11:41:46.446+0000] {logging_mixin.py:188} INFO - [2026-05-16T11:41:46.446+0000] {dag.py:3089} INFO - Sync 1 DAGs
[2026-05-16T11:41:46.491+0000] {logging_mixin.py:188} INFO - [2026-05-16T11:41:46.490+0000] {dag.py:3947} INFO - Setting next_dagrun for example_xcom to 2021-01-01 00:00:00+00:00, run_after=2021-01-01 00:00:00+00:00
[2026-05-16T11:41:46.557+0000] {processor.py:183} INFO - Processing /home/airflow/.local/lib/python3.12/site-packages/airflow/example_dags/example_xcom.py took 0.196 seconds
[2026-05-16T11:42:16.924+0000] {processor.py:161} INFO - Started process (PID=87857) to work on /home/airflow/.local/lib/python3.12/site-packages/airflow/example_dags/example_xcom.py
[2026-05-16T11:42:16.925+0000] {processor.py:830} INFO - Processing file /home/airflow/.local/lib/python3.12/site-packages/airflow/example_dags/example_xcom.py for tasks to queue
[2026-05-16T11:42:16.931+0000] {logging_mixin.py:188} INFO - [2026-05-16T11:42:16.931+0000] {dagbag.py:545} INFO - Filling up the DagBag from /home/airflow/.local/lib/python3.12/site-packages/airflow/example_dags/example_xcom.py
[2026-05-16T11:42:16.951+0000] {processor.py:840} INFO - DAG(s) 'example_xcom' retrieved from /home/airflow/.local/lib/python3.12/site-packages/airflow/example_dags/example_xcom.py
[2026-05-16T11:42:17.011+0000] {logging_mixin.py:188} INFO - [2026-05-16T11:42:17.011+0000] {dag.py:3089} INFO - Sync 1 DAGs
[2026-05-16T11:42:17.053+0000] {logging_mixin.py:188} INFO - [2026-05-16T11:42:17.052+0000] {dag.py:3947} INFO - Setting next_dagrun for example_xcom to 2021-01-01 00:00:00+00:00, run_after=2021-01-01 00:00:00+00:00
[2026-05-16T11:42:17.085+0000] {processor.py:183} INFO - Processing /home/airflow/.local/lib/python3.12/site-packages/airflow/example_dags/example_xcom.py took 0.174 seconds
[2026-05-16T11:42:47.529+0000] {processor.py:161} INFO - Started process (PID=87925) to work on /home/airflow/.local/lib/python3.12/site-packages/airflow/example_dags/example_xcom.py
[2026-05-16T11:42:47.531+0000] {processor.py:830} INFO - Processing file /home/airflow/.local/lib/python3.12/site-packages/airflow/example_dags/example_xcom.py for tasks to queue
[2026-05-16T11:42:47.536+0000] {logging_mixin.py:188} INFO - [2026-05-16T11:42:47.535+0000] {dagbag.py:545} INFO - Filling up the DagBag from /home/airflow/.local/lib/python3.12/site-packages/airflow/example_dags/example_xcom.py
[2026-05-16T11:42:47.552+0000] {processor.py:840} INFO - DAG(s) 'example_xcom' retrieved from /home/airflow/.local/lib/python3.12/site-packages/airflow/example_dags/example_xcom.py
[2026-05-16T11:42:47.590+0000] {logging_mixin.py:188} INFO - [2026-05-16T11:42:47.589+0000] {dag.py:3089} INFO - Sync 1 DAGs
[2026-05-16T11:42:47.627+0000] {logging_mixin.py:188} INFO - [2026-05-16T11:42:47.627+0000] {dag.py:3947} INFO - Setting next_dagrun for example_xcom to 2021-01-01 00:00:00+00:00, run_after=2021-01-01 00:00:00+00:00
[2026-05-16T11:42:47.661+0000] {processor.py:183} INFO - Processing /home/airflow/.local/lib/python3.12/site-packages/airflow/example_dags/example_xcom.py took 0.143 seconds
[2026-05-16T11:43:17.998+0000] {processor.py:161} INFO - Started process (PID=87993) to work on /home/airflow/.local/lib/python3.12/site-packages/airflow/example_dags/example_xcom.py
[2026-05-16T11:43:18.003+0000] {processor.py:830} INFO - Processing file /home/airflow/.local/lib/python3.12/site-packages/airflow/example_dags/example_xcom.py for tasks to queue
[2026-05-16T11:43:18.006+0000] {logging_mixin.py:188} INFO - [2026-05-16T11:43:18.006+0000] {dagbag.py:545} INFO - Filling up the DagBag from /home/airflow/.local/lib/python3.12/site-packages/airflow/example_dags/example_xcom.py
[2026-05-16T11:43:18.021+0000] {processor.py:840} INFO - DAG(s) 'example_xcom' retrieved from /home/airflow/.local/lib/python3.12/site-packages/airflow/example_dags/example_xcom.py
[2026-05-16T11:43:18.059+0000] {logging_mixin.py:188} INFO - [2026-05-16T11:43:18.059+0000] {dag.py:3089} INFO - Sync 1 DAGs
[2026-05-16T11:43:18.098+0000] {logging_mixin.py:188} INFO - [2026-05-16T11:43:18.097+0000] {dag.py:3947} INFO - Setting next_dagrun for example_xcom to 2021-01-01 00:00:00+00:00, run_after=2021-01-01 00:00:00+00:00
[2026-05-16T11:43:18.136+0000] {processor.py:183} INFO - Processing /home/airflow/.local/lib/python3.12/site-packages/airflow/example_dags/example_xcom.py took 0.153 seconds
[2026-05-16T11:43:48.360+0000] {processor.py:161} INFO - Started process (PID=88061) to work on /home/airflow/.local/lib/python3.12/site-packages/airflow/example_dags/example_xcom.py
[2026-05-16T11:43:48.362+0000] {processor.py:830} INFO - Processing file /home/airflow/.local/lib/python3.12/site-packages/airflow/example_dags/example_xcom.py for tasks to queue
[2026-05-16T11:43:48.365+0000] {logging_mixin.py:188} INFO - [2026-05-16T11:43:48.365+0000] {dagbag.py:545} INFO - Filling up the DagBag from /home/airflow/.local/lib/python3.12/site-packages/airflow/example_dags/example_xcom.py
[2026-05-16T11:43:48.377+0000] {processor.py:840} INFO - DAG(s) 'example_xcom' retrieved from /home/airflow/.local/lib/python3.12/site-packages/airflow/example_dags/example_xcom.py
[2026-05-16T11:43:48.414+0000] {logging_mixin.py:188} INFO - [2026-05-16T11:43:48.414+0000] {dag.py:3089} INFO - Sync 1 DAGs
[2026-05-16T11:43:48.451+0000] {logging_mixin.py:188} INFO - [2026-05-16T11:43:48.450+0000] {dag.py:3947} INFO - Setting next_dagrun for example_xcom to 2021-01-01 00:00:00+00:00, run_after=2021-01-01 00:00:00+00:00
[2026-05-16T11:43:48.498+0000] {processor.py:183} INFO - Processing /home/airflow/.local/lib/python3.12/site-packages/airflow/example_dags/example_xcom.py took 0.151 seconds
[2026-05-16T11:44:18.731+0000] {processor.py:161} INFO - Started process (PID=88128) to work on /home/airflow/.local/lib/python3.12/site-packages/airflow/example_dags/example_xcom.py
[2026-05-16T11:44:18.733+0000] {processor.py:830} INFO - Processing file /home/airflow/.local/lib/python3.12/site-packages/airflow/example_dags/example_xcom.py for tasks to queue
[2026-05-16T11:44:18.738+0000] {logging_mixin.py:188} INFO - [2026-05-16T11:44:18.737+0000] {dagbag.py:545} INFO - Filling up the DagBag from /home/airflow/.local/lib/python3.12/site-packages/airflow/example_dags/example_xcom.py
[2026-05-16T11:44:18.757+0000] {processor.py:840} INFO - DAG(s) 'example_xcom' retrieved from /home/airflow/.local/lib/python3.12/site-packages/airflow/example_dags/example_xcom.py
[2026-05-16T11:44:18.799+0000] {logging_mixin.py:188} INFO - [2026-05-16T11:44:18.798+0000] {dag.py:3089} INFO - Sync 1 DAGs
[2026-05-16T11:44:18.840+0000] {logging_mixin.py:188} INFO - [2026-05-16T11:44:18.839+0000] {dag.py:3947} INFO - Setting next_dagrun for example_xcom to 2021-01-01 00:00:00+00:00, run_after=2021-01-01 00:00:00+00:00
[2026-05-16T11:44:18.913+0000] {processor.py:183} INFO - Processing /home/airflow/.local/lib/python3.12/site-packages/airflow/example_dags/example_xcom.py took 0.196 seconds
[2026-05-16T11:44:49.692+0000] {processor.py:161} INFO - Started process (PID=88196) to work on /home/airflow/.local/lib/python3.12/site-packages/airflow/example_dags/example_xcom.py
[2026-05-16T11:44:49.695+0000] {processor.py:830} INFO - Processing file /home/airflow/.local/lib/python3.12/site-packages/airflow/example_dags/example_xcom.py for tasks to queue
[2026-05-16T11:44:49.699+0000] {logging_mixin.py:188} INFO - [2026-05-16T11:44:49.698+0000] {dagbag.py:545} INFO - Filling up the DagBag from /home/airflow/.local/lib/python3.12/site-packages/airflow/example_dags/example_xcom.py
[2026-05-16T11:44:49.712+0000] {processor.py:840} INFO - DAG(s) 'example_xcom' retrieved from /home/airflow/.local/lib/python3.12/site-packages/airflow/example_dags/example_xcom.py
[2026-05-16T11:44:49.752+0000] {logging_mixin.py:188} INFO - [2026-05-16T11:44:49.752+0000] {dag.py:3089} INFO - Sync 1 DAGs
[2026-05-16T11:44:49.798+0000] {logging_mixin.py:188} INFO - [2026-05-16T11:44:49.797+0000] {dag.py:3947} INFO - Setting next_dagrun for example_xcom to 2021-01-01 00:00:00+00:00, run_after=2021-01-01 00:00:00+00:00
[2026-05-16T11:44:49.850+0000] {processor.py:183} INFO - Processing /home/airflow/.local/lib/python3.12/site-packages/airflow/example_dags/example_xcom.py took 0.168 seconds
[2026-05-16T11:45:19.931+0000] {processor.py:161} INFO - Started process (PID=88264) to work on /home/airflow/.local/lib/python3.12/site-packages/airflow/example_dags/example_xcom.py
[2026-05-16T11:45:19.932+0000] {processor.py:830} INFO - Processing file /home/airflow/.local/lib/python3.12/site-packages/airflow/example_dags/example_xcom.py for tasks to queue
[2026-05-16T11:45:19.939+0000] {logging_mixin.py:188} INFO - [2026-05-16T11:45:19.938+0000] {dagbag.py:545} INFO - Filling up the DagBag from /home/airflow/.local/lib/python3.12/site-packages/airflow/example_dags/example_xcom.py
[2026-05-16T11:45:19.952+0000] {processor.py:840} INFO - DAG(s) 'example_xcom' retrieved from /home/airflow/.local/lib/python3.12/site-packages/airflow/example_dags/example_xcom.py
[2026-05-16T11:45:19.993+0000] {logging_mixin.py:188} INFO - [2026-05-16T11:45:19.992+0000] {dag.py:3089} INFO - Sync 1 DAGs
[2026-05-16T11:45:20.032+0000] {logging_mixin.py:188} INFO - [2026-05-16T11:45:20.032+0000] {dag.py:3947} INFO - Setting next_dagrun for example_xcom to 2021-01-01 00:00:00+00:00, run_after=2021-01-01 00:00:00+00:00
[2026-05-16T11:45:20.100+0000] {processor.py:183} INFO - Processing /home/airflow/.local/lib/python3.12/site-packages/airflow/example_dags/example_xcom.py took 0.179 seconds
[2026-05-16T11:45:50.979+0000] {processor.py:161} INFO - Started process (PID=88332) to work on /home/airflow/.local/lib/python3.12/site-packages/airflow/example_dags/example_xcom.py
[2026-05-16T11:45:50.981+0000] {processor.py:830} INFO - Processing file /home/airflow/.local/lib/python3.12/site-packages/airflow/example_dags/example_xcom.py for tasks to queue
[2026-05-16T11:45:50.985+0000] {logging_mixin.py:188} INFO - [2026-05-16T11:45:50.984+0000] {dagbag.py:545} INFO - Filling up the DagBag from /home/airflow/.local/lib/python3.12/site-packages/airflow/example_dags/example_xcom.py
[2026-05-16T11:45:51.000+0000] {processor.py:840} INFO - DAG(s) 'example_xcom' retrieved from /home/airflow/.local/lib/python3.12/site-packages/airflow/example_dags/example_xcom.py
[2026-05-16T11:45:51.037+0000] {logging_mixin.py:188} INFO - [2026-05-16T11:45:51.036+0000] {dag.py:3089} INFO - Sync 1 DAGs
[2026-05-16T11:45:51.075+0000] {logging_mixin.py:188} INFO - [2026-05-16T11:45:51.074+0000] {dag.py:3947} INFO - Setting next_dagrun for example_xcom to 2021-01-01 00:00:00+00:00, run_after=2021-01-01 00:00:00+00:00
[2026-05-16T11:45:51.111+0000] {processor.py:183} INFO - Processing /home/airflow/.local/lib/python3.12/site-packages/airflow/example_dags/example_xcom.py took 0.142 seconds
[2026-05-16T11:46:21.363+0000] {processor.py:161} INFO - Started process (PID=88400) to work on /home/airflow/.local/lib/python3.12/site-packages/airflow/example_dags/example_xcom.py
[2026-05-16T11:46:21.366+0000] {processor.py:830} INFO - Processing file /home/airflow/.local/lib/python3.12/site-packages/airflow/example_dags/example_xcom.py for tasks to queue
[2026-05-16T11:46:21.370+0000] {logging_mixin.py:188} INFO - [2026-05-16T11:46:21.369+0000] {dagbag.py:545} INFO - Filling up the DagBag from /home/airflow/.local/lib/python3.12/site-packages/airflow/example_dags/example_xcom.py
[2026-05-16T11:46:21.384+0000] {processor.py:840} INFO - DAG(s) 'example_xcom' retrieved from /home/airflow/.local/lib/python3.12/site-packages/airflow/example_dags/example_xcom.py
[2026-05-16T11:46:21.422+0000] {logging_mixin.py:188} INFO - [2026-05-16T11:46:21.421+0000] {dag.py:3089} INFO - Sync 1 DAGs
[2026-05-16T11:46:21.458+0000] {logging_mixin.py:188} INFO - [2026-05-16T11:46:21.457+0000] {dag.py:3947} INFO - Setting next_dagrun for example_xcom to 2021-01-01 00:00:00+00:00, run_after=2021-01-01 00:00:00+00:00
[2026-05-16T11:46:21.505+0000] {processor.py:183} INFO - Processing /home/airflow/.local/lib/python3.12/site-packages/airflow/example_dags/example_xcom.py took 0.151 seconds
[2026-05-16T11:46:52.118+0000] {processor.py:161} INFO - Started process (PID=88475) to work on /home/airflow/.local/lib/python3.12/site-packages/airflow/example_dags/example_xcom.py
[2026-05-16T11:46:52.120+0000] {processor.py:830} INFO - Processing file /home/airflow/.local/lib/python3.12/site-packages/airflow/example_dags/example_xcom.py for tasks to queue
[2026-05-16T11:46:52.125+0000] {logging_mixin.py:188} INFO - [2026-05-16T11:46:52.124+0000] {dagbag.py:545} INFO - Filling up the DagBag from /home/airflow/.local/lib/python3.12/site-packages/airflow/example_dags/example_xcom.py
[2026-05-16T11:46:52.146+0000] {processor.py:840} INFO - DAG(s) 'example_xcom' retrieved from /home/airflow/.local/lib/python3.12/site-packages/airflow/example_dags/example_xcom.py
[2026-05-16T11:46:52.183+0000] {logging_mixin.py:188} INFO - [2026-05-16T11:46:52.183+0000] {dag.py:3089} INFO - Sync 1 DAGs
[2026-05-16T11:46:52.222+0000] {logging_mixin.py:188} INFO - [2026-05-16T11:46:52.222+0000] {dag.py:3947} INFO - Setting next_dagrun for example_xcom to 2021-01-01 00:00:00+00:00, run_after=2021-01-01 00:00:00+00:00
[2026-05-16T11:46:52.283+0000] {processor.py:183} INFO - Processing /home/airflow/.local/lib/python3.12/site-packages/airflow/example_dags/example_xcom.py took 0.177 seconds
[2026-05-16T11:47:22.682+0000] {processor.py:161} INFO - Started process (PID=88542) to work on /home/airflow/.local/lib/python3.12/site-packages/airflow/example_dags/example_xcom.py
[2026-05-16T11:47:22.684+0000] {processor.py:830} INFO - Processing file /home/airflow/.local/lib/python3.12/site-packages/airflow/example_dags/example_xcom.py for tasks to queue
[2026-05-16T11:47:22.688+0000] {logging_mixin.py:188} INFO - [2026-05-16T11:47:22.688+0000] {dagbag.py:545} INFO - Filling up the DagBag from /home/airflow/.local/lib/python3.12/site-packages/airflow/example_dags/example_xcom.py
[2026-05-16T11:47:22.703+0000] {processor.py:840} INFO - DAG(s) 'example_xcom' retrieved from /home/airflow/.local/lib/python3.12/site-packages/airflow/example_dags/example_xcom.py
[2026-05-16T11:47:22.744+0000] {logging_mixin.py:188} INFO - [2026-05-16T11:47:22.743+0000] {dag.py:3089} INFO - Sync 1 DAGs
[2026-05-16T11:47:22.782+0000] {logging_mixin.py:188} INFO - [2026-05-16T11:47:22.781+0000] {dag.py:3947} INFO - Setting next_dagrun for example_xcom to 2021-01-01 00:00:00+00:00, run_after=2021-01-01 00:00:00+00:00
[2026-05-16T11:47:22.823+0000] {processor.py:183} INFO - Processing /home/airflow/.local/lib/python3.12/site-packages/airflow/example_dags/example_xcom.py took 0.152 seconds
[2026-05-16T11:47:53.343+0000] {processor.py:161} INFO - Started process (PID=88610) to work on /home/airflow/.local/lib/python3.12/site-packages/airflow/example_dags/example_xcom.py
[2026-05-16T11:47:53.346+0000] {processor.py:830} INFO - Processing file /home/airflow/.local/lib/python3.12/site-packages/airflow/example_dags/example_xcom.py for tasks to queue
[2026-05-16T11:47:53.350+0000] {logging_mixin.py:188} INFO - [2026-05-16T11:47:53.349+0000] {dagbag.py:545} INFO - Filling up the DagBag from /home/airflow/.local/lib/python3.12/site-packages/airflow/example_dags/example_xcom.py
[2026-05-16T11:47:53.363+0000] {processor.py:840} INFO - DAG(s) 'example_xcom' retrieved from /home/airflow/.local/lib/python3.12/site-packages/airflow/example_dags/example_xcom.py
[2026-05-16T11:47:53.403+0000] {logging_mixin.py:188} INFO - [2026-05-16T11:47:53.402+0000] {dag.py:3089} INFO - Sync 1 DAGs
[2026-05-16T11:47:53.442+0000] {logging_mixin.py:188} INFO - [2026-05-16T11:47:53.442+0000] {dag.py:3947} INFO - Setting next_dagrun for example_xcom to 2021-01-01 00:00:00+00:00, run_after=2021-01-01 00:00:00+00:00
[2026-05-16T11:47:53.479+0000] {processor.py:183} INFO - Processing /home/airflow/.local/lib/python3.12/site-packages/airflow/example_dags/example_xcom.py took 0.147 seconds
[2026-05-16T11:48:23.843+0000] {processor.py:161} INFO - Started process (PID=88678) to work on /home/airflow/.local/lib/python3.12/site-packages/airflow/example_dags/example_xcom.py
[2026-05-16T11:48:23.846+0000] {processor.py:830} INFO - Processing file /home/airflow/.local/lib/python3.12/site-packages/airflow/example_dags/example_xcom.py for tasks to queue
[2026-05-16T11:48:23.849+0000] {logging_mixin.py:188} INFO - [2026-05-16T11:48:23.849+0000] {dagbag.py:545} INFO - Filling up the DagBag from /home/airflow/.local/lib/python3.12/site-packages/airflow/example_dags/example_xcom.py
[2026-05-16T11:48:23.863+0000] {processor.py:840} INFO - DAG(s) 'example_xcom' retrieved from /home/airflow/.local/lib/python3.12/site-packages/airflow/example_dags/example_xcom.py
[2026-05-16T11:48:23.902+0000] {logging_mixin.py:188} INFO - [2026-05-16T11:48:23.901+0000] {dag.py:3089} INFO - Sync 1 DAGs
[2026-05-16T11:48:23.943+0000] {logging_mixin.py:188} INFO - [2026-05-16T11:48:23.942+0000] {dag.py:3947} INFO - Setting next_dagrun for example_xcom to 2021-01-01 00:00:00+00:00, run_after=2021-01-01 00:00:00+00:00
[2026-05-16T11:48:23.986+0000] {processor.py:183} INFO - Processing /home/airflow/.local/lib/python3.12/site-packages/airflow/example_dags/example_xcom.py took 0.154 seconds
[2026-05-16T11:48:54.328+0000] {processor.py:161} INFO - Started process (PID=88746) to work on /home/airflow/.local/lib/python3.12/site-packages/airflow/example_dags/example_xcom.py
[2026-05-16T11:48:54.330+0000] {processor.py:830} INFO - Processing file /home/airflow/.local/lib/python3.12/site-packages/airflow/example_dags/example_xcom.py for tasks to queue
[2026-05-16T11:48:54.341+0000] {logging_mixin.py:188} INFO - [2026-05-16T11:48:54.339+0000] {dagbag.py:545} INFO - Filling up the DagBag from /home/airflow/.local/lib/python3.12/site-packages/airflow/example_dags/example_xcom.py
[2026-05-16T11:48:54.361+0000] {processor.py:840} INFO - DAG(s) 'example_xcom' retrieved from /home/airflow/.local/lib/python3.12/site-packages/airflow/example_dags/example_xcom.py
[2026-05-16T11:48:54.400+0000] {logging_mixin.py:188} INFO - [2026-05-16T11:48:54.399+0000] {dag.py:3089} INFO - Sync 1 DAGs
[2026-05-16T11:48:54.437+0000] {logging_mixin.py:188} INFO - [2026-05-16T11:48:54.436+0000] {dag.py:3947} INFO - Setting next_dagrun for example_xcom to 2021-01-01 00:00:00+00:00, run_after=2021-01-01 00:00:00+00:00
[2026-05-16T11:48:54.505+0000] {processor.py:183} INFO - Processing /home/airflow/.local/lib/python3.12/site-packages/airflow/example_dags/example_xcom.py took 0.190 seconds
[2026-05-16T11:49:25.258+0000] {processor.py:161} INFO - Started process (PID=88814) to work on /home/airflow/.local/lib/python3.12/site-packages/airflow/example_dags/example_xcom.py
[2026-05-16T11:49:25.260+0000] {processor.py:830} INFO - Processing file /home/airflow/.local/lib/python3.12/site-packages/airflow/example_dags/example_xcom.py for tasks to queue
[2026-05-16T11:49:25.265+0000] {logging_mixin.py:188} INFO - [2026-05-16T11:49:25.265+0000] {dagbag.py:545} INFO - Filling up the DagBag from /home/airflow/.local/lib/python3.12/site-packages/airflow/example_dags/example_xcom.py
[2026-05-16T11:49:25.281+0000] {processor.py:840} INFO - DAG(s) 'example_xcom' retrieved from /home/airflow/.local/lib/python3.12/site-packages/airflow/example_dags/example_xcom.py
[2026-05-16T11:49:25.320+0000] {logging_mixin.py:188} INFO - [2026-05-16T11:49:25.320+0000] {dag.py:3089} INFO - Sync 1 DAGs
[2026-05-16T11:49:25.357+0000] {logging_mixin.py:188} INFO - [2026-05-16T11:49:25.357+0000] {dag.py:3947} INFO - Setting next_dagrun for example_xcom to 2021-01-01 00:00:00+00:00, run_after=2021-01-01 00:00:00+00:00
[2026-05-16T11:49:25.425+0000] {processor.py:183} INFO - Processing /home/airflow/.local/lib/python3.12/site-packages/airflow/example_dags/example_xcom.py took 0.180 seconds
[2026-05-16T11:49:55.729+0000] {processor.py:161} INFO - Started process (PID=88882) to work on /home/airflow/.local/lib/python3.12/site-packages/airflow/example_dags/example_xcom.py
[2026-05-16T11:49:55.731+0000] {processor.py:830} INFO - Processing file /home/airflow/.local/lib/python3.12/site-packages/airflow/example_dags/example_xcom.py for tasks to queue
[2026-05-16T11:49:55.734+0000] {logging_mixin.py:188} INFO - [2026-05-16T11:49:55.734+0000] {dagbag.py:545} INFO - Filling up the DagBag from /home/airflow/.local/lib/python3.12/site-packages/airflow/example_dags/example_xcom.py
[2026-05-16T11:49:55.749+0000] {processor.py:840} INFO - DAG(s) 'example_xcom' retrieved from /home/airflow/.local/lib/python3.12/site-packages/airflow/example_dags/example_xcom.py
[2026-05-16T11:49:55.799+0000] {logging_mixin.py:188} INFO - [2026-05-16T11:49:55.798+0000] {dag.py:3089} INFO - Sync 1 DAGs
[2026-05-16T11:49:55.841+0000] {logging_mixin.py:188} INFO - [2026-05-16T11:49:55.840+0000] {dag.py:3947} INFO - Setting next_dagrun for example_xcom to 2021-01-01 00:00:00+00:00, run_after=2021-01-01 00:00:00+00:00
[2026-05-16T11:49:55.884+0000] {processor.py:183} INFO - Processing /home/airflow/.local/lib/python3.12/site-packages/airflow/example_dags/example_xcom.py took 0.168 seconds
[2026-05-16T11:50:26.396+0000] {processor.py:161} INFO - Started process (PID=88950) to work on /home/airflow/.local/lib/python3.12/site-packages/airflow/example_dags/example_xcom.py
[2026-05-16T11:50:26.399+0000] {processor.py:830} INFO - Processing file /home/airflow/.local/lib/python3.12/site-packages/airflow/example_dags/example_xcom.py for tasks to queue
[2026-05-16T11:50:26.403+0000] {logging_mixin.py:188} INFO - [2026-05-16T11:50:26.402+0000] {dagbag.py:545} INFO - Filling up the DagBag from /home/airflow/.local/lib/python3.12/site-packages/airflow/example_dags/example_xcom.py
[2026-05-16T11:50:26.416+0000] {processor.py:840} INFO - DAG(s) 'example_xcom' retrieved from /home/airflow/.local/lib/python3.12/site-packages/airflow/example_dags/example_xcom.py
[2026-05-16T11:50:26.454+0000] {logging_mixin.py:188} INFO - [2026-05-16T11:50:26.453+0000] {dag.py:3089} INFO - Sync 1 DAGs
[2026-05-16T11:50:26.494+0000] {logging_mixin.py:188} INFO - [2026-05-16T11:50:26.493+0000] {dag.py:3947} INFO - Setting next_dagrun for example_xcom to 2021-01-01 00:00:00+00:00, run_after=2021-01-01 00:00:00+00:00
[2026-05-16T11:50:26.539+0000] {processor.py:183} INFO - Processing /home/airflow/.local/lib/python3.12/site-packages/airflow/example_dags/example_xcom.py took 0.152 seconds
[2026-05-16T11:50:57.060+0000] {processor.py:161} INFO - Started process (PID=89018) to work on /home/airflow/.local/lib/python3.12/site-packages/airflow/example_dags/example_xcom.py
[2026-05-16T11:50:57.064+0000] {processor.py:830} INFO - Processing file /home/airflow/.local/lib/python3.12/site-packages/airflow/example_dags/example_xcom.py for tasks to queue
[2026-05-16T11:50:57.067+0000] {logging_mixin.py:188} INFO - [2026-05-16T11:50:57.067+0000] {dagbag.py:545} INFO - Filling up the DagBag from /home/airflow/.local/lib/python3.12/site-packages/airflow/example_dags/example_xcom.py
[2026-05-16T11:50:57.079+0000] {processor.py:840} INFO - DAG(s) 'example_xcom' retrieved from /home/airflow/.local/lib/python3.12/site-packages/airflow/example_dags/example_xcom.py
[2026-05-16T11:50:57.113+0000] {logging_mixin.py:188} INFO - [2026-05-16T11:50:57.112+0000] {dag.py:3089} INFO - Sync 1 DAGs
[2026-05-16T11:50:57.149+0000] {logging_mixin.py:188} INFO - [2026-05-16T11:50:57.149+0000] {dag.py:3947} INFO - Setting next_dagrun for example_xcom to 2021-01-01 00:00:00+00:00, run_after=2021-01-01 00:00:00+00:00
[2026-05-16T11:50:57.213+0000] {processor.py:183} INFO - Processing /home/airflow/.local/lib/python3.12/site-packages/airflow/example_dags/example_xcom.py took 0.161 seconds
[2026-05-16T11:51:27.547+0000] {processor.py:161} INFO - Started process (PID=89086) to work on /home/airflow/.local/lib/python3.12/site-packages/airflow/example_dags/example_xcom.py
[2026-05-16T11:51:27.552+0000] {processor.py:830} INFO - Processing file /home/airflow/.local/lib/python3.12/site-packages/airflow/example_dags/example_xcom.py for tasks to queue
[2026-05-16T11:51:27.564+0000] {logging_mixin.py:188} INFO - [2026-05-16T11:51:27.563+0000] {dagbag.py:545} INFO - Filling up the DagBag from /home/airflow/.local/lib/python3.12/site-packages/airflow/example_dags/example_xcom.py
[2026-05-16T11:51:27.597+0000] {processor.py:840} INFO - DAG(s) 'example_xcom' retrieved from /home/airflow/.local/lib/python3.12/site-packages/airflow/example_dags/example_xcom.py
[2026-05-16T11:51:27.651+0000] {logging_mixin.py:188} INFO - [2026-05-16T11:51:27.650+0000] {dag.py:3089} INFO - Sync 1 DAGs
[2026-05-16T11:51:27.690+0000] {logging_mixin.py:188} INFO - [2026-05-16T11:51:27.690+0000] {dag.py:3947} INFO - Setting next_dagrun for example_xcom to 2021-01-01 00:00:00+00:00, run_after=2021-01-01 00:00:00+00:00
[2026-05-16T11:51:27.723+0000] {processor.py:183} INFO - Processing /home/airflow/.local/lib/python3.12/site-packages/airflow/example_dags/example_xcom.py took 0.190 seconds
[2026-05-16T11:51:58.518+0000] {processor.py:161} INFO - Started process (PID=89154) to work on /home/airflow/.local/lib/python3.12/site-packages/airflow/example_dags/example_xcom.py
[2026-05-16T11:51:58.521+0000] {processor.py:830} INFO - Processing file /home/airflow/.local/lib/python3.12/site-packages/airflow/example_dags/example_xcom.py for tasks to queue
[2026-05-16T11:51:58.525+0000] {logging_mixin.py:188} INFO - [2026-05-16T11:51:58.524+0000] {dagbag.py:545} INFO - Filling up the DagBag from /home/airflow/.local/lib/python3.12/site-packages/airflow/example_dags/example_xcom.py
[2026-05-16T11:51:58.539+0000] {processor.py:840} INFO - DAG(s) 'example_xcom' retrieved from /home/airflow/.local/lib/python3.12/site-packages/airflow/example_dags/example_xcom.py
[2026-05-16T11:51:58.578+0000] {logging_mixin.py:188} INFO - [2026-05-16T11:51:58.577+0000] {dag.py:3089} INFO - Sync 1 DAGs
[2026-05-16T11:51:58.617+0000] {logging_mixin.py:188} INFO - [2026-05-16T11:51:58.617+0000] {dag.py:3947} INFO - Setting next_dagrun for example_xcom to 2021-01-01 00:00:00+00:00, run_after=2021-01-01 00:00:00+00:00
[2026-05-16T11:51:58.649+0000] {processor.py:183} INFO - Processing /home/airflow/.local/lib/python3.12/site-packages/airflow/example_dags/example_xcom.py took 0.142 seconds
[2026-05-16T11:52:28.769+0000] {processor.py:161} INFO - Started process (PID=89222) to work on /home/airflow/.local/lib/python3.12/site-packages/airflow/example_dags/example_xcom.py
[2026-05-16T11:52:28.771+0000] {processor.py:830} INFO - Processing file /home/airflow/.local/lib/python3.12/site-packages/airflow/example_dags/example_xcom.py for tasks to queue
[2026-05-16T11:52:28.776+0000] {logging_mixin.py:188} INFO - [2026-05-16T11:52:28.775+0000] {dagbag.py:545} INFO - Filling up the DagBag from /home/airflow/.local/lib/python3.12/site-packages/airflow/example_dags/example_xcom.py
[2026-05-16T11:52:28.789+0000] {processor.py:840} INFO - DAG(s) 'example_xcom' retrieved from /home/airflow/.local/lib/python3.12/site-packages/airflow/example_dags/example_xcom.py
[2026-05-16T11:52:28.827+0000] {logging_mixin.py:188} INFO - [2026-05-16T11:52:28.827+0000] {dag.py:3089} INFO - Sync 1 DAGs
[2026-05-16T11:52:28.867+0000] {logging_mixin.py:188} INFO - [2026-05-16T11:52:28.866+0000] {dag.py:3947} INFO - Setting next_dagrun for example_xcom to 2021-01-01 00:00:00+00:00, run_after=2021-01-01 00:00:00+00:00
[2026-05-16T11:52:28.938+0000] {processor.py:183} INFO - Processing /home/airflow/.local/lib/python3.12/site-packages/airflow/example_dags/example_xcom.py took 0.180 seconds
[2026-05-16T11:53:00.456+0000] {processor.py:161} INFO - Started process (PID=89295) to work on /home/airflow/.local/lib/python3.12/site-packages/airflow/example_dags/example_xcom.py
[2026-05-16T11:53:00.459+0000] {processor.py:830} INFO - Processing file /home/airflow/.local/lib/python3.12/site-packages/airflow/example_dags/example_xcom.py for tasks to queue
[2026-05-16T11:53:00.462+0000] {logging_mixin.py:188} INFO - [2026-05-16T11:53:00.462+0000] {dagbag.py:545} INFO - Filling up the DagBag from /home/airflow/.local/lib/python3.12/site-packages/airflow/example_dags/example_xcom.py
[2026-05-16T11:53:00.475+0000] {processor.py:840} INFO - DAG(s) 'example_xcom' retrieved from /home/airflow/.local/lib/python3.12/site-packages/airflow/example_dags/example_xcom.py
[2026-05-16T11:53:00.511+0000] {logging_mixin.py:188} INFO - [2026-05-16T11:53:00.510+0000] {dag.py:3089} INFO - Sync 1 DAGs
[2026-05-16T11:53:00.546+0000] {logging_mixin.py:188} INFO - [2026-05-16T11:53:00.546+0000] {dag.py:3947} INFO - Setting next_dagrun for example_xcom to 2021-01-01 00:00:00+00:00, run_after=2021-01-01 00:00:00+00:00
[2026-05-16T11:53:00.582+0000] {processor.py:183} INFO - Processing /home/airflow/.local/lib/python3.12/site-packages/airflow/example_dags/example_xcom.py took 0.136 seconds
[2026-05-16T11:53:31.700+0000] {processor.py:161} INFO - Started process (PID=89363) to work on /home/airflow/.local/lib/python3.12/site-packages/airflow/example_dags/example_xcom.py
[2026-05-16T11:53:31.703+0000] {processor.py:830} INFO - Processing file /home/airflow/.local/lib/python3.12/site-packages/airflow/example_dags/example_xcom.py for tasks to queue
[2026-05-16T11:53:31.707+0000] {logging_mixin.py:188} INFO - [2026-05-16T11:53:31.707+0000] {dagbag.py:545} INFO - Filling up the DagBag from /home/airflow/.local/lib/python3.12/site-packages/airflow/example_dags/example_xcom.py
[2026-05-16T11:53:31.726+0000] {processor.py:840} INFO - DAG(s) 'example_xcom' retrieved from /home/airflow/.local/lib/python3.12/site-packages/airflow/example_dags/example_xcom.py
[2026-05-16T11:53:31.771+0000] {logging_mixin.py:188} INFO - [2026-05-16T11:53:31.770+0000] {dag.py:3089} INFO - Sync 1 DAGs
[2026-05-16T11:53:31.815+0000] {logging_mixin.py:188} INFO - [2026-05-16T11:53:31.814+0000] {dag.py:3947} INFO - Setting next_dagrun for example_xcom to 2021-01-01 00:00:00+00:00, run_after=2021-01-01 00:00:00+00:00
[2026-05-16T11:53:31.854+0000] {processor.py:183} INFO - Processing /home/airflow/.local/lib/python3.12/site-packages/airflow/example_dags/example_xcom.py took 0.173 seconds
[2026-05-16T11:54:03.012+0000] {processor.py:161} INFO - Started process (PID=89431) to work on /home/airflow/.local/lib/python3.12/site-packages/airflow/example_dags/example_xcom.py
[2026-05-16T11:54:03.015+0000] {processor.py:830} INFO - Processing file /home/airflow/.local/lib/python3.12/site-packages/airflow/example_dags/example_xcom.py for tasks to queue
[2026-05-16T11:54:03.020+0000] {logging_mixin.py:188} INFO - [2026-05-16T11:54:03.019+0000] {dagbag.py:545} INFO - Filling up the DagBag from /home/airflow/.local/lib/python3.12/site-packages/airflow/example_dags/example_xcom.py
[2026-05-16T11:54:03.041+0000] {processor.py:840} INFO - DAG(s) 'example_xcom' retrieved from /home/airflow/.local/lib/python3.12/site-packages/airflow/example_dags/example_xcom.py
[2026-05-16T11:54:03.084+0000] {logging_mixin.py:188} INFO - [2026-05-16T11:54:03.083+0000] {dag.py:3089} INFO - Sync 1 DAGs
[2026-05-16T11:54:03.132+0000] {logging_mixin.py:188} INFO - [2026-05-16T11:54:03.132+0000] {dag.py:3947} INFO - Setting next_dagrun for example_xcom to 2021-01-01 00:00:00+00:00, run_after=2021-01-01 00:00:00+00:00
[2026-05-16T11:54:03.231+0000] {processor.py:183} INFO - Processing /home/airflow/.local/lib/python3.12/site-packages/airflow/example_dags/example_xcom.py took 0.242 seconds
[2026-05-16T11:54:33.623+0000] {processor.py:161} INFO - Started process (PID=89499) to work on /home/airflow/.local/lib/python3.12/site-packages/airflow/example_dags/example_xcom.py
[2026-05-16T11:54:33.625+0000] {processor.py:830} INFO - Processing file /home/airflow/.local/lib/python3.12/site-packages/airflow/example_dags/example_xcom.py for tasks to queue
[2026-05-16T11:54:33.630+0000] {logging_mixin.py:188} INFO - [2026-05-16T11:54:33.630+0000] {dagbag.py:545} INFO - Filling up the DagBag from /home/airflow/.local/lib/python3.12/site-packages/airflow/example_dags/example_xcom.py
[2026-05-16T11:54:33.645+0000] {processor.py:840} INFO - DAG(s) 'example_xcom' retrieved from /home/airflow/.local/lib/python3.12/site-packages/airflow/example_dags/example_xcom.py
[2026-05-16T11:54:33.688+0000] {logging_mixin.py:188} INFO - [2026-05-16T11:54:33.688+0000] {dag.py:3089} INFO - Sync 1 DAGs
[2026-05-16T11:54:33.722+0000] {logging_mixin.py:188} INFO - [2026-05-16T11:54:33.721+0000] {dag.py:3947} INFO - Setting next_dagrun for example_xcom to 2021-01-01 00:00:00+00:00, run_after=2021-01-01 00:00:00+00:00
[2026-05-16T11:54:33.759+0000] {processor.py:183} INFO - Processing /home/airflow/.local/lib/python3.12/site-packages/airflow/example_dags/example_xcom.py took 0.149 seconds
[2026-05-16T11:55:04.267+0000] {processor.py:161} INFO - Started process (PID=89567) to work on /home/airflow/.local/lib/python3.12/site-packages/airflow/example_dags/example_xcom.py
[2026-05-16T11:55:04.270+0000] {processor.py:830} INFO - Processing file /home/airflow/.local/lib/python3.12/site-packages/airflow/example_dags/example_xcom.py for tasks to queue
[2026-05-16T11:55:04.273+0000] {logging_mixin.py:188} INFO - [2026-05-16T11:55:04.273+0000] {dagbag.py:545} INFO - Filling up the DagBag from /home/airflow/.local/lib/python3.12/site-packages/airflow/example_dags/example_xcom.py
[2026-05-16T11:55:04.288+0000] {processor.py:840} INFO - DAG(s) 'example_xcom' retrieved from /home/airflow/.local/lib/python3.12/site-packages/airflow/example_dags/example_xcom.py
[2026-05-16T11:55:04.327+0000] {logging_mixin.py:188} INFO - [2026-05-16T11:55:04.327+0000] {dag.py:3089} INFO - Sync 1 DAGs
[2026-05-16T11:55:04.364+0000] {logging_mixin.py:188} INFO - [2026-05-16T11:55:04.364+0000] {dag.py:3947} INFO - Setting next_dagrun for example_xcom to 2021-01-01 00:00:00+00:00, run_after=2021-01-01 00:00:00+00:00
[2026-05-16T11:55:04.440+0000] {processor.py:183} INFO - Processing /home/airflow/.local/lib/python3.12/site-packages/airflow/example_dags/example_xcom.py took 0.184 seconds
[2026-05-16T11:55:34.798+0000] {processor.py:161} INFO - Started process (PID=89635) to work on /home/airflow/.local/lib/python3.12/site-packages/airflow/example_dags/example_xcom.py
[2026-05-16T11:55:34.800+0000] {processor.py:830} INFO - Processing file /home/airflow/.local/lib/python3.12/site-packages/airflow/example_dags/example_xcom.py for tasks to queue
[2026-05-16T11:55:34.804+0000] {logging_mixin.py:188} INFO - [2026-05-16T11:55:34.803+0000] {dagbag.py:545} INFO - Filling up the DagBag from /home/airflow/.local/lib/python3.12/site-packages/airflow/example_dags/example_xcom.py
[2026-05-16T11:55:34.817+0000] {processor.py:840} INFO - DAG(s) 'example_xcom' retrieved from /home/airflow/.local/lib/python3.12/site-packages/airflow/example_dags/example_xcom.py
[2026-05-16T11:55:34.857+0000] {logging_mixin.py:188} INFO - [2026-05-16T11:55:34.856+0000] {dag.py:3089} INFO - Sync 1 DAGs
[2026-05-16T11:55:34.909+0000] {logging_mixin.py:188} INFO - [2026-05-16T11:55:34.908+0000] {dag.py:3947} INFO - Setting next_dagrun for example_xcom to 2021-01-01 00:00:00+00:00, run_after=2021-01-01 00:00:00+00:00
[2026-05-16T11:55:34.978+0000] {processor.py:183} INFO - Processing /home/airflow/.local/lib/python3.12/site-packages/airflow/example_dags/example_xcom.py took 0.190 seconds
[2026-05-16T11:56:05.155+0000] {processor.py:161} INFO - Started process (PID=89703) to work on /home/airflow/.local/lib/python3.12/site-packages/airflow/example_dags/example_xcom.py
[2026-05-16T11:56:05.159+0000] {processor.py:830} INFO - Processing file /home/airflow/.local/lib/python3.12/site-packages/airflow/example_dags/example_xcom.py for tasks to queue
[2026-05-16T11:56:05.163+0000] {logging_mixin.py:188} INFO - [2026-05-16T11:56:05.162+0000] {dagbag.py:545} INFO - Filling up the DagBag from /home/airflow/.local/lib/python3.12/site-packages/airflow/example_dags/example_xcom.py
[2026-05-16T11:56:05.180+0000] {processor.py:840} INFO - DAG(s) 'example_xcom' retrieved from /home/airflow/.local/lib/python3.12/site-packages/airflow/example_dags/example_xcom.py
[2026-05-16T11:56:05.226+0000] {logging_mixin.py:188} INFO - [2026-05-16T11:56:05.225+0000] {dag.py:3089} INFO - Sync 1 DAGs
[2026-05-16T11:56:05.268+0000] {logging_mixin.py:188} INFO - [2026-05-16T11:56:05.268+0000] {dag.py:3947} INFO - Setting next_dagrun for example_xcom to 2021-01-01 00:00:00+00:00, run_after=2021-01-01 00:00:00+00:00
[2026-05-16T11:56:05.317+0000] {processor.py:183} INFO - Processing /home/airflow/.local/lib/python3.12/site-packages/airflow/example_dags/example_xcom.py took 0.175 seconds
[2026-05-16T11:56:36.468+0000] {processor.py:161} INFO - Started process (PID=89771) to work on /home/airflow/.local/lib/python3.12/site-packages/airflow/example_dags/example_xcom.py
[2026-05-16T11:56:36.470+0000] {processor.py:830} INFO - Processing file /home/airflow/.local/lib/python3.12/site-packages/airflow/example_dags/example_xcom.py for tasks to queue
[2026-05-16T11:56:36.475+0000] {logging_mixin.py:188} INFO - [2026-05-16T11:56:36.474+0000] {dagbag.py:545} INFO - Filling up the DagBag from /home/airflow/.local/lib/python3.12/site-packages/airflow/example_dags/example_xcom.py
[2026-05-16T11:56:36.493+0000] {processor.py:840} INFO - DAG(s) 'example_xcom' retrieved from /home/airflow/.local/lib/python3.12/site-packages/airflow/example_dags/example_xcom.py
[2026-05-16T11:56:36.532+0000] {logging_mixin.py:188} INFO - [2026-05-16T11:56:36.531+0000] {dag.py:3089} INFO - Sync 1 DAGs
[2026-05-16T11:56:36.564+0000] {logging_mixin.py:188} INFO - [2026-05-16T11:56:36.564+0000] {dag.py:3947} INFO - Setting next_dagrun for example_xcom to 2021-01-01 00:00:00+00:00, run_after=2021-01-01 00:00:00+00:00
[2026-05-16T11:56:36.597+0000] {processor.py:183} INFO - Processing /home/airflow/.local/lib/python3.12/site-packages/airflow/example_dags/example_xcom.py took 0.142 seconds
[2026-05-16T11:57:07.547+0000] {processor.py:161} INFO - Started process (PID=89839) to work on /home/airflow/.local/lib/python3.12/site-packages/airflow/example_dags/example_xcom.py
[2026-05-16T11:57:07.549+0000] {processor.py:830} INFO - Processing file /home/airflow/.local/lib/python3.12/site-packages/airflow/example_dags/example_xcom.py for tasks to queue
[2026-05-16T11:57:07.552+0000] {logging_mixin.py:188} INFO - [2026-05-16T11:57:07.552+0000] {dagbag.py:545} INFO - Filling up the DagBag from /home/airflow/.local/lib/python3.12/site-packages/airflow/example_dags/example_xcom.py
[2026-05-16T11:57:07.568+0000] {processor.py:840} INFO - DAG(s) 'example_xcom' retrieved from /home/airflow/.local/lib/python3.12/site-packages/airflow/example_dags/example_xcom.py
[2026-05-16T11:57:07.631+0000] {logging_mixin.py:188} INFO - [2026-05-16T11:57:07.629+0000] {dag.py:3089} INFO - Sync 1 DAGs
[2026-05-16T11:57:07.669+0000] {logging_mixin.py:188} INFO - [2026-05-16T11:57:07.668+0000] {dag.py:3947} INFO - Setting next_dagrun for example_xcom to 2021-01-01 00:00:00+00:00, run_after=2021-01-01 00:00:00+00:00
[2026-05-16T11:57:07.737+0000] {processor.py:183} INFO - Processing /home/airflow/.local/lib/python3.12/site-packages/airflow/example_dags/example_xcom.py took 0.202 seconds
[2026-05-16T11:57:38.039+0000] {processor.py:161} INFO - Started process (PID=89907) to work on /home/airflow/.local/lib/python3.12/site-packages/airflow/example_dags/example_xcom.py
[2026-05-16T11:57:38.041+0000] {processor.py:830} INFO - Processing file /home/airflow/.local/lib/python3.12/site-packages/airflow/example_dags/example_xcom.py for tasks to queue
[2026-05-16T11:57:38.045+0000] {logging_mixin.py:188} INFO - [2026-05-16T11:57:38.045+0000] {dagbag.py:545} INFO - Filling up the DagBag from /home/airflow/.local/lib/python3.12/site-packages/airflow/example_dags/example_xcom.py
[2026-05-16T11:57:38.064+0000] {processor.py:840} INFO - DAG(s) 'example_xcom' retrieved from /home/airflow/.local/lib/python3.12/site-packages/airflow/example_dags/example_xcom.py
[2026-05-16T11:57:38.101+0000] {logging_mixin.py:188} INFO - [2026-05-16T11:57:38.100+0000] {dag.py:3089} INFO - Sync 1 DAGs
[2026-05-16T11:57:38.140+0000] {logging_mixin.py:188} INFO - [2026-05-16T11:57:38.140+0000] {dag.py:3947} INFO - Setting next_dagrun for example_xcom to 2021-01-01 00:00:00+00:00, run_after=2021-01-01 00:00:00+00:00
[2026-05-16T11:57:38.178+0000] {processor.py:183} INFO - Processing /home/airflow/.local/lib/python3.12/site-packages/airflow/example_dags/example_xcom.py took 0.152 seconds
[2026-05-16T11:58:08.341+0000] {processor.py:161} INFO - Started process (PID=89981) to work on /home/airflow/.local/lib/python3.12/site-packages/airflow/example_dags/example_xcom.py
[2026-05-16T11:58:08.343+0000] {processor.py:830} INFO - Processing file /home/airflow/.local/lib/python3.12/site-packages/airflow/example_dags/example_xcom.py for tasks to queue
[2026-05-16T11:58:08.345+0000] {logging_mixin.py:188} INFO - [2026-05-16T11:58:08.345+0000] {dagbag.py:545} INFO - Filling up the DagBag from /home/airflow/.local/lib/python3.12/site-packages/airflow/example_dags/example_xcom.py
[2026-05-16T11:58:08.352+0000] {processor.py:840} INFO - DAG(s) 'example_xcom' retrieved from /home/airflow/.local/lib/python3.12/site-packages/airflow/example_dags/example_xcom.py
[2026-05-16T11:58:08.374+0000] {logging_mixin.py:188} INFO - [2026-05-16T11:58:08.374+0000] {dag.py:3089} INFO - Sync 1 DAGs
[2026-05-16T11:58:08.397+0000] {logging_mixin.py:188} INFO - [2026-05-16T11:58:08.397+0000] {dag.py:3947} INFO - Setting next_dagrun for example_xcom to 2021-01-01 00:00:00+00:00, run_after=2021-01-01 00:00:00+00:00
[2026-05-16T11:58:08.421+0000] {processor.py:183} INFO - Processing /home/airflow/.local/lib/python3.12/site-packages/airflow/example_dags/example_xcom.py took 0.087 seconds
[2026-05-16T11:58:38.793+0000] {processor.py:161} INFO - Started process (PID=90049) to work on /home/airflow/.local/lib/python3.12/site-packages/airflow/example_dags/example_xcom.py
[2026-05-16T11:58:38.795+0000] {processor.py:830} INFO - Processing file /home/airflow/.local/lib/python3.12/site-packages/airflow/example_dags/example_xcom.py for tasks to queue
[2026-05-16T11:58:38.799+0000] {logging_mixin.py:188} INFO - [2026-05-16T11:58:38.798+0000] {dagbag.py:545} INFO - Filling up the DagBag from /home/airflow/.local/lib/python3.12/site-packages/airflow/example_dags/example_xcom.py
[2026-05-16T11:58:38.807+0000] {processor.py:840} INFO - DAG(s) 'example_xcom' retrieved from /home/airflow/.local/lib/python3.12/site-packages/airflow/example_dags/example_xcom.py
[2026-05-16T11:58:38.835+0000] {logging_mixin.py:188} INFO - [2026-05-16T11:58:38.834+0000] {dag.py:3089} INFO - Sync 1 DAGs
[2026-05-16T11:58:38.857+0000] {logging_mixin.py:188} INFO - [2026-05-16T11:58:38.856+0000] {dag.py:3947} INFO - Setting next_dagrun for example_xcom to 2021-01-01 00:00:00+00:00, run_after=2021-01-01 00:00:00+00:00
[2026-05-16T11:58:38.885+0000] {processor.py:183} INFO - Processing /home/airflow/.local/lib/python3.12/site-packages/airflow/example_dags/example_xcom.py took 0.103 seconds
[2026-05-16T11:59:09.540+0000] {processor.py:161} INFO - Started process (PID=90117) to work on /home/airflow/.local/lib/python3.12/site-packages/airflow/example_dags/example_xcom.py
[2026-05-16T11:59:09.542+0000] {processor.py:830} INFO - Processing file /home/airflow/.local/lib/python3.12/site-packages/airflow/example_dags/example_xcom.py for tasks to queue
[2026-05-16T11:59:09.547+0000] {logging_mixin.py:188} INFO - [2026-05-16T11:59:09.547+0000] {dagbag.py:545} INFO - Filling up the DagBag from /home/airflow/.local/lib/python3.12/site-packages/airflow/example_dags/example_xcom.py
[2026-05-16T11:59:09.562+0000] {processor.py:840} INFO - DAG(s) 'example_xcom' retrieved from /home/airflow/.local/lib/python3.12/site-packages/airflow/example_dags/example_xcom.py
[2026-05-16T11:59:09.600+0000] {logging_mixin.py:188} INFO - [2026-05-16T11:59:09.600+0000] {dag.py:3089} INFO - Sync 1 DAGs
[2026-05-16T11:59:09.647+0000] {logging_mixin.py:188} INFO - [2026-05-16T11:59:09.646+0000] {dag.py:3947} INFO - Setting next_dagrun for example_xcom to 2021-01-01 00:00:00+00:00, run_after=2021-01-01 00:00:00+00:00
[2026-05-16T11:59:09.679+0000] {processor.py:183} INFO - Processing /home/airflow/.local/lib/python3.12/site-packages/airflow/example_dags/example_xcom.py took 0.156 seconds
[2026-05-16T11:59:40.103+0000] {processor.py:161} INFO - Started process (PID=90192) to work on /home/airflow/.local/lib/python3.12/site-packages/airflow/example_dags/example_xcom.py
[2026-05-16T11:59:40.114+0000] {processor.py:830} INFO - Processing file /home/airflow/.local/lib/python3.12/site-packages/airflow/example_dags/example_xcom.py for tasks to queue
[2026-05-16T11:59:40.118+0000] {logging_mixin.py:188} INFO - [2026-05-16T11:59:40.117+0000] {dagbag.py:545} INFO - Filling up the DagBag from /home/airflow/.local/lib/python3.12/site-packages/airflow/example_dags/example_xcom.py
[2026-05-16T11:59:40.137+0000] {processor.py:840} INFO - DAG(s) 'example_xcom' retrieved from /home/airflow/.local/lib/python3.12/site-packages/airflow/example_dags/example_xcom.py
[2026-05-16T11:59:40.206+0000] {logging_mixin.py:188} INFO - [2026-05-16T11:59:40.205+0000] {dag.py:3089} INFO - Sync 1 DAGs
[2026-05-16T11:59:40.244+0000] {logging_mixin.py:188} INFO - [2026-05-16T11:59:40.243+0000] {dag.py:3947} INFO - Setting next_dagrun for example_xcom to 2021-01-01 00:00:00+00:00, run_after=2021-01-01 00:00:00+00:00
[2026-05-16T11:59:40.662+0000] {processor.py:183} INFO - Processing /home/airflow/.local/lib/python3.12/site-packages/airflow/example_dags/example_xcom.py took 0.572 seconds
[2026-05-16T12:00:11.627+0000] {processor.py:161} INFO - Started process (PID=90260) to work on /home/airflow/.local/lib/python3.12/site-packages/airflow/example_dags/example_xcom.py
[2026-05-16T12:00:11.629+0000] {processor.py:830} INFO - Processing file /home/airflow/.local/lib/python3.12/site-packages/airflow/example_dags/example_xcom.py for tasks to queue
[2026-05-16T12:00:11.632+0000] {logging_mixin.py:188} INFO - [2026-05-16T12:00:11.631+0000] {dagbag.py:545} INFO - Filling up the DagBag from /home/airflow/.local/lib/python3.12/site-packages/airflow/example_dags/example_xcom.py
[2026-05-16T12:00:11.641+0000] {processor.py:840} INFO - DAG(s) 'example_xcom' retrieved from /home/airflow/.local/lib/python3.12/site-packages/airflow/example_dags/example_xcom.py
[2026-05-16T12:00:11.672+0000] {logging_mixin.py:188} INFO - [2026-05-16T12:00:11.671+0000] {dag.py:3089} INFO - Sync 1 DAGs
[2026-05-16T12:00:11.700+0000] {logging_mixin.py:188} INFO - [2026-05-16T12:00:11.700+0000] {dag.py:3947} INFO - Setting next_dagrun for example_xcom to 2021-01-01 00:00:00+00:00, run_after=2021-01-01 00:00:00+00:00
[2026-05-16T12:00:11.722+0000] {processor.py:183} INFO - Processing /home/airflow/.local/lib/python3.12/site-packages/airflow/example_dags/example_xcom.py took 0.103 seconds
[2026-05-16T12:00:42.309+0000] {processor.py:161} INFO - Started process (PID=90336) to work on /home/airflow/.local/lib/python3.12/site-packages/airflow/example_dags/example_xcom.py
[2026-05-16T12:00:42.311+0000] {processor.py:830} INFO - Processing file /home/airflow/.local/lib/python3.12/site-packages/airflow/example_dags/example_xcom.py for tasks to queue
[2026-05-16T12:00:42.315+0000] {logging_mixin.py:188} INFO - [2026-05-16T12:00:42.314+0000] {dagbag.py:545} INFO - Filling up the DagBag from /home/airflow/.local/lib/python3.12/site-packages/airflow/example_dags/example_xcom.py
[2026-05-16T12:00:42.326+0000] {processor.py:840} INFO - DAG(s) 'example_xcom' retrieved from /home/airflow/.local/lib/python3.12/site-packages/airflow/example_dags/example_xcom.py
[2026-05-16T12:00:42.347+0000] {logging_mixin.py:188} INFO - [2026-05-16T12:00:42.347+0000] {dag.py:3089} INFO - Sync 1 DAGs
[2026-05-16T12:00:42.375+0000] {logging_mixin.py:188} INFO - [2026-05-16T12:00:42.374+0000] {dag.py:3947} INFO - Setting next_dagrun for example_xcom to 2021-01-01 00:00:00+00:00, run_after=2021-01-01 00:00:00+00:00
[2026-05-16T12:00:42.398+0000] {processor.py:183} INFO - Processing /home/airflow/.local/lib/python3.12/site-packages/airflow/example_dags/example_xcom.py took 0.098 seconds
[2026-05-16T12:01:12.952+0000] {processor.py:161} INFO - Started process (PID=90404) to work on /home/airflow/.local/lib/python3.12/site-packages/airflow/example_dags/example_xcom.py
[2026-05-16T12:01:12.954+0000] {processor.py:830} INFO - Processing file /home/airflow/.local/lib/python3.12/site-packages/airflow/example_dags/example_xcom.py for tasks to queue
[2026-05-16T12:01:12.957+0000] {logging_mixin.py:188} INFO - [2026-05-16T12:01:12.956+0000] {dagbag.py:545} INFO - Filling up the DagBag from /home/airflow/.local/lib/python3.12/site-packages/airflow/example_dags/example_xcom.py
[2026-05-16T12:01:12.968+0000] {processor.py:840} INFO - DAG(s) 'example_xcom' retrieved from /home/airflow/.local/lib/python3.12/site-packages/airflow/example_dags/example_xcom.py
[2026-05-16T12:01:12.998+0000] {logging_mixin.py:188} INFO - [2026-05-16T12:01:12.997+0000] {dag.py:3089} INFO - Sync 1 DAGs
[2026-05-16T12:01:13.023+0000] {logging_mixin.py:188} INFO - [2026-05-16T12:01:13.023+0000] {dag.py:3947} INFO - Setting next_dagrun for example_xcom to 2021-01-01 00:00:00+00:00, run_after=2021-01-01 00:00:00+00:00
[2026-05-16T12:01:13.051+0000] {processor.py:183} INFO - Processing /home/airflow/.local/lib/python3.12/site-packages/airflow/example_dags/example_xcom.py took 0.106 seconds
[2026-05-16T12:01:43.284+0000] {processor.py:161} INFO - Started process (PID=90471) to work on /home/airflow/.local/lib/python3.12/site-packages/airflow/example_dags/example_xcom.py
[2026-05-16T12:01:43.286+0000] {processor.py:830} INFO - Processing file /home/airflow/.local/lib/python3.12/site-packages/airflow/example_dags/example_xcom.py for tasks to queue
[2026-05-16T12:01:43.291+0000] {logging_mixin.py:188} INFO - [2026-05-16T12:01:43.290+0000] {dagbag.py:545} INFO - Filling up the DagBag from /home/airflow/.local/lib/python3.12/site-packages/airflow/example_dags/example_xcom.py
[2026-05-16T12:01:43.302+0000] {processor.py:840} INFO - DAG(s) 'example_xcom' retrieved from /home/airflow/.local/lib/python3.12/site-packages/airflow/example_dags/example_xcom.py
[2026-05-16T12:01:43.336+0000] {logging_mixin.py:188} INFO - [2026-05-16T12:01:43.335+0000] {dag.py:3089} INFO - Sync 1 DAGs
[2026-05-16T12:01:43.365+0000] {logging_mixin.py:188} INFO - [2026-05-16T12:01:43.365+0000] {dag.py:3947} INFO - Setting next_dagrun for example_xcom to 2021-01-01 00:00:00+00:00, run_after=2021-01-01 00:00:00+00:00
[2026-05-16T12:01:43.392+0000] {processor.py:183} INFO - Processing /home/airflow/.local/lib/python3.12/site-packages/airflow/example_dags/example_xcom.py took 0.115 seconds
[2026-05-16T12:02:13.756+0000] {processor.py:161} INFO - Started process (PID=90547) to work on /home/airflow/.local/lib/python3.12/site-packages/airflow/example_dags/example_xcom.py
[2026-05-16T12:02:13.757+0000] {processor.py:830} INFO - Processing file /home/airflow/.local/lib/python3.12/site-packages/airflow/example_dags/example_xcom.py for tasks to queue
[2026-05-16T12:02:13.759+0000] {logging_mixin.py:188} INFO - [2026-05-16T12:02:13.759+0000] {dagbag.py:545} INFO - Filling up the DagBag from /home/airflow/.local/lib/python3.12/site-packages/airflow/example_dags/example_xcom.py
[2026-05-16T12:02:13.770+0000] {processor.py:840} INFO - DAG(s) 'example_xcom' retrieved from /home/airflow/.local/lib/python3.12/site-packages/airflow/example_dags/example_xcom.py
[2026-05-16T12:02:13.792+0000] {logging_mixin.py:188} INFO - [2026-05-16T12:02:13.792+0000] {dag.py:3089} INFO - Sync 1 DAGs
[2026-05-16T12:02:13.817+0000] {logging_mixin.py:188} INFO - [2026-05-16T12:02:13.817+0000] {dag.py:3947} INFO - Setting next_dagrun for example_xcom to 2021-01-01 00:00:00+00:00, run_after=2021-01-01 00:00:00+00:00
[2026-05-16T12:02:13.838+0000] {processor.py:183} INFO - Processing /home/airflow/.local/lib/python3.12/site-packages/airflow/example_dags/example_xcom.py took 0.088 seconds
[2026-05-16T12:02:44.092+0000] {processor.py:161} INFO - Started process (PID=90615) to work on /home/airflow/.local/lib/python3.12/site-packages/airflow/example_dags/example_xcom.py
[2026-05-16T12:02:44.094+0000] {processor.py:830} INFO - Processing file /home/airflow/.local/lib/python3.12/site-packages/airflow/example_dags/example_xcom.py for tasks to queue
[2026-05-16T12:02:44.098+0000] {logging_mixin.py:188} INFO - [2026-05-16T12:02:44.097+0000] {dagbag.py:545} INFO - Filling up the DagBag from /home/airflow/.local/lib/python3.12/site-packages/airflow/example_dags/example_xcom.py
[2026-05-16T12:02:44.109+0000] {processor.py:840} INFO - DAG(s) 'example_xcom' retrieved from /home/airflow/.local/lib/python3.12/site-packages/airflow/example_dags/example_xcom.py
[2026-05-16T12:02:44.147+0000] {logging_mixin.py:188} INFO - [2026-05-16T12:02:44.146+0000] {dag.py:3089} INFO - Sync 1 DAGs
[2026-05-16T12:02:44.180+0000] {logging_mixin.py:188} INFO - [2026-05-16T12:02:44.180+0000] {dag.py:3947} INFO - Setting next_dagrun for example_xcom to 2021-01-01 00:00:00+00:00, run_after=2021-01-01 00:00:00+00:00
[2026-05-16T12:02:44.214+0000] {processor.py:183} INFO - Processing /home/airflow/.local/lib/python3.12/site-packages/airflow/example_dags/example_xcom.py took 0.132 seconds
[2026-05-16T12:03:14.395+0000] {processor.py:161} INFO - Started process (PID=90690) to work on /home/airflow/.local/lib/python3.12/site-packages/airflow/example_dags/example_xcom.py
[2026-05-16T12:03:14.396+0000] {processor.py:830} INFO - Processing file /home/airflow/.local/lib/python3.12/site-packages/airflow/example_dags/example_xcom.py for tasks to queue
[2026-05-16T12:03:14.399+0000] {logging_mixin.py:188} INFO - [2026-05-16T12:03:14.399+0000] {dagbag.py:545} INFO - Filling up the DagBag from /home/airflow/.local/lib/python3.12/site-packages/airflow/example_dags/example_xcom.py
[2026-05-16T12:03:14.409+0000] {processor.py:840} INFO - DAG(s) 'example_xcom' retrieved from /home/airflow/.local/lib/python3.12/site-packages/airflow/example_dags/example_xcom.py
[2026-05-16T12:03:14.439+0000] {logging_mixin.py:188} INFO - [2026-05-16T12:03:14.438+0000] {dag.py:3089} INFO - Sync 1 DAGs
[2026-05-16T12:03:14.457+0000] {logging_mixin.py:188} INFO - [2026-05-16T12:03:14.457+0000] {dag.py:3947} INFO - Setting next_dagrun for example_xcom to 2021-01-01 00:00:00+00:00, run_after=2021-01-01 00:00:00+00:00
[2026-05-16T12:03:14.478+0000] {processor.py:183} INFO - Processing /home/airflow/.local/lib/python3.12/site-packages/airflow/example_dags/example_xcom.py took 0.092 seconds
[2026-05-16T12:03:45.643+0000] {processor.py:161} INFO - Started process (PID=90758) to work on /home/airflow/.local/lib/python3.12/site-packages/airflow/example_dags/example_xcom.py
[2026-05-16T12:03:45.645+0000] {processor.py:830} INFO - Processing file /home/airflow/.local/lib/python3.12/site-packages/airflow/example_dags/example_xcom.py for tasks to queue
[2026-05-16T12:03:45.647+0000] {logging_mixin.py:188} INFO - [2026-05-16T12:03:45.646+0000] {dagbag.py:545} INFO - Filling up the DagBag from /home/airflow/.local/lib/python3.12/site-packages/airflow/example_dags/example_xcom.py
[2026-05-16T12:03:45.654+0000] {processor.py:840} INFO - DAG(s) 'example_xcom' retrieved from /home/airflow/.local/lib/python3.12/site-packages/airflow/example_dags/example_xcom.py
[2026-05-16T12:03:45.678+0000] {logging_mixin.py:188} INFO - [2026-05-16T12:03:45.678+0000] {dag.py:3089} INFO - Sync 1 DAGs
[2026-05-16T12:03:45.886+0000] {logging_mixin.py:188} INFO - [2026-05-16T12:03:45.886+0000] {dag.py:3947} INFO - Setting next_dagrun for example_xcom to 2021-01-01 00:00:00+00:00, run_after=2021-01-01 00:00:00+00:00
[2026-05-16T12:03:45.909+0000] {processor.py:183} INFO - Processing /home/airflow/.local/lib/python3.12/site-packages/airflow/example_dags/example_xcom.py took 0.271 seconds
[2026-05-16T12:04:16.209+0000] {processor.py:161} INFO - Started process (PID=90826) to work on /home/airflow/.local/lib/python3.12/site-packages/airflow/example_dags/example_xcom.py
[2026-05-16T12:04:16.211+0000] {processor.py:830} INFO - Processing file /home/airflow/.local/lib/python3.12/site-packages/airflow/example_dags/example_xcom.py for tasks to queue
[2026-05-16T12:04:16.215+0000] {logging_mixin.py:188} INFO - [2026-05-16T12:04:16.215+0000] {dagbag.py:545} INFO - Filling up the DagBag from /home/airflow/.local/lib/python3.12/site-packages/airflow/example_dags/example_xcom.py
[2026-05-16T12:04:16.231+0000] {processor.py:840} INFO - DAG(s) 'example_xcom' retrieved from /home/airflow/.local/lib/python3.12/site-packages/airflow/example_dags/example_xcom.py
[2026-05-16T12:04:16.275+0000] {logging_mixin.py:188} INFO - [2026-05-16T12:04:16.275+0000] {dag.py:3089} INFO - Sync 1 DAGs
[2026-05-16T12:04:16.307+0000] {logging_mixin.py:188} INFO - [2026-05-16T12:04:16.307+0000] {dag.py:3947} INFO - Setting next_dagrun for example_xcom to 2021-01-01 00:00:00+00:00, run_after=2021-01-01 00:00:00+00:00
[2026-05-16T12:04:16.606+0000] {processor.py:183} INFO - Processing /home/airflow/.local/lib/python3.12/site-packages/airflow/example_dags/example_xcom.py took 0.409 seconds
[2026-05-16T12:04:47.130+0000] {processor.py:161} INFO - Started process (PID=90902) to work on /home/airflow/.local/lib/python3.12/site-packages/airflow/example_dags/example_xcom.py
[2026-05-16T12:04:47.133+0000] {processor.py:830} INFO - Processing file /home/airflow/.local/lib/python3.12/site-packages/airflow/example_dags/example_xcom.py for tasks to queue
[2026-05-16T12:04:47.137+0000] {logging_mixin.py:188} INFO - [2026-05-16T12:04:47.137+0000] {dagbag.py:545} INFO - Filling up the DagBag from /home/airflow/.local/lib/python3.12/site-packages/airflow/example_dags/example_xcom.py
[2026-05-16T12:04:47.156+0000] {processor.py:840} INFO - DAG(s) 'example_xcom' retrieved from /home/airflow/.local/lib/python3.12/site-packages/airflow/example_dags/example_xcom.py
[2026-05-16T12:04:47.205+0000] {logging_mixin.py:188} INFO - [2026-05-16T12:04:47.204+0000] {dag.py:3089} INFO - Sync 1 DAGs
[2026-05-16T12:04:47.249+0000] {logging_mixin.py:188} INFO - [2026-05-16T12:04:47.248+0000] {dag.py:3947} INFO - Setting next_dagrun for example_xcom to 2021-01-01 00:00:00+00:00, run_after=2021-01-01 00:00:00+00:00
[2026-05-16T12:04:47.515+0000] {processor.py:183} INFO - Processing /home/airflow/.local/lib/python3.12/site-packages/airflow/example_dags/example_xcom.py took 0.396 seconds
[2026-05-16T12:05:18.123+0000] {processor.py:161} INFO - Started process (PID=90969) to work on /home/airflow/.local/lib/python3.12/site-packages/airflow/example_dags/example_xcom.py
[2026-05-16T12:05:18.125+0000] {processor.py:830} INFO - Processing file /home/airflow/.local/lib/python3.12/site-packages/airflow/example_dags/example_xcom.py for tasks to queue
[2026-05-16T12:05:18.130+0000] {logging_mixin.py:188} INFO - [2026-05-16T12:05:18.129+0000] {dagbag.py:545} INFO - Filling up the DagBag from /home/airflow/.local/lib/python3.12/site-packages/airflow/example_dags/example_xcom.py
[2026-05-16T12:05:18.144+0000] {processor.py:840} INFO - DAG(s) 'example_xcom' retrieved from /home/airflow/.local/lib/python3.12/site-packages/airflow/example_dags/example_xcom.py
[2026-05-16T12:05:18.176+0000] {logging_mixin.py:188} INFO - [2026-05-16T12:05:18.176+0000] {dag.py:3089} INFO - Sync 1 DAGs
[2026-05-16T12:05:18.204+0000] {logging_mixin.py:188} INFO - [2026-05-16T12:05:18.203+0000] {dag.py:3947} INFO - Setting next_dagrun for example_xcom to 2021-01-01 00:00:00+00:00, run_after=2021-01-01 00:00:00+00:00
[2026-05-16T12:05:18.239+0000] {processor.py:183} INFO - Processing /home/airflow/.local/lib/python3.12/site-packages/airflow/example_dags/example_xcom.py took 0.130 seconds
[2026-05-16T12:05:48.783+0000] {processor.py:161} INFO - Started process (PID=91044) to work on /home/airflow/.local/lib/python3.12/site-packages/airflow/example_dags/example_xcom.py
[2026-05-16T12:05:48.785+0000] {processor.py:830} INFO - Processing file /home/airflow/.local/lib/python3.12/site-packages/airflow/example_dags/example_xcom.py for tasks to queue
[2026-05-16T12:05:48.788+0000] {logging_mixin.py:188} INFO - [2026-05-16T12:05:48.788+0000] {dagbag.py:545} INFO - Filling up the DagBag from /home/airflow/.local/lib/python3.12/site-packages/airflow/example_dags/example_xcom.py
[2026-05-16T12:05:48.795+0000] {processor.py:840} INFO - DAG(s) 'example_xcom' retrieved from /home/airflow/.local/lib/python3.12/site-packages/airflow/example_dags/example_xcom.py
[2026-05-16T12:05:48.816+0000] {logging_mixin.py:188} INFO - [2026-05-16T12:05:48.815+0000] {dag.py:3089} INFO - Sync 1 DAGs
[2026-05-16T12:05:48.835+0000] {logging_mixin.py:188} INFO - [2026-05-16T12:05:48.835+0000] {dag.py:3947} INFO - Setting next_dagrun for example_xcom to 2021-01-01 00:00:00+00:00, run_after=2021-01-01 00:00:00+00:00
[2026-05-16T12:05:48.857+0000] {processor.py:183} INFO - Processing /home/airflow/.local/lib/python3.12/site-packages/airflow/example_dags/example_xcom.py took 0.080 seconds
[2026-05-16T12:06:19.668+0000] {processor.py:161} INFO - Started process (PID=91112) to work on /home/airflow/.local/lib/python3.12/site-packages/airflow/example_dags/example_xcom.py
[2026-05-16T12:06:19.671+0000] {processor.py:830} INFO - Processing file /home/airflow/.local/lib/python3.12/site-packages/airflow/example_dags/example_xcom.py for tasks to queue
[2026-05-16T12:06:19.676+0000] {logging_mixin.py:188} INFO - [2026-05-16T12:06:19.675+0000] {dagbag.py:545} INFO - Filling up the DagBag from /home/airflow/.local/lib/python3.12/site-packages/airflow/example_dags/example_xcom.py
[2026-05-16T12:06:19.695+0000] {processor.py:840} INFO - DAG(s) 'example_xcom' retrieved from /home/airflow/.local/lib/python3.12/site-packages/airflow/example_dags/example_xcom.py
[2026-05-16T12:06:19.744+0000] {logging_mixin.py:188} INFO - [2026-05-16T12:06:19.743+0000] {dag.py:3089} INFO - Sync 1 DAGs
[2026-05-16T12:06:19.792+0000] {logging_mixin.py:188} INFO - [2026-05-16T12:06:19.792+0000] {dag.py:3947} INFO - Setting next_dagrun for example_xcom to 2021-01-01 00:00:00+00:00, run_after=2021-01-01 00:00:00+00:00
[2026-05-16T12:06:19.822+0000] {processor.py:183} INFO - Processing /home/airflow/.local/lib/python3.12/site-packages/airflow/example_dags/example_xcom.py took 0.169 seconds
[2026-05-16T12:06:50.201+0000] {processor.py:161} INFO - Started process (PID=91187) to work on /home/airflow/.local/lib/python3.12/site-packages/airflow/example_dags/example_xcom.py
[2026-05-16T12:06:50.202+0000] {processor.py:830} INFO - Processing file /home/airflow/.local/lib/python3.12/site-packages/airflow/example_dags/example_xcom.py for tasks to queue
[2026-05-16T12:06:50.206+0000] {logging_mixin.py:188} INFO - [2026-05-16T12:06:50.206+0000] {dagbag.py:545} INFO - Filling up the DagBag from /home/airflow/.local/lib/python3.12/site-packages/airflow/example_dags/example_xcom.py
[2026-05-16T12:06:50.216+0000] {processor.py:840} INFO - DAG(s) 'example_xcom' retrieved from /home/airflow/.local/lib/python3.12/site-packages/airflow/example_dags/example_xcom.py
[2026-05-16T12:06:50.238+0000] {logging_mixin.py:188} INFO - [2026-05-16T12:06:50.238+0000] {dag.py:3089} INFO - Sync 1 DAGs
[2026-05-16T12:06:50.259+0000] {logging_mixin.py:188} INFO - [2026-05-16T12:06:50.259+0000] {dag.py:3947} INFO - Setting next_dagrun for example_xcom to 2021-01-01 00:00:00+00:00, run_after=2021-01-01 00:00:00+00:00
[2026-05-16T12:06:50.281+0000] {processor.py:183} INFO - Processing /home/airflow/.local/lib/python3.12/site-packages/airflow/example_dags/example_xcom.py took 0.086 seconds
[2026-05-16T12:07:21.222+0000] {processor.py:161} INFO - Started process (PID=91255) to work on /home/airflow/.local/lib/python3.12/site-packages/airflow/example_dags/example_xcom.py
[2026-05-16T12:07:21.224+0000] {processor.py:830} INFO - Processing file /home/airflow/.local/lib/python3.12/site-packages/airflow/example_dags/example_xcom.py for tasks to queue
[2026-05-16T12:07:21.229+0000] {logging_mixin.py:188} INFO - [2026-05-16T12:07:21.228+0000] {dagbag.py:545} INFO - Filling up the DagBag from /home/airflow/.local/lib/python3.12/site-packages/airflow/example_dags/example_xcom.py
[2026-05-16T12:07:21.245+0000] {processor.py:840} INFO - DAG(s) 'example_xcom' retrieved from /home/airflow/.local/lib/python3.12/site-packages/airflow/example_dags/example_xcom.py
[2026-05-16T12:07:21.293+0000] {logging_mixin.py:188} INFO - [2026-05-16T12:07:21.291+0000] {dag.py:3089} INFO - Sync 1 DAGs
[2026-05-16T12:07:21.331+0000] {logging_mixin.py:188} INFO - [2026-05-16T12:07:21.331+0000] {dag.py:3947} INFO - Setting next_dagrun for example_xcom to 2021-01-01 00:00:00+00:00, run_after=2021-01-01 00:00:00+00:00
[2026-05-16T12:07:21.482+0000] {processor.py:183} INFO - Processing /home/airflow/.local/lib/python3.12/site-packages/airflow/example_dags/example_xcom.py took 0.275 seconds
[2026-05-16T12:07:51.835+0000] {processor.py:161} INFO - Started process (PID=91330) to work on /home/airflow/.local/lib/python3.12/site-packages/airflow/example_dags/example_xcom.py
[2026-05-16T12:07:51.836+0000] {processor.py:830} INFO - Processing file /home/airflow/.local/lib/python3.12/site-packages/airflow/example_dags/example_xcom.py for tasks to queue
[2026-05-16T12:07:51.839+0000] {logging_mixin.py:188} INFO - [2026-05-16T12:07:51.838+0000] {dagbag.py:545} INFO - Filling up the DagBag from /home/airflow/.local/lib/python3.12/site-packages/airflow/example_dags/example_xcom.py
[2026-05-16T12:07:51.846+0000] {processor.py:840} INFO - DAG(s) 'example_xcom' retrieved from /home/airflow/.local/lib/python3.12/site-packages/airflow/example_dags/example_xcom.py
[2026-05-16T12:07:51.866+0000] {logging_mixin.py:188} INFO - [2026-05-16T12:07:51.866+0000] {dag.py:3089} INFO - Sync 1 DAGs
[2026-05-16T12:07:51.886+0000] {logging_mixin.py:188} INFO - [2026-05-16T12:07:51.886+0000] {dag.py:3947} INFO - Setting next_dagrun for example_xcom to 2021-01-01 00:00:00+00:00, run_after=2021-01-01 00:00:00+00:00
[2026-05-16T12:07:51.903+0000] {processor.py:183} INFO - Processing /home/airflow/.local/lib/python3.12/site-packages/airflow/example_dags/example_xcom.py took 0.074 seconds
[2026-05-16T12:08:22.672+0000] {processor.py:161} INFO - Started process (PID=91399) to work on /home/airflow/.local/lib/python3.12/site-packages/airflow/example_dags/example_xcom.py
[2026-05-16T12:08:22.674+0000] {processor.py:830} INFO - Processing file /home/airflow/.local/lib/python3.12/site-packages/airflow/example_dags/example_xcom.py for tasks to queue
[2026-05-16T12:08:22.679+0000] {logging_mixin.py:188} INFO - [2026-05-16T12:08:22.678+0000] {dagbag.py:545} INFO - Filling up the DagBag from /home/airflow/.local/lib/python3.12/site-packages/airflow/example_dags/example_xcom.py
[2026-05-16T12:08:22.692+0000] {processor.py:840} INFO - DAG(s) 'example_xcom' retrieved from /home/airflow/.local/lib/python3.12/site-packages/airflow/example_dags/example_xcom.py
[2026-05-16T12:08:22.724+0000] {logging_mixin.py:188} INFO - [2026-05-16T12:08:22.724+0000] {dag.py:3089} INFO - Sync 1 DAGs
[2026-05-16T12:08:22.757+0000] {logging_mixin.py:188} INFO - [2026-05-16T12:08:22.756+0000] {dag.py:3947} INFO - Setting next_dagrun for example_xcom to 2021-01-01 00:00:00+00:00, run_after=2021-01-01 00:00:00+00:00
[2026-05-16T12:08:22.790+0000] {processor.py:183} INFO - Processing /home/airflow/.local/lib/python3.12/site-packages/airflow/example_dags/example_xcom.py took 0.129 seconds
[2026-05-16T12:08:53.425+0000] {processor.py:161} INFO - Started process (PID=91467) to work on /home/airflow/.local/lib/python3.12/site-packages/airflow/example_dags/example_xcom.py
[2026-05-16T12:08:53.428+0000] {processor.py:830} INFO - Processing file /home/airflow/.local/lib/python3.12/site-packages/airflow/example_dags/example_xcom.py for tasks to queue
[2026-05-16T12:08:53.433+0000] {logging_mixin.py:188} INFO - [2026-05-16T12:08:53.432+0000] {dagbag.py:545} INFO - Filling up the DagBag from /home/airflow/.local/lib/python3.12/site-packages/airflow/example_dags/example_xcom.py
[2026-05-16T12:08:53.445+0000] {processor.py:840} INFO - DAG(s) 'example_xcom' retrieved from /home/airflow/.local/lib/python3.12/site-packages/airflow/example_dags/example_xcom.py
[2026-05-16T12:08:53.487+0000] {logging_mixin.py:188} INFO - [2026-05-16T12:08:53.486+0000] {dag.py:3089} INFO - Sync 1 DAGs
[2026-05-16T12:08:53.529+0000] {logging_mixin.py:188} INFO - [2026-05-16T12:08:53.528+0000] {dag.py:3947} INFO - Setting next_dagrun for example_xcom to 2021-01-01 00:00:00+00:00, run_after=2021-01-01 00:00:00+00:00
[2026-05-16T12:08:53.583+0000] {processor.py:183} INFO - Processing /home/airflow/.local/lib/python3.12/site-packages/airflow/example_dags/example_xcom.py took 0.173 seconds
[2026-05-16T12:09:24.097+0000] {processor.py:161} INFO - Started process (PID=91542) to work on /home/airflow/.local/lib/python3.12/site-packages/airflow/example_dags/example_xcom.py
[2026-05-16T12:09:24.099+0000] {processor.py:830} INFO - Processing file /home/airflow/.local/lib/python3.12/site-packages/airflow/example_dags/example_xcom.py for tasks to queue
[2026-05-16T12:09:24.103+0000] {logging_mixin.py:188} INFO - [2026-05-16T12:09:24.102+0000] {dagbag.py:545} INFO - Filling up the DagBag from /home/airflow/.local/lib/python3.12/site-packages/airflow/example_dags/example_xcom.py
[2026-05-16T12:09:24.111+0000] {processor.py:840} INFO - DAG(s) 'example_xcom' retrieved from /home/airflow/.local/lib/python3.12/site-packages/airflow/example_dags/example_xcom.py
[2026-05-16T12:09:24.139+0000] {logging_mixin.py:188} INFO - [2026-05-16T12:09:24.138+0000] {dag.py:3089} INFO - Sync 1 DAGs
[2026-05-16T12:09:24.176+0000] {logging_mixin.py:188} INFO - [2026-05-16T12:09:24.175+0000] {dag.py:3947} INFO - Setting next_dagrun for example_xcom to 2021-01-01 00:00:00+00:00, run_after=2021-01-01 00:00:00+00:00
[2026-05-16T12:09:24.212+0000] {processor.py:183} INFO - Processing /home/airflow/.local/lib/python3.12/site-packages/airflow/example_dags/example_xcom.py took 0.122 seconds
[2026-05-16T12:09:54.656+0000] {processor.py:161} INFO - Started process (PID=91610) to work on /home/airflow/.local/lib/python3.12/site-packages/airflow/example_dags/example_xcom.py
[2026-05-16T12:09:54.658+0000] {processor.py:830} INFO - Processing file /home/airflow/.local/lib/python3.12/site-packages/airflow/example_dags/example_xcom.py for tasks to queue
[2026-05-16T12:09:54.661+0000] {logging_mixin.py:188} INFO - [2026-05-16T12:09:54.660+0000] {dagbag.py:545} INFO - Filling up the DagBag from /home/airflow/.local/lib/python3.12/site-packages/airflow/example_dags/example_xcom.py
[2026-05-16T12:09:54.673+0000] {processor.py:840} INFO - DAG(s) 'example_xcom' retrieved from /home/airflow/.local/lib/python3.12/site-packages/airflow/example_dags/example_xcom.py
[2026-05-16T12:09:54.704+0000] {logging_mixin.py:188} INFO - [2026-05-16T12:09:54.704+0000] {dag.py:3089} INFO - Sync 1 DAGs
[2026-05-16T12:09:54.730+0000] {logging_mixin.py:188} INFO - [2026-05-16T12:09:54.730+0000] {dag.py:3947} INFO - Setting next_dagrun for example_xcom to 2021-01-01 00:00:00+00:00, run_after=2021-01-01 00:00:00+00:00
[2026-05-16T12:09:54.763+0000] {processor.py:183} INFO - Processing /home/airflow/.local/lib/python3.12/site-packages/airflow/example_dags/example_xcom.py took 0.116 seconds
[2026-05-16T12:10:25.407+0000] {processor.py:161} INFO - Started process (PID=91685) to work on /home/airflow/.local/lib/python3.12/site-packages/airflow/example_dags/example_xcom.py
[2026-05-16T12:10:25.409+0000] {processor.py:830} INFO - Processing file /home/airflow/.local/lib/python3.12/site-packages/airflow/example_dags/example_xcom.py for tasks to queue
[2026-05-16T12:10:25.412+0000] {logging_mixin.py:188} INFO - [2026-05-16T12:10:25.411+0000] {dagbag.py:545} INFO - Filling up the DagBag from /home/airflow/.local/lib/python3.12/site-packages/airflow/example_dags/example_xcom.py
[2026-05-16T12:10:25.425+0000] {processor.py:840} INFO - DAG(s) 'example_xcom' retrieved from /home/airflow/.local/lib/python3.12/site-packages/airflow/example_dags/example_xcom.py
[2026-05-16T12:10:25.446+0000] {logging_mixin.py:188} INFO - [2026-05-16T12:10:25.446+0000] {dag.py:3089} INFO - Sync 1 DAGs
[2026-05-16T12:10:25.474+0000] {logging_mixin.py:188} INFO - [2026-05-16T12:10:25.473+0000] {dag.py:3947} INFO - Setting next_dagrun for example_xcom to 2021-01-01 00:00:00+00:00, run_after=2021-01-01 00:00:00+00:00
[2026-05-16T12:10:25.501+0000] {processor.py:183} INFO - Processing /home/airflow/.local/lib/python3.12/site-packages/airflow/example_dags/example_xcom.py took 0.101 seconds
[2026-05-16T12:10:55.721+0000] {processor.py:161} INFO - Started process (PID=91753) to work on /home/airflow/.local/lib/python3.12/site-packages/airflow/example_dags/example_xcom.py
[2026-05-16T12:10:55.723+0000] {processor.py:830} INFO - Processing file /home/airflow/.local/lib/python3.12/site-packages/airflow/example_dags/example_xcom.py for tasks to queue
[2026-05-16T12:10:55.727+0000] {logging_mixin.py:188} INFO - [2026-05-16T12:10:55.727+0000] {dagbag.py:545} INFO - Filling up the DagBag from /home/airflow/.local/lib/python3.12/site-packages/airflow/example_dags/example_xcom.py
[2026-05-16T12:10:55.744+0000] {processor.py:840} INFO - DAG(s) 'example_xcom' retrieved from /home/airflow/.local/lib/python3.12/site-packages/airflow/example_dags/example_xcom.py
[2026-05-16T12:10:55.783+0000] {logging_mixin.py:188} INFO - [2026-05-16T12:10:55.782+0000] {dag.py:3089} INFO - Sync 1 DAGs
[2026-05-16T12:10:55.814+0000] {logging_mixin.py:188} INFO - [2026-05-16T12:10:55.813+0000] {dag.py:3947} INFO - Setting next_dagrun for example_xcom to 2021-01-01 00:00:00+00:00, run_after=2021-01-01 00:00:00+00:00
[2026-05-16T12:10:55.848+0000] {processor.py:183} INFO - Processing /home/airflow/.local/lib/python3.12/site-packages/airflow/example_dags/example_xcom.py took 0.136 seconds
[2026-05-16T12:11:25.991+0000] {processor.py:161} INFO - Started process (PID=91821) to work on /home/airflow/.local/lib/python3.12/site-packages/airflow/example_dags/example_xcom.py
[2026-05-16T12:11:25.992+0000] {processor.py:830} INFO - Processing file /home/airflow/.local/lib/python3.12/site-packages/airflow/example_dags/example_xcom.py for tasks to queue
[2026-05-16T12:11:25.994+0000] {logging_mixin.py:188} INFO - [2026-05-16T12:11:25.994+0000] {dagbag.py:545} INFO - Filling up the DagBag from /home/airflow/.local/lib/python3.12/site-packages/airflow/example_dags/example_xcom.py
[2026-05-16T12:11:26.006+0000] {processor.py:840} INFO - DAG(s) 'example_xcom' retrieved from /home/airflow/.local/lib/python3.12/site-packages/airflow/example_dags/example_xcom.py
[2026-05-16T12:11:26.029+0000] {logging_mixin.py:188} INFO - [2026-05-16T12:11:26.028+0000] {dag.py:3089} INFO - Sync 1 DAGs
[2026-05-16T12:11:26.054+0000] {logging_mixin.py:188} INFO - [2026-05-16T12:11:26.053+0000] {dag.py:3947} INFO - Setting next_dagrun for example_xcom to 2021-01-01 00:00:00+00:00, run_after=2021-01-01 00:00:00+00:00
[2026-05-16T12:11:26.085+0000] {processor.py:183} INFO - Processing /home/airflow/.local/lib/python3.12/site-packages/airflow/example_dags/example_xcom.py took 0.101 seconds
[2026-05-16T12:11:56.382+0000] {processor.py:161} INFO - Started process (PID=91896) to work on /home/airflow/.local/lib/python3.12/site-packages/airflow/example_dags/example_xcom.py
[2026-05-16T12:11:56.383+0000] {processor.py:830} INFO - Processing file /home/airflow/.local/lib/python3.12/site-packages/airflow/example_dags/example_xcom.py for tasks to queue
[2026-05-16T12:11:56.385+0000] {logging_mixin.py:188} INFO - [2026-05-16T12:11:56.385+0000] {dagbag.py:545} INFO - Filling up the DagBag from /home/airflow/.local/lib/python3.12/site-packages/airflow/example_dags/example_xcom.py
[2026-05-16T12:11:56.392+0000] {processor.py:840} INFO - DAG(s) 'example_xcom' retrieved from /home/airflow/.local/lib/python3.12/site-packages/airflow/example_dags/example_xcom.py
[2026-05-16T12:11:56.413+0000] {logging_mixin.py:188} INFO - [2026-05-16T12:11:56.413+0000] {dag.py:3089} INFO - Sync 1 DAGs
[2026-05-16T12:11:56.433+0000] {logging_mixin.py:188} INFO - [2026-05-16T12:11:56.433+0000] {dag.py:3947} INFO - Setting next_dagrun for example_xcom to 2021-01-01 00:00:00+00:00, run_after=2021-01-01 00:00:00+00:00
[2026-05-16T12:11:56.456+0000] {processor.py:183} INFO - Processing /home/airflow/.local/lib/python3.12/site-packages/airflow/example_dags/example_xcom.py took 0.080 seconds
[2026-05-16T12:12:27.029+0000] {processor.py:161} INFO - Started process (PID=91964) to work on /home/airflow/.local/lib/python3.12/site-packages/airflow/example_dags/example_xcom.py
[2026-05-16T12:12:27.031+0000] {processor.py:830} INFO - Processing file /home/airflow/.local/lib/python3.12/site-packages/airflow/example_dags/example_xcom.py for tasks to queue
[2026-05-16T12:12:27.034+0000] {logging_mixin.py:188} INFO - [2026-05-16T12:12:27.034+0000] {dagbag.py:545} INFO - Filling up the DagBag from /home/airflow/.local/lib/python3.12/site-packages/airflow/example_dags/example_xcom.py
[2026-05-16T12:12:27.044+0000] {processor.py:840} INFO - DAG(s) 'example_xcom' retrieved from /home/airflow/.local/lib/python3.12/site-packages/airflow/example_dags/example_xcom.py
[2026-05-16T12:12:27.068+0000] {logging_mixin.py:188} INFO - [2026-05-16T12:12:27.067+0000] {dag.py:3089} INFO - Sync 1 DAGs
[2026-05-16T12:12:27.107+0000] {logging_mixin.py:188} INFO - [2026-05-16T12:12:27.106+0000] {dag.py:3947} INFO - Setting next_dagrun for example_xcom to 2021-01-01 00:00:00+00:00, run_after=2021-01-01 00:00:00+00:00
[2026-05-16T12:12:27.130+0000] {processor.py:183} INFO - Processing /home/airflow/.local/lib/python3.12/site-packages/airflow/example_dags/example_xcom.py took 0.109 seconds
[2026-05-16T12:12:57.458+0000] {processor.py:161} INFO - Started process (PID=92039) to work on /home/airflow/.local/lib/python3.12/site-packages/airflow/example_dags/example_xcom.py
[2026-05-16T12:12:57.460+0000] {processor.py:830} INFO - Processing file /home/airflow/.local/lib/python3.12/site-packages/airflow/example_dags/example_xcom.py for tasks to queue
[2026-05-16T12:12:57.462+0000] {logging_mixin.py:188} INFO - [2026-05-16T12:12:57.462+0000] {dagbag.py:545} INFO - Filling up the DagBag from /home/airflow/.local/lib/python3.12/site-packages/airflow/example_dags/example_xcom.py
[2026-05-16T12:12:57.469+0000] {processor.py:840} INFO - DAG(s) 'example_xcom' retrieved from /home/airflow/.local/lib/python3.12/site-packages/airflow/example_dags/example_xcom.py
[2026-05-16T12:12:57.493+0000] {logging_mixin.py:188} INFO - [2026-05-16T12:12:57.493+0000] {dag.py:3089} INFO - Sync 1 DAGs
[2026-05-16T12:12:57.511+0000] {logging_mixin.py:188} INFO - [2026-05-16T12:12:57.511+0000] {dag.py:3947} INFO - Setting next_dagrun for example_xcom to 2021-01-01 00:00:00+00:00, run_after=2021-01-01 00:00:00+00:00
[2026-05-16T12:12:57.536+0000] {processor.py:183} INFO - Processing /home/airflow/.local/lib/python3.12/site-packages/airflow/example_dags/example_xcom.py took 0.085 seconds
[2026-05-16T12:13:27.626+0000] {processor.py:161} INFO - Started process (PID=92107) to work on /home/airflow/.local/lib/python3.12/site-packages/airflow/example_dags/example_xcom.py
[2026-05-16T12:13:27.627+0000] {processor.py:830} INFO - Processing file /home/airflow/.local/lib/python3.12/site-packages/airflow/example_dags/example_xcom.py for tasks to queue
[2026-05-16T12:13:27.630+0000] {logging_mixin.py:188} INFO - [2026-05-16T12:13:27.630+0000] {dagbag.py:545} INFO - Filling up the DagBag from /home/airflow/.local/lib/python3.12/site-packages/airflow/example_dags/example_xcom.py
[2026-05-16T12:13:27.638+0000] {processor.py:840} INFO - DAG(s) 'example_xcom' retrieved from /home/airflow/.local/lib/python3.12/site-packages/airflow/example_dags/example_xcom.py
[2026-05-16T12:13:27.660+0000] {logging_mixin.py:188} INFO - [2026-05-16T12:13:27.660+0000] {dag.py:3089} INFO - Sync 1 DAGs
[2026-05-16T12:13:27.688+0000] {logging_mixin.py:188} INFO - [2026-05-16T12:13:27.687+0000] {dag.py:3947} INFO - Setting next_dagrun for example_xcom to 2021-01-01 00:00:00+00:00, run_after=2021-01-01 00:00:00+00:00
[2026-05-16T12:13:27.714+0000] {processor.py:183} INFO - Processing /home/airflow/.local/lib/python3.12/site-packages/airflow/example_dags/example_xcom.py took 0.093 seconds
[2026-05-16T12:13:58.369+0000] {processor.py:161} INFO - Started process (PID=92175) to work on /home/airflow/.local/lib/python3.12/site-packages/airflow/example_dags/example_xcom.py
[2026-05-16T12:13:58.371+0000] {processor.py:830} INFO - Processing file /home/airflow/.local/lib/python3.12/site-packages/airflow/example_dags/example_xcom.py for tasks to queue
[2026-05-16T12:13:58.375+0000] {logging_mixin.py:188} INFO - [2026-05-16T12:13:58.374+0000] {dagbag.py:545} INFO - Filling up the DagBag from /home/airflow/.local/lib/python3.12/site-packages/airflow/example_dags/example_xcom.py
[2026-05-16T12:13:58.394+0000] {processor.py:840} INFO - DAG(s) 'example_xcom' retrieved from /home/airflow/.local/lib/python3.12/site-packages/airflow/example_dags/example_xcom.py
[2026-05-16T12:13:58.430+0000] {logging_mixin.py:188} INFO - [2026-05-16T12:13:58.429+0000] {dag.py:3089} INFO - Sync 1 DAGs
[2026-05-16T12:13:58.460+0000] {logging_mixin.py:188} INFO - [2026-05-16T12:13:58.459+0000] {dag.py:3947} INFO - Setting next_dagrun for example_xcom to 2021-01-01 00:00:00+00:00, run_after=2021-01-01 00:00:00+00:00
[2026-05-16T12:13:58.500+0000] {processor.py:183} INFO - Processing /home/airflow/.local/lib/python3.12/site-packages/airflow/example_dags/example_xcom.py took 0.143 seconds
[2026-05-16T12:14:28.828+0000] {processor.py:161} INFO - Started process (PID=92249) to work on /home/airflow/.local/lib/python3.12/site-packages/airflow/example_dags/example_xcom.py
[2026-05-16T12:14:28.831+0000] {processor.py:830} INFO - Processing file /home/airflow/.local/lib/python3.12/site-packages/airflow/example_dags/example_xcom.py for tasks to queue
[2026-05-16T12:14:28.834+0000] {logging_mixin.py:188} INFO - [2026-05-16T12:14:28.834+0000] {dagbag.py:545} INFO - Filling up the DagBag from /home/airflow/.local/lib/python3.12/site-packages/airflow/example_dags/example_xcom.py
[2026-05-16T12:14:28.852+0000] {processor.py:840} INFO - DAG(s) 'example_xcom' retrieved from /home/airflow/.local/lib/python3.12/site-packages/airflow/example_dags/example_xcom.py
[2026-05-16T12:14:28.882+0000] {logging_mixin.py:188} INFO - [2026-05-16T12:14:28.882+0000] {dag.py:3089} INFO - Sync 1 DAGs
[2026-05-16T12:14:28.910+0000] {logging_mixin.py:188} INFO - [2026-05-16T12:14:28.910+0000] {dag.py:3947} INFO - Setting next_dagrun for example_xcom to 2021-01-01 00:00:00+00:00, run_after=2021-01-01 00:00:00+00:00
[2026-05-16T12:14:28.940+0000] {processor.py:183} INFO - Processing /home/airflow/.local/lib/python3.12/site-packages/airflow/example_dags/example_xcom.py took 0.129 seconds
[2026-05-16T12:14:59.689+0000] {processor.py:161} INFO - Started process (PID=92317) to work on /home/airflow/.local/lib/python3.12/site-packages/airflow/example_dags/example_xcom.py
[2026-05-16T12:14:59.692+0000] {processor.py:830} INFO - Processing file /home/airflow/.local/lib/python3.12/site-packages/airflow/example_dags/example_xcom.py for tasks to queue
[2026-05-16T12:14:59.694+0000] {logging_mixin.py:188} INFO - [2026-05-16T12:14:59.694+0000] {dagbag.py:545} INFO - Filling up the DagBag from /home/airflow/.local/lib/python3.12/site-packages/airflow/example_dags/example_xcom.py
[2026-05-16T12:14:59.700+0000] {processor.py:840} INFO - DAG(s) 'example_xcom' retrieved from /home/airflow/.local/lib/python3.12/site-packages/airflow/example_dags/example_xcom.py
[2026-05-16T12:14:59.721+0000] {logging_mixin.py:188} INFO - [2026-05-16T12:14:59.721+0000] {dag.py:3089} INFO - Sync 1 DAGs
[2026-05-16T12:14:59.739+0000] {logging_mixin.py:188} INFO - [2026-05-16T12:14:59.738+0000] {dag.py:3947} INFO - Setting next_dagrun for example_xcom to 2021-01-01 00:00:00+00:00, run_after=2021-01-01 00:00:00+00:00
[2026-05-16T12:14:59.759+0000] {processor.py:183} INFO - Processing /home/airflow/.local/lib/python3.12/site-packages/airflow/example_dags/example_xcom.py took 0.076 seconds
[2026-05-16T12:15:30.188+0000] {processor.py:161} INFO - Started process (PID=92385) to work on /home/airflow/.local/lib/python3.12/site-packages/airflow/example_dags/example_xcom.py
[2026-05-16T12:15:30.190+0000] {processor.py:830} INFO - Processing file /home/airflow/.local/lib/python3.12/site-packages/airflow/example_dags/example_xcom.py for tasks to queue
[2026-05-16T12:15:30.192+0000] {logging_mixin.py:188} INFO - [2026-05-16T12:15:30.192+0000] {dagbag.py:545} INFO - Filling up the DagBag from /home/airflow/.local/lib/python3.12/site-packages/airflow/example_dags/example_xcom.py
[2026-05-16T12:15:30.199+0000] {processor.py:840} INFO - DAG(s) 'example_xcom' retrieved from /home/airflow/.local/lib/python3.12/site-packages/airflow/example_dags/example_xcom.py
[2026-05-16T12:15:30.223+0000] {logging_mixin.py:188} INFO - [2026-05-16T12:15:30.223+0000] {dag.py:3089} INFO - Sync 1 DAGs
[2026-05-16T12:15:30.242+0000] {logging_mixin.py:188} INFO - [2026-05-16T12:15:30.242+0000] {dag.py:3947} INFO - Setting next_dagrun for example_xcom to 2021-01-01 00:00:00+00:00, run_after=2021-01-01 00:00:00+00:00
[2026-05-16T12:15:30.262+0000] {processor.py:183} INFO - Processing /home/airflow/.local/lib/python3.12/site-packages/airflow/example_dags/example_xcom.py took 0.079 seconds
[2026-05-16T12:16:00.462+0000] {processor.py:161} INFO - Started process (PID=92460) to work on /home/airflow/.local/lib/python3.12/site-packages/airflow/example_dags/example_xcom.py
[2026-05-16T12:16:00.464+0000] {processor.py:830} INFO - Processing file /home/airflow/.local/lib/python3.12/site-packages/airflow/example_dags/example_xcom.py for tasks to queue
[2026-05-16T12:16:00.466+0000] {logging_mixin.py:188} INFO - [2026-05-16T12:16:00.466+0000] {dagbag.py:545} INFO - Filling up the DagBag from /home/airflow/.local/lib/python3.12/site-packages/airflow/example_dags/example_xcom.py
[2026-05-16T12:16:00.474+0000] {processor.py:840} INFO - DAG(s) 'example_xcom' retrieved from /home/airflow/.local/lib/python3.12/site-packages/airflow/example_dags/example_xcom.py
[2026-05-16T12:16:00.497+0000] {logging_mixin.py:188} INFO - [2026-05-16T12:16:00.497+0000] {dag.py:3089} INFO - Sync 1 DAGs
[2026-05-16T12:16:00.531+0000] {logging_mixin.py:188} INFO - [2026-05-16T12:16:00.530+0000] {dag.py:3947} INFO - Setting next_dagrun for example_xcom to 2021-01-01 00:00:00+00:00, run_after=2021-01-01 00:00:00+00:00
[2026-05-16T12:16:00.564+0000] {processor.py:183} INFO - Processing /home/airflow/.local/lib/python3.12/site-packages/airflow/example_dags/example_xcom.py took 0.108 seconds
[2026-05-16T12:16:31.456+0000] {processor.py:161} INFO - Started process (PID=92528) to work on /home/airflow/.local/lib/python3.12/site-packages/airflow/example_dags/example_xcom.py
[2026-05-16T12:16:31.460+0000] {processor.py:830} INFO - Processing file /home/airflow/.local/lib/python3.12/site-packages/airflow/example_dags/example_xcom.py for tasks to queue
[2026-05-16T12:16:31.465+0000] {logging_mixin.py:188} INFO - [2026-05-16T12:16:31.464+0000] {dagbag.py:545} INFO - Filling up the DagBag from /home/airflow/.local/lib/python3.12/site-packages/airflow/example_dags/example_xcom.py
[2026-05-16T12:16:31.487+0000] {processor.py:840} INFO - DAG(s) 'example_xcom' retrieved from /home/airflow/.local/lib/python3.12/site-packages/airflow/example_dags/example_xcom.py
[2026-05-16T12:16:31.519+0000] {logging_mixin.py:188} INFO - [2026-05-16T12:16:31.519+0000] {dag.py:3089} INFO - Sync 1 DAGs
[2026-05-16T12:16:31.554+0000] {logging_mixin.py:188} INFO - [2026-05-16T12:16:31.554+0000] {dag.py:3947} INFO - Setting next_dagrun for example_xcom to 2021-01-01 00:00:00+00:00, run_after=2021-01-01 00:00:00+00:00
[2026-05-16T12:16:31.585+0000] {processor.py:183} INFO - Processing /home/airflow/.local/lib/python3.12/site-packages/airflow/example_dags/example_xcom.py took 0.144 seconds
[2026-05-16T12:17:02.110+0000] {processor.py:161} INFO - Started process (PID=92596) to work on /home/airflow/.local/lib/python3.12/site-packages/airflow/example_dags/example_xcom.py
[2026-05-16T12:17:02.112+0000] {processor.py:830} INFO - Processing file /home/airflow/.local/lib/python3.12/site-packages/airflow/example_dags/example_xcom.py for tasks to queue
[2026-05-16T12:17:02.116+0000] {logging_mixin.py:188} INFO - [2026-05-16T12:17:02.115+0000] {dagbag.py:545} INFO - Filling up the DagBag from /home/airflow/.local/lib/python3.12/site-packages/airflow/example_dags/example_xcom.py
[2026-05-16T12:17:02.132+0000] {processor.py:840} INFO - DAG(s) 'example_xcom' retrieved from /home/airflow/.local/lib/python3.12/site-packages/airflow/example_dags/example_xcom.py
[2026-05-16T12:17:02.170+0000] {logging_mixin.py:188} INFO - [2026-05-16T12:17:02.170+0000] {dag.py:3089} INFO - Sync 1 DAGs
[2026-05-16T12:17:02.200+0000] {logging_mixin.py:188} INFO - [2026-05-16T12:17:02.200+0000] {dag.py:3947} INFO - Setting next_dagrun for example_xcom to 2021-01-01 00:00:00+00:00, run_after=2021-01-01 00:00:00+00:00
[2026-05-16T12:17:02.250+0000] {processor.py:183} INFO - Processing /home/airflow/.local/lib/python3.12/site-packages/airflow/example_dags/example_xcom.py took 0.156 seconds
[2026-05-16T12:17:32.768+0000] {processor.py:161} INFO - Started process (PID=92672) to work on /home/airflow/.local/lib/python3.12/site-packages/airflow/example_dags/example_xcom.py
[2026-05-16T12:17:32.770+0000] {processor.py:830} INFO - Processing file /home/airflow/.local/lib/python3.12/site-packages/airflow/example_dags/example_xcom.py for tasks to queue
[2026-05-16T12:17:32.775+0000] {logging_mixin.py:188} INFO - [2026-05-16T12:17:32.774+0000] {dagbag.py:545} INFO - Filling up the DagBag from /home/airflow/.local/lib/python3.12/site-packages/airflow/example_dags/example_xcom.py
[2026-05-16T12:17:32.790+0000] {processor.py:840} INFO - DAG(s) 'example_xcom' retrieved from /home/airflow/.local/lib/python3.12/site-packages/airflow/example_dags/example_xcom.py
[2026-05-16T12:17:32.828+0000] {logging_mixin.py:188} INFO - [2026-05-16T12:17:32.828+0000] {dag.py:3089} INFO - Sync 1 DAGs
[2026-05-16T12:17:32.871+0000] {logging_mixin.py:188} INFO - [2026-05-16T12:17:32.870+0000] {dag.py:3947} INFO - Setting next_dagrun for example_xcom to 2021-01-01 00:00:00+00:00, run_after=2021-01-01 00:00:00+00:00
[2026-05-16T12:17:32.913+0000] {processor.py:183} INFO - Processing /home/airflow/.local/lib/python3.12/site-packages/airflow/example_dags/example_xcom.py took 0.155 seconds
[2026-05-16T12:18:03.011+0000] {processor.py:161} INFO - Started process (PID=92740) to work on /home/airflow/.local/lib/python3.12/site-packages/airflow/example_dags/example_xcom.py
[2026-05-16T12:18:03.013+0000] {processor.py:830} INFO - Processing file /home/airflow/.local/lib/python3.12/site-packages/airflow/example_dags/example_xcom.py for tasks to queue
[2026-05-16T12:18:03.015+0000] {logging_mixin.py:188} INFO - [2026-05-16T12:18:03.015+0000] {dagbag.py:545} INFO - Filling up the DagBag from /home/airflow/.local/lib/python3.12/site-packages/airflow/example_dags/example_xcom.py
[2026-05-16T12:18:03.024+0000] {processor.py:840} INFO - DAG(s) 'example_xcom' retrieved from /home/airflow/.local/lib/python3.12/site-packages/airflow/example_dags/example_xcom.py
[2026-05-16T12:18:03.051+0000] {logging_mixin.py:188} INFO - [2026-05-16T12:18:03.051+0000] {dag.py:3089} INFO - Sync 1 DAGs
[2026-05-16T12:18:03.074+0000] {logging_mixin.py:188} INFO - [2026-05-16T12:18:03.073+0000] {dag.py:3947} INFO - Setting next_dagrun for example_xcom to 2021-01-01 00:00:00+00:00, run_after=2021-01-01 00:00:00+00:00
[2026-05-16T12:18:03.099+0000] {processor.py:183} INFO - Processing /home/airflow/.local/lib/python3.12/site-packages/airflow/example_dags/example_xcom.py took 0.096 seconds
[2026-05-16T12:18:33.402+0000] {processor.py:161} INFO - Started process (PID=92808) to work on /home/airflow/.local/lib/python3.12/site-packages/airflow/example_dags/example_xcom.py
[2026-05-16T12:18:33.405+0000] {processor.py:830} INFO - Processing file /home/airflow/.local/lib/python3.12/site-packages/airflow/example_dags/example_xcom.py for tasks to queue
[2026-05-16T12:18:33.411+0000] {logging_mixin.py:188} INFO - [2026-05-16T12:18:33.410+0000] {dagbag.py:545} INFO - Filling up the DagBag from /home/airflow/.local/lib/python3.12/site-packages/airflow/example_dags/example_xcom.py
[2026-05-16T12:18:33.428+0000] {processor.py:840} INFO - DAG(s) 'example_xcom' retrieved from /home/airflow/.local/lib/python3.12/site-packages/airflow/example_dags/example_xcom.py
[2026-05-16T12:18:33.475+0000] {logging_mixin.py:188} INFO - [2026-05-16T12:18:33.474+0000] {dag.py:3089} INFO - Sync 1 DAGs
[2026-05-16T12:18:33.523+0000] {logging_mixin.py:188} INFO - [2026-05-16T12:18:33.523+0000] {dag.py:3947} INFO - Setting next_dagrun for example_xcom to 2021-01-01 00:00:00+00:00, run_after=2021-01-01 00:00:00+00:00
[2026-05-16T12:18:33.557+0000] {processor.py:183} INFO - Processing /home/airflow/.local/lib/python3.12/site-packages/airflow/example_dags/example_xcom.py took 0.170 seconds
[2026-05-16T12:19:03.727+0000] {processor.py:161} INFO - Started process (PID=92883) to work on /home/airflow/.local/lib/python3.12/site-packages/airflow/example_dags/example_xcom.py
[2026-05-16T12:19:03.731+0000] {processor.py:830} INFO - Processing file /home/airflow/.local/lib/python3.12/site-packages/airflow/example_dags/example_xcom.py for tasks to queue
[2026-05-16T12:19:03.740+0000] {logging_mixin.py:188} INFO - [2026-05-16T12:19:03.739+0000] {dagbag.py:545} INFO - Filling up the DagBag from /home/airflow/.local/lib/python3.12/site-packages/airflow/example_dags/example_xcom.py
[2026-05-16T12:19:03.758+0000] {processor.py:840} INFO - DAG(s) 'example_xcom' retrieved from /home/airflow/.local/lib/python3.12/site-packages/airflow/example_dags/example_xcom.py
[2026-05-16T12:19:03.814+0000] {logging_mixin.py:188} INFO - [2026-05-16T12:19:03.813+0000] {dag.py:3089} INFO - Sync 1 DAGs
[2026-05-16T12:19:03.870+0000] {logging_mixin.py:188} INFO - [2026-05-16T12:19:03.869+0000] {dag.py:3947} INFO - Setting next_dagrun for example_xcom to 2021-01-01 00:00:00+00:00, run_after=2021-01-01 00:00:00+00:00
[2026-05-16T12:19:03.930+0000] {processor.py:183} INFO - Processing /home/airflow/.local/lib/python3.12/site-packages/airflow/example_dags/example_xcom.py took 0.218 seconds
[2026-05-16T12:19:35.005+0000] {processor.py:161} INFO - Started process (PID=92952) to work on /home/airflow/.local/lib/python3.12/site-packages/airflow/example_dags/example_xcom.py
[2026-05-16T12:19:35.007+0000] {processor.py:830} INFO - Processing file /home/airflow/.local/lib/python3.12/site-packages/airflow/example_dags/example_xcom.py for tasks to queue
[2026-05-16T12:19:35.010+0000] {logging_mixin.py:188} INFO - [2026-05-16T12:19:35.009+0000] {dagbag.py:545} INFO - Filling up the DagBag from /home/airflow/.local/lib/python3.12/site-packages/airflow/example_dags/example_xcom.py
[2026-05-16T12:19:35.019+0000] {processor.py:840} INFO - DAG(s) 'example_xcom' retrieved from /home/airflow/.local/lib/python3.12/site-packages/airflow/example_dags/example_xcom.py
[2026-05-16T12:19:35.043+0000] {logging_mixin.py:188} INFO - [2026-05-16T12:19:35.043+0000] {dag.py:3089} INFO - Sync 1 DAGs
[2026-05-16T12:19:35.062+0000] {logging_mixin.py:188} INFO - [2026-05-16T12:19:35.061+0000] {dag.py:3947} INFO - Setting next_dagrun for example_xcom to 2021-01-01 00:00:00+00:00, run_after=2021-01-01 00:00:00+00:00
[2026-05-16T12:19:35.084+0000] {processor.py:183} INFO - Processing /home/airflow/.local/lib/python3.12/site-packages/airflow/example_dags/example_xcom.py took 0.086 seconds
[2026-05-16T12:20:05.292+0000] {processor.py:161} INFO - Started process (PID=93019) to work on /home/airflow/.local/lib/python3.12/site-packages/airflow/example_dags/example_xcom.py
[2026-05-16T12:20:05.294+0000] {processor.py:830} INFO - Processing file /home/airflow/.local/lib/python3.12/site-packages/airflow/example_dags/example_xcom.py for tasks to queue
[2026-05-16T12:20:05.298+0000] {logging_mixin.py:188} INFO - [2026-05-16T12:20:05.297+0000] {dagbag.py:545} INFO - Filling up the DagBag from /home/airflow/.local/lib/python3.12/site-packages/airflow/example_dags/example_xcom.py
[2026-05-16T12:20:05.314+0000] {processor.py:840} INFO - DAG(s) 'example_xcom' retrieved from /home/airflow/.local/lib/python3.12/site-packages/airflow/example_dags/example_xcom.py
[2026-05-16T12:20:05.348+0000] {logging_mixin.py:188} INFO - [2026-05-16T12:20:05.348+0000] {dag.py:3089} INFO - Sync 1 DAGs
[2026-05-16T12:20:05.374+0000] {logging_mixin.py:188} INFO - [2026-05-16T12:20:05.373+0000] {dag.py:3947} INFO - Setting next_dagrun for example_xcom to 2021-01-01 00:00:00+00:00, run_after=2021-01-01 00:00:00+00:00
[2026-05-16T12:20:05.411+0000] {processor.py:183} INFO - Processing /home/airflow/.local/lib/python3.12/site-packages/airflow/example_dags/example_xcom.py took 0.128 seconds
[2026-05-16T12:20:36.105+0000] {processor.py:161} INFO - Started process (PID=93095) to work on /home/airflow/.local/lib/python3.12/site-packages/airflow/example_dags/example_xcom.py
[2026-05-16T12:20:36.106+0000] {processor.py:830} INFO - Processing file /home/airflow/.local/lib/python3.12/site-packages/airflow/example_dags/example_xcom.py for tasks to queue
[2026-05-16T12:20:36.111+0000] {logging_mixin.py:188} INFO - [2026-05-16T12:20:36.111+0000] {dagbag.py:545} INFO - Filling up the DagBag from /home/airflow/.local/lib/python3.12/site-packages/airflow/example_dags/example_xcom.py
[2026-05-16T12:20:36.120+0000] {processor.py:840} INFO - DAG(s) 'example_xcom' retrieved from /home/airflow/.local/lib/python3.12/site-packages/airflow/example_dags/example_xcom.py
[2026-05-16T12:20:36.142+0000] {logging_mixin.py:188} INFO - [2026-05-16T12:20:36.141+0000] {dag.py:3089} INFO - Sync 1 DAGs
[2026-05-16T12:20:36.165+0000] {logging_mixin.py:188} INFO - [2026-05-16T12:20:36.165+0000] {dag.py:3947} INFO - Setting next_dagrun for example_xcom to 2021-01-01 00:00:00+00:00, run_after=2021-01-01 00:00:00+00:00
[2026-05-16T12:20:36.196+0000] {processor.py:183} INFO - Processing /home/airflow/.local/lib/python3.12/site-packages/airflow/example_dags/example_xcom.py took 0.098 seconds
[2026-05-16T12:21:06.581+0000] {processor.py:161} INFO - Started process (PID=93163) to work on /home/airflow/.local/lib/python3.12/site-packages/airflow/example_dags/example_xcom.py
[2026-05-16T12:21:06.583+0000] {processor.py:830} INFO - Processing file /home/airflow/.local/lib/python3.12/site-packages/airflow/example_dags/example_xcom.py for tasks to queue
[2026-05-16T12:21:06.585+0000] {logging_mixin.py:188} INFO - [2026-05-16T12:21:06.585+0000] {dagbag.py:545} INFO - Filling up the DagBag from /home/airflow/.local/lib/python3.12/site-packages/airflow/example_dags/example_xcom.py
[2026-05-16T12:21:06.594+0000] {processor.py:840} INFO - DAG(s) 'example_xcom' retrieved from /home/airflow/.local/lib/python3.12/site-packages/airflow/example_dags/example_xcom.py
[2026-05-16T12:21:06.616+0000] {logging_mixin.py:188} INFO - [2026-05-16T12:21:06.615+0000] {dag.py:3089} INFO - Sync 1 DAGs
[2026-05-16T12:21:06.634+0000] {logging_mixin.py:188} INFO - [2026-05-16T12:21:06.634+0000] {dag.py:3947} INFO - Setting next_dagrun for example_xcom to 2021-01-01 00:00:00+00:00, run_after=2021-01-01 00:00:00+00:00
[2026-05-16T12:21:06.665+0000] {processor.py:183} INFO - Processing /home/airflow/.local/lib/python3.12/site-packages/airflow/example_dags/example_xcom.py took 0.090 seconds
[2026-05-16T12:21:36.983+0000] {processor.py:161} INFO - Started process (PID=93231) to work on /home/airflow/.local/lib/python3.12/site-packages/airflow/example_dags/example_xcom.py
[2026-05-16T12:21:36.984+0000] {processor.py:830} INFO - Processing file /home/airflow/.local/lib/python3.12/site-packages/airflow/example_dags/example_xcom.py for tasks to queue
[2026-05-16T12:21:36.987+0000] {logging_mixin.py:188} INFO - [2026-05-16T12:21:36.987+0000] {dagbag.py:545} INFO - Filling up the DagBag from /home/airflow/.local/lib/python3.12/site-packages/airflow/example_dags/example_xcom.py
[2026-05-16T12:21:36.994+0000] {processor.py:840} INFO - DAG(s) 'example_xcom' retrieved from /home/airflow/.local/lib/python3.12/site-packages/airflow/example_dags/example_xcom.py
[2026-05-16T12:21:37.013+0000] {logging_mixin.py:188} INFO - [2026-05-16T12:21:37.013+0000] {dag.py:3089} INFO - Sync 1 DAGs
[2026-05-16T12:21:37.030+0000] {logging_mixin.py:188} INFO - [2026-05-16T12:21:37.029+0000] {dag.py:3947} INFO - Setting next_dagrun for example_xcom to 2021-01-01 00:00:00+00:00, run_after=2021-01-01 00:00:00+00:00
[2026-05-16T12:21:37.051+0000] {processor.py:183} INFO - Processing /home/airflow/.local/lib/python3.12/site-packages/airflow/example_dags/example_xcom.py took 0.073 seconds
[2026-05-16T12:22:07.899+0000] {processor.py:161} INFO - Started process (PID=93306) to work on /home/airflow/.local/lib/python3.12/site-packages/airflow/example_dags/example_xcom.py
[2026-05-16T12:22:07.900+0000] {processor.py:830} INFO - Processing file /home/airflow/.local/lib/python3.12/site-packages/airflow/example_dags/example_xcom.py for tasks to queue
[2026-05-16T12:22:07.903+0000] {logging_mixin.py:188} INFO - [2026-05-16T12:22:07.902+0000] {dagbag.py:545} INFO - Filling up the DagBag from /home/airflow/.local/lib/python3.12/site-packages/airflow/example_dags/example_xcom.py
[2026-05-16T12:22:07.911+0000] {processor.py:840} INFO - DAG(s) 'example_xcom' retrieved from /home/airflow/.local/lib/python3.12/site-packages/airflow/example_dags/example_xcom.py
[2026-05-16T12:22:07.940+0000] {logging_mixin.py:188} INFO - [2026-05-16T12:22:07.940+0000] {dag.py:3089} INFO - Sync 1 DAGs
[2026-05-16T12:22:07.962+0000] {logging_mixin.py:188} INFO - [2026-05-16T12:22:07.962+0000] {dag.py:3947} INFO - Setting next_dagrun for example_xcom to 2021-01-01 00:00:00+00:00, run_after=2021-01-01 00:00:00+00:00
[2026-05-16T12:22:07.991+0000] {processor.py:183} INFO - Processing /home/airflow/.local/lib/python3.12/site-packages/airflow/example_dags/example_xcom.py took 0.099 seconds
[2026-05-16T12:22:38.695+0000] {processor.py:161} INFO - Started process (PID=93374) to work on /home/airflow/.local/lib/python3.12/site-packages/airflow/example_dags/example_xcom.py
[2026-05-16T12:22:38.698+0000] {processor.py:830} INFO - Processing file /home/airflow/.local/lib/python3.12/site-packages/airflow/example_dags/example_xcom.py for tasks to queue
[2026-05-16T12:22:38.702+0000] {logging_mixin.py:188} INFO - [2026-05-16T12:22:38.701+0000] {dagbag.py:545} INFO - Filling up the DagBag from /home/airflow/.local/lib/python3.12/site-packages/airflow/example_dags/example_xcom.py
[2026-05-16T12:22:38.718+0000] {processor.py:840} INFO - DAG(s) 'example_xcom' retrieved from /home/airflow/.local/lib/python3.12/site-packages/airflow/example_dags/example_xcom.py
[2026-05-16T12:22:38.746+0000] {logging_mixin.py:188} INFO - [2026-05-16T12:22:38.746+0000] {dag.py:3089} INFO - Sync 1 DAGs
[2026-05-16T12:22:38.778+0000] {logging_mixin.py:188} INFO - [2026-05-16T12:22:38.778+0000] {dag.py:3947} INFO - Setting next_dagrun for example_xcom to 2021-01-01 00:00:00+00:00, run_after=2021-01-01 00:00:00+00:00
[2026-05-16T12:22:38.810+0000] {processor.py:183} INFO - Processing /home/airflow/.local/lib/python3.12/site-packages/airflow/example_dags/example_xcom.py took 0.128 seconds
[2026-05-16T12:23:09.341+0000] {processor.py:161} INFO - Started process (PID=93449) to work on /home/airflow/.local/lib/python3.12/site-packages/airflow/example_dags/example_xcom.py
[2026-05-16T12:23:09.343+0000] {processor.py:830} INFO - Processing file /home/airflow/.local/lib/python3.12/site-packages/airflow/example_dags/example_xcom.py for tasks to queue
[2026-05-16T12:23:09.348+0000] {logging_mixin.py:188} INFO - [2026-05-16T12:23:09.347+0000] {dagbag.py:545} INFO - Filling up the DagBag from /home/airflow/.local/lib/python3.12/site-packages/airflow/example_dags/example_xcom.py
[2026-05-16T12:23:09.365+0000] {processor.py:840} INFO - DAG(s) 'example_xcom' retrieved from /home/airflow/.local/lib/python3.12/site-packages/airflow/example_dags/example_xcom.py
[2026-05-16T12:23:09.404+0000] {logging_mixin.py:188} INFO - [2026-05-16T12:23:09.403+0000] {dag.py:3089} INFO - Sync 1 DAGs
[2026-05-16T12:23:09.449+0000] {logging_mixin.py:188} INFO - [2026-05-16T12:23:09.449+0000] {dag.py:3947} INFO - Setting next_dagrun for example_xcom to 2021-01-01 00:00:00+00:00, run_after=2021-01-01 00:00:00+00:00
[2026-05-16T12:23:09.486+0000] {processor.py:183} INFO - Processing /home/airflow/.local/lib/python3.12/site-packages/airflow/example_dags/example_xcom.py took 0.156 seconds
[2026-05-16T12:23:40.269+0000] {processor.py:161} INFO - Started process (PID=93517) to work on /home/airflow/.local/lib/python3.12/site-packages/airflow/example_dags/example_xcom.py
[2026-05-16T12:23:40.270+0000] {processor.py:830} INFO - Processing file /home/airflow/.local/lib/python3.12/site-packages/airflow/example_dags/example_xcom.py for tasks to queue
[2026-05-16T12:23:40.274+0000] {logging_mixin.py:188} INFO - [2026-05-16T12:23:40.273+0000] {dagbag.py:545} INFO - Filling up the DagBag from /home/airflow/.local/lib/python3.12/site-packages/airflow/example_dags/example_xcom.py
[2026-05-16T12:23:40.287+0000] {processor.py:840} INFO - DAG(s) 'example_xcom' retrieved from /home/airflow/.local/lib/python3.12/site-packages/airflow/example_dags/example_xcom.py
[2026-05-16T12:23:40.315+0000] {logging_mixin.py:188} INFO - [2026-05-16T12:23:40.314+0000] {dag.py:3089} INFO - Sync 1 DAGs
[2026-05-16T12:23:40.339+0000] {logging_mixin.py:188} INFO - [2026-05-16T12:23:40.339+0000] {dag.py:3947} INFO - Setting next_dagrun for example_xcom to 2021-01-01 00:00:00+00:00, run_after=2021-01-01 00:00:00+00:00
[2026-05-16T12:23:40.361+0000] {processor.py:183} INFO - Processing /home/airflow/.local/lib/python3.12/site-packages/airflow/example_dags/example_xcom.py took 0.101 seconds
[2026-05-16T12:24:10.488+0000] {processor.py:161} INFO - Started process (PID=93585) to work on /home/airflow/.local/lib/python3.12/site-packages/airflow/example_dags/example_xcom.py
[2026-05-16T12:24:10.489+0000] {processor.py:830} INFO - Processing file /home/airflow/.local/lib/python3.12/site-packages/airflow/example_dags/example_xcom.py for tasks to queue
[2026-05-16T12:24:10.492+0000] {logging_mixin.py:188} INFO - [2026-05-16T12:24:10.491+0000] {dagbag.py:545} INFO - Filling up the DagBag from /home/airflow/.local/lib/python3.12/site-packages/airflow/example_dags/example_xcom.py
[2026-05-16T12:24:10.500+0000] {processor.py:840} INFO - DAG(s) 'example_xcom' retrieved from /home/airflow/.local/lib/python3.12/site-packages/airflow/example_dags/example_xcom.py
[2026-05-16T12:24:10.524+0000] {logging_mixin.py:188} INFO - [2026-05-16T12:24:10.524+0000] {dag.py:3089} INFO - Sync 1 DAGs
[2026-05-16T12:24:10.557+0000] {logging_mixin.py:188} INFO - [2026-05-16T12:24:10.557+0000] {dag.py:3947} INFO - Setting next_dagrun for example_xcom to 2021-01-01 00:00:00+00:00, run_after=2021-01-01 00:00:00+00:00
[2026-05-16T12:24:10.587+0000] {processor.py:183} INFO - Processing /home/airflow/.local/lib/python3.12/site-packages/airflow/example_dags/example_xcom.py took 0.103 seconds
[2026-05-16T12:24:40.702+0000] {processor.py:161} INFO - Started process (PID=93660) to work on /home/airflow/.local/lib/python3.12/site-packages/airflow/example_dags/example_xcom.py
[2026-05-16T12:24:40.704+0000] {processor.py:830} INFO - Processing file /home/airflow/.local/lib/python3.12/site-packages/airflow/example_dags/example_xcom.py for tasks to queue
[2026-05-16T12:24:40.708+0000] {logging_mixin.py:188} INFO - [2026-05-16T12:24:40.707+0000] {dagbag.py:545} INFO - Filling up the DagBag from /home/airflow/.local/lib/python3.12/site-packages/airflow/example_dags/example_xcom.py
[2026-05-16T12:24:40.719+0000] {processor.py:840} INFO - DAG(s) 'example_xcom' retrieved from /home/airflow/.local/lib/python3.12/site-packages/airflow/example_dags/example_xcom.py
[2026-05-16T12:24:40.751+0000] {logging_mixin.py:188} INFO - [2026-05-16T12:24:40.751+0000] {dag.py:3089} INFO - Sync 1 DAGs
[2026-05-16T12:24:40.777+0000] {logging_mixin.py:188} INFO - [2026-05-16T12:24:40.777+0000] {dag.py:3947} INFO - Setting next_dagrun for example_xcom to 2021-01-01 00:00:00+00:00, run_after=2021-01-01 00:00:00+00:00
[2026-05-16T12:24:40.803+0000] {processor.py:183} INFO - Processing /home/airflow/.local/lib/python3.12/site-packages/airflow/example_dags/example_xcom.py took 0.112 seconds
[2026-05-16T12:25:10.960+0000] {processor.py:161} INFO - Started process (PID=93728) to work on /home/airflow/.local/lib/python3.12/site-packages/airflow/example_dags/example_xcom.py
[2026-05-16T12:25:10.963+0000] {processor.py:830} INFO - Processing file /home/airflow/.local/lib/python3.12/site-packages/airflow/example_dags/example_xcom.py for tasks to queue
[2026-05-16T12:25:10.968+0000] {logging_mixin.py:188} INFO - [2026-05-16T12:25:10.967+0000] {dagbag.py:545} INFO - Filling up the DagBag from /home/airflow/.local/lib/python3.12/site-packages/airflow/example_dags/example_xcom.py
[2026-05-16T12:25:10.980+0000] {processor.py:840} INFO - DAG(s) 'example_xcom' retrieved from /home/airflow/.local/lib/python3.12/site-packages/airflow/example_dags/example_xcom.py
[2026-05-16T12:25:11.001+0000] {logging_mixin.py:188} INFO - [2026-05-16T12:25:11.001+0000] {dag.py:3089} INFO - Sync 1 DAGs
[2026-05-16T12:25:11.018+0000] {logging_mixin.py:188} INFO - [2026-05-16T12:25:11.017+0000] {dag.py:3947} INFO - Setting next_dagrun for example_xcom to 2021-01-01 00:00:00+00:00, run_after=2021-01-01 00:00:00+00:00
[2026-05-16T12:25:11.042+0000] {processor.py:183} INFO - Processing /home/airflow/.local/lib/python3.12/site-packages/airflow/example_dags/example_xcom.py took 0.090 seconds
[2026-05-16T12:25:41.210+0000] {processor.py:161} INFO - Started process (PID=93796) to work on /home/airflow/.local/lib/python3.12/site-packages/airflow/example_dags/example_xcom.py
[2026-05-16T12:25:41.212+0000] {processor.py:830} INFO - Processing file /home/airflow/.local/lib/python3.12/site-packages/airflow/example_dags/example_xcom.py for tasks to queue
[2026-05-16T12:25:41.214+0000] {logging_mixin.py:188} INFO - [2026-05-16T12:25:41.213+0000] {dagbag.py:545} INFO - Filling up the DagBag from /home/airflow/.local/lib/python3.12/site-packages/airflow/example_dags/example_xcom.py
[2026-05-16T12:25:41.220+0000] {processor.py:840} INFO - DAG(s) 'example_xcom' retrieved from /home/airflow/.local/lib/python3.12/site-packages/airflow/example_dags/example_xcom.py
[2026-05-16T12:25:41.240+0000] {logging_mixin.py:188} INFO - [2026-05-16T12:25:41.240+0000] {dag.py:3089} INFO - Sync 1 DAGs
[2026-05-16T12:25:41.257+0000] {logging_mixin.py:188} INFO - [2026-05-16T12:25:41.257+0000] {dag.py:3947} INFO - Setting next_dagrun for example_xcom to 2021-01-01 00:00:00+00:00, run_after=2021-01-01 00:00:00+00:00
[2026-05-16T12:25:41.275+0000] {processor.py:183} INFO - Processing /home/airflow/.local/lib/python3.12/site-packages/airflow/example_dags/example_xcom.py took 0.070 seconds
[2026-05-16T12:26:11.735+0000] {processor.py:161} INFO - Started process (PID=93869) to work on /home/airflow/.local/lib/python3.12/site-packages/airflow/example_dags/example_xcom.py
[2026-05-16T12:26:11.737+0000] {processor.py:830} INFO - Processing file /home/airflow/.local/lib/python3.12/site-packages/airflow/example_dags/example_xcom.py for tasks to queue
[2026-05-16T12:26:11.740+0000] {logging_mixin.py:188} INFO - [2026-05-16T12:26:11.740+0000] {dagbag.py:545} INFO - Filling up the DagBag from /home/airflow/.local/lib/python3.12/site-packages/airflow/example_dags/example_xcom.py
[2026-05-16T12:26:11.750+0000] {processor.py:840} INFO - DAG(s) 'example_xcom' retrieved from /home/airflow/.local/lib/python3.12/site-packages/airflow/example_dags/example_xcom.py
[2026-05-16T12:26:11.782+0000] {logging_mixin.py:188} INFO - [2026-05-16T12:26:11.782+0000] {dag.py:3089} INFO - Sync 1 DAGs
[2026-05-16T12:26:11.811+0000] {logging_mixin.py:188} INFO - [2026-05-16T12:26:11.810+0000] {dag.py:3947} INFO - Setting next_dagrun for example_xcom to 2021-01-01 00:00:00+00:00, run_after=2021-01-01 00:00:00+00:00
[2026-05-16T12:26:11.848+0000] {processor.py:183} INFO - Processing /home/airflow/.local/lib/python3.12/site-packages/airflow/example_dags/example_xcom.py took 0.123 seconds
[2026-05-16T12:26:42.093+0000] {processor.py:161} INFO - Started process (PID=93937) to work on /home/airflow/.local/lib/python3.12/site-packages/airflow/example_dags/example_xcom.py
[2026-05-16T12:26:42.095+0000] {processor.py:830} INFO - Processing file /home/airflow/.local/lib/python3.12/site-packages/airflow/example_dags/example_xcom.py for tasks to queue
[2026-05-16T12:26:42.097+0000] {logging_mixin.py:188} INFO - [2026-05-16T12:26:42.097+0000] {dagbag.py:545} INFO - Filling up the DagBag from /home/airflow/.local/lib/python3.12/site-packages/airflow/example_dags/example_xcom.py
[2026-05-16T12:26:42.104+0000] {processor.py:840} INFO - DAG(s) 'example_xcom' retrieved from /home/airflow/.local/lib/python3.12/site-packages/airflow/example_dags/example_xcom.py
[2026-05-16T12:26:42.124+0000] {logging_mixin.py:188} INFO - [2026-05-16T12:26:42.124+0000] {dag.py:3089} INFO - Sync 1 DAGs
[2026-05-16T12:26:42.143+0000] {logging_mixin.py:188} INFO - [2026-05-16T12:26:42.142+0000] {dag.py:3947} INFO - Setting next_dagrun for example_xcom to 2021-01-01 00:00:00+00:00, run_after=2021-01-01 00:00:00+00:00
[2026-05-16T12:26:42.162+0000] {processor.py:183} INFO - Processing /home/airflow/.local/lib/python3.12/site-packages/airflow/example_dags/example_xcom.py took 0.074 seconds
[2026-05-16T12:27:12.553+0000] {processor.py:161} INFO - Started process (PID=94005) to work on /home/airflow/.local/lib/python3.12/site-packages/airflow/example_dags/example_xcom.py
[2026-05-16T12:27:12.556+0000] {processor.py:830} INFO - Processing file /home/airflow/.local/lib/python3.12/site-packages/airflow/example_dags/example_xcom.py for tasks to queue
[2026-05-16T12:27:12.561+0000] {logging_mixin.py:188} INFO - [2026-05-16T12:27:12.560+0000] {dagbag.py:545} INFO - Filling up the DagBag from /home/airflow/.local/lib/python3.12/site-packages/airflow/example_dags/example_xcom.py
[2026-05-16T12:27:12.575+0000] {processor.py:840} INFO - DAG(s) 'example_xcom' retrieved from /home/airflow/.local/lib/python3.12/site-packages/airflow/example_dags/example_xcom.py
[2026-05-16T12:27:12.607+0000] {logging_mixin.py:188} INFO - [2026-05-16T12:27:12.607+0000] {dag.py:3089} INFO - Sync 1 DAGs
[2026-05-16T12:27:12.638+0000] {logging_mixin.py:188} INFO - [2026-05-16T12:27:12.637+0000] {dag.py:3947} INFO - Setting next_dagrun for example_xcom to 2021-01-01 00:00:00+00:00, run_after=2021-01-01 00:00:00+00:00
[2026-05-16T12:27:12.674+0000] {processor.py:183} INFO - Processing /home/airflow/.local/lib/python3.12/site-packages/airflow/example_dags/example_xcom.py took 0.133 seconds
[2026-05-16T12:27:43.709+0000] {processor.py:161} INFO - Started process (PID=94081) to work on /home/airflow/.local/lib/python3.12/site-packages/airflow/example_dags/example_xcom.py
[2026-05-16T12:27:43.710+0000] {processor.py:830} INFO - Processing file /home/airflow/.local/lib/python3.12/site-packages/airflow/example_dags/example_xcom.py for tasks to queue
[2026-05-16T12:27:43.714+0000] {logging_mixin.py:188} INFO - [2026-05-16T12:27:43.713+0000] {dagbag.py:545} INFO - Filling up the DagBag from /home/airflow/.local/lib/python3.12/site-packages/airflow/example_dags/example_xcom.py
[2026-05-16T12:27:43.721+0000] {processor.py:840} INFO - DAG(s) 'example_xcom' retrieved from /home/airflow/.local/lib/python3.12/site-packages/airflow/example_dags/example_xcom.py
[2026-05-16T12:27:43.748+0000] {logging_mixin.py:188} INFO - [2026-05-16T12:27:43.748+0000] {dag.py:3089} INFO - Sync 1 DAGs
[2026-05-16T12:27:43.784+0000] {logging_mixin.py:188} INFO - [2026-05-16T12:27:43.783+0000] {dag.py:3947} INFO - Setting next_dagrun for example_xcom to 2021-01-01 00:00:00+00:00, run_after=2021-01-01 00:00:00+00:00
[2026-05-16T12:27:43.823+0000] {processor.py:183} INFO - Processing /home/airflow/.local/lib/python3.12/site-packages/airflow/example_dags/example_xcom.py took 0.121 seconds
[2026-05-16T12:28:13.894+0000] {processor.py:161} INFO - Started process (PID=94148) to work on /home/airflow/.local/lib/python3.12/site-packages/airflow/example_dags/example_xcom.py
[2026-05-16T12:28:13.896+0000] {processor.py:830} INFO - Processing file /home/airflow/.local/lib/python3.12/site-packages/airflow/example_dags/example_xcom.py for tasks to queue
[2026-05-16T12:28:13.901+0000] {logging_mixin.py:188} INFO - [2026-05-16T12:28:13.900+0000] {dagbag.py:545} INFO - Filling up the DagBag from /home/airflow/.local/lib/python3.12/site-packages/airflow/example_dags/example_xcom.py
[2026-05-16T12:28:13.912+0000] {processor.py:840} INFO - DAG(s) 'example_xcom' retrieved from /home/airflow/.local/lib/python3.12/site-packages/airflow/example_dags/example_xcom.py
[2026-05-16T12:28:13.949+0000] {logging_mixin.py:188} INFO - [2026-05-16T12:28:13.948+0000] {dag.py:3089} INFO - Sync 1 DAGs
[2026-05-16T12:28:13.980+0000] {logging_mixin.py:188} INFO - [2026-05-16T12:28:13.980+0000] {dag.py:3947} INFO - Setting next_dagrun for example_xcom to 2021-01-01 00:00:00+00:00, run_after=2021-01-01 00:00:00+00:00
[2026-05-16T12:28:14.018+0000] {processor.py:183} INFO - Processing /home/airflow/.local/lib/python3.12/site-packages/airflow/example_dags/example_xcom.py took 0.136 seconds
[2026-05-16T12:28:44.524+0000] {processor.py:161} INFO - Started process (PID=94217) to work on /home/airflow/.local/lib/python3.12/site-packages/airflow/example_dags/example_xcom.py
[2026-05-16T12:28:44.527+0000] {processor.py:830} INFO - Processing file /home/airflow/.local/lib/python3.12/site-packages/airflow/example_dags/example_xcom.py for tasks to queue
[2026-05-16T12:28:44.531+0000] {logging_mixin.py:188} INFO - [2026-05-16T12:28:44.530+0000] {dagbag.py:545} INFO - Filling up the DagBag from /home/airflow/.local/lib/python3.12/site-packages/airflow/example_dags/example_xcom.py
[2026-05-16T12:28:44.547+0000] {processor.py:840} INFO - DAG(s) 'example_xcom' retrieved from /home/airflow/.local/lib/python3.12/site-packages/airflow/example_dags/example_xcom.py
[2026-05-16T12:28:44.581+0000] {logging_mixin.py:188} INFO - [2026-05-16T12:28:44.581+0000] {dag.py:3089} INFO - Sync 1 DAGs
[2026-05-16T12:28:44.614+0000] {logging_mixin.py:188} INFO - [2026-05-16T12:28:44.613+0000] {dag.py:3947} INFO - Setting next_dagrun for example_xcom to 2021-01-01 00:00:00+00:00, run_after=2021-01-01 00:00:00+00:00
[2026-05-16T12:28:44.651+0000] {processor.py:183} INFO - Processing /home/airflow/.local/lib/python3.12/site-packages/airflow/example_dags/example_xcom.py took 0.136 seconds
[2026-05-16T12:29:14.828+0000] {processor.py:161} INFO - Started process (PID=94292) to work on /home/airflow/.local/lib/python3.12/site-packages/airflow/example_dags/example_xcom.py
[2026-05-16T12:29:14.830+0000] {processor.py:830} INFO - Processing file /home/airflow/.local/lib/python3.12/site-packages/airflow/example_dags/example_xcom.py for tasks to queue
[2026-05-16T12:29:14.833+0000] {logging_mixin.py:188} INFO - [2026-05-16T12:29:14.832+0000] {dagbag.py:545} INFO - Filling up the DagBag from /home/airflow/.local/lib/python3.12/site-packages/airflow/example_dags/example_xcom.py
[2026-05-16T12:29:14.841+0000] {processor.py:840} INFO - DAG(s) 'example_xcom' retrieved from /home/airflow/.local/lib/python3.12/site-packages/airflow/example_dags/example_xcom.py
[2026-05-16T12:29:14.866+0000] {logging_mixin.py:188} INFO - [2026-05-16T12:29:14.866+0000] {dag.py:3089} INFO - Sync 1 DAGs
[2026-05-16T12:29:14.887+0000] {logging_mixin.py:188} INFO - [2026-05-16T12:29:14.886+0000] {dag.py:3947} INFO - Setting next_dagrun for example_xcom to 2021-01-01 00:00:00+00:00, run_after=2021-01-01 00:00:00+00:00
[2026-05-16T12:29:14.923+0000] {processor.py:183} INFO - Processing /home/airflow/.local/lib/python3.12/site-packages/airflow/example_dags/example_xcom.py took 0.105 seconds
[2026-05-16T12:29:45.606+0000] {processor.py:161} INFO - Started process (PID=94360) to work on /home/airflow/.local/lib/python3.12/site-packages/airflow/example_dags/example_xcom.py
[2026-05-16T12:29:45.612+0000] {processor.py:830} INFO - Processing file /home/airflow/.local/lib/python3.12/site-packages/airflow/example_dags/example_xcom.py for tasks to queue
[2026-05-16T12:29:45.616+0000] {logging_mixin.py:188} INFO - [2026-05-16T12:29:45.615+0000] {dagbag.py:545} INFO - Filling up the DagBag from /home/airflow/.local/lib/python3.12/site-packages/airflow/example_dags/example_xcom.py
[2026-05-16T12:29:45.626+0000] {processor.py:840} INFO - DAG(s) 'example_xcom' retrieved from /home/airflow/.local/lib/python3.12/site-packages/airflow/example_dags/example_xcom.py
[2026-05-16T12:29:45.655+0000] {logging_mixin.py:188} INFO - [2026-05-16T12:29:45.654+0000] {dag.py:3089} INFO - Sync 1 DAGs
[2026-05-16T12:29:45.681+0000] {logging_mixin.py:188} INFO - [2026-05-16T12:29:45.680+0000] {dag.py:3947} INFO - Setting next_dagrun for example_xcom to 2021-01-01 00:00:00+00:00, run_after=2021-01-01 00:00:00+00:00
[2026-05-16T12:29:45.711+0000] {processor.py:183} INFO - Processing /home/airflow/.local/lib/python3.12/site-packages/airflow/example_dags/example_xcom.py took 0.115 seconds
[2026-05-16T12:30:15.839+0000] {processor.py:161} INFO - Started process (PID=94428) to work on /home/airflow/.local/lib/python3.12/site-packages/airflow/example_dags/example_xcom.py
[2026-05-16T12:30:15.842+0000] {processor.py:830} INFO - Processing file /home/airflow/.local/lib/python3.12/site-packages/airflow/example_dags/example_xcom.py for tasks to queue
[2026-05-16T12:30:15.846+0000] {logging_mixin.py:188} INFO - [2026-05-16T12:30:15.845+0000] {dagbag.py:545} INFO - Filling up the DagBag from /home/airflow/.local/lib/python3.12/site-packages/airflow/example_dags/example_xcom.py
[2026-05-16T12:30:15.863+0000] {processor.py:840} INFO - DAG(s) 'example_xcom' retrieved from /home/airflow/.local/lib/python3.12/site-packages/airflow/example_dags/example_xcom.py
[2026-05-16T12:30:15.893+0000] {logging_mixin.py:188} INFO - [2026-05-16T12:30:15.893+0000] {dag.py:3089} INFO - Sync 1 DAGs
[2026-05-16T12:30:15.920+0000] {logging_mixin.py:188} INFO - [2026-05-16T12:30:15.919+0000] {dag.py:3947} INFO - Setting next_dagrun for example_xcom to 2021-01-01 00:00:00+00:00, run_after=2021-01-01 00:00:00+00:00
[2026-05-16T12:30:15.947+0000] {processor.py:183} INFO - Processing /home/airflow/.local/lib/python3.12/site-packages/airflow/example_dags/example_xcom.py took 0.123 seconds
[2026-05-16T12:30:46.568+0000] {processor.py:161} INFO - Started process (PID=94502) to work on /home/airflow/.local/lib/python3.12/site-packages/airflow/example_dags/example_xcom.py
[2026-05-16T12:30:46.569+0000] {processor.py:830} INFO - Processing file /home/airflow/.local/lib/python3.12/site-packages/airflow/example_dags/example_xcom.py for tasks to queue
[2026-05-16T12:30:46.572+0000] {logging_mixin.py:188} INFO - [2026-05-16T12:30:46.572+0000] {dagbag.py:545} INFO - Filling up the DagBag from /home/airflow/.local/lib/python3.12/site-packages/airflow/example_dags/example_xcom.py
[2026-05-16T12:30:46.582+0000] {processor.py:840} INFO - DAG(s) 'example_xcom' retrieved from /home/airflow/.local/lib/python3.12/site-packages/airflow/example_dags/example_xcom.py
[2026-05-16T12:30:46.607+0000] {logging_mixin.py:188} INFO - [2026-05-16T12:30:46.606+0000] {dag.py:3089} INFO - Sync 1 DAGs
[2026-05-16T12:30:46.628+0000] {logging_mixin.py:188} INFO - [2026-05-16T12:30:46.628+0000] {dag.py:3947} INFO - Setting next_dagrun for example_xcom to 2021-01-01 00:00:00+00:00, run_after=2021-01-01 00:00:00+00:00
[2026-05-16T12:30:46.654+0000] {processor.py:183} INFO - Processing /home/airflow/.local/lib/python3.12/site-packages/airflow/example_dags/example_xcom.py took 0.092 seconds
[2026-05-16T12:31:17.437+0000] {processor.py:161} INFO - Started process (PID=94570) to work on /home/airflow/.local/lib/python3.12/site-packages/airflow/example_dags/example_xcom.py
[2026-05-16T12:31:17.439+0000] {processor.py:830} INFO - Processing file /home/airflow/.local/lib/python3.12/site-packages/airflow/example_dags/example_xcom.py for tasks to queue
[2026-05-16T12:31:17.444+0000] {logging_mixin.py:188} INFO - [2026-05-16T12:31:17.443+0000] {dagbag.py:545} INFO - Filling up the DagBag from /home/airflow/.local/lib/python3.12/site-packages/airflow/example_dags/example_xcom.py
[2026-05-16T12:31:17.462+0000] {processor.py:840} INFO - DAG(s) 'example_xcom' retrieved from /home/airflow/.local/lib/python3.12/site-packages/airflow/example_dags/example_xcom.py
[2026-05-16T12:31:17.500+0000] {logging_mixin.py:188} INFO - [2026-05-16T12:31:17.499+0000] {dag.py:3089} INFO - Sync 1 DAGs
[2026-05-16T12:31:17.522+0000] {logging_mixin.py:188} INFO - [2026-05-16T12:31:17.522+0000] {dag.py:3947} INFO - Setting next_dagrun for example_xcom to 2021-01-01 00:00:00+00:00, run_after=2021-01-01 00:00:00+00:00
[2026-05-16T12:31:17.552+0000] {processor.py:183} INFO - Processing /home/airflow/.local/lib/python3.12/site-packages/airflow/example_dags/example_xcom.py took 0.128 seconds
[2026-05-16T12:31:47.708+0000] {processor.py:161} INFO - Started process (PID=94645) to work on /home/airflow/.local/lib/python3.12/site-packages/airflow/example_dags/example_xcom.py
[2026-05-16T12:31:47.709+0000] {processor.py:830} INFO - Processing file /home/airflow/.local/lib/python3.12/site-packages/airflow/example_dags/example_xcom.py for tasks to queue
[2026-05-16T12:31:47.712+0000] {logging_mixin.py:188} INFO - [2026-05-16T12:31:47.712+0000] {dagbag.py:545} INFO - Filling up the DagBag from /home/airflow/.local/lib/python3.12/site-packages/airflow/example_dags/example_xcom.py
[2026-05-16T12:31:47.719+0000] {processor.py:840} INFO - DAG(s) 'example_xcom' retrieved from /home/airflow/.local/lib/python3.12/site-packages/airflow/example_dags/example_xcom.py
[2026-05-16T12:31:47.738+0000] {logging_mixin.py:188} INFO - [2026-05-16T12:31:47.738+0000] {dag.py:3089} INFO - Sync 1 DAGs
[2026-05-16T12:31:47.757+0000] {logging_mixin.py:188} INFO - [2026-05-16T12:31:47.757+0000] {dag.py:3947} INFO - Setting next_dagrun for example_xcom to 2021-01-01 00:00:00+00:00, run_after=2021-01-01 00:00:00+00:00
[2026-05-16T12:31:47.780+0000] {processor.py:183} INFO - Processing /home/airflow/.local/lib/python3.12/site-packages/airflow/example_dags/example_xcom.py took 0.076 seconds
[2026-05-16T12:32:17.969+0000] {processor.py:161} INFO - Started process (PID=94713) to work on /home/airflow/.local/lib/python3.12/site-packages/airflow/example_dags/example_xcom.py
[2026-05-16T12:32:17.971+0000] {processor.py:830} INFO - Processing file /home/airflow/.local/lib/python3.12/site-packages/airflow/example_dags/example_xcom.py for tasks to queue
[2026-05-16T12:32:17.974+0000] {logging_mixin.py:188} INFO - [2026-05-16T12:32:17.973+0000] {dagbag.py:545} INFO - Filling up the DagBag from /home/airflow/.local/lib/python3.12/site-packages/airflow/example_dags/example_xcom.py
[2026-05-16T12:32:17.985+0000] {processor.py:840} INFO - DAG(s) 'example_xcom' retrieved from /home/airflow/.local/lib/python3.12/site-packages/airflow/example_dags/example_xcom.py
[2026-05-16T12:32:18.006+0000] {logging_mixin.py:188} INFO - [2026-05-16T12:32:18.006+0000] {dag.py:3089} INFO - Sync 1 DAGs
[2026-05-16T12:32:18.027+0000] {logging_mixin.py:188} INFO - [2026-05-16T12:32:18.026+0000] {dag.py:3947} INFO - Setting next_dagrun for example_xcom to 2021-01-01 00:00:00+00:00, run_after=2021-01-01 00:00:00+00:00
[2026-05-16T12:32:18.049+0000] {processor.py:183} INFO - Processing /home/airflow/.local/lib/python3.12/site-packages/airflow/example_dags/example_xcom.py took 0.090 seconds
[2026-05-16T12:32:48.610+0000] {processor.py:161} INFO - Started process (PID=94781) to work on /home/airflow/.local/lib/python3.12/site-packages/airflow/example_dags/example_xcom.py
[2026-05-16T12:32:48.611+0000] {processor.py:830} INFO - Processing file /home/airflow/.local/lib/python3.12/site-packages/airflow/example_dags/example_xcom.py for tasks to queue
[2026-05-16T12:32:48.614+0000] {logging_mixin.py:188} INFO - [2026-05-16T12:32:48.613+0000] {dagbag.py:545} INFO - Filling up the DagBag from /home/airflow/.local/lib/python3.12/site-packages/airflow/example_dags/example_xcom.py
[2026-05-16T12:32:48.621+0000] {processor.py:840} INFO - DAG(s) 'example_xcom' retrieved from /home/airflow/.local/lib/python3.12/site-packages/airflow/example_dags/example_xcom.py
[2026-05-16T12:32:48.641+0000] {logging_mixin.py:188} INFO - [2026-05-16T12:32:48.640+0000] {dag.py:3089} INFO - Sync 1 DAGs
[2026-05-16T12:32:48.658+0000] {logging_mixin.py:188} INFO - [2026-05-16T12:32:48.658+0000] {dag.py:3947} INFO - Setting next_dagrun for example_xcom to 2021-01-01 00:00:00+00:00, run_after=2021-01-01 00:00:00+00:00
[2026-05-16T12:32:48.687+0000] {processor.py:183} INFO - Processing /home/airflow/.local/lib/python3.12/site-packages/airflow/example_dags/example_xcom.py took 0.082 seconds
