[2026-05-16T10:42:59.241+0000] {processor.py:161} INFO - Started process (PID=79884) to work on /home/airflow/.local/lib/python3.12/site-packages/airflow/example_dags/tutorial_taskflow_api.py
[2026-05-16T10:42:59.243+0000] {processor.py:830} INFO - Processing file /home/airflow/.local/lib/python3.12/site-packages/airflow/example_dags/tutorial_taskflow_api.py for tasks to queue
[2026-05-16T10:42:59.245+0000] {logging_mixin.py:188} INFO - [2026-05-16T10:42:59.245+0000] {dagbag.py:545} INFO - Filling up the DagBag from /home/airflow/.local/lib/python3.12/site-packages/airflow/example_dags/tutorial_taskflow_api.py
[2026-05-16T10:42:59.252+0000] {processor.py:840} INFO - DAG(s) 'tutorial_taskflow_api' retrieved from /home/airflow/.local/lib/python3.12/site-packages/airflow/example_dags/tutorial_taskflow_api.py
[2026-05-16T10:42:59.274+0000] {logging_mixin.py:188} INFO - [2026-05-16T10:42:59.274+0000] {dag.py:3089} INFO - Sync 1 DAGs
[2026-05-16T10:42:59.289+0000] {logging_mixin.py:188} INFO - [2026-05-16T10:42:59.289+0000] {dag.py:3947} INFO - Setting next_dagrun for tutorial_taskflow_api to None, run_after=None
[2026-05-16T10:42:59.317+0000] {processor.py:183} INFO - Processing /home/airflow/.local/lib/python3.12/site-packages/airflow/example_dags/tutorial_taskflow_api.py took 0.082 seconds
[2026-05-16T10:43:30.391+0000] {processor.py:161} INFO - Started process (PID=79951) to work on /home/airflow/.local/lib/python3.12/site-packages/airflow/example_dags/tutorial_taskflow_api.py
[2026-05-16T10:43:30.394+0000] {processor.py:830} INFO - Processing file /home/airflow/.local/lib/python3.12/site-packages/airflow/example_dags/tutorial_taskflow_api.py for tasks to queue
[2026-05-16T10:43:30.396+0000] {logging_mixin.py:188} INFO - [2026-05-16T10:43:30.396+0000] {dagbag.py:545} INFO - Filling up the DagBag from /home/airflow/.local/lib/python3.12/site-packages/airflow/example_dags/tutorial_taskflow_api.py
[2026-05-16T10:43:30.402+0000] {processor.py:840} INFO - DAG(s) 'tutorial_taskflow_api' retrieved from /home/airflow/.local/lib/python3.12/site-packages/airflow/example_dags/tutorial_taskflow_api.py
[2026-05-16T10:43:30.426+0000] {logging_mixin.py:188} INFO - [2026-05-16T10:43:30.426+0000] {dag.py:3089} INFO - Sync 1 DAGs
[2026-05-16T10:43:30.436+0000] {logging_mixin.py:188} INFO - [2026-05-16T10:43:30.436+0000] {dag.py:3947} INFO - Setting next_dagrun for tutorial_taskflow_api to None, run_after=None
[2026-05-16T10:43:30.475+0000] {processor.py:183} INFO - Processing /home/airflow/.local/lib/python3.12/site-packages/airflow/example_dags/tutorial_taskflow_api.py took 0.089 seconds
[2026-05-16T10:44:01.049+0000] {processor.py:161} INFO - Started process (PID=80026) to work on /home/airflow/.local/lib/python3.12/site-packages/airflow/example_dags/tutorial_taskflow_api.py
[2026-05-16T10:44:01.051+0000] {processor.py:830} INFO - Processing file /home/airflow/.local/lib/python3.12/site-packages/airflow/example_dags/tutorial_taskflow_api.py for tasks to queue
[2026-05-16T10:44:01.053+0000] {logging_mixin.py:188} INFO - [2026-05-16T10:44:01.053+0000] {dagbag.py:545} INFO - Filling up the DagBag from /home/airflow/.local/lib/python3.12/site-packages/airflow/example_dags/tutorial_taskflow_api.py
[2026-05-16T10:44:01.059+0000] {processor.py:840} INFO - DAG(s) 'tutorial_taskflow_api' retrieved from /home/airflow/.local/lib/python3.12/site-packages/airflow/example_dags/tutorial_taskflow_api.py
[2026-05-16T10:44:01.091+0000] {logging_mixin.py:188} INFO - [2026-05-16T10:44:01.091+0000] {dag.py:3089} INFO - Sync 1 DAGs
[2026-05-16T10:44:01.103+0000] {logging_mixin.py:188} INFO - [2026-05-16T10:44:01.102+0000] {dag.py:3947} INFO - Setting next_dagrun for tutorial_taskflow_api to None, run_after=None
[2026-05-16T10:44:01.162+0000] {processor.py:183} INFO - Processing /home/airflow/.local/lib/python3.12/site-packages/airflow/example_dags/tutorial_taskflow_api.py took 0.117 seconds
[2026-05-16T10:44:32.187+0000] {processor.py:161} INFO - Started process (PID=80094) to work on /home/airflow/.local/lib/python3.12/site-packages/airflow/example_dags/tutorial_taskflow_api.py
[2026-05-16T10:44:32.191+0000] {processor.py:830} INFO - Processing file /home/airflow/.local/lib/python3.12/site-packages/airflow/example_dags/tutorial_taskflow_api.py for tasks to queue
[2026-05-16T10:44:32.197+0000] {logging_mixin.py:188} INFO - [2026-05-16T10:44:32.197+0000] {dagbag.py:545} INFO - Filling up the DagBag from /home/airflow/.local/lib/python3.12/site-packages/airflow/example_dags/tutorial_taskflow_api.py
[2026-05-16T10:44:32.215+0000] {processor.py:840} INFO - DAG(s) 'tutorial_taskflow_api' retrieved from /home/airflow/.local/lib/python3.12/site-packages/airflow/example_dags/tutorial_taskflow_api.py
[2026-05-16T10:44:32.264+0000] {logging_mixin.py:188} INFO - [2026-05-16T10:44:32.264+0000] {dag.py:3089} INFO - Sync 1 DAGs
[2026-05-16T10:44:32.295+0000] {logging_mixin.py:188} INFO - [2026-05-16T10:44:32.295+0000] {dag.py:3947} INFO - Setting next_dagrun for tutorial_taskflow_api to None, run_after=None
[2026-05-16T10:44:32.344+0000] {processor.py:183} INFO - Processing /home/airflow/.local/lib/python3.12/site-packages/airflow/example_dags/tutorial_taskflow_api.py took 0.169 seconds
[2026-05-16T10:45:02.706+0000] {processor.py:161} INFO - Started process (PID=80162) to work on /home/airflow/.local/lib/python3.12/site-packages/airflow/example_dags/tutorial_taskflow_api.py
[2026-05-16T10:45:02.708+0000] {processor.py:830} INFO - Processing file /home/airflow/.local/lib/python3.12/site-packages/airflow/example_dags/tutorial_taskflow_api.py for tasks to queue
[2026-05-16T10:45:02.712+0000] {logging_mixin.py:188} INFO - [2026-05-16T10:45:02.712+0000] {dagbag.py:545} INFO - Filling up the DagBag from /home/airflow/.local/lib/python3.12/site-packages/airflow/example_dags/tutorial_taskflow_api.py
[2026-05-16T10:45:02.723+0000] {processor.py:840} INFO - DAG(s) 'tutorial_taskflow_api' retrieved from /home/airflow/.local/lib/python3.12/site-packages/airflow/example_dags/tutorial_taskflow_api.py
[2026-05-16T10:45:02.760+0000] {logging_mixin.py:188} INFO - [2026-05-16T10:45:02.759+0000] {dag.py:3089} INFO - Sync 1 DAGs
[2026-05-16T10:45:02.780+0000] {logging_mixin.py:188} INFO - [2026-05-16T10:45:02.780+0000] {dag.py:3947} INFO - Setting next_dagrun for tutorial_taskflow_api to None, run_after=None
[2026-05-16T10:45:02.816+0000] {processor.py:183} INFO - Processing /home/airflow/.local/lib/python3.12/site-packages/airflow/example_dags/tutorial_taskflow_api.py took 0.122 seconds
[2026-05-16T10:45:34.020+0000] {processor.py:161} INFO - Started process (PID=80237) to work on /home/airflow/.local/lib/python3.12/site-packages/airflow/example_dags/tutorial_taskflow_api.py
[2026-05-16T10:45:34.025+0000] {processor.py:830} INFO - Processing file /home/airflow/.local/lib/python3.12/site-packages/airflow/example_dags/tutorial_taskflow_api.py for tasks to queue
[2026-05-16T10:45:34.043+0000] {logging_mixin.py:188} INFO - [2026-05-16T10:45:34.042+0000] {dagbag.py:545} INFO - Filling up the DagBag from /home/airflow/.local/lib/python3.12/site-packages/airflow/example_dags/tutorial_taskflow_api.py
[2026-05-16T10:45:34.088+0000] {processor.py:840} INFO - DAG(s) 'tutorial_taskflow_api' retrieved from /home/airflow/.local/lib/python3.12/site-packages/airflow/example_dags/tutorial_taskflow_api.py
[2026-05-16T10:45:34.161+0000] {logging_mixin.py:188} INFO - [2026-05-16T10:45:34.161+0000] {dag.py:3089} INFO - Sync 1 DAGs
[2026-05-16T10:45:34.228+0000] {logging_mixin.py:188} INFO - [2026-05-16T10:45:34.227+0000] {dag.py:3947} INFO - Setting next_dagrun for tutorial_taskflow_api to None, run_after=None
[2026-05-16T10:45:34.342+0000] {processor.py:183} INFO - Processing /home/airflow/.local/lib/python3.12/site-packages/airflow/example_dags/tutorial_taskflow_api.py took 0.345 seconds
[2026-05-16T10:46:04.977+0000] {processor.py:161} INFO - Started process (PID=80305) to work on /home/airflow/.local/lib/python3.12/site-packages/airflow/example_dags/tutorial_taskflow_api.py
[2026-05-16T10:46:04.979+0000] {processor.py:830} INFO - Processing file /home/airflow/.local/lib/python3.12/site-packages/airflow/example_dags/tutorial_taskflow_api.py for tasks to queue
[2026-05-16T10:46:04.982+0000] {logging_mixin.py:188} INFO - [2026-05-16T10:46:04.982+0000] {dagbag.py:545} INFO - Filling up the DagBag from /home/airflow/.local/lib/python3.12/site-packages/airflow/example_dags/tutorial_taskflow_api.py
[2026-05-16T10:46:04.992+0000] {processor.py:840} INFO - DAG(s) 'tutorial_taskflow_api' retrieved from /home/airflow/.local/lib/python3.12/site-packages/airflow/example_dags/tutorial_taskflow_api.py
[2026-05-16T10:46:05.025+0000] {logging_mixin.py:188} INFO - [2026-05-16T10:46:05.024+0000] {dag.py:3089} INFO - Sync 1 DAGs
[2026-05-16T10:46:05.050+0000] {logging_mixin.py:188} INFO - [2026-05-16T10:46:05.050+0000] {dag.py:3947} INFO - Setting next_dagrun for tutorial_taskflow_api to None, run_after=None
[2026-05-16T10:46:05.085+0000] {processor.py:183} INFO - Processing /home/airflow/.local/lib/python3.12/site-packages/airflow/example_dags/tutorial_taskflow_api.py took 0.119 seconds
[2026-05-16T10:46:35.582+0000] {processor.py:161} INFO - Started process (PID=80373) to work on /home/airflow/.local/lib/python3.12/site-packages/airflow/example_dags/tutorial_taskflow_api.py
[2026-05-16T10:46:35.584+0000] {processor.py:830} INFO - Processing file /home/airflow/.local/lib/python3.12/site-packages/airflow/example_dags/tutorial_taskflow_api.py for tasks to queue
[2026-05-16T10:46:35.589+0000] {logging_mixin.py:188} INFO - [2026-05-16T10:46:35.588+0000] {dagbag.py:545} INFO - Filling up the DagBag from /home/airflow/.local/lib/python3.12/site-packages/airflow/example_dags/tutorial_taskflow_api.py
[2026-05-16T10:46:35.601+0000] {processor.py:840} INFO - DAG(s) 'tutorial_taskflow_api' retrieved from /home/airflow/.local/lib/python3.12/site-packages/airflow/example_dags/tutorial_taskflow_api.py
[2026-05-16T10:46:35.634+0000] {logging_mixin.py:188} INFO - [2026-05-16T10:46:35.634+0000] {dag.py:3089} INFO - Sync 1 DAGs
[2026-05-16T10:46:35.653+0000] {logging_mixin.py:188} INFO - [2026-05-16T10:46:35.653+0000] {dag.py:3947} INFO - Setting next_dagrun for tutorial_taskflow_api to None, run_after=None
[2026-05-16T10:46:35.690+0000] {processor.py:183} INFO - Processing /home/airflow/.local/lib/python3.12/site-packages/airflow/example_dags/tutorial_taskflow_api.py took 0.117 seconds
[2026-05-16T10:47:06.447+0000] {processor.py:161} INFO - Started process (PID=80441) to work on /home/airflow/.local/lib/python3.12/site-packages/airflow/example_dags/tutorial_taskflow_api.py
[2026-05-16T10:47:06.449+0000] {processor.py:830} INFO - Processing file /home/airflow/.local/lib/python3.12/site-packages/airflow/example_dags/tutorial_taskflow_api.py for tasks to queue
[2026-05-16T10:47:06.452+0000] {logging_mixin.py:188} INFO - [2026-05-16T10:47:06.452+0000] {dagbag.py:545} INFO - Filling up the DagBag from /home/airflow/.local/lib/python3.12/site-packages/airflow/example_dags/tutorial_taskflow_api.py
[2026-05-16T10:47:06.465+0000] {processor.py:840} INFO - DAG(s) 'tutorial_taskflow_api' retrieved from /home/airflow/.local/lib/python3.12/site-packages/airflow/example_dags/tutorial_taskflow_api.py
[2026-05-16T10:47:06.498+0000] {logging_mixin.py:188} INFO - [2026-05-16T10:47:06.498+0000] {dag.py:3089} INFO - Sync 1 DAGs
[2026-05-16T10:47:06.519+0000] {logging_mixin.py:188} INFO - [2026-05-16T10:47:06.518+0000] {dag.py:3947} INFO - Setting next_dagrun for tutorial_taskflow_api to None, run_after=None
[2026-05-16T10:47:06.565+0000] {processor.py:183} INFO - Processing /home/airflow/.local/lib/python3.12/site-packages/airflow/example_dags/tutorial_taskflow_api.py took 0.130 seconds
[2026-05-16T10:47:37.012+0000] {processor.py:161} INFO - Started process (PID=80509) to work on /home/airflow/.local/lib/python3.12/site-packages/airflow/example_dags/tutorial_taskflow_api.py
[2026-05-16T10:47:37.014+0000] {processor.py:830} INFO - Processing file /home/airflow/.local/lib/python3.12/site-packages/airflow/example_dags/tutorial_taskflow_api.py for tasks to queue
[2026-05-16T10:47:37.018+0000] {logging_mixin.py:188} INFO - [2026-05-16T10:47:37.017+0000] {dagbag.py:545} INFO - Filling up the DagBag from /home/airflow/.local/lib/python3.12/site-packages/airflow/example_dags/tutorial_taskflow_api.py
[2026-05-16T10:47:37.028+0000] {processor.py:840} INFO - DAG(s) 'tutorial_taskflow_api' retrieved from /home/airflow/.local/lib/python3.12/site-packages/airflow/example_dags/tutorial_taskflow_api.py
[2026-05-16T10:47:37.065+0000] {logging_mixin.py:188} INFO - [2026-05-16T10:47:37.064+0000] {dag.py:3089} INFO - Sync 1 DAGs
[2026-05-16T10:47:37.084+0000] {logging_mixin.py:188} INFO - [2026-05-16T10:47:37.084+0000] {dag.py:3947} INFO - Setting next_dagrun for tutorial_taskflow_api to None, run_after=None
[2026-05-16T10:47:37.116+0000] {processor.py:183} INFO - Processing /home/airflow/.local/lib/python3.12/site-packages/airflow/example_dags/tutorial_taskflow_api.py took 0.114 seconds
[2026-05-16T10:48:08.586+0000] {processor.py:161} INFO - Started process (PID=80578) to work on /home/airflow/.local/lib/python3.12/site-packages/airflow/example_dags/tutorial_taskflow_api.py
[2026-05-16T10:48:08.588+0000] {processor.py:830} INFO - Processing file /home/airflow/.local/lib/python3.12/site-packages/airflow/example_dags/tutorial_taskflow_api.py for tasks to queue
[2026-05-16T10:48:08.593+0000] {logging_mixin.py:188} INFO - [2026-05-16T10:48:08.592+0000] {dagbag.py:545} INFO - Filling up the DagBag from /home/airflow/.local/lib/python3.12/site-packages/airflow/example_dags/tutorial_taskflow_api.py
[2026-05-16T10:48:08.607+0000] {processor.py:840} INFO - DAG(s) 'tutorial_taskflow_api' retrieved from /home/airflow/.local/lib/python3.12/site-packages/airflow/example_dags/tutorial_taskflow_api.py
[2026-05-16T10:48:08.638+0000] {logging_mixin.py:188} INFO - [2026-05-16T10:48:08.637+0000] {dag.py:3089} INFO - Sync 1 DAGs
[2026-05-16T10:48:08.659+0000] {logging_mixin.py:188} INFO - [2026-05-16T10:48:08.658+0000] {dag.py:3947} INFO - Setting next_dagrun for tutorial_taskflow_api to None, run_after=None
[2026-05-16T10:48:08.721+0000] {processor.py:183} INFO - Processing /home/airflow/.local/lib/python3.12/site-packages/airflow/example_dags/tutorial_taskflow_api.py took 0.145 seconds
[2026-05-16T10:48:38.897+0000] {processor.py:161} INFO - Started process (PID=80646) to work on /home/airflow/.local/lib/python3.12/site-packages/airflow/example_dags/tutorial_taskflow_api.py
[2026-05-16T10:48:38.899+0000] {processor.py:830} INFO - Processing file /home/airflow/.local/lib/python3.12/site-packages/airflow/example_dags/tutorial_taskflow_api.py for tasks to queue
[2026-05-16T10:48:38.903+0000] {logging_mixin.py:188} INFO - [2026-05-16T10:48:38.903+0000] {dagbag.py:545} INFO - Filling up the DagBag from /home/airflow/.local/lib/python3.12/site-packages/airflow/example_dags/tutorial_taskflow_api.py
[2026-05-16T10:48:38.915+0000] {processor.py:840} INFO - DAG(s) 'tutorial_taskflow_api' retrieved from /home/airflow/.local/lib/python3.12/site-packages/airflow/example_dags/tutorial_taskflow_api.py
[2026-05-16T10:48:38.950+0000] {logging_mixin.py:188} INFO - [2026-05-16T10:48:38.949+0000] {dag.py:3089} INFO - Sync 1 DAGs
[2026-05-16T10:48:38.969+0000] {logging_mixin.py:188} INFO - [2026-05-16T10:48:38.968+0000] {dag.py:3947} INFO - Setting next_dagrun for tutorial_taskflow_api to None, run_after=None
[2026-05-16T10:48:39.001+0000] {processor.py:183} INFO - Processing /home/airflow/.local/lib/python3.12/site-packages/airflow/example_dags/tutorial_taskflow_api.py took 0.114 seconds
[2026-05-16T10:49:09.845+0000] {processor.py:161} INFO - Started process (PID=80713) to work on /home/airflow/.local/lib/python3.12/site-packages/airflow/example_dags/tutorial_taskflow_api.py
[2026-05-16T10:49:09.848+0000] {processor.py:830} INFO - Processing file /home/airflow/.local/lib/python3.12/site-packages/airflow/example_dags/tutorial_taskflow_api.py for tasks to queue
[2026-05-16T10:49:09.852+0000] {logging_mixin.py:188} INFO - [2026-05-16T10:49:09.851+0000] {dagbag.py:545} INFO - Filling up the DagBag from /home/airflow/.local/lib/python3.12/site-packages/airflow/example_dags/tutorial_taskflow_api.py
[2026-05-16T10:49:09.868+0000] {processor.py:840} INFO - DAG(s) 'tutorial_taskflow_api' retrieved from /home/airflow/.local/lib/python3.12/site-packages/airflow/example_dags/tutorial_taskflow_api.py
[2026-05-16T10:49:09.906+0000] {logging_mixin.py:188} INFO - [2026-05-16T10:49:09.905+0000] {dag.py:3089} INFO - Sync 1 DAGs
[2026-05-16T10:49:09.929+0000] {logging_mixin.py:188} INFO - [2026-05-16T10:49:09.928+0000] {dag.py:3947} INFO - Setting next_dagrun for tutorial_taskflow_api to None, run_after=None
[2026-05-16T10:49:09.963+0000] {processor.py:183} INFO - Processing /home/airflow/.local/lib/python3.12/site-packages/airflow/example_dags/tutorial_taskflow_api.py took 0.135 seconds
[2026-05-16T10:49:40.039+0000] {processor.py:161} INFO - Started process (PID=80787) to work on /home/airflow/.local/lib/python3.12/site-packages/airflow/example_dags/tutorial_taskflow_api.py
[2026-05-16T10:49:40.042+0000] {processor.py:830} INFO - Processing file /home/airflow/.local/lib/python3.12/site-packages/airflow/example_dags/tutorial_taskflow_api.py for tasks to queue
[2026-05-16T10:49:40.045+0000] {logging_mixin.py:188} INFO - [2026-05-16T10:49:40.045+0000] {dagbag.py:545} INFO - Filling up the DagBag from /home/airflow/.local/lib/python3.12/site-packages/airflow/example_dags/tutorial_taskflow_api.py
[2026-05-16T10:49:40.056+0000] {processor.py:840} INFO - DAG(s) 'tutorial_taskflow_api' retrieved from /home/airflow/.local/lib/python3.12/site-packages/airflow/example_dags/tutorial_taskflow_api.py
[2026-05-16T10:49:40.091+0000] {logging_mixin.py:188} INFO - [2026-05-16T10:49:40.090+0000] {dag.py:3089} INFO - Sync 1 DAGs
[2026-05-16T10:49:40.111+0000] {logging_mixin.py:188} INFO - [2026-05-16T10:49:40.110+0000] {dag.py:3947} INFO - Setting next_dagrun for tutorial_taskflow_api to None, run_after=None
[2026-05-16T10:49:40.149+0000] {processor.py:183} INFO - Processing /home/airflow/.local/lib/python3.12/site-packages/airflow/example_dags/tutorial_taskflow_api.py took 0.120 seconds
[2026-05-16T10:50:11.019+0000] {processor.py:161} INFO - Started process (PID=80856) to work on /home/airflow/.local/lib/python3.12/site-packages/airflow/example_dags/tutorial_taskflow_api.py
[2026-05-16T10:50:11.021+0000] {processor.py:830} INFO - Processing file /home/airflow/.local/lib/python3.12/site-packages/airflow/example_dags/tutorial_taskflow_api.py for tasks to queue
[2026-05-16T10:50:11.025+0000] {logging_mixin.py:188} INFO - [2026-05-16T10:50:11.024+0000] {dagbag.py:545} INFO - Filling up the DagBag from /home/airflow/.local/lib/python3.12/site-packages/airflow/example_dags/tutorial_taskflow_api.py
[2026-05-16T10:50:11.044+0000] {processor.py:840} INFO - DAG(s) 'tutorial_taskflow_api' retrieved from /home/airflow/.local/lib/python3.12/site-packages/airflow/example_dags/tutorial_taskflow_api.py
[2026-05-16T10:50:11.077+0000] {logging_mixin.py:188} INFO - [2026-05-16T10:50:11.076+0000] {dag.py:3089} INFO - Sync 1 DAGs
[2026-05-16T10:50:11.104+0000] {logging_mixin.py:188} INFO - [2026-05-16T10:50:11.103+0000] {dag.py:3947} INFO - Setting next_dagrun for tutorial_taskflow_api to None, run_after=None
[2026-05-16T10:50:11.166+0000] {processor.py:183} INFO - Processing /home/airflow/.local/lib/python3.12/site-packages/airflow/example_dags/tutorial_taskflow_api.py took 0.162 seconds
[2026-05-16T10:50:41.603+0000] {processor.py:161} INFO - Started process (PID=80924) to work on /home/airflow/.local/lib/python3.12/site-packages/airflow/example_dags/tutorial_taskflow_api.py
[2026-05-16T10:50:41.605+0000] {processor.py:830} INFO - Processing file /home/airflow/.local/lib/python3.12/site-packages/airflow/example_dags/tutorial_taskflow_api.py for tasks to queue
[2026-05-16T10:50:41.611+0000] {logging_mixin.py:188} INFO - [2026-05-16T10:50:41.610+0000] {dagbag.py:545} INFO - Filling up the DagBag from /home/airflow/.local/lib/python3.12/site-packages/airflow/example_dags/tutorial_taskflow_api.py
[2026-05-16T10:50:41.624+0000] {processor.py:840} INFO - DAG(s) 'tutorial_taskflow_api' retrieved from /home/airflow/.local/lib/python3.12/site-packages/airflow/example_dags/tutorial_taskflow_api.py
[2026-05-16T10:50:41.661+0000] {logging_mixin.py:188} INFO - [2026-05-16T10:50:41.661+0000] {dag.py:3089} INFO - Sync 1 DAGs
[2026-05-16T10:50:41.684+0000] {logging_mixin.py:188} INFO - [2026-05-16T10:50:41.684+0000] {dag.py:3947} INFO - Setting next_dagrun for tutorial_taskflow_api to None, run_after=None
[2026-05-16T10:50:41.730+0000] {processor.py:183} INFO - Processing /home/airflow/.local/lib/python3.12/site-packages/airflow/example_dags/tutorial_taskflow_api.py took 0.138 seconds
[2026-05-16T10:51:12.180+0000] {processor.py:161} INFO - Started process (PID=80992) to work on /home/airflow/.local/lib/python3.12/site-packages/airflow/example_dags/tutorial_taskflow_api.py
[2026-05-16T10:51:12.181+0000] {processor.py:830} INFO - Processing file /home/airflow/.local/lib/python3.12/site-packages/airflow/example_dags/tutorial_taskflow_api.py for tasks to queue
[2026-05-16T10:51:12.186+0000] {logging_mixin.py:188} INFO - [2026-05-16T10:51:12.185+0000] {dagbag.py:545} INFO - Filling up the DagBag from /home/airflow/.local/lib/python3.12/site-packages/airflow/example_dags/tutorial_taskflow_api.py
[2026-05-16T10:51:12.196+0000] {processor.py:840} INFO - DAG(s) 'tutorial_taskflow_api' retrieved from /home/airflow/.local/lib/python3.12/site-packages/airflow/example_dags/tutorial_taskflow_api.py
[2026-05-16T10:51:12.229+0000] {logging_mixin.py:188} INFO - [2026-05-16T10:51:12.228+0000] {dag.py:3089} INFO - Sync 1 DAGs
[2026-05-16T10:51:12.250+0000] {logging_mixin.py:188} INFO - [2026-05-16T10:51:12.249+0000] {dag.py:3947} INFO - Setting next_dagrun for tutorial_taskflow_api to None, run_after=None
[2026-05-16T10:51:12.283+0000] {processor.py:183} INFO - Processing /home/airflow/.local/lib/python3.12/site-packages/airflow/example_dags/tutorial_taskflow_api.py took 0.114 seconds
[2026-05-16T10:51:42.519+0000] {processor.py:161} INFO - Started process (PID=81060) to work on /home/airflow/.local/lib/python3.12/site-packages/airflow/example_dags/tutorial_taskflow_api.py
[2026-05-16T10:51:42.521+0000] {processor.py:830} INFO - Processing file /home/airflow/.local/lib/python3.12/site-packages/airflow/example_dags/tutorial_taskflow_api.py for tasks to queue
[2026-05-16T10:51:42.525+0000] {logging_mixin.py:188} INFO - [2026-05-16T10:51:42.524+0000] {dagbag.py:545} INFO - Filling up the DagBag from /home/airflow/.local/lib/python3.12/site-packages/airflow/example_dags/tutorial_taskflow_api.py
[2026-05-16T10:51:42.541+0000] {processor.py:840} INFO - DAG(s) 'tutorial_taskflow_api' retrieved from /home/airflow/.local/lib/python3.12/site-packages/airflow/example_dags/tutorial_taskflow_api.py
[2026-05-16T10:51:42.582+0000] {logging_mixin.py:188} INFO - [2026-05-16T10:51:42.582+0000] {dag.py:3089} INFO - Sync 1 DAGs
[2026-05-16T10:51:42.606+0000] {logging_mixin.py:188} INFO - [2026-05-16T10:51:42.606+0000] {dag.py:3947} INFO - Setting next_dagrun for tutorial_taskflow_api to None, run_after=None
[2026-05-16T10:51:42.657+0000] {processor.py:183} INFO - Processing /home/airflow/.local/lib/python3.12/site-packages/airflow/example_dags/tutorial_taskflow_api.py took 0.148 seconds
[2026-05-16T10:52:12.918+0000] {processor.py:161} INFO - Started process (PID=81128) to work on /home/airflow/.local/lib/python3.12/site-packages/airflow/example_dags/tutorial_taskflow_api.py
[2026-05-16T10:52:12.920+0000] {processor.py:830} INFO - Processing file /home/airflow/.local/lib/python3.12/site-packages/airflow/example_dags/tutorial_taskflow_api.py for tasks to queue
[2026-05-16T10:52:12.925+0000] {logging_mixin.py:188} INFO - [2026-05-16T10:52:12.924+0000] {dagbag.py:545} INFO - Filling up the DagBag from /home/airflow/.local/lib/python3.12/site-packages/airflow/example_dags/tutorial_taskflow_api.py
[2026-05-16T10:52:12.936+0000] {processor.py:840} INFO - DAG(s) 'tutorial_taskflow_api' retrieved from /home/airflow/.local/lib/python3.12/site-packages/airflow/example_dags/tutorial_taskflow_api.py
[2026-05-16T10:52:12.977+0000] {logging_mixin.py:188} INFO - [2026-05-16T10:52:12.976+0000] {dag.py:3089} INFO - Sync 1 DAGs
[2026-05-16T10:52:13.004+0000] {logging_mixin.py:188} INFO - [2026-05-16T10:52:13.004+0000] {dag.py:3947} INFO - Setting next_dagrun for tutorial_taskflow_api to None, run_after=None
[2026-05-16T10:52:13.045+0000] {processor.py:183} INFO - Processing /home/airflow/.local/lib/python3.12/site-packages/airflow/example_dags/tutorial_taskflow_api.py took 0.140 seconds
[2026-05-16T10:52:43.704+0000] {processor.py:161} INFO - Started process (PID=81196) to work on /home/airflow/.local/lib/python3.12/site-packages/airflow/example_dags/tutorial_taskflow_api.py
[2026-05-16T10:52:43.709+0000] {processor.py:830} INFO - Processing file /home/airflow/.local/lib/python3.12/site-packages/airflow/example_dags/tutorial_taskflow_api.py for tasks to queue
[2026-05-16T10:52:43.713+0000] {logging_mixin.py:188} INFO - [2026-05-16T10:52:43.713+0000] {dagbag.py:545} INFO - Filling up the DagBag from /home/airflow/.local/lib/python3.12/site-packages/airflow/example_dags/tutorial_taskflow_api.py
[2026-05-16T10:52:43.732+0000] {processor.py:840} INFO - DAG(s) 'tutorial_taskflow_api' retrieved from /home/airflow/.local/lib/python3.12/site-packages/airflow/example_dags/tutorial_taskflow_api.py
[2026-05-16T10:52:43.778+0000] {logging_mixin.py:188} INFO - [2026-05-16T10:52:43.778+0000] {dag.py:3089} INFO - Sync 1 DAGs
[2026-05-16T10:52:43.797+0000] {logging_mixin.py:188} INFO - [2026-05-16T10:52:43.797+0000] {dag.py:3947} INFO - Setting next_dagrun for tutorial_taskflow_api to None, run_after=None
[2026-05-16T10:52:43.857+0000] {processor.py:183} INFO - Processing /home/airflow/.local/lib/python3.12/site-packages/airflow/example_dags/tutorial_taskflow_api.py took 0.162 seconds
[2026-05-16T10:53:14.362+0000] {processor.py:161} INFO - Started process (PID=81265) to work on /home/airflow/.local/lib/python3.12/site-packages/airflow/example_dags/tutorial_taskflow_api.py
[2026-05-16T10:53:14.363+0000] {processor.py:830} INFO - Processing file /home/airflow/.local/lib/python3.12/site-packages/airflow/example_dags/tutorial_taskflow_api.py for tasks to queue
[2026-05-16T10:53:14.368+0000] {logging_mixin.py:188} INFO - [2026-05-16T10:53:14.367+0000] {dagbag.py:545} INFO - Filling up the DagBag from /home/airflow/.local/lib/python3.12/site-packages/airflow/example_dags/tutorial_taskflow_api.py
[2026-05-16T10:53:14.378+0000] {processor.py:840} INFO - DAG(s) 'tutorial_taskflow_api' retrieved from /home/airflow/.local/lib/python3.12/site-packages/airflow/example_dags/tutorial_taskflow_api.py
[2026-05-16T10:53:14.412+0000] {logging_mixin.py:188} INFO - [2026-05-16T10:53:14.411+0000] {dag.py:3089} INFO - Sync 1 DAGs
[2026-05-16T10:53:14.431+0000] {logging_mixin.py:188} INFO - [2026-05-16T10:53:14.431+0000] {dag.py:3947} INFO - Setting next_dagrun for tutorial_taskflow_api to None, run_after=None
[2026-05-16T10:53:14.467+0000] {processor.py:183} INFO - Processing /home/airflow/.local/lib/python3.12/site-packages/airflow/example_dags/tutorial_taskflow_api.py took 0.115 seconds
[2026-05-16T10:53:44.865+0000] {processor.py:161} INFO - Started process (PID=81340) to work on /home/airflow/.local/lib/python3.12/site-packages/airflow/example_dags/tutorial_taskflow_api.py
[2026-05-16T10:53:44.867+0000] {processor.py:830} INFO - Processing file /home/airflow/.local/lib/python3.12/site-packages/airflow/example_dags/tutorial_taskflow_api.py for tasks to queue
[2026-05-16T10:53:44.872+0000] {logging_mixin.py:188} INFO - [2026-05-16T10:53:44.872+0000] {dagbag.py:545} INFO - Filling up the DagBag from /home/airflow/.local/lib/python3.12/site-packages/airflow/example_dags/tutorial_taskflow_api.py
[2026-05-16T10:53:44.884+0000] {processor.py:840} INFO - DAG(s) 'tutorial_taskflow_api' retrieved from /home/airflow/.local/lib/python3.12/site-packages/airflow/example_dags/tutorial_taskflow_api.py
[2026-05-16T10:53:44.918+0000] {logging_mixin.py:188} INFO - [2026-05-16T10:53:44.917+0000] {dag.py:3089} INFO - Sync 1 DAGs
[2026-05-16T10:53:44.938+0000] {logging_mixin.py:188} INFO - [2026-05-16T10:53:44.937+0000] {dag.py:3947} INFO - Setting next_dagrun for tutorial_taskflow_api to None, run_after=None
[2026-05-16T10:53:44.972+0000] {processor.py:183} INFO - Processing /home/airflow/.local/lib/python3.12/site-packages/airflow/example_dags/tutorial_taskflow_api.py took 0.117 seconds
[2026-05-16T10:54:15.443+0000] {processor.py:161} INFO - Started process (PID=81408) to work on /home/airflow/.local/lib/python3.12/site-packages/airflow/example_dags/tutorial_taskflow_api.py
[2026-05-16T10:54:15.445+0000] {processor.py:830} INFO - Processing file /home/airflow/.local/lib/python3.12/site-packages/airflow/example_dags/tutorial_taskflow_api.py for tasks to queue
[2026-05-16T10:54:15.450+0000] {logging_mixin.py:188} INFO - [2026-05-16T10:54:15.449+0000] {dagbag.py:545} INFO - Filling up the DagBag from /home/airflow/.local/lib/python3.12/site-packages/airflow/example_dags/tutorial_taskflow_api.py
[2026-05-16T10:54:15.461+0000] {processor.py:840} INFO - DAG(s) 'tutorial_taskflow_api' retrieved from /home/airflow/.local/lib/python3.12/site-packages/airflow/example_dags/tutorial_taskflow_api.py
[2026-05-16T10:54:15.501+0000] {logging_mixin.py:188} INFO - [2026-05-16T10:54:15.500+0000] {dag.py:3089} INFO - Sync 1 DAGs
[2026-05-16T10:54:15.526+0000] {logging_mixin.py:188} INFO - [2026-05-16T10:54:15.525+0000] {dag.py:3947} INFO - Setting next_dagrun for tutorial_taskflow_api to None, run_after=None
[2026-05-16T10:54:15.566+0000] {processor.py:183} INFO - Processing /home/airflow/.local/lib/python3.12/site-packages/airflow/example_dags/tutorial_taskflow_api.py took 0.133 seconds
[2026-05-16T10:54:45.954+0000] {processor.py:161} INFO - Started process (PID=81476) to work on /home/airflow/.local/lib/python3.12/site-packages/airflow/example_dags/tutorial_taskflow_api.py
[2026-05-16T10:54:45.958+0000] {processor.py:830} INFO - Processing file /home/airflow/.local/lib/python3.12/site-packages/airflow/example_dags/tutorial_taskflow_api.py for tasks to queue
[2026-05-16T10:54:45.962+0000] {logging_mixin.py:188} INFO - [2026-05-16T10:54:45.961+0000] {dagbag.py:545} INFO - Filling up the DagBag from /home/airflow/.local/lib/python3.12/site-packages/airflow/example_dags/tutorial_taskflow_api.py
[2026-05-16T10:54:45.977+0000] {processor.py:840} INFO - DAG(s) 'tutorial_taskflow_api' retrieved from /home/airflow/.local/lib/python3.12/site-packages/airflow/example_dags/tutorial_taskflow_api.py
[2026-05-16T10:54:46.012+0000] {logging_mixin.py:188} INFO - [2026-05-16T10:54:46.012+0000] {dag.py:3089} INFO - Sync 1 DAGs
[2026-05-16T10:54:46.032+0000] {logging_mixin.py:188} INFO - [2026-05-16T10:54:46.032+0000] {dag.py:3947} INFO - Setting next_dagrun for tutorial_taskflow_api to None, run_after=None
[2026-05-16T10:54:46.075+0000] {processor.py:183} INFO - Processing /home/airflow/.local/lib/python3.12/site-packages/airflow/example_dags/tutorial_taskflow_api.py took 0.134 seconds
[2026-05-16T10:55:16.768+0000] {processor.py:161} INFO - Started process (PID=81544) to work on /home/airflow/.local/lib/python3.12/site-packages/airflow/example_dags/tutorial_taskflow_api.py
[2026-05-16T10:55:16.772+0000] {processor.py:830} INFO - Processing file /home/airflow/.local/lib/python3.12/site-packages/airflow/example_dags/tutorial_taskflow_api.py for tasks to queue
[2026-05-16T10:55:16.777+0000] {logging_mixin.py:188} INFO - [2026-05-16T10:55:16.776+0000] {dagbag.py:545} INFO - Filling up the DagBag from /home/airflow/.local/lib/python3.12/site-packages/airflow/example_dags/tutorial_taskflow_api.py
[2026-05-16T10:55:16.795+0000] {processor.py:840} INFO - DAG(s) 'tutorial_taskflow_api' retrieved from /home/airflow/.local/lib/python3.12/site-packages/airflow/example_dags/tutorial_taskflow_api.py
[2026-05-16T10:55:16.844+0000] {logging_mixin.py:188} INFO - [2026-05-16T10:55:16.843+0000] {dag.py:3089} INFO - Sync 1 DAGs
[2026-05-16T10:55:16.868+0000] {logging_mixin.py:188} INFO - [2026-05-16T10:55:16.867+0000] {dag.py:3947} INFO - Setting next_dagrun for tutorial_taskflow_api to None, run_after=None
[2026-05-16T10:55:16.938+0000] {processor.py:183} INFO - Processing /home/airflow/.local/lib/python3.12/site-packages/airflow/example_dags/tutorial_taskflow_api.py took 0.182 seconds
[2026-05-16T10:55:47.696+0000] {processor.py:161} INFO - Started process (PID=81612) to work on /home/airflow/.local/lib/python3.12/site-packages/airflow/example_dags/tutorial_taskflow_api.py
[2026-05-16T10:55:47.699+0000] {processor.py:830} INFO - Processing file /home/airflow/.local/lib/python3.12/site-packages/airflow/example_dags/tutorial_taskflow_api.py for tasks to queue
[2026-05-16T10:55:47.705+0000] {logging_mixin.py:188} INFO - [2026-05-16T10:55:47.704+0000] {dagbag.py:545} INFO - Filling up the DagBag from /home/airflow/.local/lib/python3.12/site-packages/airflow/example_dags/tutorial_taskflow_api.py
[2026-05-16T10:55:47.721+0000] {processor.py:840} INFO - DAG(s) 'tutorial_taskflow_api' retrieved from /home/airflow/.local/lib/python3.12/site-packages/airflow/example_dags/tutorial_taskflow_api.py
[2026-05-16T10:55:47.761+0000] {logging_mixin.py:188} INFO - [2026-05-16T10:55:47.760+0000] {dag.py:3089} INFO - Sync 1 DAGs
[2026-05-16T10:55:47.791+0000] {logging_mixin.py:188} INFO - [2026-05-16T10:55:47.791+0000] {dag.py:3947} INFO - Setting next_dagrun for tutorial_taskflow_api to None, run_after=None
[2026-05-16T10:55:47.870+0000] {processor.py:183} INFO - Processing /home/airflow/.local/lib/python3.12/site-packages/airflow/example_dags/tutorial_taskflow_api.py took 0.188 seconds
[2026-05-16T10:56:18.449+0000] {processor.py:161} INFO - Started process (PID=81680) to work on /home/airflow/.local/lib/python3.12/site-packages/airflow/example_dags/tutorial_taskflow_api.py
[2026-05-16T10:56:18.451+0000] {processor.py:830} INFO - Processing file /home/airflow/.local/lib/python3.12/site-packages/airflow/example_dags/tutorial_taskflow_api.py for tasks to queue
[2026-05-16T10:56:18.455+0000] {logging_mixin.py:188} INFO - [2026-05-16T10:56:18.454+0000] {dagbag.py:545} INFO - Filling up the DagBag from /home/airflow/.local/lib/python3.12/site-packages/airflow/example_dags/tutorial_taskflow_api.py
[2026-05-16T10:56:18.465+0000] {processor.py:840} INFO - DAG(s) 'tutorial_taskflow_api' retrieved from /home/airflow/.local/lib/python3.12/site-packages/airflow/example_dags/tutorial_taskflow_api.py
[2026-05-16T10:56:18.498+0000] {logging_mixin.py:188} INFO - [2026-05-16T10:56:18.498+0000] {dag.py:3089} INFO - Sync 1 DAGs
[2026-05-16T10:56:18.519+0000] {logging_mixin.py:188} INFO - [2026-05-16T10:56:18.518+0000] {dag.py:3947} INFO - Setting next_dagrun for tutorial_taskflow_api to None, run_after=None
[2026-05-16T10:56:18.557+0000] {processor.py:183} INFO - Processing /home/airflow/.local/lib/python3.12/site-packages/airflow/example_dags/tutorial_taskflow_api.py took 0.118 seconds
[2026-05-16T10:56:48.701+0000] {processor.py:161} INFO - Started process (PID=81755) to work on /home/airflow/.local/lib/python3.12/site-packages/airflow/example_dags/tutorial_taskflow_api.py
[2026-05-16T10:56:48.703+0000] {processor.py:830} INFO - Processing file /home/airflow/.local/lib/python3.12/site-packages/airflow/example_dags/tutorial_taskflow_api.py for tasks to queue
[2026-05-16T10:56:48.708+0000] {logging_mixin.py:188} INFO - [2026-05-16T10:56:48.707+0000] {dagbag.py:545} INFO - Filling up the DagBag from /home/airflow/.local/lib/python3.12/site-packages/airflow/example_dags/tutorial_taskflow_api.py
[2026-05-16T10:56:48.719+0000] {processor.py:840} INFO - DAG(s) 'tutorial_taskflow_api' retrieved from /home/airflow/.local/lib/python3.12/site-packages/airflow/example_dags/tutorial_taskflow_api.py
[2026-05-16T10:56:48.756+0000] {logging_mixin.py:188} INFO - [2026-05-16T10:56:48.756+0000] {dag.py:3089} INFO - Sync 1 DAGs
[2026-05-16T10:56:48.779+0000] {logging_mixin.py:188} INFO - [2026-05-16T10:56:48.779+0000] {dag.py:3947} INFO - Setting next_dagrun for tutorial_taskflow_api to None, run_after=None
[2026-05-16T10:56:48.817+0000] {processor.py:183} INFO - Processing /home/airflow/.local/lib/python3.12/site-packages/airflow/example_dags/tutorial_taskflow_api.py took 0.126 seconds
[2026-05-16T10:57:18.978+0000] {processor.py:161} INFO - Started process (PID=81823) to work on /home/airflow/.local/lib/python3.12/site-packages/airflow/example_dags/tutorial_taskflow_api.py
[2026-05-16T10:57:18.980+0000] {processor.py:830} INFO - Processing file /home/airflow/.local/lib/python3.12/site-packages/airflow/example_dags/tutorial_taskflow_api.py for tasks to queue
[2026-05-16T10:57:18.984+0000] {logging_mixin.py:188} INFO - [2026-05-16T10:57:18.984+0000] {dagbag.py:545} INFO - Filling up the DagBag from /home/airflow/.local/lib/python3.12/site-packages/airflow/example_dags/tutorial_taskflow_api.py
[2026-05-16T10:57:18.996+0000] {processor.py:840} INFO - DAG(s) 'tutorial_taskflow_api' retrieved from /home/airflow/.local/lib/python3.12/site-packages/airflow/example_dags/tutorial_taskflow_api.py
[2026-05-16T10:57:19.033+0000] {logging_mixin.py:188} INFO - [2026-05-16T10:57:19.033+0000] {dag.py:3089} INFO - Sync 1 DAGs
[2026-05-16T10:57:19.061+0000] {logging_mixin.py:188} INFO - [2026-05-16T10:57:19.060+0000] {dag.py:3947} INFO - Setting next_dagrun for tutorial_taskflow_api to None, run_after=None
[2026-05-16T10:57:19.095+0000] {processor.py:183} INFO - Processing /home/airflow/.local/lib/python3.12/site-packages/airflow/example_dags/tutorial_taskflow_api.py took 0.128 seconds
[2026-05-16T10:57:49.663+0000] {processor.py:161} INFO - Started process (PID=81891) to work on /home/airflow/.local/lib/python3.12/site-packages/airflow/example_dags/tutorial_taskflow_api.py
[2026-05-16T10:57:49.666+0000] {processor.py:830} INFO - Processing file /home/airflow/.local/lib/python3.12/site-packages/airflow/example_dags/tutorial_taskflow_api.py for tasks to queue
[2026-05-16T10:57:49.670+0000] {logging_mixin.py:188} INFO - [2026-05-16T10:57:49.670+0000] {dagbag.py:545} INFO - Filling up the DagBag from /home/airflow/.local/lib/python3.12/site-packages/airflow/example_dags/tutorial_taskflow_api.py
[2026-05-16T10:57:49.685+0000] {processor.py:840} INFO - DAG(s) 'tutorial_taskflow_api' retrieved from /home/airflow/.local/lib/python3.12/site-packages/airflow/example_dags/tutorial_taskflow_api.py
[2026-05-16T10:57:49.724+0000] {logging_mixin.py:188} INFO - [2026-05-16T10:57:49.724+0000] {dag.py:3089} INFO - Sync 1 DAGs
[2026-05-16T10:57:49.747+0000] {logging_mixin.py:188} INFO - [2026-05-16T10:57:49.747+0000] {dag.py:3947} INFO - Setting next_dagrun for tutorial_taskflow_api to None, run_after=None
[2026-05-16T10:57:49.781+0000] {processor.py:183} INFO - Processing /home/airflow/.local/lib/python3.12/site-packages/airflow/example_dags/tutorial_taskflow_api.py took 0.131 seconds
[2026-05-16T10:58:19.965+0000] {processor.py:161} INFO - Started process (PID=81959) to work on /home/airflow/.local/lib/python3.12/site-packages/airflow/example_dags/tutorial_taskflow_api.py
[2026-05-16T10:58:19.967+0000] {processor.py:830} INFO - Processing file /home/airflow/.local/lib/python3.12/site-packages/airflow/example_dags/tutorial_taskflow_api.py for tasks to queue
[2026-05-16T10:58:19.972+0000] {logging_mixin.py:188} INFO - [2026-05-16T10:58:19.971+0000] {dagbag.py:545} INFO - Filling up the DagBag from /home/airflow/.local/lib/python3.12/site-packages/airflow/example_dags/tutorial_taskflow_api.py
[2026-05-16T10:58:19.986+0000] {processor.py:840} INFO - DAG(s) 'tutorial_taskflow_api' retrieved from /home/airflow/.local/lib/python3.12/site-packages/airflow/example_dags/tutorial_taskflow_api.py
[2026-05-16T10:58:20.022+0000] {logging_mixin.py:188} INFO - [2026-05-16T10:58:20.022+0000] {dag.py:3089} INFO - Sync 1 DAGs
[2026-05-16T10:58:20.046+0000] {logging_mixin.py:188} INFO - [2026-05-16T10:58:20.046+0000] {dag.py:3947} INFO - Setting next_dagrun for tutorial_taskflow_api to None, run_after=None
[2026-05-16T10:58:20.085+0000] {processor.py:183} INFO - Processing /home/airflow/.local/lib/python3.12/site-packages/airflow/example_dags/tutorial_taskflow_api.py took 0.131 seconds
[2026-05-16T10:58:50.368+0000] {processor.py:161} INFO - Started process (PID=82027) to work on /home/airflow/.local/lib/python3.12/site-packages/airflow/example_dags/tutorial_taskflow_api.py
[2026-05-16T10:58:50.372+0000] {processor.py:830} INFO - Processing file /home/airflow/.local/lib/python3.12/site-packages/airflow/example_dags/tutorial_taskflow_api.py for tasks to queue
[2026-05-16T10:58:50.377+0000] {logging_mixin.py:188} INFO - [2026-05-16T10:58:50.377+0000] {dagbag.py:545} INFO - Filling up the DagBag from /home/airflow/.local/lib/python3.12/site-packages/airflow/example_dags/tutorial_taskflow_api.py
[2026-05-16T10:58:50.392+0000] {processor.py:840} INFO - DAG(s) 'tutorial_taskflow_api' retrieved from /home/airflow/.local/lib/python3.12/site-packages/airflow/example_dags/tutorial_taskflow_api.py
[2026-05-16T10:58:50.438+0000] {logging_mixin.py:188} INFO - [2026-05-16T10:58:50.437+0000] {dag.py:3089} INFO - Sync 1 DAGs
[2026-05-16T10:58:50.463+0000] {logging_mixin.py:188} INFO - [2026-05-16T10:58:50.462+0000] {dag.py:3947} INFO - Setting next_dagrun for tutorial_taskflow_api to None, run_after=None
[2026-05-16T10:58:50.504+0000] {processor.py:183} INFO - Processing /home/airflow/.local/lib/python3.12/site-packages/airflow/example_dags/tutorial_taskflow_api.py took 0.146 seconds
[2026-05-16T10:59:20.849+0000] {processor.py:161} INFO - Started process (PID=82095) to work on /home/airflow/.local/lib/python3.12/site-packages/airflow/example_dags/tutorial_taskflow_api.py
[2026-05-16T10:59:20.852+0000] {processor.py:830} INFO - Processing file /home/airflow/.local/lib/python3.12/site-packages/airflow/example_dags/tutorial_taskflow_api.py for tasks to queue
[2026-05-16T10:59:20.856+0000] {logging_mixin.py:188} INFO - [2026-05-16T10:59:20.856+0000] {dagbag.py:545} INFO - Filling up the DagBag from /home/airflow/.local/lib/python3.12/site-packages/airflow/example_dags/tutorial_taskflow_api.py
[2026-05-16T10:59:20.872+0000] {processor.py:840} INFO - DAG(s) 'tutorial_taskflow_api' retrieved from /home/airflow/.local/lib/python3.12/site-packages/airflow/example_dags/tutorial_taskflow_api.py
[2026-05-16T10:59:20.916+0000] {logging_mixin.py:188} INFO - [2026-05-16T10:59:20.915+0000] {dag.py:3089} INFO - Sync 1 DAGs
[2026-05-16T10:59:20.938+0000] {logging_mixin.py:188} INFO - [2026-05-16T10:59:20.937+0000] {dag.py:3947} INFO - Setting next_dagrun for tutorial_taskflow_api to None, run_after=None
[2026-05-16T10:59:20.981+0000] {processor.py:183} INFO - Processing /home/airflow/.local/lib/python3.12/site-packages/airflow/example_dags/tutorial_taskflow_api.py took 0.148 seconds
[2026-05-16T10:59:51.292+0000] {processor.py:161} INFO - Started process (PID=82163) to work on /home/airflow/.local/lib/python3.12/site-packages/airflow/example_dags/tutorial_taskflow_api.py
[2026-05-16T10:59:51.295+0000] {processor.py:830} INFO - Processing file /home/airflow/.local/lib/python3.12/site-packages/airflow/example_dags/tutorial_taskflow_api.py for tasks to queue
[2026-05-16T10:59:51.299+0000] {logging_mixin.py:188} INFO - [2026-05-16T10:59:51.298+0000] {dagbag.py:545} INFO - Filling up the DagBag from /home/airflow/.local/lib/python3.12/site-packages/airflow/example_dags/tutorial_taskflow_api.py
[2026-05-16T10:59:51.315+0000] {processor.py:840} INFO - DAG(s) 'tutorial_taskflow_api' retrieved from /home/airflow/.local/lib/python3.12/site-packages/airflow/example_dags/tutorial_taskflow_api.py
[2026-05-16T10:59:51.347+0000] {logging_mixin.py:188} INFO - [2026-05-16T10:59:51.346+0000] {dag.py:3089} INFO - Sync 1 DAGs
[2026-05-16T10:59:51.368+0000] {logging_mixin.py:188} INFO - [2026-05-16T10:59:51.368+0000] {dag.py:3947} INFO - Setting next_dagrun for tutorial_taskflow_api to None, run_after=None
[2026-05-16T10:59:51.406+0000] {processor.py:183} INFO - Processing /home/airflow/.local/lib/python3.12/site-packages/airflow/example_dags/tutorial_taskflow_api.py took 0.124 seconds
[2026-05-16T11:00:21.854+0000] {processor.py:161} INFO - Started process (PID=82232) to work on /home/airflow/.local/lib/python3.12/site-packages/airflow/example_dags/tutorial_taskflow_api.py
[2026-05-16T11:00:21.855+0000] {processor.py:830} INFO - Processing file /home/airflow/.local/lib/python3.12/site-packages/airflow/example_dags/tutorial_taskflow_api.py for tasks to queue
[2026-05-16T11:00:21.862+0000] {logging_mixin.py:188} INFO - [2026-05-16T11:00:21.861+0000] {dagbag.py:545} INFO - Filling up the DagBag from /home/airflow/.local/lib/python3.12/site-packages/airflow/example_dags/tutorial_taskflow_api.py
[2026-05-16T11:00:21.887+0000] {processor.py:840} INFO - DAG(s) 'tutorial_taskflow_api' retrieved from /home/airflow/.local/lib/python3.12/site-packages/airflow/example_dags/tutorial_taskflow_api.py
[2026-05-16T11:00:21.930+0000] {logging_mixin.py:188} INFO - [2026-05-16T11:00:21.930+0000] {dag.py:3089} INFO - Sync 1 DAGs
[2026-05-16T11:00:21.952+0000] {logging_mixin.py:188} INFO - [2026-05-16T11:00:21.951+0000] {dag.py:3947} INFO - Setting next_dagrun for tutorial_taskflow_api to None, run_after=None
[2026-05-16T11:00:21.989+0000] {processor.py:183} INFO - Processing /home/airflow/.local/lib/python3.12/site-packages/airflow/example_dags/tutorial_taskflow_api.py took 0.155 seconds
[2026-05-16T11:00:52.570+0000] {processor.py:161} INFO - Started process (PID=82300) to work on /home/airflow/.local/lib/python3.12/site-packages/airflow/example_dags/tutorial_taskflow_api.py
[2026-05-16T11:00:52.573+0000] {processor.py:830} INFO - Processing file /home/airflow/.local/lib/python3.12/site-packages/airflow/example_dags/tutorial_taskflow_api.py for tasks to queue
[2026-05-16T11:00:52.579+0000] {logging_mixin.py:188} INFO - [2026-05-16T11:00:52.577+0000] {dagbag.py:545} INFO - Filling up the DagBag from /home/airflow/.local/lib/python3.12/site-packages/airflow/example_dags/tutorial_taskflow_api.py
[2026-05-16T11:00:52.595+0000] {processor.py:840} INFO - DAG(s) 'tutorial_taskflow_api' retrieved from /home/airflow/.local/lib/python3.12/site-packages/airflow/example_dags/tutorial_taskflow_api.py
[2026-05-16T11:00:52.638+0000] {logging_mixin.py:188} INFO - [2026-05-16T11:00:52.638+0000] {dag.py:3089} INFO - Sync 1 DAGs
[2026-05-16T11:00:52.671+0000] {logging_mixin.py:188} INFO - [2026-05-16T11:00:52.670+0000] {dag.py:3947} INFO - Setting next_dagrun for tutorial_taskflow_api to None, run_after=None
[2026-05-16T11:00:52.717+0000] {processor.py:183} INFO - Processing /home/airflow/.local/lib/python3.12/site-packages/airflow/example_dags/tutorial_taskflow_api.py took 0.158 seconds
[2026-05-16T11:01:23.028+0000] {processor.py:161} INFO - Started process (PID=82368) to work on /home/airflow/.local/lib/python3.12/site-packages/airflow/example_dags/tutorial_taskflow_api.py
[2026-05-16T11:01:23.030+0000] {processor.py:830} INFO - Processing file /home/airflow/.local/lib/python3.12/site-packages/airflow/example_dags/tutorial_taskflow_api.py for tasks to queue
[2026-05-16T11:01:23.034+0000] {logging_mixin.py:188} INFO - [2026-05-16T11:01:23.033+0000] {dagbag.py:545} INFO - Filling up the DagBag from /home/airflow/.local/lib/python3.12/site-packages/airflow/example_dags/tutorial_taskflow_api.py
[2026-05-16T11:01:23.047+0000] {processor.py:840} INFO - DAG(s) 'tutorial_taskflow_api' retrieved from /home/airflow/.local/lib/python3.12/site-packages/airflow/example_dags/tutorial_taskflow_api.py
[2026-05-16T11:01:23.091+0000] {logging_mixin.py:188} INFO - [2026-05-16T11:01:23.090+0000] {dag.py:3089} INFO - Sync 1 DAGs
[2026-05-16T11:01:23.116+0000] {logging_mixin.py:188} INFO - [2026-05-16T11:01:23.115+0000] {dag.py:3947} INFO - Setting next_dagrun for tutorial_taskflow_api to None, run_after=None
[2026-05-16T11:01:23.157+0000] {processor.py:183} INFO - Processing /home/airflow/.local/lib/python3.12/site-packages/airflow/example_dags/tutorial_taskflow_api.py took 0.143 seconds
[2026-05-16T11:01:53.919+0000] {processor.py:161} INFO - Started process (PID=82436) to work on /home/airflow/.local/lib/python3.12/site-packages/airflow/example_dags/tutorial_taskflow_api.py
[2026-05-16T11:01:53.921+0000] {processor.py:830} INFO - Processing file /home/airflow/.local/lib/python3.12/site-packages/airflow/example_dags/tutorial_taskflow_api.py for tasks to queue
[2026-05-16T11:01:53.925+0000] {logging_mixin.py:188} INFO - [2026-05-16T11:01:53.925+0000] {dagbag.py:545} INFO - Filling up the DagBag from /home/airflow/.local/lib/python3.12/site-packages/airflow/example_dags/tutorial_taskflow_api.py
[2026-05-16T11:01:53.937+0000] {processor.py:840} INFO - DAG(s) 'tutorial_taskflow_api' retrieved from /home/airflow/.local/lib/python3.12/site-packages/airflow/example_dags/tutorial_taskflow_api.py
[2026-05-16T11:01:53.978+0000] {logging_mixin.py:188} INFO - [2026-05-16T11:01:53.976+0000] {dag.py:3089} INFO - Sync 1 DAGs
[2026-05-16T11:01:54.007+0000] {logging_mixin.py:188} INFO - [2026-05-16T11:01:54.006+0000] {dag.py:3947} INFO - Setting next_dagrun for tutorial_taskflow_api to None, run_after=None
[2026-05-16T11:01:54.049+0000] {processor.py:183} INFO - Processing /home/airflow/.local/lib/python3.12/site-packages/airflow/example_dags/tutorial_taskflow_api.py took 0.140 seconds
[2026-05-16T11:02:24.500+0000] {processor.py:161} INFO - Started process (PID=82511) to work on /home/airflow/.local/lib/python3.12/site-packages/airflow/example_dags/tutorial_taskflow_api.py
[2026-05-16T11:02:24.502+0000] {processor.py:830} INFO - Processing file /home/airflow/.local/lib/python3.12/site-packages/airflow/example_dags/tutorial_taskflow_api.py for tasks to queue
[2026-05-16T11:02:24.506+0000] {logging_mixin.py:188} INFO - [2026-05-16T11:02:24.505+0000] {dagbag.py:545} INFO - Filling up the DagBag from /home/airflow/.local/lib/python3.12/site-packages/airflow/example_dags/tutorial_taskflow_api.py
[2026-05-16T11:02:24.529+0000] {processor.py:840} INFO - DAG(s) 'tutorial_taskflow_api' retrieved from /home/airflow/.local/lib/python3.12/site-packages/airflow/example_dags/tutorial_taskflow_api.py
[2026-05-16T11:02:24.570+0000] {logging_mixin.py:188} INFO - [2026-05-16T11:02:24.570+0000] {dag.py:3089} INFO - Sync 1 DAGs
[2026-05-16T11:02:24.591+0000] {logging_mixin.py:188} INFO - [2026-05-16T11:02:24.591+0000] {dag.py:3947} INFO - Setting next_dagrun for tutorial_taskflow_api to None, run_after=None
[2026-05-16T11:02:24.637+0000] {processor.py:183} INFO - Processing /home/airflow/.local/lib/python3.12/site-packages/airflow/example_dags/tutorial_taskflow_api.py took 0.146 seconds
[2026-05-16T11:02:58.310+0000] {processor.py:161} INFO - Started process (PID=82579) to work on /home/airflow/.local/lib/python3.12/site-packages/airflow/example_dags/tutorial_taskflow_api.py
[2026-05-16T11:02:58.312+0000] {processor.py:830} INFO - Processing file /home/airflow/.local/lib/python3.12/site-packages/airflow/example_dags/tutorial_taskflow_api.py for tasks to queue
[2026-05-16T11:02:58.315+0000] {logging_mixin.py:188} INFO - [2026-05-16T11:02:58.315+0000] {dagbag.py:545} INFO - Filling up the DagBag from /home/airflow/.local/lib/python3.12/site-packages/airflow/example_dags/tutorial_taskflow_api.py
[2026-05-16T11:02:58.327+0000] {processor.py:840} INFO - DAG(s) 'tutorial_taskflow_api' retrieved from /home/airflow/.local/lib/python3.12/site-packages/airflow/example_dags/tutorial_taskflow_api.py
[2026-05-16T11:02:58.363+0000] {logging_mixin.py:188} INFO - [2026-05-16T11:02:58.363+0000] {dag.py:3089} INFO - Sync 1 DAGs
[2026-05-16T11:02:58.388+0000] {logging_mixin.py:188} INFO - [2026-05-16T11:02:58.387+0000] {dag.py:3947} INFO - Setting next_dagrun for tutorial_taskflow_api to None, run_after=None
[2026-05-16T11:02:58.422+0000] {processor.py:183} INFO - Processing /home/airflow/.local/lib/python3.12/site-packages/airflow/example_dags/tutorial_taskflow_api.py took 0.126 seconds
[2026-05-16T11:03:28.544+0000] {processor.py:161} INFO - Started process (PID=82648) to work on /home/airflow/.local/lib/python3.12/site-packages/airflow/example_dags/tutorial_taskflow_api.py
[2026-05-16T11:03:28.546+0000] {processor.py:830} INFO - Processing file /home/airflow/.local/lib/python3.12/site-packages/airflow/example_dags/tutorial_taskflow_api.py for tasks to queue
[2026-05-16T11:03:28.551+0000] {logging_mixin.py:188} INFO - [2026-05-16T11:03:28.550+0000] {dagbag.py:545} INFO - Filling up the DagBag from /home/airflow/.local/lib/python3.12/site-packages/airflow/example_dags/tutorial_taskflow_api.py
[2026-05-16T11:03:28.565+0000] {processor.py:840} INFO - DAG(s) 'tutorial_taskflow_api' retrieved from /home/airflow/.local/lib/python3.12/site-packages/airflow/example_dags/tutorial_taskflow_api.py
[2026-05-16T11:03:28.603+0000] {logging_mixin.py:188} INFO - [2026-05-16T11:03:28.603+0000] {dag.py:3089} INFO - Sync 1 DAGs
[2026-05-16T11:03:28.627+0000] {logging_mixin.py:188} INFO - [2026-05-16T11:03:28.626+0000] {dag.py:3947} INFO - Setting next_dagrun for tutorial_taskflow_api to None, run_after=None
[2026-05-16T11:03:28.669+0000] {processor.py:183} INFO - Processing /home/airflow/.local/lib/python3.12/site-packages/airflow/example_dags/tutorial_taskflow_api.py took 0.138 seconds
[2026-05-16T11:03:59.386+0000] {processor.py:161} INFO - Started process (PID=82716) to work on /home/airflow/.local/lib/python3.12/site-packages/airflow/example_dags/tutorial_taskflow_api.py
[2026-05-16T11:03:59.387+0000] {processor.py:830} INFO - Processing file /home/airflow/.local/lib/python3.12/site-packages/airflow/example_dags/tutorial_taskflow_api.py for tasks to queue
[2026-05-16T11:03:59.391+0000] {logging_mixin.py:188} INFO - [2026-05-16T11:03:59.390+0000] {dagbag.py:545} INFO - Filling up the DagBag from /home/airflow/.local/lib/python3.12/site-packages/airflow/example_dags/tutorial_taskflow_api.py
[2026-05-16T11:03:59.401+0000] {processor.py:840} INFO - DAG(s) 'tutorial_taskflow_api' retrieved from /home/airflow/.local/lib/python3.12/site-packages/airflow/example_dags/tutorial_taskflow_api.py
[2026-05-16T11:03:59.436+0000] {logging_mixin.py:188} INFO - [2026-05-16T11:03:59.435+0000] {dag.py:3089} INFO - Sync 1 DAGs
[2026-05-16T11:03:59.455+0000] {logging_mixin.py:188} INFO - [2026-05-16T11:03:59.455+0000] {dag.py:3947} INFO - Setting next_dagrun for tutorial_taskflow_api to None, run_after=None
[2026-05-16T11:03:59.494+0000] {processor.py:183} INFO - Processing /home/airflow/.local/lib/python3.12/site-packages/airflow/example_dags/tutorial_taskflow_api.py took 0.118 seconds
[2026-05-16T11:04:30.460+0000] {processor.py:161} INFO - Started process (PID=82784) to work on /home/airflow/.local/lib/python3.12/site-packages/airflow/example_dags/tutorial_taskflow_api.py
[2026-05-16T11:04:30.467+0000] {processor.py:830} INFO - Processing file /home/airflow/.local/lib/python3.12/site-packages/airflow/example_dags/tutorial_taskflow_api.py for tasks to queue
[2026-05-16T11:04:30.482+0000] {logging_mixin.py:188} INFO - [2026-05-16T11:04:30.481+0000] {dagbag.py:545} INFO - Filling up the DagBag from /home/airflow/.local/lib/python3.12/site-packages/airflow/example_dags/tutorial_taskflow_api.py
[2026-05-16T11:04:30.517+0000] {processor.py:840} INFO - DAG(s) 'tutorial_taskflow_api' retrieved from /home/airflow/.local/lib/python3.12/site-packages/airflow/example_dags/tutorial_taskflow_api.py
[2026-05-16T11:04:30.562+0000] {logging_mixin.py:188} INFO - [2026-05-16T11:04:30.561+0000] {dag.py:3089} INFO - Sync 1 DAGs
[2026-05-16T11:04:30.585+0000] {logging_mixin.py:188} INFO - [2026-05-16T11:04:30.584+0000] {dag.py:3947} INFO - Setting next_dagrun for tutorial_taskflow_api to None, run_after=None
[2026-05-16T11:04:30.630+0000] {processor.py:183} INFO - Processing /home/airflow/.local/lib/python3.12/site-packages/airflow/example_dags/tutorial_taskflow_api.py took 0.185 seconds
[2026-05-16T11:05:00.928+0000] {processor.py:161} INFO - Started process (PID=82851) to work on /home/airflow/.local/lib/python3.12/site-packages/airflow/example_dags/tutorial_taskflow_api.py
[2026-05-16T11:05:00.930+0000] {processor.py:830} INFO - Processing file /home/airflow/.local/lib/python3.12/site-packages/airflow/example_dags/tutorial_taskflow_api.py for tasks to queue
[2026-05-16T11:05:00.935+0000] {logging_mixin.py:188} INFO - [2026-05-16T11:05:00.934+0000] {dagbag.py:545} INFO - Filling up the DagBag from /home/airflow/.local/lib/python3.12/site-packages/airflow/example_dags/tutorial_taskflow_api.py
[2026-05-16T11:05:00.948+0000] {processor.py:840} INFO - DAG(s) 'tutorial_taskflow_api' retrieved from /home/airflow/.local/lib/python3.12/site-packages/airflow/example_dags/tutorial_taskflow_api.py
[2026-05-16T11:05:00.987+0000] {logging_mixin.py:188} INFO - [2026-05-16T11:05:00.987+0000] {dag.py:3089} INFO - Sync 1 DAGs
[2026-05-16T11:05:01.010+0000] {logging_mixin.py:188} INFO - [2026-05-16T11:05:01.010+0000] {dag.py:3947} INFO - Setting next_dagrun for tutorial_taskflow_api to None, run_after=None
[2026-05-16T11:05:01.045+0000] {processor.py:183} INFO - Processing /home/airflow/.local/lib/python3.12/site-packages/airflow/example_dags/tutorial_taskflow_api.py took 0.127 seconds
[2026-05-16T11:05:31.970+0000] {processor.py:161} INFO - Started process (PID=82925) to work on /home/airflow/.local/lib/python3.12/site-packages/airflow/example_dags/tutorial_taskflow_api.py
[2026-05-16T11:05:31.974+0000] {processor.py:830} INFO - Processing file /home/airflow/.local/lib/python3.12/site-packages/airflow/example_dags/tutorial_taskflow_api.py for tasks to queue
[2026-05-16T11:05:31.983+0000] {logging_mixin.py:188} INFO - [2026-05-16T11:05:31.983+0000] {dagbag.py:545} INFO - Filling up the DagBag from /home/airflow/.local/lib/python3.12/site-packages/airflow/example_dags/tutorial_taskflow_api.py
[2026-05-16T11:05:31.998+0000] {processor.py:840} INFO - DAG(s) 'tutorial_taskflow_api' retrieved from /home/airflow/.local/lib/python3.12/site-packages/airflow/example_dags/tutorial_taskflow_api.py
[2026-05-16T11:05:32.045+0000] {logging_mixin.py:188} INFO - [2026-05-16T11:05:32.045+0000] {dag.py:3089} INFO - Sync 1 DAGs
[2026-05-16T11:05:32.069+0000] {logging_mixin.py:188} INFO - [2026-05-16T11:05:32.069+0000] {dag.py:3947} INFO - Setting next_dagrun for tutorial_taskflow_api to None, run_after=None
[2026-05-16T11:05:32.139+0000] {processor.py:183} INFO - Processing /home/airflow/.local/lib/python3.12/site-packages/airflow/example_dags/tutorial_taskflow_api.py took 0.183 seconds
[2026-05-16T11:06:02.376+0000] {processor.py:161} INFO - Started process (PID=82993) to work on /home/airflow/.local/lib/python3.12/site-packages/airflow/example_dags/tutorial_taskflow_api.py
[2026-05-16T11:06:02.377+0000] {processor.py:830} INFO - Processing file /home/airflow/.local/lib/python3.12/site-packages/airflow/example_dags/tutorial_taskflow_api.py for tasks to queue
[2026-05-16T11:06:02.381+0000] {logging_mixin.py:188} INFO - [2026-05-16T11:06:02.380+0000] {dagbag.py:545} INFO - Filling up the DagBag from /home/airflow/.local/lib/python3.12/site-packages/airflow/example_dags/tutorial_taskflow_api.py
[2026-05-16T11:06:02.394+0000] {processor.py:840} INFO - DAG(s) 'tutorial_taskflow_api' retrieved from /home/airflow/.local/lib/python3.12/site-packages/airflow/example_dags/tutorial_taskflow_api.py
[2026-05-16T11:06:02.433+0000] {logging_mixin.py:188} INFO - [2026-05-16T11:06:02.433+0000] {dag.py:3089} INFO - Sync 1 DAGs
[2026-05-16T11:06:02.454+0000] {logging_mixin.py:188} INFO - [2026-05-16T11:06:02.454+0000] {dag.py:3947} INFO - Setting next_dagrun for tutorial_taskflow_api to None, run_after=None
[2026-05-16T11:06:02.520+0000] {processor.py:183} INFO - Processing /home/airflow/.local/lib/python3.12/site-packages/airflow/example_dags/tutorial_taskflow_api.py took 0.154 seconds
[2026-05-16T11:06:32.676+0000] {processor.py:161} INFO - Started process (PID=83062) to work on /home/airflow/.local/lib/python3.12/site-packages/airflow/example_dags/tutorial_taskflow_api.py
[2026-05-16T11:06:32.680+0000] {processor.py:830} INFO - Processing file /home/airflow/.local/lib/python3.12/site-packages/airflow/example_dags/tutorial_taskflow_api.py for tasks to queue
[2026-05-16T11:06:32.684+0000] {logging_mixin.py:188} INFO - [2026-05-16T11:06:32.684+0000] {dagbag.py:545} INFO - Filling up the DagBag from /home/airflow/.local/lib/python3.12/site-packages/airflow/example_dags/tutorial_taskflow_api.py
[2026-05-16T11:06:32.697+0000] {processor.py:840} INFO - DAG(s) 'tutorial_taskflow_api' retrieved from /home/airflow/.local/lib/python3.12/site-packages/airflow/example_dags/tutorial_taskflow_api.py
[2026-05-16T11:06:32.732+0000] {logging_mixin.py:188} INFO - [2026-05-16T11:06:32.732+0000] {dag.py:3089} INFO - Sync 1 DAGs
[2026-05-16T11:06:32.755+0000] {logging_mixin.py:188} INFO - [2026-05-16T11:06:32.755+0000] {dag.py:3947} INFO - Setting next_dagrun for tutorial_taskflow_api to None, run_after=None
[2026-05-16T11:06:32.814+0000] {processor.py:183} INFO - Processing /home/airflow/.local/lib/python3.12/site-packages/airflow/example_dags/tutorial_taskflow_api.py took 0.147 seconds
[2026-05-16T11:07:03.482+0000] {processor.py:161} INFO - Started process (PID=83130) to work on /home/airflow/.local/lib/python3.12/site-packages/airflow/example_dags/tutorial_taskflow_api.py
[2026-05-16T11:07:03.485+0000] {processor.py:830} INFO - Processing file /home/airflow/.local/lib/python3.12/site-packages/airflow/example_dags/tutorial_taskflow_api.py for tasks to queue
[2026-05-16T11:07:03.491+0000] {logging_mixin.py:188} INFO - [2026-05-16T11:07:03.491+0000] {dagbag.py:545} INFO - Filling up the DagBag from /home/airflow/.local/lib/python3.12/site-packages/airflow/example_dags/tutorial_taskflow_api.py
[2026-05-16T11:07:03.507+0000] {processor.py:840} INFO - DAG(s) 'tutorial_taskflow_api' retrieved from /home/airflow/.local/lib/python3.12/site-packages/airflow/example_dags/tutorial_taskflow_api.py
[2026-05-16T11:07:03.544+0000] {logging_mixin.py:188} INFO - [2026-05-16T11:07:03.543+0000] {dag.py:3089} INFO - Sync 1 DAGs
[2026-05-16T11:07:03.566+0000] {logging_mixin.py:188} INFO - [2026-05-16T11:07:03.566+0000] {dag.py:3947} INFO - Setting next_dagrun for tutorial_taskflow_api to None, run_after=None
[2026-05-16T11:07:03.609+0000] {processor.py:183} INFO - Processing /home/airflow/.local/lib/python3.12/site-packages/airflow/example_dags/tutorial_taskflow_api.py took 0.137 seconds
[2026-05-16T11:07:34.424+0000] {processor.py:161} INFO - Started process (PID=83198) to work on /home/airflow/.local/lib/python3.12/site-packages/airflow/example_dags/tutorial_taskflow_api.py
[2026-05-16T11:07:34.427+0000] {processor.py:830} INFO - Processing file /home/airflow/.local/lib/python3.12/site-packages/airflow/example_dags/tutorial_taskflow_api.py for tasks to queue
[2026-05-16T11:07:34.432+0000] {logging_mixin.py:188} INFO - [2026-05-16T11:07:34.432+0000] {dagbag.py:545} INFO - Filling up the DagBag from /home/airflow/.local/lib/python3.12/site-packages/airflow/example_dags/tutorial_taskflow_api.py
[2026-05-16T11:07:34.445+0000] {processor.py:840} INFO - DAG(s) 'tutorial_taskflow_api' retrieved from /home/airflow/.local/lib/python3.12/site-packages/airflow/example_dags/tutorial_taskflow_api.py
[2026-05-16T11:07:34.488+0000] {logging_mixin.py:188} INFO - [2026-05-16T11:07:34.487+0000] {dag.py:3089} INFO - Sync 1 DAGs
[2026-05-16T11:07:34.511+0000] {logging_mixin.py:188} INFO - [2026-05-16T11:07:34.510+0000] {dag.py:3947} INFO - Setting next_dagrun for tutorial_taskflow_api to None, run_after=None
[2026-05-16T11:07:34.549+0000] {processor.py:183} INFO - Processing /home/airflow/.local/lib/python3.12/site-packages/airflow/example_dags/tutorial_taskflow_api.py took 0.136 seconds
[2026-05-16T11:08:05.533+0000] {processor.py:161} INFO - Started process (PID=83267) to work on /home/airflow/.local/lib/python3.12/site-packages/airflow/example_dags/tutorial_taskflow_api.py
[2026-05-16T11:08:05.535+0000] {processor.py:830} INFO - Processing file /home/airflow/.local/lib/python3.12/site-packages/airflow/example_dags/tutorial_taskflow_api.py for tasks to queue
[2026-05-16T11:08:05.539+0000] {logging_mixin.py:188} INFO - [2026-05-16T11:08:05.538+0000] {dagbag.py:545} INFO - Filling up the DagBag from /home/airflow/.local/lib/python3.12/site-packages/airflow/example_dags/tutorial_taskflow_api.py
[2026-05-16T11:08:05.550+0000] {processor.py:840} INFO - DAG(s) 'tutorial_taskflow_api' retrieved from /home/airflow/.local/lib/python3.12/site-packages/airflow/example_dags/tutorial_taskflow_api.py
[2026-05-16T11:08:05.587+0000] {logging_mixin.py:188} INFO - [2026-05-16T11:08:05.587+0000] {dag.py:3089} INFO - Sync 1 DAGs
[2026-05-16T11:08:05.613+0000] {logging_mixin.py:188} INFO - [2026-05-16T11:08:05.612+0000] {dag.py:3947} INFO - Setting next_dagrun for tutorial_taskflow_api to None, run_after=None
[2026-05-16T11:08:05.660+0000] {processor.py:183} INFO - Processing /home/airflow/.local/lib/python3.12/site-packages/airflow/example_dags/tutorial_taskflow_api.py took 0.140 seconds
[2026-05-16T11:08:36.206+0000] {processor.py:161} INFO - Started process (PID=83333) to work on /home/airflow/.local/lib/python3.12/site-packages/airflow/example_dags/tutorial_taskflow_api.py
[2026-05-16T11:08:36.209+0000] {processor.py:830} INFO - Processing file /home/airflow/.local/lib/python3.12/site-packages/airflow/example_dags/tutorial_taskflow_api.py for tasks to queue
[2026-05-16T11:08:36.212+0000] {logging_mixin.py:188} INFO - [2026-05-16T11:08:36.212+0000] {dagbag.py:545} INFO - Filling up the DagBag from /home/airflow/.local/lib/python3.12/site-packages/airflow/example_dags/tutorial_taskflow_api.py
[2026-05-16T11:08:36.225+0000] {processor.py:840} INFO - DAG(s) 'tutorial_taskflow_api' retrieved from /home/airflow/.local/lib/python3.12/site-packages/airflow/example_dags/tutorial_taskflow_api.py
[2026-05-16T11:08:36.258+0000] {logging_mixin.py:188} INFO - [2026-05-16T11:08:36.257+0000] {dag.py:3089} INFO - Sync 1 DAGs
[2026-05-16T11:08:36.280+0000] {logging_mixin.py:188} INFO - [2026-05-16T11:08:36.279+0000] {dag.py:3947} INFO - Setting next_dagrun for tutorial_taskflow_api to None, run_after=None
[2026-05-16T11:08:36.318+0000] {processor.py:183} INFO - Processing /home/airflow/.local/lib/python3.12/site-packages/airflow/example_dags/tutorial_taskflow_api.py took 0.121 seconds
[2026-05-16T11:09:06.664+0000] {processor.py:161} INFO - Started process (PID=83401) to work on /home/airflow/.local/lib/python3.12/site-packages/airflow/example_dags/tutorial_taskflow_api.py
[2026-05-16T11:09:06.666+0000] {processor.py:830} INFO - Processing file /home/airflow/.local/lib/python3.12/site-packages/airflow/example_dags/tutorial_taskflow_api.py for tasks to queue
[2026-05-16T11:09:06.670+0000] {logging_mixin.py:188} INFO - [2026-05-16T11:09:06.670+0000] {dagbag.py:545} INFO - Filling up the DagBag from /home/airflow/.local/lib/python3.12/site-packages/airflow/example_dags/tutorial_taskflow_api.py
[2026-05-16T11:09:06.681+0000] {processor.py:840} INFO - DAG(s) 'tutorial_taskflow_api' retrieved from /home/airflow/.local/lib/python3.12/site-packages/airflow/example_dags/tutorial_taskflow_api.py
[2026-05-16T11:09:06.719+0000] {logging_mixin.py:188} INFO - [2026-05-16T11:09:06.719+0000] {dag.py:3089} INFO - Sync 1 DAGs
[2026-05-16T11:09:06.740+0000] {logging_mixin.py:188} INFO - [2026-05-16T11:09:06.740+0000] {dag.py:3947} INFO - Setting next_dagrun for tutorial_taskflow_api to None, run_after=None
[2026-05-16T11:09:06.803+0000] {processor.py:183} INFO - Processing /home/airflow/.local/lib/python3.12/site-packages/airflow/example_dags/tutorial_taskflow_api.py took 0.153 seconds
[2026-05-16T11:09:37.695+0000] {processor.py:161} INFO - Started process (PID=83476) to work on /home/airflow/.local/lib/python3.12/site-packages/airflow/example_dags/tutorial_taskflow_api.py
[2026-05-16T11:09:37.698+0000] {processor.py:830} INFO - Processing file /home/airflow/.local/lib/python3.12/site-packages/airflow/example_dags/tutorial_taskflow_api.py for tasks to queue
[2026-05-16T11:09:37.703+0000] {logging_mixin.py:188} INFO - [2026-05-16T11:09:37.702+0000] {dagbag.py:545} INFO - Filling up the DagBag from /home/airflow/.local/lib/python3.12/site-packages/airflow/example_dags/tutorial_taskflow_api.py
[2026-05-16T11:09:37.713+0000] {processor.py:840} INFO - DAG(s) 'tutorial_taskflow_api' retrieved from /home/airflow/.local/lib/python3.12/site-packages/airflow/example_dags/tutorial_taskflow_api.py
[2026-05-16T11:09:37.755+0000] {logging_mixin.py:188} INFO - [2026-05-16T11:09:37.754+0000] {dag.py:3089} INFO - Sync 1 DAGs
[2026-05-16T11:09:37.774+0000] {logging_mixin.py:188} INFO - [2026-05-16T11:09:37.774+0000] {dag.py:3947} INFO - Setting next_dagrun for tutorial_taskflow_api to None, run_after=None
[2026-05-16T11:09:37.830+0000] {processor.py:183} INFO - Processing /home/airflow/.local/lib/python3.12/site-packages/airflow/example_dags/tutorial_taskflow_api.py took 0.145 seconds
[2026-05-16T11:10:08.135+0000] {processor.py:161} INFO - Started process (PID=83544) to work on /home/airflow/.local/lib/python3.12/site-packages/airflow/example_dags/tutorial_taskflow_api.py
[2026-05-16T11:10:08.137+0000] {processor.py:830} INFO - Processing file /home/airflow/.local/lib/python3.12/site-packages/airflow/example_dags/tutorial_taskflow_api.py for tasks to queue
[2026-05-16T11:10:08.140+0000] {logging_mixin.py:188} INFO - [2026-05-16T11:10:08.140+0000] {dagbag.py:545} INFO - Filling up the DagBag from /home/airflow/.local/lib/python3.12/site-packages/airflow/example_dags/tutorial_taskflow_api.py
[2026-05-16T11:10:08.152+0000] {processor.py:840} INFO - DAG(s) 'tutorial_taskflow_api' retrieved from /home/airflow/.local/lib/python3.12/site-packages/airflow/example_dags/tutorial_taskflow_api.py
[2026-05-16T11:10:08.193+0000] {logging_mixin.py:188} INFO - [2026-05-16T11:10:08.193+0000] {dag.py:3089} INFO - Sync 1 DAGs
[2026-05-16T11:10:08.215+0000] {logging_mixin.py:188} INFO - [2026-05-16T11:10:08.215+0000] {dag.py:3947} INFO - Setting next_dagrun for tutorial_taskflow_api to None, run_after=None
[2026-05-16T11:10:08.283+0000] {processor.py:183} INFO - Processing /home/airflow/.local/lib/python3.12/site-packages/airflow/example_dags/tutorial_taskflow_api.py took 0.157 seconds
[2026-05-16T11:10:38.425+0000] {processor.py:161} INFO - Started process (PID=83612) to work on /home/airflow/.local/lib/python3.12/site-packages/airflow/example_dags/tutorial_taskflow_api.py
[2026-05-16T11:10:38.427+0000] {processor.py:830} INFO - Processing file /home/airflow/.local/lib/python3.12/site-packages/airflow/example_dags/tutorial_taskflow_api.py for tasks to queue
[2026-05-16T11:10:38.431+0000] {logging_mixin.py:188} INFO - [2026-05-16T11:10:38.430+0000] {dagbag.py:545} INFO - Filling up the DagBag from /home/airflow/.local/lib/python3.12/site-packages/airflow/example_dags/tutorial_taskflow_api.py
[2026-05-16T11:10:38.441+0000] {processor.py:840} INFO - DAG(s) 'tutorial_taskflow_api' retrieved from /home/airflow/.local/lib/python3.12/site-packages/airflow/example_dags/tutorial_taskflow_api.py
[2026-05-16T11:10:38.476+0000] {logging_mixin.py:188} INFO - [2026-05-16T11:10:38.475+0000] {dag.py:3089} INFO - Sync 1 DAGs
[2026-05-16T11:10:38.501+0000] {logging_mixin.py:188} INFO - [2026-05-16T11:10:38.501+0000] {dag.py:3947} INFO - Setting next_dagrun for tutorial_taskflow_api to None, run_after=None
[2026-05-16T11:10:38.567+0000] {processor.py:183} INFO - Processing /home/airflow/.local/lib/python3.12/site-packages/airflow/example_dags/tutorial_taskflow_api.py took 0.151 seconds
[2026-05-16T11:11:08.676+0000] {processor.py:161} INFO - Started process (PID=83680) to work on /home/airflow/.local/lib/python3.12/site-packages/airflow/example_dags/tutorial_taskflow_api.py
[2026-05-16T11:11:08.678+0000] {processor.py:830} INFO - Processing file /home/airflow/.local/lib/python3.12/site-packages/airflow/example_dags/tutorial_taskflow_api.py for tasks to queue
[2026-05-16T11:11:08.682+0000] {logging_mixin.py:188} INFO - [2026-05-16T11:11:08.681+0000] {dagbag.py:545} INFO - Filling up the DagBag from /home/airflow/.local/lib/python3.12/site-packages/airflow/example_dags/tutorial_taskflow_api.py
[2026-05-16T11:11:08.693+0000] {processor.py:840} INFO - DAG(s) 'tutorial_taskflow_api' retrieved from /home/airflow/.local/lib/python3.12/site-packages/airflow/example_dags/tutorial_taskflow_api.py
[2026-05-16T11:11:08.750+0000] {logging_mixin.py:188} INFO - [2026-05-16T11:11:08.749+0000] {dag.py:3089} INFO - Sync 1 DAGs
[2026-05-16T11:11:08.773+0000] {logging_mixin.py:188} INFO - [2026-05-16T11:11:08.772+0000] {dag.py:3947} INFO - Setting next_dagrun for tutorial_taskflow_api to None, run_after=None
[2026-05-16T11:11:08.809+0000] {processor.py:183} INFO - Processing /home/airflow/.local/lib/python3.12/site-packages/airflow/example_dags/tutorial_taskflow_api.py took 0.147 seconds
[2026-05-16T11:11:38.951+0000] {processor.py:161} INFO - Started process (PID=83748) to work on /home/airflow/.local/lib/python3.12/site-packages/airflow/example_dags/tutorial_taskflow_api.py
[2026-05-16T11:11:38.953+0000] {processor.py:830} INFO - Processing file /home/airflow/.local/lib/python3.12/site-packages/airflow/example_dags/tutorial_taskflow_api.py for tasks to queue
[2026-05-16T11:11:38.957+0000] {logging_mixin.py:188} INFO - [2026-05-16T11:11:38.957+0000] {dagbag.py:545} INFO - Filling up the DagBag from /home/airflow/.local/lib/python3.12/site-packages/airflow/example_dags/tutorial_taskflow_api.py
[2026-05-16T11:11:38.969+0000] {processor.py:840} INFO - DAG(s) 'tutorial_taskflow_api' retrieved from /home/airflow/.local/lib/python3.12/site-packages/airflow/example_dags/tutorial_taskflow_api.py
[2026-05-16T11:11:39.009+0000] {logging_mixin.py:188} INFO - [2026-05-16T11:11:39.009+0000] {dag.py:3089} INFO - Sync 1 DAGs
[2026-05-16T11:11:39.038+0000] {logging_mixin.py:188} INFO - [2026-05-16T11:11:39.038+0000] {dag.py:3947} INFO - Setting next_dagrun for tutorial_taskflow_api to None, run_after=None
[2026-05-16T11:11:39.109+0000] {processor.py:183} INFO - Processing /home/airflow/.local/lib/python3.12/site-packages/airflow/example_dags/tutorial_taskflow_api.py took 0.174 seconds
[2026-05-16T11:12:09.619+0000] {processor.py:161} INFO - Started process (PID=83816) to work on /home/airflow/.local/lib/python3.12/site-packages/airflow/example_dags/tutorial_taskflow_api.py
[2026-05-16T11:12:09.621+0000] {processor.py:830} INFO - Processing file /home/airflow/.local/lib/python3.12/site-packages/airflow/example_dags/tutorial_taskflow_api.py for tasks to queue
[2026-05-16T11:12:09.625+0000] {logging_mixin.py:188} INFO - [2026-05-16T11:12:09.625+0000] {dagbag.py:545} INFO - Filling up the DagBag from /home/airflow/.local/lib/python3.12/site-packages/airflow/example_dags/tutorial_taskflow_api.py
[2026-05-16T11:12:09.639+0000] {processor.py:840} INFO - DAG(s) 'tutorial_taskflow_api' retrieved from /home/airflow/.local/lib/python3.12/site-packages/airflow/example_dags/tutorial_taskflow_api.py
[2026-05-16T11:12:09.680+0000] {logging_mixin.py:188} INFO - [2026-05-16T11:12:09.680+0000] {dag.py:3089} INFO - Sync 1 DAGs
[2026-05-16T11:12:09.703+0000] {logging_mixin.py:188} INFO - [2026-05-16T11:12:09.703+0000] {dag.py:3947} INFO - Setting next_dagrun for tutorial_taskflow_api to None, run_after=None
[2026-05-16T11:12:09.781+0000] {processor.py:183} INFO - Processing /home/airflow/.local/lib/python3.12/site-packages/airflow/example_dags/tutorial_taskflow_api.py took 0.176 seconds
[2026-05-16T11:12:40.147+0000] {processor.py:161} INFO - Started process (PID=83884) to work on /home/airflow/.local/lib/python3.12/site-packages/airflow/example_dags/tutorial_taskflow_api.py
[2026-05-16T11:12:40.150+0000] {processor.py:830} INFO - Processing file /home/airflow/.local/lib/python3.12/site-packages/airflow/example_dags/tutorial_taskflow_api.py for tasks to queue
[2026-05-16T11:12:40.156+0000] {logging_mixin.py:188} INFO - [2026-05-16T11:12:40.155+0000] {dagbag.py:545} INFO - Filling up the DagBag from /home/airflow/.local/lib/python3.12/site-packages/airflow/example_dags/tutorial_taskflow_api.py
[2026-05-16T11:12:40.166+0000] {processor.py:840} INFO - DAG(s) 'tutorial_taskflow_api' retrieved from /home/airflow/.local/lib/python3.12/site-packages/airflow/example_dags/tutorial_taskflow_api.py
[2026-05-16T11:12:40.202+0000] {logging_mixin.py:188} INFO - [2026-05-16T11:12:40.202+0000] {dag.py:3089} INFO - Sync 1 DAGs
[2026-05-16T11:12:40.224+0000] {logging_mixin.py:188} INFO - [2026-05-16T11:12:40.223+0000] {dag.py:3947} INFO - Setting next_dagrun for tutorial_taskflow_api to None, run_after=None
[2026-05-16T11:12:40.264+0000] {processor.py:183} INFO - Processing /home/airflow/.local/lib/python3.12/site-packages/airflow/example_dags/tutorial_taskflow_api.py took 0.129 seconds
[2026-05-16T11:13:10.429+0000] {processor.py:161} INFO - Started process (PID=83952) to work on /home/airflow/.local/lib/python3.12/site-packages/airflow/example_dags/tutorial_taskflow_api.py
[2026-05-16T11:13:10.432+0000] {processor.py:830} INFO - Processing file /home/airflow/.local/lib/python3.12/site-packages/airflow/example_dags/tutorial_taskflow_api.py for tasks to queue
[2026-05-16T11:13:10.436+0000] {logging_mixin.py:188} INFO - [2026-05-16T11:13:10.435+0000] {dagbag.py:545} INFO - Filling up the DagBag from /home/airflow/.local/lib/python3.12/site-packages/airflow/example_dags/tutorial_taskflow_api.py
[2026-05-16T11:13:10.450+0000] {processor.py:840} INFO - DAG(s) 'tutorial_taskflow_api' retrieved from /home/airflow/.local/lib/python3.12/site-packages/airflow/example_dags/tutorial_taskflow_api.py
[2026-05-16T11:13:10.494+0000] {logging_mixin.py:188} INFO - [2026-05-16T11:13:10.494+0000] {dag.py:3089} INFO - Sync 1 DAGs
[2026-05-16T11:13:10.517+0000] {logging_mixin.py:188} INFO - [2026-05-16T11:13:10.517+0000] {dag.py:3947} INFO - Setting next_dagrun for tutorial_taskflow_api to None, run_after=None
[2026-05-16T11:13:10.570+0000] {processor.py:183} INFO - Processing /home/airflow/.local/lib/python3.12/site-packages/airflow/example_dags/tutorial_taskflow_api.py took 0.150 seconds
[2026-05-16T11:13:41.197+0000] {processor.py:161} INFO - Started process (PID=84020) to work on /home/airflow/.local/lib/python3.12/site-packages/airflow/example_dags/tutorial_taskflow_api.py
[2026-05-16T11:13:41.214+0000] {processor.py:830} INFO - Processing file /home/airflow/.local/lib/python3.12/site-packages/airflow/example_dags/tutorial_taskflow_api.py for tasks to queue
[2026-05-16T11:13:41.219+0000] {logging_mixin.py:188} INFO - [2026-05-16T11:13:41.218+0000] {dagbag.py:545} INFO - Filling up the DagBag from /home/airflow/.local/lib/python3.12/site-packages/airflow/example_dags/tutorial_taskflow_api.py
[2026-05-16T11:13:41.233+0000] {processor.py:840} INFO - DAG(s) 'tutorial_taskflow_api' retrieved from /home/airflow/.local/lib/python3.12/site-packages/airflow/example_dags/tutorial_taskflow_api.py
[2026-05-16T11:13:41.270+0000] {logging_mixin.py:188} INFO - [2026-05-16T11:13:41.270+0000] {dag.py:3089} INFO - Sync 1 DAGs
[2026-05-16T11:13:41.292+0000] {logging_mixin.py:188} INFO - [2026-05-16T11:13:41.292+0000] {dag.py:3947} INFO - Setting next_dagrun for tutorial_taskflow_api to None, run_after=None
[2026-05-16T11:13:41.366+0000] {processor.py:183} INFO - Processing /home/airflow/.local/lib/python3.12/site-packages/airflow/example_dags/tutorial_taskflow_api.py took 0.181 seconds
[2026-05-16T11:14:11.890+0000] {processor.py:161} INFO - Started process (PID=84088) to work on /home/airflow/.local/lib/python3.12/site-packages/airflow/example_dags/tutorial_taskflow_api.py
[2026-05-16T11:14:11.893+0000] {processor.py:830} INFO - Processing file /home/airflow/.local/lib/python3.12/site-packages/airflow/example_dags/tutorial_taskflow_api.py for tasks to queue
[2026-05-16T11:14:11.897+0000] {logging_mixin.py:188} INFO - [2026-05-16T11:14:11.896+0000] {dagbag.py:545} INFO - Filling up the DagBag from /home/airflow/.local/lib/python3.12/site-packages/airflow/example_dags/tutorial_taskflow_api.py
[2026-05-16T11:14:11.908+0000] {processor.py:840} INFO - DAG(s) 'tutorial_taskflow_api' retrieved from /home/airflow/.local/lib/python3.12/site-packages/airflow/example_dags/tutorial_taskflow_api.py
[2026-05-16T11:14:11.944+0000] {logging_mixin.py:188} INFO - [2026-05-16T11:14:11.943+0000] {dag.py:3089} INFO - Sync 1 DAGs
[2026-05-16T11:14:11.966+0000] {logging_mixin.py:188} INFO - [2026-05-16T11:14:11.966+0000] {dag.py:3947} INFO - Setting next_dagrun for tutorial_taskflow_api to None, run_after=None
[2026-05-16T11:14:12.030+0000] {processor.py:183} INFO - Processing /home/airflow/.local/lib/python3.12/site-packages/airflow/example_dags/tutorial_taskflow_api.py took 0.149 seconds
[2026-05-16T11:14:42.453+0000] {processor.py:161} INFO - Started process (PID=84156) to work on /home/airflow/.local/lib/python3.12/site-packages/airflow/example_dags/tutorial_taskflow_api.py
[2026-05-16T11:14:42.455+0000] {processor.py:830} INFO - Processing file /home/airflow/.local/lib/python3.12/site-packages/airflow/example_dags/tutorial_taskflow_api.py for tasks to queue
[2026-05-16T11:14:42.460+0000] {logging_mixin.py:188} INFO - [2026-05-16T11:14:42.459+0000] {dagbag.py:545} INFO - Filling up the DagBag from /home/airflow/.local/lib/python3.12/site-packages/airflow/example_dags/tutorial_taskflow_api.py
[2026-05-16T11:14:42.474+0000] {processor.py:840} INFO - DAG(s) 'tutorial_taskflow_api' retrieved from /home/airflow/.local/lib/python3.12/site-packages/airflow/example_dags/tutorial_taskflow_api.py
[2026-05-16T11:14:42.511+0000] {logging_mixin.py:188} INFO - [2026-05-16T11:14:42.510+0000] {dag.py:3089} INFO - Sync 1 DAGs
[2026-05-16T11:14:42.530+0000] {logging_mixin.py:188} INFO - [2026-05-16T11:14:42.530+0000] {dag.py:3947} INFO - Setting next_dagrun for tutorial_taskflow_api to None, run_after=None
[2026-05-16T11:14:42.581+0000] {processor.py:183} INFO - Processing /home/airflow/.local/lib/python3.12/site-packages/airflow/example_dags/tutorial_taskflow_api.py took 0.138 seconds
[2026-05-16T11:15:12.813+0000] {processor.py:161} INFO - Started process (PID=84224) to work on /home/airflow/.local/lib/python3.12/site-packages/airflow/example_dags/tutorial_taskflow_api.py
[2026-05-16T11:15:12.815+0000] {processor.py:830} INFO - Processing file /home/airflow/.local/lib/python3.12/site-packages/airflow/example_dags/tutorial_taskflow_api.py for tasks to queue
[2026-05-16T11:15:12.818+0000] {logging_mixin.py:188} INFO - [2026-05-16T11:15:12.818+0000] {dagbag.py:545} INFO - Filling up the DagBag from /home/airflow/.local/lib/python3.12/site-packages/airflow/example_dags/tutorial_taskflow_api.py
[2026-05-16T11:15:12.829+0000] {processor.py:840} INFO - DAG(s) 'tutorial_taskflow_api' retrieved from /home/airflow/.local/lib/python3.12/site-packages/airflow/example_dags/tutorial_taskflow_api.py
[2026-05-16T11:15:12.866+0000] {logging_mixin.py:188} INFO - [2026-05-16T11:15:12.865+0000] {dag.py:3089} INFO - Sync 1 DAGs
[2026-05-16T11:15:12.893+0000] {logging_mixin.py:188} INFO - [2026-05-16T11:15:12.892+0000] {dag.py:3947} INFO - Setting next_dagrun for tutorial_taskflow_api to None, run_after=None
[2026-05-16T11:15:12.961+0000] {processor.py:183} INFO - Processing /home/airflow/.local/lib/python3.12/site-packages/airflow/example_dags/tutorial_taskflow_api.py took 0.160 seconds
[2026-05-16T11:15:43.801+0000] {processor.py:161} INFO - Started process (PID=84299) to work on /home/airflow/.local/lib/python3.12/site-packages/airflow/example_dags/tutorial_taskflow_api.py
[2026-05-16T11:15:43.804+0000] {processor.py:830} INFO - Processing file /home/airflow/.local/lib/python3.12/site-packages/airflow/example_dags/tutorial_taskflow_api.py for tasks to queue
[2026-05-16T11:15:43.810+0000] {logging_mixin.py:188} INFO - [2026-05-16T11:15:43.809+0000] {dagbag.py:545} INFO - Filling up the DagBag from /home/airflow/.local/lib/python3.12/site-packages/airflow/example_dags/tutorial_taskflow_api.py
[2026-05-16T11:15:43.826+0000] {processor.py:840} INFO - DAG(s) 'tutorial_taskflow_api' retrieved from /home/airflow/.local/lib/python3.12/site-packages/airflow/example_dags/tutorial_taskflow_api.py
[2026-05-16T11:15:43.870+0000] {logging_mixin.py:188} INFO - [2026-05-16T11:15:43.869+0000] {dag.py:3089} INFO - Sync 1 DAGs
[2026-05-16T11:15:43.897+0000] {logging_mixin.py:188} INFO - [2026-05-16T11:15:43.897+0000] {dag.py:3947} INFO - Setting next_dagrun for tutorial_taskflow_api to None, run_after=None
[2026-05-16T11:15:43.934+0000] {processor.py:183} INFO - Processing /home/airflow/.local/lib/python3.12/site-packages/airflow/example_dags/tutorial_taskflow_api.py took 0.144 seconds
[2026-05-16T11:16:14.158+0000] {processor.py:161} INFO - Started process (PID=84368) to work on /home/airflow/.local/lib/python3.12/site-packages/airflow/example_dags/tutorial_taskflow_api.py
[2026-05-16T11:16:14.160+0000] {processor.py:830} INFO - Processing file /home/airflow/.local/lib/python3.12/site-packages/airflow/example_dags/tutorial_taskflow_api.py for tasks to queue
[2026-05-16T11:16:14.164+0000] {logging_mixin.py:188} INFO - [2026-05-16T11:16:14.163+0000] {dagbag.py:545} INFO - Filling up the DagBag from /home/airflow/.local/lib/python3.12/site-packages/airflow/example_dags/tutorial_taskflow_api.py
[2026-05-16T11:16:14.175+0000] {processor.py:840} INFO - DAG(s) 'tutorial_taskflow_api' retrieved from /home/airflow/.local/lib/python3.12/site-packages/airflow/example_dags/tutorial_taskflow_api.py
[2026-05-16T11:16:14.209+0000] {logging_mixin.py:188} INFO - [2026-05-16T11:16:14.209+0000] {dag.py:3089} INFO - Sync 1 DAGs
[2026-05-16T11:16:14.232+0000] {logging_mixin.py:188} INFO - [2026-05-16T11:16:14.231+0000] {dag.py:3947} INFO - Setting next_dagrun for tutorial_taskflow_api to None, run_after=None
[2026-05-16T11:16:14.299+0000] {processor.py:183} INFO - Processing /home/airflow/.local/lib/python3.12/site-packages/airflow/example_dags/tutorial_taskflow_api.py took 0.152 seconds
[2026-05-16T11:16:45.062+0000] {processor.py:161} INFO - Started process (PID=84436) to work on /home/airflow/.local/lib/python3.12/site-packages/airflow/example_dags/tutorial_taskflow_api.py
[2026-05-16T11:16:45.064+0000] {processor.py:830} INFO - Processing file /home/airflow/.local/lib/python3.12/site-packages/airflow/example_dags/tutorial_taskflow_api.py for tasks to queue
[2026-05-16T11:16:45.069+0000] {logging_mixin.py:188} INFO - [2026-05-16T11:16:45.068+0000] {dagbag.py:545} INFO - Filling up the DagBag from /home/airflow/.local/lib/python3.12/site-packages/airflow/example_dags/tutorial_taskflow_api.py
[2026-05-16T11:16:45.085+0000] {processor.py:840} INFO - DAG(s) 'tutorial_taskflow_api' retrieved from /home/airflow/.local/lib/python3.12/site-packages/airflow/example_dags/tutorial_taskflow_api.py
[2026-05-16T11:16:45.138+0000] {logging_mixin.py:188} INFO - [2026-05-16T11:16:45.138+0000] {dag.py:3089} INFO - Sync 1 DAGs
[2026-05-16T11:16:45.164+0000] {logging_mixin.py:188} INFO - [2026-05-16T11:16:45.163+0000] {dag.py:3947} INFO - Setting next_dagrun for tutorial_taskflow_api to None, run_after=None
[2026-05-16T11:16:45.202+0000] {processor.py:183} INFO - Processing /home/airflow/.local/lib/python3.12/site-packages/airflow/example_dags/tutorial_taskflow_api.py took 0.154 seconds
[2026-05-16T11:17:16.020+0000] {processor.py:161} INFO - Started process (PID=84503) to work on /home/airflow/.local/lib/python3.12/site-packages/airflow/example_dags/tutorial_taskflow_api.py
[2026-05-16T11:17:16.022+0000] {processor.py:830} INFO - Processing file /home/airflow/.local/lib/python3.12/site-packages/airflow/example_dags/tutorial_taskflow_api.py for tasks to queue
[2026-05-16T11:17:16.026+0000] {logging_mixin.py:188} INFO - [2026-05-16T11:17:16.025+0000] {dagbag.py:545} INFO - Filling up the DagBag from /home/airflow/.local/lib/python3.12/site-packages/airflow/example_dags/tutorial_taskflow_api.py
[2026-05-16T11:17:16.040+0000] {processor.py:840} INFO - DAG(s) 'tutorial_taskflow_api' retrieved from /home/airflow/.local/lib/python3.12/site-packages/airflow/example_dags/tutorial_taskflow_api.py
[2026-05-16T11:17:16.076+0000] {logging_mixin.py:188} INFO - [2026-05-16T11:17:16.076+0000] {dag.py:3089} INFO - Sync 1 DAGs
[2026-05-16T11:17:16.098+0000] {logging_mixin.py:188} INFO - [2026-05-16T11:17:16.097+0000] {dag.py:3947} INFO - Setting next_dagrun for tutorial_taskflow_api to None, run_after=None
[2026-05-16T11:17:16.130+0000] {processor.py:183} INFO - Processing /home/airflow/.local/lib/python3.12/site-packages/airflow/example_dags/tutorial_taskflow_api.py took 0.122 seconds
[2026-05-16T11:17:46.339+0000] {processor.py:161} INFO - Started process (PID=84571) to work on /home/airflow/.local/lib/python3.12/site-packages/airflow/example_dags/tutorial_taskflow_api.py
[2026-05-16T11:17:46.345+0000] {processor.py:830} INFO - Processing file /home/airflow/.local/lib/python3.12/site-packages/airflow/example_dags/tutorial_taskflow_api.py for tasks to queue
[2026-05-16T11:17:46.353+0000] {logging_mixin.py:188} INFO - [2026-05-16T11:17:46.352+0000] {dagbag.py:545} INFO - Filling up the DagBag from /home/airflow/.local/lib/python3.12/site-packages/airflow/example_dags/tutorial_taskflow_api.py
[2026-05-16T11:17:46.384+0000] {processor.py:840} INFO - DAG(s) 'tutorial_taskflow_api' retrieved from /home/airflow/.local/lib/python3.12/site-packages/airflow/example_dags/tutorial_taskflow_api.py
[2026-05-16T11:17:46.472+0000] {logging_mixin.py:188} INFO - [2026-05-16T11:17:46.471+0000] {dag.py:3089} INFO - Sync 1 DAGs
[2026-05-16T11:17:46.515+0000] {logging_mixin.py:188} INFO - [2026-05-16T11:17:46.515+0000] {dag.py:3947} INFO - Setting next_dagrun for tutorial_taskflow_api to None, run_after=None
[2026-05-16T11:17:46.575+0000] {processor.py:183} INFO - Processing /home/airflow/.local/lib/python3.12/site-packages/airflow/example_dags/tutorial_taskflow_api.py took 0.265 seconds
[2026-05-16T11:18:17.115+0000] {processor.py:161} INFO - Started process (PID=84639) to work on /home/airflow/.local/lib/python3.12/site-packages/airflow/example_dags/tutorial_taskflow_api.py
[2026-05-16T11:18:17.119+0000] {processor.py:830} INFO - Processing file /home/airflow/.local/lib/python3.12/site-packages/airflow/example_dags/tutorial_taskflow_api.py for tasks to queue
[2026-05-16T11:18:17.124+0000] {logging_mixin.py:188} INFO - [2026-05-16T11:18:17.123+0000] {dagbag.py:545} INFO - Filling up the DagBag from /home/airflow/.local/lib/python3.12/site-packages/airflow/example_dags/tutorial_taskflow_api.py
[2026-05-16T11:18:17.137+0000] {processor.py:840} INFO - DAG(s) 'tutorial_taskflow_api' retrieved from /home/airflow/.local/lib/python3.12/site-packages/airflow/example_dags/tutorial_taskflow_api.py
[2026-05-16T11:18:17.181+0000] {logging_mixin.py:188} INFO - [2026-05-16T11:18:17.181+0000] {dag.py:3089} INFO - Sync 1 DAGs
[2026-05-16T11:18:17.207+0000] {logging_mixin.py:188} INFO - [2026-05-16T11:18:17.206+0000] {dag.py:3947} INFO - Setting next_dagrun for tutorial_taskflow_api to None, run_after=None
[2026-05-16T11:18:17.272+0000] {processor.py:183} INFO - Processing /home/airflow/.local/lib/python3.12/site-packages/airflow/example_dags/tutorial_taskflow_api.py took 0.169 seconds
[2026-05-16T11:18:47.547+0000] {processor.py:161} INFO - Started process (PID=84707) to work on /home/airflow/.local/lib/python3.12/site-packages/airflow/example_dags/tutorial_taskflow_api.py
[2026-05-16T11:18:47.549+0000] {processor.py:830} INFO - Processing file /home/airflow/.local/lib/python3.12/site-packages/airflow/example_dags/tutorial_taskflow_api.py for tasks to queue
[2026-05-16T11:18:47.552+0000] {logging_mixin.py:188} INFO - [2026-05-16T11:18:47.552+0000] {dagbag.py:545} INFO - Filling up the DagBag from /home/airflow/.local/lib/python3.12/site-packages/airflow/example_dags/tutorial_taskflow_api.py
[2026-05-16T11:18:47.565+0000] {processor.py:840} INFO - DAG(s) 'tutorial_taskflow_api' retrieved from /home/airflow/.local/lib/python3.12/site-packages/airflow/example_dags/tutorial_taskflow_api.py
[2026-05-16T11:18:47.607+0000] {logging_mixin.py:188} INFO - [2026-05-16T11:18:47.607+0000] {dag.py:3089} INFO - Sync 1 DAGs
[2026-05-16T11:18:47.629+0000] {logging_mixin.py:188} INFO - [2026-05-16T11:18:47.628+0000] {dag.py:3947} INFO - Setting next_dagrun for tutorial_taskflow_api to None, run_after=None
[2026-05-16T11:18:47.673+0000] {processor.py:183} INFO - Processing /home/airflow/.local/lib/python3.12/site-packages/airflow/example_dags/tutorial_taskflow_api.py took 0.139 seconds
[2026-05-16T11:19:18.081+0000] {processor.py:161} INFO - Started process (PID=84775) to work on /home/airflow/.local/lib/python3.12/site-packages/airflow/example_dags/tutorial_taskflow_api.py
[2026-05-16T11:19:18.084+0000] {processor.py:830} INFO - Processing file /home/airflow/.local/lib/python3.12/site-packages/airflow/example_dags/tutorial_taskflow_api.py for tasks to queue
[2026-05-16T11:19:18.090+0000] {logging_mixin.py:188} INFO - [2026-05-16T11:19:18.090+0000] {dagbag.py:545} INFO - Filling up the DagBag from /home/airflow/.local/lib/python3.12/site-packages/airflow/example_dags/tutorial_taskflow_api.py
[2026-05-16T11:19:18.107+0000] {processor.py:840} INFO - DAG(s) 'tutorial_taskflow_api' retrieved from /home/airflow/.local/lib/python3.12/site-packages/airflow/example_dags/tutorial_taskflow_api.py
[2026-05-16T11:19:18.147+0000] {logging_mixin.py:188} INFO - [2026-05-16T11:19:18.146+0000] {dag.py:3089} INFO - Sync 1 DAGs
[2026-05-16T11:19:18.188+0000] {logging_mixin.py:188} INFO - [2026-05-16T11:19:18.187+0000] {dag.py:3947} INFO - Setting next_dagrun for tutorial_taskflow_api to None, run_after=None
[2026-05-16T11:19:18.267+0000] {processor.py:183} INFO - Processing /home/airflow/.local/lib/python3.12/site-packages/airflow/example_dags/tutorial_taskflow_api.py took 0.199 seconds
[2026-05-16T11:19:48.797+0000] {processor.py:161} INFO - Started process (PID=84843) to work on /home/airflow/.local/lib/python3.12/site-packages/airflow/example_dags/tutorial_taskflow_api.py
[2026-05-16T11:19:48.799+0000] {processor.py:830} INFO - Processing file /home/airflow/.local/lib/python3.12/site-packages/airflow/example_dags/tutorial_taskflow_api.py for tasks to queue
[2026-05-16T11:19:48.804+0000] {logging_mixin.py:188} INFO - [2026-05-16T11:19:48.803+0000] {dagbag.py:545} INFO - Filling up the DagBag from /home/airflow/.local/lib/python3.12/site-packages/airflow/example_dags/tutorial_taskflow_api.py
[2026-05-16T11:19:48.820+0000] {processor.py:840} INFO - DAG(s) 'tutorial_taskflow_api' retrieved from /home/airflow/.local/lib/python3.12/site-packages/airflow/example_dags/tutorial_taskflow_api.py
[2026-05-16T11:19:48.876+0000] {logging_mixin.py:188} INFO - [2026-05-16T11:19:48.876+0000] {dag.py:3089} INFO - Sync 1 DAGs
[2026-05-16T11:19:48.912+0000] {logging_mixin.py:188} INFO - [2026-05-16T11:19:48.911+0000] {dag.py:3947} INFO - Setting next_dagrun for tutorial_taskflow_api to None, run_after=None
[2026-05-16T11:19:48.975+0000] {processor.py:183} INFO - Processing /home/airflow/.local/lib/python3.12/site-packages/airflow/example_dags/tutorial_taskflow_api.py took 0.192 seconds
[2026-05-16T11:20:19.096+0000] {processor.py:161} INFO - Started process (PID=84911) to work on /home/airflow/.local/lib/python3.12/site-packages/airflow/example_dags/tutorial_taskflow_api.py
[2026-05-16T11:20:19.098+0000] {processor.py:830} INFO - Processing file /home/airflow/.local/lib/python3.12/site-packages/airflow/example_dags/tutorial_taskflow_api.py for tasks to queue
[2026-05-16T11:20:19.101+0000] {logging_mixin.py:188} INFO - [2026-05-16T11:20:19.101+0000] {dagbag.py:545} INFO - Filling up the DagBag from /home/airflow/.local/lib/python3.12/site-packages/airflow/example_dags/tutorial_taskflow_api.py
[2026-05-16T11:20:19.116+0000] {processor.py:840} INFO - DAG(s) 'tutorial_taskflow_api' retrieved from /home/airflow/.local/lib/python3.12/site-packages/airflow/example_dags/tutorial_taskflow_api.py
[2026-05-16T11:20:19.156+0000] {logging_mixin.py:188} INFO - [2026-05-16T11:20:19.155+0000] {dag.py:3089} INFO - Sync 1 DAGs
[2026-05-16T11:20:19.181+0000] {logging_mixin.py:188} INFO - [2026-05-16T11:20:19.180+0000] {dag.py:3947} INFO - Setting next_dagrun for tutorial_taskflow_api to None, run_after=None
[2026-05-16T11:20:19.247+0000] {processor.py:183} INFO - Processing /home/airflow/.local/lib/python3.12/site-packages/airflow/example_dags/tutorial_taskflow_api.py took 0.163 seconds
[2026-05-16T11:20:49.569+0000] {processor.py:161} INFO - Started process (PID=84980) to work on /home/airflow/.local/lib/python3.12/site-packages/airflow/example_dags/tutorial_taskflow_api.py
[2026-05-16T11:20:49.572+0000] {processor.py:830} INFO - Processing file /home/airflow/.local/lib/python3.12/site-packages/airflow/example_dags/tutorial_taskflow_api.py for tasks to queue
[2026-05-16T11:20:49.576+0000] {logging_mixin.py:188} INFO - [2026-05-16T11:20:49.575+0000] {dagbag.py:545} INFO - Filling up the DagBag from /home/airflow/.local/lib/python3.12/site-packages/airflow/example_dags/tutorial_taskflow_api.py
[2026-05-16T11:20:49.587+0000] {processor.py:840} INFO - DAG(s) 'tutorial_taskflow_api' retrieved from /home/airflow/.local/lib/python3.12/site-packages/airflow/example_dags/tutorial_taskflow_api.py
[2026-05-16T11:20:49.621+0000] {logging_mixin.py:188} INFO - [2026-05-16T11:20:49.621+0000] {dag.py:3089} INFO - Sync 1 DAGs
[2026-05-16T11:20:49.642+0000] {logging_mixin.py:188} INFO - [2026-05-16T11:20:49.642+0000] {dag.py:3947} INFO - Setting next_dagrun for tutorial_taskflow_api to None, run_after=None
[2026-05-16T11:20:49.679+0000] {processor.py:183} INFO - Processing /home/airflow/.local/lib/python3.12/site-packages/airflow/example_dags/tutorial_taskflow_api.py took 0.119 seconds
[2026-05-16T11:21:19.865+0000] {processor.py:161} INFO - Started process (PID=85054) to work on /home/airflow/.local/lib/python3.12/site-packages/airflow/example_dags/tutorial_taskflow_api.py
[2026-05-16T11:21:19.867+0000] {processor.py:830} INFO - Processing file /home/airflow/.local/lib/python3.12/site-packages/airflow/example_dags/tutorial_taskflow_api.py for tasks to queue
[2026-05-16T11:21:19.870+0000] {logging_mixin.py:188} INFO - [2026-05-16T11:21:19.870+0000] {dagbag.py:545} INFO - Filling up the DagBag from /home/airflow/.local/lib/python3.12/site-packages/airflow/example_dags/tutorial_taskflow_api.py
[2026-05-16T11:21:19.881+0000] {processor.py:840} INFO - DAG(s) 'tutorial_taskflow_api' retrieved from /home/airflow/.local/lib/python3.12/site-packages/airflow/example_dags/tutorial_taskflow_api.py
[2026-05-16T11:21:19.923+0000] {logging_mixin.py:188} INFO - [2026-05-16T11:21:19.923+0000] {dag.py:3089} INFO - Sync 1 DAGs
[2026-05-16T11:21:19.945+0000] {logging_mixin.py:188} INFO - [2026-05-16T11:21:19.944+0000] {dag.py:3947} INFO - Setting next_dagrun for tutorial_taskflow_api to None, run_after=None
[2026-05-16T11:21:20.010+0000] {processor.py:183} INFO - Processing /home/airflow/.local/lib/python3.12/site-packages/airflow/example_dags/tutorial_taskflow_api.py took 0.159 seconds
[2026-05-16T11:21:51.218+0000] {processor.py:161} INFO - Started process (PID=85122) to work on /home/airflow/.local/lib/python3.12/site-packages/airflow/example_dags/tutorial_taskflow_api.py
[2026-05-16T11:21:51.220+0000] {processor.py:830} INFO - Processing file /home/airflow/.local/lib/python3.12/site-packages/airflow/example_dags/tutorial_taskflow_api.py for tasks to queue
[2026-05-16T11:21:51.225+0000] {logging_mixin.py:188} INFO - [2026-05-16T11:21:51.224+0000] {dagbag.py:545} INFO - Filling up the DagBag from /home/airflow/.local/lib/python3.12/site-packages/airflow/example_dags/tutorial_taskflow_api.py
[2026-05-16T11:21:51.236+0000] {processor.py:840} INFO - DAG(s) 'tutorial_taskflow_api' retrieved from /home/airflow/.local/lib/python3.12/site-packages/airflow/example_dags/tutorial_taskflow_api.py
[2026-05-16T11:21:51.278+0000] {logging_mixin.py:188} INFO - [2026-05-16T11:21:51.277+0000] {dag.py:3089} INFO - Sync 1 DAGs
[2026-05-16T11:21:51.302+0000] {logging_mixin.py:188} INFO - [2026-05-16T11:21:51.302+0000] {dag.py:3947} INFO - Setting next_dagrun for tutorial_taskflow_api to None, run_after=None
[2026-05-16T11:21:51.593+0000] {processor.py:183} INFO - Processing /home/airflow/.local/lib/python3.12/site-packages/airflow/example_dags/tutorial_taskflow_api.py took 0.386 seconds
[2026-05-16T11:22:21.861+0000] {processor.py:161} INFO - Started process (PID=85189) to work on /home/airflow/.local/lib/python3.12/site-packages/airflow/example_dags/tutorial_taskflow_api.py
[2026-05-16T11:22:21.864+0000] {processor.py:830} INFO - Processing file /home/airflow/.local/lib/python3.12/site-packages/airflow/example_dags/tutorial_taskflow_api.py for tasks to queue
[2026-05-16T11:22:21.869+0000] {logging_mixin.py:188} INFO - [2026-05-16T11:22:21.869+0000] {dagbag.py:545} INFO - Filling up the DagBag from /home/airflow/.local/lib/python3.12/site-packages/airflow/example_dags/tutorial_taskflow_api.py
[2026-05-16T11:22:21.883+0000] {processor.py:840} INFO - DAG(s) 'tutorial_taskflow_api' retrieved from /home/airflow/.local/lib/python3.12/site-packages/airflow/example_dags/tutorial_taskflow_api.py
[2026-05-16T11:22:21.926+0000] {logging_mixin.py:188} INFO - [2026-05-16T11:22:21.925+0000] {dag.py:3089} INFO - Sync 1 DAGs
[2026-05-16T11:22:21.949+0000] {logging_mixin.py:188} INFO - [2026-05-16T11:22:21.949+0000] {dag.py:3947} INFO - Setting next_dagrun for tutorial_taskflow_api to None, run_after=None
[2026-05-16T11:22:22.218+0000] {processor.py:183} INFO - Processing /home/airflow/.local/lib/python3.12/site-packages/airflow/example_dags/tutorial_taskflow_api.py took 0.372 seconds
[2026-05-16T11:22:52.697+0000] {processor.py:161} INFO - Started process (PID=85257) to work on /home/airflow/.local/lib/python3.12/site-packages/airflow/example_dags/tutorial_taskflow_api.py
[2026-05-16T11:22:52.700+0000] {processor.py:830} INFO - Processing file /home/airflow/.local/lib/python3.12/site-packages/airflow/example_dags/tutorial_taskflow_api.py for tasks to queue
[2026-05-16T11:22:52.705+0000] {logging_mixin.py:188} INFO - [2026-05-16T11:22:52.704+0000] {dagbag.py:545} INFO - Filling up the DagBag from /home/airflow/.local/lib/python3.12/site-packages/airflow/example_dags/tutorial_taskflow_api.py
[2026-05-16T11:22:52.721+0000] {processor.py:840} INFO - DAG(s) 'tutorial_taskflow_api' retrieved from /home/airflow/.local/lib/python3.12/site-packages/airflow/example_dags/tutorial_taskflow_api.py
[2026-05-16T11:22:52.767+0000] {logging_mixin.py:188} INFO - [2026-05-16T11:22:52.766+0000] {dag.py:3089} INFO - Sync 1 DAGs
[2026-05-16T11:22:52.795+0000] {logging_mixin.py:188} INFO - [2026-05-16T11:22:52.794+0000] {dag.py:3947} INFO - Setting next_dagrun for tutorial_taskflow_api to None, run_after=None
[2026-05-16T11:22:52.844+0000] {processor.py:183} INFO - Processing /home/airflow/.local/lib/python3.12/site-packages/airflow/example_dags/tutorial_taskflow_api.py took 0.167 seconds
[2026-05-16T11:23:23.634+0000] {processor.py:161} INFO - Started process (PID=85325) to work on /home/airflow/.local/lib/python3.12/site-packages/airflow/example_dags/tutorial_taskflow_api.py
[2026-05-16T11:23:23.636+0000] {processor.py:830} INFO - Processing file /home/airflow/.local/lib/python3.12/site-packages/airflow/example_dags/tutorial_taskflow_api.py for tasks to queue
[2026-05-16T11:23:23.641+0000] {logging_mixin.py:188} INFO - [2026-05-16T11:23:23.639+0000] {dagbag.py:545} INFO - Filling up the DagBag from /home/airflow/.local/lib/python3.12/site-packages/airflow/example_dags/tutorial_taskflow_api.py
[2026-05-16T11:23:23.654+0000] {processor.py:840} INFO - DAG(s) 'tutorial_taskflow_api' retrieved from /home/airflow/.local/lib/python3.12/site-packages/airflow/example_dags/tutorial_taskflow_api.py
[2026-05-16T11:23:23.701+0000] {logging_mixin.py:188} INFO - [2026-05-16T11:23:23.700+0000] {dag.py:3089} INFO - Sync 1 DAGs
[2026-05-16T11:23:23.731+0000] {logging_mixin.py:188} INFO - [2026-05-16T11:23:23.730+0000] {dag.py:3947} INFO - Setting next_dagrun for tutorial_taskflow_api to None, run_after=None
[2026-05-16T11:23:23.808+0000] {processor.py:183} INFO - Processing /home/airflow/.local/lib/python3.12/site-packages/airflow/example_dags/tutorial_taskflow_api.py took 0.183 seconds
[2026-05-16T11:23:54.300+0000] {processor.py:161} INFO - Started process (PID=85393) to work on /home/airflow/.local/lib/python3.12/site-packages/airflow/example_dags/tutorial_taskflow_api.py
[2026-05-16T11:23:54.303+0000] {processor.py:830} INFO - Processing file /home/airflow/.local/lib/python3.12/site-packages/airflow/example_dags/tutorial_taskflow_api.py for tasks to queue
[2026-05-16T11:23:54.311+0000] {logging_mixin.py:188} INFO - [2026-05-16T11:23:54.311+0000] {dagbag.py:545} INFO - Filling up the DagBag from /home/airflow/.local/lib/python3.12/site-packages/airflow/example_dags/tutorial_taskflow_api.py
[2026-05-16T11:23:54.324+0000] {processor.py:840} INFO - DAG(s) 'tutorial_taskflow_api' retrieved from /home/airflow/.local/lib/python3.12/site-packages/airflow/example_dags/tutorial_taskflow_api.py
[2026-05-16T11:23:54.358+0000] {logging_mixin.py:188} INFO - [2026-05-16T11:23:54.358+0000] {dag.py:3089} INFO - Sync 1 DAGs
[2026-05-16T11:23:54.383+0000] {logging_mixin.py:188} INFO - [2026-05-16T11:23:54.383+0000] {dag.py:3947} INFO - Setting next_dagrun for tutorial_taskflow_api to None, run_after=None
[2026-05-16T11:23:54.429+0000] {processor.py:183} INFO - Processing /home/airflow/.local/lib/python3.12/site-packages/airflow/example_dags/tutorial_taskflow_api.py took 0.139 seconds
[2026-05-16T11:24:25.249+0000] {processor.py:161} INFO - Started process (PID=85461) to work on /home/airflow/.local/lib/python3.12/site-packages/airflow/example_dags/tutorial_taskflow_api.py
[2026-05-16T11:24:25.251+0000] {processor.py:830} INFO - Processing file /home/airflow/.local/lib/python3.12/site-packages/airflow/example_dags/tutorial_taskflow_api.py for tasks to queue
[2026-05-16T11:24:25.255+0000] {logging_mixin.py:188} INFO - [2026-05-16T11:24:25.254+0000] {dagbag.py:545} INFO - Filling up the DagBag from /home/airflow/.local/lib/python3.12/site-packages/airflow/example_dags/tutorial_taskflow_api.py
[2026-05-16T11:24:25.267+0000] {processor.py:840} INFO - DAG(s) 'tutorial_taskflow_api' retrieved from /home/airflow/.local/lib/python3.12/site-packages/airflow/example_dags/tutorial_taskflow_api.py
[2026-05-16T11:24:25.303+0000] {logging_mixin.py:188} INFO - [2026-05-16T11:24:25.302+0000] {dag.py:3089} INFO - Sync 1 DAGs
[2026-05-16T11:24:25.325+0000] {logging_mixin.py:188} INFO - [2026-05-16T11:24:25.324+0000] {dag.py:3947} INFO - Setting next_dagrun for tutorial_taskflow_api to None, run_after=None
[2026-05-16T11:24:25.385+0000] {processor.py:183} INFO - Processing /home/airflow/.local/lib/python3.12/site-packages/airflow/example_dags/tutorial_taskflow_api.py took 0.147 seconds
[2026-05-16T11:24:56.242+0000] {processor.py:161} INFO - Started process (PID=85529) to work on /home/airflow/.local/lib/python3.12/site-packages/airflow/example_dags/tutorial_taskflow_api.py
[2026-05-16T11:24:56.244+0000] {processor.py:830} INFO - Processing file /home/airflow/.local/lib/python3.12/site-packages/airflow/example_dags/tutorial_taskflow_api.py for tasks to queue
[2026-05-16T11:24:56.248+0000] {logging_mixin.py:188} INFO - [2026-05-16T11:24:56.248+0000] {dagbag.py:545} INFO - Filling up the DagBag from /home/airflow/.local/lib/python3.12/site-packages/airflow/example_dags/tutorial_taskflow_api.py
[2026-05-16T11:24:56.262+0000] {processor.py:840} INFO - DAG(s) 'tutorial_taskflow_api' retrieved from /home/airflow/.local/lib/python3.12/site-packages/airflow/example_dags/tutorial_taskflow_api.py
[2026-05-16T11:24:56.307+0000] {logging_mixin.py:188} INFO - [2026-05-16T11:24:56.306+0000] {dag.py:3089} INFO - Sync 1 DAGs
[2026-05-16T11:24:56.333+0000] {logging_mixin.py:188} INFO - [2026-05-16T11:24:56.332+0000] {dag.py:3947} INFO - Setting next_dagrun for tutorial_taskflow_api to None, run_after=None
[2026-05-16T11:24:56.408+0000] {processor.py:183} INFO - Processing /home/airflow/.local/lib/python3.12/site-packages/airflow/example_dags/tutorial_taskflow_api.py took 0.178 seconds
[2026-05-16T11:25:26.495+0000] {processor.py:161} INFO - Started process (PID=85596) to work on /home/airflow/.local/lib/python3.12/site-packages/airflow/example_dags/tutorial_taskflow_api.py
[2026-05-16T11:25:26.497+0000] {processor.py:830} INFO - Processing file /home/airflow/.local/lib/python3.12/site-packages/airflow/example_dags/tutorial_taskflow_api.py for tasks to queue
[2026-05-16T11:25:26.502+0000] {logging_mixin.py:188} INFO - [2026-05-16T11:25:26.501+0000] {dagbag.py:545} INFO - Filling up the DagBag from /home/airflow/.local/lib/python3.12/site-packages/airflow/example_dags/tutorial_taskflow_api.py
[2026-05-16T11:25:26.515+0000] {processor.py:840} INFO - DAG(s) 'tutorial_taskflow_api' retrieved from /home/airflow/.local/lib/python3.12/site-packages/airflow/example_dags/tutorial_taskflow_api.py
[2026-05-16T11:25:26.554+0000] {logging_mixin.py:188} INFO - [2026-05-16T11:25:26.554+0000] {dag.py:3089} INFO - Sync 1 DAGs
[2026-05-16T11:25:26.579+0000] {logging_mixin.py:188} INFO - [2026-05-16T11:25:26.578+0000] {dag.py:3947} INFO - Setting next_dagrun for tutorial_taskflow_api to None, run_after=None
[2026-05-16T11:25:26.616+0000] {processor.py:183} INFO - Processing /home/airflow/.local/lib/python3.12/site-packages/airflow/example_dags/tutorial_taskflow_api.py took 0.133 seconds
[2026-05-16T11:25:56.972+0000] {processor.py:161} INFO - Started process (PID=85665) to work on /home/airflow/.local/lib/python3.12/site-packages/airflow/example_dags/tutorial_taskflow_api.py
[2026-05-16T11:25:56.975+0000] {processor.py:830} INFO - Processing file /home/airflow/.local/lib/python3.12/site-packages/airflow/example_dags/tutorial_taskflow_api.py for tasks to queue
[2026-05-16T11:25:56.979+0000] {logging_mixin.py:188} INFO - [2026-05-16T11:25:56.979+0000] {dagbag.py:545} INFO - Filling up the DagBag from /home/airflow/.local/lib/python3.12/site-packages/airflow/example_dags/tutorial_taskflow_api.py
[2026-05-16T11:25:56.991+0000] {processor.py:840} INFO - DAG(s) 'tutorial_taskflow_api' retrieved from /home/airflow/.local/lib/python3.12/site-packages/airflow/example_dags/tutorial_taskflow_api.py
[2026-05-16T11:25:57.027+0000] {logging_mixin.py:188} INFO - [2026-05-16T11:25:57.027+0000] {dag.py:3089} INFO - Sync 1 DAGs
[2026-05-16T11:25:57.055+0000] {logging_mixin.py:188} INFO - [2026-05-16T11:25:57.054+0000] {dag.py:3947} INFO - Setting next_dagrun for tutorial_taskflow_api to None, run_after=None
[2026-05-16T11:25:57.098+0000] {processor.py:183} INFO - Processing /home/airflow/.local/lib/python3.12/site-packages/airflow/example_dags/tutorial_taskflow_api.py took 0.139 seconds
[2026-05-16T11:26:28.176+0000] {processor.py:161} INFO - Started process (PID=85734) to work on /home/airflow/.local/lib/python3.12/site-packages/airflow/example_dags/tutorial_taskflow_api.py
[2026-05-16T11:26:28.178+0000] {processor.py:830} INFO - Processing file /home/airflow/.local/lib/python3.12/site-packages/airflow/example_dags/tutorial_taskflow_api.py for tasks to queue
[2026-05-16T11:26:28.181+0000] {logging_mixin.py:188} INFO - [2026-05-16T11:26:28.181+0000] {dagbag.py:545} INFO - Filling up the DagBag from /home/airflow/.local/lib/python3.12/site-packages/airflow/example_dags/tutorial_taskflow_api.py
[2026-05-16T11:26:28.197+0000] {processor.py:840} INFO - DAG(s) 'tutorial_taskflow_api' retrieved from /home/airflow/.local/lib/python3.12/site-packages/airflow/example_dags/tutorial_taskflow_api.py
[2026-05-16T11:26:28.236+0000] {logging_mixin.py:188} INFO - [2026-05-16T11:26:28.235+0000] {dag.py:3089} INFO - Sync 1 DAGs
[2026-05-16T11:26:28.257+0000] {logging_mixin.py:188} INFO - [2026-05-16T11:26:28.257+0000] {dag.py:3947} INFO - Setting next_dagrun for tutorial_taskflow_api to None, run_after=None
[2026-05-16T11:26:28.323+0000] {processor.py:183} INFO - Processing /home/airflow/.local/lib/python3.12/site-packages/airflow/example_dags/tutorial_taskflow_api.py took 0.158 seconds
[2026-05-16T11:26:59.127+0000] {processor.py:161} INFO - Started process (PID=85802) to work on /home/airflow/.local/lib/python3.12/site-packages/airflow/example_dags/tutorial_taskflow_api.py
[2026-05-16T11:26:59.130+0000] {processor.py:830} INFO - Processing file /home/airflow/.local/lib/python3.12/site-packages/airflow/example_dags/tutorial_taskflow_api.py for tasks to queue
[2026-05-16T11:26:59.135+0000] {logging_mixin.py:188} INFO - [2026-05-16T11:26:59.134+0000] {dagbag.py:545} INFO - Filling up the DagBag from /home/airflow/.local/lib/python3.12/site-packages/airflow/example_dags/tutorial_taskflow_api.py
[2026-05-16T11:26:59.154+0000] {processor.py:840} INFO - DAG(s) 'tutorial_taskflow_api' retrieved from /home/airflow/.local/lib/python3.12/site-packages/airflow/example_dags/tutorial_taskflow_api.py
[2026-05-16T11:26:59.203+0000] {logging_mixin.py:188} INFO - [2026-05-16T11:26:59.202+0000] {dag.py:3089} INFO - Sync 1 DAGs
[2026-05-16T11:26:59.232+0000] {logging_mixin.py:188} INFO - [2026-05-16T11:26:59.231+0000] {dag.py:3947} INFO - Setting next_dagrun for tutorial_taskflow_api to None, run_after=None
[2026-05-16T11:26:59.313+0000] {processor.py:183} INFO - Processing /home/airflow/.local/lib/python3.12/site-packages/airflow/example_dags/tutorial_taskflow_api.py took 0.199 seconds
[2026-05-16T11:27:29.925+0000] {processor.py:161} INFO - Started process (PID=85877) to work on /home/airflow/.local/lib/python3.12/site-packages/airflow/example_dags/tutorial_taskflow_api.py
[2026-05-16T11:27:29.927+0000] {processor.py:830} INFO - Processing file /home/airflow/.local/lib/python3.12/site-packages/airflow/example_dags/tutorial_taskflow_api.py for tasks to queue
[2026-05-16T11:27:29.931+0000] {logging_mixin.py:188} INFO - [2026-05-16T11:27:29.930+0000] {dagbag.py:545} INFO - Filling up the DagBag from /home/airflow/.local/lib/python3.12/site-packages/airflow/example_dags/tutorial_taskflow_api.py
[2026-05-16T11:27:29.942+0000] {processor.py:840} INFO - DAG(s) 'tutorial_taskflow_api' retrieved from /home/airflow/.local/lib/python3.12/site-packages/airflow/example_dags/tutorial_taskflow_api.py
[2026-05-16T11:27:29.978+0000] {logging_mixin.py:188} INFO - [2026-05-16T11:27:29.978+0000] {dag.py:3089} INFO - Sync 1 DAGs
[2026-05-16T11:27:29.998+0000] {logging_mixin.py:188} INFO - [2026-05-16T11:27:29.997+0000] {dag.py:3947} INFO - Setting next_dagrun for tutorial_taskflow_api to None, run_after=None
[2026-05-16T11:27:30.061+0000] {processor.py:183} INFO - Processing /home/airflow/.local/lib/python3.12/site-packages/airflow/example_dags/tutorial_taskflow_api.py took 0.146 seconds
[2026-05-16T11:28:00.498+0000] {processor.py:161} INFO - Started process (PID=85945) to work on /home/airflow/.local/lib/python3.12/site-packages/airflow/example_dags/tutorial_taskflow_api.py
[2026-05-16T11:28:00.500+0000] {processor.py:830} INFO - Processing file /home/airflow/.local/lib/python3.12/site-packages/airflow/example_dags/tutorial_taskflow_api.py for tasks to queue
[2026-05-16T11:28:00.504+0000] {logging_mixin.py:188} INFO - [2026-05-16T11:28:00.503+0000] {dagbag.py:545} INFO - Filling up the DagBag from /home/airflow/.local/lib/python3.12/site-packages/airflow/example_dags/tutorial_taskflow_api.py
[2026-05-16T11:28:00.514+0000] {processor.py:840} INFO - DAG(s) 'tutorial_taskflow_api' retrieved from /home/airflow/.local/lib/python3.12/site-packages/airflow/example_dags/tutorial_taskflow_api.py
[2026-05-16T11:28:00.551+0000] {logging_mixin.py:188} INFO - [2026-05-16T11:28:00.550+0000] {dag.py:3089} INFO - Sync 1 DAGs
[2026-05-16T11:28:00.570+0000] {logging_mixin.py:188} INFO - [2026-05-16T11:28:00.570+0000] {dag.py:3947} INFO - Setting next_dagrun for tutorial_taskflow_api to None, run_after=None
[2026-05-16T11:28:00.630+0000] {processor.py:183} INFO - Processing /home/airflow/.local/lib/python3.12/site-packages/airflow/example_dags/tutorial_taskflow_api.py took 0.141 seconds
[2026-05-16T11:28:31.548+0000] {processor.py:161} INFO - Started process (PID=86010) to work on /home/airflow/.local/lib/python3.12/site-packages/airflow/example_dags/tutorial_taskflow_api.py
[2026-05-16T11:28:31.550+0000] {processor.py:830} INFO - Processing file /home/airflow/.local/lib/python3.12/site-packages/airflow/example_dags/tutorial_taskflow_api.py for tasks to queue
[2026-05-16T11:28:31.555+0000] {logging_mixin.py:188} INFO - [2026-05-16T11:28:31.554+0000] {dagbag.py:545} INFO - Filling up the DagBag from /home/airflow/.local/lib/python3.12/site-packages/airflow/example_dags/tutorial_taskflow_api.py
[2026-05-16T11:28:31.574+0000] {processor.py:840} INFO - DAG(s) 'tutorial_taskflow_api' retrieved from /home/airflow/.local/lib/python3.12/site-packages/airflow/example_dags/tutorial_taskflow_api.py
[2026-05-16T11:28:31.624+0000] {logging_mixin.py:188} INFO - [2026-05-16T11:28:31.624+0000] {dag.py:3089} INFO - Sync 1 DAGs
[2026-05-16T11:28:31.654+0000] {logging_mixin.py:188} INFO - [2026-05-16T11:28:31.653+0000] {dag.py:3947} INFO - Setting next_dagrun for tutorial_taskflow_api to None, run_after=None
[2026-05-16T11:28:31.697+0000] {processor.py:183} INFO - Processing /home/airflow/.local/lib/python3.12/site-packages/airflow/example_dags/tutorial_taskflow_api.py took 0.159 seconds
[2026-05-16T11:29:02.184+0000] {processor.py:161} INFO - Started process (PID=86078) to work on /home/airflow/.local/lib/python3.12/site-packages/airflow/example_dags/tutorial_taskflow_api.py
[2026-05-16T11:29:02.198+0000] {processor.py:830} INFO - Processing file /home/airflow/.local/lib/python3.12/site-packages/airflow/example_dags/tutorial_taskflow_api.py for tasks to queue
[2026-05-16T11:29:02.206+0000] {logging_mixin.py:188} INFO - [2026-05-16T11:29:02.206+0000] {dagbag.py:545} INFO - Filling up the DagBag from /home/airflow/.local/lib/python3.12/site-packages/airflow/example_dags/tutorial_taskflow_api.py
[2026-05-16T11:29:02.221+0000] {processor.py:840} INFO - DAG(s) 'tutorial_taskflow_api' retrieved from /home/airflow/.local/lib/python3.12/site-packages/airflow/example_dags/tutorial_taskflow_api.py
[2026-05-16T11:29:02.263+0000] {logging_mixin.py:188} INFO - [2026-05-16T11:29:02.262+0000] {dag.py:3089} INFO - Sync 1 DAGs
[2026-05-16T11:29:02.296+0000] {logging_mixin.py:188} INFO - [2026-05-16T11:29:02.295+0000] {dag.py:3947} INFO - Setting next_dagrun for tutorial_taskflow_api to None, run_after=None
[2026-05-16T11:29:02.364+0000] {processor.py:183} INFO - Processing /home/airflow/.local/lib/python3.12/site-packages/airflow/example_dags/tutorial_taskflow_api.py took 0.192 seconds
[2026-05-16T11:29:32.707+0000] {processor.py:161} INFO - Started process (PID=86145) to work on /home/airflow/.local/lib/python3.12/site-packages/airflow/example_dags/tutorial_taskflow_api.py
[2026-05-16T11:29:32.708+0000] {processor.py:830} INFO - Processing file /home/airflow/.local/lib/python3.12/site-packages/airflow/example_dags/tutorial_taskflow_api.py for tasks to queue
[2026-05-16T11:29:32.712+0000] {logging_mixin.py:188} INFO - [2026-05-16T11:29:32.712+0000] {dagbag.py:545} INFO - Filling up the DagBag from /home/airflow/.local/lib/python3.12/site-packages/airflow/example_dags/tutorial_taskflow_api.py
[2026-05-16T11:29:32.727+0000] {processor.py:840} INFO - DAG(s) 'tutorial_taskflow_api' retrieved from /home/airflow/.local/lib/python3.12/site-packages/airflow/example_dags/tutorial_taskflow_api.py
[2026-05-16T11:29:32.778+0000] {logging_mixin.py:188} INFO - [2026-05-16T11:29:32.777+0000] {dag.py:3089} INFO - Sync 1 DAGs
[2026-05-16T11:29:32.801+0000] {logging_mixin.py:188} INFO - [2026-05-16T11:29:32.800+0000] {dag.py:3947} INFO - Setting next_dagrun for tutorial_taskflow_api to None, run_after=None
[2026-05-16T11:29:32.839+0000] {processor.py:183} INFO - Processing /home/airflow/.local/lib/python3.12/site-packages/airflow/example_dags/tutorial_taskflow_api.py took 0.150 seconds
[2026-05-16T11:30:03.190+0000] {processor.py:161} INFO - Started process (PID=86213) to work on /home/airflow/.local/lib/python3.12/site-packages/airflow/example_dags/tutorial_taskflow_api.py
[2026-05-16T11:30:03.192+0000] {processor.py:830} INFO - Processing file /home/airflow/.local/lib/python3.12/site-packages/airflow/example_dags/tutorial_taskflow_api.py for tasks to queue
[2026-05-16T11:30:03.198+0000] {logging_mixin.py:188} INFO - [2026-05-16T11:30:03.197+0000] {dagbag.py:545} INFO - Filling up the DagBag from /home/airflow/.local/lib/python3.12/site-packages/airflow/example_dags/tutorial_taskflow_api.py
[2026-05-16T11:30:03.213+0000] {processor.py:840} INFO - DAG(s) 'tutorial_taskflow_api' retrieved from /home/airflow/.local/lib/python3.12/site-packages/airflow/example_dags/tutorial_taskflow_api.py
[2026-05-16T11:30:03.264+0000] {logging_mixin.py:188} INFO - [2026-05-16T11:30:03.263+0000] {dag.py:3089} INFO - Sync 1 DAGs
[2026-05-16T11:30:03.295+0000] {logging_mixin.py:188} INFO - [2026-05-16T11:30:03.295+0000] {dag.py:3947} INFO - Setting next_dagrun for tutorial_taskflow_api to None, run_after=None
[2026-05-16T11:30:03.373+0000] {processor.py:183} INFO - Processing /home/airflow/.local/lib/python3.12/site-packages/airflow/example_dags/tutorial_taskflow_api.py took 0.194 seconds
[2026-05-16T11:30:33.956+0000] {processor.py:161} INFO - Started process (PID=86281) to work on /home/airflow/.local/lib/python3.12/site-packages/airflow/example_dags/tutorial_taskflow_api.py
[2026-05-16T11:30:33.959+0000] {processor.py:830} INFO - Processing file /home/airflow/.local/lib/python3.12/site-packages/airflow/example_dags/tutorial_taskflow_api.py for tasks to queue
[2026-05-16T11:30:33.965+0000] {logging_mixin.py:188} INFO - [2026-05-16T11:30:33.964+0000] {dagbag.py:545} INFO - Filling up the DagBag from /home/airflow/.local/lib/python3.12/site-packages/airflow/example_dags/tutorial_taskflow_api.py
[2026-05-16T11:30:33.983+0000] {processor.py:840} INFO - DAG(s) 'tutorial_taskflow_api' retrieved from /home/airflow/.local/lib/python3.12/site-packages/airflow/example_dags/tutorial_taskflow_api.py
[2026-05-16T11:30:34.032+0000] {logging_mixin.py:188} INFO - [2026-05-16T11:30:34.031+0000] {dag.py:3089} INFO - Sync 1 DAGs
[2026-05-16T11:30:34.067+0000] {logging_mixin.py:188} INFO - [2026-05-16T11:30:34.066+0000] {dag.py:3947} INFO - Setting next_dagrun for tutorial_taskflow_api to None, run_after=None
[2026-05-16T11:30:34.141+0000] {processor.py:183} INFO - Processing /home/airflow/.local/lib/python3.12/site-packages/airflow/example_dags/tutorial_taskflow_api.py took 0.204 seconds
[2026-05-16T11:31:04.577+0000] {processor.py:161} INFO - Started process (PID=86349) to work on /home/airflow/.local/lib/python3.12/site-packages/airflow/example_dags/tutorial_taskflow_api.py
[2026-05-16T11:31:04.579+0000] {processor.py:830} INFO - Processing file /home/airflow/.local/lib/python3.12/site-packages/airflow/example_dags/tutorial_taskflow_api.py for tasks to queue
[2026-05-16T11:31:04.582+0000] {logging_mixin.py:188} INFO - [2026-05-16T11:31:04.582+0000] {dagbag.py:545} INFO - Filling up the DagBag from /home/airflow/.local/lib/python3.12/site-packages/airflow/example_dags/tutorial_taskflow_api.py
[2026-05-16T11:31:04.594+0000] {processor.py:840} INFO - DAG(s) 'tutorial_taskflow_api' retrieved from /home/airflow/.local/lib/python3.12/site-packages/airflow/example_dags/tutorial_taskflow_api.py
[2026-05-16T11:31:04.632+0000] {logging_mixin.py:188} INFO - [2026-05-16T11:31:04.631+0000] {dag.py:3089} INFO - Sync 1 DAGs
[2026-05-16T11:31:04.654+0000] {logging_mixin.py:188} INFO - [2026-05-16T11:31:04.653+0000] {dag.py:3947} INFO - Setting next_dagrun for tutorial_taskflow_api to None, run_after=None
[2026-05-16T11:31:04.693+0000] {processor.py:183} INFO - Processing /home/airflow/.local/lib/python3.12/site-packages/airflow/example_dags/tutorial_taskflow_api.py took 0.129 seconds
[2026-05-16T11:31:35.149+0000] {processor.py:161} INFO - Started process (PID=86417) to work on /home/airflow/.local/lib/python3.12/site-packages/airflow/example_dags/tutorial_taskflow_api.py
[2026-05-16T11:31:35.152+0000] {processor.py:830} INFO - Processing file /home/airflow/.local/lib/python3.12/site-packages/airflow/example_dags/tutorial_taskflow_api.py for tasks to queue
[2026-05-16T11:31:35.157+0000] {logging_mixin.py:188} INFO - [2026-05-16T11:31:35.156+0000] {dagbag.py:545} INFO - Filling up the DagBag from /home/airflow/.local/lib/python3.12/site-packages/airflow/example_dags/tutorial_taskflow_api.py
[2026-05-16T11:31:35.167+0000] {processor.py:840} INFO - DAG(s) 'tutorial_taskflow_api' retrieved from /home/airflow/.local/lib/python3.12/site-packages/airflow/example_dags/tutorial_taskflow_api.py
[2026-05-16T11:31:35.201+0000] {logging_mixin.py:188} INFO - [2026-05-16T11:31:35.201+0000] {dag.py:3089} INFO - Sync 1 DAGs
[2026-05-16T11:31:35.225+0000] {logging_mixin.py:188} INFO - [2026-05-16T11:31:35.224+0000] {dag.py:3947} INFO - Setting next_dagrun for tutorial_taskflow_api to None, run_after=None
[2026-05-16T11:31:35.271+0000] {processor.py:183} INFO - Processing /home/airflow/.local/lib/python3.12/site-packages/airflow/example_dags/tutorial_taskflow_api.py took 0.132 seconds
[2026-05-16T11:32:06.139+0000] {processor.py:161} INFO - Started process (PID=86486) to work on /home/airflow/.local/lib/python3.12/site-packages/airflow/example_dags/tutorial_taskflow_api.py
[2026-05-16T11:32:06.148+0000] {processor.py:830} INFO - Processing file /home/airflow/.local/lib/python3.12/site-packages/airflow/example_dags/tutorial_taskflow_api.py for tasks to queue
[2026-05-16T11:32:06.169+0000] {logging_mixin.py:188} INFO - [2026-05-16T11:32:06.168+0000] {dagbag.py:545} INFO - Filling up the DagBag from /home/airflow/.local/lib/python3.12/site-packages/airflow/example_dags/tutorial_taskflow_api.py
[2026-05-16T11:32:06.181+0000] {processor.py:840} INFO - DAG(s) 'tutorial_taskflow_api' retrieved from /home/airflow/.local/lib/python3.12/site-packages/airflow/example_dags/tutorial_taskflow_api.py
[2026-05-16T11:32:06.219+0000] {logging_mixin.py:188} INFO - [2026-05-16T11:32:06.218+0000] {dag.py:3089} INFO - Sync 1 DAGs
[2026-05-16T11:32:06.244+0000] {logging_mixin.py:188} INFO - [2026-05-16T11:32:06.243+0000] {dag.py:3947} INFO - Setting next_dagrun for tutorial_taskflow_api to None, run_after=None
[2026-05-16T11:32:06.314+0000] {processor.py:183} INFO - Processing /home/airflow/.local/lib/python3.12/site-packages/airflow/example_dags/tutorial_taskflow_api.py took 0.184 seconds
[2026-05-16T11:32:36.425+0000] {processor.py:161} INFO - Started process (PID=86554) to work on /home/airflow/.local/lib/python3.12/site-packages/airflow/example_dags/tutorial_taskflow_api.py
[2026-05-16T11:32:36.427+0000] {processor.py:830} INFO - Processing file /home/airflow/.local/lib/python3.12/site-packages/airflow/example_dags/tutorial_taskflow_api.py for tasks to queue
[2026-05-16T11:32:36.431+0000] {logging_mixin.py:188} INFO - [2026-05-16T11:32:36.430+0000] {dagbag.py:545} INFO - Filling up the DagBag from /home/airflow/.local/lib/python3.12/site-packages/airflow/example_dags/tutorial_taskflow_api.py
[2026-05-16T11:32:36.442+0000] {processor.py:840} INFO - DAG(s) 'tutorial_taskflow_api' retrieved from /home/airflow/.local/lib/python3.12/site-packages/airflow/example_dags/tutorial_taskflow_api.py
[2026-05-16T11:32:36.479+0000] {logging_mixin.py:188} INFO - [2026-05-16T11:32:36.478+0000] {dag.py:3089} INFO - Sync 1 DAGs
[2026-05-16T11:32:36.509+0000] {logging_mixin.py:188} INFO - [2026-05-16T11:32:36.508+0000] {dag.py:3947} INFO - Setting next_dagrun for tutorial_taskflow_api to None, run_after=None
[2026-05-16T11:32:36.571+0000] {processor.py:183} INFO - Processing /home/airflow/.local/lib/python3.12/site-packages/airflow/example_dags/tutorial_taskflow_api.py took 0.156 seconds
[2026-05-16T11:33:06.953+0000] {processor.py:161} INFO - Started process (PID=86629) to work on /home/airflow/.local/lib/python3.12/site-packages/airflow/example_dags/tutorial_taskflow_api.py
[2026-05-16T11:33:06.955+0000] {processor.py:830} INFO - Processing file /home/airflow/.local/lib/python3.12/site-packages/airflow/example_dags/tutorial_taskflow_api.py for tasks to queue
[2026-05-16T11:33:06.959+0000] {logging_mixin.py:188} INFO - [2026-05-16T11:33:06.959+0000] {dagbag.py:545} INFO - Filling up the DagBag from /home/airflow/.local/lib/python3.12/site-packages/airflow/example_dags/tutorial_taskflow_api.py
[2026-05-16T11:33:06.974+0000] {processor.py:840} INFO - DAG(s) 'tutorial_taskflow_api' retrieved from /home/airflow/.local/lib/python3.12/site-packages/airflow/example_dags/tutorial_taskflow_api.py
[2026-05-16T11:33:07.016+0000] {logging_mixin.py:188} INFO - [2026-05-16T11:33:07.015+0000] {dag.py:3089} INFO - Sync 1 DAGs
[2026-05-16T11:33:07.042+0000] {logging_mixin.py:188} INFO - [2026-05-16T11:33:07.041+0000] {dag.py:3947} INFO - Setting next_dagrun for tutorial_taskflow_api to None, run_after=None
[2026-05-16T11:33:07.096+0000] {processor.py:183} INFO - Processing /home/airflow/.local/lib/python3.12/site-packages/airflow/example_dags/tutorial_taskflow_api.py took 0.159 seconds
[2026-05-16T11:33:37.465+0000] {processor.py:161} INFO - Started process (PID=86697) to work on /home/airflow/.local/lib/python3.12/site-packages/airflow/example_dags/tutorial_taskflow_api.py
[2026-05-16T11:33:37.467+0000] {processor.py:830} INFO - Processing file /home/airflow/.local/lib/python3.12/site-packages/airflow/example_dags/tutorial_taskflow_api.py for tasks to queue
[2026-05-16T11:33:37.471+0000] {logging_mixin.py:188} INFO - [2026-05-16T11:33:37.470+0000] {dagbag.py:545} INFO - Filling up the DagBag from /home/airflow/.local/lib/python3.12/site-packages/airflow/example_dags/tutorial_taskflow_api.py
[2026-05-16T11:33:37.486+0000] {processor.py:840} INFO - DAG(s) 'tutorial_taskflow_api' retrieved from /home/airflow/.local/lib/python3.12/site-packages/airflow/example_dags/tutorial_taskflow_api.py
[2026-05-16T11:33:37.520+0000] {logging_mixin.py:188} INFO - [2026-05-16T11:33:37.520+0000] {dag.py:3089} INFO - Sync 1 DAGs
[2026-05-16T11:33:37.544+0000] {logging_mixin.py:188} INFO - [2026-05-16T11:33:37.544+0000] {dag.py:3947} INFO - Setting next_dagrun for tutorial_taskflow_api to None, run_after=None
[2026-05-16T11:33:37.586+0000] {processor.py:183} INFO - Processing /home/airflow/.local/lib/python3.12/site-packages/airflow/example_dags/tutorial_taskflow_api.py took 0.130 seconds
[2026-05-16T11:34:08.124+0000] {processor.py:161} INFO - Started process (PID=86765) to work on /home/airflow/.local/lib/python3.12/site-packages/airflow/example_dags/tutorial_taskflow_api.py
[2026-05-16T11:34:08.126+0000] {processor.py:830} INFO - Processing file /home/airflow/.local/lib/python3.12/site-packages/airflow/example_dags/tutorial_taskflow_api.py for tasks to queue
[2026-05-16T11:34:08.131+0000] {logging_mixin.py:188} INFO - [2026-05-16T11:34:08.130+0000] {dagbag.py:545} INFO - Filling up the DagBag from /home/airflow/.local/lib/python3.12/site-packages/airflow/example_dags/tutorial_taskflow_api.py
[2026-05-16T11:34:08.146+0000] {processor.py:840} INFO - DAG(s) 'tutorial_taskflow_api' retrieved from /home/airflow/.local/lib/python3.12/site-packages/airflow/example_dags/tutorial_taskflow_api.py
[2026-05-16T11:34:08.188+0000] {logging_mixin.py:188} INFO - [2026-05-16T11:34:08.187+0000] {dag.py:3089} INFO - Sync 1 DAGs
[2026-05-16T11:34:08.214+0000] {logging_mixin.py:188} INFO - [2026-05-16T11:34:08.214+0000] {dag.py:3947} INFO - Setting next_dagrun for tutorial_taskflow_api to None, run_after=None
[2026-05-16T11:34:08.275+0000] {processor.py:183} INFO - Processing /home/airflow/.local/lib/python3.12/site-packages/airflow/example_dags/tutorial_taskflow_api.py took 0.163 seconds
[2026-05-16T11:34:38.701+0000] {processor.py:161} INFO - Started process (PID=86833) to work on /home/airflow/.local/lib/python3.12/site-packages/airflow/example_dags/tutorial_taskflow_api.py
[2026-05-16T11:34:38.703+0000] {processor.py:830} INFO - Processing file /home/airflow/.local/lib/python3.12/site-packages/airflow/example_dags/tutorial_taskflow_api.py for tasks to queue
[2026-05-16T11:34:38.708+0000] {logging_mixin.py:188} INFO - [2026-05-16T11:34:38.707+0000] {dagbag.py:545} INFO - Filling up the DagBag from /home/airflow/.local/lib/python3.12/site-packages/airflow/example_dags/tutorial_taskflow_api.py
[2026-05-16T11:34:38.721+0000] {processor.py:840} INFO - DAG(s) 'tutorial_taskflow_api' retrieved from /home/airflow/.local/lib/python3.12/site-packages/airflow/example_dags/tutorial_taskflow_api.py
[2026-05-16T11:34:38.756+0000] {logging_mixin.py:188} INFO - [2026-05-16T11:34:38.756+0000] {dag.py:3089} INFO - Sync 1 DAGs
[2026-05-16T11:34:38.779+0000] {logging_mixin.py:188} INFO - [2026-05-16T11:34:38.779+0000] {dag.py:3947} INFO - Setting next_dagrun for tutorial_taskflow_api to None, run_after=None
[2026-05-16T11:34:38.837+0000] {processor.py:183} INFO - Processing /home/airflow/.local/lib/python3.12/site-packages/airflow/example_dags/tutorial_taskflow_api.py took 0.145 seconds
[2026-05-16T11:35:09.483+0000] {processor.py:161} INFO - Started process (PID=86901) to work on /home/airflow/.local/lib/python3.12/site-packages/airflow/example_dags/tutorial_taskflow_api.py
[2026-05-16T11:35:09.485+0000] {processor.py:830} INFO - Processing file /home/airflow/.local/lib/python3.12/site-packages/airflow/example_dags/tutorial_taskflow_api.py for tasks to queue
[2026-05-16T11:35:09.490+0000] {logging_mixin.py:188} INFO - [2026-05-16T11:35:09.490+0000] {dagbag.py:545} INFO - Filling up the DagBag from /home/airflow/.local/lib/python3.12/site-packages/airflow/example_dags/tutorial_taskflow_api.py
[2026-05-16T11:35:09.507+0000] {processor.py:840} INFO - DAG(s) 'tutorial_taskflow_api' retrieved from /home/airflow/.local/lib/python3.12/site-packages/airflow/example_dags/tutorial_taskflow_api.py
[2026-05-16T11:35:09.555+0000] {logging_mixin.py:188} INFO - [2026-05-16T11:35:09.555+0000] {dag.py:3089} INFO - Sync 1 DAGs
[2026-05-16T11:35:09.589+0000] {logging_mixin.py:188} INFO - [2026-05-16T11:35:09.589+0000] {dag.py:3947} INFO - Setting next_dagrun for tutorial_taskflow_api to None, run_after=None
[2026-05-16T11:35:09.643+0000] {processor.py:183} INFO - Processing /home/airflow/.local/lib/python3.12/site-packages/airflow/example_dags/tutorial_taskflow_api.py took 0.171 seconds
[2026-05-16T11:35:39.907+0000] {processor.py:161} INFO - Started process (PID=86969) to work on /home/airflow/.local/lib/python3.12/site-packages/airflow/example_dags/tutorial_taskflow_api.py
[2026-05-16T11:35:39.909+0000] {processor.py:830} INFO - Processing file /home/airflow/.local/lib/python3.12/site-packages/airflow/example_dags/tutorial_taskflow_api.py for tasks to queue
[2026-05-16T11:35:39.913+0000] {logging_mixin.py:188} INFO - [2026-05-16T11:35:39.913+0000] {dagbag.py:545} INFO - Filling up the DagBag from /home/airflow/.local/lib/python3.12/site-packages/airflow/example_dags/tutorial_taskflow_api.py
[2026-05-16T11:35:39.926+0000] {processor.py:840} INFO - DAG(s) 'tutorial_taskflow_api' retrieved from /home/airflow/.local/lib/python3.12/site-packages/airflow/example_dags/tutorial_taskflow_api.py
[2026-05-16T11:35:39.967+0000] {logging_mixin.py:188} INFO - [2026-05-16T11:35:39.966+0000] {dag.py:3089} INFO - Sync 1 DAGs
[2026-05-16T11:35:39.989+0000] {logging_mixin.py:188} INFO - [2026-05-16T11:35:39.988+0000] {dag.py:3947} INFO - Setting next_dagrun for tutorial_taskflow_api to None, run_after=None
[2026-05-16T11:35:40.068+0000] {processor.py:183} INFO - Processing /home/airflow/.local/lib/python3.12/site-packages/airflow/example_dags/tutorial_taskflow_api.py took 0.173 seconds
[2026-05-16T11:36:10.563+0000] {processor.py:161} INFO - Started process (PID=87038) to work on /home/airflow/.local/lib/python3.12/site-packages/airflow/example_dags/tutorial_taskflow_api.py
[2026-05-16T11:36:10.565+0000] {processor.py:830} INFO - Processing file /home/airflow/.local/lib/python3.12/site-packages/airflow/example_dags/tutorial_taskflow_api.py for tasks to queue
[2026-05-16T11:36:10.570+0000] {logging_mixin.py:188} INFO - [2026-05-16T11:36:10.569+0000] {dagbag.py:545} INFO - Filling up the DagBag from /home/airflow/.local/lib/python3.12/site-packages/airflow/example_dags/tutorial_taskflow_api.py
[2026-05-16T11:36:10.584+0000] {processor.py:840} INFO - DAG(s) 'tutorial_taskflow_api' retrieved from /home/airflow/.local/lib/python3.12/site-packages/airflow/example_dags/tutorial_taskflow_api.py
[2026-05-16T11:36:10.645+0000] {logging_mixin.py:188} INFO - [2026-05-16T11:36:10.645+0000] {dag.py:3089} INFO - Sync 1 DAGs
[2026-05-16T11:36:10.674+0000] {logging_mixin.py:188} INFO - [2026-05-16T11:36:10.674+0000] {dag.py:3947} INFO - Setting next_dagrun for tutorial_taskflow_api to None, run_after=None
[2026-05-16T11:36:10.719+0000] {processor.py:183} INFO - Processing /home/airflow/.local/lib/python3.12/site-packages/airflow/example_dags/tutorial_taskflow_api.py took 0.173 seconds
[2026-05-16T11:36:40.971+0000] {processor.py:161} INFO - Started process (PID=87106) to work on /home/airflow/.local/lib/python3.12/site-packages/airflow/example_dags/tutorial_taskflow_api.py
[2026-05-16T11:36:40.974+0000] {processor.py:830} INFO - Processing file /home/airflow/.local/lib/python3.12/site-packages/airflow/example_dags/tutorial_taskflow_api.py for tasks to queue
[2026-05-16T11:36:40.978+0000] {logging_mixin.py:188} INFO - [2026-05-16T11:36:40.977+0000] {dagbag.py:545} INFO - Filling up the DagBag from /home/airflow/.local/lib/python3.12/site-packages/airflow/example_dags/tutorial_taskflow_api.py
[2026-05-16T11:36:40.991+0000] {processor.py:840} INFO - DAG(s) 'tutorial_taskflow_api' retrieved from /home/airflow/.local/lib/python3.12/site-packages/airflow/example_dags/tutorial_taskflow_api.py
[2026-05-16T11:36:41.029+0000] {logging_mixin.py:188} INFO - [2026-05-16T11:36:41.028+0000] {dag.py:3089} INFO - Sync 1 DAGs
[2026-05-16T11:36:41.053+0000] {logging_mixin.py:188} INFO - [2026-05-16T11:36:41.053+0000] {dag.py:3947} INFO - Setting next_dagrun for tutorial_taskflow_api to None, run_after=None
[2026-05-16T11:36:41.126+0000] {processor.py:183} INFO - Processing /home/airflow/.local/lib/python3.12/site-packages/airflow/example_dags/tutorial_taskflow_api.py took 0.169 seconds
[2026-05-16T11:37:11.553+0000] {processor.py:161} INFO - Started process (PID=87174) to work on /home/airflow/.local/lib/python3.12/site-packages/airflow/example_dags/tutorial_taskflow_api.py
[2026-05-16T11:37:11.557+0000] {processor.py:830} INFO - Processing file /home/airflow/.local/lib/python3.12/site-packages/airflow/example_dags/tutorial_taskflow_api.py for tasks to queue
[2026-05-16T11:37:11.561+0000] {logging_mixin.py:188} INFO - [2026-05-16T11:37:11.560+0000] {dagbag.py:545} INFO - Filling up the DagBag from /home/airflow/.local/lib/python3.12/site-packages/airflow/example_dags/tutorial_taskflow_api.py
[2026-05-16T11:37:11.573+0000] {processor.py:840} INFO - DAG(s) 'tutorial_taskflow_api' retrieved from /home/airflow/.local/lib/python3.12/site-packages/airflow/example_dags/tutorial_taskflow_api.py
[2026-05-16T11:37:11.615+0000] {logging_mixin.py:188} INFO - [2026-05-16T11:37:11.615+0000] {dag.py:3089} INFO - Sync 1 DAGs
[2026-05-16T11:37:11.645+0000] {logging_mixin.py:188} INFO - [2026-05-16T11:37:11.645+0000] {dag.py:3947} INFO - Setting next_dagrun for tutorial_taskflow_api to None, run_after=None
[2026-05-16T11:37:11.718+0000] {processor.py:183} INFO - Processing /home/airflow/.local/lib/python3.12/site-packages/airflow/example_dags/tutorial_taskflow_api.py took 0.179 seconds
[2026-05-16T11:37:41.948+0000] {processor.py:161} INFO - Started process (PID=87241) to work on /home/airflow/.local/lib/python3.12/site-packages/airflow/example_dags/tutorial_taskflow_api.py
[2026-05-16T11:37:41.951+0000] {processor.py:830} INFO - Processing file /home/airflow/.local/lib/python3.12/site-packages/airflow/example_dags/tutorial_taskflow_api.py for tasks to queue
[2026-05-16T11:37:41.955+0000] {logging_mixin.py:188} INFO - [2026-05-16T11:37:41.954+0000] {dagbag.py:545} INFO - Filling up the DagBag from /home/airflow/.local/lib/python3.12/site-packages/airflow/example_dags/tutorial_taskflow_api.py
[2026-05-16T11:37:41.966+0000] {processor.py:840} INFO - DAG(s) 'tutorial_taskflow_api' retrieved from /home/airflow/.local/lib/python3.12/site-packages/airflow/example_dags/tutorial_taskflow_api.py
[2026-05-16T11:37:42.001+0000] {logging_mixin.py:188} INFO - [2026-05-16T11:37:42.000+0000] {dag.py:3089} INFO - Sync 1 DAGs
[2026-05-16T11:37:42.019+0000] {logging_mixin.py:188} INFO - [2026-05-16T11:37:42.019+0000] {dag.py:3947} INFO - Setting next_dagrun for tutorial_taskflow_api to None, run_after=None
[2026-05-16T11:37:42.060+0000] {processor.py:183} INFO - Processing /home/airflow/.local/lib/python3.12/site-packages/airflow/example_dags/tutorial_taskflow_api.py took 0.124 seconds
[2026-05-16T11:38:12.228+0000] {processor.py:161} INFO - Started process (PID=87309) to work on /home/airflow/.local/lib/python3.12/site-packages/airflow/example_dags/tutorial_taskflow_api.py
[2026-05-16T11:38:12.230+0000] {processor.py:830} INFO - Processing file /home/airflow/.local/lib/python3.12/site-packages/airflow/example_dags/tutorial_taskflow_api.py for tasks to queue
[2026-05-16T11:38:12.234+0000] {logging_mixin.py:188} INFO - [2026-05-16T11:38:12.233+0000] {dagbag.py:545} INFO - Filling up the DagBag from /home/airflow/.local/lib/python3.12/site-packages/airflow/example_dags/tutorial_taskflow_api.py
[2026-05-16T11:38:12.246+0000] {processor.py:840} INFO - DAG(s) 'tutorial_taskflow_api' retrieved from /home/airflow/.local/lib/python3.12/site-packages/airflow/example_dags/tutorial_taskflow_api.py
[2026-05-16T11:38:12.282+0000] {logging_mixin.py:188} INFO - [2026-05-16T11:38:12.282+0000] {dag.py:3089} INFO - Sync 1 DAGs
[2026-05-16T11:38:12.303+0000] {logging_mixin.py:188} INFO - [2026-05-16T11:38:12.303+0000] {dag.py:3947} INFO - Setting next_dagrun for tutorial_taskflow_api to None, run_after=None
[2026-05-16T11:38:12.346+0000] {processor.py:183} INFO - Processing /home/airflow/.local/lib/python3.12/site-packages/airflow/example_dags/tutorial_taskflow_api.py took 0.128 seconds
[2026-05-16T11:38:42.635+0000] {processor.py:161} INFO - Started process (PID=87377) to work on /home/airflow/.local/lib/python3.12/site-packages/airflow/example_dags/tutorial_taskflow_api.py
[2026-05-16T11:38:42.640+0000] {processor.py:830} INFO - Processing file /home/airflow/.local/lib/python3.12/site-packages/airflow/example_dags/tutorial_taskflow_api.py for tasks to queue
[2026-05-16T11:38:42.648+0000] {logging_mixin.py:188} INFO - [2026-05-16T11:38:42.647+0000] {dagbag.py:545} INFO - Filling up the DagBag from /home/airflow/.local/lib/python3.12/site-packages/airflow/example_dags/tutorial_taskflow_api.py
[2026-05-16T11:38:42.661+0000] {processor.py:840} INFO - DAG(s) 'tutorial_taskflow_api' retrieved from /home/airflow/.local/lib/python3.12/site-packages/airflow/example_dags/tutorial_taskflow_api.py
[2026-05-16T11:38:42.701+0000] {logging_mixin.py:188} INFO - [2026-05-16T11:38:42.701+0000] {dag.py:3089} INFO - Sync 1 DAGs
[2026-05-16T11:38:42.724+0000] {logging_mixin.py:188} INFO - [2026-05-16T11:38:42.723+0000] {dag.py:3947} INFO - Setting next_dagrun for tutorial_taskflow_api to None, run_after=None
[2026-05-16T11:38:42.774+0000] {processor.py:183} INFO - Processing /home/airflow/.local/lib/python3.12/site-packages/airflow/example_dags/tutorial_taskflow_api.py took 0.154 seconds
[2026-05-16T11:39:13.053+0000] {processor.py:161} INFO - Started process (PID=87445) to work on /home/airflow/.local/lib/python3.12/site-packages/airflow/example_dags/tutorial_taskflow_api.py
[2026-05-16T11:39:13.054+0000] {processor.py:830} INFO - Processing file /home/airflow/.local/lib/python3.12/site-packages/airflow/example_dags/tutorial_taskflow_api.py for tasks to queue
[2026-05-16T11:39:13.061+0000] {logging_mixin.py:188} INFO - [2026-05-16T11:39:13.061+0000] {dagbag.py:545} INFO - Filling up the DagBag from /home/airflow/.local/lib/python3.12/site-packages/airflow/example_dags/tutorial_taskflow_api.py
[2026-05-16T11:39:13.077+0000] {processor.py:840} INFO - DAG(s) 'tutorial_taskflow_api' retrieved from /home/airflow/.local/lib/python3.12/site-packages/airflow/example_dags/tutorial_taskflow_api.py
[2026-05-16T11:39:13.116+0000] {logging_mixin.py:188} INFO - [2026-05-16T11:39:13.115+0000] {dag.py:3089} INFO - Sync 1 DAGs
[2026-05-16T11:39:13.138+0000] {logging_mixin.py:188} INFO - [2026-05-16T11:39:13.138+0000] {dag.py:3947} INFO - Setting next_dagrun for tutorial_taskflow_api to None, run_after=None
[2026-05-16T11:39:13.175+0000] {processor.py:183} INFO - Processing /home/airflow/.local/lib/python3.12/site-packages/airflow/example_dags/tutorial_taskflow_api.py took 0.133 seconds
[2026-05-16T11:39:43.285+0000] {processor.py:161} INFO - Started process (PID=87513) to work on /home/airflow/.local/lib/python3.12/site-packages/airflow/example_dags/tutorial_taskflow_api.py
[2026-05-16T11:39:43.288+0000] {processor.py:830} INFO - Processing file /home/airflow/.local/lib/python3.12/site-packages/airflow/example_dags/tutorial_taskflow_api.py for tasks to queue
[2026-05-16T11:39:43.292+0000] {logging_mixin.py:188} INFO - [2026-05-16T11:39:43.292+0000] {dagbag.py:545} INFO - Filling up the DagBag from /home/airflow/.local/lib/python3.12/site-packages/airflow/example_dags/tutorial_taskflow_api.py
[2026-05-16T11:39:43.305+0000] {processor.py:840} INFO - DAG(s) 'tutorial_taskflow_api' retrieved from /home/airflow/.local/lib/python3.12/site-packages/airflow/example_dags/tutorial_taskflow_api.py
[2026-05-16T11:39:43.343+0000] {logging_mixin.py:188} INFO - [2026-05-16T11:39:43.343+0000] {dag.py:3089} INFO - Sync 1 DAGs
[2026-05-16T11:39:43.366+0000] {logging_mixin.py:188} INFO - [2026-05-16T11:39:43.365+0000] {dag.py:3947} INFO - Setting next_dagrun for tutorial_taskflow_api to None, run_after=None
[2026-05-16T11:39:43.402+0000] {processor.py:183} INFO - Processing /home/airflow/.local/lib/python3.12/site-packages/airflow/example_dags/tutorial_taskflow_api.py took 0.126 seconds
[2026-05-16T11:40:14.146+0000] {processor.py:161} INFO - Started process (PID=87580) to work on /home/airflow/.local/lib/python3.12/site-packages/airflow/example_dags/tutorial_taskflow_api.py
[2026-05-16T11:40:14.149+0000] {processor.py:830} INFO - Processing file /home/airflow/.local/lib/python3.12/site-packages/airflow/example_dags/tutorial_taskflow_api.py for tasks to queue
[2026-05-16T11:40:14.154+0000] {logging_mixin.py:188} INFO - [2026-05-16T11:40:14.153+0000] {dagbag.py:545} INFO - Filling up the DagBag from /home/airflow/.local/lib/python3.12/site-packages/airflow/example_dags/tutorial_taskflow_api.py
[2026-05-16T11:40:14.166+0000] {processor.py:840} INFO - DAG(s) 'tutorial_taskflow_api' retrieved from /home/airflow/.local/lib/python3.12/site-packages/airflow/example_dags/tutorial_taskflow_api.py
[2026-05-16T11:40:14.213+0000] {logging_mixin.py:188} INFO - [2026-05-16T11:40:14.213+0000] {dag.py:3089} INFO - Sync 1 DAGs
[2026-05-16T11:40:14.233+0000] {logging_mixin.py:188} INFO - [2026-05-16T11:40:14.233+0000] {dag.py:3947} INFO - Setting next_dagrun for tutorial_taskflow_api to None, run_after=None
[2026-05-16T11:40:14.298+0000] {processor.py:183} INFO - Processing /home/airflow/.local/lib/python3.12/site-packages/airflow/example_dags/tutorial_taskflow_api.py took 0.167 seconds
[2026-05-16T11:40:44.407+0000] {processor.py:161} INFO - Started process (PID=87655) to work on /home/airflow/.local/lib/python3.12/site-packages/airflow/example_dags/tutorial_taskflow_api.py
[2026-05-16T11:40:44.409+0000] {processor.py:830} INFO - Processing file /home/airflow/.local/lib/python3.12/site-packages/airflow/example_dags/tutorial_taskflow_api.py for tasks to queue
[2026-05-16T11:40:44.414+0000] {logging_mixin.py:188} INFO - [2026-05-16T11:40:44.413+0000] {dagbag.py:545} INFO - Filling up the DagBag from /home/airflow/.local/lib/python3.12/site-packages/airflow/example_dags/tutorial_taskflow_api.py
[2026-05-16T11:40:44.424+0000] {processor.py:840} INFO - DAG(s) 'tutorial_taskflow_api' retrieved from /home/airflow/.local/lib/python3.12/site-packages/airflow/example_dags/tutorial_taskflow_api.py
[2026-05-16T11:40:44.460+0000] {logging_mixin.py:188} INFO - [2026-05-16T11:40:44.460+0000] {dag.py:3089} INFO - Sync 1 DAGs
[2026-05-16T11:40:44.483+0000] {logging_mixin.py:188} INFO - [2026-05-16T11:40:44.482+0000] {dag.py:3947} INFO - Setting next_dagrun for tutorial_taskflow_api to None, run_after=None
[2026-05-16T11:40:44.523+0000] {processor.py:183} INFO - Processing /home/airflow/.local/lib/python3.12/site-packages/airflow/example_dags/tutorial_taskflow_api.py took 0.126 seconds
[2026-05-16T11:41:15.649+0000] {processor.py:161} INFO - Started process (PID=87723) to work on /home/airflow/.local/lib/python3.12/site-packages/airflow/example_dags/tutorial_taskflow_api.py
[2026-05-16T11:41:15.651+0000] {processor.py:830} INFO - Processing file /home/airflow/.local/lib/python3.12/site-packages/airflow/example_dags/tutorial_taskflow_api.py for tasks to queue
[2026-05-16T11:41:15.656+0000] {logging_mixin.py:188} INFO - [2026-05-16T11:41:15.655+0000] {dagbag.py:545} INFO - Filling up the DagBag from /home/airflow/.local/lib/python3.12/site-packages/airflow/example_dags/tutorial_taskflow_api.py
[2026-05-16T11:41:15.667+0000] {processor.py:840} INFO - DAG(s) 'tutorial_taskflow_api' retrieved from /home/airflow/.local/lib/python3.12/site-packages/airflow/example_dags/tutorial_taskflow_api.py
[2026-05-16T11:41:15.717+0000] {logging_mixin.py:188} INFO - [2026-05-16T11:41:15.716+0000] {dag.py:3089} INFO - Sync 1 DAGs
[2026-05-16T11:41:15.740+0000] {logging_mixin.py:188} INFO - [2026-05-16T11:41:15.740+0000] {dag.py:3947} INFO - Setting next_dagrun for tutorial_taskflow_api to None, run_after=None
[2026-05-16T11:41:15.807+0000] {processor.py:183} INFO - Processing /home/airflow/.local/lib/python3.12/site-packages/airflow/example_dags/tutorial_taskflow_api.py took 0.169 seconds
[2026-05-16T11:41:46.637+0000] {processor.py:161} INFO - Started process (PID=87791) to work on /home/airflow/.local/lib/python3.12/site-packages/airflow/example_dags/tutorial_taskflow_api.py
[2026-05-16T11:41:46.640+0000] {processor.py:830} INFO - Processing file /home/airflow/.local/lib/python3.12/site-packages/airflow/example_dags/tutorial_taskflow_api.py for tasks to queue
[2026-05-16T11:41:46.644+0000] {logging_mixin.py:188} INFO - [2026-05-16T11:41:46.644+0000] {dagbag.py:545} INFO - Filling up the DagBag from /home/airflow/.local/lib/python3.12/site-packages/airflow/example_dags/tutorial_taskflow_api.py
[2026-05-16T11:41:46.656+0000] {processor.py:840} INFO - DAG(s) 'tutorial_taskflow_api' retrieved from /home/airflow/.local/lib/python3.12/site-packages/airflow/example_dags/tutorial_taskflow_api.py
[2026-05-16T11:41:46.697+0000] {logging_mixin.py:188} INFO - [2026-05-16T11:41:46.696+0000] {dag.py:3089} INFO - Sync 1 DAGs
[2026-05-16T11:41:46.722+0000] {logging_mixin.py:188} INFO - [2026-05-16T11:41:46.721+0000] {dag.py:3947} INFO - Setting next_dagrun for tutorial_taskflow_api to None, run_after=None
[2026-05-16T11:41:46.897+0000] {processor.py:183} INFO - Processing /home/airflow/.local/lib/python3.12/site-packages/airflow/example_dags/tutorial_taskflow_api.py took 0.272 seconds
[2026-05-16T11:42:17.150+0000] {processor.py:161} INFO - Started process (PID=87859) to work on /home/airflow/.local/lib/python3.12/site-packages/airflow/example_dags/tutorial_taskflow_api.py
[2026-05-16T11:42:17.153+0000] {processor.py:830} INFO - Processing file /home/airflow/.local/lib/python3.12/site-packages/airflow/example_dags/tutorial_taskflow_api.py for tasks to queue
[2026-05-16T11:42:17.156+0000] {logging_mixin.py:188} INFO - [2026-05-16T11:42:17.156+0000] {dagbag.py:545} INFO - Filling up the DagBag from /home/airflow/.local/lib/python3.12/site-packages/airflow/example_dags/tutorial_taskflow_api.py
[2026-05-16T11:42:17.169+0000] {processor.py:840} INFO - DAG(s) 'tutorial_taskflow_api' retrieved from /home/airflow/.local/lib/python3.12/site-packages/airflow/example_dags/tutorial_taskflow_api.py
[2026-05-16T11:42:17.208+0000] {logging_mixin.py:188} INFO - [2026-05-16T11:42:17.207+0000] {dag.py:3089} INFO - Sync 1 DAGs
[2026-05-16T11:42:17.230+0000] {logging_mixin.py:188} INFO - [2026-05-16T11:42:17.230+0000] {dag.py:3947} INFO - Setting next_dagrun for tutorial_taskflow_api to None, run_after=None
[2026-05-16T11:42:17.285+0000] {processor.py:183} INFO - Processing /home/airflow/.local/lib/python3.12/site-packages/airflow/example_dags/tutorial_taskflow_api.py took 0.146 seconds
[2026-05-16T11:42:47.728+0000] {processor.py:161} INFO - Started process (PID=87927) to work on /home/airflow/.local/lib/python3.12/site-packages/airflow/example_dags/tutorial_taskflow_api.py
[2026-05-16T11:42:47.730+0000] {processor.py:830} INFO - Processing file /home/airflow/.local/lib/python3.12/site-packages/airflow/example_dags/tutorial_taskflow_api.py for tasks to queue
[2026-05-16T11:42:47.733+0000] {logging_mixin.py:188} INFO - [2026-05-16T11:42:47.733+0000] {dagbag.py:545} INFO - Filling up the DagBag from /home/airflow/.local/lib/python3.12/site-packages/airflow/example_dags/tutorial_taskflow_api.py
[2026-05-16T11:42:47.746+0000] {processor.py:840} INFO - DAG(s) 'tutorial_taskflow_api' retrieved from /home/airflow/.local/lib/python3.12/site-packages/airflow/example_dags/tutorial_taskflow_api.py
[2026-05-16T11:42:47.781+0000] {logging_mixin.py:188} INFO - [2026-05-16T11:42:47.781+0000] {dag.py:3089} INFO - Sync 1 DAGs
[2026-05-16T11:42:47.802+0000] {logging_mixin.py:188} INFO - [2026-05-16T11:42:47.801+0000] {dag.py:3947} INFO - Setting next_dagrun for tutorial_taskflow_api to None, run_after=None
[2026-05-16T11:42:47.836+0000] {processor.py:183} INFO - Processing /home/airflow/.local/lib/python3.12/site-packages/airflow/example_dags/tutorial_taskflow_api.py took 0.121 seconds
[2026-05-16T11:43:18.203+0000] {processor.py:161} INFO - Started process (PID=87995) to work on /home/airflow/.local/lib/python3.12/site-packages/airflow/example_dags/tutorial_taskflow_api.py
[2026-05-16T11:43:18.205+0000] {processor.py:830} INFO - Processing file /home/airflow/.local/lib/python3.12/site-packages/airflow/example_dags/tutorial_taskflow_api.py for tasks to queue
[2026-05-16T11:43:18.209+0000] {logging_mixin.py:188} INFO - [2026-05-16T11:43:18.209+0000] {dagbag.py:545} INFO - Filling up the DagBag from /home/airflow/.local/lib/python3.12/site-packages/airflow/example_dags/tutorial_taskflow_api.py
[2026-05-16T11:43:18.221+0000] {processor.py:840} INFO - DAG(s) 'tutorial_taskflow_api' retrieved from /home/airflow/.local/lib/python3.12/site-packages/airflow/example_dags/tutorial_taskflow_api.py
[2026-05-16T11:43:18.260+0000] {logging_mixin.py:188} INFO - [2026-05-16T11:43:18.259+0000] {dag.py:3089} INFO - Sync 1 DAGs
[2026-05-16T11:43:18.283+0000] {logging_mixin.py:188} INFO - [2026-05-16T11:43:18.282+0000] {dag.py:3947} INFO - Setting next_dagrun for tutorial_taskflow_api to None, run_after=None
[2026-05-16T11:43:18.317+0000] {processor.py:183} INFO - Processing /home/airflow/.local/lib/python3.12/site-packages/airflow/example_dags/tutorial_taskflow_api.py took 0.124 seconds
[2026-05-16T11:43:48.603+0000] {processor.py:161} INFO - Started process (PID=88063) to work on /home/airflow/.local/lib/python3.12/site-packages/airflow/example_dags/tutorial_taskflow_api.py
[2026-05-16T11:43:48.609+0000] {processor.py:830} INFO - Processing file /home/airflow/.local/lib/python3.12/site-packages/airflow/example_dags/tutorial_taskflow_api.py for tasks to queue
[2026-05-16T11:43:48.620+0000] {logging_mixin.py:188} INFO - [2026-05-16T11:43:48.619+0000] {dagbag.py:545} INFO - Filling up the DagBag from /home/airflow/.local/lib/python3.12/site-packages/airflow/example_dags/tutorial_taskflow_api.py
[2026-05-16T11:43:48.658+0000] {processor.py:840} INFO - DAG(s) 'tutorial_taskflow_api' retrieved from /home/airflow/.local/lib/python3.12/site-packages/airflow/example_dags/tutorial_taskflow_api.py
[2026-05-16T11:43:48.712+0000] {logging_mixin.py:188} INFO - [2026-05-16T11:43:48.711+0000] {dag.py:3089} INFO - Sync 1 DAGs
[2026-05-16T11:43:48.733+0000] {logging_mixin.py:188} INFO - [2026-05-16T11:43:48.733+0000] {dag.py:3947} INFO - Setting next_dagrun for tutorial_taskflow_api to None, run_after=None
[2026-05-16T11:43:48.776+0000] {processor.py:183} INFO - Processing /home/airflow/.local/lib/python3.12/site-packages/airflow/example_dags/tutorial_taskflow_api.py took 0.193 seconds
[2026-05-16T11:44:19.006+0000] {processor.py:161} INFO - Started process (PID=88130) to work on /home/airflow/.local/lib/python3.12/site-packages/airflow/example_dags/tutorial_taskflow_api.py
[2026-05-16T11:44:19.009+0000] {processor.py:830} INFO - Processing file /home/airflow/.local/lib/python3.12/site-packages/airflow/example_dags/tutorial_taskflow_api.py for tasks to queue
[2026-05-16T11:44:19.013+0000] {logging_mixin.py:188} INFO - [2026-05-16T11:44:19.012+0000] {dagbag.py:545} INFO - Filling up the DagBag from /home/airflow/.local/lib/python3.12/site-packages/airflow/example_dags/tutorial_taskflow_api.py
[2026-05-16T11:44:19.026+0000] {processor.py:840} INFO - DAG(s) 'tutorial_taskflow_api' retrieved from /home/airflow/.local/lib/python3.12/site-packages/airflow/example_dags/tutorial_taskflow_api.py
[2026-05-16T11:44:19.074+0000] {logging_mixin.py:188} INFO - [2026-05-16T11:44:19.074+0000] {dag.py:3089} INFO - Sync 1 DAGs
[2026-05-16T11:44:19.101+0000] {logging_mixin.py:188} INFO - [2026-05-16T11:44:19.100+0000] {dag.py:3947} INFO - Setting next_dagrun for tutorial_taskflow_api to None, run_after=None
[2026-05-16T11:44:19.171+0000] {processor.py:183} INFO - Processing /home/airflow/.local/lib/python3.12/site-packages/airflow/example_dags/tutorial_taskflow_api.py took 0.185 seconds
[2026-05-16T11:44:49.932+0000] {processor.py:161} INFO - Started process (PID=88198) to work on /home/airflow/.local/lib/python3.12/site-packages/airflow/example_dags/tutorial_taskflow_api.py
[2026-05-16T11:44:49.935+0000] {processor.py:830} INFO - Processing file /home/airflow/.local/lib/python3.12/site-packages/airflow/example_dags/tutorial_taskflow_api.py for tasks to queue
[2026-05-16T11:44:49.940+0000] {logging_mixin.py:188} INFO - [2026-05-16T11:44:49.939+0000] {dagbag.py:545} INFO - Filling up the DagBag from /home/airflow/.local/lib/python3.12/site-packages/airflow/example_dags/tutorial_taskflow_api.py
[2026-05-16T11:44:49.951+0000] {processor.py:840} INFO - DAG(s) 'tutorial_taskflow_api' retrieved from /home/airflow/.local/lib/python3.12/site-packages/airflow/example_dags/tutorial_taskflow_api.py
[2026-05-16T11:44:49.987+0000] {logging_mixin.py:188} INFO - [2026-05-16T11:44:49.987+0000] {dag.py:3089} INFO - Sync 1 DAGs
[2026-05-16T11:44:50.009+0000] {logging_mixin.py:188} INFO - [2026-05-16T11:44:50.009+0000] {dag.py:3947} INFO - Setting next_dagrun for tutorial_taskflow_api to None, run_after=None
[2026-05-16T11:44:50.183+0000] {processor.py:183} INFO - Processing /home/airflow/.local/lib/python3.12/site-packages/airflow/example_dags/tutorial_taskflow_api.py took 0.260 seconds
[2026-05-16T11:45:20.606+0000] {processor.py:161} INFO - Started process (PID=88266) to work on /home/airflow/.local/lib/python3.12/site-packages/airflow/example_dags/tutorial_taskflow_api.py
[2026-05-16T11:45:20.609+0000] {processor.py:830} INFO - Processing file /home/airflow/.local/lib/python3.12/site-packages/airflow/example_dags/tutorial_taskflow_api.py for tasks to queue
[2026-05-16T11:45:20.612+0000] {logging_mixin.py:188} INFO - [2026-05-16T11:45:20.612+0000] {dagbag.py:545} INFO - Filling up the DagBag from /home/airflow/.local/lib/python3.12/site-packages/airflow/example_dags/tutorial_taskflow_api.py
[2026-05-16T11:45:20.625+0000] {processor.py:840} INFO - DAG(s) 'tutorial_taskflow_api' retrieved from /home/airflow/.local/lib/python3.12/site-packages/airflow/example_dags/tutorial_taskflow_api.py
[2026-05-16T11:45:20.677+0000] {logging_mixin.py:188} INFO - [2026-05-16T11:45:20.676+0000] {dag.py:3089} INFO - Sync 1 DAGs
[2026-05-16T11:45:20.701+0000] {logging_mixin.py:188} INFO - [2026-05-16T11:45:20.700+0000] {dag.py:3947} INFO - Setting next_dagrun for tutorial_taskflow_api to None, run_after=None
[2026-05-16T11:45:20.776+0000] {processor.py:183} INFO - Processing /home/airflow/.local/lib/python3.12/site-packages/airflow/example_dags/tutorial_taskflow_api.py took 0.180 seconds
[2026-05-16T11:45:51.165+0000] {processor.py:161} INFO - Started process (PID=88334) to work on /home/airflow/.local/lib/python3.12/site-packages/airflow/example_dags/tutorial_taskflow_api.py
[2026-05-16T11:45:51.167+0000] {processor.py:830} INFO - Processing file /home/airflow/.local/lib/python3.12/site-packages/airflow/example_dags/tutorial_taskflow_api.py for tasks to queue
[2026-05-16T11:45:51.172+0000] {logging_mixin.py:188} INFO - [2026-05-16T11:45:51.171+0000] {dagbag.py:545} INFO - Filling up the DagBag from /home/airflow/.local/lib/python3.12/site-packages/airflow/example_dags/tutorial_taskflow_api.py
[2026-05-16T11:45:51.184+0000] {processor.py:840} INFO - DAG(s) 'tutorial_taskflow_api' retrieved from /home/airflow/.local/lib/python3.12/site-packages/airflow/example_dags/tutorial_taskflow_api.py
[2026-05-16T11:45:51.217+0000] {logging_mixin.py:188} INFO - [2026-05-16T11:45:51.217+0000] {dag.py:3089} INFO - Sync 1 DAGs
[2026-05-16T11:45:51.239+0000] {logging_mixin.py:188} INFO - [2026-05-16T11:45:51.238+0000] {dag.py:3947} INFO - Setting next_dagrun for tutorial_taskflow_api to None, run_after=None
[2026-05-16T11:45:51.288+0000] {processor.py:183} INFO - Processing /home/airflow/.local/lib/python3.12/site-packages/airflow/example_dags/tutorial_taskflow_api.py took 0.134 seconds
[2026-05-16T11:46:21.840+0000] {processor.py:161} INFO - Started process (PID=88402) to work on /home/airflow/.local/lib/python3.12/site-packages/airflow/example_dags/tutorial_taskflow_api.py
[2026-05-16T11:46:21.843+0000] {processor.py:830} INFO - Processing file /home/airflow/.local/lib/python3.12/site-packages/airflow/example_dags/tutorial_taskflow_api.py for tasks to queue
[2026-05-16T11:46:21.849+0000] {logging_mixin.py:188} INFO - [2026-05-16T11:46:21.848+0000] {dagbag.py:545} INFO - Filling up the DagBag from /home/airflow/.local/lib/python3.12/site-packages/airflow/example_dags/tutorial_taskflow_api.py
[2026-05-16T11:46:21.868+0000] {processor.py:840} INFO - DAG(s) 'tutorial_taskflow_api' retrieved from /home/airflow/.local/lib/python3.12/site-packages/airflow/example_dags/tutorial_taskflow_api.py
[2026-05-16T11:46:21.928+0000] {logging_mixin.py:188} INFO - [2026-05-16T11:46:21.927+0000] {dag.py:3089} INFO - Sync 1 DAGs
[2026-05-16T11:46:21.960+0000] {logging_mixin.py:188} INFO - [2026-05-16T11:46:21.959+0000] {dag.py:3947} INFO - Setting next_dagrun for tutorial_taskflow_api to None, run_after=None
[2026-05-16T11:46:22.032+0000] {processor.py:183} INFO - Processing /home/airflow/.local/lib/python3.12/site-packages/airflow/example_dags/tutorial_taskflow_api.py took 0.210 seconds
[2026-05-16T11:46:52.383+0000] {processor.py:161} INFO - Started process (PID=88477) to work on /home/airflow/.local/lib/python3.12/site-packages/airflow/example_dags/tutorial_taskflow_api.py
[2026-05-16T11:46:52.385+0000] {processor.py:830} INFO - Processing file /home/airflow/.local/lib/python3.12/site-packages/airflow/example_dags/tutorial_taskflow_api.py for tasks to queue
[2026-05-16T11:46:52.391+0000] {logging_mixin.py:188} INFO - [2026-05-16T11:46:52.391+0000] {dagbag.py:545} INFO - Filling up the DagBag from /home/airflow/.local/lib/python3.12/site-packages/airflow/example_dags/tutorial_taskflow_api.py
[2026-05-16T11:46:52.405+0000] {processor.py:840} INFO - DAG(s) 'tutorial_taskflow_api' retrieved from /home/airflow/.local/lib/python3.12/site-packages/airflow/example_dags/tutorial_taskflow_api.py
[2026-05-16T11:46:52.450+0000] {logging_mixin.py:188} INFO - [2026-05-16T11:46:52.449+0000] {dag.py:3089} INFO - Sync 1 DAGs
[2026-05-16T11:46:52.477+0000] {logging_mixin.py:188} INFO - [2026-05-16T11:46:52.477+0000] {dag.py:3947} INFO - Setting next_dagrun for tutorial_taskflow_api to None, run_after=None
[2026-05-16T11:46:52.530+0000] {processor.py:183} INFO - Processing /home/airflow/.local/lib/python3.12/site-packages/airflow/example_dags/tutorial_taskflow_api.py took 0.161 seconds
[2026-05-16T11:47:22.883+0000] {processor.py:161} INFO - Started process (PID=88544) to work on /home/airflow/.local/lib/python3.12/site-packages/airflow/example_dags/tutorial_taskflow_api.py
[2026-05-16T11:47:22.886+0000] {processor.py:830} INFO - Processing file /home/airflow/.local/lib/python3.12/site-packages/airflow/example_dags/tutorial_taskflow_api.py for tasks to queue
[2026-05-16T11:47:22.891+0000] {logging_mixin.py:188} INFO - [2026-05-16T11:47:22.891+0000] {dagbag.py:545} INFO - Filling up the DagBag from /home/airflow/.local/lib/python3.12/site-packages/airflow/example_dags/tutorial_taskflow_api.py
[2026-05-16T11:47:22.903+0000] {processor.py:840} INFO - DAG(s) 'tutorial_taskflow_api' retrieved from /home/airflow/.local/lib/python3.12/site-packages/airflow/example_dags/tutorial_taskflow_api.py
[2026-05-16T11:47:22.943+0000] {logging_mixin.py:188} INFO - [2026-05-16T11:47:22.943+0000] {dag.py:3089} INFO - Sync 1 DAGs
[2026-05-16T11:47:22.966+0000] {logging_mixin.py:188} INFO - [2026-05-16T11:47:22.966+0000] {dag.py:3947} INFO - Setting next_dagrun for tutorial_taskflow_api to None, run_after=None
[2026-05-16T11:47:23.002+0000] {processor.py:183} INFO - Processing /home/airflow/.local/lib/python3.12/site-packages/airflow/example_dags/tutorial_taskflow_api.py took 0.132 seconds
[2026-05-16T11:47:53.546+0000] {processor.py:161} INFO - Started process (PID=88612) to work on /home/airflow/.local/lib/python3.12/site-packages/airflow/example_dags/tutorial_taskflow_api.py
[2026-05-16T11:47:53.548+0000] {processor.py:830} INFO - Processing file /home/airflow/.local/lib/python3.12/site-packages/airflow/example_dags/tutorial_taskflow_api.py for tasks to queue
[2026-05-16T11:47:53.553+0000] {logging_mixin.py:188} INFO - [2026-05-16T11:47:53.552+0000] {dagbag.py:545} INFO - Filling up the DagBag from /home/airflow/.local/lib/python3.12/site-packages/airflow/example_dags/tutorial_taskflow_api.py
[2026-05-16T11:47:53.563+0000] {processor.py:840} INFO - DAG(s) 'tutorial_taskflow_api' retrieved from /home/airflow/.local/lib/python3.12/site-packages/airflow/example_dags/tutorial_taskflow_api.py
[2026-05-16T11:47:53.603+0000] {logging_mixin.py:188} INFO - [2026-05-16T11:47:53.602+0000] {dag.py:3089} INFO - Sync 1 DAGs
[2026-05-16T11:47:53.623+0000] {logging_mixin.py:188} INFO - [2026-05-16T11:47:53.623+0000] {dag.py:3947} INFO - Setting next_dagrun for tutorial_taskflow_api to None, run_after=None
[2026-05-16T11:47:53.660+0000] {processor.py:183} INFO - Processing /home/airflow/.local/lib/python3.12/site-packages/airflow/example_dags/tutorial_taskflow_api.py took 0.124 seconds
[2026-05-16T11:48:24.039+0000] {processor.py:161} INFO - Started process (PID=88680) to work on /home/airflow/.local/lib/python3.12/site-packages/airflow/example_dags/tutorial_taskflow_api.py
[2026-05-16T11:48:24.041+0000] {processor.py:830} INFO - Processing file /home/airflow/.local/lib/python3.12/site-packages/airflow/example_dags/tutorial_taskflow_api.py for tasks to queue
[2026-05-16T11:48:24.045+0000] {logging_mixin.py:188} INFO - [2026-05-16T11:48:24.045+0000] {dagbag.py:545} INFO - Filling up the DagBag from /home/airflow/.local/lib/python3.12/site-packages/airflow/example_dags/tutorial_taskflow_api.py
[2026-05-16T11:48:24.057+0000] {processor.py:840} INFO - DAG(s) 'tutorial_taskflow_api' retrieved from /home/airflow/.local/lib/python3.12/site-packages/airflow/example_dags/tutorial_taskflow_api.py
[2026-05-16T11:48:24.091+0000] {logging_mixin.py:188} INFO - [2026-05-16T11:48:24.090+0000] {dag.py:3089} INFO - Sync 1 DAGs
[2026-05-16T11:48:24.111+0000] {logging_mixin.py:188} INFO - [2026-05-16T11:48:24.111+0000] {dag.py:3947} INFO - Setting next_dagrun for tutorial_taskflow_api to None, run_after=None
[2026-05-16T11:48:24.152+0000] {processor.py:183} INFO - Processing /home/airflow/.local/lib/python3.12/site-packages/airflow/example_dags/tutorial_taskflow_api.py took 0.124 seconds
[2026-05-16T11:48:54.627+0000] {processor.py:161} INFO - Started process (PID=88748) to work on /home/airflow/.local/lib/python3.12/site-packages/airflow/example_dags/tutorial_taskflow_api.py
[2026-05-16T11:48:54.630+0000] {processor.py:830} INFO - Processing file /home/airflow/.local/lib/python3.12/site-packages/airflow/example_dags/tutorial_taskflow_api.py for tasks to queue
[2026-05-16T11:48:54.635+0000] {logging_mixin.py:188} INFO - [2026-05-16T11:48:54.634+0000] {dagbag.py:545} INFO - Filling up the DagBag from /home/airflow/.local/lib/python3.12/site-packages/airflow/example_dags/tutorial_taskflow_api.py
[2026-05-16T11:48:54.652+0000] {processor.py:840} INFO - DAG(s) 'tutorial_taskflow_api' retrieved from /home/airflow/.local/lib/python3.12/site-packages/airflow/example_dags/tutorial_taskflow_api.py
[2026-05-16T11:48:54.697+0000] {logging_mixin.py:188} INFO - [2026-05-16T11:48:54.697+0000] {dag.py:3089} INFO - Sync 1 DAGs
[2026-05-16T11:48:54.727+0000] {logging_mixin.py:188} INFO - [2026-05-16T11:48:54.727+0000] {dag.py:3947} INFO - Setting next_dagrun for tutorial_taskflow_api to None, run_after=None
[2026-05-16T11:48:54.774+0000] {processor.py:183} INFO - Processing /home/airflow/.local/lib/python3.12/site-packages/airflow/example_dags/tutorial_taskflow_api.py took 0.160 seconds
[2026-05-16T11:49:25.511+0000] {processor.py:161} INFO - Started process (PID=88816) to work on /home/airflow/.local/lib/python3.12/site-packages/airflow/example_dags/tutorial_taskflow_api.py
[2026-05-16T11:49:25.514+0000] {processor.py:830} INFO - Processing file /home/airflow/.local/lib/python3.12/site-packages/airflow/example_dags/tutorial_taskflow_api.py for tasks to queue
[2026-05-16T11:49:25.519+0000] {logging_mixin.py:188} INFO - [2026-05-16T11:49:25.519+0000] {dagbag.py:545} INFO - Filling up the DagBag from /home/airflow/.local/lib/python3.12/site-packages/airflow/example_dags/tutorial_taskflow_api.py
[2026-05-16T11:49:25.535+0000] {processor.py:840} INFO - DAG(s) 'tutorial_taskflow_api' retrieved from /home/airflow/.local/lib/python3.12/site-packages/airflow/example_dags/tutorial_taskflow_api.py
[2026-05-16T11:49:25.578+0000] {logging_mixin.py:188} INFO - [2026-05-16T11:49:25.577+0000] {dag.py:3089} INFO - Sync 1 DAGs
[2026-05-16T11:49:25.601+0000] {logging_mixin.py:188} INFO - [2026-05-16T11:49:25.600+0000] {dag.py:3947} INFO - Setting next_dagrun for tutorial_taskflow_api to None, run_after=None
[2026-05-16T11:49:25.656+0000] {processor.py:183} INFO - Processing /home/airflow/.local/lib/python3.12/site-packages/airflow/example_dags/tutorial_taskflow_api.py took 0.158 seconds
[2026-05-16T11:49:55.972+0000] {processor.py:161} INFO - Started process (PID=88884) to work on /home/airflow/.local/lib/python3.12/site-packages/airflow/example_dags/tutorial_taskflow_api.py
[2026-05-16T11:49:55.974+0000] {processor.py:830} INFO - Processing file /home/airflow/.local/lib/python3.12/site-packages/airflow/example_dags/tutorial_taskflow_api.py for tasks to queue
[2026-05-16T11:49:55.980+0000] {logging_mixin.py:188} INFO - [2026-05-16T11:49:55.979+0000] {dagbag.py:545} INFO - Filling up the DagBag from /home/airflow/.local/lib/python3.12/site-packages/airflow/example_dags/tutorial_taskflow_api.py
[2026-05-16T11:49:55.994+0000] {processor.py:840} INFO - DAG(s) 'tutorial_taskflow_api' retrieved from /home/airflow/.local/lib/python3.12/site-packages/airflow/example_dags/tutorial_taskflow_api.py
[2026-05-16T11:49:56.044+0000] {logging_mixin.py:188} INFO - [2026-05-16T11:49:56.043+0000] {dag.py:3089} INFO - Sync 1 DAGs
[2026-05-16T11:49:56.071+0000] {logging_mixin.py:188} INFO - [2026-05-16T11:49:56.070+0000] {dag.py:3947} INFO - Setting next_dagrun for tutorial_taskflow_api to None, run_after=None
[2026-05-16T11:49:56.147+0000] {processor.py:183} INFO - Processing /home/airflow/.local/lib/python3.12/site-packages/airflow/example_dags/tutorial_taskflow_api.py took 0.188 seconds
[2026-05-16T11:50:26.610+0000] {processor.py:161} INFO - Started process (PID=88952) to work on /home/airflow/.local/lib/python3.12/site-packages/airflow/example_dags/tutorial_taskflow_api.py
[2026-05-16T11:50:26.612+0000] {processor.py:830} INFO - Processing file /home/airflow/.local/lib/python3.12/site-packages/airflow/example_dags/tutorial_taskflow_api.py for tasks to queue
[2026-05-16T11:50:26.618+0000] {logging_mixin.py:188} INFO - [2026-05-16T11:50:26.617+0000] {dagbag.py:545} INFO - Filling up the DagBag from /home/airflow/.local/lib/python3.12/site-packages/airflow/example_dags/tutorial_taskflow_api.py
[2026-05-16T11:50:26.635+0000] {processor.py:840} INFO - DAG(s) 'tutorial_taskflow_api' retrieved from /home/airflow/.local/lib/python3.12/site-packages/airflow/example_dags/tutorial_taskflow_api.py
[2026-05-16T11:50:26.677+0000] {logging_mixin.py:188} INFO - [2026-05-16T11:50:26.676+0000] {dag.py:3089} INFO - Sync 1 DAGs
[2026-05-16T11:50:26.698+0000] {logging_mixin.py:188} INFO - [2026-05-16T11:50:26.697+0000] {dag.py:3947} INFO - Setting next_dagrun for tutorial_taskflow_api to None, run_after=None
[2026-05-16T11:50:26.735+0000] {processor.py:183} INFO - Processing /home/airflow/.local/lib/python3.12/site-packages/airflow/example_dags/tutorial_taskflow_api.py took 0.136 seconds
[2026-05-16T11:50:57.336+0000] {processor.py:161} INFO - Started process (PID=89020) to work on /home/airflow/.local/lib/python3.12/site-packages/airflow/example_dags/tutorial_taskflow_api.py
[2026-05-16T11:50:57.337+0000] {processor.py:830} INFO - Processing file /home/airflow/.local/lib/python3.12/site-packages/airflow/example_dags/tutorial_taskflow_api.py for tasks to queue
[2026-05-16T11:50:57.342+0000] {logging_mixin.py:188} INFO - [2026-05-16T11:50:57.341+0000] {dagbag.py:545} INFO - Filling up the DagBag from /home/airflow/.local/lib/python3.12/site-packages/airflow/example_dags/tutorial_taskflow_api.py
[2026-05-16T11:50:57.357+0000] {processor.py:840} INFO - DAG(s) 'tutorial_taskflow_api' retrieved from /home/airflow/.local/lib/python3.12/site-packages/airflow/example_dags/tutorial_taskflow_api.py
[2026-05-16T11:50:57.393+0000] {logging_mixin.py:188} INFO - [2026-05-16T11:50:57.392+0000] {dag.py:3089} INFO - Sync 1 DAGs
[2026-05-16T11:50:57.416+0000] {logging_mixin.py:188} INFO - [2026-05-16T11:50:57.416+0000] {dag.py:3947} INFO - Setting next_dagrun for tutorial_taskflow_api to None, run_after=None
[2026-05-16T11:50:57.482+0000] {processor.py:183} INFO - Processing /home/airflow/.local/lib/python3.12/site-packages/airflow/example_dags/tutorial_taskflow_api.py took 0.162 seconds
[2026-05-16T11:51:28.056+0000] {processor.py:161} INFO - Started process (PID=89088) to work on /home/airflow/.local/lib/python3.12/site-packages/airflow/example_dags/tutorial_taskflow_api.py
[2026-05-16T11:51:28.058+0000] {processor.py:830} INFO - Processing file /home/airflow/.local/lib/python3.12/site-packages/airflow/example_dags/tutorial_taskflow_api.py for tasks to queue
[2026-05-16T11:51:28.062+0000] {logging_mixin.py:188} INFO - [2026-05-16T11:51:28.061+0000] {dagbag.py:545} INFO - Filling up the DagBag from /home/airflow/.local/lib/python3.12/site-packages/airflow/example_dags/tutorial_taskflow_api.py
[2026-05-16T11:51:28.074+0000] {processor.py:840} INFO - DAG(s) 'tutorial_taskflow_api' retrieved from /home/airflow/.local/lib/python3.12/site-packages/airflow/example_dags/tutorial_taskflow_api.py
[2026-05-16T11:51:28.134+0000] {logging_mixin.py:188} INFO - [2026-05-16T11:51:28.133+0000] {dag.py:3089} INFO - Sync 1 DAGs
[2026-05-16T11:51:28.173+0000] {logging_mixin.py:188} INFO - [2026-05-16T11:51:28.172+0000] {dag.py:3947} INFO - Setting next_dagrun for tutorial_taskflow_api to None, run_after=None
[2026-05-16T11:51:28.223+0000] {processor.py:183} INFO - Processing /home/airflow/.local/lib/python3.12/site-packages/airflow/example_dags/tutorial_taskflow_api.py took 0.178 seconds
[2026-05-16T11:51:58.733+0000] {processor.py:161} INFO - Started process (PID=89156) to work on /home/airflow/.local/lib/python3.12/site-packages/airflow/example_dags/tutorial_taskflow_api.py
[2026-05-16T11:51:58.735+0000] {processor.py:830} INFO - Processing file /home/airflow/.local/lib/python3.12/site-packages/airflow/example_dags/tutorial_taskflow_api.py for tasks to queue
[2026-05-16T11:51:58.741+0000] {logging_mixin.py:188} INFO - [2026-05-16T11:51:58.740+0000] {dagbag.py:545} INFO - Filling up the DagBag from /home/airflow/.local/lib/python3.12/site-packages/airflow/example_dags/tutorial_taskflow_api.py
[2026-05-16T11:51:58.758+0000] {processor.py:840} INFO - DAG(s) 'tutorial_taskflow_api' retrieved from /home/airflow/.local/lib/python3.12/site-packages/airflow/example_dags/tutorial_taskflow_api.py
[2026-05-16T11:51:58.803+0000] {logging_mixin.py:188} INFO - [2026-05-16T11:51:58.802+0000] {dag.py:3089} INFO - Sync 1 DAGs
[2026-05-16T11:51:58.827+0000] {logging_mixin.py:188} INFO - [2026-05-16T11:51:58.826+0000] {dag.py:3947} INFO - Setting next_dagrun for tutorial_taskflow_api to None, run_after=None
[2026-05-16T11:51:58.872+0000] {processor.py:183} INFO - Processing /home/airflow/.local/lib/python3.12/site-packages/airflow/example_dags/tutorial_taskflow_api.py took 0.156 seconds
[2026-05-16T11:52:29.293+0000] {processor.py:161} INFO - Started process (PID=89224) to work on /home/airflow/.local/lib/python3.12/site-packages/airflow/example_dags/tutorial_taskflow_api.py
[2026-05-16T11:52:29.295+0000] {processor.py:830} INFO - Processing file /home/airflow/.local/lib/python3.12/site-packages/airflow/example_dags/tutorial_taskflow_api.py for tasks to queue
[2026-05-16T11:52:29.299+0000] {logging_mixin.py:188} INFO - [2026-05-16T11:52:29.298+0000] {dagbag.py:545} INFO - Filling up the DagBag from /home/airflow/.local/lib/python3.12/site-packages/airflow/example_dags/tutorial_taskflow_api.py
[2026-05-16T11:52:29.313+0000] {processor.py:840} INFO - DAG(s) 'tutorial_taskflow_api' retrieved from /home/airflow/.local/lib/python3.12/site-packages/airflow/example_dags/tutorial_taskflow_api.py
[2026-05-16T11:52:29.348+0000] {logging_mixin.py:188} INFO - [2026-05-16T11:52:29.347+0000] {dag.py:3089} INFO - Sync 1 DAGs
[2026-05-16T11:52:29.367+0000] {logging_mixin.py:188} INFO - [2026-05-16T11:52:29.367+0000] {dag.py:3947} INFO - Setting next_dagrun for tutorial_taskflow_api to None, run_after=None
[2026-05-16T11:52:29.431+0000] {processor.py:183} INFO - Processing /home/airflow/.local/lib/python3.12/site-packages/airflow/example_dags/tutorial_taskflow_api.py took 0.150 seconds
[2026-05-16T11:53:00.644+0000] {processor.py:161} INFO - Started process (PID=89297) to work on /home/airflow/.local/lib/python3.12/site-packages/airflow/example_dags/tutorial_taskflow_api.py
[2026-05-16T11:53:00.646+0000] {processor.py:830} INFO - Processing file /home/airflow/.local/lib/python3.12/site-packages/airflow/example_dags/tutorial_taskflow_api.py for tasks to queue
[2026-05-16T11:53:00.650+0000] {logging_mixin.py:188} INFO - [2026-05-16T11:53:00.649+0000] {dagbag.py:545} INFO - Filling up the DagBag from /home/airflow/.local/lib/python3.12/site-packages/airflow/example_dags/tutorial_taskflow_api.py
[2026-05-16T11:53:00.660+0000] {processor.py:840} INFO - DAG(s) 'tutorial_taskflow_api' retrieved from /home/airflow/.local/lib/python3.12/site-packages/airflow/example_dags/tutorial_taskflow_api.py
[2026-05-16T11:53:00.695+0000] {logging_mixin.py:188} INFO - [2026-05-16T11:53:00.695+0000] {dag.py:3089} INFO - Sync 1 DAGs
[2026-05-16T11:53:00.719+0000] {logging_mixin.py:188} INFO - [2026-05-16T11:53:00.719+0000] {dag.py:3947} INFO - Setting next_dagrun for tutorial_taskflow_api to None, run_after=None
[2026-05-16T11:53:00.755+0000] {processor.py:183} INFO - Processing /home/airflow/.local/lib/python3.12/site-packages/airflow/example_dags/tutorial_taskflow_api.py took 0.121 seconds
[2026-05-16T11:53:32.321+0000] {processor.py:161} INFO - Started process (PID=89365) to work on /home/airflow/.local/lib/python3.12/site-packages/airflow/example_dags/tutorial_taskflow_api.py
[2026-05-16T11:53:32.323+0000] {processor.py:830} INFO - Processing file /home/airflow/.local/lib/python3.12/site-packages/airflow/example_dags/tutorial_taskflow_api.py for tasks to queue
[2026-05-16T11:53:32.328+0000] {logging_mixin.py:188} INFO - [2026-05-16T11:53:32.327+0000] {dagbag.py:545} INFO - Filling up the DagBag from /home/airflow/.local/lib/python3.12/site-packages/airflow/example_dags/tutorial_taskflow_api.py
[2026-05-16T11:53:32.341+0000] {processor.py:840} INFO - DAG(s) 'tutorial_taskflow_api' retrieved from /home/airflow/.local/lib/python3.12/site-packages/airflow/example_dags/tutorial_taskflow_api.py
[2026-05-16T11:53:32.379+0000] {logging_mixin.py:188} INFO - [2026-05-16T11:53:32.379+0000] {dag.py:3089} INFO - Sync 1 DAGs
[2026-05-16T11:53:32.406+0000] {logging_mixin.py:188} INFO - [2026-05-16T11:53:32.405+0000] {dag.py:3947} INFO - Setting next_dagrun for tutorial_taskflow_api to None, run_after=None
[2026-05-16T11:53:32.477+0000] {processor.py:183} INFO - Processing /home/airflow/.local/lib/python3.12/site-packages/airflow/example_dags/tutorial_taskflow_api.py took 0.170 seconds
[2026-05-16T11:54:03.324+0000] {processor.py:161} INFO - Started process (PID=89433) to work on /home/airflow/.local/lib/python3.12/site-packages/airflow/example_dags/tutorial_taskflow_api.py
[2026-05-16T11:54:03.327+0000] {processor.py:830} INFO - Processing file /home/airflow/.local/lib/python3.12/site-packages/airflow/example_dags/tutorial_taskflow_api.py for tasks to queue
[2026-05-16T11:54:03.331+0000] {logging_mixin.py:188} INFO - [2026-05-16T11:54:03.330+0000] {dagbag.py:545} INFO - Filling up the DagBag from /home/airflow/.local/lib/python3.12/site-packages/airflow/example_dags/tutorial_taskflow_api.py
[2026-05-16T11:54:03.342+0000] {processor.py:840} INFO - DAG(s) 'tutorial_taskflow_api' retrieved from /home/airflow/.local/lib/python3.12/site-packages/airflow/example_dags/tutorial_taskflow_api.py
[2026-05-16T11:54:03.385+0000] {logging_mixin.py:188} INFO - [2026-05-16T11:54:03.384+0000] {dag.py:3089} INFO - Sync 1 DAGs
[2026-05-16T11:54:03.408+0000] {logging_mixin.py:188} INFO - [2026-05-16T11:54:03.407+0000] {dag.py:3947} INFO - Setting next_dagrun for tutorial_taskflow_api to None, run_after=None
[2026-05-16T11:54:03.602+0000] {processor.py:183} INFO - Processing /home/airflow/.local/lib/python3.12/site-packages/airflow/example_dags/tutorial_taskflow_api.py took 0.288 seconds
[2026-05-16T11:54:33.815+0000] {processor.py:161} INFO - Started process (PID=89501) to work on /home/airflow/.local/lib/python3.12/site-packages/airflow/example_dags/tutorial_taskflow_api.py
[2026-05-16T11:54:33.817+0000] {processor.py:830} INFO - Processing file /home/airflow/.local/lib/python3.12/site-packages/airflow/example_dags/tutorial_taskflow_api.py for tasks to queue
[2026-05-16T11:54:33.820+0000] {logging_mixin.py:188} INFO - [2026-05-16T11:54:33.820+0000] {dagbag.py:545} INFO - Filling up the DagBag from /home/airflow/.local/lib/python3.12/site-packages/airflow/example_dags/tutorial_taskflow_api.py
[2026-05-16T11:54:33.832+0000] {processor.py:840} INFO - DAG(s) 'tutorial_taskflow_api' retrieved from /home/airflow/.local/lib/python3.12/site-packages/airflow/example_dags/tutorial_taskflow_api.py
[2026-05-16T11:54:33.866+0000] {logging_mixin.py:188} INFO - [2026-05-16T11:54:33.866+0000] {dag.py:3089} INFO - Sync 1 DAGs
[2026-05-16T11:54:33.888+0000] {logging_mixin.py:188} INFO - [2026-05-16T11:54:33.887+0000] {dag.py:3947} INFO - Setting next_dagrun for tutorial_taskflow_api to None, run_after=None
[2026-05-16T11:54:33.929+0000] {processor.py:183} INFO - Processing /home/airflow/.local/lib/python3.12/site-packages/airflow/example_dags/tutorial_taskflow_api.py took 0.123 seconds
[2026-05-16T11:55:04.814+0000] {processor.py:161} INFO - Started process (PID=89569) to work on /home/airflow/.local/lib/python3.12/site-packages/airflow/example_dags/tutorial_taskflow_api.py
[2026-05-16T11:55:04.816+0000] {processor.py:830} INFO - Processing file /home/airflow/.local/lib/python3.12/site-packages/airflow/example_dags/tutorial_taskflow_api.py for tasks to queue
[2026-05-16T11:55:04.821+0000] {logging_mixin.py:188} INFO - [2026-05-16T11:55:04.820+0000] {dagbag.py:545} INFO - Filling up the DagBag from /home/airflow/.local/lib/python3.12/site-packages/airflow/example_dags/tutorial_taskflow_api.py
[2026-05-16T11:55:04.835+0000] {processor.py:840} INFO - DAG(s) 'tutorial_taskflow_api' retrieved from /home/airflow/.local/lib/python3.12/site-packages/airflow/example_dags/tutorial_taskflow_api.py
[2026-05-16T11:55:04.872+0000] {logging_mixin.py:188} INFO - [2026-05-16T11:55:04.871+0000] {dag.py:3089} INFO - Sync 1 DAGs
[2026-05-16T11:55:04.893+0000] {logging_mixin.py:188} INFO - [2026-05-16T11:55:04.892+0000] {dag.py:3947} INFO - Setting next_dagrun for tutorial_taskflow_api to None, run_after=None
[2026-05-16T11:55:04.963+0000] {processor.py:183} INFO - Processing /home/airflow/.local/lib/python3.12/site-packages/airflow/example_dags/tutorial_taskflow_api.py took 0.162 seconds
[2026-05-16T11:55:35.333+0000] {processor.py:161} INFO - Started process (PID=89638) to work on /home/airflow/.local/lib/python3.12/site-packages/airflow/example_dags/tutorial_taskflow_api.py
[2026-05-16T11:55:35.336+0000] {processor.py:830} INFO - Processing file /home/airflow/.local/lib/python3.12/site-packages/airflow/example_dags/tutorial_taskflow_api.py for tasks to queue
[2026-05-16T11:55:35.343+0000] {logging_mixin.py:188} INFO - [2026-05-16T11:55:35.342+0000] {dagbag.py:545} INFO - Filling up the DagBag from /home/airflow/.local/lib/python3.12/site-packages/airflow/example_dags/tutorial_taskflow_api.py
[2026-05-16T11:55:35.358+0000] {processor.py:840} INFO - DAG(s) 'tutorial_taskflow_api' retrieved from /home/airflow/.local/lib/python3.12/site-packages/airflow/example_dags/tutorial_taskflow_api.py
[2026-05-16T11:55:35.406+0000] {logging_mixin.py:188} INFO - [2026-05-16T11:55:35.405+0000] {dag.py:3089} INFO - Sync 1 DAGs
[2026-05-16T11:55:35.431+0000] {logging_mixin.py:188} INFO - [2026-05-16T11:55:35.430+0000] {dag.py:3947} INFO - Setting next_dagrun for tutorial_taskflow_api to None, run_after=None
[2026-05-16T11:55:35.498+0000] {processor.py:183} INFO - Processing /home/airflow/.local/lib/python3.12/site-packages/airflow/example_dags/tutorial_taskflow_api.py took 0.177 seconds
[2026-05-16T11:56:05.667+0000] {processor.py:161} INFO - Started process (PID=89706) to work on /home/airflow/.local/lib/python3.12/site-packages/airflow/example_dags/tutorial_taskflow_api.py
[2026-05-16T11:56:05.669+0000] {processor.py:830} INFO - Processing file /home/airflow/.local/lib/python3.12/site-packages/airflow/example_dags/tutorial_taskflow_api.py for tasks to queue
[2026-05-16T11:56:05.673+0000] {logging_mixin.py:188} INFO - [2026-05-16T11:56:05.672+0000] {dagbag.py:545} INFO - Filling up the DagBag from /home/airflow/.local/lib/python3.12/site-packages/airflow/example_dags/tutorial_taskflow_api.py
[2026-05-16T11:56:05.684+0000] {processor.py:840} INFO - DAG(s) 'tutorial_taskflow_api' retrieved from /home/airflow/.local/lib/python3.12/site-packages/airflow/example_dags/tutorial_taskflow_api.py
[2026-05-16T11:56:05.721+0000] {logging_mixin.py:188} INFO - [2026-05-16T11:56:05.720+0000] {dag.py:3089} INFO - Sync 1 DAGs
[2026-05-16T11:56:05.748+0000] {logging_mixin.py:188} INFO - [2026-05-16T11:56:05.748+0000] {dag.py:3947} INFO - Setting next_dagrun for tutorial_taskflow_api to None, run_after=None
[2026-05-16T11:56:05.799+0000] {processor.py:183} INFO - Processing /home/airflow/.local/lib/python3.12/site-packages/airflow/example_dags/tutorial_taskflow_api.py took 0.143 seconds
[2026-05-16T11:56:36.717+0000] {processor.py:161} INFO - Started process (PID=89774) to work on /home/airflow/.local/lib/python3.12/site-packages/airflow/example_dags/tutorial_taskflow_api.py
[2026-05-16T11:56:36.720+0000] {processor.py:830} INFO - Processing file /home/airflow/.local/lib/python3.12/site-packages/airflow/example_dags/tutorial_taskflow_api.py for tasks to queue
[2026-05-16T11:56:36.724+0000] {logging_mixin.py:188} INFO - [2026-05-16T11:56:36.723+0000] {dagbag.py:545} INFO - Filling up the DagBag from /home/airflow/.local/lib/python3.12/site-packages/airflow/example_dags/tutorial_taskflow_api.py
[2026-05-16T11:56:36.736+0000] {processor.py:840} INFO - DAG(s) 'tutorial_taskflow_api' retrieved from /home/airflow/.local/lib/python3.12/site-packages/airflow/example_dags/tutorial_taskflow_api.py
[2026-05-16T11:56:36.771+0000] {logging_mixin.py:188} INFO - [2026-05-16T11:56:36.770+0000] {dag.py:3089} INFO - Sync 1 DAGs
[2026-05-16T11:56:36.791+0000] {logging_mixin.py:188} INFO - [2026-05-16T11:56:36.790+0000] {dag.py:3947} INFO - Setting next_dagrun for tutorial_taskflow_api to None, run_after=None
[2026-05-16T11:56:36.831+0000] {processor.py:183} INFO - Processing /home/airflow/.local/lib/python3.12/site-packages/airflow/example_dags/tutorial_taskflow_api.py took 0.126 seconds
[2026-05-16T11:57:07.850+0000] {processor.py:161} INFO - Started process (PID=89841) to work on /home/airflow/.local/lib/python3.12/site-packages/airflow/example_dags/tutorial_taskflow_api.py
[2026-05-16T11:57:07.853+0000] {processor.py:830} INFO - Processing file /home/airflow/.local/lib/python3.12/site-packages/airflow/example_dags/tutorial_taskflow_api.py for tasks to queue
[2026-05-16T11:57:07.857+0000] {logging_mixin.py:188} INFO - [2026-05-16T11:57:07.856+0000] {dagbag.py:545} INFO - Filling up the DagBag from /home/airflow/.local/lib/python3.12/site-packages/airflow/example_dags/tutorial_taskflow_api.py
[2026-05-16T11:57:07.868+0000] {processor.py:840} INFO - DAG(s) 'tutorial_taskflow_api' retrieved from /home/airflow/.local/lib/python3.12/site-packages/airflow/example_dags/tutorial_taskflow_api.py
[2026-05-16T11:57:07.912+0000] {logging_mixin.py:188} INFO - [2026-05-16T11:57:07.911+0000] {dag.py:3089} INFO - Sync 1 DAGs
[2026-05-16T11:57:07.938+0000] {logging_mixin.py:188} INFO - [2026-05-16T11:57:07.937+0000] {dag.py:3947} INFO - Setting next_dagrun for tutorial_taskflow_api to None, run_after=None
[2026-05-16T11:57:07.978+0000] {processor.py:183} INFO - Processing /home/airflow/.local/lib/python3.12/site-packages/airflow/example_dags/tutorial_taskflow_api.py took 0.141 seconds
[2026-05-16T11:57:38.233+0000] {processor.py:161} INFO - Started process (PID=89909) to work on /home/airflow/.local/lib/python3.12/site-packages/airflow/example_dags/tutorial_taskflow_api.py
[2026-05-16T11:57:38.236+0000] {processor.py:830} INFO - Processing file /home/airflow/.local/lib/python3.12/site-packages/airflow/example_dags/tutorial_taskflow_api.py for tasks to queue
[2026-05-16T11:57:38.241+0000] {logging_mixin.py:188} INFO - [2026-05-16T11:57:38.240+0000] {dagbag.py:545} INFO - Filling up the DagBag from /home/airflow/.local/lib/python3.12/site-packages/airflow/example_dags/tutorial_taskflow_api.py
[2026-05-16T11:57:38.254+0000] {processor.py:840} INFO - DAG(s) 'tutorial_taskflow_api' retrieved from /home/airflow/.local/lib/python3.12/site-packages/airflow/example_dags/tutorial_taskflow_api.py
[2026-05-16T11:57:38.293+0000] {logging_mixin.py:188} INFO - [2026-05-16T11:57:38.293+0000] {dag.py:3089} INFO - Sync 1 DAGs
[2026-05-16T11:57:38.313+0000] {logging_mixin.py:188} INFO - [2026-05-16T11:57:38.313+0000] {dag.py:3947} INFO - Setting next_dagrun for tutorial_taskflow_api to None, run_after=None
[2026-05-16T11:57:38.352+0000] {processor.py:183} INFO - Processing /home/airflow/.local/lib/python3.12/site-packages/airflow/example_dags/tutorial_taskflow_api.py took 0.129 seconds
[2026-05-16T11:58:08.460+0000] {processor.py:161} INFO - Started process (PID=89983) to work on /home/airflow/.local/lib/python3.12/site-packages/airflow/example_dags/tutorial_taskflow_api.py
[2026-05-16T11:58:08.462+0000] {processor.py:830} INFO - Processing file /home/airflow/.local/lib/python3.12/site-packages/airflow/example_dags/tutorial_taskflow_api.py for tasks to queue
[2026-05-16T11:58:08.464+0000] {logging_mixin.py:188} INFO - [2026-05-16T11:58:08.464+0000] {dagbag.py:545} INFO - Filling up the DagBag from /home/airflow/.local/lib/python3.12/site-packages/airflow/example_dags/tutorial_taskflow_api.py
[2026-05-16T11:58:08.472+0000] {processor.py:840} INFO - DAG(s) 'tutorial_taskflow_api' retrieved from /home/airflow/.local/lib/python3.12/site-packages/airflow/example_dags/tutorial_taskflow_api.py
[2026-05-16T11:58:08.492+0000] {logging_mixin.py:188} INFO - [2026-05-16T11:58:08.492+0000] {dag.py:3089} INFO - Sync 1 DAGs
[2026-05-16T11:58:08.503+0000] {logging_mixin.py:188} INFO - [2026-05-16T11:58:08.502+0000] {dag.py:3947} INFO - Setting next_dagrun for tutorial_taskflow_api to None, run_after=None
[2026-05-16T11:58:08.528+0000] {processor.py:183} INFO - Processing /home/airflow/.local/lib/python3.12/site-packages/airflow/example_dags/tutorial_taskflow_api.py took 0.074 seconds
[2026-05-16T11:58:38.931+0000] {processor.py:161} INFO - Started process (PID=90051) to work on /home/airflow/.local/lib/python3.12/site-packages/airflow/example_dags/tutorial_taskflow_api.py
[2026-05-16T11:58:38.933+0000] {processor.py:830} INFO - Processing file /home/airflow/.local/lib/python3.12/site-packages/airflow/example_dags/tutorial_taskflow_api.py for tasks to queue
[2026-05-16T11:58:38.936+0000] {logging_mixin.py:188} INFO - [2026-05-16T11:58:38.935+0000] {dagbag.py:545} INFO - Filling up the DagBag from /home/airflow/.local/lib/python3.12/site-packages/airflow/example_dags/tutorial_taskflow_api.py
[2026-05-16T11:58:38.944+0000] {processor.py:840} INFO - DAG(s) 'tutorial_taskflow_api' retrieved from /home/airflow/.local/lib/python3.12/site-packages/airflow/example_dags/tutorial_taskflow_api.py
[2026-05-16T11:58:38.970+0000] {logging_mixin.py:188} INFO - [2026-05-16T11:58:38.970+0000] {dag.py:3089} INFO - Sync 1 DAGs
[2026-05-16T11:58:38.982+0000] {logging_mixin.py:188} INFO - [2026-05-16T11:58:38.982+0000] {dag.py:3947} INFO - Setting next_dagrun for tutorial_taskflow_api to None, run_after=None
[2026-05-16T11:58:39.002+0000] {processor.py:183} INFO - Processing /home/airflow/.local/lib/python3.12/site-packages/airflow/example_dags/tutorial_taskflow_api.py took 0.078 seconds
[2026-05-16T11:59:09.725+0000] {processor.py:161} INFO - Started process (PID=90119) to work on /home/airflow/.local/lib/python3.12/site-packages/airflow/example_dags/tutorial_taskflow_api.py
[2026-05-16T11:59:09.727+0000] {processor.py:830} INFO - Processing file /home/airflow/.local/lib/python3.12/site-packages/airflow/example_dags/tutorial_taskflow_api.py for tasks to queue
[2026-05-16T11:59:09.730+0000] {logging_mixin.py:188} INFO - [2026-05-16T11:59:09.729+0000] {dagbag.py:545} INFO - Filling up the DagBag from /home/airflow/.local/lib/python3.12/site-packages/airflow/example_dags/tutorial_taskflow_api.py
[2026-05-16T11:59:09.739+0000] {processor.py:840} INFO - DAG(s) 'tutorial_taskflow_api' retrieved from /home/airflow/.local/lib/python3.12/site-packages/airflow/example_dags/tutorial_taskflow_api.py
[2026-05-16T11:59:09.773+0000] {logging_mixin.py:188} INFO - [2026-05-16T11:59:09.773+0000] {dag.py:3089} INFO - Sync 1 DAGs
[2026-05-16T11:59:09.796+0000] {logging_mixin.py:188} INFO - [2026-05-16T11:59:09.796+0000] {dag.py:3947} INFO - Setting next_dagrun for tutorial_taskflow_api to None, run_after=None
[2026-05-16T11:59:09.824+0000] {processor.py:183} INFO - Processing /home/airflow/.local/lib/python3.12/site-packages/airflow/example_dags/tutorial_taskflow_api.py took 0.106 seconds
[2026-05-16T11:59:41.120+0000] {processor.py:161} INFO - Started process (PID=90194) to work on /home/airflow/.local/lib/python3.12/site-packages/airflow/example_dags/tutorial_taskflow_api.py
[2026-05-16T11:59:41.123+0000] {processor.py:830} INFO - Processing file /home/airflow/.local/lib/python3.12/site-packages/airflow/example_dags/tutorial_taskflow_api.py for tasks to queue
[2026-05-16T11:59:41.128+0000] {logging_mixin.py:188} INFO - [2026-05-16T11:59:41.127+0000] {dagbag.py:545} INFO - Filling up the DagBag from /home/airflow/.local/lib/python3.12/site-packages/airflow/example_dags/tutorial_taskflow_api.py
[2026-05-16T11:59:41.148+0000] {processor.py:840} INFO - DAG(s) 'tutorial_taskflow_api' retrieved from /home/airflow/.local/lib/python3.12/site-packages/airflow/example_dags/tutorial_taskflow_api.py
[2026-05-16T11:59:41.199+0000] {logging_mixin.py:188} INFO - [2026-05-16T11:59:41.198+0000] {dag.py:3089} INFO - Sync 1 DAGs
[2026-05-16T11:59:41.228+0000] {logging_mixin.py:188} INFO - [2026-05-16T11:59:41.227+0000] {dag.py:3947} INFO - Setting next_dagrun for tutorial_taskflow_api to None, run_after=None
[2026-05-16T11:59:41.279+0000] {processor.py:183} INFO - Processing /home/airflow/.local/lib/python3.12/site-packages/airflow/example_dags/tutorial_taskflow_api.py took 0.174 seconds
[2026-05-16T12:00:11.827+0000] {processor.py:161} INFO - Started process (PID=90262) to work on /home/airflow/.local/lib/python3.12/site-packages/airflow/example_dags/tutorial_taskflow_api.py
[2026-05-16T12:00:11.828+0000] {processor.py:830} INFO - Processing file /home/airflow/.local/lib/python3.12/site-packages/airflow/example_dags/tutorial_taskflow_api.py for tasks to queue
[2026-05-16T12:00:11.830+0000] {logging_mixin.py:188} INFO - [2026-05-16T12:00:11.830+0000] {dagbag.py:545} INFO - Filling up the DagBag from /home/airflow/.local/lib/python3.12/site-packages/airflow/example_dags/tutorial_taskflow_api.py
[2026-05-16T12:00:11.844+0000] {processor.py:840} INFO - DAG(s) 'tutorial_taskflow_api' retrieved from /home/airflow/.local/lib/python3.12/site-packages/airflow/example_dags/tutorial_taskflow_api.py
[2026-05-16T12:00:11.872+0000] {logging_mixin.py:188} INFO - [2026-05-16T12:00:11.871+0000] {dag.py:3089} INFO - Sync 1 DAGs
[2026-05-16T12:00:11.888+0000] {logging_mixin.py:188} INFO - [2026-05-16T12:00:11.887+0000] {dag.py:3947} INFO - Setting next_dagrun for tutorial_taskflow_api to None, run_after=None
[2026-05-16T12:00:11.913+0000] {processor.py:183} INFO - Processing /home/airflow/.local/lib/python3.12/site-packages/airflow/example_dags/tutorial_taskflow_api.py took 0.094 seconds
[2026-05-16T12:00:42.435+0000] {processor.py:161} INFO - Started process (PID=90338) to work on /home/airflow/.local/lib/python3.12/site-packages/airflow/example_dags/tutorial_taskflow_api.py
[2026-05-16T12:00:42.436+0000] {processor.py:830} INFO - Processing file /home/airflow/.local/lib/python3.12/site-packages/airflow/example_dags/tutorial_taskflow_api.py for tasks to queue
[2026-05-16T12:00:42.439+0000] {logging_mixin.py:188} INFO - [2026-05-16T12:00:42.438+0000] {dagbag.py:545} INFO - Filling up the DagBag from /home/airflow/.local/lib/python3.12/site-packages/airflow/example_dags/tutorial_taskflow_api.py
[2026-05-16T12:00:42.446+0000] {processor.py:840} INFO - DAG(s) 'tutorial_taskflow_api' retrieved from /home/airflow/.local/lib/python3.12/site-packages/airflow/example_dags/tutorial_taskflow_api.py
[2026-05-16T12:00:42.466+0000] {logging_mixin.py:188} INFO - [2026-05-16T12:00:42.465+0000] {dag.py:3089} INFO - Sync 1 DAGs
[2026-05-16T12:00:42.477+0000] {logging_mixin.py:188} INFO - [2026-05-16T12:00:42.477+0000] {dag.py:3947} INFO - Setting next_dagrun for tutorial_taskflow_api to None, run_after=None
[2026-05-16T12:00:42.504+0000] {processor.py:183} INFO - Processing /home/airflow/.local/lib/python3.12/site-packages/airflow/example_dags/tutorial_taskflow_api.py took 0.075 seconds
[2026-05-16T12:01:13.319+0000] {processor.py:161} INFO - Started process (PID=90406) to work on /home/airflow/.local/lib/python3.12/site-packages/airflow/example_dags/tutorial_taskflow_api.py
[2026-05-16T12:01:13.321+0000] {processor.py:830} INFO - Processing file /home/airflow/.local/lib/python3.12/site-packages/airflow/example_dags/tutorial_taskflow_api.py for tasks to queue
[2026-05-16T12:01:13.327+0000] {logging_mixin.py:188} INFO - [2026-05-16T12:01:13.327+0000] {dagbag.py:545} INFO - Filling up the DagBag from /home/airflow/.local/lib/python3.12/site-packages/airflow/example_dags/tutorial_taskflow_api.py
[2026-05-16T12:01:13.345+0000] {processor.py:840} INFO - DAG(s) 'tutorial_taskflow_api' retrieved from /home/airflow/.local/lib/python3.12/site-packages/airflow/example_dags/tutorial_taskflow_api.py
[2026-05-16T12:01:13.383+0000] {logging_mixin.py:188} INFO - [2026-05-16T12:01:13.383+0000] {dag.py:3089} INFO - Sync 1 DAGs
[2026-05-16T12:01:13.403+0000] {logging_mixin.py:188} INFO - [2026-05-16T12:01:13.403+0000] {dag.py:3947} INFO - Setting next_dagrun for tutorial_taskflow_api to None, run_after=None
[2026-05-16T12:01:13.433+0000] {processor.py:183} INFO - Processing /home/airflow/.local/lib/python3.12/site-packages/airflow/example_dags/tutorial_taskflow_api.py took 0.120 seconds
[2026-05-16T12:01:43.611+0000] {processor.py:161} INFO - Started process (PID=90473) to work on /home/airflow/.local/lib/python3.12/site-packages/airflow/example_dags/tutorial_taskflow_api.py
[2026-05-16T12:01:43.612+0000] {processor.py:830} INFO - Processing file /home/airflow/.local/lib/python3.12/site-packages/airflow/example_dags/tutorial_taskflow_api.py for tasks to queue
[2026-05-16T12:01:43.615+0000] {logging_mixin.py:188} INFO - [2026-05-16T12:01:43.614+0000] {dagbag.py:545} INFO - Filling up the DagBag from /home/airflow/.local/lib/python3.12/site-packages/airflow/example_dags/tutorial_taskflow_api.py
[2026-05-16T12:01:43.624+0000] {processor.py:840} INFO - DAG(s) 'tutorial_taskflow_api' retrieved from /home/airflow/.local/lib/python3.12/site-packages/airflow/example_dags/tutorial_taskflow_api.py
[2026-05-16T12:01:43.643+0000] {logging_mixin.py:188} INFO - [2026-05-16T12:01:43.643+0000] {dag.py:3089} INFO - Sync 1 DAGs
[2026-05-16T12:01:43.654+0000] {logging_mixin.py:188} INFO - [2026-05-16T12:01:43.654+0000] {dag.py:3947} INFO - Setting next_dagrun for tutorial_taskflow_api to None, run_after=None
[2026-05-16T12:01:43.677+0000] {processor.py:183} INFO - Processing /home/airflow/.local/lib/python3.12/site-packages/airflow/example_dags/tutorial_taskflow_api.py took 0.072 seconds
[2026-05-16T12:02:14.007+0000] {processor.py:161} INFO - Started process (PID=90549) to work on /home/airflow/.local/lib/python3.12/site-packages/airflow/example_dags/tutorial_taskflow_api.py
[2026-05-16T12:02:14.008+0000] {processor.py:830} INFO - Processing file /home/airflow/.local/lib/python3.12/site-packages/airflow/example_dags/tutorial_taskflow_api.py for tasks to queue
[2026-05-16T12:02:14.010+0000] {logging_mixin.py:188} INFO - [2026-05-16T12:02:14.010+0000] {dagbag.py:545} INFO - Filling up the DagBag from /home/airflow/.local/lib/python3.12/site-packages/airflow/example_dags/tutorial_taskflow_api.py
[2026-05-16T12:02:14.016+0000] {processor.py:840} INFO - DAG(s) 'tutorial_taskflow_api' retrieved from /home/airflow/.local/lib/python3.12/site-packages/airflow/example_dags/tutorial_taskflow_api.py
[2026-05-16T12:02:14.035+0000] {logging_mixin.py:188} INFO - [2026-05-16T12:02:14.035+0000] {dag.py:3089} INFO - Sync 1 DAGs
[2026-05-16T12:02:14.046+0000] {logging_mixin.py:188} INFO - [2026-05-16T12:02:14.046+0000] {dag.py:3947} INFO - Setting next_dagrun for tutorial_taskflow_api to None, run_after=None
[2026-05-16T12:02:14.066+0000] {processor.py:183} INFO - Processing /home/airflow/.local/lib/python3.12/site-packages/airflow/example_dags/tutorial_taskflow_api.py took 0.065 seconds
[2026-05-16T12:02:44.285+0000] {processor.py:161} INFO - Started process (PID=90617) to work on /home/airflow/.local/lib/python3.12/site-packages/airflow/example_dags/tutorial_taskflow_api.py
[2026-05-16T12:02:44.287+0000] {processor.py:830} INFO - Processing file /home/airflow/.local/lib/python3.12/site-packages/airflow/example_dags/tutorial_taskflow_api.py for tasks to queue
[2026-05-16T12:02:44.290+0000] {logging_mixin.py:188} INFO - [2026-05-16T12:02:44.289+0000] {dagbag.py:545} INFO - Filling up the DagBag from /home/airflow/.local/lib/python3.12/site-packages/airflow/example_dags/tutorial_taskflow_api.py
[2026-05-16T12:02:44.299+0000] {processor.py:840} INFO - DAG(s) 'tutorial_taskflow_api' retrieved from /home/airflow/.local/lib/python3.12/site-packages/airflow/example_dags/tutorial_taskflow_api.py
[2026-05-16T12:02:44.338+0000] {logging_mixin.py:188} INFO - [2026-05-16T12:02:44.338+0000] {dag.py:3089} INFO - Sync 1 DAGs
[2026-05-16T12:02:44.357+0000] {logging_mixin.py:188} INFO - [2026-05-16T12:02:44.357+0000] {dag.py:3947} INFO - Setting next_dagrun for tutorial_taskflow_api to None, run_after=None
[2026-05-16T12:02:44.390+0000] {processor.py:183} INFO - Processing /home/airflow/.local/lib/python3.12/site-packages/airflow/example_dags/tutorial_taskflow_api.py took 0.122 seconds
[2026-05-16T12:03:14.516+0000] {processor.py:161} INFO - Started process (PID=90692) to work on /home/airflow/.local/lib/python3.12/site-packages/airflow/example_dags/tutorial_taskflow_api.py
[2026-05-16T12:03:14.518+0000] {processor.py:830} INFO - Processing file /home/airflow/.local/lib/python3.12/site-packages/airflow/example_dags/tutorial_taskflow_api.py for tasks to queue
[2026-05-16T12:03:14.519+0000] {logging_mixin.py:188} INFO - [2026-05-16T12:03:14.519+0000] {dagbag.py:545} INFO - Filling up the DagBag from /home/airflow/.local/lib/python3.12/site-packages/airflow/example_dags/tutorial_taskflow_api.py
[2026-05-16T12:03:14.525+0000] {processor.py:840} INFO - DAG(s) 'tutorial_taskflow_api' retrieved from /home/airflow/.local/lib/python3.12/site-packages/airflow/example_dags/tutorial_taskflow_api.py
[2026-05-16T12:03:14.547+0000] {logging_mixin.py:188} INFO - [2026-05-16T12:03:14.546+0000] {dag.py:3089} INFO - Sync 1 DAGs
[2026-05-16T12:03:14.559+0000] {logging_mixin.py:188} INFO - [2026-05-16T12:03:14.559+0000] {dag.py:3947} INFO - Setting next_dagrun for tutorial_taskflow_api to None, run_after=None
[2026-05-16T12:03:14.579+0000] {processor.py:183} INFO - Processing /home/airflow/.local/lib/python3.12/site-packages/airflow/example_dags/tutorial_taskflow_api.py took 0.069 seconds
[2026-05-16T12:03:45.984+0000] {processor.py:161} INFO - Started process (PID=90760) to work on /home/airflow/.local/lib/python3.12/site-packages/airflow/example_dags/tutorial_taskflow_api.py
[2026-05-16T12:03:45.986+0000] {processor.py:830} INFO - Processing file /home/airflow/.local/lib/python3.12/site-packages/airflow/example_dags/tutorial_taskflow_api.py for tasks to queue
[2026-05-16T12:03:45.990+0000] {logging_mixin.py:188} INFO - [2026-05-16T12:03:45.989+0000] {dagbag.py:545} INFO - Filling up the DagBag from /home/airflow/.local/lib/python3.12/site-packages/airflow/example_dags/tutorial_taskflow_api.py
[2026-05-16T12:03:46.007+0000] {processor.py:840} INFO - DAG(s) 'tutorial_taskflow_api' retrieved from /home/airflow/.local/lib/python3.12/site-packages/airflow/example_dags/tutorial_taskflow_api.py
[2026-05-16T12:03:46.048+0000] {logging_mixin.py:188} INFO - [2026-05-16T12:03:46.047+0000] {dag.py:3089} INFO - Sync 1 DAGs
[2026-05-16T12:03:46.381+0000] {logging_mixin.py:188} INFO - [2026-05-16T12:03:46.380+0000] {dag.py:3947} INFO - Setting next_dagrun for tutorial_taskflow_api to None, run_after=None
[2026-05-16T12:03:46.437+0000] {processor.py:183} INFO - Processing /home/airflow/.local/lib/python3.12/site-packages/airflow/example_dags/tutorial_taskflow_api.py took 0.467 seconds
[2026-05-16T12:04:16.683+0000] {processor.py:161} INFO - Started process (PID=90828) to work on /home/airflow/.local/lib/python3.12/site-packages/airflow/example_dags/tutorial_taskflow_api.py
[2026-05-16T12:04:16.684+0000] {processor.py:830} INFO - Processing file /home/airflow/.local/lib/python3.12/site-packages/airflow/example_dags/tutorial_taskflow_api.py for tasks to queue
[2026-05-16T12:04:16.686+0000] {logging_mixin.py:188} INFO - [2026-05-16T12:04:16.686+0000] {dagbag.py:545} INFO - Filling up the DagBag from /home/airflow/.local/lib/python3.12/site-packages/airflow/example_dags/tutorial_taskflow_api.py
[2026-05-16T12:04:16.696+0000] {processor.py:840} INFO - DAG(s) 'tutorial_taskflow_api' retrieved from /home/airflow/.local/lib/python3.12/site-packages/airflow/example_dags/tutorial_taskflow_api.py
[2026-05-16T12:04:16.722+0000] {logging_mixin.py:188} INFO - [2026-05-16T12:04:16.722+0000] {dag.py:3089} INFO - Sync 1 DAGs
[2026-05-16T12:04:16.749+0000] {logging_mixin.py:188} INFO - [2026-05-16T12:04:16.748+0000] {dag.py:3947} INFO - Setting next_dagrun for tutorial_taskflow_api to None, run_after=None
[2026-05-16T12:04:16.793+0000] {processor.py:183} INFO - Processing /home/airflow/.local/lib/python3.12/site-packages/airflow/example_dags/tutorial_taskflow_api.py took 0.116 seconds
[2026-05-16T12:04:47.580+0000] {processor.py:161} INFO - Started process (PID=90904) to work on /home/airflow/.local/lib/python3.12/site-packages/airflow/example_dags/tutorial_taskflow_api.py
[2026-05-16T12:04:47.582+0000] {processor.py:830} INFO - Processing file /home/airflow/.local/lib/python3.12/site-packages/airflow/example_dags/tutorial_taskflow_api.py for tasks to queue
[2026-05-16T12:04:47.584+0000] {logging_mixin.py:188} INFO - [2026-05-16T12:04:47.584+0000] {dagbag.py:545} INFO - Filling up the DagBag from /home/airflow/.local/lib/python3.12/site-packages/airflow/example_dags/tutorial_taskflow_api.py
[2026-05-16T12:04:47.591+0000] {processor.py:840} INFO - DAG(s) 'tutorial_taskflow_api' retrieved from /home/airflow/.local/lib/python3.12/site-packages/airflow/example_dags/tutorial_taskflow_api.py
[2026-05-16T12:04:47.608+0000] {logging_mixin.py:188} INFO - [2026-05-16T12:04:47.608+0000] {dag.py:3089} INFO - Sync 1 DAGs
[2026-05-16T12:04:47.618+0000] {logging_mixin.py:188} INFO - [2026-05-16T12:04:47.618+0000] {dag.py:3947} INFO - Setting next_dagrun for tutorial_taskflow_api to None, run_after=None
[2026-05-16T12:04:47.640+0000] {processor.py:183} INFO - Processing /home/airflow/.local/lib/python3.12/site-packages/airflow/example_dags/tutorial_taskflow_api.py took 0.067 seconds
[2026-05-16T12:05:18.164+0000] {processor.py:161} INFO - Started process (PID=90970) to work on /home/airflow/.local/lib/python3.12/site-packages/airflow/example_dags/tutorial_taskflow_api.py
[2026-05-16T12:05:18.166+0000] {processor.py:830} INFO - Processing file /home/airflow/.local/lib/python3.12/site-packages/airflow/example_dags/tutorial_taskflow_api.py for tasks to queue
[2026-05-16T12:05:18.171+0000] {logging_mixin.py:188} INFO - [2026-05-16T12:05:18.170+0000] {dagbag.py:545} INFO - Filling up the DagBag from /home/airflow/.local/lib/python3.12/site-packages/airflow/example_dags/tutorial_taskflow_api.py
[2026-05-16T12:05:18.186+0000] {processor.py:840} INFO - DAG(s) 'tutorial_taskflow_api' retrieved from /home/airflow/.local/lib/python3.12/site-packages/airflow/example_dags/tutorial_taskflow_api.py
[2026-05-16T12:05:18.220+0000] {logging_mixin.py:188} INFO - [2026-05-16T12:05:18.220+0000] {dag.py:3089} INFO - Sync 1 DAGs
[2026-05-16T12:05:18.244+0000] {logging_mixin.py:188} INFO - [2026-05-16T12:05:18.243+0000] {dag.py:3947} INFO - Setting next_dagrun for tutorial_taskflow_api to None, run_after=None
[2026-05-16T12:05:18.284+0000] {processor.py:183} INFO - Processing /home/airflow/.local/lib/python3.12/site-packages/airflow/example_dags/tutorial_taskflow_api.py took 0.129 seconds
[2026-05-16T12:05:48.905+0000] {processor.py:161} INFO - Started process (PID=91046) to work on /home/airflow/.local/lib/python3.12/site-packages/airflow/example_dags/tutorial_taskflow_api.py
[2026-05-16T12:05:48.907+0000] {processor.py:830} INFO - Processing file /home/airflow/.local/lib/python3.12/site-packages/airflow/example_dags/tutorial_taskflow_api.py for tasks to queue
[2026-05-16T12:05:48.911+0000] {logging_mixin.py:188} INFO - [2026-05-16T12:05:48.910+0000] {dagbag.py:545} INFO - Filling up the DagBag from /home/airflow/.local/lib/python3.12/site-packages/airflow/example_dags/tutorial_taskflow_api.py
[2026-05-16T12:05:48.921+0000] {processor.py:840} INFO - DAG(s) 'tutorial_taskflow_api' retrieved from /home/airflow/.local/lib/python3.12/site-packages/airflow/example_dags/tutorial_taskflow_api.py
[2026-05-16T12:05:48.947+0000] {logging_mixin.py:188} INFO - [2026-05-16T12:05:48.947+0000] {dag.py:3089} INFO - Sync 1 DAGs
[2026-05-16T12:05:48.966+0000] {logging_mixin.py:188} INFO - [2026-05-16T12:05:48.966+0000] {dag.py:3947} INFO - Setting next_dagrun for tutorial_taskflow_api to None, run_after=None
[2026-05-16T12:05:49.003+0000] {processor.py:183} INFO - Processing /home/airflow/.local/lib/python3.12/site-packages/airflow/example_dags/tutorial_taskflow_api.py took 0.105 seconds
[2026-05-16T12:06:19.897+0000] {processor.py:161} INFO - Started process (PID=91114) to work on /home/airflow/.local/lib/python3.12/site-packages/airflow/example_dags/tutorial_taskflow_api.py
[2026-05-16T12:06:19.911+0000] {processor.py:830} INFO - Processing file /home/airflow/.local/lib/python3.12/site-packages/airflow/example_dags/tutorial_taskflow_api.py for tasks to queue
[2026-05-16T12:06:19.916+0000] {logging_mixin.py:188} INFO - [2026-05-16T12:06:19.915+0000] {dagbag.py:545} INFO - Filling up the DagBag from /home/airflow/.local/lib/python3.12/site-packages/airflow/example_dags/tutorial_taskflow_api.py
[2026-05-16T12:06:19.929+0000] {processor.py:840} INFO - DAG(s) 'tutorial_taskflow_api' retrieved from /home/airflow/.local/lib/python3.12/site-packages/airflow/example_dags/tutorial_taskflow_api.py
[2026-05-16T12:06:19.968+0000] {logging_mixin.py:188} INFO - [2026-05-16T12:06:19.968+0000] {dag.py:3089} INFO - Sync 1 DAGs
[2026-05-16T12:06:19.991+0000] {logging_mixin.py:188} INFO - [2026-05-16T12:06:19.991+0000] {dag.py:3947} INFO - Setting next_dagrun for tutorial_taskflow_api to None, run_after=None
[2026-05-16T12:06:20.027+0000] {processor.py:183} INFO - Processing /home/airflow/.local/lib/python3.12/site-packages/airflow/example_dags/tutorial_taskflow_api.py took 0.139 seconds
[2026-05-16T12:06:50.322+0000] {processor.py:161} INFO - Started process (PID=91189) to work on /home/airflow/.local/lib/python3.12/site-packages/airflow/example_dags/tutorial_taskflow_api.py
[2026-05-16T12:06:50.323+0000] {processor.py:830} INFO - Processing file /home/airflow/.local/lib/python3.12/site-packages/airflow/example_dags/tutorial_taskflow_api.py for tasks to queue
[2026-05-16T12:06:50.325+0000] {logging_mixin.py:188} INFO - [2026-05-16T12:06:50.325+0000] {dagbag.py:545} INFO - Filling up the DagBag from /home/airflow/.local/lib/python3.12/site-packages/airflow/example_dags/tutorial_taskflow_api.py
[2026-05-16T12:06:50.331+0000] {processor.py:840} INFO - DAG(s) 'tutorial_taskflow_api' retrieved from /home/airflow/.local/lib/python3.12/site-packages/airflow/example_dags/tutorial_taskflow_api.py
[2026-05-16T12:06:50.361+0000] {logging_mixin.py:188} INFO - [2026-05-16T12:06:50.360+0000] {dag.py:3089} INFO - Sync 1 DAGs
[2026-05-16T12:06:50.374+0000] {logging_mixin.py:188} INFO - [2026-05-16T12:06:50.374+0000] {dag.py:3947} INFO - Setting next_dagrun for tutorial_taskflow_api to None, run_after=None
[2026-05-16T12:06:50.403+0000] {processor.py:183} INFO - Processing /home/airflow/.local/lib/python3.12/site-packages/airflow/example_dags/tutorial_taskflow_api.py took 0.085 seconds
[2026-05-16T12:07:21.572+0000] {processor.py:161} INFO - Started process (PID=91257) to work on /home/airflow/.local/lib/python3.12/site-packages/airflow/example_dags/tutorial_taskflow_api.py
[2026-05-16T12:07:21.573+0000] {processor.py:830} INFO - Processing file /home/airflow/.local/lib/python3.12/site-packages/airflow/example_dags/tutorial_taskflow_api.py for tasks to queue
[2026-05-16T12:07:21.575+0000] {logging_mixin.py:188} INFO - [2026-05-16T12:07:21.575+0000] {dagbag.py:545} INFO - Filling up the DagBag from /home/airflow/.local/lib/python3.12/site-packages/airflow/example_dags/tutorial_taskflow_api.py
[2026-05-16T12:07:21.589+0000] {processor.py:840} INFO - DAG(s) 'tutorial_taskflow_api' retrieved from /home/airflow/.local/lib/python3.12/site-packages/airflow/example_dags/tutorial_taskflow_api.py
[2026-05-16T12:07:21.620+0000] {logging_mixin.py:188} INFO - [2026-05-16T12:07:21.619+0000] {dag.py:3089} INFO - Sync 1 DAGs
[2026-05-16T12:07:21.640+0000] {logging_mixin.py:188} INFO - [2026-05-16T12:07:21.640+0000] {dag.py:3947} INFO - Setting next_dagrun for tutorial_taskflow_api to None, run_after=None
[2026-05-16T12:07:21.674+0000] {processor.py:183} INFO - Processing /home/airflow/.local/lib/python3.12/site-packages/airflow/example_dags/tutorial_taskflow_api.py took 0.109 seconds
[2026-05-16T12:07:51.937+0000] {processor.py:161} INFO - Started process (PID=91332) to work on /home/airflow/.local/lib/python3.12/site-packages/airflow/example_dags/tutorial_taskflow_api.py
[2026-05-16T12:07:51.938+0000] {processor.py:830} INFO - Processing file /home/airflow/.local/lib/python3.12/site-packages/airflow/example_dags/tutorial_taskflow_api.py for tasks to queue
[2026-05-16T12:07:51.940+0000] {logging_mixin.py:188} INFO - [2026-05-16T12:07:51.940+0000] {dagbag.py:545} INFO - Filling up the DagBag from /home/airflow/.local/lib/python3.12/site-packages/airflow/example_dags/tutorial_taskflow_api.py
[2026-05-16T12:07:51.947+0000] {processor.py:840} INFO - DAG(s) 'tutorial_taskflow_api' retrieved from /home/airflow/.local/lib/python3.12/site-packages/airflow/example_dags/tutorial_taskflow_api.py
[2026-05-16T12:07:51.966+0000] {logging_mixin.py:188} INFO - [2026-05-16T12:07:51.966+0000] {dag.py:3089} INFO - Sync 1 DAGs
[2026-05-16T12:07:51.977+0000] {logging_mixin.py:188} INFO - [2026-05-16T12:07:51.977+0000] {dag.py:3947} INFO - Setting next_dagrun for tutorial_taskflow_api to None, run_after=None
[2026-05-16T12:07:52.000+0000] {processor.py:183} INFO - Processing /home/airflow/.local/lib/python3.12/site-packages/airflow/example_dags/tutorial_taskflow_api.py took 0.069 seconds
[2026-05-16T12:08:22.926+0000] {processor.py:161} INFO - Started process (PID=91401) to work on /home/airflow/.local/lib/python3.12/site-packages/airflow/example_dags/tutorial_taskflow_api.py
[2026-05-16T12:08:22.929+0000] {processor.py:830} INFO - Processing file /home/airflow/.local/lib/python3.12/site-packages/airflow/example_dags/tutorial_taskflow_api.py for tasks to queue
[2026-05-16T12:08:22.934+0000] {logging_mixin.py:188} INFO - [2026-05-16T12:08:22.933+0000] {dagbag.py:545} INFO - Filling up the DagBag from /home/airflow/.local/lib/python3.12/site-packages/airflow/example_dags/tutorial_taskflow_api.py
[2026-05-16T12:08:22.950+0000] {processor.py:840} INFO - DAG(s) 'tutorial_taskflow_api' retrieved from /home/airflow/.local/lib/python3.12/site-packages/airflow/example_dags/tutorial_taskflow_api.py
[2026-05-16T12:08:22.992+0000] {logging_mixin.py:188} INFO - [2026-05-16T12:08:22.991+0000] {dag.py:3089} INFO - Sync 1 DAGs
[2026-05-16T12:08:23.013+0000] {logging_mixin.py:188} INFO - [2026-05-16T12:08:23.013+0000] {dag.py:3947} INFO - Setting next_dagrun for tutorial_taskflow_api to None, run_after=None
[2026-05-16T12:08:23.054+0000] {processor.py:183} INFO - Processing /home/airflow/.local/lib/python3.12/site-packages/airflow/example_dags/tutorial_taskflow_api.py took 0.143 seconds
[2026-05-16T12:08:53.717+0000] {processor.py:161} INFO - Started process (PID=91469) to work on /home/airflow/.local/lib/python3.12/site-packages/airflow/example_dags/tutorial_taskflow_api.py
[2026-05-16T12:08:53.719+0000] {processor.py:830} INFO - Processing file /home/airflow/.local/lib/python3.12/site-packages/airflow/example_dags/tutorial_taskflow_api.py for tasks to queue
[2026-05-16T12:08:53.721+0000] {logging_mixin.py:188} INFO - [2026-05-16T12:08:53.721+0000] {dagbag.py:545} INFO - Filling up the DagBag from /home/airflow/.local/lib/python3.12/site-packages/airflow/example_dags/tutorial_taskflow_api.py
[2026-05-16T12:08:53.728+0000] {processor.py:840} INFO - DAG(s) 'tutorial_taskflow_api' retrieved from /home/airflow/.local/lib/python3.12/site-packages/airflow/example_dags/tutorial_taskflow_api.py
[2026-05-16T12:08:53.750+0000] {logging_mixin.py:188} INFO - [2026-05-16T12:08:53.749+0000] {dag.py:3089} INFO - Sync 1 DAGs
[2026-05-16T12:08:53.762+0000] {logging_mixin.py:188} INFO - [2026-05-16T12:08:53.761+0000] {dag.py:3947} INFO - Setting next_dagrun for tutorial_taskflow_api to None, run_after=None
[2026-05-16T12:08:53.780+0000] {processor.py:183} INFO - Processing /home/airflow/.local/lib/python3.12/site-packages/airflow/example_dags/tutorial_taskflow_api.py took 0.074 seconds
[2026-05-16T12:09:24.256+0000] {processor.py:161} INFO - Started process (PID=91544) to work on /home/airflow/.local/lib/python3.12/site-packages/airflow/example_dags/tutorial_taskflow_api.py
[2026-05-16T12:09:24.257+0000] {processor.py:830} INFO - Processing file /home/airflow/.local/lib/python3.12/site-packages/airflow/example_dags/tutorial_taskflow_api.py for tasks to queue
[2026-05-16T12:09:24.262+0000] {logging_mixin.py:188} INFO - [2026-05-16T12:09:24.261+0000] {dagbag.py:545} INFO - Filling up the DagBag from /home/airflow/.local/lib/python3.12/site-packages/airflow/example_dags/tutorial_taskflow_api.py
[2026-05-16T12:09:24.274+0000] {processor.py:840} INFO - DAG(s) 'tutorial_taskflow_api' retrieved from /home/airflow/.local/lib/python3.12/site-packages/airflow/example_dags/tutorial_taskflow_api.py
[2026-05-16T12:09:24.296+0000] {logging_mixin.py:188} INFO - [2026-05-16T12:09:24.296+0000] {dag.py:3089} INFO - Sync 1 DAGs
[2026-05-16T12:09:24.309+0000] {logging_mixin.py:188} INFO - [2026-05-16T12:09:24.309+0000] {dag.py:3947} INFO - Setting next_dagrun for tutorial_taskflow_api to None, run_after=None
[2026-05-16T12:09:24.331+0000] {processor.py:183} INFO - Processing /home/airflow/.local/lib/python3.12/site-packages/airflow/example_dags/tutorial_taskflow_api.py took 0.082 seconds
[2026-05-16T12:09:54.812+0000] {processor.py:161} INFO - Started process (PID=91612) to work on /home/airflow/.local/lib/python3.12/site-packages/airflow/example_dags/tutorial_taskflow_api.py
[2026-05-16T12:09:54.813+0000] {processor.py:830} INFO - Processing file /home/airflow/.local/lib/python3.12/site-packages/airflow/example_dags/tutorial_taskflow_api.py for tasks to queue
[2026-05-16T12:09:54.817+0000] {logging_mixin.py:188} INFO - [2026-05-16T12:09:54.816+0000] {dagbag.py:545} INFO - Filling up the DagBag from /home/airflow/.local/lib/python3.12/site-packages/airflow/example_dags/tutorial_taskflow_api.py
[2026-05-16T12:09:54.827+0000] {processor.py:840} INFO - DAG(s) 'tutorial_taskflow_api' retrieved from /home/airflow/.local/lib/python3.12/site-packages/airflow/example_dags/tutorial_taskflow_api.py
[2026-05-16T12:09:54.866+0000] {logging_mixin.py:188} INFO - [2026-05-16T12:09:54.866+0000] {dag.py:3089} INFO - Sync 1 DAGs
[2026-05-16T12:09:54.896+0000] {logging_mixin.py:188} INFO - [2026-05-16T12:09:54.896+0000] {dag.py:3947} INFO - Setting next_dagrun for tutorial_taskflow_api to None, run_after=None
[2026-05-16T12:09:54.940+0000] {processor.py:183} INFO - Processing /home/airflow/.local/lib/python3.12/site-packages/airflow/example_dags/tutorial_taskflow_api.py took 0.138 seconds
[2026-05-16T12:10:25.565+0000] {processor.py:161} INFO - Started process (PID=91687) to work on /home/airflow/.local/lib/python3.12/site-packages/airflow/example_dags/tutorial_taskflow_api.py
[2026-05-16T12:10:25.566+0000] {processor.py:830} INFO - Processing file /home/airflow/.local/lib/python3.12/site-packages/airflow/example_dags/tutorial_taskflow_api.py for tasks to queue
[2026-05-16T12:10:25.569+0000] {logging_mixin.py:188} INFO - [2026-05-16T12:10:25.569+0000] {dagbag.py:545} INFO - Filling up the DagBag from /home/airflow/.local/lib/python3.12/site-packages/airflow/example_dags/tutorial_taskflow_api.py
[2026-05-16T12:10:25.579+0000] {processor.py:840} INFO - DAG(s) 'tutorial_taskflow_api' retrieved from /home/airflow/.local/lib/python3.12/site-packages/airflow/example_dags/tutorial_taskflow_api.py
[2026-05-16T12:10:25.597+0000] {logging_mixin.py:188} INFO - [2026-05-16T12:10:25.597+0000] {dag.py:3089} INFO - Sync 1 DAGs
[2026-05-16T12:10:25.610+0000] {logging_mixin.py:188} INFO - [2026-05-16T12:10:25.610+0000] {dag.py:3947} INFO - Setting next_dagrun for tutorial_taskflow_api to None, run_after=None
[2026-05-16T12:10:25.633+0000] {processor.py:183} INFO - Processing /home/airflow/.local/lib/python3.12/site-packages/airflow/example_dags/tutorial_taskflow_api.py took 0.074 seconds
[2026-05-16T12:10:55.921+0000] {processor.py:161} INFO - Started process (PID=91755) to work on /home/airflow/.local/lib/python3.12/site-packages/airflow/example_dags/tutorial_taskflow_api.py
[2026-05-16T12:10:55.923+0000] {processor.py:830} INFO - Processing file /home/airflow/.local/lib/python3.12/site-packages/airflow/example_dags/tutorial_taskflow_api.py for tasks to queue
[2026-05-16T12:10:55.928+0000] {logging_mixin.py:188} INFO - [2026-05-16T12:10:55.928+0000] {dagbag.py:545} INFO - Filling up the DagBag from /home/airflow/.local/lib/python3.12/site-packages/airflow/example_dags/tutorial_taskflow_api.py
[2026-05-16T12:10:55.940+0000] {processor.py:840} INFO - DAG(s) 'tutorial_taskflow_api' retrieved from /home/airflow/.local/lib/python3.12/site-packages/airflow/example_dags/tutorial_taskflow_api.py
[2026-05-16T12:10:55.974+0000] {logging_mixin.py:188} INFO - [2026-05-16T12:10:55.974+0000] {dag.py:3089} INFO - Sync 1 DAGs
[2026-05-16T12:10:55.990+0000] {logging_mixin.py:188} INFO - [2026-05-16T12:10:55.989+0000] {dag.py:3947} INFO - Setting next_dagrun for tutorial_taskflow_api to None, run_after=None
[2026-05-16T12:10:56.015+0000] {processor.py:183} INFO - Processing /home/airflow/.local/lib/python3.12/site-packages/airflow/example_dags/tutorial_taskflow_api.py took 0.104 seconds
[2026-05-16T12:11:26.363+0000] {processor.py:161} INFO - Started process (PID=91823) to work on /home/airflow/.local/lib/python3.12/site-packages/airflow/example_dags/tutorial_taskflow_api.py
[2026-05-16T12:11:26.365+0000] {processor.py:830} INFO - Processing file /home/airflow/.local/lib/python3.12/site-packages/airflow/example_dags/tutorial_taskflow_api.py for tasks to queue
[2026-05-16T12:11:26.369+0000] {logging_mixin.py:188} INFO - [2026-05-16T12:11:26.368+0000] {dagbag.py:545} INFO - Filling up the DagBag from /home/airflow/.local/lib/python3.12/site-packages/airflow/example_dags/tutorial_taskflow_api.py
[2026-05-16T12:11:26.380+0000] {processor.py:840} INFO - DAG(s) 'tutorial_taskflow_api' retrieved from /home/airflow/.local/lib/python3.12/site-packages/airflow/example_dags/tutorial_taskflow_api.py
[2026-05-16T12:11:26.417+0000] {logging_mixin.py:188} INFO - [2026-05-16T12:11:26.417+0000] {dag.py:3089} INFO - Sync 1 DAGs
[2026-05-16T12:11:26.438+0000] {logging_mixin.py:188} INFO - [2026-05-16T12:11:26.437+0000] {dag.py:3947} INFO - Setting next_dagrun for tutorial_taskflow_api to None, run_after=None
[2026-05-16T12:11:26.482+0000] {processor.py:183} INFO - Processing /home/airflow/.local/lib/python3.12/site-packages/airflow/example_dags/tutorial_taskflow_api.py took 0.129 seconds
[2026-05-16T12:11:57.514+0000] {processor.py:161} INFO - Started process (PID=91898) to work on /home/airflow/.local/lib/python3.12/site-packages/airflow/example_dags/tutorial_taskflow_api.py
[2026-05-16T12:11:57.516+0000] {processor.py:830} INFO - Processing file /home/airflow/.local/lib/python3.12/site-packages/airflow/example_dags/tutorial_taskflow_api.py for tasks to queue
[2026-05-16T12:11:57.521+0000] {logging_mixin.py:188} INFO - [2026-05-16T12:11:57.520+0000] {dagbag.py:545} INFO - Filling up the DagBag from /home/airflow/.local/lib/python3.12/site-packages/airflow/example_dags/tutorial_taskflow_api.py
[2026-05-16T12:11:57.532+0000] {processor.py:840} INFO - DAG(s) 'tutorial_taskflow_api' retrieved from /home/airflow/.local/lib/python3.12/site-packages/airflow/example_dags/tutorial_taskflow_api.py
[2026-05-16T12:11:57.549+0000] {logging_mixin.py:188} INFO - [2026-05-16T12:11:57.549+0000] {dag.py:3089} INFO - Sync 1 DAGs
[2026-05-16T12:11:57.562+0000] {logging_mixin.py:188} INFO - [2026-05-16T12:11:57.562+0000] {dag.py:3947} INFO - Setting next_dagrun for tutorial_taskflow_api to None, run_after=None
[2026-05-16T12:11:57.591+0000] {processor.py:183} INFO - Processing /home/airflow/.local/lib/python3.12/site-packages/airflow/example_dags/tutorial_taskflow_api.py took 0.085 seconds
[2026-05-16T12:12:28.065+0000] {processor.py:161} INFO - Started process (PID=91966) to work on /home/airflow/.local/lib/python3.12/site-packages/airflow/example_dags/tutorial_taskflow_api.py
[2026-05-16T12:12:28.066+0000] {processor.py:830} INFO - Processing file /home/airflow/.local/lib/python3.12/site-packages/airflow/example_dags/tutorial_taskflow_api.py for tasks to queue
[2026-05-16T12:12:28.069+0000] {logging_mixin.py:188} INFO - [2026-05-16T12:12:28.068+0000] {dagbag.py:545} INFO - Filling up the DagBag from /home/airflow/.local/lib/python3.12/site-packages/airflow/example_dags/tutorial_taskflow_api.py
[2026-05-16T12:12:28.083+0000] {processor.py:840} INFO - DAG(s) 'tutorial_taskflow_api' retrieved from /home/airflow/.local/lib/python3.12/site-packages/airflow/example_dags/tutorial_taskflow_api.py
[2026-05-16T12:12:28.108+0000] {logging_mixin.py:188} INFO - [2026-05-16T12:12:28.108+0000] {dag.py:3089} INFO - Sync 1 DAGs
[2026-05-16T12:12:28.133+0000] {logging_mixin.py:188} INFO - [2026-05-16T12:12:28.132+0000] {dag.py:3947} INFO - Setting next_dagrun for tutorial_taskflow_api to None, run_after=None
[2026-05-16T12:12:28.166+0000] {processor.py:183} INFO - Processing /home/airflow/.local/lib/python3.12/site-packages/airflow/example_dags/tutorial_taskflow_api.py took 0.108 seconds
[2026-05-16T12:12:58.505+0000] {processor.py:161} INFO - Started process (PID=92041) to work on /home/airflow/.local/lib/python3.12/site-packages/airflow/example_dags/tutorial_taskflow_api.py
[2026-05-16T12:12:58.507+0000] {processor.py:830} INFO - Processing file /home/airflow/.local/lib/python3.12/site-packages/airflow/example_dags/tutorial_taskflow_api.py for tasks to queue
[2026-05-16T12:12:58.510+0000] {logging_mixin.py:188} INFO - [2026-05-16T12:12:58.510+0000] {dagbag.py:545} INFO - Filling up the DagBag from /home/airflow/.local/lib/python3.12/site-packages/airflow/example_dags/tutorial_taskflow_api.py
[2026-05-16T12:12:58.520+0000] {processor.py:840} INFO - DAG(s) 'tutorial_taskflow_api' retrieved from /home/airflow/.local/lib/python3.12/site-packages/airflow/example_dags/tutorial_taskflow_api.py
[2026-05-16T12:12:58.546+0000] {logging_mixin.py:188} INFO - [2026-05-16T12:12:58.545+0000] {dag.py:3089} INFO - Sync 1 DAGs
[2026-05-16T12:12:58.557+0000] {logging_mixin.py:188} INFO - [2026-05-16T12:12:58.557+0000] {dag.py:3947} INFO - Setting next_dagrun for tutorial_taskflow_api to None, run_after=None
[2026-05-16T12:12:58.586+0000] {processor.py:183} INFO - Processing /home/airflow/.local/lib/python3.12/site-packages/airflow/example_dags/tutorial_taskflow_api.py took 0.093 seconds
[2026-05-16T12:13:28.804+0000] {processor.py:161} INFO - Started process (PID=92109) to work on /home/airflow/.local/lib/python3.12/site-packages/airflow/example_dags/tutorial_taskflow_api.py
[2026-05-16T12:13:28.806+0000] {processor.py:830} INFO - Processing file /home/airflow/.local/lib/python3.12/site-packages/airflow/example_dags/tutorial_taskflow_api.py for tasks to queue
[2026-05-16T12:13:28.812+0000] {logging_mixin.py:188} INFO - [2026-05-16T12:13:28.812+0000] {dagbag.py:545} INFO - Filling up the DagBag from /home/airflow/.local/lib/python3.12/site-packages/airflow/example_dags/tutorial_taskflow_api.py
[2026-05-16T12:13:28.822+0000] {processor.py:840} INFO - DAG(s) 'tutorial_taskflow_api' retrieved from /home/airflow/.local/lib/python3.12/site-packages/airflow/example_dags/tutorial_taskflow_api.py
[2026-05-16T12:13:28.849+0000] {logging_mixin.py:188} INFO - [2026-05-16T12:13:28.848+0000] {dag.py:3089} INFO - Sync 1 DAGs
[2026-05-16T12:13:28.861+0000] {logging_mixin.py:188} INFO - [2026-05-16T12:13:28.860+0000] {dag.py:3947} INFO - Setting next_dagrun for tutorial_taskflow_api to None, run_after=None
[2026-05-16T12:13:28.885+0000] {processor.py:183} INFO - Processing /home/airflow/.local/lib/python3.12/site-packages/airflow/example_dags/tutorial_taskflow_api.py took 0.090 seconds
[2026-05-16T12:13:59.591+0000] {processor.py:161} INFO - Started process (PID=92177) to work on /home/airflow/.local/lib/python3.12/site-packages/airflow/example_dags/tutorial_taskflow_api.py
[2026-05-16T12:13:59.593+0000] {processor.py:830} INFO - Processing file /home/airflow/.local/lib/python3.12/site-packages/airflow/example_dags/tutorial_taskflow_api.py for tasks to queue
[2026-05-16T12:13:59.597+0000] {logging_mixin.py:188} INFO - [2026-05-16T12:13:59.597+0000] {dagbag.py:545} INFO - Filling up the DagBag from /home/airflow/.local/lib/python3.12/site-packages/airflow/example_dags/tutorial_taskflow_api.py
[2026-05-16T12:13:59.612+0000] {processor.py:840} INFO - DAG(s) 'tutorial_taskflow_api' retrieved from /home/airflow/.local/lib/python3.12/site-packages/airflow/example_dags/tutorial_taskflow_api.py
[2026-05-16T12:13:59.651+0000] {logging_mixin.py:188} INFO - [2026-05-16T12:13:59.651+0000] {dag.py:3089} INFO - Sync 1 DAGs
[2026-05-16T12:13:59.672+0000] {logging_mixin.py:188} INFO - [2026-05-16T12:13:59.672+0000] {dag.py:3947} INFO - Setting next_dagrun for tutorial_taskflow_api to None, run_after=None
[2026-05-16T12:13:59.712+0000] {processor.py:183} INFO - Processing /home/airflow/.local/lib/python3.12/site-packages/airflow/example_dags/tutorial_taskflow_api.py took 0.131 seconds
[2026-05-16T12:14:30.035+0000] {processor.py:161} INFO - Started process (PID=92251) to work on /home/airflow/.local/lib/python3.12/site-packages/airflow/example_dags/tutorial_taskflow_api.py
[2026-05-16T12:14:30.040+0000] {processor.py:830} INFO - Processing file /home/airflow/.local/lib/python3.12/site-packages/airflow/example_dags/tutorial_taskflow_api.py for tasks to queue
[2026-05-16T12:14:30.043+0000] {logging_mixin.py:188} INFO - [2026-05-16T12:14:30.043+0000] {dagbag.py:545} INFO - Filling up the DagBag from /home/airflow/.local/lib/python3.12/site-packages/airflow/example_dags/tutorial_taskflow_api.py
[2026-05-16T12:14:30.053+0000] {processor.py:840} INFO - DAG(s) 'tutorial_taskflow_api' retrieved from /home/airflow/.local/lib/python3.12/site-packages/airflow/example_dags/tutorial_taskflow_api.py
[2026-05-16T12:14:30.087+0000] {logging_mixin.py:188} INFO - [2026-05-16T12:14:30.086+0000] {dag.py:3089} INFO - Sync 1 DAGs
[2026-05-16T12:14:30.105+0000] {logging_mixin.py:188} INFO - [2026-05-16T12:14:30.104+0000] {dag.py:3947} INFO - Setting next_dagrun for tutorial_taskflow_api to None, run_after=None
[2026-05-16T12:14:30.151+0000] {processor.py:183} INFO - Processing /home/airflow/.local/lib/python3.12/site-packages/airflow/example_dags/tutorial_taskflow_api.py took 0.124 seconds
[2026-05-16T12:15:00.824+0000] {processor.py:161} INFO - Started process (PID=92319) to work on /home/airflow/.local/lib/python3.12/site-packages/airflow/example_dags/tutorial_taskflow_api.py
[2026-05-16T12:15:00.826+0000] {processor.py:830} INFO - Processing file /home/airflow/.local/lib/python3.12/site-packages/airflow/example_dags/tutorial_taskflow_api.py for tasks to queue
[2026-05-16T12:15:00.829+0000] {logging_mixin.py:188} INFO - [2026-05-16T12:15:00.829+0000] {dagbag.py:545} INFO - Filling up the DagBag from /home/airflow/.local/lib/python3.12/site-packages/airflow/example_dags/tutorial_taskflow_api.py
[2026-05-16T12:15:00.838+0000] {processor.py:840} INFO - DAG(s) 'tutorial_taskflow_api' retrieved from /home/airflow/.local/lib/python3.12/site-packages/airflow/example_dags/tutorial_taskflow_api.py
[2026-05-16T12:15:00.869+0000] {logging_mixin.py:188} INFO - [2026-05-16T12:15:00.869+0000] {dag.py:3089} INFO - Sync 1 DAGs
[2026-05-16T12:15:00.883+0000] {logging_mixin.py:188} INFO - [2026-05-16T12:15:00.883+0000] {dag.py:3947} INFO - Setting next_dagrun for tutorial_taskflow_api to None, run_after=None
[2026-05-16T12:15:00.917+0000] {processor.py:183} INFO - Processing /home/airflow/.local/lib/python3.12/site-packages/airflow/example_dags/tutorial_taskflow_api.py took 0.100 seconds
[2026-05-16T12:15:31.342+0000] {processor.py:161} INFO - Started process (PID=92394) to work on /home/airflow/.local/lib/python3.12/site-packages/airflow/example_dags/tutorial_taskflow_api.py
[2026-05-16T12:15:31.343+0000] {processor.py:830} INFO - Processing file /home/airflow/.local/lib/python3.12/site-packages/airflow/example_dags/tutorial_taskflow_api.py for tasks to queue
[2026-05-16T12:15:31.348+0000] {logging_mixin.py:188} INFO - [2026-05-16T12:15:31.347+0000] {dagbag.py:545} INFO - Filling up the DagBag from /home/airflow/.local/lib/python3.12/site-packages/airflow/example_dags/tutorial_taskflow_api.py
[2026-05-16T12:15:31.358+0000] {processor.py:840} INFO - DAG(s) 'tutorial_taskflow_api' retrieved from /home/airflow/.local/lib/python3.12/site-packages/airflow/example_dags/tutorial_taskflow_api.py
[2026-05-16T12:15:31.385+0000] {logging_mixin.py:188} INFO - [2026-05-16T12:15:31.385+0000] {dag.py:3089} INFO - Sync 1 DAGs
[2026-05-16T12:15:31.405+0000] {logging_mixin.py:188} INFO - [2026-05-16T12:15:31.405+0000] {dag.py:3947} INFO - Setting next_dagrun for tutorial_taskflow_api to None, run_after=None
[2026-05-16T12:15:31.430+0000] {processor.py:183} INFO - Processing /home/airflow/.local/lib/python3.12/site-packages/airflow/example_dags/tutorial_taskflow_api.py took 0.095 seconds
[2026-05-16T12:16:01.658+0000] {processor.py:161} INFO - Started process (PID=92462) to work on /home/airflow/.local/lib/python3.12/site-packages/airflow/example_dags/tutorial_taskflow_api.py
[2026-05-16T12:16:01.660+0000] {processor.py:830} INFO - Processing file /home/airflow/.local/lib/python3.12/site-packages/airflow/example_dags/tutorial_taskflow_api.py for tasks to queue
[2026-05-16T12:16:01.665+0000] {logging_mixin.py:188} INFO - [2026-05-16T12:16:01.664+0000] {dagbag.py:545} INFO - Filling up the DagBag from /home/airflow/.local/lib/python3.12/site-packages/airflow/example_dags/tutorial_taskflow_api.py
[2026-05-16T12:16:01.677+0000] {processor.py:840} INFO - DAG(s) 'tutorial_taskflow_api' retrieved from /home/airflow/.local/lib/python3.12/site-packages/airflow/example_dags/tutorial_taskflow_api.py
[2026-05-16T12:16:01.714+0000] {logging_mixin.py:188} INFO - [2026-05-16T12:16:01.713+0000] {dag.py:3089} INFO - Sync 1 DAGs
[2026-05-16T12:16:01.739+0000] {logging_mixin.py:188} INFO - [2026-05-16T12:16:01.738+0000] {dag.py:3947} INFO - Setting next_dagrun for tutorial_taskflow_api to None, run_after=None
[2026-05-16T12:16:01.785+0000] {processor.py:183} INFO - Processing /home/airflow/.local/lib/python3.12/site-packages/airflow/example_dags/tutorial_taskflow_api.py took 0.142 seconds
[2026-05-16T12:16:32.681+0000] {processor.py:161} INFO - Started process (PID=92530) to work on /home/airflow/.local/lib/python3.12/site-packages/airflow/example_dags/tutorial_taskflow_api.py
[2026-05-16T12:16:32.682+0000] {processor.py:830} INFO - Processing file /home/airflow/.local/lib/python3.12/site-packages/airflow/example_dags/tutorial_taskflow_api.py for tasks to queue
[2026-05-16T12:16:32.686+0000] {logging_mixin.py:188} INFO - [2026-05-16T12:16:32.686+0000] {dagbag.py:545} INFO - Filling up the DagBag from /home/airflow/.local/lib/python3.12/site-packages/airflow/example_dags/tutorial_taskflow_api.py
[2026-05-16T12:16:32.700+0000] {processor.py:840} INFO - DAG(s) 'tutorial_taskflow_api' retrieved from /home/airflow/.local/lib/python3.12/site-packages/airflow/example_dags/tutorial_taskflow_api.py
[2026-05-16T12:16:32.727+0000] {logging_mixin.py:188} INFO - [2026-05-16T12:16:32.727+0000] {dag.py:3089} INFO - Sync 1 DAGs
[2026-05-16T12:16:32.751+0000] {logging_mixin.py:188} INFO - [2026-05-16T12:16:32.750+0000] {dag.py:3947} INFO - Setting next_dagrun for tutorial_taskflow_api to None, run_after=None
[2026-05-16T12:16:32.790+0000] {processor.py:183} INFO - Processing /home/airflow/.local/lib/python3.12/site-packages/airflow/example_dags/tutorial_taskflow_api.py took 0.120 seconds
[2026-05-16T12:17:03.323+0000] {processor.py:161} INFO - Started process (PID=92605) to work on /home/airflow/.local/lib/python3.12/site-packages/airflow/example_dags/tutorial_taskflow_api.py
[2026-05-16T12:17:03.325+0000] {processor.py:830} INFO - Processing file /home/airflow/.local/lib/python3.12/site-packages/airflow/example_dags/tutorial_taskflow_api.py for tasks to queue
[2026-05-16T12:17:03.329+0000] {logging_mixin.py:188} INFO - [2026-05-16T12:17:03.328+0000] {dagbag.py:545} INFO - Filling up the DagBag from /home/airflow/.local/lib/python3.12/site-packages/airflow/example_dags/tutorial_taskflow_api.py
[2026-05-16T12:17:03.335+0000] {processor.py:840} INFO - DAG(s) 'tutorial_taskflow_api' retrieved from /home/airflow/.local/lib/python3.12/site-packages/airflow/example_dags/tutorial_taskflow_api.py
[2026-05-16T12:17:03.363+0000] {logging_mixin.py:188} INFO - [2026-05-16T12:17:03.362+0000] {dag.py:3089} INFO - Sync 1 DAGs
[2026-05-16T12:17:03.374+0000] {logging_mixin.py:188} INFO - [2026-05-16T12:17:03.373+0000] {dag.py:3947} INFO - Setting next_dagrun for tutorial_taskflow_api to None, run_after=None
[2026-05-16T12:17:03.397+0000] {processor.py:183} INFO - Processing /home/airflow/.local/lib/python3.12/site-packages/airflow/example_dags/tutorial_taskflow_api.py took 0.081 seconds
[2026-05-16T12:17:33.819+0000] {processor.py:161} INFO - Started process (PID=92674) to work on /home/airflow/.local/lib/python3.12/site-packages/airflow/example_dags/tutorial_taskflow_api.py
[2026-05-16T12:17:33.821+0000] {processor.py:830} INFO - Processing file /home/airflow/.local/lib/python3.12/site-packages/airflow/example_dags/tutorial_taskflow_api.py for tasks to queue
[2026-05-16T12:17:33.824+0000] {logging_mixin.py:188} INFO - [2026-05-16T12:17:33.824+0000] {dagbag.py:545} INFO - Filling up the DagBag from /home/airflow/.local/lib/python3.12/site-packages/airflow/example_dags/tutorial_taskflow_api.py
[2026-05-16T12:17:33.833+0000] {processor.py:840} INFO - DAG(s) 'tutorial_taskflow_api' retrieved from /home/airflow/.local/lib/python3.12/site-packages/airflow/example_dags/tutorial_taskflow_api.py
[2026-05-16T12:17:33.857+0000] {logging_mixin.py:188} INFO - [2026-05-16T12:17:33.857+0000] {dag.py:3089} INFO - Sync 1 DAGs
[2026-05-16T12:17:33.872+0000] {logging_mixin.py:188} INFO - [2026-05-16T12:17:33.872+0000] {dag.py:3947} INFO - Setting next_dagrun for tutorial_taskflow_api to None, run_after=None
[2026-05-16T12:17:33.904+0000] {processor.py:183} INFO - Processing /home/airflow/.local/lib/python3.12/site-packages/airflow/example_dags/tutorial_taskflow_api.py took 0.093 seconds
[2026-05-16T12:18:04.181+0000] {processor.py:161} INFO - Started process (PID=92742) to work on /home/airflow/.local/lib/python3.12/site-packages/airflow/example_dags/tutorial_taskflow_api.py
[2026-05-16T12:18:04.182+0000] {processor.py:830} INFO - Processing file /home/airflow/.local/lib/python3.12/site-packages/airflow/example_dags/tutorial_taskflow_api.py for tasks to queue
[2026-05-16T12:18:04.186+0000] {logging_mixin.py:188} INFO - [2026-05-16T12:18:04.185+0000] {dagbag.py:545} INFO - Filling up the DagBag from /home/airflow/.local/lib/python3.12/site-packages/airflow/example_dags/tutorial_taskflow_api.py
[2026-05-16T12:18:04.192+0000] {processor.py:840} INFO - DAG(s) 'tutorial_taskflow_api' retrieved from /home/airflow/.local/lib/python3.12/site-packages/airflow/example_dags/tutorial_taskflow_api.py
[2026-05-16T12:18:04.212+0000] {logging_mixin.py:188} INFO - [2026-05-16T12:18:04.212+0000] {dag.py:3089} INFO - Sync 1 DAGs
[2026-05-16T12:18:04.223+0000] {logging_mixin.py:188} INFO - [2026-05-16T12:18:04.223+0000] {dag.py:3947} INFO - Setting next_dagrun for tutorial_taskflow_api to None, run_after=None
[2026-05-16T12:18:04.253+0000] {processor.py:183} INFO - Processing /home/airflow/.local/lib/python3.12/site-packages/airflow/example_dags/tutorial_taskflow_api.py took 0.079 seconds
[2026-05-16T12:18:34.632+0000] {processor.py:161} INFO - Started process (PID=92817) to work on /home/airflow/.local/lib/python3.12/site-packages/airflow/example_dags/tutorial_taskflow_api.py
[2026-05-16T12:18:34.634+0000] {processor.py:830} INFO - Processing file /home/airflow/.local/lib/python3.12/site-packages/airflow/example_dags/tutorial_taskflow_api.py for tasks to queue
[2026-05-16T12:18:34.638+0000] {logging_mixin.py:188} INFO - [2026-05-16T12:18:34.638+0000] {dagbag.py:545} INFO - Filling up the DagBag from /home/airflow/.local/lib/python3.12/site-packages/airflow/example_dags/tutorial_taskflow_api.py
[2026-05-16T12:18:34.645+0000] {processor.py:840} INFO - DAG(s) 'tutorial_taskflow_api' retrieved from /home/airflow/.local/lib/python3.12/site-packages/airflow/example_dags/tutorial_taskflow_api.py
[2026-05-16T12:18:34.671+0000] {logging_mixin.py:188} INFO - [2026-05-16T12:18:34.670+0000] {dag.py:3089} INFO - Sync 1 DAGs
[2026-05-16T12:18:34.684+0000] {logging_mixin.py:188} INFO - [2026-05-16T12:18:34.684+0000] {dag.py:3947} INFO - Setting next_dagrun for tutorial_taskflow_api to None, run_after=None
[2026-05-16T12:18:34.709+0000] {processor.py:183} INFO - Processing /home/airflow/.local/lib/python3.12/site-packages/airflow/example_dags/tutorial_taskflow_api.py took 0.084 seconds
[2026-05-16T12:19:05.058+0000] {processor.py:161} INFO - Started process (PID=92885) to work on /home/airflow/.local/lib/python3.12/site-packages/airflow/example_dags/tutorial_taskflow_api.py
[2026-05-16T12:19:05.060+0000] {processor.py:830} INFO - Processing file /home/airflow/.local/lib/python3.12/site-packages/airflow/example_dags/tutorial_taskflow_api.py for tasks to queue
[2026-05-16T12:19:05.064+0000] {logging_mixin.py:188} INFO - [2026-05-16T12:19:05.063+0000] {dagbag.py:545} INFO - Filling up the DagBag from /home/airflow/.local/lib/python3.12/site-packages/airflow/example_dags/tutorial_taskflow_api.py
[2026-05-16T12:19:05.079+0000] {processor.py:840} INFO - DAG(s) 'tutorial_taskflow_api' retrieved from /home/airflow/.local/lib/python3.12/site-packages/airflow/example_dags/tutorial_taskflow_api.py
[2026-05-16T12:19:05.116+0000] {logging_mixin.py:188} INFO - [2026-05-16T12:19:05.115+0000] {dag.py:3089} INFO - Sync 1 DAGs
[2026-05-16T12:19:05.137+0000] {logging_mixin.py:188} INFO - [2026-05-16T12:19:05.137+0000] {dag.py:3947} INFO - Setting next_dagrun for tutorial_taskflow_api to None, run_after=None
[2026-05-16T12:19:05.184+0000] {processor.py:183} INFO - Processing /home/airflow/.local/lib/python3.12/site-packages/airflow/example_dags/tutorial_taskflow_api.py took 0.139 seconds
[2026-05-16T12:19:36.194+0000] {processor.py:161} INFO - Started process (PID=92954) to work on /home/airflow/.local/lib/python3.12/site-packages/airflow/example_dags/tutorial_taskflow_api.py
[2026-05-16T12:19:36.195+0000] {processor.py:830} INFO - Processing file /home/airflow/.local/lib/python3.12/site-packages/airflow/example_dags/tutorial_taskflow_api.py for tasks to queue
[2026-05-16T12:19:36.199+0000] {logging_mixin.py:188} INFO - [2026-05-16T12:19:36.198+0000] {dagbag.py:545} INFO - Filling up the DagBag from /home/airflow/.local/lib/python3.12/site-packages/airflow/example_dags/tutorial_taskflow_api.py
[2026-05-16T12:19:36.209+0000] {processor.py:840} INFO - DAG(s) 'tutorial_taskflow_api' retrieved from /home/airflow/.local/lib/python3.12/site-packages/airflow/example_dags/tutorial_taskflow_api.py
[2026-05-16T12:19:36.230+0000] {logging_mixin.py:188} INFO - [2026-05-16T12:19:36.230+0000] {dag.py:3089} INFO - Sync 1 DAGs
[2026-05-16T12:19:36.242+0000] {logging_mixin.py:188} INFO - [2026-05-16T12:19:36.241+0000] {dag.py:3947} INFO - Setting next_dagrun for tutorial_taskflow_api to None, run_after=None
[2026-05-16T12:19:36.271+0000] {processor.py:183} INFO - Processing /home/airflow/.local/lib/python3.12/site-packages/airflow/example_dags/tutorial_taskflow_api.py took 0.091 seconds
[2026-05-16T12:20:06.477+0000] {processor.py:161} INFO - Started process (PID=93029) to work on /home/airflow/.local/lib/python3.12/site-packages/airflow/example_dags/tutorial_taskflow_api.py
[2026-05-16T12:20:06.479+0000] {processor.py:830} INFO - Processing file /home/airflow/.local/lib/python3.12/site-packages/airflow/example_dags/tutorial_taskflow_api.py for tasks to queue
[2026-05-16T12:20:06.481+0000] {logging_mixin.py:188} INFO - [2026-05-16T12:20:06.481+0000] {dagbag.py:545} INFO - Filling up the DagBag from /home/airflow/.local/lib/python3.12/site-packages/airflow/example_dags/tutorial_taskflow_api.py
[2026-05-16T12:20:06.487+0000] {processor.py:840} INFO - DAG(s) 'tutorial_taskflow_api' retrieved from /home/airflow/.local/lib/python3.12/site-packages/airflow/example_dags/tutorial_taskflow_api.py
[2026-05-16T12:20:06.508+0000] {logging_mixin.py:188} INFO - [2026-05-16T12:20:06.508+0000] {dag.py:3089} INFO - Sync 1 DAGs
[2026-05-16T12:20:06.522+0000] {logging_mixin.py:188} INFO - [2026-05-16T12:20:06.521+0000] {dag.py:3947} INFO - Setting next_dagrun for tutorial_taskflow_api to None, run_after=None
[2026-05-16T12:20:06.555+0000] {processor.py:183} INFO - Processing /home/airflow/.local/lib/python3.12/site-packages/airflow/example_dags/tutorial_taskflow_api.py took 0.085 seconds
[2026-05-16T12:20:37.241+0000] {processor.py:161} INFO - Started process (PID=93097) to work on /home/airflow/.local/lib/python3.12/site-packages/airflow/example_dags/tutorial_taskflow_api.py
[2026-05-16T12:20:37.244+0000] {processor.py:830} INFO - Processing file /home/airflow/.local/lib/python3.12/site-packages/airflow/example_dags/tutorial_taskflow_api.py for tasks to queue
[2026-05-16T12:20:37.248+0000] {logging_mixin.py:188} INFO - [2026-05-16T12:20:37.247+0000] {dagbag.py:545} INFO - Filling up the DagBag from /home/airflow/.local/lib/python3.12/site-packages/airflow/example_dags/tutorial_taskflow_api.py
[2026-05-16T12:20:37.261+0000] {processor.py:840} INFO - DAG(s) 'tutorial_taskflow_api' retrieved from /home/airflow/.local/lib/python3.12/site-packages/airflow/example_dags/tutorial_taskflow_api.py
[2026-05-16T12:20:37.290+0000] {logging_mixin.py:188} INFO - [2026-05-16T12:20:37.289+0000] {dag.py:3089} INFO - Sync 1 DAGs
[2026-05-16T12:20:37.308+0000] {logging_mixin.py:188} INFO - [2026-05-16T12:20:37.308+0000] {dag.py:3947} INFO - Setting next_dagrun for tutorial_taskflow_api to None, run_after=None
[2026-05-16T12:20:37.334+0000] {processor.py:183} INFO - Processing /home/airflow/.local/lib/python3.12/site-packages/airflow/example_dags/tutorial_taskflow_api.py took 0.105 seconds
[2026-05-16T12:21:07.610+0000] {processor.py:161} INFO - Started process (PID=93165) to work on /home/airflow/.local/lib/python3.12/site-packages/airflow/example_dags/tutorial_taskflow_api.py
[2026-05-16T12:21:07.611+0000] {processor.py:830} INFO - Processing file /home/airflow/.local/lib/python3.12/site-packages/airflow/example_dags/tutorial_taskflow_api.py for tasks to queue
[2026-05-16T12:21:07.614+0000] {logging_mixin.py:188} INFO - [2026-05-16T12:21:07.613+0000] {dagbag.py:545} INFO - Filling up the DagBag from /home/airflow/.local/lib/python3.12/site-packages/airflow/example_dags/tutorial_taskflow_api.py
[2026-05-16T12:21:07.623+0000] {processor.py:840} INFO - DAG(s) 'tutorial_taskflow_api' retrieved from /home/airflow/.local/lib/python3.12/site-packages/airflow/example_dags/tutorial_taskflow_api.py
[2026-05-16T12:21:07.651+0000] {logging_mixin.py:188} INFO - [2026-05-16T12:21:07.650+0000] {dag.py:3089} INFO - Sync 1 DAGs
[2026-05-16T12:21:07.669+0000] {logging_mixin.py:188} INFO - [2026-05-16T12:21:07.669+0000] {dag.py:3947} INFO - Setting next_dagrun for tutorial_taskflow_api to None, run_after=None
[2026-05-16T12:21:07.692+0000] {processor.py:183} INFO - Processing /home/airflow/.local/lib/python3.12/site-packages/airflow/example_dags/tutorial_taskflow_api.py took 0.088 seconds
[2026-05-16T12:21:38.135+0000] {processor.py:161} INFO - Started process (PID=93240) to work on /home/airflow/.local/lib/python3.12/site-packages/airflow/example_dags/tutorial_taskflow_api.py
[2026-05-16T12:21:38.137+0000] {processor.py:830} INFO - Processing file /home/airflow/.local/lib/python3.12/site-packages/airflow/example_dags/tutorial_taskflow_api.py for tasks to queue
[2026-05-16T12:21:38.140+0000] {logging_mixin.py:188} INFO - [2026-05-16T12:21:38.140+0000] {dagbag.py:545} INFO - Filling up the DagBag from /home/airflow/.local/lib/python3.12/site-packages/airflow/example_dags/tutorial_taskflow_api.py
[2026-05-16T12:21:38.150+0000] {processor.py:840} INFO - DAG(s) 'tutorial_taskflow_api' retrieved from /home/airflow/.local/lib/python3.12/site-packages/airflow/example_dags/tutorial_taskflow_api.py
[2026-05-16T12:21:38.167+0000] {logging_mixin.py:188} INFO - [2026-05-16T12:21:38.167+0000] {dag.py:3089} INFO - Sync 1 DAGs
[2026-05-16T12:21:38.178+0000] {logging_mixin.py:188} INFO - [2026-05-16T12:21:38.178+0000] {dag.py:3947} INFO - Setting next_dagrun for tutorial_taskflow_api to None, run_after=None
[2026-05-16T12:21:38.201+0000] {processor.py:183} INFO - Processing /home/airflow/.local/lib/python3.12/site-packages/airflow/example_dags/tutorial_taskflow_api.py took 0.086 seconds
[2026-05-16T12:22:08.940+0000] {processor.py:161} INFO - Started process (PID=93308) to work on /home/airflow/.local/lib/python3.12/site-packages/airflow/example_dags/tutorial_taskflow_api.py
[2026-05-16T12:22:08.942+0000] {processor.py:830} INFO - Processing file /home/airflow/.local/lib/python3.12/site-packages/airflow/example_dags/tutorial_taskflow_api.py for tasks to queue
[2026-05-16T12:22:08.947+0000] {logging_mixin.py:188} INFO - [2026-05-16T12:22:08.946+0000] {dagbag.py:545} INFO - Filling up the DagBag from /home/airflow/.local/lib/python3.12/site-packages/airflow/example_dags/tutorial_taskflow_api.py
[2026-05-16T12:22:08.960+0000] {processor.py:840} INFO - DAG(s) 'tutorial_taskflow_api' retrieved from /home/airflow/.local/lib/python3.12/site-packages/airflow/example_dags/tutorial_taskflow_api.py
[2026-05-16T12:22:08.990+0000] {logging_mixin.py:188} INFO - [2026-05-16T12:22:08.990+0000] {dag.py:3089} INFO - Sync 1 DAGs
[2026-05-16T12:22:09.006+0000] {logging_mixin.py:188} INFO - [2026-05-16T12:22:09.005+0000] {dag.py:3947} INFO - Setting next_dagrun for tutorial_taskflow_api to None, run_after=None
[2026-05-16T12:22:09.030+0000] {processor.py:183} INFO - Processing /home/airflow/.local/lib/python3.12/site-packages/airflow/example_dags/tutorial_taskflow_api.py took 0.099 seconds
[2026-05-16T12:22:39.884+0000] {processor.py:161} INFO - Started process (PID=93376) to work on /home/airflow/.local/lib/python3.12/site-packages/airflow/example_dags/tutorial_taskflow_api.py
[2026-05-16T12:22:39.886+0000] {processor.py:830} INFO - Processing file /home/airflow/.local/lib/python3.12/site-packages/airflow/example_dags/tutorial_taskflow_api.py for tasks to queue
[2026-05-16T12:22:39.889+0000] {logging_mixin.py:188} INFO - [2026-05-16T12:22:39.888+0000] {dagbag.py:545} INFO - Filling up the DagBag from /home/airflow/.local/lib/python3.12/site-packages/airflow/example_dags/tutorial_taskflow_api.py
[2026-05-16T12:22:39.901+0000] {processor.py:840} INFO - DAG(s) 'tutorial_taskflow_api' retrieved from /home/airflow/.local/lib/python3.12/site-packages/airflow/example_dags/tutorial_taskflow_api.py
[2026-05-16T12:22:39.934+0000] {logging_mixin.py:188} INFO - [2026-05-16T12:22:39.934+0000] {dag.py:3089} INFO - Sync 1 DAGs
[2026-05-16T12:22:39.954+0000] {logging_mixin.py:188} INFO - [2026-05-16T12:22:39.954+0000] {dag.py:3947} INFO - Setting next_dagrun for tutorial_taskflow_api to None, run_after=None
[2026-05-16T12:22:39.980+0000] {processor.py:183} INFO - Processing /home/airflow/.local/lib/python3.12/site-packages/airflow/example_dags/tutorial_taskflow_api.py took 0.102 seconds
[2026-05-16T12:23:10.494+0000] {processor.py:161} INFO - Started process (PID=93451) to work on /home/airflow/.local/lib/python3.12/site-packages/airflow/example_dags/tutorial_taskflow_api.py
[2026-05-16T12:23:10.496+0000] {processor.py:830} INFO - Processing file /home/airflow/.local/lib/python3.12/site-packages/airflow/example_dags/tutorial_taskflow_api.py for tasks to queue
[2026-05-16T12:23:10.500+0000] {logging_mixin.py:188} INFO - [2026-05-16T12:23:10.499+0000] {dagbag.py:545} INFO - Filling up the DagBag from /home/airflow/.local/lib/python3.12/site-packages/airflow/example_dags/tutorial_taskflow_api.py
[2026-05-16T12:23:10.508+0000] {processor.py:840} INFO - DAG(s) 'tutorial_taskflow_api' retrieved from /home/airflow/.local/lib/python3.12/site-packages/airflow/example_dags/tutorial_taskflow_api.py
[2026-05-16T12:23:10.534+0000] {logging_mixin.py:188} INFO - [2026-05-16T12:23:10.533+0000] {dag.py:3089} INFO - Sync 1 DAGs
[2026-05-16T12:23:10.547+0000] {logging_mixin.py:188} INFO - [2026-05-16T12:23:10.547+0000] {dag.py:3947} INFO - Setting next_dagrun for tutorial_taskflow_api to None, run_after=None
[2026-05-16T12:23:10.578+0000] {processor.py:183} INFO - Processing /home/airflow/.local/lib/python3.12/site-packages/airflow/example_dags/tutorial_taskflow_api.py took 0.093 seconds
[2026-05-16T12:23:41.431+0000] {processor.py:161} INFO - Started process (PID=93519) to work on /home/airflow/.local/lib/python3.12/site-packages/airflow/example_dags/tutorial_taskflow_api.py
[2026-05-16T12:23:41.434+0000] {processor.py:830} INFO - Processing file /home/airflow/.local/lib/python3.12/site-packages/airflow/example_dags/tutorial_taskflow_api.py for tasks to queue
[2026-05-16T12:23:41.436+0000] {logging_mixin.py:188} INFO - [2026-05-16T12:23:41.435+0000] {dagbag.py:545} INFO - Filling up the DagBag from /home/airflow/.local/lib/python3.12/site-packages/airflow/example_dags/tutorial_taskflow_api.py
[2026-05-16T12:23:41.442+0000] {processor.py:840} INFO - DAG(s) 'tutorial_taskflow_api' retrieved from /home/airflow/.local/lib/python3.12/site-packages/airflow/example_dags/tutorial_taskflow_api.py
[2026-05-16T12:23:41.465+0000] {logging_mixin.py:188} INFO - [2026-05-16T12:23:41.464+0000] {dag.py:3089} INFO - Sync 1 DAGs
[2026-05-16T12:23:41.475+0000] {logging_mixin.py:188} INFO - [2026-05-16T12:23:41.475+0000] {dag.py:3947} INFO - Setting next_dagrun for tutorial_taskflow_api to None, run_after=None
[2026-05-16T12:23:41.496+0000] {processor.py:183} INFO - Processing /home/airflow/.local/lib/python3.12/site-packages/airflow/example_dags/tutorial_taskflow_api.py took 0.070 seconds
[2026-05-16T12:24:11.648+0000] {processor.py:161} INFO - Started process (PID=93587) to work on /home/airflow/.local/lib/python3.12/site-packages/airflow/example_dags/tutorial_taskflow_api.py
[2026-05-16T12:24:11.649+0000] {processor.py:830} INFO - Processing file /home/airflow/.local/lib/python3.12/site-packages/airflow/example_dags/tutorial_taskflow_api.py for tasks to queue
[2026-05-16T12:24:11.651+0000] {logging_mixin.py:188} INFO - [2026-05-16T12:24:11.650+0000] {dagbag.py:545} INFO - Filling up the DagBag from /home/airflow/.local/lib/python3.12/site-packages/airflow/example_dags/tutorial_taskflow_api.py
[2026-05-16T12:24:11.657+0000] {processor.py:840} INFO - DAG(s) 'tutorial_taskflow_api' retrieved from /home/airflow/.local/lib/python3.12/site-packages/airflow/example_dags/tutorial_taskflow_api.py
[2026-05-16T12:24:11.678+0000] {logging_mixin.py:188} INFO - [2026-05-16T12:24:11.678+0000] {dag.py:3089} INFO - Sync 1 DAGs
[2026-05-16T12:24:11.689+0000] {logging_mixin.py:188} INFO - [2026-05-16T12:24:11.689+0000] {dag.py:3947} INFO - Setting next_dagrun for tutorial_taskflow_api to None, run_after=None
[2026-05-16T12:24:11.716+0000] {processor.py:183} INFO - Processing /home/airflow/.local/lib/python3.12/site-packages/airflow/example_dags/tutorial_taskflow_api.py took 0.074 seconds
[2026-05-16T12:24:41.891+0000] {processor.py:161} INFO - Started process (PID=93662) to work on /home/airflow/.local/lib/python3.12/site-packages/airflow/example_dags/tutorial_taskflow_api.py
[2026-05-16T12:24:41.892+0000] {processor.py:830} INFO - Processing file /home/airflow/.local/lib/python3.12/site-packages/airflow/example_dags/tutorial_taskflow_api.py for tasks to queue
[2026-05-16T12:24:41.896+0000] {logging_mixin.py:188} INFO - [2026-05-16T12:24:41.895+0000] {dagbag.py:545} INFO - Filling up the DagBag from /home/airflow/.local/lib/python3.12/site-packages/airflow/example_dags/tutorial_taskflow_api.py
[2026-05-16T12:24:41.903+0000] {processor.py:840} INFO - DAG(s) 'tutorial_taskflow_api' retrieved from /home/airflow/.local/lib/python3.12/site-packages/airflow/example_dags/tutorial_taskflow_api.py
[2026-05-16T12:24:41.933+0000] {logging_mixin.py:188} INFO - [2026-05-16T12:24:41.932+0000] {dag.py:3089} INFO - Sync 1 DAGs
[2026-05-16T12:24:41.945+0000] {logging_mixin.py:188} INFO - [2026-05-16T12:24:41.944+0000] {dag.py:3947} INFO - Setting next_dagrun for tutorial_taskflow_api to None, run_after=None
[2026-05-16T12:24:41.992+0000] {processor.py:183} INFO - Processing /home/airflow/.local/lib/python3.12/site-packages/airflow/example_dags/tutorial_taskflow_api.py took 0.111 seconds
[2026-05-16T12:25:12.087+0000] {processor.py:161} INFO - Started process (PID=93730) to work on /home/airflow/.local/lib/python3.12/site-packages/airflow/example_dags/tutorial_taskflow_api.py
[2026-05-16T12:25:12.088+0000] {processor.py:830} INFO - Processing file /home/airflow/.local/lib/python3.12/site-packages/airflow/example_dags/tutorial_taskflow_api.py for tasks to queue
[2026-05-16T12:25:12.090+0000] {logging_mixin.py:188} INFO - [2026-05-16T12:25:12.090+0000] {dagbag.py:545} INFO - Filling up the DagBag from /home/airflow/.local/lib/python3.12/site-packages/airflow/example_dags/tutorial_taskflow_api.py
[2026-05-16T12:25:12.096+0000] {processor.py:840} INFO - DAG(s) 'tutorial_taskflow_api' retrieved from /home/airflow/.local/lib/python3.12/site-packages/airflow/example_dags/tutorial_taskflow_api.py
[2026-05-16T12:25:12.118+0000] {logging_mixin.py:188} INFO - [2026-05-16T12:25:12.118+0000] {dag.py:3089} INFO - Sync 1 DAGs
[2026-05-16T12:25:12.131+0000] {logging_mixin.py:188} INFO - [2026-05-16T12:25:12.130+0000] {dag.py:3947} INFO - Setting next_dagrun for tutorial_taskflow_api to None, run_after=None
[2026-05-16T12:25:12.150+0000] {processor.py:183} INFO - Processing /home/airflow/.local/lib/python3.12/site-packages/airflow/example_dags/tutorial_taskflow_api.py took 0.070 seconds
[2026-05-16T12:25:42.329+0000] {processor.py:161} INFO - Started process (PID=93798) to work on /home/airflow/.local/lib/python3.12/site-packages/airflow/example_dags/tutorial_taskflow_api.py
[2026-05-16T12:25:42.331+0000] {processor.py:830} INFO - Processing file /home/airflow/.local/lib/python3.12/site-packages/airflow/example_dags/tutorial_taskflow_api.py for tasks to queue
[2026-05-16T12:25:42.334+0000] {logging_mixin.py:188} INFO - [2026-05-16T12:25:42.334+0000] {dagbag.py:545} INFO - Filling up the DagBag from /home/airflow/.local/lib/python3.12/site-packages/airflow/example_dags/tutorial_taskflow_api.py
[2026-05-16T12:25:42.341+0000] {processor.py:840} INFO - DAG(s) 'tutorial_taskflow_api' retrieved from /home/airflow/.local/lib/python3.12/site-packages/airflow/example_dags/tutorial_taskflow_api.py
[2026-05-16T12:25:42.362+0000] {logging_mixin.py:188} INFO - [2026-05-16T12:25:42.362+0000] {dag.py:3089} INFO - Sync 1 DAGs
[2026-05-16T12:25:42.375+0000] {logging_mixin.py:188} INFO - [2026-05-16T12:25:42.375+0000] {dag.py:3947} INFO - Setting next_dagrun for tutorial_taskflow_api to None, run_after=None
[2026-05-16T12:25:42.404+0000] {processor.py:183} INFO - Processing /home/airflow/.local/lib/python3.12/site-packages/airflow/example_dags/tutorial_taskflow_api.py took 0.082 seconds
[2026-05-16T12:26:12.807+0000] {processor.py:161} INFO - Started process (PID=93873) to work on /home/airflow/.local/lib/python3.12/site-packages/airflow/example_dags/tutorial_taskflow_api.py
[2026-05-16T12:26:12.808+0000] {processor.py:830} INFO - Processing file /home/airflow/.local/lib/python3.12/site-packages/airflow/example_dags/tutorial_taskflow_api.py for tasks to queue
[2026-05-16T12:26:12.811+0000] {logging_mixin.py:188} INFO - [2026-05-16T12:26:12.810+0000] {dagbag.py:545} INFO - Filling up the DagBag from /home/airflow/.local/lib/python3.12/site-packages/airflow/example_dags/tutorial_taskflow_api.py
[2026-05-16T12:26:12.821+0000] {processor.py:840} INFO - DAG(s) 'tutorial_taskflow_api' retrieved from /home/airflow/.local/lib/python3.12/site-packages/airflow/example_dags/tutorial_taskflow_api.py
[2026-05-16T12:26:12.842+0000] {logging_mixin.py:188} INFO - [2026-05-16T12:26:12.842+0000] {dag.py:3089} INFO - Sync 1 DAGs
[2026-05-16T12:26:12.856+0000] {logging_mixin.py:188} INFO - [2026-05-16T12:26:12.856+0000] {dag.py:3947} INFO - Setting next_dagrun for tutorial_taskflow_api to None, run_after=None
[2026-05-16T12:26:12.875+0000] {processor.py:183} INFO - Processing /home/airflow/.local/lib/python3.12/site-packages/airflow/example_dags/tutorial_taskflow_api.py took 0.074 seconds
[2026-05-16T12:26:43.209+0000] {processor.py:161} INFO - Started process (PID=93939) to work on /home/airflow/.local/lib/python3.12/site-packages/airflow/example_dags/tutorial_taskflow_api.py
[2026-05-16T12:26:43.210+0000] {processor.py:830} INFO - Processing file /home/airflow/.local/lib/python3.12/site-packages/airflow/example_dags/tutorial_taskflow_api.py for tasks to queue
[2026-05-16T12:26:43.212+0000] {logging_mixin.py:188} INFO - [2026-05-16T12:26:43.212+0000] {dagbag.py:545} INFO - Filling up the DagBag from /home/airflow/.local/lib/python3.12/site-packages/airflow/example_dags/tutorial_taskflow_api.py
[2026-05-16T12:26:43.218+0000] {processor.py:840} INFO - DAG(s) 'tutorial_taskflow_api' retrieved from /home/airflow/.local/lib/python3.12/site-packages/airflow/example_dags/tutorial_taskflow_api.py
[2026-05-16T12:26:43.238+0000] {logging_mixin.py:188} INFO - [2026-05-16T12:26:43.237+0000] {dag.py:3089} INFO - Sync 1 DAGs
[2026-05-16T12:26:43.251+0000] {logging_mixin.py:188} INFO - [2026-05-16T12:26:43.251+0000] {dag.py:3947} INFO - Setting next_dagrun for tutorial_taskflow_api to None, run_after=None
[2026-05-16T12:26:43.272+0000] {processor.py:183} INFO - Processing /home/airflow/.local/lib/python3.12/site-packages/airflow/example_dags/tutorial_taskflow_api.py took 0.069 seconds
[2026-05-16T12:27:13.765+0000] {processor.py:161} INFO - Started process (PID=94007) to work on /home/airflow/.local/lib/python3.12/site-packages/airflow/example_dags/tutorial_taskflow_api.py
[2026-05-16T12:27:13.766+0000] {processor.py:830} INFO - Processing file /home/airflow/.local/lib/python3.12/site-packages/airflow/example_dags/tutorial_taskflow_api.py for tasks to queue
[2026-05-16T12:27:13.769+0000] {logging_mixin.py:188} INFO - [2026-05-16T12:27:13.768+0000] {dagbag.py:545} INFO - Filling up the DagBag from /home/airflow/.local/lib/python3.12/site-packages/airflow/example_dags/tutorial_taskflow_api.py
[2026-05-16T12:27:13.776+0000] {processor.py:840} INFO - DAG(s) 'tutorial_taskflow_api' retrieved from /home/airflow/.local/lib/python3.12/site-packages/airflow/example_dags/tutorial_taskflow_api.py
[2026-05-16T12:27:13.803+0000] {logging_mixin.py:188} INFO - [2026-05-16T12:27:13.803+0000] {dag.py:3089} INFO - Sync 1 DAGs
[2026-05-16T12:27:13.819+0000] {logging_mixin.py:188} INFO - [2026-05-16T12:27:13.819+0000] {dag.py:3947} INFO - Setting next_dagrun for tutorial_taskflow_api to None, run_after=None
[2026-05-16T12:27:13.854+0000] {processor.py:183} INFO - Processing /home/airflow/.local/lib/python3.12/site-packages/airflow/example_dags/tutorial_taskflow_api.py took 0.098 seconds
[2026-05-16T12:27:44.136+0000] {processor.py:161} INFO - Started process (PID=94083) to work on /home/airflow/.local/lib/python3.12/site-packages/airflow/example_dags/tutorial_taskflow_api.py
[2026-05-16T12:27:44.137+0000] {processor.py:830} INFO - Processing file /home/airflow/.local/lib/python3.12/site-packages/airflow/example_dags/tutorial_taskflow_api.py for tasks to queue
[2026-05-16T12:27:44.140+0000] {logging_mixin.py:188} INFO - [2026-05-16T12:27:44.139+0000] {dagbag.py:545} INFO - Filling up the DagBag from /home/airflow/.local/lib/python3.12/site-packages/airflow/example_dags/tutorial_taskflow_api.py
[2026-05-16T12:27:44.147+0000] {processor.py:840} INFO - DAG(s) 'tutorial_taskflow_api' retrieved from /home/airflow/.local/lib/python3.12/site-packages/airflow/example_dags/tutorial_taskflow_api.py
[2026-05-16T12:27:44.178+0000] {logging_mixin.py:188} INFO - [2026-05-16T12:27:44.178+0000] {dag.py:3089} INFO - Sync 1 DAGs
[2026-05-16T12:27:44.193+0000] {logging_mixin.py:188} INFO - [2026-05-16T12:27:44.193+0000] {dag.py:3947} INFO - Setting next_dagrun for tutorial_taskflow_api to None, run_after=None
[2026-05-16T12:27:44.220+0000] {processor.py:183} INFO - Processing /home/airflow/.local/lib/python3.12/site-packages/airflow/example_dags/tutorial_taskflow_api.py took 0.091 seconds
[2026-05-16T12:28:14.479+0000] {processor.py:161} INFO - Started process (PID=94151) to work on /home/airflow/.local/lib/python3.12/site-packages/airflow/example_dags/tutorial_taskflow_api.py
[2026-05-16T12:28:14.481+0000] {processor.py:830} INFO - Processing file /home/airflow/.local/lib/python3.12/site-packages/airflow/example_dags/tutorial_taskflow_api.py for tasks to queue
[2026-05-16T12:28:14.484+0000] {logging_mixin.py:188} INFO - [2026-05-16T12:28:14.484+0000] {dagbag.py:545} INFO - Filling up the DagBag from /home/airflow/.local/lib/python3.12/site-packages/airflow/example_dags/tutorial_taskflow_api.py
[2026-05-16T12:28:14.494+0000] {processor.py:840} INFO - DAG(s) 'tutorial_taskflow_api' retrieved from /home/airflow/.local/lib/python3.12/site-packages/airflow/example_dags/tutorial_taskflow_api.py
[2026-05-16T12:28:14.519+0000] {logging_mixin.py:188} INFO - [2026-05-16T12:28:14.518+0000] {dag.py:3089} INFO - Sync 1 DAGs
[2026-05-16T12:28:14.537+0000] {logging_mixin.py:188} INFO - [2026-05-16T12:28:14.536+0000] {dag.py:3947} INFO - Setting next_dagrun for tutorial_taskflow_api to None, run_after=None
[2026-05-16T12:28:14.571+0000] {processor.py:183} INFO - Processing /home/airflow/.local/lib/python3.12/site-packages/airflow/example_dags/tutorial_taskflow_api.py took 0.100 seconds
[2026-05-16T12:28:44.897+0000] {processor.py:161} INFO - Started process (PID=94219) to work on /home/airflow/.local/lib/python3.12/site-packages/airflow/example_dags/tutorial_taskflow_api.py
[2026-05-16T12:28:44.898+0000] {processor.py:830} INFO - Processing file /home/airflow/.local/lib/python3.12/site-packages/airflow/example_dags/tutorial_taskflow_api.py for tasks to queue
[2026-05-16T12:28:44.901+0000] {logging_mixin.py:188} INFO - [2026-05-16T12:28:44.900+0000] {dagbag.py:545} INFO - Filling up the DagBag from /home/airflow/.local/lib/python3.12/site-packages/airflow/example_dags/tutorial_taskflow_api.py
[2026-05-16T12:28:44.908+0000] {processor.py:840} INFO - DAG(s) 'tutorial_taskflow_api' retrieved from /home/airflow/.local/lib/python3.12/site-packages/airflow/example_dags/tutorial_taskflow_api.py
[2026-05-16T12:28:44.927+0000] {logging_mixin.py:188} INFO - [2026-05-16T12:28:44.927+0000] {dag.py:3089} INFO - Sync 1 DAGs
[2026-05-16T12:28:44.938+0000] {logging_mixin.py:188} INFO - [2026-05-16T12:28:44.938+0000] {dag.py:3947} INFO - Setting next_dagrun for tutorial_taskflow_api to None, run_after=None
[2026-05-16T12:28:44.960+0000] {processor.py:183} INFO - Processing /home/airflow/.local/lib/python3.12/site-packages/airflow/example_dags/tutorial_taskflow_api.py took 0.070 seconds
[2026-05-16T12:29:15.106+0000] {processor.py:161} INFO - Started process (PID=94294) to work on /home/airflow/.local/lib/python3.12/site-packages/airflow/example_dags/tutorial_taskflow_api.py
[2026-05-16T12:29:15.108+0000] {processor.py:830} INFO - Processing file /home/airflow/.local/lib/python3.12/site-packages/airflow/example_dags/tutorial_taskflow_api.py for tasks to queue
[2026-05-16T12:29:15.110+0000] {logging_mixin.py:188} INFO - [2026-05-16T12:29:15.110+0000] {dagbag.py:545} INFO - Filling up the DagBag from /home/airflow/.local/lib/python3.12/site-packages/airflow/example_dags/tutorial_taskflow_api.py
[2026-05-16T12:29:15.118+0000] {processor.py:840} INFO - DAG(s) 'tutorial_taskflow_api' retrieved from /home/airflow/.local/lib/python3.12/site-packages/airflow/example_dags/tutorial_taskflow_api.py
[2026-05-16T12:29:15.139+0000] {logging_mixin.py:188} INFO - [2026-05-16T12:29:15.138+0000] {dag.py:3089} INFO - Sync 1 DAGs
[2026-05-16T12:29:15.153+0000] {logging_mixin.py:188} INFO - [2026-05-16T12:29:15.153+0000] {dag.py:3947} INFO - Setting next_dagrun for tutorial_taskflow_api to None, run_after=None
[2026-05-16T12:29:15.172+0000] {processor.py:183} INFO - Processing /home/airflow/.local/lib/python3.12/site-packages/airflow/example_dags/tutorial_taskflow_api.py took 0.073 seconds
[2026-05-16T12:29:45.980+0000] {processor.py:161} INFO - Started process (PID=94362) to work on /home/airflow/.local/lib/python3.12/site-packages/airflow/example_dags/tutorial_taskflow_api.py
[2026-05-16T12:29:45.981+0000] {processor.py:830} INFO - Processing file /home/airflow/.local/lib/python3.12/site-packages/airflow/example_dags/tutorial_taskflow_api.py for tasks to queue
[2026-05-16T12:29:45.985+0000] {logging_mixin.py:188} INFO - [2026-05-16T12:29:45.984+0000] {dagbag.py:545} INFO - Filling up the DagBag from /home/airflow/.local/lib/python3.12/site-packages/airflow/example_dags/tutorial_taskflow_api.py
[2026-05-16T12:29:45.991+0000] {processor.py:840} INFO - DAG(s) 'tutorial_taskflow_api' retrieved from /home/airflow/.local/lib/python3.12/site-packages/airflow/example_dags/tutorial_taskflow_api.py
[2026-05-16T12:29:46.015+0000] {logging_mixin.py:188} INFO - [2026-05-16T12:29:46.015+0000] {dag.py:3089} INFO - Sync 1 DAGs
[2026-05-16T12:29:46.028+0000] {logging_mixin.py:188} INFO - [2026-05-16T12:29:46.028+0000] {dag.py:3947} INFO - Setting next_dagrun for tutorial_taskflow_api to None, run_after=None
[2026-05-16T12:29:46.051+0000] {processor.py:183} INFO - Processing /home/airflow/.local/lib/python3.12/site-packages/airflow/example_dags/tutorial_taskflow_api.py took 0.078 seconds
[2026-05-16T12:30:16.235+0000] {processor.py:161} INFO - Started process (PID=94430) to work on /home/airflow/.local/lib/python3.12/site-packages/airflow/example_dags/tutorial_taskflow_api.py
[2026-05-16T12:30:16.237+0000] {processor.py:830} INFO - Processing file /home/airflow/.local/lib/python3.12/site-packages/airflow/example_dags/tutorial_taskflow_api.py for tasks to queue
[2026-05-16T12:30:16.241+0000] {logging_mixin.py:188} INFO - [2026-05-16T12:30:16.240+0000] {dagbag.py:545} INFO - Filling up the DagBag from /home/airflow/.local/lib/python3.12/site-packages/airflow/example_dags/tutorial_taskflow_api.py
[2026-05-16T12:30:16.248+0000] {processor.py:840} INFO - DAG(s) 'tutorial_taskflow_api' retrieved from /home/airflow/.local/lib/python3.12/site-packages/airflow/example_dags/tutorial_taskflow_api.py
[2026-05-16T12:30:16.273+0000] {logging_mixin.py:188} INFO - [2026-05-16T12:30:16.272+0000] {dag.py:3089} INFO - Sync 1 DAGs
[2026-05-16T12:30:16.289+0000] {logging_mixin.py:188} INFO - [2026-05-16T12:30:16.288+0000] {dag.py:3947} INFO - Setting next_dagrun for tutorial_taskflow_api to None, run_after=None
[2026-05-16T12:30:16.321+0000] {processor.py:183} INFO - Processing /home/airflow/.local/lib/python3.12/site-packages/airflow/example_dags/tutorial_taskflow_api.py took 0.095 seconds
[2026-05-16T12:30:46.835+0000] {processor.py:161} INFO - Started process (PID=94504) to work on /home/airflow/.local/lib/python3.12/site-packages/airflow/example_dags/tutorial_taskflow_api.py
[2026-05-16T12:30:46.836+0000] {processor.py:830} INFO - Processing file /home/airflow/.local/lib/python3.12/site-packages/airflow/example_dags/tutorial_taskflow_api.py for tasks to queue
[2026-05-16T12:30:46.839+0000] {logging_mixin.py:188} INFO - [2026-05-16T12:30:46.838+0000] {dagbag.py:545} INFO - Filling up the DagBag from /home/airflow/.local/lib/python3.12/site-packages/airflow/example_dags/tutorial_taskflow_api.py
[2026-05-16T12:30:46.847+0000] {processor.py:840} INFO - DAG(s) 'tutorial_taskflow_api' retrieved from /home/airflow/.local/lib/python3.12/site-packages/airflow/example_dags/tutorial_taskflow_api.py
[2026-05-16T12:30:46.871+0000] {logging_mixin.py:188} INFO - [2026-05-16T12:30:46.871+0000] {dag.py:3089} INFO - Sync 1 DAGs
[2026-05-16T12:30:46.883+0000] {logging_mixin.py:188} INFO - [2026-05-16T12:30:46.883+0000] {dag.py:3947} INFO - Setting next_dagrun for tutorial_taskflow_api to None, run_after=None
[2026-05-16T12:30:46.905+0000] {processor.py:183} INFO - Processing /home/airflow/.local/lib/python3.12/site-packages/airflow/example_dags/tutorial_taskflow_api.py took 0.078 seconds
[2026-05-16T12:31:17.790+0000] {processor.py:161} INFO - Started process (PID=94572) to work on /home/airflow/.local/lib/python3.12/site-packages/airflow/example_dags/tutorial_taskflow_api.py
[2026-05-16T12:31:17.792+0000] {processor.py:830} INFO - Processing file /home/airflow/.local/lib/python3.12/site-packages/airflow/example_dags/tutorial_taskflow_api.py for tasks to queue
[2026-05-16T12:31:17.794+0000] {logging_mixin.py:188} INFO - [2026-05-16T12:31:17.793+0000] {dagbag.py:545} INFO - Filling up the DagBag from /home/airflow/.local/lib/python3.12/site-packages/airflow/example_dags/tutorial_taskflow_api.py
[2026-05-16T12:31:17.800+0000] {processor.py:840} INFO - DAG(s) 'tutorial_taskflow_api' retrieved from /home/airflow/.local/lib/python3.12/site-packages/airflow/example_dags/tutorial_taskflow_api.py
[2026-05-16T12:31:17.823+0000] {logging_mixin.py:188} INFO - [2026-05-16T12:31:17.823+0000] {dag.py:3089} INFO - Sync 1 DAGs
[2026-05-16T12:31:17.837+0000] {logging_mixin.py:188} INFO - [2026-05-16T12:31:17.837+0000] {dag.py:3947} INFO - Setting next_dagrun for tutorial_taskflow_api to None, run_after=None
[2026-05-16T12:31:17.868+0000] {processor.py:183} INFO - Processing /home/airflow/.local/lib/python3.12/site-packages/airflow/example_dags/tutorial_taskflow_api.py took 0.084 seconds
[2026-05-16T12:31:47.979+0000] {processor.py:161} INFO - Started process (PID=94647) to work on /home/airflow/.local/lib/python3.12/site-packages/airflow/example_dags/tutorial_taskflow_api.py
[2026-05-16T12:31:47.980+0000] {processor.py:830} INFO - Processing file /home/airflow/.local/lib/python3.12/site-packages/airflow/example_dags/tutorial_taskflow_api.py for tasks to queue
[2026-05-16T12:31:47.983+0000] {logging_mixin.py:188} INFO - [2026-05-16T12:31:47.982+0000] {dagbag.py:545} INFO - Filling up the DagBag from /home/airflow/.local/lib/python3.12/site-packages/airflow/example_dags/tutorial_taskflow_api.py
[2026-05-16T12:31:47.990+0000] {processor.py:840} INFO - DAG(s) 'tutorial_taskflow_api' retrieved from /home/airflow/.local/lib/python3.12/site-packages/airflow/example_dags/tutorial_taskflow_api.py
[2026-05-16T12:31:48.015+0000] {logging_mixin.py:188} INFO - [2026-05-16T12:31:48.014+0000] {dag.py:3089} INFO - Sync 1 DAGs
[2026-05-16T12:31:48.033+0000] {logging_mixin.py:188} INFO - [2026-05-16T12:31:48.032+0000] {dag.py:3947} INFO - Setting next_dagrun for tutorial_taskflow_api to None, run_after=None
[2026-05-16T12:31:48.059+0000] {processor.py:183} INFO - Processing /home/airflow/.local/lib/python3.12/site-packages/airflow/example_dags/tutorial_taskflow_api.py took 0.088 seconds
[2026-05-16T12:32:18.304+0000] {processor.py:161} INFO - Started process (PID=94715) to work on /home/airflow/.local/lib/python3.12/site-packages/airflow/example_dags/tutorial_taskflow_api.py
[2026-05-16T12:32:18.306+0000] {processor.py:830} INFO - Processing file /home/airflow/.local/lib/python3.12/site-packages/airflow/example_dags/tutorial_taskflow_api.py for tasks to queue
[2026-05-16T12:32:18.310+0000] {logging_mixin.py:188} INFO - [2026-05-16T12:32:18.310+0000] {dagbag.py:545} INFO - Filling up the DagBag from /home/airflow/.local/lib/python3.12/site-packages/airflow/example_dags/tutorial_taskflow_api.py
[2026-05-16T12:32:18.321+0000] {processor.py:840} INFO - DAG(s) 'tutorial_taskflow_api' retrieved from /home/airflow/.local/lib/python3.12/site-packages/airflow/example_dags/tutorial_taskflow_api.py
[2026-05-16T12:32:18.355+0000] {logging_mixin.py:188} INFO - [2026-05-16T12:32:18.354+0000] {dag.py:3089} INFO - Sync 1 DAGs
[2026-05-16T12:32:18.376+0000] {logging_mixin.py:188} INFO - [2026-05-16T12:32:18.375+0000] {dag.py:3947} INFO - Setting next_dagrun for tutorial_taskflow_api to None, run_after=None
[2026-05-16T12:32:18.409+0000] {processor.py:183} INFO - Processing /home/airflow/.local/lib/python3.12/site-packages/airflow/example_dags/tutorial_taskflow_api.py took 0.113 seconds
[2026-05-16T12:32:48.854+0000] {processor.py:161} INFO - Started process (PID=94783) to work on /home/airflow/.local/lib/python3.12/site-packages/airflow/example_dags/tutorial_taskflow_api.py
[2026-05-16T12:32:48.855+0000] {processor.py:830} INFO - Processing file /home/airflow/.local/lib/python3.12/site-packages/airflow/example_dags/tutorial_taskflow_api.py for tasks to queue
[2026-05-16T12:32:48.858+0000] {logging_mixin.py:188} INFO - [2026-05-16T12:32:48.857+0000] {dagbag.py:545} INFO - Filling up the DagBag from /home/airflow/.local/lib/python3.12/site-packages/airflow/example_dags/tutorial_taskflow_api.py
[2026-05-16T12:32:48.866+0000] {processor.py:840} INFO - DAG(s) 'tutorial_taskflow_api' retrieved from /home/airflow/.local/lib/python3.12/site-packages/airflow/example_dags/tutorial_taskflow_api.py
[2026-05-16T12:32:48.884+0000] {logging_mixin.py:188} INFO - [2026-05-16T12:32:48.883+0000] {dag.py:3089} INFO - Sync 1 DAGs
[2026-05-16T12:32:48.895+0000] {logging_mixin.py:188} INFO - [2026-05-16T12:32:48.895+0000] {dag.py:3947} INFO - Setting next_dagrun for tutorial_taskflow_api to None, run_after=None
[2026-05-16T12:32:48.915+0000] {processor.py:183} INFO - Processing /home/airflow/.local/lib/python3.12/site-packages/airflow/example_dags/tutorial_taskflow_api.py took 0.066 seconds
